L_support_nm,pzc_support_V,material,x_nm,phi_RP_mV,sigma_uC_per_cm2
15.0,0.9,Au,0.0,-201.45552795800828,-5.367664434827484
15.0,0.9,Au,0.005,-201.45552857581234,-5.3676644039372805
15.0,0.9,Au,0.01,-201.4552316239809,-5.367679251528854
15.0,0.9,Au,0.015,-201.45493561729324,-5.367694051863235
15.0,0.9,Au,0.02,-201.4543425795326,-5.367723703751268
15.0,0.9,Au,0.025,-201.45374961647846,-5.367753351903974
15.0,0.9,Au,0.03,-201.45286069754675,-5.36779779785056
15.0,0.9,Au,0.035,-201.45197040578032,-5.367842312438882
15.0,0.9,Au,0.04,-201.45078576611428,-5.367901544422184
15.0,0.9,Au,0.045,-201.44959773373793,-5.367960946041
15.0,0.9,Au,0.05,-201.44811748846033,-5.3680349583048805
15.0,0.9,Au,0.055,-201.44663126491892,-5.368109269481952
15.0,0.9,Au,0.06,-201.4448554828391,-5.368198058585942
15.0,0.9,Au,0.065,-201.44307057978907,-5.368287303738445
15.0,0.9,Au,0.07,-201.4409992824023,-5.368390868607784
15.0,0.9,Au,0.075,-201.4389151745517,-5.368495074000313
15.0,0.9,Au,0.08,-201.43654833503732,-5.368613415976031
15.0,0.9,Au,0.085,-201.43416446095003,-5.3687326096803965
15.0,0.9,Au,0.09,-201.43150200317353,-5.368865732569221
15.0,0.9,Au,0.095,-201.428817766043,-5.368999944425747
15.0,0.9,Au,0.1,-201.42585956356166,-5.369147854549815
15.0,0.9,Au,0.105,-201.42287433194065,-5.369297116130865
15.0,0.9,Au,0.11,-201.41962020701732,-5.369459822377031
15.0,0.9,Au,0.115,-201.41633331551506,-5.3696241669521445
15.0,0.9,Au,0.12,-201.41278303814133,-5.369801680820831
15.0,0.9,Au,0.125,-201.40919378806797,-5.3699811433245
15.0,0.9,Au,0.13,-201.4053470750045,-5.370173478977673
15.0,0.9,Au,0.135,-201.40145473497407,-5.370368095979194
15.0,0.9,Au,0.14,-201.39731124879995,-5.3705752702879
15.0,0.9,Au,0.145,-201.39311505528553,-5.37078507996362
15.0,0.9,Au,0.15,-201.3886744034697,-5.371007112554412
15.0,0.9,Au,0.155,-201.38417356130168,-5.371232154662814
15.0,0.9,Au,0.16,-201.37943529529312,-5.3714690679632415
15.0,0.9,Au,0.165,-201.3746289781104,-5.3717093838223775
15.0,0.9,Au,0.17,-201.36959259244765,-5.371961203105516
15.0,0.9,Au,0.175,-201.36447994308682,-5.372216835573557
15.0,0.9,Au,0.18,-201.35914487453522,-5.372483589001137
15.0,0.9,Au,0.185,-201.35372500536357,-5.372754582459718
15.0,0.9,Au,0.19,-201.34809063207393,-5.373036301124201
15.0,0.9,Au,0.195,-201.34236262526318,-5.373322701464739
15.0,0.9,Au,0.2,-201.33642826596,-5.3736194194298985
15.0,0.9,Au,0.205,-201.330391173693,-5.373921274043248
15.0,0.9,Au,0.21,-201.324156086892,-5.374233028383298
15.0,0.9,Au,0.215,-201.31780893150855,-5.37455038615247
15.0,0.9,Au,0.22,-201.31127231476248,-5.374877216989773
15.0,0.9,Au,0.225,-201.30461408883588,-5.375210128286104
15.0,0.9,Au,0.23,-201.29777507801205,-5.375552078827295
15.0,0.9,Au,0.235,-201.2908047443609,-5.375900595509851
15.0,0.9,Au,0.24,-201.28366241295214,-5.376257712080291
15.0,0.9,Au,0.245,-201.27637890457655,-5.37662188749907
15.0,0.9,Au,0.25,-201.26893226304534,-5.37699421957563
15.0,0.9,Au,0.255,-201.26133448299615,-5.377374108578089
15.0,0.9,Au,0.26,-201.25358247815328,-5.377761708820233
15.0,0.9,Au,0.265,-201.24566929932845,-5.3781573677614745
15.0,0.9,Au,0.27,-201.23761081374408,-5.378560292040693
15.0,0.9,Au,0.275,-201.22938107860787,-5.378971778797503
15.0,0.9,Au,0.28,-201.22101493006159,-5.379390086224818
15.0,0.9,Au,0.285,-201.21246745029177,-5.379817460213308
15.0,0.9,Au,0.29,-201.20379239125583,-5.380251213165106
15.0,0.9,Au,0.295,-201.1949259473143,-5.380694535362183
15.0,0.9,Au,0.3,-201.18594066447173,-5.3811437995043105
15.0,0.9,Au,0.305,-201.17675400509606,-5.381603132473095
15.0,0.9,Au,0.31,-201.16745711889803,-5.382067976782996
15.0,0.9,Au,0.315,-201.15794896051892,-5.382543384701951
15.0,0.9,Au,0.32,-201.14833902477247,-5.383023881489274
15.0,0.9,Au,0.325,-201.1385080508526,-5.383515430185268
15.0,0.9,Au,0.33,-201.12858355234738,-5.384011655110528
15.0,0.9,Au,0.335,-201.1184284126371,-5.384519412096044
15.0,0.9,Au,0.34,-201.10818777080397,-5.385031444187699
15.0,0.9,Au,0.345,-201.09770708052778,-5.385555478701508
15.0,0.9,Au,0.35,-201.08714864713005,-5.386083400371396
15.0,0.9,Au,0.355,-201.07634098608622,-5.386623783423586
15.0,0.9,Au,0.36,-201.06546304494518,-5.387167680480638
15.0,0.9,Au,0.365,-201.05432695653053,-5.387724484901371
15.0,0.9,Au,0.37,-201.04312772328214,-5.38828444656379
15.0,0.9,Au,0.375,-201.03166171343815,-5.38885774705599
15.0,0.9,Au,0.38,-201.02013933531623,-5.3894338659620855
15.0,0.9,Au,0.385,-201.0083418713963,-5.390023739158082
15.0,0.9,Au,0.39,-200.99649442704825,-5.3906161113754845
15.0,0.9,Au,0.395,-200.9843639366093,-5.391222635897433
15.0,0.9,Au,0.4,-200.97218943593356,-5.391831360931219
15.0,0.9,Au,0.405,-200.95972430545024,-5.392454617455386
15.0,0.9,Au,0.41,-200.94722068946092,-5.393079798254852
15.0,0.9,Au,0.415,-200.93441926296157,-5.393719869579819
15.0,0.9,Au,0.42,-200.92158440367547,-5.394361612544124
15.0,0.9,Au,0.425,-200.9084449813057,-5.395018583662613
15.0,0.9,Au,0.43,-200.8952766816471,-5.395676998645543
15.0,0.9,Au,0.435,-200.88179751815946,-5.396350956819925
15.0,0.9,Au,0.44,-200.86829351188084,-5.397026157133855
15.0,0.9,Au,0.445,-200.85447281504938,-5.397717191975429
15.0,0.9,Au,0.45,-200.8406307666731,-5.398409294394243
15.0,0.9,Au,0.455,-200.82646669563604,-5.399117497946096
15.0,0.9,Au,0.46,-200.81228420039977,-5.399826622707909
15.0,0.9,Au,0.465,-200.79777486393434,-5.400552089531181
15.0,0.9,Au,0.47,-200.78324944775062,-5.401278360340367
15.0,0.9,Au,0.475,-200.76839290247742,-5.402021187604027
15.0,0.9,Au,0.48,-200.75352202189498,-5.402764731633149
15.0,0.9,Au,0.485,-200.73831627041318,-5.403525019207238
15.0,0.9,Au,0.49,-200.72309731258133,-5.40428596709883
15.0,0.9,Au,0.495,-200.70754030154367,-5.405063817650714
15.0,0.9,Au,0.5,-200.69197058417544,-5.405842303519126
15.0,0.9,Au,0.505,-200.67606020229263,-5.406637822613265
15.0,0.9,Au,0.51,-200.66013697362277,-5.407433984046758
15.0,0.9,Au,0.515,-200.64387104960787,-5.408247280247504
15.0,0.9,Au,0.52,-200.62759148833905,-5.4090612583109445
15.0,0.9,Au,0.525,-200.61096778879525,-5.409892443288135
15.0,0.9,Au,0.53,-200.5943290040326,-5.410724382526268
15.0,0.9,Au,0.535,-200.57734523127738,-5.411573571164029
15.0,0.9,Au,0.54,-200.5603442624471,-5.412423619605542
15.0,0.9,Au,0.545,-200.5429980522809,-5.4132909301138525
15.0,0.9,Au,0.55,-200.52563186902242,-5.414159239276777
15.0,0.9,Au,0.555,-200.50792078844606,-5.4150447933055945
15.0,0.9,Au,0.56,-200.49018629048305,-5.415931518203745
15.0,0.9,Au,0.565,-200.4721078353579,-5.4168354409600035
15.0,0.9,Au,0.57,-200.45400185233348,-5.417740740111224
15.0,0.9,Au,0.575,-200.43555344499597,-5.418663160478099
15.0,0.9,Au,0.58,-200.41707273627333,-5.419587195914231
15.0,0.9,Au,0.585,-200.3982517230972,-5.420528246573038
15.0,0.9,Au,0.59,-200.37939297752519,-5.421471183851638
15.0,0.9,Au,0.595,-200.36019662643625,-5.422431001406085
15.0,0.9,Au,0.6,-200.34095646206052,-5.4233930096248715
15.0,0.9,Au,0.605,-200.3213819600133,-5.424371734727232
15.0,0.9,Au,0.61,-200.30175692374172,-5.425352986540812
15.0,0.9,Au,0.615,-200.28180137414626,-5.426350764020585
15.0,0.9,Au,0.62,-200.26178794136231,-5.427351435659782
15.0,0.9,Au,0.625,-200.24144836147332,-5.428368414654232
15.0,0.9,Au,0.63,-200.22104293557936,-5.42938868594893
15.0,0.9,Au,0.635,-200.20031625384854,-5.430425020035471
15.0,0.9,Au,0.64,-200.17951516575124,-5.431465074440335
15.0,0.9,Au,0.645,-200.15839821913767,-5.432520921771014
15.0,0.9,Au,0.65,-200.13719772665925,-5.433580946394935
15.0,0.9,Au,0.655,-200.11568725790764,-5.434656469832516
15.0,0.9,Au,0.66,-200.0940835451179,-5.435736655472002
15.0,0.9,Au,0.665,-200.07217620000412,-5.436832022727692
15.0,0.9,Au,0.67,-200.05016537647214,-5.43793256390429
15.0,0.9,Au,0.675,-200.02785770101227,-5.439047947677284
15.0,0.9,Au,0.68,-200.0054358009712,-5.4401690426793365
15.0,0.9,Au,0.685,-199.98272423860058,-5.441304620797868
15.0,0.9,Au,0.69,-199.9598872200159,-5.442446471727102
15.0,0.9,Au,0.695,-199.93676810874098,-5.443602427290848
15.0,0.9,Au,0.7,-199.91351185228197,-5.4447652401137985
15.0,0.9,Au,0.705,-199.8899814217988,-5.445941761637957
15.0,0.9,Au,0.71,-199.86630172970172,-5.447125746242812
15.0,0.9,Au,0.715,-199.84235609849003,-5.448323027803396
15.0,0.9,Au,0.72,-199.8182486933165,-5.449528398062073
15.0,0.9,Au,0.725,-199.79388386570105,-5.450746639442845
15.0,0.9,Au,0.73,-199.76934438897072,-5.451973613279361
15.0,0.9,Au,0.735,-199.74455625216214,-5.45321302011979
15.0,0.9,Au,0.74,-199.71958026287228,-5.454461819584283
15.0,0.9,Au,0.745,-199.69436458397215,-5.455722603529291
15.0,0.9,Au,0.75,-199.6689475569844,-5.456993454878678
15.0,0.9,Au,0.755,-199.6432999799692,-5.458275833729437
15.0,0.9,Au,0.76,-199.61743730426178,-5.459568967514808
15.0,0.9,Au,0.765,-199.5913533469376,-5.460873165381017
15.0,0.9,Au,0.77,-199.56504032371876,-5.462188816541959
15.0,0.9,Au,0.775,-199.53851537464524,-5.463515063995636
15.0,0.9,Au,0.78,-199.51174721532166,-5.464853471961814
15.0,0.9,Au,0.785,-199.48477653070822,-5.466202006192486
15.0,0.9,Au,0.79,-199.4575483547003,-5.467563414992884
15.0,0.9,Au,0.795,-199.43012705527195,-5.468934479964299
15.0,0.9,Au,0.8,-199.40243388767087,-5.470319138344354
15.0,0.9,Au,0.805,-199.37455695549727,-5.471712984953034
15.0,0.9,Au,0.81,-199.34639372456272,-5.473121146499762
15.0,0.9,Au,0.815,-199.31805599985992,-5.474538032734902
15.0,0.9,Au,0.82,-199.28941753433946,-5.475969956010925
15.0,0.9,Au,0.825,-199.2606137122269,-5.477410147116553
15.0,0.9,Au,0.83,-199.2314947385101,-5.478866095802393
15.0,0.9,Au,0.835,-199.20221936573276,-5.480329864441259
15.0,0.9,Au,0.84,-199.17261450481524,-5.481810107487135
15.0,0.9,Au,0.845,-199.14286197641965,-5.483297733906915
15.0,0.9,Au,0.85,-199.11276574068447,-5.484802545693674
15.0,0.9,Au,0.855,-199.0825302966502,-5.486314317895388
15.0,0.9,Au,0.86,-199.05193708645092,-5.487843978405352
15.0,0.9,Au,0.865,-199.02121280826927,-5.489380192314434
15.0,0.9,Au,0.87,-198.99011690831705,-5.490934987312045
15.0,0.9,Au,0.875,-198.9588977155165,-5.492495946952072
15.0,0.9,Au,0.88,-198.9272932910564,-5.494076168175077
15.0,0.9,Au,0.885,-198.8955729376617,-5.495662185844812
15.0,0.9,Au,0.89,-198.86345403043998,-5.497268131205899
15.0,0.9,Au,0.895,-198.83122610137286,-5.498879527659255
15.0,0.9,Au,0.9,-198.79858662538234,-5.500511501458781
15.0,0.9,Au,0.905,-198.76584453278312,-5.502148606088742
15.0,0.9,Au,0.91,-198.73267826978133,-5.503806919238831
15.0,0.9,Au,0.915,-198.69941524925198,-5.5054700702652974
15.0,0.9,Au,0.92,-198.66571584405216,-5.50715504052529
15.0,0.9,Au,0.925,-198.63192495081515,-5.50884458518714
15.0,0.9,Au,0.93,-198.59768590632834,-5.51055653741148
15.0,0.9,Au,0.935,-198.56336001129017,-5.51227283216339
15.0,0.9,Au,0.94,-198.52857468332837,-5.514012098561478
15.0,0.9,Au,0.945,-198.49370646903535,-5.515755509276129
15.0,0.9,Au,0.95,-198.45836806085782,-5.517522429685007
15.0,0.9,Au,0.955,-198.4229500173427,-5.519293331860761
15.0,0.9,Au,0.96,-198.38705157393935,-5.52108825403093
15.0,0.9,Au,0.965,-198.35107599444336,-5.5228870330057305
15.0,0.9,Au,0.97,-198.31461039655062,-5.524710312900366
15.0,0.9,Au,0.975,-198.27806937311345,-5.526537364072224
15.0,0.9,Au,0.98,-198.24102933094863,-5.528389366180465
15.0,0.9,Au,0.985,-198.2039147498497,-5.530245095235413
15.0,0.9,Au,0.99,-198.16629279656524,-5.532126192899635
15.0,0.9,Au,0.995,-198.1285963336088,-5.534011016047456
15.0,0.9,Au,1.0,-198.0903848184443,-5.535921591805682
15.0,0.9,Au,1.005,-198.05209793407406,-5.537835936024195
15.0,0.9,Au,1.01,-198.01328901521043,-5.539776381967377
15.0,0.9,Au,1.015,-197.97440294943468,-5.5417206852561645
15.0,0.9,Au,1.02,-197.93498858652887,-5.5436914034014535
15.0,0.9,Au,1.025,-197.89549435365078,-5.545666115045359
15.0,0.9,Au,1.03,-197.85546630004978,-5.547667517725408
15.0,0.9,Au,1.035,-197.81535468317693,-5.549673098569051
15.0,0.9,Au,1.04,-197.77470447779294,-5.55170560883825
15.0,0.9,Au,1.045,-197.73396602311257,-5.553742531572269
15.0,0.9,Au,1.05,-197.69268498195157,-5.555806583630318
15.0,0.9,Au,1.055,-197.65130999275854,-5.557875333089971
15.0,0.9,Au,1.06,-197.60938920009218,-5.559971372723288
15.0,0.9,Au,1.065,-197.56736773053794,-5.562072446201001
15.0,0.9,Au,1.07,-197.52479802969785,-5.564200931243005
15.0,0.9,Au,1.075,-197.48211987825647,-5.566334838815074
15.0,0.9,Au,1.08,-197.4388918620448,-5.568496239625658
15.0,0.9,Au,1.085,-197.39554656465555,-5.57066350449512
15.0,0.9,Au,1.09,-197.35165056535274,-5.57285830446026
15.0,0.9,Au,1.095,-197.30762738823313,-5.575059463316241
15.0,0.9,Au,1.1,-197.26305346718652,-5.577288159368571
15.0,0.9,Au,1.105,-197.21834139927984,-5.579523762763905
15.0,0.9,Au,1.11,-197.17307933605574,-5.58178686592511
15.0,0.9,Au,1.115,-197.1276670810928,-5.584057478673257
15.0,0.9,Au,1.12,-197.08170636217582,-5.586355514619107
15.0,0.9,Au,1.125,-197.03558233031805,-5.588661716211996
15.0,0.9,Au,1.13,-196.98891213733575,-5.590995225861111
15.0,0.9,Au,1.135,-196.9420644363767,-5.593337610909062
15.0,0.9,Au,1.14,-196.8946736338235,-5.595707151036724
15.0,0.9,Au,1.145,-196.84709005990993,-5.598086329732401
15.0,0.9,Au,1.15,-196.79896718235722,-5.600492473610037
15.0,0.9,Au,1.155,-196.7506352102044,-5.602909072217678
15.0,0.9,Au,1.16,-196.70176844895948,-5.605352410279924
15.0,0.9,Au,1.165,-196.6526752215174,-5.6078070716520285
15.0,0.9,Au,1.17,-196.60305241071148,-5.610288212192323
15.0,0.9,Au,1.175,-196.5531847282495,-5.612781596315422
15.0,0.9,Au,1.18,-196.50279333032282,-5.615301166211757
15.0,0.9,Au,1.185,-196.45213763889203,-5.617833950783297
15.0,0.9,Au,1.19,-196.40096472944276,-5.620392596255759
15.0,0.9,Au,1.195,-196.3495071086676,-5.6229654772945175
15.0,0.9,Au,1.2,-196.29753936063125,-5.6255638646963355
15.0,0.9,Au,1.205,-196.24526551079686,-5.628177557188055
15.0,0.9,Au,1.21,-196.19248917791273,-5.6308163738322605
15.0,0.9,Au,1.215,-196.13938440628397,-5.6334716124136985
15.0,0.9,Au,1.22,-196.08578530581948,-5.636151567436923
15.0,0.9,Au,1.225,-196.03183451215062,-5.638849107120366
15.0,0.9,Au,1.23,-195.9773980068241,-5.641570932386693
15.0,0.9,Au,1.235,-195.92258566799828,-5.644311549327983
15.0,0.9,Au,1.24,-195.86729664706024,-5.647076000374886
15.0,0.9,Au,1.245,-195.81160680080194,-5.6498604926878
15.0,0.9,Au,1.25,-195.75544966021795,-5.652668349717
15.0,0.9,Au,1.255,-195.698865887812,-5.655497538337298
15.0,0.9,Au,1.26,-195.64182450949352,-5.658349607253221
15.0,0.9,Au,1.265,-195.58432991744172,-5.661224336855811
15.0,0.9,Au,1.27,-195.52638764745495,-5.66412145035515
15.0,0.9,Au,1.275,-195.46796484799887,-5.667042590327955
15.0,0.9,Au,1.28,-195.40910447368927,-5.669985609043435
15.0,0.9,Au,1.285,-195.34973556411526,-5.672954054522135
15.0,0.9,Au,1.29,-195.2899392900711,-5.675943868224342
15.0,0.9,Au,1.295,-195.22960583071696,-5.678960541192049
15.0,0.9,Au,1.3,-195.16885525348613,-5.6819980700535915
15.0,0.9,Au,1.305,-195.10753824435326,-5.685063920510235
15.0,0.9,Au,1.31,-195.0458143258276,-5.688150116436518
15.0,0.9,Au,1.315,-194.98349418169815,-5.691266123642991
15.0,0.9,Au,1.32,-194.92077722107055,-5.69440197167437
15.0,0.9,Au,1.325,-194.85743374502377,-5.6975691454767095
15.0,0.9,Au,1.33,-194.7937033492002,-5.700755665267887
15.0,0.9,Au,1.335,-194.72931570441054,-5.70397504750737
15.0,0.9,Au,1.34,-194.66455075677393,-5.7072132948892005
15.0,0.9,Au,1.345,-194.59909743645707,-5.710485960905045
15.0,0.9,Au,1.35,-194.53327606384482,-5.713777029535656
15.0,0.9,Au,1.355,-194.4667348592228,-5.7171040897667575
15.0,0.9,Au,1.36,-194.3998343969791,-5.720449112878943
15.0,0.9,Au,1.365,-194.33218236310427,-5.723831714572684
15.0,0.9,Au,1.37,-194.2641793180563,-5.727231866825082
15.0,0.9,Au,1.375,-194.19539273733693,-5.730671195861051
15.0,0.9,Au,1.38,-194.1262627485199,-5.734127695301902
15.0,0.9,Au,1.385,-194.0563170917589,-5.7376249781399515
15.0,0.9,Au,1.39,-193.98603488870887,-5.741139088292453
15.0,0.9,Au,1.395,-193.91490477346682,-5.744695594054557
15.0,0.9,Au,1.4,-193.84344413186957,-5.7482686261344185
15.0,0.9,Au,1.405,-193.77110327792727,-5.751885668831534
15.0,0.9,Au,1.41,-193.69843697240225,-5.755518984107785
15.0,0.9,Au,1.415,-193.6248581540929,-5.759197925023253
15.0,0.9,Au,1.42,-193.55095790785367,-5.762892937335214
15.0,0.9,Au,1.425,-193.47611290299733,-5.766635187578031
15.0,0.9,Au,1.43,-193.4009493341224,-5.770393366021777
15.0,0.9,Au,1.435,-193.3248088692761,-5.774200389264092
15.0,0.9,Au,1.44,-193.2483514332715,-5.778023261064323
15.0,0.9,Au,1.445,-193.1708851249756,-5.7818965764791175
15.0,0.9,Au,1.45,-193.09310205329743,-5.785785730063026
15.0,0.9,Au,1.455,-193.01427834496747,-5.789726915479525
15.0,0.9,Au,1.46,-192.93513657912408,-5.793684003771693
15.0,0.9,Au,1.465,-192.85492267319063,-5.797694699068366
15.0,0.9,Au,1.47,-192.77438779400077,-5.8017214430278585
15.0,0.9,Au,1.475,-192.6927495788718,-5.805803353784307
15.0,0.9,Au,1.48,-192.61078573041334,-5.8099015462072305
15.0,0.9,Au,1.485,-192.5276877017659,-5.814056447639603
15.0,0.9,Au,1.49,-192.4442575094912,-5.818227957253337
15.0,0.9,Au,1.495,-192.35966268535486,-5.822457698460154
15.0,0.9,Au,1.5,-192.27472716778772,-5.826704474338512
15.0,0.9,Au,1.505,-192.18859699681627,-5.831010982887083
15.0,0.9,Au,1.51,-192.10211547017084,-5.835335059219355
15.0,0.9,Au,1.515,-192.0144097324242,-5.839720346106687
15.0,0.9,Au,1.52,-191.9263397074106,-5.844123847357367
15.0,0.9,Au,1.525,-191.83701640688278,-5.848590012383759
15.0,0.9,Au,1.53,-191.7473134768734,-5.853075158884229
15.0,0.9,Au,1.535,-191.65632872491065,-5.8576243964823655
15.0,0.9,Au,1.54,-191.56494644451976,-5.862193510501909
15.0,0.9,Au,1.545,-191.47225433316262,-5.866828116069767
15.0,0.9,Au,1.55,-191.37914408618983,-5.871483628418406
15.0,0.9,Au,1.555,-191.28469655033638,-5.876206005211078
15.0,0.9,Au,1.56,-191.189807405868,-5.880950462434498
15.0,0.9,Au,1.565,-191.09355407302306,-5.885763129076745
15.0,0.9,Au,1.57,-190.99683262832016,-5.89059920131189
15.0,0.9,Au,1.575,-190.8987206545031,-5.895504800002742
15.0,0.9,Au,1.58,-190.80011086312905,-5.900435289571444
15.0,0.9,Au,1.585,-190.70008475333645,-5.905436595061076
15.0,0.9,Au,1.59,-190.59952773672816,-5.910464445891489
15.0,0.9,Au,1.595,-190.49752914808744,-5.915564375323526
15.0,0.9,Au,1.6,-190.3949629885342,-5.920692683301187
15.0,0.9,Au,1.605,-190.2909305140352,-5.925894307026137
15.0,0.9,Au,1.61,-190.18629002671005,-5.931126331392394
15.0,0.9,Au,1.615,-190.080158957055,-5.936432884875146
15.0,0.9,Au,1.62,-189.97337543838194,-5.9417720608088
15.0,0.9,Au,1.625,-189.86507749912977,-5.947186957771409
15.0,0.9,Au,1.63,-189.7560784483343,-5.952636910311182
15.0,0.9,Au,1.635,-189.6455415090442,-5.958163757275687
15.0,0.9,Au,1.64,-189.5342503192305,-5.963728316766373
15.0,0.9,Au,1.645,-189.4213980707885,-5.9693709291884725
15.0,0.9,Au,1.65,-189.30773368526044,-5.975054148464876
15.0,0.9,Au,1.655,-189.1924852809009,-5.980816568682852
15.0,0.9,Au,1.66,-189.07636180971576,-5.986622742242109
15.0,0.9,Au,1.665,-188.95863146448562,-5.992509259503616
15.0,0.9,Au,1.67,-188.83995775532864,-5.998442944961465
15.0,0.9,Au,1.675,-188.71965429779397,-6.004458117838199
15.0,0.9,Au,1.68,-188.59833345418716,-6.010524160018539
15.0,0.9,Au,1.685,-188.47535982302253,-6.016672841576772
15.0,0.9,Au,1.69,-188.35128866155915,-6.02287639964994
15.0,0.9,Au,1.695,-188.225541338275,-6.029163765814147
15.0,0.9,Au,1.7,-188.09860977493685,-6.035510343981056
15.0,0.9,Au,1.705,-187.9699781422494,-6.041941925615428
15.0,0.9,Au,1.71,-187.84006849588073,-6.048437407933862
15.0,0.9,Au,1.715,-187.7084341091095,-6.0550191272724225
15.0,0.9,Au,1.72,-187.57542030760428,-6.061669817347684
15.0,0.9,Au,1.725,-187.44065606379675,-6.06840802953806
15.0,0.9,Au,1.73,-187.30440273544662,-6.075220695955568
15.0,0.9,Au,1.735,-187.16637192159567,-6.0821222366481145
15.0,0.9,Au,1.74,-187.02673335009885,-6.089104165222955
15.0,0.9,Au,1.745,-186.8852885475659,-6.096176405349603
15.0,0.9,Au,1.75,-186.74210746417106,-6.103335459519345
15.0,0.9,Au,1.755,-186.5970892810324,-6.1105863686762785
15.0,0.9,Au,1.76,-186.45019546085936,-6.1179310596849295
15.0,0.9,Au,1.765,-186.30143105692602,-6.125369279881597
15.0,0.9,Au,1.77,-186.1506396781509,-6.132908848820352
15.0,0.9,Au,1.775,-185.99794103836612,-6.140543780809591
15.0,0.9,Au,1.78,-185.84305075203335,-6.148288295126229
15.0,0.9,Au,1.785,-185.68621265208657,-6.156130200123569
15.0,0.9,Au,1.79,-185.52700329586216,-6.164090667934789
15.0,0.9,Au,1.795,-185.3658008880803,-6.172150788323884
15.0,0.9,Au,1.8,-185.2020307579023,-6.180339294832783
15.0,0.9,Au,1.805,-185.03621668429275,-6.188629998513259
15.0,0.9,Au,1.81,-184.86761925164166,-6.197059870145814
15.0,0.9,Au,1.815,-184.69692016212977,-6.205594824621409
15.0,0.9,Au,1.82,-184.52320008855,-6.214280828300398
15.0,0.9,Au,1.825,-184.34731240257386,-6.223075212599204
15.0,0.9,Au,1.83,-184.16814065268184,-6.232033800093806
15.0,0.9,Au,1.835,-183.98672534639553,-6.24110456540812
15.0,0.9,Au,1.84,-183.8017331290256,-6.250354176276618
15.0,0.9,Au,1.845,-183.61440925045343,-6.259720370205225
15.0,0.9,Au,1.85,-183.4231804139711,-6.269281812029343
15.0,0.9,Au,1.855,-183.22951691209897,-6.27896498712295
15.0,0.9,Au,1.86,-183.03157826673325,-6.288861919391235
15.0,0.9,Au,1.865,-182.8310835473427,-6.2988866553607625
15.0,0.9,Au,1.87,-182.62589235558127,-6.309146214948834
15.0,0.9,Au,1.875,-182.41800071244828,-6.319540797105485
15.0,0.9,Au,1.88,-182.20492822823832,-6.330194421315982
15.0,0.9,Au,1.885,-181.9889818840873,-6.340991738523533
15.0,0.9,Au,1.89,-181.76729124430585,-6.352076270512605
15.0,0.9,Au,1.895,-181.5425160653239,-6.3633150294617025
15.0,0.9,Au,1.9,-181.3113318791596,-6.374874238769918
15.0,0.9,Au,1.905,-181.0768037009201,-6.386600647681892
15.0,0.9,Au,1.91,-180.83506902750293,-6.398687381352751
15.0,0.9,Au,1.915,-180.5896655564998,-6.410957554902907
15.0,0.9,Au,1.92,-180.3360789595117,-6.423636884752312
15.0,0.9,Au,1.925,-180.078408574281,-6.436520404013847
15.0,0.9,Au,1.93,-179.8113281759073,-6.449874423932532
15.0,0.9,Au,1.935,-179.53961981067522,-6.463459842194136
15.0,0.9,Au,1.94,-179.25690937760615,-6.477595363847589
15.0,0.9,Au,1.945,-178.96883255242108,-6.491999205106843
15.0,0.9,Au,1.95,-178.6675978495762,-6.5070609402490875
15.0,0.9,Au,1.955,-178.3599466302504,-6.522443501215378
15.0,0.9,Au,1.96,-178.03604245603825,-6.538638709925985
15.0,0.9,Au,1.965,-177.70412342088264,-6.555234661683766
15.0,0.9,Au,1.97,-177.35111052052028,-6.572885306701884
15.0,0.9,Au,1.975,-176.98737576745415,-6.591072044355189
15.0,0.9,Au,1.98,-176.5938512917369,-6.610748268141052
15.0,0.9,Au,1.985,-176.1840401154544,-6.631238826955179
15.0,0.9,Au,1.99,-175.72401422443227,-6.654240121506285
15.0,0.9,Au,1.995,-175.22895382331666,-6.6789931415620645
15.0,0.9,Au,2.0,-174.56604157789423,-6.712138753833186
15.0,0.9,C,2.0,-174.56604157789423,-2.084855501533274
15.0,0.9,C,2.009993337775,-173.40349213890914,-2.1081064903129754
15.0,0.9,C,2.01998667555,-172.52292063688003,-2.125717920353558
15.0,0.9,C,2.029980013324,-171.75089379398253,-2.1411584572115077
15.0,0.9,C,2.039973351099,-171.0480595494611,-2.1552151421019365
15.0,0.9,C,2.049966688874,-170.39602155961387,-2.1682559018988816
15.0,0.9,C,2.059960026649,-169.7840356304582,-2.1804956204819947
15.0,0.9,C,2.069953364424,-169.20504249388034,-2.1920754832135514
15.0,0.9,C,2.079946702199,-168.6540467630329,-2.2030953978305003
15.0,0.9,C,2.089940039973,-168.12732708180684,-2.213629791455022
15.0,0.9,C,2.099933377748,-167.62200427727933,-2.223736247545572
15.0,0.9,C,2.109926715523,-167.1357850388738,-2.2334606323136827
15.0,0.9,C,2.119920053298,-166.6668000742756,-2.242840331605646
15.0,0.9,C,2.129913391073,-166.21349685250755,-2.2519063960410075
15.0,0.9,C,2.139906728847,-165.7745656974513,-2.2606850191421324
15.0,0.9,C,2.149900066622,-165.348887199999,-2.2691985890911783
15.0,0.9,C,2.159893404397,-164.93549377860532,-2.2774664575190524
15.0,0.9,C,2.169886742172,-164.5335409294817,-2.285505514501525
15.0,0.9,C,2.179880079947,-164.1422852952593,-2.293330627185972
15.0,0.9,C,2.189873417722,-163.76106764435735,-2.3009549802040117
15.0,0.9,C,2.199866755496,-163.38929946009657,-2.3083903438892275
15.0,0.9,C,2.209860093271,-163.02645223111026,-2.3156472884689534
15.0,0.9,C,2.219853431046,-162.6720487964225,-2.3227353571627085
15.0,0.9,C,2.229846768821,-162.32565627477754,-2.3296632075956074
15.0,0.9,C,2.239840106596,-161.98688023229317,-2.3364387284452945
15.0,0.9,C,2.24983344437,-161.65535982884353,-2.343069136514288
15.0,0.9,C,2.259826782145,-161.33076374616425,-2.349561058167873
15.0,0.9,C,2.26982011992,-161.01278674700364,-2.355920598151086
15.0,0.9,C,2.279813457695,-160.701146747205,-2.3621533981470586
15.0,0.9,C,2.28980679547,-160.39558230908713,-2.368264686909416
15.0,0.9,C,2.299800133245,-160.09585048292072,-2.374259323432744
15.0,0.9,C,2.309793471019,-159.801724938229,-2.3801418343265786
15.0,0.9,C,2.319786808794,-159.51299433775543,-2.3859164463360503
15.0,0.9,C,2.329780146569,-159.2294609163952,-2.391587114763255
15.0,0.9,C,2.339773484344,-158.95093923332027,-2.397157548424753
15.0,0.9,C,2.349766822119,-158.67725507210503,-2.4026312316490577
15.0,0.9,C,2.359760159893,-158.40824446745322,-2.4080114437420943
15.0,0.9,C,2.369753497668,-158.1437528407326,-2.4133012762765067
15.0,0.9,C,2.379746835443,-157.88363422990153,-2.418503648493128
15.0,0.9,C,2.389740173218,-157.6277506008556,-2.4236213210740467
15.0,0.9,C,2.399733510993,-157.37597123005492,-2.42865690849006
15.0,0.9,C,2.409726848767,-157.1281721493618,-2.4336128901039222
15.0,0.9,C,2.419720186542,-156.8842356453377,-2.4384916201844047
15.0,0.9,C,2.429713524317,-156.64404980682932,-2.4432953369545722
15.0,0.9,C,2.439706862092,-156.40750811474538,-2.448026170796251
15.0,0.9,C,2.449700199867,-156.17450906953272,-2.452686151700504
15.0,0.9,C,2.459693537642,-155.94495585200957,-2.4572772160509673
15.0,0.9,C,2.469686875416,-155.71875601395806,-2.4618012128119977
15.0,0.9,C,2.479680213191,-155.49582119515412,-2.466259909188076
15.0,0.9,C,2.489673550966,-155.2760668643935,-2.470654995803289
15.0,0.9,C,2.499666888741,-155.05941208162122,-2.474988091458734
15.0,0.9,C,2.509660226516,-154.84577927935987,-2.479260747503961
15.0,0.9,C,2.51965356429,-154.63509406142958,-2.483474451862567
15.0,0.9,C,2.529646902065,-154.42728501718457,-2.487630632747467
15.0,0.9,C,2.53964023984,-154.2222835500953,-2.4917306620892523
15.0,0.9,C,2.549633577615,-154.02002371894065,-2.4957758587123458
15.0,0.9,C,2.55962691539,-153.8204420907582,-2.4997674912759944
15.0,0.9,C,2.569620253165,-153.62347760436936,-2.503706781003771
15.0,0.9,C,2.579613590939,-153.4290714435935,-2.507594904219289
15.0,0.9,C,2.589606928714,-153.23716691919242,-2.51143299470731
15.0,0.9,C,2.599600266489,-153.0477093590788,-2.5152221459095827
15.0,0.9,C,2.609593604264,-152.86064600573727,-2.5189634129764134
15.0,0.9,C,2.619586942039,-152.675925920518,-2.522657814680798
15.0,0.9,C,2.629580279813,-152.4934998941745,-2.5263063352076682
15.0,0.9,C,2.639573617588,-152.31332036304332,-2.5299099258302924
15.0,0.9,C,2.649566955363,-152.1353413306936,-2.533469506477287
15.0,0.9,C,2.659560293138,-151.95951829427023,-2.5369859672057538
15.0,0.9,C,2.669553630913,-151.7858081754374,-2.5404601695824107
15.0,0.9,C,2.679546968688,-151.6141692554632,-2.543892947981895
15.0,0.9,C,2.689540306462,-151.44456111418643,-2.5472851108074304
15.0,0.9,C,2.699533644237,-151.27694457246858,-2.550637441641787
15.0,0.9,C,2.709526982012,-151.11128163813822,-2.5539507003283943
15.0,0.9,C,2.719520319787,-150.94753545485028,-2.5572256239941527
15.0,0.9,C,2.729513657562,-150.78567025389015,-2.5604629280133557
15.0,0.9,C,2.739506995336,-150.6256513086574,-2.5636633069180106
15.0,0.9,C,2.749500333111,-150.46744489154818,-2.5668274352601954
15.0,0.9,C,2.759493670886,-150.3110182333224,-2.569955968424711
15.0,0.9,C,2.769487008661,-150.15633948448018,-2.573049543401555
15.0,0.9,C,2.779480346436,-150.00337767873552,-2.5761087795164483
15.0,0.9,C,2.789473684211,-149.8521026983762,-2.5791342791236347
15.0,0.9,C,2.799467021985,-149.7024852414054,-2.58212662826305
15.0,0.9,C,2.80946035976,-149.55449679027348,-2.5850863972856892
15.0,0.9,C,2.819453697535,-149.40810958231697,-2.5880141414448192
15.0,0.9,C,2.82944703531,-149.26329658150772,-2.590910401461004
15.0,0.9,C,2.839440373085,-149.12003145165053,-2.5937757040581477
15.0,0.9,C,2.849433710859,-148.97828853087327,-2.596610562473693
15.0,0.9,C,2.859427048634,-148.83804280725602,-2.5994154769460383
15.0,0.9,C,2.869420386409,-148.69926989574776,-2.6021909351762034
15.0,0.9,C,2.879413724184,-148.56194601601496,-2.6049374127708593
15.0,0.9,C,2.889407061959,-148.42604797137938,-2.6076553736635715
15.0,0.9,C,2.899400399734,-148.29155312869548,-2.6103452705172487
15.0,0.9,C,2.909393737508,-148.1584393991445,-2.613007545108269
15.0,0.9,C,2.919387075283,-148.02668521981568,-2.615642628694845
15.0,0.9,C,2.929380413058,-147.89626953623124,-2.6182509423665334
15.0,0.9,C,2.939373750833,-147.76717178549308,-2.620832897381297
15.0,0.9,C,2.949367088608,-147.63937188022194,-2.6233888954867197
15.0,0.9,C,2.959360426382,-147.51285019318078,-2.625919329227543
15.0,0.9,C,2.969353764157,-147.3875875424778,-2.6284245822416024
15.0,0.9,C,2.979347101932,-147.26356517751393,-2.63090502954088
15.0,0.9,C,2.989340439707,-147.14076476538037,-2.633361037783551
15.0,0.9,C,2.999333777482,-147.01916837787857,-2.635792965533587
15.0,0.9,C,3.009327115256,-146.89875847905793,-2.6382011635100002
15.0,0.9,C,3.019320453031,-146.77951791319404,-2.6405859748272777
15.0,0.9,C,3.029313790806,-146.66142989336174,-2.642947735223924
15.0,0.9,C,3.039307128581,-146.5444779903351,-2.645286773284457
15.0,0.9,C,3.049300466356,-146.42864612198036,-2.6476034106515516
15.0,0.9,C,3.059293804131,-146.31391854303982,-2.6498979622303622
15.0,0.9,C,3.069287141905,-146.20027983531958,-2.652170736384767
15.0,0.9,C,3.07928047968,-146.08771489818815,-2.654422035127396
15.0,0.9,C,3.089273817455,-145.9762089395438,-2.6566521543002826
15.0,0.9,C,3.09926715523,-145.86574746700254,-2.6588613837511077
15.0,0.9,C,3.109260493005,-145.75631627946734,-2.661050007501812
15.0,0.9,C,3.119253830779,-145.64790145899772,-2.663218303911204
15.0,0.9,C,3.129247168554,-145.54048936292614,-2.665366545832636
15.0,0.9,C,3.139240506329,-145.43406661635603,-2.667495000764038
15.0,0.9,C,3.149233844104,-145.3286201048218,-2.669603930994723
15.0,0.9,C,3.159227181879,-145.22413696725988,-2.6716935937459607
15.0,0.9,C,3.169220519654,-145.12060458921036,-2.6737642413069516
15.0,0.9,C,3.179213857428,-145.01801059626678,-2.675816121165823
15.0,0.9,C,3.189207195203,-144.9163428476981,-2.6778494761371965
15.0,0.9,C,3.199200532978,-144.81558943038664,-2.6798645444834257
15.0,0.9,C,3.209193870753,-144.7157386528718,-2.681861560033723
15.0,0.9,C,3.219187208528,-144.61677903964178,-2.6838407522983228
15.0,0.9,C,3.229180546302,-144.51869932561485,-2.685802346578862
15.0,0.9,C,3.239173884077,-144.4214884507508,-2.687746564076143
15.0,0.9,C,3.249167221852,-144.3251355549384,-2.6896736219923905
15.0,0.9,C,3.259160559627,-144.2296299729512,-2.6915837336321347
15.0,0.9,C,3.269153897402,-144.13496122961422,-2.693477108498874
15.0,0.9,C,3.279147235177,-144.0411190351125,-2.6953539523889085
15.0,0.9,C,3.289140572951,-143.94809328046256,-2.697214467481907
15.0,0.9,C,3.299133910726,-143.855874033074,-2.6990588524296784
15.0,0.9,C,3.309127248501,-143.76445153254966,-2.700887302440165
15.0,0.9,C,3.319120586276,-143.67381618651817,-2.702700009360795
15.0,0.9,C,3.329113924051,-143.583958566644,-2.7044971617582787
15.0,0.9,C,3.339107261825,-143.49486940475964,-2.7062789449959657
15.0,0.9,C,3.3491005996,-143.40653958906935,-2.7080455413097715
15.0,0.9,C,3.359093937375,-143.31896016056024,-2.709797129879954
15.0,0.9,C,3.36908727515,-143.23212230942855,-2.7115338869025876
15.0,0.9,C,3.379080612925,-143.14601737166052,-2.7132559856579483
15.0,0.9,C,3.3890739507,-143.06063682570462,-2.7149635965770664
15.0,0.9,C,3.399067288474,-142.97597228925122,-2.7166568873061343
15.0,0.9,C,3.409060626249,-142.89201551606504,-2.718336022769858
15.0,0.9,C,3.419053964024,-142.80875839299333,-2.720001165231292
15.0,0.9,C,3.429047301799,-142.72619293697758,-2.721652474351607
15.0,0.9,C,3.439040639574,-142.64431129219494,-2.72329010724726
15.0,0.9,C,3.449033977348,-142.56310572727935,-2.724914218545572
15.0,0.9,C,3.459027315123,-142.48256863258442,-2.7265249604394706
15.0,0.9,C,3.469020652898,-142.40269251760293,-2.7281224827390997
15.0,0.9,C,3.479013990673,-142.32347000837674,-2.7297069329236234
15.0,0.9,C,3.489007328448,-142.24489384502766,-2.7312784561906054
15.0,0.9,C,3.499000666223,-142.16695687934026,-2.7328371955043536
15.0,0.9,C,3.508994003997,-142.08965207242483,-2.7343832916426623
15.0,0.9,C,3.518987341772,-142.01297249240633,-2.735916883243032
15.0,0.9,C,3.528980679547,-141.93691131225188,-2.737438106846121
15.0,0.9,C,3.538974017322,-141.86146180758465,-2.7389470969394654
15.0,0.9,C,3.548967355097,-141.7866173545907,-2.740443985999345
15.0,0.9,C,3.558960692871,-141.7123714279886,-2.741928904531387
15.0,0.9,C,3.568954030646,-141.6387175990095,-2.7434019811109684
15.0,0.9,C,3.578947368421,-141.56564953351233,-2.744863342420912
15.0,0.9,C,3.588940706196,-141.49316099007234,-2.746313113289712
15.0,0.9,C,3.598934043971,-141.42124581815543,-2.74775141672805
15.0,0.9,C,3.608927381746,-141.34989795633695,-2.7491783739644196
15.0,0.9,C,3.61892071952,-141.27911143057224,-2.750594104479714
15.0,0.9,C,3.628914057295,-141.20888035247935,-2.7519987260415713
15.0,0.9,C,3.63890739507,-141.13919891773043,-2.75339235473655
15.0,0.9,C,3.648900732845,-141.0700614044234,-2.7547751050026905
15.0,0.9,C,3.65889407062,-141.0014621715222,-2.7561470896607143
15.0,0.9,C,3.668887408394,-140.9333956573439,-2.7575084199442803
15.0,0.9,C,3.678880746169,-140.86585637804367,-2.7588592055302854
15.0,0.9,C,3.688874083944,-140.7988389262077,-2.7601995545670044
15.0,0.9,C,3.698867421719,-140.73233796941759,-2.761529573702807
15.0,0.9,C,3.708860759494,-140.666348248877,-2.762849368113619
15.0,0.9,C,3.718854097268,-140.60086457807787,-2.764159041529601
15.0,0.9,C,3.728847435043,-140.535881841465,-2.7654586962618586
15.0,0.9,C,3.738840772818,-140.4713949931942,-2.7667484332272747
15.0,0.9,C,3.748834110593,-140.40739905586204,-2.7680283519739177
15.0,0.9,C,3.758827448368,-140.34388911929307,-2.7692985507052974
15.0,0.9,C,3.768820786143,-140.2808603393518,-2.770559126304123
15.0,0.9,C,3.778814123917,-140.21830793678842,-2.7718101743553905
15.0,0.9,C,3.788807461692,-140.15622719607862,-2.7730517891695863
15.0,0.9,C,3.798800799467,-140.09461346435555,-2.774284063804047
15.0,0.9,C,3.808794137242,-140.0334621503014,-2.77550709008513
15.0,0.9,C,3.818787475017,-139.97276872309607,-2.776720958629237
15.0,0.9,C,3.828780812791,-139.9125287113896,-2.7779257588633666
15.0,0.9,C,3.838774150566,-139.85273770226715,-2.7791215790458157
15.0,0.9,C,3.848767488341,-139.7933913402964,-2.78030850628523
15.0,0.9,C,3.858760826116,-139.73448532653538,-2.781486626560451
15.0,0.9,C,3.868754163891,-139.67601541759518,-2.7826560247392553
15.0,0.9,C,3.878747501666,-139.61797742471143,-2.78381678459693
15.0,0.9,C,3.88874083944,-139.56036721284536,-2.784968988834251
15.0,0.9,C,3.898734177215,-139.50318069977288,-2.786112719095701
15.0,0.9,C,3.90872751499,-139.44641385525097,-2.7872480559861392
15.0,0.9,C,3.918720852765,-139.3900627001422,-2.7883750790883144
15.0,0.9,C,3.92871419054,-139.33412330559023,-2.7894938669793543
15.0,0.9,C,3.938707528314,-139.27859179220425,-2.7906044972470734
15.0,0.9,C,3.948700866089,-139.22346432923996,-2.7917070465063594
15.0,0.9,C,3.958694203864,-139.1687371338467,-2.792801590414225
15.0,0.9,C,3.968687541639,-139.11440647027555,-2.7938882036856474
15.0,0.9,C,3.978680879414,-139.0604686491312,-2.794966960108535
15.0,0.9,C,3.988674217189,-139.0069200266312,-2.7960379325585345
15.0,0.9,C,3.998667554963,-138.95375700388624,-2.7971011930134337
15.0,0.9,C,4.008660892738,-138.90097602616612,-2.7981568125678358
15.0,0.9,C,4.018654230513,-138.8485735822324,-2.7992048614465106
15.0,0.9,C,4.028647568288,-138.7965462036304,-2.8002454090185505
15.0,0.9,C,4.038640906063,-138.744890464023,-2.8012785238106988
15.0,0.9,C,4.048634243837,-138.69360297853189,-2.802304273520521
15.0,0.9,C,4.058627581612,-138.6426804030692,-2.803322725029775
15.0,0.9,C,4.068620919387,-138.59211943373012,-2.8043339444165563
15.0,0.9,C,4.078614257162,-138.54191680614443,-2.8053379969682704
15.0,0.9,C,4.088607594937,-138.49206929486934,-2.8063349471937715
15.0,0.9,C,4.098600932712,-138.44257371278053,-2.807324858835548
15.0,0.9,C,4.108594270486,-138.39342691048589,-2.8083077948814408
15.0,0.9,C,4.118587608261,-138.34462577572006,-2.809283817576757
15.0,0.9,C,4.128580946036,-138.29616723280188,-2.8102529884351206
15.0,0.9,C,4.138574283811,-138.24804824204907,-2.8112153682501773
15.0,0.9,C,4.148567621586,-138.20026579922836,-2.8121710171065915
15.0,0.9,C,4.15856095936,-138.1528169350168,-2.8131199943908225
15.0,0.9,C,4.168554297135,-138.1056987144461,-2.814062358802236
15.0,0.9,C,4.17854763491,-138.05890823640527,-2.8149981683630534
15.0,0.9,C,4.188540972685,-138.01244263310122,-2.815927480429134
15.0,0.9,C,4.19853431046,-137.96629906955795,-2.8168503516999994
15.0,0.9,C,4.208527648235,-137.92047474311497,-2.8177668382288594
15.0,0.9,C,4.218520986009,-137.87496688293854,-2.8186769954323876
15.0,0.9,C,4.228514323784,-137.82977274952097,-2.8195808781007394
15.0,0.9,C,4.238507661559,-137.78488963423467,-2.820478540406465
15.0,0.9,C,4.248500999334,-137.740314858842,-2.8213700359143186
15.0,0.9,C,4.258494337109,-137.69604577504475,-2.822255417590264
15.0,0.9,C,4.268487674883,-137.6520797640346,-2.8231347378104665
15.0,0.9,C,4.278481012658,-137.6084142360351,-2.8240080483704566
15.0,0.9,C,4.288474350433,-137.56504662988618,-2.8248754004934344
15.0,0.9,C,4.298467688208,-137.52197441260506,-2.8257368448390574
15.0,0.9,C,4.308461025983,-137.47919507896503,-2.826592431511858
15.0,0.9,C,4.318454363757,-137.4367061510879,-2.827442210069401
15.0,0.9,C,4.328447701532,-137.39450517802126,-2.8282862295307334
15.0,0.9,C,4.338441039307,-137.35258973536276,-2.8291245383839034
15.0,0.9,C,4.348434377082,-137.31095742485402,-2.829957184594078
15.0,0.9,C,4.358427714857,-137.26960587399896,-2.8307842156111795
15.0,0.9,C,4.368421052632,-137.22853273568515,-2.8316056783774557
15.0,0.9,C,4.378414390406,-137.1877356878186,-2.8324216193347866
15.0,0.9,C,4.388407728181,-137.14721243294179,-2.833232084432323
15.0,0.9,C,4.398401065956,-137.10696069790356,-2.834037119133087
15.0,0.9,C,4.408394403731,-137.06697823348804,-2.8348367684213978
15.0,0.9,C,4.418387741506,-137.02726281407945,-2.8356310768095696
15.0,0.9,C,4.42838107928,-136.98781223732544,-2.8364200883446498
15.0,0.9,C,4.438374417055,-136.94862432379114,-2.837203846615336
15.0,0.9,C,4.44836775483,-136.90969691666007,-2.8379823947579568
15.0,0.9,C,4.458361092605,-136.87102788139708,-2.838755775463217
15.0,0.9,C,4.46835443038,-136.83261510544324,-2.839524030982294
15.0,0.9,C,4.478347768155,-136.79445649790767,-2.840287203133005
15.0,0.9,C,4.488341105929,-136.75654998927533,-2.841045333305652
15.0,0.9,C,4.498334443704,-136.71889353109367,-2.841798462469285
15.0,0.9,C,4.508327781479,-136.68148509570975,-2.8425466311769636
15.0,0.9,C,4.518321119254,-136.64432267597505,-2.8432898795716577
15.0,0.9,C,4.528314457029,-136.60740428496945,-2.8440282473917695
15.0,0.9,C,4.538307794803,-136.57072795573836,-2.8447617739763915
15.0,0.9,C,4.548301132578,-136.53429174100845,-2.8454904982709897
15.0,0.9,C,4.558294470353,-136.49809371295615,-2.8462144588320357
15.0,0.9,C,4.568287808128,-136.4621319629332,-2.8469336938324945
15.0,0.9,C,4.578281145903,-136.4264046012258,-2.847648241066642
15.0,0.9,C,4.588274483678,-136.39090975680892,-2.84835813795498
15.0,0.9,C,4.598267821452,-136.35564557711228,-2.8490634215489132
15.0,0.9,C,4.608261159227,-136.32061022777256,-2.8497641285357074
15.0,0.9,C,4.618254497002,-136.28580189242575,-2.850460295242643
15.0,0.9,C,4.628247834777,-136.2512187724702,-2.8511519576417546
15.0,0.9,C,4.638241172552,-136.21685908684995,-2.85183915135416
15.0,0.9,C,4.648234510326,-136.1827210718444,-2.85252191165427
15.0,0.9,C,4.658227848101,-136.14880298084375,-2.853200273474284
15.0,0.9,C,4.668221185876,-136.11510308416487,-2.853874271407861
15.0,0.9,C,4.678214523651,-136.08161966883628,-2.854543939714433
15.0,0.9,C,4.688207861426,-136.04835103840065,-2.8552093123231455
15.0,0.9,C,4.698201199201,-136.01529551272662,-2.855870422836626
15.0,0.9,C,4.708194536975,-135.98245142781994,-2.8565273045347594
15.0,0.9,C,4.71818787475,-135.949817135623,-2.857179990378699
15.0,0.9,C,4.728181212525,-135.91739100385448,-2.857828513014069
15.0,0.9,C,4.7381745503,-135.8851714158181,-2.8584729047747963
15.0,0.9,C,4.748167888075,-135.85315677022857,-2.8591131976865873
15.0,0.9,C,4.758161225849,-135.82134548104258,-2.859749423470307
15.0,0.9,C,4.768154563624,-135.78973597728026,-2.8603816135455538
15.0,0.9,C,4.778147901399,-135.75832670287548,-2.8610097990336496
15.0,0.9,C,4.788141239174,-135.7271161165008,-2.861634010761142
15.0,0.9,C,4.798134576949,-135.69610269141182,-2.862254279262922
15.0,0.9,C,4.808127914724,-135.66528491528823,-2.862870634785394
15.0,0.9,C,4.818121252498,-135.63466129008253,-2.863483107289508
15.0,0.9,C,4.828114590273,-135.60423033185646,-2.8640917264540295
15.0,0.9,C,4.838107928048,-135.57399057064725,-2.8646965216782134
15.0,0.9,C,4.848101265823,-135.54394055030926,-2.865297522084973
15.0,0.9,C,4.858094603598,-135.51407882837,-2.8658947565237587
15.0,0.9,C,4.868087941372,-135.48440397589118,-2.866488253573335
15.0,0.9,C,4.878081279147,-135.45491457731342,-2.86707804154489
15.0,0.9,C,4.888074616922,-135.42560923033454,-2.8676641484844683
15.0,0.9,C,4.898067954697,-135.39648654575998,-2.868246602175959
15.0,0.9,C,4.908061292472,-135.36754514736916,-2.8688254301437754
15.0,0.9,C,4.918054630247,-135.3387836717801,-2.8694006596555566
15.0,0.9,C,4.928047968021,-135.31020076831766,-2.8699723177248058
15.0,0.9,C,4.938041305796,-135.28179509887337,-2.870540431113691
15.0,0.9,C,4.948034643571,-135.2535653377872,-2.8711050263354148
15.0,0.9,C,4.958027981346,-135.22551017170952,-2.871666129656968
15.0,0.9,C,4.968021319121,-135.19762829947425,-2.872223767101674
15.0,0.9,C,4.978014656895,-135.1699184319746,-2.8727779644516667
15.0,0.9,C,4.98800799467,-135.14237929202537,-2.8733287472506515
15.0,0.9,C,4.998001332445,-135.1150096142541,-2.8738761408060767
15.0,0.9,C,5.00799467022,-135.08780814496515,-2.8744201701918555
15.0,0.9,C,5.017988007995,-135.06077364201863,-2.874960860250786
15.0,0.9,C,5.027981345769,-135.03390487471108,-2.8754982355969365
15.0,0.9,C,5.037974683544,-135.00720062364184,-2.876032320618322
15.0,0.9,C,5.047968021319,-134.98065968060737,-2.876563139479011
15.0,0.9,C,5.057961359094,-134.95428084847038,-2.877090716121751
15.0,0.9,C,5.067954696869,-134.92806294104264,-2.8776150742703055
15.0,0.9,C,5.077948034644,-134.90200478296526,-2.8781362374318533
15.0,0.9,C,5.087941372418,-134.87610520959115,-2.8786542288993355
15.0,0.9,C,5.097934710193,-134.85036306685913,-2.8791690717539757
15.0,0.9,C,5.107928047968,-134.82477721118858,-2.879680788867387
15.0,0.9,C,5.117921385743,-134.7993465093558,-2.8801894029040427
15.0,0.9,C,5.127914723518,-134.77406983837665,-2.880694936323626
15.0,0.9,C,5.137908061292,-134.74894608539475,-2.8811974113832637
15.0,0.9,C,5.147901399067,-134.7239741475566,-2.8816968501400266
15.0,0.9,C,5.157894736842,-134.69915293191116,-2.8821932744529355
15.0,0.9,C,5.167888074617,-134.67448135528525,-2.8826867059854533
15.0,0.9,C,5.177881412392,-134.6499583441739,-2.8831771662076804
15.0,0.9,C,5.187874750167,-134.62558283462624,-2.8836646763986336
15.0,0.9,C,5.197868087941,-134.60135377213754,-2.8841492576484073
15.0,0.9,C,5.207861425716,-134.57727011152394,-2.8846309308606792
15.0,0.9,C,5.217854763491,-134.553330816832,-2.8851097167545188
15.0,0.9,C,5.227848101266,-134.5295348612138,-2.8855856358668825
15.0,0.9,C,5.237841439041,-134.50588122682336,-2.886058708554691
15.0,0.9,C,5.247834776815,-134.4823689047088,-2.8865289549969826
15.0,0.9,C,5.25782811459,-134.45899689469525,-2.8869963951972535
15.0,0.9,C,5.267821452365,-134.4357642052927,-2.8874610489853043
15.0,0.9,C,5.27781479014,-134.4126698535813,-2.8879229360195326
15.0,0.9,C,5.287808127915,-134.38971286510701,-2.8883820757890186
15.0,0.9,C,5.29780146569,-134.36689227377937,-2.888838487615571
15.0,0.9,C,5.307794803464,-134.34420712176947,-2.889292190655769
15.0,0.9,C,5.317788141239,-134.32165645939963,-2.8897432039031656
15.0,0.9,C,5.327781479014,-134.2992393450565,-2.8901915461900285
15.0,0.9,C,5.337774816789,-134.2769548450814,-2.8906372361895305
15.0,0.9,C,5.347768154564,-134.25480203367573,-2.891080292417644
15.0,0.9,C,5.357761492338,-134.23277999280413,-2.8915207332350765
15.0,0.9,C,5.367754830113,-134.2108878120906,-2.8919585768493468
15.0,0.9,C,5.377748167888,-134.1891245887372,-2.892393841316415
15.0,0.9,C,5.387741505663,-134.16748942742257,-2.8928265445427073
15.0,0.9,C,5.397734843438,-134.14598144021045,-2.8932567042869497
15.0,0.9,C,5.407728181213,-134.1245997464603,-2.8936843381619526
15.0,0.9,C,5.417721518987,-134.10334347274113,-2.894109463636336
15.0,0.9,C,5.427714856762,-134.08221175273397,-2.8945320980364793
15.0,0.9,C,5.437708194537,-134.06120372715984,-2.894952258547962
15.0,0.9,C,5.447701532312,-134.04031854368566,-2.895369962217446
15.0,0.9,C,5.457694870087,-134.01955535684488,-2.895785225954261
15.0,0.9,C,5.467688207861,-133.99891332795676,-2.896198066532023
15.0,0.9,C,5.477681545636,-133.97839162503968,-2.896608500590365
15.0,0.9,C,5.487674883411,-133.95798942274422,-2.897016544636274
15.0,0.9,C,5.497668221186,-133.93770590227015,-2.897422215045755
15.0,0.9,C,5.507661558961,-133.91754025129342,-2.8978255280652907
15.0,0.9,C,5.517654896736,-133.89749166388944,-2.8982264998133695
15.0,0.9,C,5.52764823451,-133.87755934047075,-2.8986251462817436
15.0,0.9,C,5.537641572285,-133.8577424877022,-2.899021483337114
15.0,0.9,C,5.54763491006,-133.8380403184507,-2.899415526722145
15.0,0.9,C,5.557628247835,-133.81845205170612,-2.8998072920570364
15.0,0.9,C,5.56762158561,-133.798976912522,-2.900196794840719
15.0,0.9,C,5.577614923384,-133.77961413195405,-2.900584050452078
15.0,0.9,C,5.587608261159,-133.76036294698835,-2.9009690741513916
15.0,0.9,C,5.597601598934,-133.74122260049734,-2.9013518810812116
15.0,0.9,C,5.607594936709,-133.72219234117057,-2.901732486267747
15.0,0.9,C,5.617588274484,-133.70327142346252,-2.902110904621908
15.0,0.9,C,5.627581612258,-133.68445910753815,-2.9024871509403956
15.0,0.9,C,5.637574950033,-133.665754659213,-2.902861239906898
15.0,0.9,C,5.647568287808,-133.6471573499114,-2.903233186092931
15.0,0.9,C,5.657561625583,-133.62866645661046,-2.9036030039589495
15.0,0.9,C,5.667554963358,-133.61028126179107,-2.903970707855337
15.0,0.9,C,5.677548301133,-133.59200105339116,-2.9043363120233354
15.0,0.9,C,5.687541638907,-133.57382512476238,-2.904699830595911
15.0,0.9,C,5.697534976682,-133.55575277461656,-2.9050612775988274
15.0,0.9,C,5.707528314457,-133.53778330699424,-2.905420666951274
15.0,0.9,C,5.717521652232,-133.51991603121382,-2.9057780124668824
15.0,0.9,C,5.727514990007,-133.5021502618331,-2.9061333278544965
15.0,0.9,C,5.737508327781,-133.48448531861177,-2.9064866267189235
15.0,0.9,C,5.747501665556,-133.4669205264636,-2.9068379225618863
15.0,0.9,C,5.757495003331,-133.44945521543025,-2.9071872287825538
15.0,0.9,C,5.767488341106,-133.4320887206372,-2.9075345586784143
15.0,0.9,C,5.777481678881,-133.41482038225925,-2.9078799254459735
15.0,0.9,C,5.787475016656,-133.397649545485,-2.9082233421814587
15.0,0.9,C,5.79746835443,-133.38057556048528,-2.9085648218814533
15.0,0.9,C,5.807461692205,-133.36359778237102,-2.908904377443738
15.0,0.9,C,5.81745502998,-133.34671557117176,-2.9092420216677235
15.0,0.9,C,5.827448367755,-133.3299282917965,-2.909577767255228
15.0,0.9,C,5.83744170553,-133.31323531399963,-2.9099116268111658
15.0,0.9,C,5.847435043304,-133.29663601235876,-2.910243612843984
15.0,0.9,C,5.857428381079,-133.28012976623046,-2.910573737766549
15.0,0.9,C,5.867421718854,-133.26371595973146,-2.9109020138965294
15.0,0.9,C,5.877415056629,-133.24739398170342,-2.91122845345709
15.0,0.9,C,5.887408394404,-133.23116322568234,-2.9115530685775117
15.0,0.9,C,5.897401732179,-133.21502308986953,-2.9118758712937676
15.0,0.9,C,5.907395069953,-133.19897297710386,-2.9121968735490813
15.0,0.9,C,5.917388407728,-133.18301229482543,-2.91251608719465
15.0,0.9,C,5.927381745503,-133.16714045505486,-2.912833523990061
15.0,0.9,C,5.937375083278,-133.1513568743587,-2.9131491956039848
15.0,0.9,C,5.947368421053,-133.1356609738201,-2.913463113614757
15.0,0.9,C,5.957361758827,-133.1200521790109,-2.913775289510941
15.0,0.9,C,5.967355096602,-133.10452991995578,-2.914085734692043
15.0,0.9,C,5.977348434377,-133.0890936311111,-2.9143944604689365
15.0,0.9,C,5.987341772152,-133.07374275132895,-2.91470147806458
15.0,0.9,C,5.997335109927,-133.05847672382748,-2.915006798614609
15.0,0.9,C,6.007328447702,-133.04329499615986,-2.9153104331679613
15.0,0.9,C,6.017321785476,-133.02819702018482,-2.9156123926874624
15.0,0.9,C,6.027315123251,-133.0131822520306,-2.915912688050547
15.0,0.9,C,6.037308461026,-132.99825015206807,-2.9162113300497974
15.0,0.9,C,6.047301798801,-132.98340018487738,-2.9165083293936105
15.0,0.9,C,6.057295136576,-132.96863181921245,-2.9168036967069098
15.0,0.9,C,6.06728847435,-132.9539445279714,-2.9170974425317304
15.0,0.9,C,6.077281812125,-132.93933778815733,-2.917389577328012
15.0,0.9,C,6.0872751499,-132.924811080852,-2.9176801114741187
15.0,0.9,C,6.097268487675,-132.91036389117596,-2.917969055267639
15.0,0.9,C,6.10726182545,-132.895995708255,-2.9182564189260587
15.0,0.9,C,6.117255163225,-132.88170602518386,-2.9185422125874814
15.0,0.9,C,6.127248500999,-132.86749433899485,-2.918826446311262
15.0,0.9,C,6.137241838774,-132.85336015061134,-2.919109130078932
15.0,0.9,C,6.147235176549,-132.8393029648236,-2.9193902737946873
15.0,0.9,C,6.157228514324,-132.82532229024426,-2.919669887286273
15.0,0.9,C,6.167221852099,-132.81141763927144,-2.91994798030573
15.0,0.9,C,6.177215189873,-132.7975885280527,-2.9202245625301044
15.0,0.9,C,6.187208527648,-132.7838344764447,-2.9204996435622648
15.0,0.9,C,6.197201865423,-132.77015500797611,-2.9207732329316363
15.0,0.9,C,6.207195203198,-132.75654964981004,-2.921045340094958
15.0,0.9,C,6.217188540973,-132.74301793270104,-2.9213159744371375
15.0,0.9,C,6.227181878748,-132.7295593909595,-2.921585145271968
15.0,0.9,C,6.237175216522,-132.71617356241097,-2.921852861842939
15.0,0.9,C,6.247168554297,-132.70285998835269,-2.922119133324105
15.0,0.9,C,6.257161892072,-132.68961821351874,-2.922383968820784
15.0,0.9,C,6.267155229847,-132.67644778603994,-2.92264737737036
15.0,0.9,C,6.277148567622,-132.66334825740006,-2.9229093679431575
15.0,0.9,C,6.287141905396,-132.65031918239887,-2.9231699494431815
15.0,0.9,C,6.297135243171,-132.63736011910788,-2.923429130709001
15.0,0.9,C,6.307128580946,-132.62447062883675,-2.9236869205144234
15.0,0.9,C,6.317121918721,-132.6116502760881,-2.9239433275693965
15.0,0.9,C,6.327115256496,-132.5988986285214,-2.9241983605207307
15.0,0.9,C,6.33710859427,-132.5862152569108,-2.9244520279529422
15.0,0.9,C,6.347101932045,-132.573599735105,-2.9247043383890583
15.0,0.9,C,6.35709526982,-132.56105163999177,-2.924955300291323
15.0,0.9,C,6.367088607595,-132.54857055145845,-2.9252049220619893
15.0,0.9,C,6.37708194537,-132.53615605235035,-2.925453212044151
15.0,0.9,C,6.387075283145,-132.52380772843668,-2.9257001785224253
15.0,0.9,C,6.397068620919,-132.5115251683739,-2.9259458297236804
15.0,0.9,C,6.407061958694,-132.49930796366112,-2.9261901738179357
15.0,0.9,C,6.417055296469,-132.4871557086141,-2.9264332189188766
15.0,0.9,C,6.427048634244,-132.47506800032266,-2.9266749730847055
15.0,0.9,C,6.437041972019,-132.46304443861888,-2.9269154443187806
15.0,0.9,C,6.447035309793,-132.45108462604145,-2.92715464057033
15.0,0.9,C,6.457028647568,-132.439188167799,-2.927392569735179
15.0,0.9,C,6.467021985343,-132.42735467174276,-2.9276292396563033
15.0,0.9,C,6.477015323118,-132.4155837483314,-2.927864658124531
15.0,0.9,C,6.487008660893,-132.40387501059897,-2.9280988328791793
15.0,0.9,C,6.497001998668,-132.39222807412412,-2.928331771608676
15.0,0.9,C,6.506995336442,-132.3806425570041,-2.9285634819510764
15.0,0.9,C,6.516988674217,-132.36911807981733,-2.928793971494812
15.0,0.9,C,6.526982011992,-132.35765426560542,-2.92902324777905
15.0,0.9,C,6.536975349767,-132.34625073984031,-2.929251318294352
15.0,0.9,C,6.546968687542,-132.334907130398,-2.9294781904831986
15.0,0.9,C,6.556962025316,-132.3236230675369,-2.9297038717404207
15.0,0.9,C,6.566955363091,-132.3123981838674,-2.9299283694138105
15.0,0.9,C,6.576948700866,-132.30123211433423,-2.930151690804474
15.0,0.9,C,6.586942038641,-132.29012449619157,-2.9303738431673274
15.0,0.9,C,6.596935376416,-132.27907496898172,-2.930594833711524
15.0,0.9,C,6.606928714191,-132.26808317451386,-2.930814669600881
15.0,0.9,C,6.616922051965,-132.25714875684713,-2.931033357954216
15.0,0.9,C,6.62691538974,-132.24627136226584,-2.9312509058458414
15.0,0.9,C,6.636908727515,-132.2354506392705,-2.9314673203057486
15.0,0.9,C,6.64690206529,-132.2246862385528,-2.9316826083201026
15.0,0.9,C,6.656895403065,-132.21397781298504,-2.931896776831458
15.0,0.9,C,6.666888740839,-132.2033250176036,-2.9321098327390867
15.0,0.9,C,6.676882078614,-132.1927275095919,-2.932321782899321
15.0,0.9,C,6.686875416389,-132.1821849482713,-2.9325326341257325
15.0,0.9,C,6.696868754164,-132.17169699508617,-2.9327423931894354
15.0,0.9,C,6.706862091939,-132.16126331359325,-2.9329510668192933
15.0,0.9,C,6.716855429714,-132.15088356944878,-2.933158661702183
15.0,0.9,C,6.726848767488,-132.14055743040203,-2.933365184483118
15.0,0.9,C,6.736842105263,-132.13028456627876,-2.9335706417655834
15.0,0.9,C,6.746835443038,-132.1200646489797,-2.9337750401115645
15.0,0.9,C,6.756828780813,-132.10989735246906,-2.9339783860417774
15.0,0.9,C,6.766822118588,-132.09978235276546,-2.9341806860358495
15.0,0.9,C,6.776815456362,-132.0897193279382,-2.934381946532395
15.0,0.9,C,6.786808794137,-132.0797079580945,-2.9345821739292686
15.0,0.9,C,6.796802131912,-132.06974792538017,-2.934781374583555
15.0,0.9,C,6.806795469687,-132.05983891396963,-2.934979554811766
15.0,0.9,C,6.816788807462,-132.049980610061,-2.9351767208899386
15.0,0.9,C,6.826782145237,-132.04017270187208,-2.9353728790537175
15.0,0.9,C,6.836775483011,-132.03041487963387,-2.935568035498481
15.0,0.9,C,6.846768820786,-132.02070683558523,-2.935762196379454
15.0,0.9,C,6.856762158561,-132.0110482639713,-2.935955367811732
15.0,0.9,C,6.866755496336,-132.0014388610363,-2.936147555870433
15.0,0.9,C,6.876748834111,-131.99187832502193,-2.93633876659072
15.0,0.9,C,6.886742171885,-131.98236635616007,-2.9365290059679574
15.0,0.9,C,6.89673550966,-131.97290265666788,-2.936718279957801
15.0,0.9,C,6.906728847435,-131.96348693074822,-2.936906594476194
15.0,0.9,C,6.91672218521,-131.95411888458173,-2.937093955399524
15.0,0.9,C,6.926715522985,-131.94479822632275,-2.937280368564704
15.0,0.9,C,6.936708860759,-131.93552466609472,-2.937465839769264
15.0,0.9,C,6.946702198534,-131.92629791598432,-2.937650374771472
15.0,0.9,C,6.956695536309,-131.91711769003723,-2.937833979290414
15.0,0.9,C,6.966688874084,-131.90798370425452,-2.938016659006068
15.0,0.9,C,6.976682211859,-131.8988956765833,-2.9381984195594923
15.0,0.9,C,6.986675549634,-131.88985332691246,-2.9383792665529094
15.0,0.9,C,6.996668887408,-131.88085637706592,-2.93855920554984
15.0,0.9,C,7.006662225183,-131.8719045507938,-2.9387382420752823
15.0,0.9,C,7.016655562958,-131.8629975737695,-2.938916381615769
15.0,0.9,C,7.026648900733,-131.85413517357702,-2.939093629619618
15.0,0.9,C,7.036642238508,-131.8453170797053,-2.939269991497053
15.0,0.9,C,7.046635576282,-131.8365430235394,-2.939445472620371
15.0,0.9,C,7.056628914057,-131.82781273834718,-2.939620078324215
15.0,0.9,C,7.066622251832,-131.8191259592758,-2.9397938139056423
15.0,0.9,C,7.076615589607,-131.81048242333608,-2.9399666846244368
15.0,0.9,C,7.086608927382,-131.80188186939367,-2.940138695703285
15.0,0.9,C,7.096602265157,-131.79332403815667,-2.9403098523280256
15.0,0.9,C,7.106595602931,-131.78480867216484,-2.9404801596478616
15.0,0.9,C,7.116588940706,-131.776335515772,-2.9406496227757186
15.0,0.9,C,7.126582278481,-131.7679043151397,-2.940818246788364
15.0,0.9,C,7.136575616256,-131.75951481821912,-2.940986036726776
15.0,0.9,C,7.146568954031,-131.7511667747355,-2.9411529975964483
15.0,0.9,C,7.156562291805,-131.7428599361771,-2.9413191343676166
15.0,0.9,C,7.16655562958,-131.73459405577452,-2.9414844519756675
15.0,0.9,C,7.176548967355,-131.72636888848953,-2.9416489553213676
15.0,0.9,C,7.18654230513,-131.7181841909948,-2.9418126492712626
15.0,0.9,C,7.196535642905,-131.71003972165812,-2.941975538657996
15.0,0.9,C,7.20652898068,-131.701935240525,-2.942137628280659
15.0,0.9,C,7.216522318454,-131.6938705093009,-2.942298922905141
15.0,0.9,C,7.226515656229,-131.6858452913291,-2.9424594272645765
15.0,0.9,C,7.236508994004,-131.67785935157698,-2.942619146059619
15.0,0.9,C,7.246502331779,-131.6699124566141,-2.9427780839588764
15.0,0.9,C,7.256495669554,-131.66200437459258,-2.942936245599307
15.0,0.9,C,7.266489007328,-131.65413487522687,-2.9430936355866213
15.0,0.9,C,7.276482345103,-131.6463037297728,-2.9432502584957025
15.0,0.9,C,7.286475682878,-131.63851071100964,-2.9434061188709655
15.0,0.9,C,7.296469020653,-131.6307555932179,-2.9435612212268003
15.0,0.9,C,7.306462358428,-131.62303815215716,-2.943715570048015
15.0,0.9,C,7.316455696203,-131.6153581650477,-2.943869169790205
15.0,0.9,C,7.326449033977,-131.6077154105477,-2.944022024880204
15.0,0.9,C,7.336442371752,-131.60010966872906,-2.9441741397165773
15.0,0.9,C,7.346435709527,-131.59254072106444,-2.94432551866987
15.0,0.9,C,7.356429047302,-131.58500835039754,-2.9444761660832075
15.0,0.9,C,7.366422385077,-131.5775123409271,-2.9446260862726166
15.0,0.9,C,7.376415722851,-131.57005247818455,-2.9447752835274676
15.0,0.9,C,7.386409060626,-131.56262854901004,-2.9449237621109576
15.0,0.9,C,7.396402398401,-131.55524034153794,-2.9450715262604
15.0,0.9,C,7.406395736176,-131.54788764517136,-2.9452185801877313
15.0,0.9,C,7.416389073951,-131.54057025056446,-2.9453649280798695
15.0,0.9,C,7.426382411726,-131.53328794960058,-2.9455105740991474
15.0,0.9,C,7.4363757495,-131.5260405353756,-2.945655522383646
15.0,0.9,C,7.446369087275,-131.51882780217446,-2.9457997770476694
15.0,0.9,C,7.45636242505,-131.51164954545663,-2.945943342182026
15.0,0.9,C,7.466355762825,-131.5045055618349,-2.9460862218544612
15.0,0.9,C,7.4763491006,-131.49739564906008,-2.946228420109957
15.0,0.9,C,7.486342438374,-131.49031960600206,-2.9463699409711177
15.0,0.9,C,7.496335776149,-131.48327723263026,-2.9465107884385535
15.0,0.9,C,7.506329113924,-131.4762683300027,-2.9466509664911045
15.0,0.9,C,7.516322451699,-131.4692927002475,-2.9467904790862085
15.0,0.9,C,7.526315789474,-131.4623501465475,-2.9469293301602084
15.0,0.9,C,7.536309127249,-131.45544047312617,-2.9470675236286348
15.0,0.9,C,7.546302465023,-131.44856348523518,-2.947205063386455
15.0,0.9,C,7.556295802798,-131.44171898913694,-2.9473419533084195
15.0,0.9,C,7.566289140573,-131.43490679209754,-2.947478197249208
15.0,0.9,C,7.576282478348,-131.42812670237282,-2.947613799043702
15.0,0.9,C,7.586275816123,-131.4213785291949,-2.9477487625072607
15.0,0.9,C,7.596269153897,-131.41466208276645,-2.9478830914358296
15.0,0.9,C,7.606262491672,-131.4079771742448,-2.948016789606263
15.0,0.9,C,7.616255829447,-131.4013236157401,-2.948149860776357
15.0,0.9,C,7.626249167222,-131.39470122030102,-2.9482823086851377
15.0,0.9,C,7.636242504997,-131.38810980191062,-2.948414137052946
15.0,0.9,C,7.646235842771,-131.38154917547874,-2.9485453495815843
15.0,0.9,C,7.656229180546,-131.3750191568339,-2.948675949954481
15.0,0.9,C,7.666222518321,-131.3685195627215,-2.9488059418367287
15.0,0.9,C,7.676215856096,-131.36205021079505,-2.9489353288752573
15.0,0.9,C,7.686209193871,-131.35561091961517,-2.949064114698855
15.0,0.9,C,7.696202531646,-131.34920150864494,-2.94919230291826
15.0,0.9,C,7.70619586942,-131.34282179824612,-2.9493198971262364
15.0,0.9,C,7.716189207195,-131.3364716096774,-2.9494469008976107
15.0,0.9,C,7.72618254497,-131.33015076509267,-2.9495733177893055
15.0,0.9,C,7.736175882745,-131.3238590875411,-2.9496991513403366
15.0,0.9,C,7.74616922052,-131.31759640096556,-2.9498244050718476
15.0,0.9,C,7.756162558294,-131.3113625302021,-2.949949082487117
15.0,0.9,C,7.766155896069,-131.30515730097832,-2.9500731870715917
15.0,0.9,C,7.776149233844,-131.29898053991965,-2.9501967222927656
15.0,0.9,C,7.786142571619,-131.2928320745461,-2.950319691600236
15.0,0.9,C,7.796135909394,-131.28671173327413,-2.950442098425676
15.0,0.9,C,7.806129247169,-131.28061934542055,-2.950563946182748
15.0,0.9,C,7.816122584943,-131.27455474120367,-2.950685238267085
15.0,0.9,C,7.826115922718,-131.26851775174336,-2.9508059780562914
15.0,0.9,C,7.836109260493,-131.2625082090688,-2.950926168909782
15.0,0.9,C,7.846102598268,-131.25652594611688,-2.9510458141688205
15.0,0.9,C,7.856095936043,-131.2505707967376,-2.9511649171564067
15.0,0.9,C,7.866089273817,-131.2446425956965,-2.951283481177229
15.0,0.9,C,7.876082611592,-131.23874117867624,-2.951401509517634
15.0,0.9,C,7.886075949367,-131.23286638228367,-2.951519005445485
15.0,0.9,C,7.896069287142,-131.2270180440489,-2.9516359722101813
15.0,0.9,C,7.906062624917,-131.22119600243187,-2.951752413042521
15.0,0.9,C,7.916055962692,-131.21540009682255,-2.9518683311547074
15.0,0.9,C,7.926049300466,-131.20963016754706,-2.9519837297402174
15.0,0.9,C,7.936042638241,-131.20388605586606,-2.9520986119738373
15.0,0.9,C,7.946035976016,-131.19816760398234,-2.952212981011512
15.0,0.9,C,7.956029313791,-131.19247465503872,-2.952326839990384
15.0,0.9,C,7.966022651566,-131.18680705312582,-2.952440192028642
15.0,0.9,C,7.97601598934,-131.18116464327738,-2.952553040225611
15.0,0.9,C,7.986009327115,-131.17554727147564,-2.952665387661646
15.0,0.9,C,7.99600266489,-131.1699547846517,-2.9527772373981245
15.0,0.9,C,8.005996002665,-131.16438703068692,-2.95288859247742
15.0,0.9,C,8.01598934044,-131.1588438584126,-2.9529994559229062
15.0,0.9,C,8.025982678215,-131.15332511760968,-2.9531098307389647
15.0,0.9,C,8.035976015989,-131.14783065900895,-2.9532197199109795
15.0,0.9,C,8.045969353764,-131.14236033428935,-2.953329126405371
15.0,0.9,C,8.055962691539,-131.1369139960773,-2.9534380531696125
15.0,0.9,C,8.065956029314,-131.13149149794486,-2.953546503132261
15.0,0.9,C,8.075949367089,-131.12609269440514,-2.9536544792030557
15.0,0.9,C,8.085942704863,-131.1207174409134,-2.95376198427289
15.0,0.9,C,8.095936042638,-131.11536559385826,-2.9538690212139938
15.0,0.9,C,8.105929380413,-131.11003701056197,-2.953975592879919
15.0,0.9,C,8.115922718188,-131.10473154927408,-2.954081702105677
15.0,0.9,C,8.125916055963,-131.0994490691651,-2.9541873517078567
15.0,0.9,C,8.135909393738,-131.0941894303223,-2.9542925444847126
15.0,0.9,C,8.145902731512,-131.08895249374427,-2.954397283216273
15.0,0.9,C,8.155896069287,-131.08373812132982,-2.9545015706645623
15.0,0.9,C,8.165889407062,-131.0785461758751,-2.954605409573657
15.0,0.9,C,8.175882744837,-131.0733765210639,-2.954708802669881
15.0,0.9,C,8.185876082612,-131.0682290214584,-2.954811752661991
15.0,0.9,C,8.195869420386,-131.06310354249123,-2.954914262241334
15.0,0.9,C,8.205862758161,-131.05799995045516,-2.9550163340820554
15.0,0.9,C,8.215856095936,-131.05291811249222,-2.955117970841314
15.0,0.9,C,8.225849433711,-131.04785789658763,-2.955219175159406
15.0,0.9,C,8.235842771486,-131.04281917155217,-2.9553199496601152
15.0,0.9,C,8.24583610926,-131.03780180701676,-2.955420296950823
15.0,0.9,C,8.255829447035,-131.03280567341577,-2.9555202196228434
15.0,0.9,C,8.26582278481,-131.0278306419794,-2.9556197202515704
15.0,0.9,C,8.275816122585,-131.02287658471843,-2.9557188013967903
15.0,0.9,C,8.28580946036,-131.01794337441217,-2.9558174656029155
15.0,0.9,C,8.295802798135,-131.01303088459557,-2.9559157153992475
15.0,0.9,C,8.305796135909,-131.00813898954559,-2.956013553300247
15.0,0.9,C,8.315789473684,-131.00326756426662,-2.956110981805826
15.0,0.9,C,8.325782811459,-130.99841648447975,-2.9562080034015636
15.0,0.9,C,8.335776149234,-130.99358562660595,-2.9563046205590395
15.0,0.9,C,8.345769487009,-130.98877486775282,-2.956400835736102
15.0,0.9,C,8.355762824783,-130.98398408570216,-2.9564966513771154
15.0,0.9,C,8.365756162558,-130.97921315889263,-2.956592069913306
15.0,0.9,C,8.375749500333,-130.97446196640797,-2.956687093762999
15.0,0.9,C,8.385742838108,-130.96973038796258,-2.956781725331907
15.0,0.9,C,8.395736175883,-130.9650183038874,-2.9568759670134104
15.0,0.9,C,8.405729513658,-130.96032559511445,-2.9569698211888698
15.0,0.9,C,8.415722851432,-130.9556521431654,-2.9570632902278504
15.0,0.9,C,8.425716189207,-130.950997830135,-2.9571563764884585
15.0,0.9,C,8.435709526982,-130.9463625386804,-2.95724908231755
15.0,0.9,C,8.445702864757,-130.94174615200598,-2.957341410051039
15.0,0.9,C,8.455696202532,-130.93714855385073,-2.9574333620141435
15.0,0.9,C,8.465689540306,-130.93256962847687,-2.957524940521621
15.0,0.9,C,8.475682878081,-130.92800926065368,-2.957616147878085
15.0,0.9,C,8.485676215856,-130.92346733565094,-2.95770698637814
15.0,0.9,C,8.495669553631,-130.91894373922227,-2.957797458306713
15.0,0.9,C,8.505662891406,-130.91443835759668,-2.957887565939225
15.0,0.9,C,8.515656229181,-130.90995107746704,-2.9579773115418178
15.0,0.9,C,8.525649566955,-130.90548178597967,-2.958066697371565
15.0,0.9,C,8.53564290473,-130.90103037072268,-2.958155725676705
15.0,0.9,C,8.545636242505,-130.89659671972157,-2.9582443986967273
15.0,0.9,C,8.55562958028,-130.8921807214229,-2.958332718662701
15.0,0.9,C,8.565622918055,-130.88778226469407,-2.9584206877972767
15.0,0.9,C,8.575616255829,-130.8834012388091,-2.9585083083149764
15.0,0.9,C,8.585609593604,-130.87903753344378,-2.958595582422283
15.0,0.9,C,8.595602931379,-130.87469103867022,-2.958682512317754
15.0,0.9,C,8.605596269154,-130.87036164494862,-2.9587691001921863
15.0,0.9,C,8.615589606929,-130.8660492431228,-2.958855348228702
15.0,0.9,C,8.625582944704,-130.86175372441596,-2.958941258602839
15.0,0.9,C,8.635576282478,-130.8574749804243,-2.959026833482672
15.0,0.9,C,8.645569620253,-130.85321290311498,-2.9591120750288593
15.0,0.9,C,8.655562958028,-130.84896738482266,-2.9591969853947053
15.0,0.9,C,8.665556295803,-130.844738318247,-2.9592815667262187
15.0,0.9,C,8.675549633578,-130.84052559645025,-2.959365821162154
15.0,0.9,C,8.685542971352,-130.83632911285588,-2.959449750834041
15.0,0.9,C,8.695536309127,-130.8321487612477,-2.959533357866204
15.0,0.9,C,8.705529646902,-130.8279844357704,-2.9596166443757506
15.0,0.9,C,8.715522984677,-130.8238360309281,-2.9596996124725967
15.0,0.9,C,8.725516322452,-130.81970344158654,-2.959782264259428
15.0,0.9,C,8.735509660227,-130.8155865629746,-2.9598646018316668
15.0,0.9,C,8.745502998001,-130.81148529068398,-2.959946627277479
15.0,0.9,C,8.755496335776,-130.80739952067188,-2.9600283426777207
15.0,0.9,C,8.765489673551,-130.80332914926674,-2.960109750105824
15.0,0.9,C,8.775483011326,-130.7992740731664,-2.9601908516278304
15.0,0.9,C,8.785476349101,-130.7952341894445,-2.9602716493022685
15.0,0.9,C,8.795469686875,-130.7912093955542,-2.9603521451800745
15.0,0.9,C,8.80546302465,-130.7871995893295,-2.9604323413045686
15.0,0.9,C,8.815456362425,-130.78320466899328,-2.9605122397112926
15.0,0.9,C,8.8254497002,-130.77922453315946,-2.960591842427969
15.0,0.9,C,8.835443037975,-130.77525908083805,-2.9606711514743975
15.0,0.9,C,8.84543637575,-130.7713082114413,-2.960750168862333
15.0,0.9,C,8.855429713524,-130.76737182478698,-2.9608288965954186
15.0,0.9,C,8.865423051299,-130.763449821105,-2.960907336669058
15.0,0.9,C,8.875416389074,-130.7595421010425,-2.9609854910703084
15.0,0.9,C,8.885409726849,-130.75564856566982,-2.961063361777762
15.0,0.9,C,8.895403064624,-130.75176911648526,-2.9611409507614534
15.0,0.9,C,8.905396402398,-130.7479036554205,-2.961218259982749
15.0,0.9,C,8.915389740173,-130.74405208484487,-2.961295291394261
15.0,0.9,C,8.925383077948,-130.74021430757406,-2.961372046939677
15.0,0.9,C,8.935376415723,-130.7363902268724,-2.961448528553711
15.0,0.9,C,8.945369753498,-130.73257974645838,-2.961524738161991
15.0,0.9,C,8.955363091272,-130.72878277051154,-2.961600677680928
15.0,0.9,C,8.965356429047,-130.72499920367372,-2.9616763490176843
15.0,0.9,C,8.975349766822,-130.72122895105605,-2.961751754070037
15.0,0.9,C,8.985343104597,-130.71747191824343,-2.96182689472629
15.0,0.9,C,8.995336442372,-130.7137280112967,-2.961901772865225
15.0,0.9,C,9.005329780147,-130.70999713675712,-2.961976390356016
15.0,0.9,C,9.015323117921,-130.70627920165006,-2.9620507490581574
15.0,0.9,C,9.025316455696,-130.70257411348783,-2.9621248508214024
15.0,0.9,C,9.035309793471,-130.69888178026918,-2.9621986974857752
15.0,0.9,C,9.045303131246,-130.69520211048746,-2.962272290881409
15.0,0.9,C,9.055296469021,-130.6915350131275,-2.9623456328286086
15.0,0.9,C,9.065289806795,-130.68788039766676,-2.9624187251378236
15.0,0.9,C,9.07528314457,-130.68423817407853,-2.962491569609588
15.0,0.9,C,9.085276482345,-130.6806082528321,-2.9625641680345165
15.0,0.9,C,9.09526982012,-130.67699054488895,-2.962636522193379
15.0,0.9,C,9.105263157895,-130.67338496170655,-2.9627086338570274
15.0,0.9,C,9.11525649567,-130.66979141523524,-2.962780504786454
15.0,0.9,C,9.125249833444,-130.66620981791573,-2.9628521367328435
15.0,0.9,C,9.135243171219,-130.66264008267603,-2.962923531437638
15.0,0.9,C,9.145236508994,-130.6590821229332,-2.9629946906324944
15.0,0.9,C,9.155229846769,-130.65553585258436,-2.9630656160394717
15.0,0.9,C,9.165223184544,-130.65200118600652,-2.9631363093710283
15.0,0.9,C,9.175216522318,-130.64847803805233,-2.9632067723301123
15.0,0.9,C,9.185209860093,-130.64496632404192,-2.9632770066103205
15.0,0.9,C,9.195203197868,-130.64146595976047,-2.963347013895949
15.0,0.9,C,9.205196535643,-130.63797686145315,-2.963416795862096
15.0,0.9,C,9.215189873418,-130.63449894581538,-2.963486354174851
15.0,0.9,C,9.225183211193,-130.6310321299898,-2.9635556904913622
15.0,0.9,C,9.235176548967,-130.62757633155627,-2.963624806460033
15.0,0.9,C,9.245169886742,-130.62413146852512,-2.963693703720656
15.0,0.9,C,9.255163224517,-130.62069745932934,-2.963762383904572
15.0,0.9,C,9.265156562292,-130.61727422281749,-2.963830848634809
15.0,0.9,C,9.275149900067,-130.61386167824196,-2.9638990995263197
15.0,0.9,C,9.285143237841,-130.61045974525206,-2.9639671381861175
15.0,0.9,C,9.295136575616,-130.6070683438839,-2.964034966213481
15.0,0.9,C,9.305129913391,-130.60368739455006,-2.9641025852001577
15.0,0.9,C,9.315123251166,-130.60031681803088,-2.964169996730541
15.0,0.9,C,9.325116588941,-130.5969565354636,-2.964237202381886
15.0,0.9,C,9.335109926716,-130.59360646833116,-2.9643042037245353
15.0,0.9,C,9.34510326449,-130.59026653845294,-2.9643710023220997
15.0,0.9,C,9.355096602265,-130.58693666797262,-2.964437599731706
15.0,0.9,C,9.36508994004,-130.5836167793475,-2.9645039975042087
15.0,0.9,C,9.375083277815,-130.58030679534005,-2.9645701971843574
15.0,0.9,C,9.38507661559,-130.57700663900198,-2.964636200311119
15.0,0.9,C,9.395069953364,-130.57371623366916,-2.9647020084177753
15.0,0.9,C,9.405063291139,-130.5704355029442,-2.9647676230322744
15.0,0.9,C,9.415056628914,-130.56716437069073,-2.9648330456773437
15.0,0.9,C,9.425049966689,-130.56390276101982,-2.964898277870762
15.0,0.9,C,9.435043304464,-130.56065059828072,-2.9649633211255444
15.0,0.9,C,9.445036642239,-130.55740780704747,-2.965028176950209
15.0,0.9,C,9.455029980013,-130.55417431211217,-2.9650928468489153
15.0,0.9,C,9.465023317788,-130.5509500384707,-2.965157332321745
15.0,0.9,C,9.475016655563,-130.54773491131584,-2.9652216348648412
15.0,0.9,C,9.485009993338,-130.54452885602635,-2.9652857559706316
15.0,0.9,C,9.495003331113,-130.5413317981568,-2.9653496971280227
15.0,0.9,C,9.504996668887,-130.53814366342982,-2.965413459822562
15.0,0.9,C,9.514990006662,-130.53496437772463,-2.965477045536666
15.0,0.9,C,9.524983344437,-130.53179386707163,-2.9655404557497262
15.0,0.9,C,9.534976682212,-130.5286320576409,-2.9656036919383406
15.0,0.9,C,9.544970019987,-130.5254788757388,-2.965666755576383
15.0,0.9,C,9.554963357761,-130.5223342477963,-2.9657296481352327
15.0,0.9,C,9.564956695536,-130.51919810036398,-2.965792371083879
15.0,0.9,C,9.574950033311,-130.51607036010563,-2.965854925889046
15.0,0.9,C,9.584943371086,-130.5129509537931,-2.965917314015296
15.0,0.9,C,9.594936708861,-130.50983980829835,-2.9659795369251913
15.0,0.9,C,9.604930046636,-130.50673685058987,-2.9660415960793616
15.0,0.9,C,9.61492338441,-130.5036420077303,-2.966103492936553
15.0,0.9,C,9.624916722185,-130.50055520686738,-2.966165228953811
15.0,0.9,C,9.63491005996,-130.49747637523527,-2.9662268055864534
15.0,0.9,C,9.644903397735,-130.49440544014897,-2.9662882242881796
15.0,0.9,C,9.65489673551,-130.4913423290031,-2.966349486511097
15.0,0.9,C,9.664890073284,-130.4882869692679,-2.9664105937058007
15.0,0.9,C,9.674883411059,-130.4852392884912,-2.9664715473213352
15.0,0.9,C,9.684876748834,-130.4821992142945,-2.966532348805269
15.0,0.9,C,9.694870086609,-130.4791666743736,-2.966592999603687
15.0,0.9,C,9.704863424384,-130.4761415964988,-2.966653501161183
15.0,0.9,C,9.714856762159,-130.47312390851508,-2.966713854920857
15.0,0.9,C,9.724850099933,-130.47011353834446,-2.9667740623242693
15.0,0.9,C,9.734843437708,-130.46711041398382,-2.966834124811482
15.0,0.9,C,9.744836775483,-130.46411446351192,-2.96689404382092
15.0,0.9,C,9.754830113258,-130.46112561508718,-2.966953820789415
15.0,0.9,C,9.764823451033,-130.4581437969533,-2.9670134571520923
15.0,0.9,C,9.774816788807,-130.45516893744178,-2.967072954342323
15.0,0.9,C,9.784810126582,-130.45220096497368,-2.967132313791685
15.0,0.9,C,9.794803464357,-130.44923980806604,-2.9671915369298376
15.0,0.9,C,9.804796802132,-130.44628539533358,-2.9672506251844872
15.0,0.9,C,9.814790139907,-130.44333765549567,-2.967309579981245
15.0,0.9,C,9.824783477682,-130.44039651737856,-2.9673684027435874
15.0,0.9,C,9.834776815456,-130.4374619099222,-2.967427094892715
15.0,0.9,C,9.844770153231,-130.43453376218375,-2.9674856578474835
15.0,0.9,C,9.854763491006,-130.4316120033438,-2.9675440930242827
15.0,0.9,C,9.864756828781,-130.4286965627125,-2.9676024018369085
15.0,0.9,C,9.874750166556,-130.4257873697342,-2.9676605856964744
15.0,0.9,C,9.88474350433,-130.42288435399362,-2.967718646011286
15.0,0.9,C,9.894736842105,-130.41998744522004,-2.967776584186758
15.0,0.9,C,9.90473017988,-130.41709657329588,-2.967834401625241
15.0,0.9,C,9.914723517655,-130.41421166825933,-2.9678920997259715
15.0,0.9,C,9.92471685543,-130.41133266031366,-2.9679496798848857
15.0,0.9,C,9.934710193205,-130.4084594798303,-2.9680071434945527
15.0,0.9,C,9.944703530979,-130.40559205735414,-2.9680644919440757
15.0,0.9,C,9.954696868754,-130.40273032361074,-2.9681217266189437
15.0,0.9,C,9.964690206529,-130.39987420951147,-2.968178848900929
15.0,0.9,C,9.974683544304,-130.39702364615712,-2.968235860168016
15.0,0.9,C,9.984676882079,-130.39417856484374,-2.9682927617942836
15.0,0.9,C,9.994670219853,-130.391338897069,-2.9683495551497785
15.0,0.9,C,10.004663557628,-130.38850457453267,-2.968406241600505
15.0,0.9,C,10.014656895403,-130.38567552914478,-2.9684628225082625
15.0,0.9,C,10.024650233178,-130.38285169302773,-2.968519299230604
15.0,0.9,C,10.034643570953,-130.3800329985193,-2.968575673120773
15.0,0.9,C,10.044636908728,-130.37721937817648,-2.9686319455276293
15.0,0.9,C,10.054630246502,-130.37441076477967,-2.9686881177955646
15.0,0.9,C,10.064623584277,-130.37160709133178,-2.9687441912645234
15.0,0.9,C,10.074616922052,-130.36880829106312,-2.968800167269896
15.0,0.9,C,10.084610259827,-130.3660142974318,-2.9688560471425225
15.0,0.9,C,10.094603597602,-130.36322504412587,-2.9689118322086414
15.0,0.9,C,10.104596935376,-130.36044046506217,-2.968967523789915
15.0,0.9,C,10.114590273151,-130.357660494388,-2.9690231232033986
15.0,0.9,C,10.124583610926,-130.3548850664808,-2.9690786317615427
15.0,0.9,C,10.134576948701,-130.3521141159476,-2.969134050772207
15.0,0.9,C,10.144570286476,-130.34934757762267,-2.969189381538705
15.0,0.9,C,10.154563624251,-130.34658538656748,-2.9692446253598086
15.0,0.9,C,10.164556962025,-130.3438274780678,-2.9692997835298023
15.0,0.9,C,10.1745502998,-130.34107378763053,-2.9693548573385478
15.0,0.9,C,10.184543637575,-130.33832425098242,-2.9694098480715096
15.0,0.9,C,10.19453697535,-130.33557880406397,-2.969464757009879
15.0,0.9,C,10.204530313125,-130.33283738302802,-2.9695195854305982
15.0,0.9,C,10.214523650899,-130.33009992423368,-2.9695743346064853
15.0,0.9,C,10.224516988674,-130.32736636424133,-2.9696290058063317
15.0,0.9,C,10.234510326449,-130.32463663980846,-2.9696836002949896
15.0,0.9,C,10.244503664224,-130.3219106878829,-2.9697381193335004
15.0,0.9,C,10.254497001999,-130.31918844559806,-2.9697925641791976
15.0,0.9,C,10.264490339773,-130.31646985026265,-2.9698469360859057
15.0,0.9,C,10.274483677548,-130.3137548393597,-2.9699012363039645
15.0,0.9,C,10.284477015323,-130.31104335053342,-2.96995546608049
15.0,0.9,C,10.294470353098,-130.3083353215851,-2.970009626659456
15.0,0.9,C,10.304463690873,-130.30563069046391,-2.9700637192818804
15.0,0.9,C,10.314457028648,-130.3029293952591,-2.9701177451859766
15.0,0.9,C,10.324450366422,-130.30023137419167,-2.970171705607325
15.0,0.9,C,10.334443704197,-130.29753656560425,-2.970225601779074
15.0,0.9,C,10.344437041972,-130.2948449079538,-2.9702794349320825
15.0,0.9,C,10.354430379747,-130.2921563398018,-2.9703332062951224
15.0,0.9,C,10.364423717522,-130.28947079980495,-2.97038691709506
15.0,0.9,C,10.374417055296,-130.2867882267066,-2.970440568557027
15.0,0.9,C,10.384410393071,-130.284108559324,-2.9704941619046785
15.0,0.9,C,10.394403730846,-130.28143173654354,-2.9705476983602876
15.0,0.9,C,10.404397068621,-130.27875769730744,-2.97060117914501
15.0,0.9,C,10.414390406396,-130.27608638060485,-2.9706546054790617
15.0,0.9,C,10.424383744171,-130.27341772546382,-2.970707978581882
15.0,0.9,C,10.434377081945,-130.2707516709391,-2.9707612996723767
15.0,0.9,C,10.44437041972,-130.26808815610474,-2.970814569969064
15.0,0.9,C,10.454363757495,-130.26542712004232,-2.970867790690312
15.0,0.9,C,10.46435709527,-130.2627685018349,-2.97092096305446
15.0,0.9,C,10.474350433045,-130.26011224055435,-2.970974088280072
15.0,0.9,C,10.484343770819,-130.25745827525495,-2.9710271675860596
15.0,0.9,C,10.494337108594,-130.25480654496153,-2.971080202191928
15.0,0.9,C,10.504330446369,-130.25215698866575,-2.971133193317844
15.0,0.9,C,10.514323784144,-130.2495095453126,-2.971186142184906
15.0,0.9,C,10.524317121919,-130.24686415379514,-2.971239050015256
15.0,0.9,C,10.534310459694,-130.24422075294686,-2.9712919180322213
15.0,0.9,C,10.544303797468,-130.2415792815325,-2.971344747460509
15.0,0.9,C,10.554297135243,-130.23893967824256,-2.9713975395263073
15.0,0.9,C,10.564290473018,-130.23630188168502,-2.971450295457458
15.0,0.9,C,10.574283810793,-130.23366583038165,-2.9715030164835254
15.0,0.9,C,10.584277148568,-130.23103146275977,-2.9715557038359632
15.0,0.9,C,10.594270486342,-130.22839871714635,-2.971608358748232
15.0,0.9,C,10.604263824117,-130.2257675317635,-2.9716609824558886
15.0,0.9,C,10.614257161892,-130.223137844725,-2.9717135761966587
15.0,0.9,C,10.624250499667,-130.22050959403074,-2.9717661412105434
15.0,0.9,C,10.634243837442,-130.21788271756202,-2.9718186787399183
15.0,0.9,C,10.644237175217,-130.2152571530809,-2.9718711900295403
15.0,0.9,C,10.654230512991,-130.2126328382244,-2.9719236763266705
15.0,0.9,C,10.664223850766,-130.2100097105028,-2.971976138881103
15.0,0.9,C,10.674217188541,-130.20738770729847,-2.972028578945189
15.0,0.9,C,10.684210526316,-130.20476676586372,-2.972080997773884
15.0,0.9,C,10.694203864091,-130.20214682332076,-2.972133396624743
15.0,0.9,C,10.704197201865,-130.19952781665768,-2.972185776758005
15.0,0.9,C,10.71419053964,-130.19690968273153,-2.972238139436528
15.0,0.9,C,10.724183877415,-130.1942923582687,-2.972290485925784
15.0,0.9,C,10.73417721519,-130.1916757798626,-2.9723428174939066
15.0,0.9,C,10.744170552965,-130.18905988397708,-2.9723951354116167
15.0,0.9,C,10.75416389074,-130.18644460694722,-2.972447440952214
15.0,0.9,C,10.764157228514,-130.18382988498115,-2.9724997353915357
15.0,0.9,C,10.774150566289,-130.1812156541617,-2.972552020007925
15.0,0.9,C,10.784143904064,-130.17860185044978,-2.9726042960821633
15.0,0.9,C,10.794137241839,-130.17598840968745,-2.9726565648974095
15.0,0.9,C,10.804130579614,-130.1733752675984,-2.972708827739191
15.0,0.9,C,10.814123917388,-130.1707623597968,-2.9727610858952227
15.0,0.9,C,10.824117255163,-130.16814962178523,-2.9728133406554536
15.0,0.9,C,10.834110592938,-130.16553698896203,-2.9728655933119184
15.0,0.9,C,10.844103930713,-130.16292439662425,-2.9729178451586735
15.0,0.9,C,10.854097268488,-130.16031177997323,-2.972970097491694
15.0,0.9,C,10.864090606262,-130.15769907411845,-2.9730223516087895
15.0,0.9,C,10.874083944037,-130.15508621408165,-2.9730746088095255
15.0,0.9,C,10.884077281812,-130.1524731348022,-2.973126870395115
15.0,0.9,C,10.894070619587,-130.14985977114304,-2.9731791376682977
15.0,0.9,C,10.904063957362,-130.14724605789323,-2.973231411933294
15.0,0.9,C,10.914057295137,-130.14463192977655,-2.973283694495628
15.0,0.9,C,10.924050632911,-130.1420173214532,-2.9733359866620948
15.0,0.9,C,10.934043970686,-130.1394021675259,-2.9733882897406407
15.0,0.9,C,10.944037308461,-130.13678640254594,-2.9734406050402393
15.0,0.9,C,10.954030646236,-130.13416996101654,-2.9734929338708276
15.0,0.9,C,10.964023984011,-130.1315527773987,-2.973545277543185
15.0,0.9,C,10.974017321785,-130.12893478611622,-2.973597637368834
15.0,0.9,C,10.98401065956,-130.12631592155765,-2.9736500146600053
15.0,0.9,C,10.994003997335,-130.12369611808438,-2.9737024107294707
15.0,0.9,C,11.00399733511,-130.121075310033,-2.9737548268904983
15.0,0.9,C,11.013990672885,-130.118453431717,-2.973807264456819
15.0,0.9,C,11.02398401066,-130.11583041743535,-2.973859724742452
15.0,0.9,C,11.033977348434,-130.11320620147117,-2.973912209061735
15.0,0.9,C,11.043970686209,-130.11058071809697,-2.973964718729219
15.0,0.9,C,11.053964023984,-130.10795390157838,-2.9740172550595907
15.0,0.9,C,11.063957361759,-130.1053256861733,-2.9740698193676924
15.0,0.9,C,11.073950699534,-130.10269600613822,-2.974122412968394
15.0,0.9,C,11.083944037308,-130.10006479572664,-2.9741750371766256
15.0,0.9,C,11.093937375083,-130.09743198919227,-2.974227693307313
15.0,0.9,C,11.103930712858,-130.09479752078715,-2.9742803826754156
15.0,0.9,C,11.113924050633,-130.0921613247671,-2.9743331065958167
15.0,0.9,C,11.123917388408,-130.08952333538687,-2.9743858663834213
15.0,0.9,C,11.133910726183,-130.08688348690322,-2.974438663353094
15.0,0.9,C,11.143904063957,-130.08424171357174,-2.9744914988197237
15.0,0.9,C,11.153897401732,-130.0815979496475,-2.9745443740982087
15.0,0.9,C,11.163890739507,-130.07895212938183,-2.974597290503522
15.0,0.9,C,11.173884077282,-130.07630418702232,-2.974650249350712
15.0,0.9,C,11.183877415057,-130.0736540568072,-2.974703251955015
15.0,0.9,C,11.193870752831,-130.07100167296562,-2.974756299631846
15.0,0.9,C,11.203864090606,-130.0683469697111,-2.974809393696937
15.0,0.9,C,11.213857428381,-130.0656898812415,-2.9748625354663285
15.0,0.9,C,11.223850766156,-130.06303034172996,-2.9749157262565595
15.0,0.9,C,11.233844103931,-130.0603682853239,-2.9749689673846804
15.0,0.9,C,11.243837441706,-130.05770364613957,-2.975022260168367
15.0,0.9,C,11.25383077948,-130.05503635825283,-2.975075605926102
15.0,0.9,C,11.263824117255,-130.05236635569784,-2.975129005977202
15.0,0.9,C,11.27381745503,-130.04969357245778,-2.975182461642003
15.0,0.9,C,11.283810792805,-130.04701794246026,-2.9752359742419534
15.0,0.9,C,11.29380413058,-130.04433939956752,-2.975289545099808
15.0,0.9,C,11.303797468354,-130.04165787757157,-2.975343175539727
15.0,0.9,C,11.313790806129,-130.03897331018555,-2.9753968668874475
15.0,0.9,C,11.323784143904,-130.03628563103484,-2.9754506204704616
15.0,0.9,C,11.333777481679,-130.0335947736503,-2.9755044376181528
15.0,0.9,C,11.343770819454,-130.0309006714585,-2.9755583196619884
15.0,0.9,C,11.353764157229,-130.02820325777418,-2.975612267935675
15.0,0.9,C,11.363757495003,-130.02550246579037,-2.975666283775351
15.0,0.9,C,11.373750832778,-130.02279822856988,-2.975720368519761
15.0,0.9,C,11.383744170553,-130.02009047903417,-2.975774523510475
15.0,0.9,C,11.393737508328,-130.01737914995707,-2.9758287500920173
15.0,0.9,C,11.403730846103,-130.01466417395218,-2.975883049612115
15.0,0.9,C,11.413724183877,-130.01194548346703,-2.9759374234218177
15.0,0.9,C,11.423717521652,-130.0092230107675,-2.9759918728758086
15.0,0.9,C,11.433710859427,-130.00649668793457,-2.9760463993324673
15.0,0.9,C,11.443704197202,-130.0037664468509,-2.9761010041541405
15.0,0.9,C,11.453697534977,-130.0010322191912,-2.976155688707335
15.0,0.9,C,11.463690872752,-129.9982939364137,-2.9762104543628847
15.0,0.9,C,11.473684210526,-129.9955515297517,-2.9762653024961243
15.0,0.9,C,11.483677548301,-129.9928049302009,-2.976320234487141
15.0,0.9,C,11.493670886076,-129.9900540685132,-2.976375251720895
15.0,0.9,C,11.503664223851,-129.98729887518525,-2.9764303555874534
15.0,0.9,C,11.513657561626,-129.98453928045146,-2.9764855474821297
15.0,0.9,C,11.5236508994,-129.98177521427397,-2.976540828805679
15.0,0.9,C,11.533644237175,-129.97900660633405,-2.9765962009644777
15.0,0.9,C,11.54363757495,-129.97623338602472,-2.9766516653706643
15.0,0.9,C,11.553630912725,-129.97345548244107,-2.9767072234423373
15.0,0.9,C,11.5636242505,-129.9706728243748,-2.976762876603663
15.0,0.9,C,11.573617588274,-129.96788534030523,-2.976818626285054
15.0,0.9,C,11.583610926049,-129.96509295839087,-2.976874473923341
15.0,0.9,C,11.593604263824,-129.9622956064661,-2.9769304209618364
15.0,0.9,C,11.603597601599,-129.95949321203108,-2.976986468850537
15.0,0.9,C,11.613590939374,-129.95668570224774,-2.9770426190462036
15.0,0.9,C,11.623584277149,-129.95387300393315,-2.9770988730124954
15.0,0.9,C,11.633577614923,-129.95105504355436,-2.9771552322200714
15.0,0.9,C,11.643570952698,-129.94823174722407,-2.9772116981466774
15.0,0.9,C,11.653564290473,-129.94540304069406,-2.977268272277277
15.0,0.9,C,11.663557628248,-129.9425688493528,-2.977324956104103
15.0,0.9,C,11.673550966023,-129.93972909822148,-2.9773817511267286
15.0,0.9,C,11.683544303797,-129.93688371194943,-2.9774386588521695
15.0,0.9,C,11.693537641572,-129.93403261481126,-2.9774956807949335
15.0,0.9,C,11.703530979347,-129.9311757307063,-2.977552818477033
15.0,0.9,C,11.713524317122,-129.92831298315264,-2.977610073428106
15.0,0.9,C,11.723517654897,-129.92544429528886,-2.9776674471853815
15.0,0.9,C,11.733510992672,-129.92256958987053,-2.977724941293748
15.0,0.9,C,11.743504330446,-129.91968878926986,-2.9777825573057615
15.0,0.9,C,11.753497668221,-129.91680181547312,-2.977840296781696
15.0,0.9,C,11.763491005996,-129.91390859008493,-2.97789816128946
15.0,0.9,C,11.773484343771,-129.91100903432317,-2.977956152404695
15.0,0.9,C,11.783477681546,-129.9081030690206,-2.9780142717107467
15.0,0.9,C,11.79347101932,-129.90519061462817,-2.9780725207985954
15.0,0.9,C,11.803464357095,-129.90227159121147,-2.978130901266929
15.0,0.9,C,11.81345769487,-129.89934591845716,-2.9781894147220154
15.0,0.9,C,11.823451032645,-129.8964135156691,-2.9782480627777765
15.0,0.9,C,11.83344437042,-129.89347430177466,-2.978306847055665
15.0,0.9,C,11.843437708195,-129.89052819532316,-2.9783657691846956
15.0,0.9,C,11.853431045969,-129.88757511449003,-2.978424830801358
15.0,0.9,C,11.863424383744,-129.8846149770777,-2.9784840335496052
15.0,0.9,C,11.873417721519,-129.8816477005204,-2.97854337908075
15.0,0.9,C,11.883411059294,-129.87867320188406,-2.9786028690534776
15.0,0.9,C,11.893404397069,-129.87569139787124,-2.9786625051337343
15.0,0.9,C,11.903397734843,-129.87270220482193,-2.9787222889947196
15.0,0.9,C,11.913391072618,-129.86970553871834,-2.978782222316792
15.0,0.9,C,11.923384410393,-129.86670131518554,-2.9788423067874477
15.0,0.9,C,11.933377748168,-129.86368944949768,-2.9789025441012047
15.0,0.9,C,11.943371085943,-129.86066985657718,-2.978962935959615
15.0,0.9,C,11.953364423718,-129.85764245100097,-2.979023484071139
15.0,0.9,C,11.963357761492,-129.854607147001,-2.979084190151139
15.0,0.9,C,11.973351099267,-129.8515638584665,-2.979145055921829
15.0,0.9,C,11.983344437042,-129.84851249894965,-2.979206083112165
15.0,0.9,C,11.993337774817,-129.84545298166478,-2.979267273457863
15.0,0.9,C,12.003331112592,-129.84238521949192,-2.97932862870132
15.0,0.9,C,12.013324450366,-129.83930912498107,-2.9793901505915374
15.0,0.9,C,12.023317788141,-129.8362246103485,-2.9794518408841886
15.0,0.9,C,12.033311125916,-129.83313158748462,-2.9795137013414665
15.0,0.9,C,12.043304463691,-129.8300299679513,-2.9795757337321325
15.0,0.9,C,12.053297801466,-129.82691966298506,-2.9796379398314574
15.0,0.9,C,12.063291139241,-129.82380058349636,-2.9797003214212316
15.0,0.9,C,12.073284477015,-129.82067264007202,-2.979762880289718
15.0,0.9,C,12.08327781479,-129.81753574297292,-2.9798256182317004
15.0,0.9,C,12.093271152565,-129.8143898021361,-2.9798885370484363
15.0,0.9,C,12.10326449034,-129.8112347271732,-2.9799516385476945
15.0,0.9,C,12.113257828115,-129.80807042736998,-2.980014924543759
15.0,0.9,C,12.123251165889,-129.80489681168407,-2.980078396857477
15.0,0.9,C,12.133244503664,-129.80171378874408,-2.980142057316277
15.0,0.9,C,12.143237841439,-129.79852126684867,-2.9802059077541854
15.0,0.9,C,12.153231179214,-129.795319153961,-2.9802699500119387
15.0,0.9,C,12.163224516989,-129.7921073577079,-2.980334185937001
15.0,0.9,C,12.173217854763,-129.78888578537814,-2.980398617383596
15.0,0.9,C,12.183211192538,-129.78565434391282,-2.9804632462129024
15.0,0.9,C,12.193204530313,-129.78241293990894,-2.98052807429298
15.0,0.9,C,12.203197868088,-129.77916147960832,-2.9805931034989923
15.0,0.9,C,12.213191205863,-129.77589986889495,-2.9806583357132594
15.0,0.9,C,12.223184543638,-129.77262801329027,-2.9807237728253533
15.0,0.9,C,12.233177881412,-129.76934581794663,-2.9807894167322257
15.0,0.9,C,12.243171219187,-129.76605318763885,-2.980855269338382
15.0,0.9,C,12.253164556962,-129.76275002676027,-2.9809213325559534
15.0,0.9,C,12.263157894737,-129.75943623931434,-2.9809876083048716
15.0,0.9,C,12.273151232512,-129.7561117289068,-2.9810540985130225
15.0,0.9,C,12.283144570286,-129.75277639873818,-2.9811208051163955
15.0,0.9,C,12.293137908061,-129.74943015159388,-2.9811877300592813
15.0,0.9,C,12.303131245836,-129.74607288983802,-2.9812548752943977
15.0,0.9,C,12.313124583611,-129.74270451540121,-2.9813222427831345
15.0,0.9,C,12.323117921386,-129.73932492977428,-2.981389834495673
15.0,0.9,C,12.333111259161,-129.73593403399695,-2.9814576524112195
15.0,0.9,C,12.343104596935,-129.73253172864648,-2.981525698518229
15.0,0.9,C,12.35309793471,-129.72911791382938,-2.981593974814571
15.0,0.9,C,12.363091272485,-129.72569248916946,-2.9816624833077694
15.0,0.9,C,12.37308461026,-129.72225535379758,-2.981731226015207
15.0,0.9,C,12.383077948035,-129.7188064063415,-2.9818002049643284
15.0,0.9,C,12.393071285809,-129.71534554491186,-2.9818694221929216
15.0,0.9,C,12.403064623584,-129.7118726670934,-2.9819388797492907
15.0,0.9,C,12.413057961359,-129.70838766993123,-2.982008579692534
15.0,0.9,C,12.423051299134,-129.70489044992115,-2.982078524092736
15.0,0.9,C,12.433044636909,-129.70138090299642,-2.98214871503123
15.0,0.9,C,12.443037974684,-129.69785892451594,-2.98221915460084
15.0,0.9,C,12.453031312458,-129.69432440925232,-2.9822898449061124
15.0,0.9,C,12.463024650233,-129.6907772513789,-2.9823607880635805
15.0,0.9,C,12.473017988008,-129.68721734446044,-2.98243198620195
15.0,0.9,C,12.483011325783,-129.6836445814379,-2.9825034414624003
15.0,0.9,C,12.493004663558,-129.68005885461798,-2.982575155998799
15.0,0.9,C,12.502998001332,-129.67646005566036,-2.9826471319779517
15.0,0.9,C,12.512991339107,-129.6728480755663,-2.982719371579833
15.0,0.9,C,12.522984676882,-129.66922280466662,-2.9827918769978266
15.0,0.9,C,12.532978014657,-129.6655841326109,-2.9828646504389407
15.0,0.9,C,12.542971352432,-129.6619319483537,-2.982937694124084
15.0,0.9,C,12.552964690207,-129.65826614014435,-2.9830110102882714
15.0,0.9,C,12.562958027981,-129.65458659551712,-2.983084601180816
15.0,0.9,C,12.572951365756,-129.6508932012773,-2.9831584690656126
15.0,0.9,C,12.582944703531,-129.64718584349217,-2.983232616221315
15.0,0.9,C,12.592938041306,-129.64346440747948,-2.9833070449415686
15.0,0.9,C,12.602931379081,-129.63972877779935,-2.983381757535172
15.0,0.9,C,12.612924716855,-129.63597883824005,-2.983456756326358
15.0,0.9,C,12.62291805463,-129.6322144718116,-2.983532043654926
15.0,0.9,C,12.632911392405,-129.62843556073366,-2.983607621876485
15.0,0.9,C,12.64290473018,-129.62464198642837,-2.9836834933625913
15.0,0.9,C,12.652898067955,-129.62083362951032,-2.983759660500952
15.0,0.9,C,12.66289140573,-129.61701036977695,-2.98383612569562
15.0,0.9,C,12.672884743504,-129.61317208620255,-2.9839128913671074
15.0,0.9,C,12.682878081279,-129.6093186569261,-2.9839899599526367
15.0,0.9,C,12.692871419054,-129.60544995924747,-2.9840673339062094
15.0,0.9,C,12.702864756829,-129.601565869618,-2.9841450156987985
15.0,0.9,C,12.712858094604,-129.5976662636342,-2.984223007818475
15.0,0.9,C,12.722851432378,-129.59375101602913,-2.984301312770576
15.0,0.9,C,12.732844770153,-129.5898200006671,-2.9843799330778165
15.0,0.9,C,12.742838107928,-129.5858730905381,-2.9844588712803968
15.0,0.9,C,12.752831445703,-129.58191015774997,-2.9845381299361593
15.0,0.9,C,12.762824783478,-129.5779310735241,-2.9846177116206762
15.0,0.9,C,12.772818121253,-129.5739357081899,-2.9846976189273606
15.0,0.9,C,12.782811459027,-129.56992393117892,-2.9847778544675805
15.0,0.9,C,12.792804796802,-129.56589561102012,-2.984858420870756
15.0,0.9,C,12.802798134577,-129.5618506153362,-2.9849393207844344
15.0,0.9,C,12.812791472352,-129.55778881083867,-2.985020556874385
15.0,0.9,C,12.822784810127,-129.55371006332325,-2.9851021318246933
15.0,0.9,C,12.832778147901,-129.54961423766633,-2.985184048337832
15.0,0.9,C,12.842771485676,-129.5455011978199,-2.9852663091347607
15.0,0.9,C,12.852764823451,-129.54137080681073,-2.985348916954944
15.0,0.9,C,12.862758161226,-129.537222926735,-2.9854318745564585
15.0,0.9,C,12.872751499001,-129.5330574187542,-2.9855151847160744
15.0,0.9,C,12.882744836775,-129.52887414309404,-2.9855988502292776
15.0,0.9,C,12.89273817455,-129.52467295903992,-2.9856828739103602
15.0,0.9,C,12.902731512325,-129.52045372493308,-2.9857672585924973
15.0,0.9,C,12.9127248501,-129.5162162981703,-2.985852007127753
15.0,0.9,C,12.922718187875,-129.511960535198,-2.9859371223871984
15.0,0.9,C,12.93271152565,-129.50768629151096,-2.9860226072609395
15.0,0.9,C,12.942704863424,-129.5033934216498,-2.986108464658163
15.0,0.9,C,12.952698201199,-129.49908177919338,-2.9861946975072913
15.0,0.9,C,12.962691538974,-129.49475121676306,-2.9862813087558973
15.0,0.9,C,12.972684876749,-129.49040158601383,-2.986368301370882
15.0,0.9,C,12.982678214524,-129.48603273763172,-2.9864556783385248
15.0,0.9,C,12.992671552298,-129.48164452133375,-2.9865434426644835
15.0,0.9,C,13.002664890073,-129.47723678585857,-2.986631597373987
15.0,0.9,C,13.012658227848,-129.47280937896753,-2.986720145511808
15.0,0.9,C,13.022651565623,-129.46836214743794,-2.9868090901423994
15.0,0.9,C,13.032644903398,-129.4638949370597,-2.9868984343499645
15.0,0.9,C,13.042638241173,-129.4594075926315,-2.9869881812385284
15.0,0.9,C,13.052631578947,-129.4548999579531,-2.987078333932097
15.0,0.9,C,13.062624916722,-129.4503718758221,-2.987168895574717
15.0,0.9,C,13.072618254497,-129.4458231880302,-2.987259869330554
15.0,0.9,C,13.082611592272,-129.44125373535334,-2.9873512583840918
15.0,0.9,C,13.092604930047,-129.43666335754955,-2.9874430659401674
15.0,0.9,C,13.102598267821,-129.4320518933487,-2.987535295224185
15.0,0.9,C,13.112591605596,-129.42741918044806,-2.9876279494821976
15.0,0.9,C,13.122584943371,-129.4227650555038,-2.9877210319810827
15.0,0.9,C,13.132578281146,-129.41808935412357,-2.987814546008687
15.0,0.9,C,13.142571618921,-129.41339191085865,-2.9879084948739854
15.0,0.9,C,13.152564956696,-129.40867255919466,-2.9880028819072653
15.0,0.9,C,13.16255829447,-129.4039311315427,-2.9880977104603046
15.0,0.9,C,13.172551632245,-129.39916745922838,-2.988192983906591
15.0,0.9,C,13.18254497002,-129.39438137248376,-2.9882887056414833
15.0,0.9,C,13.192538307795,-129.389572700437,-2.988384879082419
15.0,0.9,C,13.20253164557,-129.38474127109836,-2.9884815076691913
15.0,0.9,C,13.212524983344,-129.37988691135274,-2.9885785948641037
15.0,0.9,C,13.222518321119,-129.37500944694315,-2.9886761441522953
15.0,0.9,C,13.232511658894,-129.37010870246144,-2.98877415904193
15.0,0.9,C,13.242504996669,-129.36518450133528,-2.988872643064453
15.0,0.9,C,13.252498334444,-129.3602366658121,-2.9889715997749167
15.0,0.9,C,13.262491672219,-129.35526501694758,-2.9890710327522068
15.0,0.9,C,13.272485009993,-129.35026937458957,-2.9891709455993674
15.0,0.9,C,13.282478347768,-129.3452495573638,-2.989271341943883
15.0,0.9,C,13.292471685543,-129.34020538265784,-2.989372225438002
15.0,0.9,C,13.302465023318,-129.33513666660622,-2.9894735997590347
15.0,0.9,C,13.312458361093,-129.33004322407322,-2.9895754686096945
15.0,0.9,C,13.322451698867,-129.32492486863612,-2.9896778357184366
15.0,0.9,C,13.332445036642,-129.3197814125663,-2.9897807048398324
15.0,0.9,C,13.342438374417,-129.31461266681455,-2.9898840797548676
15.0,0.9,C,13.352431712192,-129.3094184409913,-2.989987964271333
15.0,0.9,C,13.362425049967,-129.30419854334679,-2.990092362224223
15.0,0.9,C,13.372418387742,-129.29895278075463,-2.990197277476066
15.0,0.9,C,13.382411725516,-129.29368095869103,-2.990302713917338
15.0,0.9,C,13.392405063291,-129.2883828812134,-2.9904086754668904
15.0,0.9,C,13.402398401066,-129.2830583509441,-2.990515166072277
15.0,0.9,C,13.412391738841,-129.2777071690466,-2.9906221897102263
15.0,0.9,C,13.422385076616,-129.27232913520675,-2.9907297503870236
15.0,0.9,C,13.43237841439,-129.26692404761067,-2.990837852138945
15.0,0.9,C,13.442371752165,-129.26149170292362,-2.9909464990326864
15.0,0.9,C,13.45236508994,-129.25603189626926,-2.991055695165773
15.0,0.9,C,13.462358427715,-129.2505444212067,-2.9911654446670246
15.0,0.9,C,13.47235176549,-129.24502906970943,-2.99127575169697
15.0,0.9,C,13.482345103264,-129.2394856321425,-2.9913866204483086
15.0,0.9,C,13.492338441039,-129.23391389723943,-2.99149805514637
15.0,0.9,C,13.502331778814,-129.22831365208089,-2.991610060049541
15.0,0.9,C,13.512325116589,-129.2226846820727,-2.9917226394497045
15.0,0.9,C,13.522318454364,-129.2170267709197,-2.991835797672765
15.0,0.9,C,13.532311792139,-129.21133970060586,-2.9919495390790414
15.0,0.9,C,13.542305129913,-129.2056232513705,-2.992063868063749
15.0,0.9,C,13.552298467688,-129.19987720168245,-2.992178789057509
15.0,0.9,C,13.562291805463,-129.19410132822188,-2.992294306526721
15.0,0.9,C,13.572285143238,-129.1882954058525,-2.9924104249741084
15.0,0.9,C,13.582278481013,-129.18245920760054,-2.9925271489391476
15.0,0.9,C,13.592271818787,-129.1765925046307,-2.992644482998545
15.0,0.9,C,13.602265156562,-129.17069506622212,-2.9927624317667165
15.0,0.9,C,13.612258494337,-129.16476665974568,-2.992880999896245
15.0,0.9,C,13.622251832112,-129.15880705064174,-2.993000192078324
15.0,0.9,C,13.632245169887,-129.1528160023953,-2.9931200130432525
15.0,0.9,C,13.642238507662,-129.14679327651314,-2.993240467560896
15.0,0.9,C,13.652231845436,-129.1407386324999,-2.9933615604411608
15.0,0.9,C,13.662225183211,-129.13465182783534,-2.9934832965344516
15.0,0.9,C,13.672218520986,-129.12853261795294,-2.9936056807321
15.0,0.9,C,13.682211858761,-129.12238075621306,-2.993728717966897
15.0,0.9,C,13.692205196536,-129.11619599388294,-2.9938524132135
15.0,0.9,C,13.70219853431,-129.1099780801144,-2.993976771488871
15.0,0.9,C,13.712191872085,-129.10372676191483,-2.994101797852862
15.0,0.9,C,13.72218520986,-129.0974417841329,-2.9942274974085006
15.0,0.9,C,13.732178547635,-129.0911228894294,-2.9943538753025702
15.0,0.9,C,13.74217188541,-129.0847698182567,-2.9944809367260246
15.0,0.9,C,13.752165223185,-129.07838230883627,-2.994608686914433
15.0,0.9,C,13.762158560959,-129.07196009713536,-2.9947371311484514
15.0,0.9,C,13.772151898734,-129.06550291684346,-2.994866274754289
15.0,0.9,C,13.782145236509,-129.05901049935184,-2.994996123104122
15.0,0.9,C,13.792138574284,-129.0524825737291,-2.995126681616577
15.0,0.9,C,13.802131912059,-129.04591886670016,-2.9952579557571553
15.0,0.9,C,13.812125249833,-129.0393191026203,-2.9953899510387525
15.0,0.9,C,13.822118587608,-129.03268300345707,-2.995522673022017
15.0,0.9,C,13.832111925383,-129.02601028876362,-2.995656127315886
15.0,0.9,C,13.842105263158,-129.01930067565763,-2.995790319578006
15.0,0.9,C,13.852098600933,-129.0125538788002,-2.9959252555151545
15.0,0.9,C,13.862091938708,-129.00576961036782,-2.996060940883802
15.0,0.9,C,13.872085276482,-128.99894758003592,-2.9961973814904406
15.0,0.9,C,13.882078614257,-128.9920874949487,-2.996334583192185
15.0,0.9,C,13.892071952032,-128.98518905970144,-2.9964725518971296
15.0,0.9,C,13.902065289807,-128.97825197631457,-2.996611293564867
15.0,0.9,C,13.912058627582,-128.971275944209,-2.996750814206979
15.0,0.9,C,13.922051965356,-128.9642606601858,-2.996891119887443
15.0,0.9,C,13.932045303131,-128.9572058183957,-2.9970322167232446
15.0,0.9,C,13.942038640906,-128.9501111103211,-2.9971741108847367
15.0,0.9,C,13.952031978681,-128.94297622474784,-2.9973168085962016
15.0,0.9,C,13.962025316456,-128.93580084774035,-2.997460316136352
15.0,0.9,C,13.972018654231,-128.92858466261748,-2.9976046398388094
15.0,0.9,C,13.982011992005,-128.92132734992467,-2.997749786092665
15.0,0.9,C,13.99200532978,-128.9140285874086,-2.997895761342986
15.0,0.9,C,14.001998667555,-128.9066880499923,-2.9980425720913124
15.0,0.9,C,14.01199200533,-128.89930540974407,-2.9981902248962773
15.0,0.9,C,14.021985343105,-128.89188033585447,-2.9983387263740693
15.0,0.9,C,14.031978680879,-128.8844124946055,-2.9984880831990486
15.0,0.9,C,14.041972018654,-128.8769015493394,-2.9986383021043705
15.0,0.9,C,14.051965356429,-128.8693471604348,-2.9987893898824622
15.0,0.9,C,14.061958694204,-128.8617489852742,-2.998941353385675
15.0,0.9,C,14.071952031979,-128.85410667821412,-2.9990941995268763
15.0,0.9,C,14.081945369754,-128.84641989055152,-2.9992479352801285
15.0,0.9,C,14.091938707528,-128.8386882704962,-2.999402567681235
15.0,0.9,C,14.101932045303,-128.83091146313294,-2.9995581038284995
15.0,0.9,C,14.111925383078,-128.82308911039402,-2.999714550883278
15.0,0.9,C,14.121918720853,-128.81522085102225,-2.9998719160707137
15.0,0.9,C,14.131912058628,-128.80730632053607,-3.000030206680437
15.0,0.9,C,14.141905396402,-128.79934515119515,-3.000189430067256
15.0,0.9,C,14.151898734177,-128.79133697196247,-3.0003495936519093
15.0,0.9,C,14.161892071952,-128.78328140846813,-3.0005107049217963
15.0,0.9,C,14.171885409727,-128.77517808297236,-3.000672771431711
15.0,0.9,C,14.181878747502,-128.76702661432486,-3.000835800804661
15.0,0.9,C,14.191872085276,-128.75882661792664,-3.0009998007326257
15.0,0.9,C,14.201865423051,-128.75057770568526,-3.0011647789774534
15.0,0.9,C,14.211858760826,-128.74227948597883,-3.001330743371582
15.0,0.9,C,14.221852098601,-128.7339315636103,-3.001497701818953
15.0,0.9,C,14.231845436376,-128.72553353976397,-3.0016656622958786
15.0,0.9,C,14.241838774151,-128.7170850119604,-3.001834632851951
15.0,0.9,C,14.251832111925,-128.70858557401326,-3.002004621610893
15.0,0.9,C,14.2618254497,-128.70003481597792,-3.0021756367716
15.0,0.9,C,14.271818787475,-128.69143232411022,-3.002347686608954
15.0,0.9,C,14.28181212525,-128.6827776808129,-3.0025207794749003
15.0,0.9,C,14.291805463025,-128.67407046458712,-3.0026949237994165
15.0,0.9,C,14.301798800799,-128.66531024998395,-3.00287012809148
15.0,0.9,C,14.311792138574,-128.65649660754764,-3.003046400940206
15.0,0.9,C,14.321785476349,-128.64762910376785,-3.0032237510158013
15.0,0.9,C,14.331778814124,-128.6387073010216,-3.0034021870707264
15.0,0.9,C,14.341772151899,-128.62973075752313,-3.0035817179406963
15.0,0.9,C,14.351765489674,-128.62069902726103,-3.003762352545938
15.0,0.9,C,14.361758827448,-128.61161165994682,-3.003944099892222
15.0,0.9,C,14.371752165223,-128.6024682009518,-3.004126969072123
15.0,0.9,C,14.381745502998,-128.59326819125198,-3.004310969266119
15.0,0.9,C,14.391738840773,-128.5840111673637,-3.0044961097438843
15.0,0.9,C,14.401732178548,-128.57469666128452,-3.004682399865468
15.0,0.9,C,14.411725516322,-128.56532420042964,-3.004869849082566
15.0,0.9,C,14.421718854097,-128.5558933075637,-3.0050584669398845
15.0,0.9,C,14.431712191872,-128.5464035007425,-3.0052482630763087
15.0,0.9,C,14.441705529647,-128.53685429324295,-3.005439247226299
15.0,0.9,C,14.451698867422,-128.52724519349496,-3.0056314292212596
15.0,0.9,C,14.461692205197,-128.51757570501297,-3.0058248189908996
15.0,0.9,C,14.471685542971,-128.50784532632935,-3.006019426564572
15.0,0.9,C,14.481678880746,-128.49805355091772,-3.006215262072804
15.0,0.9,C,14.491672218521,-128.4881998671257,-3.0064123357486445
15.0,0.9,C,14.501665556296,-128.47828375809937,-3.0066106579291714
15.0,0.9,C,14.511658894071,-128.46830470170988,-3.0068102390569607
15.0,0.9,C,14.521652231845,-128.4582621704764,-3.0070110896816304
15.0,0.9,C,14.53164556962,-128.44815563148848,-3.007213220461389
15.0,0.9,C,14.541638907395,-128.437984546332,-3.007416642164519
15.0,0.9,C,14.55163224517,-128.42774837100524,-3.0076213656710538
15.0,0.9,C,14.561625582945,-128.41744655584168,-3.007827401974325
15.0,0.9,C,14.57161892072,-128.40707854542654,-3.008034762182628
15.0,0.9,C,14.581612258494,-128.39664377851437,-3.008243457520871
15.0,0.9,C,14.591605596269,-128.38614168794322,-3.0084534993322944
15.0,0.9,C,14.601598934044,-128.3755717005528,-3.0086648990801024
15.0,0.9,C,14.611592271819,-128.3649332370945,-3.008877668349269
15.0,0.9,C,14.621585609594,-128.35422571214556,-3.0090918188482476
15.0,0.9,C,14.631578947368,-128.34344853401805,-3.0093073624107975
15.0,0.9,C,14.641572285143,-128.33260110466662,-3.009524310997826
15.0,0.9,C,14.651565622918,-128.32168281960261,-3.0097426766991062
15.0,0.9,C,14.661558960693,-128.31069306779517,-3.0099624717352556
15.0,0.9,C,14.671552298468,-128.29963123157816,-3.010183708459595
15.0,0.9,C,14.681545636243,-128.28849668655423,-3.010406399360074
15.0,0.9,C,14.691538974017,-128.27728880149724,-3.0106305570612135
15.0,0.9,C,14.701532311792,-128.26600693825188,-3.010856194326121
15.0,0.9,C,14.711525649567,-128.25465045163662,-3.0110833240584265
15.0,0.9,C,14.721518987342,-128.24321868933706,-3.0113119593044178
15.0,0.9,C,14.731512325117,-128.23171099180655,-3.0115421132550275
15.0,0.9,C,14.741505662891,-128.22012669215997,-3.011773799247959
15.0,0.9,C,14.751499000666,-128.2084651160619,-3.0120070307699214
15.0,0.9,C,14.761492338441,-128.196725581626,-3.0122418214586384
15.0,0.9,C,14.771485676216,-128.18490739930112,-3.012478185105136
15.0,0.9,C,14.781479013991,-128.17300987175727,-3.012716135656013
15.0,0.9,C,14.791472351765,-128.16103229377822,-3.012955687215594
15.0,0.9,C,14.80146568954,-128.14897395213526,-3.0131968540484535
15.0,0.9,C,14.811459027315,-128.13683412548147,-3.0134396505815295
15.0,0.9,C,14.82145236509,-128.12461208422528,-3.0136840914066534
15.0,0.9,C,14.831445702865,-128.11230709041124,-3.0139301912829337
15.0,0.9,C,14.84143904064,-128.09991839759573,-3.0141779651392437
15.0,0.9,C,14.851432378414,-128.08744525072296,-3.014427428076699
15.0,0.9,C,14.861425716189,-128.07488688599273,-3.0146785953713042
15.0,0.9,C,14.871419053964,-128.0622425307375,-3.014931482476409
15.0,0.9,C,14.881412391739,-128.04951140328458,-3.015186105025467
15.0,0.9,C,14.891405729514,-128.03669271282263,-3.0154424788347063
15.0,0.9,C,14.901399067288,-128.0237856592674,-3.0157006199058105
15.0,0.9,C,14.911392405063,-128.01078943311467,-3.0159605444288653
15.0,0.9,C,14.921385742838,-127.9977032153079,-3.0162222687850004
15.0,0.9,C,14.931379080613,-127.98452617708597,-3.0164858095494393
15.0,0.9,C,14.941372418388,-127.97125747983748,-3.016751183494409
15.0,0.9,C,14.951365756163,-127.95789627495182,-3.017018407592122
15.0,0.9,C,14.961359093937,-127.94444170366448,-3.0172874990178693
15.0,0.9,C,14.971352431712,-127.93089289689685,-3.017558475153222
15.0,0.9,C,14.981345769487,-127.91724897510318,-3.017831353589095
15.0,0.9,C,14.991339107262,-127.90350904810421,-3.018106152129074
15.0,0.9,C,15.001332445037,-127.88967221492051,-3.0183828887927486
15.0,0.9,C,15.011325782811,-127.87573756360554,-3.018661581819048
15.0,0.9,C,15.021319120586,-127.86170417106659,-3.0189422496698266
15.0,0.9,C,15.031312458361,-127.84757110289607,-3.019224911033237
15.0,0.9,C,15.041305796136,-127.8333374131853,-3.0195095848274525
15.0,0.9,C,15.051299133911,-127.81900214434344,-3.01979629020429
15.0,0.9,C,15.061292471686,-127.80456432690652,-3.020085046553028
15.0,0.9,C,15.07128580946,-127.79002297934872,-3.0203758735041846
15.0,0.9,C,15.081279147235,-127.77537710787823,-3.020668790933594
15.0,0.9,C,15.09127248501,-127.76062570624752,-3.0209638189662082
15.0,0.9,C,15.101265822785,-127.74576775553989,-3.021260977980361
15.0,0.9,C,15.11125916056,-127.73080222396172,-3.021560288611924
15.0,0.9,C,15.121252498334,-127.71572806662992,-3.02186177175856
15.0,0.9,C,15.131245836109,-127.70054422534649,-3.0221654485842286
15.0,0.9,C,15.141239173884,-127.68524962838241,-3.0224713405235106
15.0,0.9,C,15.151232511659,-127.66984319024257,-3.022779469286307
15.0,0.9,C,15.161225849434,-127.6543238114313,-3.0230898568625326
15.0,0.9,C,15.171219187209,-127.63869037821426,-3.0234025255268735
15.0,0.9,C,15.181212524983,-127.62294176237121,-3.0237174978437342
15.0,0.9,C,15.191205862758,-127.60707682094049,-3.024034796672349
15.0,0.9,C,15.201199200533,-127.59109439596891,-3.02435444517178
15.0,0.9,C,15.211192538308,-127.57499331424296,-3.0246764668062993
15.0,0.9,C,15.221185876083,-127.5587723870204,-3.0250008853507504
15.0,0.9,C,15.231179213857,-127.54243040975282,-3.025327724896102
15.0,0.9,C,15.241172551632,-127.5259661618004,-3.0256570098551507
15.0,0.9,C,15.251165889407,-127.50937840614662,-3.025988764968226
15.0,0.9,C,15.261159227182,-127.49266588909889,-3.0263230153091807
15.0,0.9,C,15.271152564957,-127.47582733998286,-3.0266597862915012
15.0,0.9,C,15.281145902732,-127.45886147083272,-3.0269991036745045
15.0,0.9,C,15.291139240506,-127.44176697607185,-3.0273409935697213
15.0,0.9,C,15.301132578281,-127.4245425321782,-3.0276854824475947
15.0,0.9,C,15.311125916056,-127.40718679736138,-3.0280325971439312
15.0,0.9,C,15.321119253831,-127.38969841120948,-3.0283823648669688
15.0,0.9,C,15.331112591606,-127.37207599433926,-3.0287348132043737
15.0,0.9,C,15.34110592938,-127.3543181480358,-3.0290899701304426
15.0,0.9,C,15.351099267155,-127.33642345387561,-3.0294478640136466
15.0,0.9,C,15.36109260493,-127.31839047335578,-3.0298085236240433
15.0,0.9,C,15.371085942705,-127.30021774749933,-3.030171978141172
15.0,0.9,C,15.38107928048,-127.28190379645557,-3.030538257162047
15.0,0.9,C,15.391072618255,-127.26344711908982,-3.030907390709362
15.0,0.9,C,15.401065956029,-127.2448461925664,-3.0312794092398305
15.0,0.9,C,15.411059293804,-127.22609947190705,-3.0316543436530177
15.0,0.9,C,15.421052631579,-127.20720538956118,-3.032032225299935
15.0,0.9,C,15.431045969354,-127.18816235494296,-3.0324130859922995
15.0,0.9,C,15.441039307129,-127.16896875396743,-3.0327969580118097
15.0,0.9,C,15.451032644903,-127.14962294857187,-3.0331838741197212
15.0,0.9,C,15.461025982678,-127.13012327621853,-3.033573867566788
15.0,0.9,C,15.471019320453,-127.11046804939974,-3.0339669721031637
15.0,0.9,C,15.481012658228,-127.09065555511297,-3.034363221988899
15.0,0.9,C,15.491005996003,-127.07068405432913,-3.034762652004576
15.0,0.9,C,15.500999333777,-127.05055178144897,-3.0351652974621794
15.0,0.9,C,15.510992671552,-127.03025694373125,-3.035571194216534
15.0,0.9,C,15.520986009327,-127.00979772072992,-3.0359803786765602
15.0,0.9,C,15.530979347102,-126.98917226369075,-3.0363928878173434
15.0,0.9,C,15.540972684877,-126.96837869494337,-3.036808759192291
15.0,0.9,C,15.550966022652,-126.94741510727664,-3.037228030945626
15.0,0.9,C,15.560959360426,-126.92627956329494,-3.0376507418252596
15.0,0.9,C,15.570952698201,-126.90497009474468,-3.0380769311962648
15.0,0.9,C,15.580946035976,-126.88348470184904,-3.038506639054178
15.0,0.9,C,15.590939373751,-126.86182135259679,-3.038939906039223
15.0,0.9,C,15.600932711526,-126.83997798202098,-3.039376773450739
15.0,0.9,C,15.6109260493,-126.81795249146244,-3.03981728326191
15.0,0.9,C,15.620919387075,-126.79574274779262,-3.040261478135306
15.0,0.9,C,15.63091272485,-126.77334658264436,-3.040709401438271
15.0,0.9,C,15.640906062625,-126.75076179159045,-3.0411610972593497
15.0,0.9,C,15.6508994004,-126.72798613331169,-3.041616610424925
15.0,0.9,C,15.660892738175,-126.70501732873954,-3.042075986516368
15.0,0.9,C,15.670886075949,-126.68185306017105,-3.0425392718877378
15.0,0.9,C,15.680879413724,-126.6584909703495,-3.043006513684168
15.0,0.9,C,15.690872751499,-126.63492866153736,-3.0434777598604112
15.0,0.9,C,15.700866089274,-126.61116369453643,-3.04395305920043
15.0,0.9,C,15.710859427049,-126.58719358769294,-3.0444324613373
15.0,0.9,C,15.720852764823,-126.56301581586776,-3.0449160167738034
15.0,0.9,C,15.730846102598,-126.53862780936429,-3.0454037769038727
15.0,0.9,C,15.740839440373,-126.51402695284538,-3.0458957940342506
15.0,0.9,C,15.750832778148,-126.48921058418972,-3.046392121407364
15.0,0.9,C,15.760826115923,-126.46417599332713,-3.0468928132246162
15.0,0.9,C,15.770819453698,-126.43892042103066,-3.047397924670545
15.0,0.9,C,15.780812791472,-126.41344105767105,-3.047907511937738
15.0,0.9,C,15.790806129247,-126.38773504191892,-3.0484216322527806
15.0,0.9,C,15.800799467022,-126.36179945942952,-3.048940343902568
15.0,0.9,C,15.810792804797,-126.33563134145204,-3.0494637062621175
15.0,0.9,C,15.820786142572,-126.30922766341554,-3.049991779822848
15.0,0.9,C,15.830779480346,-126.2825853434532,-3.0505246262220944
15.0,0.9,C,15.840772818121,-126.25570124087257,-3.051062308273707
15.0,0.9,C,15.850766155896,-126.22857215459346,-3.051604889999289
15.0,0.9,C,15.860759493671,-126.20119482150733,-3.052152436661012
15.0,0.9,C,15.870752831446,-126.17356591478924,-3.052705014795374
15.0,0.9,C,15.880746169221,-126.14568204214677,-3.0532626922482233
15.0,0.9,C,15.890739506995,-126.11753974401407,-3.053825538210877
15.0,0.9,C,15.90073284477,-126.08913549165496,-3.0543936232580595
15.0,0.9,C,15.910726182545,-126.06046568523671,-3.0549670193864245
15.0,0.9,C,15.92071952032,-126.03152665179482,-3.055545800055262
15.0,0.9,C,15.930712858095,-126.00231464314,-3.056130040228359
15.0,0.9,C,15.940706195869,-125.97282583368488,-3.056719816417461
15.0,0.9,C,15.950699533644,-125.94305631817271,-3.0573152067277043
15.0,0.9,C,15.960692871419,-125.91300210935124,-3.0579162909041333
15.0,0.9,C,15.970686209194,-125.88265913552054,-3.0585231503807475
15.0,0.9,C,15.980679546969,-125.85202323800199,-3.059135868331119
15.0,0.9,C,15.990672884744,-125.82109016850809,-3.0597545297209967
15.0,0.9,C,16.000666222518,-125.78985558640183,-3.0603792213631222
15.0,0.9,C,16.010659560293,-125.75831505583662,-3.0610100319744262
15.0,0.9,C,16.020652898068,-125.7264640428059,-3.0616470522350405
15.0,0.9,C,16.030646235843,-125.69429791204249,-3.062290374850309
15.0,0.9,C,16.040639573618,-125.66181192380057,-3.062940094615147
15.0,0.9,C,16.050632911392,-125.6290012305078,-3.0635963084810025
15.0,0.9,C,16.060626249167,-125.59586087325084,-3.064259115626142
15.0,0.9,C,16.070619586942,-125.56238577814979,-3.064928617528163
15.0,0.9,C,16.080612924717,-125.5285707525368,-3.065604918040423
15.0,0.9,C,16.090606262492,-125.49441048098333,-3.066288123471492
15.0,0.9,C,16.100599600266,-125.45989952115474,-3.066978342668064
15.0,0.9,C,16.110592938041,-125.42503229945589,-3.067675687102041
15.0,0.9,C,16.120586275816,-125.38980310651627,-3.068380270960833
15.0,0.9,C,16.130579613591,-125.35420609243408,-3.0690922112424768
15.0,0.9,C,16.140572951366,-125.31823526180855,-3.0698116278549876
15.0,0.9,C,16.150566289141,-125.28188446854894,-3.07053864372018
15.0,0.9,C,16.160559626915,-125.24514741042545,-3.07127338488265
15.0,0.9,C,16.17055296469,-125.20801762334627,-3.0720159806242333
15.0,0.9,C,16.180546302465,-125.17048847539381,-3.0727665635832824
15.0,0.9,C,16.19053964024,-125.13255316052502,-3.0735252698806583
15.0,0.9,C,16.200532978015,-125.09420469197774,-3.074292239251604
15.0,0.9,C,16.210526315789,-125.05543589534496,-3.0750676151842593
15.0,0.9,C,16.220519653564,-125.016239401271,-3.0758515450657384
15.0,0.9,C,16.230512991339,-124.97660763781151,-3.0766441803349283
15.0,0.9,C,16.240506329114,-124.93653282235076,-3.0774456766441434
15.0,0.9,C,16.250499666889,-124.89600695310935,-3.0782561940289717
15.0,0.9,C,16.260493004664,-124.85502180018685,-3.0790758970874217
15.0,0.9,C,16.270486342438,-124.81356889612515,-3.0799049551686553
15.0,0.9,C,16.280479680213,-124.77163952591954,-3.0807435425727685
15.0,0.9,C,16.290473017988,-124.72922471651857,-3.0815918387607875
15.0,0.9,C,16.300466355763,-124.68631522567789,-3.082450028577601
15.0,0.9,C,16.310459693538,-124.64290153019274,-3.0833183024873034
15.0,0.9,C,16.320453031312,-124.59897381344284,-3.084196856822302
15.0,0.9,C,16.330446369087,-124.55452195217183,-3.0850858940477224
15.0,0.9,C,16.340439706862,-124.50953550251482,-3.0859856230408624
15.0,0.9,C,16.350433044637,-124.46400368512396,-3.0868962593886797
15.0,0.9,C,16.360426382412,-124.41791536939176,-3.087818025703323
15.0,0.9,C,16.370419720187,-124.37125905667546,-3.0887511519576494
15.0,0.9,C,16.380413057961,-124.32402286244445,-3.0896958758422697
15.0,0.9,C,16.390406395736,-124.27619449724617,-3.090652443146235
15.0,0.9,C,16.400399733511,-124.22776124645466,-3.091621108162065
15.0,0.9,C,16.410393071286,-124.17870994860678,-3.092602134119023
15.0,0.9,C,16.420386409061,-124.12902697228276,-3.0935957936455036
15.0,0.9,C,16.430379746835,-124.07869819137007,-3.094602369263757
15.0,0.9,C,16.44037308461,-124.02770895855522,-3.095622153920054
15.0,0.9,C,16.450366422385,-123.97604407694801,-3.0966554515521985
15.0,0.9,C,16.46035976016,-123.92368776957609,-3.097702577699637
15.0,0.9,C,16.470353097935,-123.87062364661705,-3.0987638601588174
15.0,0.9,C,16.48034643571,-123.816834670135,-3.099839639688459
15.0,0.9,C,16.490339773484,-123.76230311607708,-3.100930270769617
15.0,0.9,C,16.500333111259,-123.7070105332385,-3.102036122426388
15.0,0.9,C,16.510326449034,-123.65093769896659,-3.1031575791118273
15.0,0.9,C,16.520319786809,-123.59406457115988,-3.104295041667961
15.0,0.9,C,16.530313124584,-123.53637023625483,-3.1054489283660622
15.0,0.9,C,16.540306462358,-123.47783285275062,-3.106619676036146
15.0,0.9,C,16.550299800133,-123.41842958974152,-3.107807741296328
15.0,0.9,C,16.560293137908,-123.35813656000423,-3.1090136018910743
15.0,0.9,C,16.570286475683,-123.29692874687869,-3.110237758153585
15.0,0.9,C,16.580279813458,-123.23477992431975,-3.1114807346047635
15.0,0.9,C,16.590273151233,-123.1716625692633,-3.1127430817058923
15.0,0.9,C,16.600266489007,-123.10754776537074,-3.1140253777837437
15.0,0.9,C,16.610259826782,-123.0424050970352,-3.115328231150455
15.0,0.9,C,16.620253164557,-122.97620253248256,-3.1166522824415073
15.0,0.9,C,16.630246502332,-122.90890629440288,-3.117998207203101
15.0,0.9,C,16.640239840107,-122.84048071650314,-3.119366718761096
15.0,0.9,C,16.650233177881,-122.770888083992,-3.1207585714113186
15.0,0.9,C,16.660226515656,-122.70008845564418,-3.122174563978275
15.0,0.9,C,16.670219853431,-122.62803946483209,-3.123615543794517
15.0,0.9,C,16.680213191206,-122.55469609616091,-3.1250824111679405
15.0,0.9,C,16.690206528981,-122.48001043399853,-3.126576124411188
15.0,0.9,C,16.700199866756,-122.40393137827992,-3.12809770552556
15.0,0.9,C,16.71019320453,-122.32640432212243,-3.12964824664871
15.0,0.9,C,16.720186542305,-122.2473707845717,-3.1312289173997248
15.0,0.9,C,16.73017988008,-122.16676799054628,-3.1328409732802336
15.0,0.9,C,16.740173217855,-122.08452838796391,-3.1344857653318807
15.0,0.9,C,16.75016655563,-122.00057909002865,-3.1361647512905857
15.0,0.9,C,16.760159893404,-121.91484122757151,-3.137879508539728
15.0,0.9,C,16.770153231179,-121.82722919253096,-3.1396317492405394
15.0,0.9,C,16.780146568954,-121.73764974890432,-3.141423338113072
15.0,0.9,C,16.790139906729,-121.64600098064712,-3.1432563134782168
15.0,0.9,C,16.800133244504,-121.55217103758689,-3.1451329123394203
15.0,0.9,C,16.810126582278,-121.4560366284548,-3.147055600522063
15.0,0.9,C,16.820119920053,-121.3574611939497,-3.149027109212165
15.0,0.9,C,16.830113257828,-121.256292670462,-3.1510504796819183
15.0,0.9,C,16.840106595603,-121.15236072290307,-3.153129118633097
15.0,0.9,C,16.850099933378,-121.0454732795687,-3.155266867499784
15.0,0.9,C,16.860093271153,-120.93541213429869,-3.157468090405185
15.0,0.9,C,16.870086608927,-120.82192727979161,-3.1597377874953256
15.0,0.9,C,16.880079946702,-120.70472947914199,-3.1620817435083186
15.0,0.9,C,16.890073284477,-120.58348033372228,-3.1645067264167124
15.0,0.9,C,16.900066622252,-120.45777869535355,-3.1670207591840875
15.0,0.9,C,16.910059960027,-120.32714157007571,-3.169633501689644
15.0,0.9,C,16.920053297801,-120.19097640469175,-3.1723568049973236
15.0,0.9,C,16.930046635576,-120.04853926884861,-3.175205547714186
15.0,0.9,C,16.940039973351,-119.89886862579795,-3.1781989605751995
15.0,0.9,C,16.950033311126,-119.74067374978107,-3.181362858095537
15.0,0.9,C,16.960026648901,-119.57213064095573,-3.1847337202720443
15.0,0.9,C,16.970019986676,-119.39046317249372,-3.188367069641284
15.0,0.9,C,16.98001332445,-119.1909180205826,-3.192357972679507
15.0,0.9,C,16.990006662225,-118.9633272238805,-3.1969097886135494
15.0,0.9,C,17.0,-118.66287824289925,-3.2029187682331735
15.0,0.9,Pd,17.0,-118.66287824289925,-2.0072969205829336
15.0,0.9,Pd,17.005,-118.49155130727492,-2.015863267364151
15.0,0.9,Pd,17.01,-118.3636126870164,-2.0222601983770767
15.0,0.9,Pd,17.015,-118.2447084257618,-2.028205411439806
15.0,0.9,Pd,17.02,-118.13879785402325,-2.0335009400267334
15.0,0.9,Pd,17.025,-118.03707640977757,-2.0385870122390184
15.0,0.9,Pd,17.03,-117.94307214166457,-2.0432872256446672
15.0,0.9,Pd,17.035,-117.85181814568269,-2.047849925443762
15.0,0.9,Pd,17.04,-117.76603536281232,-2.052139064587281
15.0,0.9,Pd,17.045,-117.68230251818473,-2.05632570681866
15.0,0.9,Pd,17.05,-117.6027908941184,-2.060301288021976
15.0,0.9,Pd,17.055,-117.5249154287537,-2.064195061290211
15.0,0.9,Pd,17.06,-117.45046219352157,-2.0679177230518175
15.0,0.9,Pd,17.065,-117.37737308857545,-2.071572178299123
15.0,0.9,Pd,17.07,-117.30714981717239,-2.075083341869277
15.0,0.9,Pd,17.075,-117.23809928796133,-2.07853586832983
15.0,0.9,Pd,17.08,-117.17150375969959,-2.081865644742917
15.0,0.9,Pd,17.085,-117.105939880271,-2.0851438387143464
15.0,0.9,Pd,17.09,-117.04251441861379,-2.0883151117972067
15.0,0.9,Pd,17.095,-116.98001299896463,-2.091440182779665
15.0,0.9,Pd,17.1,-116.9193979700014,-2.094470934227827
15.0,0.9,Pd,17.105,-116.85962278656568,-2.097459693399612
15.0,0.9,Pd,17.11,-116.80152814666869,-2.1003644253944618
15.0,0.9,Pd,17.115,-116.74420615091924,-2.1032305251819343
15.0,0.9,Pd,17.12,-116.68839305014461,-2.1060211802206656
15.0,0.9,Pd,17.125,-116.6332981041038,-2.1087759275227063
15.0,0.9,Pd,17.13,-116.57956645842815,-2.111462509806489
15.0,0.9,Pd,17.135,-116.52650821801183,-2.1141154218273046
15.0,0.9,Pd,17.14,-116.4746880086319,-2.116706432296301
15.0,0.9,Pd,17.145,-116.42350406569979,-2.119265629442907
15.0,0.9,Pd,17.15,-116.37344906422197,-2.1217683795167974
15.0,0.9,Pd,17.155,-116.32399923377729,-2.124240871039032
15.0,0.9,Pd,17.16,-116.27558236207011,-2.1266617146243907
15.0,0.9,Pd,17.165,-116.22774442875728,-2.1290536112900327
15.0,0.9,Pd,17.17,-116.1808542531834,-2.131398120068726
15.0,0.9,Pd,17.175,-116.13452073872723,-2.1337147957915343
15.0,0.9,Pd,17.18,-116.08905877173756,-2.1359878941410186
15.0,0.9,Pd,17.185,-116.04413443412072,-2.1382341110218603
15.0,0.9,Pd,17.19,-116.0000130232241,-2.1404401815666914
15.0,0.9,Pd,17.195,-115.95641289149995,-2.1426201881528986
15.0,0.9,Pd,17.2,-115.91355354388386,-2.144763155533703
15.0,0.9,Pd,17.205,-115.87120135242057,-2.146880765106868
15.0,0.9,Pd,17.21,-115.82953338824262,-2.1489641633157657
15.0,0.9,Pd,17.215,-115.78836031377016,-2.1510228170393884
15.0,0.9,Pd,17.22,-115.74781977121903,-2.1530498441669446
15.0,0.9,Pd,17.225,-115.70776340282009,-2.155052662586892
15.0,0.9,Pd,17.23,-115.66829213866858,-2.1570262257944672
15.0,0.9,Pd,17.235,-115.62929562936091,-2.1589760512598506
15.0,0.9,Pd,17.24,-115.59084057320388,-2.1608988040677026
15.0,0.9,Pd,17.245,-115.55285193478208,-2.162798235988792
15.0,0.9,Pd,17.25,-115.515364465441,-2.164672609455846
15.0,0.9,Pd,17.255,-115.4783359775555,-2.1665240338501217
15.0,0.9,Pd,17.26,-115.44177139758466,-2.1683522628486633
15.0,0.9,Pd,17.265,-115.40565910884125,-2.170157877285834
15.0,0.9,Pd,17.27,-115.36997619855458,-2.171942022800167
15.0,0.9,Pd,17.275,-115.33473950239066,-2.173703857608363
15.0,0.9,Pd,17.28,-115.29990013888735,-2.1754458257835285
15.0,0.9,Pd,17.285,-115.26550141073884,-2.1771657621909544
15.0,0.9,Pd,17.29,-115.23147024048923,-2.178867320703435
15.0,0.9,Pd,17.295,-115.19787452556513,-2.18054710644964
15.0,0.9,Pd,17.3,-115.16461868144474,-2.18220989865566
15.0,0.9,Pd,17.305,-115.13179342460224,-2.1838511614977842
15.0,0.9,Pd,17.31,-115.09928228006473,-2.1854767187246598
15.0,0.9,Pd,17.315,-115.06719709092583,-2.187080978181605
15.0,0.9,Pd,17.32,-115.03540204540265,-2.1886707304577637
15.0,0.9,Pd,17.325,-115.00402849315914,-2.190239408069939
15.0,0.9,Pd,17.33,-114.97292278387158,-2.1917946935343173
15.0,0.9,Pd,17.335,-114.94223421724166,-2.1933291218658133
15.0,0.9,Pd,17.34,-114.91179275346852,-2.1948511950544702
15.0,0.9,Pd,17.345,-114.88176414207894,-2.19635262562395
15.0,0.9,Pd,17.35,-114.85196335861893,-2.19784266479695
15.0,0.9,Pd,17.355,-114.82257115272425,-2.199312275091684
15.0,0.9,Pd,17.36,-114.7933888798504,-2.2007713887353764
15.0,0.9,Pd,17.365,-114.76461088582288,-2.2022102884367527
15.0,0.9,Pd,17.37,-114.73602623345458,-2.2036395210551674
15.0,0.9,Pd,17.375,-114.70784150290244,-2.205048757582774
15.0,0.9,Pd,17.38,-114.67983475710626,-2.2064490948725832
15.0,0.9,Pd,17.385,-114.65222348780681,-2.207829658337556
15.0,0.9,Pd,17.39,-114.62477601801768,-2.2092020318270125
15.0,0.9,Pd,17.395,-114.59771946514537,-2.210554859470628
15.0,0.9,Pd,17.4,-114.57081364075002,-2.2119001506903957
15.0,0.9,Pd,17.405,-114.5442940371,-2.2132261308728958
15.0,0.9,Pd,17.41,-114.51791315223215,-2.2145451751162883
15.0,0.9,Pd,17.415,-114.49191363633155,-2.2158451509113193
15.0,0.9,Pd,17.42,-114.46604184187821,-2.217138740633986
15.0,0.9,Pd,17.425,-114.44054639304733,-2.2184135130755305
15.0,0.9,Pd,17.43,-114.41516863503045,-2.2196824009763736
15.0,0.9,Pd,17.435,-114.39016201456738,-2.2209327319995276
15.0,0.9,Pd,17.44,-114.36526397815867,-2.2221776338199635
15.0,0.9,Pd,17.445,-114.34073167595672,-2.22340424893006
15.0,0.9,Pd,17.45,-114.31629973450168,-2.2246258460028123
15.0,0.9,Pd,17.455,-114.29222792048313,-2.22582943670374
15.0,0.9,Pd,17.46,-114.26824908897851,-2.227028378278971
15.0,0.9,Pd,17.465,-114.24462456881822,-2.2282096042869854
15.0,0.9,Pd,17.47,-114.2210864613719,-2.2293865096593013
15.0,0.9,Pd,17.475,-114.19789663605077,-2.2305460009253575
15.0,0.9,Pd,17.48,-114.17478742690065,-2.2317014613828636
15.0,0.9,Pd,17.485,-114.15202025568645,-2.2328398199435737
15.0,0.9,Pd,17.49,-114.12932864341762,-2.233974400557015
15.0,0.9,Pd,17.495,-114.10697260991208,-2.2350922022322925
15.0,0.9,Pd,17.5,-114.08468778455115,-2.236206443500339
15.0,0.9,Pd,17.505,-114.06273186550503,-2.237304239452645
15.0,0.9,Pd,17.51,-114.04084347820513,-2.2383986588176397
15.0,0.9,Pd,17.515,-114.01927711481085,-2.2394769769873544
15.0,0.9,Pd,17.52,-113.99777524988464,-2.2405520702336643
15.0,0.9,Pd,17.525,-113.97658832131862,-2.2416114166619656
15.0,0.9,Pd,17.53,-113.95546347039011,-2.242667659208391
15.0,0.9,Pd,17.535,-113.93464626937805,-2.243708519258994
15.0,0.9,Pd,17.54,-113.91388930746615,-2.2447463673545887
15.0,0.9,Pd,17.545,-113.89343251768652,-2.2457692068435704
15.0,0.9,Pd,17.55,-113.87303468104051,-2.2467890986758707
15.0,0.9,Pd,17.555,-113.85292935618952,-2.2477943649184207
15.0,0.9,Pd,17.56,-113.83288222172304,-2.2487967216417446
15.0,0.9,Pd,17.565,-113.81311976609713,-2.2497848444230395
15.0,0.9,Pd,17.57,-113.79341523227885,-2.250770071113954
15.0,0.9,Pd,17.575,-113.77398738273291,-2.251741463591251
15.0,0.9,Pd,17.58,-113.75461765181605,-2.2527099501370937
15.0,0.9,Pd,17.585,-113.73551646097226,-2.253665009679283
15.0,0.9,Pd,17.59,-113.71647402244777,-2.2546171316055084
15.0,0.9,Pd,17.595,-113.69769184305224,-2.255556240575284
15.0,0.9,Pd,17.6,-113.67896945822376,-2.2564923598167086
15.0,0.9,Pd,17.605,-113.66049892855027,-2.2574158863003833
15.0,0.9,Pd,17.61,-113.6420896161436,-2.2583363519207165
15.0,0.9,Pd,17.615,-113.62392364634975,-2.259244650410409
15.0,0.9,Pd,17.62,-113.60582066907718,-2.2601497992740374
15.0,0.9,Pd,17.625,-113.5879524284416,-2.2610432113058168
15.0,0.9,Pd,17.63,-113.5701492804416,-2.2619333687058165
15.0,0.9,Pd,17.635,-113.55257218540275,-2.262812223457759
15.0,0.9,Pd,17.64,-113.53506258049303,-2.2636877037032446
15.0,0.9,Pd,17.645,-113.51777028342572,-2.2645523185566105
15.0,0.9,Pd,17.65,-113.5005481441103,-2.2654134255223815
15.0,0.9,Pd,17.655,-113.4835345227824,-2.2662641065887756
15.0,0.9,Pd,17.66,-113.4665939699551,-2.2671111342301415
15.0,0.9,Pd,17.665,-113.44985311760468,-2.2679481768476624
15.0,0.9,Pd,17.67,-113.43318846089701,-2.2687814096830454
15.0,0.9,Pd,17.675,-113.41671467688919,-2.269605098883437
15.0,0.9,Pd,17.68,-113.40032040562292,-2.27042481244675
15.0,0.9,Pd,17.685,-113.38410818663299,-2.2712354233962473
15.0,0.9,Pd,17.69,-113.36797896133156,-2.272041884661318
15.0,0.9,Pd,17.695,-113.3520229930182,-2.272839683076987
15.0,0.9,Pd,17.7,-113.33615363744069,-2.273633150855862
15.0,0.9,Pd,17.705,-113.32044878657081,-2.2744183933993556
15.0,0.9,Pd,17.71,-113.30483428023015,-2.275199118716389
15.0,0.9,Pd,17.715,-113.28937558722254,-2.2759720533667696
15.0,0.9,Pd,17.72,-113.27401105836273,-2.27674027980976
15.0,0.9,Pd,17.725,-113.25879373021567,-2.2775011462171126
15.0,0.9,Pd,17.73,-113.24367444921022,-2.278257110267386
15.0,0.9,Pd,17.735,-113.22869385279004,-2.2790061400883945
15.0,0.9,Pd,17.74,-113.21381522594042,-2.279750071430875
15.0,0.9,Pd,17.745,-113.1990668816022,-2.2804874886477857
15.0,0.9,Pd,17.75,-113.18442444530703,-2.2812196104625446
15.0,0.9,Pd,17.755,-113.169904020822,-2.2819456316867965
15.0,0.9,Pd,17.76,-113.15549343609933,-2.2826661609229295
15.0,0.9,Pd,17.765,-113.14119674086827,-2.283380995684483
15.0,0.9,Pd,17.77,-113.12701378820228,-2.2840901433177825
15.0,0.9,Pd,17.775,-113.11293676773968,-2.284793994340912
15.0,0.9,Pd,17.78,-113.0989773422367,-2.2854919656160613
15.0,0.9,Pd,17.785,-113.085116072899,-2.286185029082947
15.0,0.9,Pd,17.79,-113.07137617973183,-2.286872023741305
15.0,0.9,Pd,17.795,-113.05772686367929,-2.2875544895439317
15.0,0.9,Pd,17.8,-113.04420261380483,-2.288230702037655
15.0,0.9,Pd,17.805,-113.03076157417978,-2.2889027540189075
15.0,0.9,Pd,17.81,-113.01744918031021,-2.2895683737123864
15.0,0.9,Pd,17.815,-113.00421285661855,-2.290230189896969
15.0,0.9,Pd,17.82,-112.9911086294343,-2.290885401256182
15.0,0.9,Pd,17.825,-112.97807357311348,-2.291537154072223
15.0,0.9,Pd,17.83,-112.9651739177015,-2.2921821368428215
15.0,0.9,Pd,17.835,-112.95233678786924,-2.292823993334434
15.0,0.9,Pd,17.84,-112.93963820037577,-2.293458922709108
15.0,0.9,Pd,17.845,-112.92699575974297,-2.294091044740748
15.0,0.9,Pd,17.85,-112.91449482422377,-2.294716091516708
15.0,0.9,Pd,17.855,-112.90204393516991,-2.295338635969401
15.0,0.9,Pd,17.86,-112.88973732062904,-2.295953966696444
15.0,0.9,Pd,17.865,-112.8774749414177,-2.2965670856570113
15.0,0.9,Pd,17.87,-112.86535939902713,-2.2971728627765398
15.0,0.9,Pd,17.875,-112.85328258016627,-2.2977767037195833
15.0,0.9,Pd,17.88,-112.84135494064839,-2.298373085695477
15.0,0.9,Pd,17.885,-112.82946082138581,-2.2989677916586055
15.0,0.9,Pd,17.89,-112.81771799255264,-2.299554933100264
15.0,0.9,Pd,17.895,-112.80600379748738,-2.300140642853527
15.0,0.9,Pd,17.9,-112.79444276192974,-2.3007186946314087
15.0,0.9,Pd,17.905,-112.78290579775421,-2.301295542840186
15.0,0.9,Pd,17.91,-112.77152361066497,-2.3018646521946478
15.0,0.9,Pd,17.915,-112.76016126301201,-2.3024327695772957
15.0,0.9,Pd,17.92,-112.7489550501434,-2.302993080220727
15.0,0.9,Pd,17.925,-112.73776478054556,-2.3035525937006183
15.0,0.9,Pd,17.93,-112.7267317362852,-2.3041042459136367
15.0,0.9,Pd,17.935,-112.71571107923582,-2.304655278766105
15.0,0.9,Pd,17.94,-112.70484846479546,-2.3051984094881233
15.0,0.9,Pd,17.945,-112.69399502491474,-2.305741081482159
15.0,0.9,Pd,17.95,-112.68330016662618,-2.3062758243965873
15.0,0.9,Pd,17.955,-112.6726116159144,-2.306810251932176
15.0,0.9,Pd,17.96,-112.6620819036279,-2.307336737546502
15.0,0.9,Pd,17.965,-112.65155597881665,-2.3078630337870645
15.0,0.9,Pd,17.97,-112.64118886438673,-2.30838138950856
15.0,0.9,Pd,17.975,-112.63082336437682,-2.308899664509055
15.0,0.9,Pd,17.98,-112.62061636023844,-2.3094100147159744
15.0,0.9,Pd,17.985,-112.61040914362623,-2.309920375546585
15.0,0.9,Pd,17.99,-112.60035982144572,-2.31042284165561
15.0,0.9,Pd,17.995,-112.59030880413127,-2.3109253925213324
15.0,0.9,Pd,18.0,-112.58041479353682,-2.3114200930510553
15.0,0.9,Pd,18.005,-112.57051794641232,-2.3119149354072803
15.0,0.9,Pd,18.01,-112.56077693378977,-2.3124019860384077
15.0,0.9,Pd,18.015,-112.55103228051097,-2.312889218702348
15.0,0.9,Pd,18.02,-112.54144200786257,-2.3133687323347676
15.0,0.9,Pd,18.025,-112.53184762269397,-2.3138484515931976
15.0,0.9,Pd,18.03,-112.5224058865559,-2.3143205384001013
15.0,0.9,Pd,18.035,-112.51295989229241,-2.3147928381132754
15.0,0.9,Pd,18.04,-112.50366454270542,-2.3152576055926253
15.0,0.9,Pd,18.045,-112.49436510867065,-2.3157225772943635
15.0,0.9,Pd,18.05,-112.48521404819653,-2.31618013031807
15.0,0.9,Pd,18.055,-112.47605938831245,-2.3166378633122737
15.0,0.9,Pd,18.06,-112.46705057109777,-2.317088304173008
15.0,0.9,Pd,18.065,-112.4580389420226,-2.3175388856267665
15.0,0.9,Pd,18.07,-112.44917037289973,-2.31798231408291
15.0,0.9,Pd,18.075,-112.44030007224275,-2.318425829115759
15.0,0.9,Pd,18.08,-112.43156980586537,-2.318862342434628
15.0,0.9,Pd,18.085,-112.42283917046751,-2.3192988742045206
15.0,0.9,Pd,18.09,-112.41424531047986,-2.3197285672039034
15.0,0.9,Pd,18.095,-112.40565271476162,-2.3201581969898153
15.0,0.9,Pd,18.1,-112.39719341299428,-2.320581162078182
15.0,0.9,Pd,18.105,-112.38873726737391,-2.3210039693592006
15.0,0.9,Pd,18.11,-112.38041072306513,-2.32142029657464
15.0,0.9,Pd,18.115,-112.37208947244314,-2.3218363591057396
15.0,0.9,Pd,18.12,-112.36389393147681,-2.3222461361540563
15.0,0.9,Pd,18.125,-112.35570605378494,-2.322655530038649
15.0,0.9,Pd,18.13,-112.34763980795341,-2.3230588423302256
15.0,0.9,Pd,18.135,-112.33958381277178,-2.3234616420893075
15.0,0.9,Pd,18.14,-112.33164519904778,-2.323858572775507
15.0,0.9,Pd,18.145,-112.32371962628307,-2.324254851413743
15.0,0.9,Pd,18.15,-112.31590702610518,-2.324645481422637
15.0,0.9,Pd,18.155,-112.30811044473566,-2.3250353104911134
15.0,0.9,Pd,18.16,-112.30042228330616,-2.3254197185625882
15.0,0.9,Pd,18.165,-112.29275329018786,-2.3258031682185036
15.0,0.9,Pd,18.17,-112.28518803577373,-2.32618143093921
15.0,0.9,Pd,18.175,-112.27764525451018,-2.326558570002388
15.0,0.9,Pd,18.18,-112.27020141775297,-2.3269307618402477
15.0,0.9,Pd,18.185,-112.26278349762504,-2.327301657846644
15.0,0.9,Pd,18.19,-112.25545963084932,-2.3276678511854305
15.0,0.9,Pd,18.195,-112.24816524580835,-2.3280325704374785
15.0,0.9,Pd,18.2,-112.24095994233552,-2.3283928356111208
15.0,0.9,Pd,18.205,-112.23378779005493,-2.3287514432251495
15.0,0.9,Pd,18.21,-112.22669968351262,-2.329105848552265
15.0,0.9,Pd,18.215,-112.21964848449703,-2.329458408503045
15.0,0.9,Pd,18.22,-112.21267624812857,-2.329807020321468
15.0,0.9,Pd,18.225,-112.20574474488596,-2.330153595483598
15.0,0.9,Pd,18.23,-112.19888709085699,-2.3304964781850472
15.0,0.9,Pd,18.235,-112.19207404712255,-2.330837130371769
15.0,0.9,Pd,18.24,-112.1853297258187,-2.3311743464369608
15.0,0.9,Pd,18.245,-112.17863392583864,-2.3315091364359644
15.0,0.9,Pd,18.25,-112.17200172516311,-2.3318407464697404
15.0,0.9,Pd,18.255,-112.16542197303404,-2.332169734076194
15.0,0.9,Pd,18.26,-112.15890071769273,-2.33249579684326
15.0,0.9,Pd,18.265,-112.15243583675282,-2.332819040890256
15.0,0.9,Pd,18.27,-112.14602438753533,-2.3331396133511295
15.0,0.9,Pd,18.275,-112.13967321980991,-2.3334571717374013
15.0,0.9,Pd,18.28,-112.13337047286277,-2.3337723090847584
15.0,0.9,Pd,18.285,-112.12713187856251,-2.334084238799771
15.0,0.9,Pd,18.29,-112.12093676465041,-2.334393994495376
15.0,0.9,Pd,18.295,-112.11480962171831,-2.3347003516419806
15.0,0.9,Pd,18.3,-112.10872110548188,-2.3350047774538023
15.0,0.9,Pd,18.305,-112.10270430918949,-2.3353056172684217
15.0,0.9,Pd,18.31,-112.09672138838793,-2.3356047633085
15.0,0.9,Pd,18.315,-112.0908138509829,-2.335900140178752
15.0,0.9,Pd,18.32,-112.08493555573169,-2.336194054941312
15.0,0.9,Pd,18.325,-112.07913620612597,-2.3364840224215984
15.0,0.9,Pd,18.33,-112.07336159812456,-2.3367727528216684
15.0,0.9,Pd,18.335,-112.06766938163204,-2.337057363646294
15.0,0.9,Pd,18.34,-112.0619975533834,-2.337340955058726
15.0,0.9,Pd,18.345,-112.05641143149687,-2.3376202611530528
15.0,0.9,Pd,18.35,-112.05084150551666,-2.3378987574520638
15.0,0.9,Pd,18.355,-112.04536045573013,-2.3381728099413897
15.0,0.9,Pd,18.36,-112.03989158375028,-2.3384462535403827
15.0,0.9,Pd,18.365,-112.03451459941739,-2.3387151027570265
15.0,0.9,Pd,18.37,-112.02914596158301,-2.3389835346487455
15.0,0.9,Pd,18.375,-112.02387205181472,-2.3392472301371607
15.0,0.9,Pd,18.38,-112.01860285587107,-2.339510689934343
15.0,0.9,Pd,18.385,-112.01343104547126,-2.339769280454333
15.0,0.9,Pd,18.39,-112.00826052594651,-2.340027806430571
15.0,0.9,Pd,18.395,-112.00318985537805,-2.340281339958994
15.0,0.9,Pd,18.4,-111.99811727276624,-2.3405349690895845
15.0,0.9,Pd,18.405,-111.99314679815224,-2.340783492820284
15.0,0.9,Pd,18.41,-111.98817143808124,-2.3410322608238348
15.0,0.9,Pd,18.415,-111.98330023123508,-2.341275821166142
15.0,0.9,Pd,18.42,-111.9784214036447,-2.3415197625456607
15.0,0.9,Pd,18.425,-111.97364855212864,-2.3417584051214644
15.0,0.9,Pd,18.43,-111.96886559043757,-2.3419975532060175
15.0,0.9,Pd,18.435,-111.96419019764684,-2.342231322845554
15.0,0.9,Pd,18.44,-111.95950245792297,-2.342465709831748
15.0,0.9,Pd,18.445,-111.95492364319774,-2.342694650568009
15.0,0.9,Pd,18.45,-111.95033050332927,-2.3429243075614328
15.0,0.9,Pd,18.455,-111.94584740208032,-2.3431484626238808
15.0,0.9,Pd,18.46,-111.94134826094975,-2.3433734196804084
15.0,0.9,Pd,18.465,-111.93696002481244,-2.3435928314872747
15.0,0.9,Pd,18.47,-111.93255430147332,-2.3438131176542303
15.0,0.9,Pd,18.475,-111.92826009847394,-2.3440278278041995
15.0,0.9,Pd,18.48,-111.92394723133165,-2.3442434711613136
15.0,0.9,Pd,18.485,-111.91974624607269,-2.344453520424262
15.0,0.9,Pd,18.49,-111.91552569207379,-2.3446645481242068
15.0,0.9,Pd,18.495,-111.91141712592925,-2.3448699764314336
15.0,0.9,Pd,18.5,-111.90728835975789,-2.345076414740002
15.0,0.9,Pd,18.505,-111.903271431083,-2.3452772611737465
15.0,0.9,Pd,18.51,-111.89923394436794,-2.3454791355094997
15.0,0.9,Pd,18.515,-111.89530788871342,-2.345675438292225
15.0,0.9,Pd,18.52,-111.89136118924485,-2.3458727732656537
15.0,0.9,Pd,18.525,-111.88752525958522,-2.3460645697486355
15.0,0.9,Pd,18.53,-111.88366887054386,-2.3462573892007037
15.0,0.9,Pd,18.535,-111.87992233750174,-2.3464447158528094
15.0,0.9,Pd,18.54,-111.87615579670626,-2.3466330428925835
15.0,0.9,Pd,18.545,-111.87249794878768,-2.346815935288512
15.0,0.9,Pd,18.55,-111.868820807951,-2.346999792330347
15.0,0.9,Pd,18.555,-111.8652509517749,-2.347178285139152
15.0,0.9,Pd,18.56,-111.86166277578486,-2.347357693938653
15.0,0.9,Pd,18.565,-111.85818023631555,-2.3475318209121188
15.0,0.9,Pd,18.57,-111.85468060252933,-2.34770680260143
15.0,0.9,Pd,18.575,-111.85128472330418,-2.3478765965626875
15.0,0.9,Pd,18.58,-111.84787322086461,-2.3480471716846654
15.0,0.9,Pd,18.585,-111.84456336421633,-2.3482126645170798
15.0,0.9,Pd,18.59,-111.84123959339158,-2.348378853058317
15.0,0.9,Pd,18.595,-111.83801514066187,-2.3485400756948027
15.0,0.9,Pd,18.6,-111.83477871220657,-2.348701897117568
15.0,0.9,Pd,18.605,-111.83163906395504,-2.3488588795301446
15.0,0.9,Pd,18.61,-111.82848959849542,-2.349016352803125
15.0,0.9,Pd,18.615,-111.82543417469552,-2.349169123993121
15.0,0.9,Pd,18.62,-111.82237130213966,-2.3493222676209133
15.0,0.9,Pd,18.625,-111.81939954236132,-2.3494708556098303
15.0,0.9,Pd,18.63,-111.81642290134074,-2.3496196876608595
15.0,0.9,Pd,18.635,-111.81353426492103,-2.3497641194818444
15.0,0.9,Pd,18.64,-111.81064350225459,-2.349908657615167
15.0,0.9,Pd,18.645,-111.80783746845414,-2.350048959305189
15.0,0.9,Pd,18.65,-111.80503223864459,-2.350189220795667
15.0,0.9,Pd,18.655,-111.80230830678346,-2.3503254173887234
15.0,0.9,Pd,18.66,-111.79958827154519,-2.3504614191506366
15.0,0.9,Pd,18.665,-111.79694596112503,-2.3505935346716447
15.0,0.9,Pd,18.67,-111.79431078893717,-2.350725293281038
15.0,0.9,Pd,18.675,-111.79174963974424,-2.3508533507406844
15.0,0.9,Pd,18.68,-111.78919900544452,-2.3509808824556706
15.0,0.9,Pd,18.685,-111.7867185776269,-2.3511049038465517
15.0,0.9,Pd,18.69,-111.78425216203125,-2.351228224626334
15.0,0.9,Pd,18.695,-111.78185203616263,-2.351348230919765
15.0,0.9,Pd,18.7,-111.77946952571972,-2.35146735644191
15.0,0.9,Pd,18.705,-111.77714930283643,-2.351583367586075
15.0,0.9,Pd,18.71,-111.77485038932036,-2.351698313261878
15.0,0.9,Pd,18.715,-111.77260969093453,-2.35181034818117
15.0,0.9,Pd,18.72,-111.77039407116509,-2.351921129169642
15.0,0.9,Pd,18.725,-111.76823253926028,-2.352029205764882
15.0,0.9,Pd,18.73,-111.76609991486487,-2.352135836984653
15.0,0.9,Pd,18.735,-111.76401721186005,-2.352239972134894
15.0,0.9,Pd,18.74,-111.7619672890664,-2.3523424682745766
15.0,0.9,Pd,18.745,-111.75996309776112,-2.352442677839841
15.0,0.9,Pd,18.75,-111.75799558722507,-2.3525410533666427
15.0,0.9,Pd,18.755,-111.75606961071858,-2.3526373521919672
15.0,0.9,Pd,18.76,-111.75418422739185,-2.352731621358304
15.0,0.9,Pd,18.765,-111.75233618897306,-2.352824023279243
15.0,0.9,Pd,18.77,-111.75053265200178,-2.352914200127807
15.0,0.9,Pd,18.775,-111.74876229502011,-2.3530027179768904
15.0,0.9,Pd,18.78,-111.74704032768004,-2.3530888163438943
15.0,0.9,Pd,18.785,-111.74534741538812,-2.35317346195849
15.0,0.9,Pd,18.79,-111.74370674505438,-2.3532554954751776
15.0,0.9,Pd,18.795,-111.7420910604266,-2.3533362797065664
15.0,0.9,Pd,18.8,-111.74053141857914,-2.3534142617989398
15.0,0.9,Pd,18.805,-111.73899276410292,-2.353491194522751
15.0,0.9,Pd,18.81,-111.73751388636592,-2.3535651384096004
15.0,0.9,Pd,18.815,-111.7360520838133,-2.353638228537231
15.0,0.9,Pd,18.82,-111.73465371002453,-2.35370814722667
15.0,0.9,Pd,18.825,-111.73326860019705,-2.353777402718044
15.0,0.9,Pd,18.83,-111.73195047451645,-2.353843309002074
15.0,0.9,Pd,18.835,-111.7306419169653,-2.353908736879631
15.0,0.9,Pd,18.84,-111.72940378801067,-2.3539706433273624
15.0,0.9,Pd,18.845,-111.72817166073747,-2.354032249691022
15.0,0.9,Pd,18.85,-111.72701328175295,-2.3540901686402496
15.0,0.9,Pd,18.855,-111.72585748088794,-2.3541479586834995
15.0,0.9,Pd,18.86,-111.72477860994229,-2.354201902230782
15.0,0.9,Pd,18.865,-111.72369904939998,-2.3542558802578974
15.0,0.9,Pd,18.87,-111.7226994496148,-2.3543058602471563
15.0,0.9,Pd,18.875,-111.72169606073197,-2.354356029691298
15.0,0.9,Pd,18.88,-111.72077550053737,-2.354402057701028
15.0,0.9,Pd,18.885,-111.71984823169005,-2.3544484211433936
15.0,0.9,Pd,18.89,-111.71900648510673,-2.35449050847256
15.0,0.9,Pd,18.895,-111.71815530131234,-2.3545330676622798
15.0,0.9,Pd,18.9,-111.71739214825895,-2.354571225314949
15.0,0.9,Pd,18.905,-111.71661703076171,-2.3546099811898107
15.0,0.9,Pd,18.91,-111.71593225738705,-2.354644219858544
15.0,0.9,Pd,18.915,-111.71523320322348,-2.3546791725667227
15.0,0.9,Pd,18.92,-111.7146266022633,-2.3547095026147318
15.0,0.9,Pd,18.925,-111.71400362382298,-2.3547406515367477
15.0,0.9,Pd,18.93,-111.71347499497075,-2.3547670829793588
15.0,0.9,Pd,18.935,-111.71292811953597,-2.354794426751098
15.0,0.9,Pd,18.94,-111.712477269843,-2.3548169692357463
15.0,0.9,Pd,18.945,-111.71200653912638,-2.354840505771577
15.0,0.9,Pd,18.95,-111.71163328341059,-2.354859168557367
15.0,0.9,Pd,18.955,-111.71123875307603,-2.3548788950740946
15.0,0.9,Pd,18.96,-111.7109429143544,-2.354893687010176
15.0,0.9,Pd,18.965,-111.71062465353737,-2.3549096000510277
15.0,0.9,Pd,18.97,-111.71040606346584,-2.354920529554604
15.0,0.9,Pd,18.975,-111.71016415428396,-2.3549326250136984
15.0,0.9,Pd,18.98,-111.71002265361658,-2.3549397000470678
15.0,0.9,Pd,18.985,-111.70985719067782,-2.3549479731940055
15.0,0.9,Pd,18.99,-111.70979262973177,-2.354951201241308
15.0,0.9,Pd,18.995,-111.70970371964152,-2.3549556467458204
15.0,0.9,Pd,19.0,-111.70971595877391,-2.3549550347892008
