L_support_nm,pzc_support_V,material,x_nm,phi_RP_mV,sigma_uC_per_cm2
15.0,0.1,Au,0.0,-185.71724920756336,-8.58582983789808
15.0,0.1,Au,0.005,-185.71717628536925,-8.585833484007786
15.0,0.1,Au,0.01,-185.71556284116576,-8.58591415621796
15.0,0.1,Au,0.015,-185.71380224111806,-8.586002186220346
15.0,0.1,Au,0.02,-185.71050350118495,-8.586167123217
15.0,0.1,Au,0.025,-185.707053674963,-8.586339614528098
15.0,0.1,Au,0.03,-185.70207046517555,-8.58658877501747
15.0,0.1,Au,0.035,-185.69692963141833,-8.586845816705333
15.0,0.1,Au,0.04,-185.69026252877535,-8.58717917183748
15.0,0.1,Au,0.045,-185.68342867680272,-8.587520864436113
15.0,0.1,Au,0.05,-185.67507800527977,-8.587938398012259
15.0,0.1,Au,0.055,-185.66654889869636,-8.58836485334143
15.0,0.1,Au,0.06,-185.6565147250415,-8.588866562024174
15.0,0.1,Au,0.065,-185.64628790521596,-8.589377903015452
15.0,0.1,Au,0.07,-185.63457003470208,-8.589963796541145
15.0,0.1,Au,0.075,-185.6226428241094,-8.590560157070778
15.0,0.1,Au,0.08,-185.60924079624507,-8.591230258463995
15.0,0.1,Au,0.085,-185.5956103016623,-8.591911783193133
15.0,0.1,Au,0.09,-185.58052338588274,-8.592666128982112
15.0,0.1,Au,0.095,-185.56518650142866,-8.593432973204816
15.0,0.1,Au,0.1,-185.5484136927614,-8.594271613638178
15.0,0.1,Au,0.105,-185.5313671027695,-8.595123943137772
15.0,0.1,Au,0.11,-185.5129071174963,-8.596046942401433
15.0,0.1,Au,0.115,-185.49414729921094,-8.596984933315701
15.0,0.1,Au,0.12,-185.47399857052793,-8.597992369749852
15.0,0.1,Au,0.125,-185.45352179661324,-8.599016208445585
15.0,0.1,Au,0.13,-185.43168247029982,-8.600108174761258
15.0,0.1,Au,0.135,-185.40948481115228,-8.601218057718635
15.0,0.1,Au,0.14,-185.38595274125683,-8.602394661213406
15.0,0.1,Au,0.145,-185.36203006710957,-8.60359079492077
15.0,0.1,Au,0.15,-185.3368028116618,-8.604852157693157
15.0,0.1,Au,0.155,-185.3111507944759,-8.606134758552454
15.0,0.1,Au,0.16,-185.28422561122994,-8.60748101771475
15.0,0.1,Au,0.165,-185.25683972635466,-8.608850311958516
15.0,0.1,Au,0.17,-185.2282135685742,-8.610281619847537
15.0,0.1,Au,0.175,-185.19908909617743,-8.611737843467376
15.0,0.1,Au,0.18,-185.16875860846943,-8.613254367852777
15.0,0.1,Au,0.185,-185.13789063471583,-8.614797766540457
15.0,0.1,Au,0.19,-185.10585214891896,-8.6163996908303
15.0,0.1,Au,0.195,-185.07323556690048,-8.618030519931224
15.0,0.1,Au,0.2,-185.03948509803402,-8.619718043374547
15.0,0.1,Au,0.205,-185.00511460843353,-8.621436567854571
15.0,0.1,Au,0.21,-184.9696478507149,-8.623209905740502
15.0,0.1,Au,0.215,-184.93351796219827,-8.625016400166336
15.0,0.1,Au,0.22,-184.8963302851345,-8.626875784019523
15.0,0.1,Au,0.225,-184.85843531446324,-8.628770532553085
15.0,0.1,Au,0.23,-184.81952175902094,-8.6307162103252
15.0,0.1,Au,0.235,-184.77985583087542,-8.632699506732477
15.0,0.1,Au,0.24,-184.73921110573426,-8.634731742989535
15.0,0.1,Au,0.245,-184.6977681522381,-8.636803890664343
15.0,0.1,Au,0.25,-184.65538663013663,-8.638922966769416
15.0,0.1,Au,0.255,-184.61216039007863,-8.641084278772317
15.0,0.1,Au,0.26,-184.5680361042475,-8.643290493063873
15.0,0.1,Au,0.265,-184.5230201219901,-8.645541292176743
15.0,0.1,Au,0.27,-184.47714676268592,-8.647834960141951
15.0,0.1,Au,0.275,-184.43033438675488,-8.650175578938505
15.0,0.1,Au,0.28,-184.3827052978911,-8.652557033381694
15.0,0.1,Au,0.285,-184.33408967923756,-8.65498781431437
15.0,0.1,Au,0.29,-184.28469785511922,-8.657457405520287
15.0,0.1,Au,0.295,-184.23427194504967,-8.659978701023764
15.0,0.1,Au,0.3,-184.18311002721023,-8.662536796915736
15.0,0.1,Au,0.305,-184.13086657497817,-8.665148969527339
15.0,0.1,Au,0.31,-184.0779268491224,-8.667795955820127
15.0,0.1,Au,0.315,-184.02385839917238,-8.67049937831763
15.0,0.1,Au,0.32,-183.96913279222656,-8.67323565866492
15.0,0.1,Au,0.325,-183.91323168109142,-8.676030714221678
15.0,0.1,Au,0.33,-183.85671175835762,-8.678856710358367
15.0,0.1,Au,0.335,-183.7989701111979,-8.681743792716354
15.0,0.1,Au,0.34,-183.74064707361558,-8.68465994459547
15.0,0.1,Au,0.345,-183.6810568004003,-8.687639458256232
15.0,0.1,Au,0.35,-183.6209214819101,-8.690646224180743
15.0,0.1,Au,0.355,-183.55947427323304,-8.693718584614595
15.0,0.1,Au,0.36,-183.49751713824625,-8.696816441363936
15.0,0.1,Au,0.365,-183.43420446077482,-8.699982075237507
15.0,0.1,Au,0.37,-183.37041560174035,-8.70317151818923
15.0,0.1,Au,0.375,-183.30522869329317,-8.706430863611589
15.0,0.1,Au,0.38,-183.23959782836056,-8.709712406858221
15.0,0.1,Au,0.385,-183.17252769261214,-8.713065913645641
15.0,0.1,Au,0.39,-183.10504416338952,-8.716440090106772
15.0,0.1,Au,0.395,-183.03608156419662,-8.719888220066418
15.0,0.1,Au,0.4,-182.96673433359305,-8.723355581596595
15.0,0.1,Au,0.405,-182.89586978894818,-8.726898808828839
15.0,0.1,Au,0.41,-182.8246474390992,-8.730459926321288
15.0,0.1,Au,0.415,-182.75187121469827,-8.734098737541334
15.0,0.1,Au,0.42,-182.67876194496628,-8.737754201027933
15.0,0.1,Au,0.425,-182.6040640474012,-8.741489095906188
15.0,0.1,Au,0.43,-182.52905567244332,-8.745239514654083
15.0,0.1,Au,0.435,-182.45242584201245,-8.749071006175626
15.0,0.1,Au,0.44,-182.37550578990715,-8.75291700878089
15.0,0.1,Au,0.445,-182.29693349304628,-8.756845623623933
15.0,0.1,Au,0.45,-182.21808880347118,-8.76078785810269
15.0,0.1,Au,0.455,-182.1375632248041,-8.764814137036044
15.0,0.1,Au,0.46,-182.0567805472547,-8.768853270913512
15.0,0.1,Au,0.465,-181.9742905812644,-8.772977769213028
15.0,0.1,Au,0.47,-181.89155617329965,-8.777114489611265
15.0,0.1,Au,0.475,-181.8070904156247,-8.781337777495013
15.0,0.1,Au,0.48,-181.72239014113396,-8.78557279121955
15.0,0.1,Au,0.485,-181.63593687948878,-8.789895454301808
15.0,0.1,Au,0.49,-181.5492562069595,-8.794229487928272
15.0,0.1,Au,0.495,-181.46080341168334,-8.79865212769208
15.0,0.1,Au,0.5,-181.37212741246347,-8.803085927653074
15.0,0.1,Au,0.505,-181.28166272669893,-8.807609161941302
15.0,0.1,Au,0.51,-181.19097607323596,-8.812143494614451
15.0,0.1,Au,0.515,-181.09848680274064,-8.816767958139216
15.0,0.1,Au,0.52,-181.00577376677958,-8.821403609937269
15.0,0.1,Au,0.525,-180.91124686937948,-8.826129954807275
15.0,0.1,Au,0.53,-180.81649132010907,-8.830867732270795
15.0,0.1,Au,0.535,-180.7199133947889,-8.835696628536803
15.0,0.1,Au,0.54,-180.6230987969137,-8.840537358430565
15.0,0.1,Au,0.545,-180.52445607255726,-8.845469494648386
15.0,0.1,Au,0.55,-180.4255654842814,-8.850414024062179
15.0,0.1,Au,0.555,-180.32484380806278,-8.85545010787311
15.0,0.1,Au,0.56,-180.22385987896263,-8.860499304328115
15.0,0.1,Au,0.565,-180.12104470439235,-8.865640063056631
15.0,0.1,Au,0.57,-180.01794967316,-8.870794814618248
15.0,0.1,Au,0.575,-179.91302604779662,-8.876040995886417
15.0,0.1,Au,0.58,-179.80780173983393,-8.881302211284552
15.0,0.1,Au,0.585,-179.70075429265898,-8.886654583643299
15.0,0.1,Au,0.59,-179.59338211750122,-8.892023192401187
15.0,0.1,Au,0.595,-179.48419504597032,-8.897482545977732
15.0,0.1,Au,0.6,-179.37465599451184,-8.902959498550658
15.0,0.1,Au,0.605,-179.26331305128562,-8.908526645711968
15.0,0.1,Au,0.61,-179.15158769278935,-8.91411291363678
15.0,0.1,Au,0.615,-179.03807217214808,-8.919788689668845
15.0,0.1,Au,0.62,-178.92414065101386,-8.925485265725555
15.0,0.1,Au,0.625,-178.8084353749644,-8.931270529528028
15.0,0.1,Au,0.63,-178.69227740722658,-8.93707842791492
15.0,0.1,Au,0.635,-178.57436471130856,-8.942974062710821
15.0,0.1,Au,0.64,-178.45595958084186,-8.948894319234155
15.0,0.1,Au,0.645,-178.33582129963364,-8.954901233294567
15.0,0.1,Au,0.65,-178.2151478540409,-8.960934905574202
15.0,0.1,Au,0.655,-178.09276530637874,-8.96705403295731
15.0,0.1,Au,0.66,-177.96980195252496,-8.97320220065
15.0,0.1,Au,0.665,-177.84515592643478,-8.979434501954508
15.0,0.1,Au,0.67,-177.71988062560914,-8.985698266995792
15.0,0.1,Au,0.675,-177.59295136296075,-8.99204473012821
15.0,0.1,Au,0.68,-177.46534162563225,-8.998425216994637
15.0,0.1,Au,0.685,-177.3361088065146,-9.004886857950519
15.0,0.1,Au,0.69,-177.20614168665148,-9.011385213943674
15.0,0.1,Au,0.695,-177.07458441348257,-9.01796307760212
15.0,0.1,Au,0.7,-176.94223650240693,-9.024580473155902
15.0,0.1,Au,0.705,-176.8083332837745,-9.031275634087525
15.0,0.1,Au,0.71,-176.6735807035183,-9.038013263100334
15.0,0.1,Au,0.715,-176.53730943775616,-9.044826826388439
15.0,0.1,Au,0.72,-176.40012783389164,-9.051685906581666
15.0,0.1,Au,0.725,-176.26146579239898,-9.058619008656299
15.0,0.1,Au,0.73,-176.12183032630307,-9.065600781961095
15.0,0.1,Au,0.735,-175.98075413660357,-9.072654591446069
15.0,0.1,Au,0.74,-175.8386394771307,-9.079760324419714
15.0,0.1,Au,0.745,-175.69512510567324,-9.086936042992587
15.0,0.1,Au,0.75,-175.55050542019893,-9.094167027266302
15.0,0.1,Au,0.755,-175.4045281549017,-9.101465890531163
15.0,0.1,Au,0.76,-175.25737709970423,-9.108823443291037
15.0,0.1,Au,0.765,-175.10891153224006,-9.116246721664245
15.0,0.1,Au,0.77,-174.95920224218392,-9.123732186167052
15.0,0.1,Au,0.775,-174.80822225000261,-9.131281185776118
15.0,0.1,Au,0.78,-174.6559273274892,-9.13889593190179
15.0,0.1,Au,0.785,-174.50240605557923,-9.146571995497286
15.0,0.1,Au,0.79,-174.3474975587273,-9.154317420339883
15.0,0.1,Au,0.795,-174.19140740110305,-9.162121928221096
15.0,0.1,Au,0.8,-174.03385683112617,-9.169999456719939
15.0,0.1,Au,0.805,-173.87516941204177,-9.17793382767416
15.0,0.1,Au,0.81,-173.71494769978088,-9.185944913287205
15.0,0.1,Au,0.815,-173.5536338546576,-9.194010605543369
15.0,0.1,Au,0.82,-173.3907113462325,-9.202156730964623
15.0,0.1,Au,0.825,-173.22674110229386,-9.210355243161555
15.0,0.1,Au,0.83,-173.0610875438386,-9.21863792108432
15.0,0.1,Au,0.835,-172.89443010043578,-9.22697079325446
15.0,0.1,Au,0.84,-172.72601462187347,-9.235391567182575
15.0,0.1,Au,0.845,-172.55663833049132,-9.243860381751682
15.0,0.1,Au,0.85,-172.3854294283156,-9.252420826860467
15.0,0.1,Au,0.855,-172.2133017722416,-9.261027209664167
15.0,0.1,Au,0.86,-172.03926729125638,-9.269728933713429
15.0,0.1,Au,0.865,-171.86435486489503,-9.278474555031496
15.0,0.1,Au,0.87,-171.68746197887995,-9.28731919933225
15.0,0.1,Au,0.875,-171.50973046668878,-9.296205774941809
15.0,0.1,Au,0.88,-171.3299456579449,-9.305195015379002
15.0,0.1,Au,0.885,-171.149359812971,-9.314224307627699
15.0,0.1,Au,0.89,-170.96664885070274,-9.323359855741112
15.0,0.1,Au,0.895,-170.78317247269445,-9.332533674641526
15.0,0.1,Au,0.9,-170.59750039019002,-9.341817278766747
15.0,0.1,Au,0.905,-170.41109630324996,-9.35113748311375
15.0,0.1,Au,0.91,-170.2224273738121,-9.360570929585643
15.0,0.1,Au,0.915,-170.0330574035631,-9.370039428098092
15.0,0.1,Au,0.92,-169.8413551151463,-9.379624542518933
15.0,0.1,Au,0.925,-169.64898006537263,-9.389243295007617
15.0,0.1,Au,0.93,-169.45420709388196,-9.39898194358215
15.0,0.1,Au,0.935,-169.2587867226105,-9.408752962145723
15.0,0.1,Au,0.94,-169.06090490381303,-9.418647053085596
15.0,0.1,Au,0.945,-168.86239789878292,-9.428572403337103
15.0,0.1,Au,0.95,-168.66136819878585,-9.438623888336956
15.0,0.1,Au,0.955,-168.45973215226965,-9.448705690662766
15.0,0.1,Au,0.96,-168.25551463651394,-9.45891656645055
15.0,0.1,Au,0.965,-168.05070601943416,-9.46915699730454
15.0,0.1,Au,0.97,-167.8432598201502,-9.479529307268738
15.0,0.1,Au,0.975,-167.63523395543783,-9.489930600504357
15.0,0.1,Au,0.98,-167.42451723751424,-9.500466436400536
15.0,0.1,Au,0.985,-167.2132282726494,-9.511030884643779
15.0,0.1,Au,0.99,-166.9991981978559,-9.521732388383453
15.0,0.1,Au,0.995,-166.78459907652777,-9.53246234444986
15.0,0.1,Au,1.0,-166.56721176603733,-9.543331709974382
15.0,0.1,Au,1.005,-166.34925419885238,-9.55422958833363
15.0,0.1,Au,1.01,-166.12846469400216,-9.56526906357614
15.0,0.1,Au,1.015,-165.90709912816814,-9.576337341867841
15.0,0.1,Au,1.02,-165.6828613493955,-9.587549230806474
15.0,0.1,Au,1.025,-165.4580369373031,-9.598790451411093
15.0,0.1,Au,1.03,-165.23030364119242,-9.610177116216628
15.0,0.1,Au,1.035,-165.0019682078032,-9.621593887886089
15.0,0.1,Au,1.04,-164.7706909421768,-9.633157751167408
15.0,0.1,Au,1.045,-164.5387909511329,-9.644752750719602
15.0,0.1,Au,1.05,-164.30392000810787,-9.656496297870856
15.0,0.1,Au,1.055,-164.0684005264647,-9.668272271953013
15.0,0.1,Au,1.06,-163.82988489340607,-9.680198053605944
15.0,0.1,Au,1.065,-163.59068955487456,-9.692157820532522
15.0,0.1,Au,1.07,-163.34847686316303,-9.704268455118097
15.0,0.1,Au,1.075,-163.1055478297629,-9.716414906788103
15.0,0.1,Au,1.08,-162.85958430128403,-9.728713083212046
15.0,0.1,Au,1.085,-162.6128622232783,-9.741049187112333
15.0,0.1,Au,1.09,-162.36309261455173,-9.753537667548661
15.0,0.1,Au,1.095,-162.11251658854223,-9.766066468849138
15.0,0.1,Au,1.1,-161.8588841323896,-9.77874809165677
15.0,0.1,Au,1.105,-161.6043916574312,-9.791472715404687
15.0,0.1,Au,1.11,-161.34683800207733,-9.804350398172382
15.0,0.1,Au,1.115,-161.08836493367073,-9.817274051592712
15.0,0.1,Au,1.12,-160.826830079174,-9.83035079431755
15.0,0.1,Au,1.125,-160.56431058097837,-9.84347676922733
15.0,0.1,Au,1.13,-160.29873281286328,-9.856755657633084
15.0,0.1,Au,1.135,-160.03209930596992,-9.870087332977752
15.0,0.1,Au,1.14,-159.76241512594163,-9.883571541979167
15.0,0.1,Au,1.145,-159.4915982355259,-9.897112386499952
15.0,0.1,Au,1.15,-159.2177422891248,-9.910805183820008
15.0,0.1,Au,1.155,-158.94267078829384,-9.924558758861558
15.0,0.1,Au,1.16,-158.66457578934902,-9.938463508808798
15.0,0.1,Au,1.165,-158.38517653998207,-9.952433471277145
15.0,0.1,Au,1.17,-158.10277319169583,-9.966553638691456
15.0,0.1,Au,1.175,-157.81897108206806,-9.980743744172846
15.0,0.1,Au,1.18,-157.53218799457144,-9.995082898547675
15.0,0.1,Au,1.185,-157.2439058735251,-10.009497004599993
15.0,0.1,Au,1.19,-156.95266947771015,-10.02405882439074
15.0,0.1,Au,1.195,-156.65982808514119,-10.03870089401919
15.0,0.1,Au,1.2,-156.36406254257378,-10.05348917114756
15.0,0.1,Au,1.205,-156.06658043596323,-10.068363276478088
15.0,0.1,Au,1.21,-155.76620754466046,-10.083381921043225
15.0,0.1,Au,1.215,-155.46400102137872,-10.098492247207313
15.0,0.1,Au,1.22,-155.15894011721295,-10.1137452924156
15.0,0.1,Au,1.225,-154.85192313229592,-10.129096141661451
15.0,0.1,Au,1.23,-154.54209098577348,-10.144587748987574
15.0,0.1,Au,1.235,-154.2301750648555,-10.160183545033473
15.0,0.1,Au,1.24,-153.91548577299,-10.175918009626749
15.0,0.1,Au,1.245,-153.59857992004424,-10.191763302274035
15.0,0.1,Au,1.25,-153.2789447930275,-10.207745058624873
15.0,0.1,Au,1.255,-152.95695539255647,-10.223844528648424
15.0,0.1,Au,1.26,-152.6322828348956,-10.240078156531467
15.0,0.1,Au,1.265,-152.30511354816923,-10.256436620867786
15.0,0.1,Au,1.27,-151.97530893393613,-10.272926851579442
15.0,0.1,Au,1.275,-151.6428605888582,-10.289549268833339
15.0,0.1,Au,1.28,-151.30782613066214,-10.306300991743141
15.0,0.1,Au,1.285,-150.96999660480404,-10.323192468036046
15.0,0.1,Au,1.29,-150.62963121606302,-10.340210737473097
15.0,0.1,Au,1.295,-150.28631531237951,-10.357376532657273
15.0,0.1,Au,1.3,-149.9405144624298,-10.374666575154757
15.0,0.1,Au,1.305,-149.59160377711567,-10.392112109420465
15.0,0.1,Au,1.31,-149.2402593386538,-10.409679331343558
15.0,0.1,Au,1.315,-148.88564212057616,-10.42741019224744
15.0,0.1,Au,1.32,-148.52864220887997,-10.445260187832249
15.0,0.1,Au,1.325,-148.16820320995768,-10.463282137778364
15.0,0.1,Au,1.33,-147.80543201328595,-10.48142069761195
15.0,0.1,Au,1.335,-147.43905232914648,-10.499739681818925
15.0,0.1,Au,1.34,-147.07038992965147,-10.518172801793675
15.0,0.1,Au,1.345,-146.69794682982763,-10.536794956784867
15.0,0.1,Au,1.35,-146.32326901426066,-10.555528847563215
15.0,0.1,Au,1.355,-145.9446357611409,-10.574460510219204
15.0,0.1,Au,1.36,-145.56381382054806,-10.593501607248845
15.0,0.1,Au,1.365,-145.17885947620294,-10.612749324466101
15.0,0.1,Au,1.37,-144.79175999374698,-10.6321042985889
15.0,0.1,Au,1.375,-144.40034921369357,-10.65167483759157
15.0,0.1,Au,1.38,-144.00683383963238,-10.67135060629463
15.0,0.1,Au,1.385,-143.6088266525035,-10.691250965651074
15.0,0.1,Au,1.39,-143.20875186527516,-10.711254705012491
15.0,0.1,Au,1.395,-142.80400343725915,-10.73149212641329
15.0,0.1,Au,1.4,-142.3972202895024,-10.751831283801128
15.0,0.1,Au,1.405,-141.9855806723193,-10.772413264660283
15.0,0.1,Au,1.41,-141.57193452054943,-10.793095572248777
15.0,0.1,Au,1.415,-141.15324838160058,-10.81402987919622
15.0,0.1,Au,1.42,-140.73257859811562,-10.835063368370468
15.0,0.1,Au,1.425,-140.3066849313109,-10.856358051710703
15.0,0.1,Au,1.43,-139.87882459676223,-10.877751068438137
15.0,0.1,Au,1.435,-139.44555641237113,-10.899414477657691
15.0,0.1,Au,1.44,-139.01033198725526,-10.921175698913485
15.0,0.1,Au,1.445,-138.56951597896716,-10.94321649932789
15.0,0.1,Au,1.45,-138.12674695210782,-10.965354950670857
15.0,0.1,Au,1.455,-137.67820313927686,-10.987782141312405
15.0,0.1,Au,1.46,-137.2277016511541,-11.010307215718544
15.0,0.1,Au,1.465,-136.77124299399867,-11.033130148576314
15.0,0.1,Au,1.47,-136.31281343253772,-11.056051626649362
15.0,0.1,Au,1.475,-135.84824541781012,-11.079280027385742
15.0,0.1,Au,1.48,-135.38168398396252,-11.102608099078122
15.0,0.1,Au,1.485,-134.90880417832267,-11.126252089360115
15.0,0.1,Au,1.49,-134.4338984184759,-11.149997377352452
15.0,0.1,Au,1.495,-133.95249598648508,-11.174067498951995
15.0,0.1,Au,1.5,-133.46902428836566,-11.198241083857965
15.0,0.1,Au,1.505,-132.97887947165287,-11.222748324693605
15.0,0.1,Au,1.51,-132.48661051999235,-11.24736177227663
15.0,0.1,Au,1.515,-131.98749407372722,-11.272317594589886
15.0,0.1,Au,1.52,-131.48618626150338,-11.297382985201079
15.0,0.1,Au,1.525,-130.977858843833,-11.3227993560846
15.0,0.1,Au,1.53,-130.46725963436526,-11.348329316557985
15.0,0.1,Au,1.535,-129.9494711439267,-11.374218741079913
15.0,0.1,Au,1.54,-129.42931637848972,-11.400226479351762
15.0,0.1,Au,1.545,-128.90180523448126,-11.426602036552186
15.0,0.1,Au,1.55,-128.3718183794173,-11.453101379305384
15.0,0.1,Au,1.555,-127.83431073797964,-11.479976761377268
15.0,0.1,Au,1.56,-127.2942020644684,-11.506982195052828
15.0,0.1,Au,1.565,-126.74641096428685,-11.534371750061906
15.0,0.1,Au,1.57,-126.19587665299625,-11.561898465626436
15.0,0.1,Au,1.575,-125.63750108206071,-11.589817244173213
15.0,0.1,Au,1.58,-125.07622224380916,-11.617881186085791
15.0,0.1,Au,1.585,-124.506946118122,-11.646344992370148
15.0,0.1,Au,1.59,-123.9345877204109,-11.674962912255705
15.0,0.1,Au,1.595,-123.35407876410348,-11.703988360071074
15.0,0.1,Au,1.6,-122.77028845188183,-11.733177875682157
15.0,0.1,Au,1.605,-122.17819696663972,-11.762782449944261
15.0,0.1,Au,1.61,-121.58260376390929,-11.792562110080784
15.0,0.1,Au,1.615,-120.97856127375225,-11.822764234588636
15.0,0.1,Au,1.62,-120.37077415054509,-11.853153590748994
15.0,0.1,Au,1.625,-119.75439190584476,-11.88397270298401
15.0,0.1,Au,1.63,-119.13399819265095,-11.9149923886437
15.0,0.1,Au,1.635,-118.5048655146729,-11.946449022542604
15.0,0.1,Au,1.64,-117.87142914346668,-11.978120841102914
15.0,0.1,Au,1.645,-117.2291115876408,-12.010236718894207
15.0,0.1,Au,1.65,-116.58217113515785,-12.042583741518357
15.0,0.1,Au,1.655,-115.92620844759443,-12.075381875896527
15.0,0.1,Au,1.66,-115.26527495230864,-12.108428550660816
15.0,0.1,Au,1.665,-114.59517878961924,-12.141933358795287
15.0,0.1,Au,1.67,-113.91973330878406,-12.175705632837044
15.0,0.1,Au,1.675,-113.234984685907,-12.2099430639809
15.0,0.1,Au,1.68,-112.54447555287754,-12.24446852063237
15.0,0.1,Au,1.685,-111.8445219770483,-12.279466199423833
15.0,0.1,Au,1.69,-111.1383617115645,-12.314774212698024
15.0,0.1,Au,1.695,-110.4226139525913,-12.350561600646683
15.0,0.1,Au,1.7,-109.70017576746902,-12.386683509902797
15.0,0.1,Au,1.705,-108.9680042046251,-12.423292088044994
15.0,0.1,Au,1.71,-108.22861804089045,-12.460261396231726
15.0,0.1,Au,1.715,-107.4793485145542,-12.497724872548538
15.0,0.1,Au,1.72,-106.72229652285353,-12.535577472133571
15.0,0.1,Au,1.725,-105.95520560384084,-12.573932018084205
15.0,0.1,Au,1.73,-105.17971697216946,-12.612706449667776
15.0,0.1,Au,1.735,-104.39402654263478,-12.65199097114451
15.0,0.1,Au,1.74,-103.59927154797752,-12.691728720877371
15.0,0.1,Au,1.745,-102.79414256363016,-12.73198517009474
15.0,0.1,Au,1.75,-101.97922569653042,-12.772731013449729
15.0,0.1,Au,1.755,-101.15375096912685,-12.814004749819908
15.0,0.1,Au,1.76,-100.31770294352096,-12.855807151100201
15.0,0.1,Au,1.765,-99.47089874297832,-12.898147361127332
15.0,0.1,Au,1.77,-98.61266715611544,-12.941058940470477
15.0,0.1,Au,1.775,-97.74346338009002,-12.98451912927175
15.0,0.1,Au,1.78,-96.86190172515698,-13.0285972120184
15.0,0.1,Au,1.785,-95.96913031632967,-13.073235782459763
15.0,0.1,Au,1.79,-95.06298496811873,-13.118543049870313
15.0,0.1,Au,1.795,-94.14536616968006,-13.164423989792246
15.0,0.1,Au,1.8,-93.21326085346831,-13.211029255602833
15.0,0.1,Au,1.805,-92.26938677266835,-13.25822295964283
15.0,0.1,Au,1.81,-91.30980387710089,-13.306202104421205
15.0,0.1,Au,1.815,-90.33811866250481,-13.354786365151009
15.0,0.1,Au,1.82,-89.34937655183217,-13.40422347068464
15.0,0.1,Au,1.825,-88.34815226303164,-13.454284685124668
15.0,0.1,Au,1.83,-87.32837745714465,-13.505273425419015
15.0,0.1,Au,1.835,-86.2956843872484,-13.556908078913828
15.0,0.1,Au,1.84,-85.2427770704138,-13.609553444755559
15.0,0.1,Au,1.845,-84.17644682680013,-13.662869956936241
15.0,0.1,Au,1.85,-83.08803755608872,-13.717290420471812
15.0,0.1,Au,1.855,-81.98561654248316,-13.77241147115209
15.0,0.1,Au,1.86,-80.85901115488096,-13.8287417405322
15.0,0.1,Au,1.865,-79.71770111185015,-13.88580724268374
15.0,0.1,Au,1.87,-78.54980950933984,-13.944201822809257
15.0,0.1,Au,1.875,-77.36639026642473,-14.003372784955012
15.0,0.1,Au,1.88,-76.15363270715399,-14.06401066291855
15.0,0.1,Au,1.885,-74.92435994153527,-14.125474301199484
15.0,0.1,Au,1.89,-73.66254117878498,-14.188565239337
15.0,0.1,Au,1.895,-72.38300815791425,-14.252541890380535
15.0,0.1,Au,1.9,-71.06714431573475,-14.318335082489511
15.0,0.1,Au,1.905,-69.7320901911936,-14.385087788716566
15.0,0.1,Au,1.91,-68.35616384202937,-14.45388410617478
15.0,0.1,Au,1.915,-66.95919982614474,-14.523732306969011
15.0,0.1,Au,1.92,-65.51580164773836,-14.59590221588933
15.0,0.1,Au,1.925,-64.04900568082778,-14.66924201423486
15.0,0.1,Au,1.93,-62.52878824213195,-14.745252886169652
15.0,0.1,Au,1.935,-60.982078104609066,-14.822588393045793
15.0,0.1,Au,1.94,-59.372879643126616,-14.903048316119918
15.0,0.1,Au,1.945,-57.7329883952567,-14.985042878513413
15.0,0.1,Au,1.95,-56.01833189413792,-15.070775703569353
15.0,0.1,Au,1.955,-54.26700867526423,-15.158341864513037
15.0,0.1,Au,1.96,-52.42329544195199,-15.250527526178647
15.0,0.1,Au,1.965,-50.53382119551553,-15.345001238500473
15.0,0.1,Au,1.97,-48.52439262361307,-15.445472667095594
15.0,0.1,Au,1.975,-46.45379787499369,-15.549002404526563
15.0,0.1,Au,1.98,-44.21373788036364,-15.661005404258066
15.0,0.1,Au,1.985,-41.88083749667836,-15.77765042344233
15.0,0.1,Au,1.99,-39.26218699350161,-15.908582948601168
15.0,0.1,Au,1.995,-36.443972495248296,-16.049493673513833
15.0,0.1,Au,2.0,-32.670298409750956,-16.238177377788702
15.0,0.1,C,2.0,-32.670298409750956,10.104729048884522
15.0,0.1,C,2.009993337775,-26.052359735949874,9.9723702754085
15.0,0.1,C,2.01998667555,-21.039713047888505,9.872117341647273
15.0,0.1,C,2.029980013324,-16.645010419191177,9.784223289073326
15.0,0.1,C,2.039973351099,-12.644222214358367,9.70420752497667
15.0,0.1,C,2.049966688874,-8.932618782307712,9.629975456335657
15.0,0.1,C,2.059960026649,-5.449033838019683,9.560303757449896
15.0,0.1,C,2.069953364424,-2.153279229261777,9.49438866527474
15.0,0.1,C,2.079946702199,0.9830836015384605,9.431661408658734
15.0,0.1,C,2.089940039973,3.9812402035480368,9.371698276618542
15.0,0.1,C,2.099933377748,6.857581608104688,9.314171448527409
15.0,0.1,C,2.109926715523,9.625163553074426,9.258819809628015
15.0,0.1,C,2.119920053298,12.294627854965938,9.205430523590184
15.0,0.1,C,2.129913391073,14.874813018515622,9.15382682031919
15.0,0.1,C,2.139906728847,17.37317498357361,9.103859581018032
15.0,0.1,C,2.149900066622,19.79608650582028,9.055401350573097
15.0,0.1,C,2.159893404397,22.14905599121953,9.008341960865113
15.0,0.1,C,2.169886742172,24.436891167693574,8.96258525733563
15.0,0.1,C,2.179880079947,26.663823939500606,8.91804660189949
15.0,0.1,C,2.189873417722,28.833607285178037,8.874650934985942
15.0,0.1,C,2.199866755496,30.949591605307475,8.832331248583353
15.0,0.1,C,2.209860093271,33.0147856919,8.791027366851504
15.0,0.1,C,2.219853431046,35.03190600062854,8.750684960676931
15.0,0.1,C,2.229846768821,37.00341690398216,8.711254742609858
15.0,0.1,C,2.239840106596,38.931563894667015,8.672691802796162
15.0,0.1,C,2.24983344437,40.81840121714942,8.634955056346515
15.0,0.1,C,2.259826782145,42.66581504884874,8.598006779712527
15.0,0.1,C,2.26982011992,44.47554308885011,8.5618122189125
15.0,0.1,C,2.279813457695,46.2491912264669,8.526339256160165
15.0,0.1,C,2.28980679547,47.98824781139031,8.491558124461696
15.0,0.1,C,2.299800133245,49.69409594214124,8.457441161846678
15.0,0.1,C,2.309793471019,51.36802410453484,8.423962598598806
15.0,0.1,C,2.319786808794,53.011235428671036,8.391098372116081
15.0,0.1,C,2.329780146569,54.62485577906797,8.358825965108144
15.0,0.1,C,2.339773484344,56.209940858782176,8.32712426351386
15.0,0.1,C,2.349766822119,57.76748247099991,8.295973431269504
15.0,0.1,C,2.359760159893,59.29841405984918,8.265354799492519
15.0,0.1,C,2.369753497668,60.80361563181985,8.235250768053106
15.0,0.1,C,2.379746835443,62.28391813975005,8.205644717894502
15.0,0.1,C,2.389740173218,63.74010740334403,8.176520932622623
15.0,0.1,C,2.399733510993,65.17292762384838,8.147864528212533
15.0,0.1,C,2.409726848767,66.58308454458272,8.119661389797848
15.0,0.1,C,2.419720186542,67.97124830144153,8.091898114660673
15.0,0.1,C,2.429713524317,69.33805599844675,8.064561960720567
15.0,0.1,C,2.439706862092,70.68411404316035,8.037640799826296
15.0,0.1,C,2.449700199867,72.01000026743449,8.011123075340814
15.0,0.1,C,2.459693537642,73.31626585826197,7.984997763524264
15.0,0.1,C,2.469686875416,74.60343711922145,7.959254338305073
15.0,0.1,C,2.479680213191,75.87201708140459,7.933882739061411
15.0,0.1,C,2.489673550966,77.12248697773252,7.9088733411348535
15.0,0.1,C,2.499666888741,78.35530759712498,7.884216928747004
15.0,0.1,C,2.509660226516,79.5709205288016,7.859904670113471
15.0,0.1,C,2.51965356429,80.76974930814173,7.835928094526667
15.0,0.1,C,2.529646902065,81.95220047421513,7.8122790712052
15.0,0.1,C,2.53964023984,83.11866454562454,7.788949789777011
15.0,0.1,C,2.549633577615,84.26951692456308,7.765932742198241
15.0,0.1,C,2.55962691539,85.40511873394999,7.743220706010503
15.0,0.1,C,2.569620253165,86.52581759433488,7.720806728802805
15.0,0.1,C,2.579613590939,87.63194834566067,7.698684113776288
15.0,0.1,C,2.589606928714,88.72383371932109,7.676846406303081
15.0,0.1,C,2.599600266489,89.80178496315007,7.655287381426501
15.0,0.1,C,2.609593604264,90.86610242539759,7.63400103218155
15.0,0.1,C,2.619586942039,91.91707609951666,7.612981558699169
15.0,0.1,C,2.629580279813,92.95498613345593,7.592223358020384
15.0,0.1,C,2.639573617588,93.9801033068014,7.571721014553474
15.0,0.1,C,2.649566955363,94.99268947678854,7.551469291153732
15.0,0.1,C,2.659560293138,95.99299799758809,7.531463120737741
15.0,0.1,C,2.669553630913,96.98127411342095,7.511697598421084
15.0,0.1,C,2.679546968688,97.95775532806563,7.49216797412819
15.0,0.1,C,2.689540306462,98.92267175230127,7.472869645643476
15.0,0.1,C,2.699533644237,99.87624643147524,7.4537981520599965
15.0,0.1,C,2.709526982012,100.81869565321402,7.434949167625223
15.0,0.1,C,2.719520319787,101.75022923854596,7.416318495918583
15.0,0.1,C,2.729513657562,102.67105081621703,7.397902064365162
15.0,0.1,C,2.739506995336,103.58135808181352,7.3796959190532325
15.0,0.1,C,2.749500333111,104.48134304317837,7.361696219825935
15.0,0.1,C,2.759493670886,105.37119225170773,7.343899235655347
15.0,0.1,C,2.769487008661,106.25108702222491,7.326301340245005
15.0,0.1,C,2.779480346436,107.12120364087129,7.308899007872076
15.0,0.1,C,2.789473684211,107.98171356230934,7.291688809443316
15.0,0.1,C,2.799467021985,108.8327835967481,7.274667408754541
15.0,0.1,C,2.80946035976,109.6745760879371,7.257831558930761
15.0,0.1,C,2.819453697535,110.50724908144466,7.241178099060609
15.0,0.1,C,2.82944703531,111.33095648546659,7.22470395098017
15.0,0.1,C,2.839440373085,112.14584822339354,7.2084061162216315
15.0,0.1,C,2.849433710859,112.95207037903874,7.192281673108727
15.0,0.1,C,2.859427048634,113.74976533535813,7.17632777398234
15.0,0.1,C,2.869420386409,114.539071905865,7.160541642572203
15.0,0.1,C,2.879413724184,115.32012546072293,7.144920571475044
15.0,0.1,C,2.889407061959,116.09305804666275,7.129461919756247
15.0,0.1,C,2.899400399734,116.85799850153279,7.114163110658847
15.0,0.1,C,2.909393737508,117.6150725636367,7.099021629416768
15.0,0.1,C,2.919387075283,118.36440297659023,7.084035021157698
15.0,0.1,C,2.929380413058,119.1061095888353,7.069200888912796
15.0,0.1,C,2.939373750833,119.84030944957293,7.054516891698044
15.0,0.1,C,2.949367088608,120.56711690021135,7.039980742685274
15.0,0.1,C,2.959360426382,121.28664366192987,7.025590207450905
15.0,0.1,C,2.969353764157,121.99899891991956,7.011343102291111
15.0,0.1,C,2.979347101932,122.70428940341556,6.997237292621191
15.0,0.1,C,2.989340439707,123.40261946313544,6.983270691426793
15.0,0.1,C,2.999333777482,124.0940911452192,6.969441257785118
15.0,0.1,C,3.009327115256,124.77880426218587,6.955746995445784
15.0,0.1,C,3.019320453031,125.45685646139975,6.942185951461507
15.0,0.1,C,3.029313790806,126.12834329015793,6.928756214886343
15.0,0.1,C,3.039307128581,126.79335825890189,6.915455915511464
15.0,0.1,C,3.049300466356,127.45199290164513,6.9022832226566
15.0,0.1,C,3.059293804131,128.1043368341527,6.889236344006449
15.0,0.1,C,3.069287141905,128.75047780984457,6.87631352449261
15.0,0.1,C,3.07928047968,129.39050177391323,6.863513045211238
15.0,0.1,C,3.089273817455,130.0244929147886,6.850833222393731
15.0,0.1,C,3.09926715523,130.65253371433494,6.838272406402804
15.0,0.1,C,3.109260493005,131.27470499589364,6.82582898077163
15.0,0.1,C,3.119253830779,131.891085970587,6.813501361277763
15.0,0.1,C,3.129247168554,132.5017542822587,6.801287995044329
15.0,0.1,C,3.139240506329,133.10678605020826,6.789187359685338
15.0,0.1,C,3.149233844104,133.70625591101683,6.777197962469166
15.0,0.1,C,3.159227181879,134.30023705860856,6.765318339517331
15.0,0.1,C,3.169220519654,134.88880128297998,6.753547055029903
15.0,0.1,C,3.179213857428,135.47201900753342,6.741882700538834
15.0,0.1,C,3.189207195203,136.04995932542826,6.730323894180937
15.0,0.1,C,3.199200532978,136.62269003411967,6.71886928000711
15.0,0.1,C,3.209193870753,137.19027766930924,6.707517527303318
15.0,0.1,C,3.219187208528,137.75278753747807,6.696267329939941
15.0,0.1,C,3.229180546302,138.3102837473413,6.685117405742677
15.0,0.1,C,3.239173884077,138.86282924054686,6.674066495878566
15.0,0.1,C,3.249167221852,139.41048582081817,6.663113364273139
15.0,0.1,C,3.259160559627,139.95331418270237,6.652256797035454
15.0,0.1,C,3.269153897402,140.49137393912028,6.641495601907097
15.0,0.1,C,3.279147235177,141.0247236480887,6.630828607727728
15.0,0.1,C,3.289140572951,141.55342083854111,6.62025466391868
15.0,0.1,C,3.299133910726,142.07752203559937,6.609772639977515
15.0,0.1,C,3.309127248501,142.59708278452723,6.599381424998958
15.0,0.1,C,3.319120586276,143.11215767445964,6.58907992720031
15.0,0.1,C,3.329113924051,143.62280036113847,6.578867073466732
15.0,0.1,C,3.339107261825,144.12906358895194,6.568741808910464
15.0,0.1,C,3.3491005996,144.63099921254843,6.558703096438534
15.0,0.1,C,3.359093937375,145.12865821729417,6.54874991634362
15.0,0.1,C,3.36908727515,145.62209073961287,6.5388812658972455
15.0,0.1,C,3.379080612925,146.11134608646339,6.529096158960234
15.0,0.1,C,3.3890739507,146.5964727542865,6.519393625603772
15.0,0.1,C,3.399067288474,147.0775184473411,6.509772711742682
15.0,0.1,C,3.409060626249,147.55453009573577,6.5002324787747865
15.0,0.1,C,3.419053964024,148.02755387245665,6.4907720032403695
15.0,0.1,C,3.429047301799,148.4966352103694,6.481390376482114
15.0,0.1,C,3.439040639574,148.96181881849253,6.4720867043196515
15.0,0.1,C,3.449033977348,149.42314869779915,6.462860106733519
15.0,0.1,C,3.459027315123,149.88066815679431,6.4537097175536156
15.0,0.1,C,3.469020652898,150.33441982618888,6.444634684165725
15.0,0.1,C,3.479013990673,150.78444567361203,6.435634167217262
15.0,0.1,C,3.489007328448,151.23078701767616,6.4267073403359785
15.0,0.1,C,3.499000666223,151.67348454169525,6.417853389855598
15.0,0.1,C,3.508994003997,152.11257830697042,6.409071514550094
15.0,0.1,C,3.518987341772,152.54810776592552,6.400360925370991
15.0,0.1,C,3.528980679547,152.98011177444167,6.391720845200669
15.0,0.1,C,3.538974017322,153.4086286042845,6.383150508603812
15.0,0.1,C,3.548967355097,153.83369595497538,6.3746491615899945
15.0,0.1,C,3.558960692871,154.255350965336,6.366216061382783
15.0,0.1,C,3.568954030646,154.6736302249326,6.35785047619085
15.0,0.1,C,3.578947368421,155.08856978479062,6.34955168499369
15.0,0.1,C,3.588940706196,155.500205168237,6.341318977324763
15.0,0.1,C,3.598934043971,155.90857138124838,6.333151653064535
15.0,0.1,C,3.608927381746,156.31370292256184,6.3250490222382645
15.0,0.1,C,3.61892071952,156.71563379348154,6.317010404819872
15.0,0.1,C,3.628914057295,157.11439750762483,6.309035130537007
15.0,0.1,C,3.63890739507,157.51002710001967,6.30112253868911
15.0,0.1,C,3.648900732845,157.90255513635938,6.2932719779623145
15.0,0.1,C,3.65889407062,158.29201372182425,6.285482806253018
15.0,0.1,C,3.668887408394,158.6784345096756,6.27775439049599
15.0,0.1,C,3.678880746169,159.0618487098271,6.27008610649296
15.0,0.1,C,3.688874083944,159.44228709681502,6.262477338753201
15.0,0.1,C,3.698867421719,159.81978001795068,6.2549274803304895
15.0,0.1,C,3.708860759494,160.1943574010823,6.247435932667857
15.0,0.1,C,3.718854097268,160.56604876216414,6.2400021054462185
15.0,0.1,C,3.728847435043,160.93488321282658,6.232625416432971
15.0,0.1,C,3.738840772818,161.30088946739673,6.225305291341568
15.0,0.1,C,3.748834110593,161.66409585011314,6.218041163687239
15.0,0.1,C,3.758827448368,162.02453030198993,6.2108324746497034
15.0,0.1,C,3.768820786143,162.38222038755472,6.203678672938408
15.0,0.1,C,3.778814123917,162.73719330139133,6.196579214661675
15.0,0.1,C,3.788807461692,163.0894758747114,6.189533563195274
15.0,0.1,C,3.798800799467,163.43909458142048,6.182541189061093
15.0,0.1,C,3.808794137242,163.78607554440032,6.175601569801497
15.0,0.1,C,3.818787475017,164.1304445414723,6.168714189860056
15.0,0.1,C,3.828780812791,164.47222701123187,6.161878540464865
15.0,0.1,C,3.838774150566,164.8114480589224,6.1550941195110545
15.0,0.1,C,3.848767488341,165.148132461845,6.148360431452602
15.0,0.1,C,3.858760826116,165.48230467498928,6.141676987189718
15.0,0.1,C,3.868754163891,165.81398883637314,6.13504330396204
15.0,0.1,C,3.878747501666,166.14320877230875,6.128458905243328
15.0,0.1,C,3.88874083944,166.46998800252283,6.121923320639046
15.0,0.1,C,3.898734177215,166.79434974533598,6.1154360857827825
15.0,0.1,C,3.90872751499,167.116316922412,6.108996742241262
15.0,0.1,C,3.918720852765,167.43591216373605,6.102604837414781
15.0,0.1,C,3.92871419054,167.753157812331,6.096259924442881
15.0,0.1,C,3.938707528314,168.06807592888472,6.0899615621118075
15.0,0.1,C,3.948700866089,168.38068829644112,6.0837093147606796
15.0,0.1,C,3.958694203864,168.6910164246909,6.077502752195684
15.0,0.1,C,3.968687541639,168.99908155449234,6.071341449599656
15.0,0.1,C,3.978680879414,169.30490466215048,6.065224987446493
15.0,0.1,C,3.988674217189,169.60850646364884,6.059152951416526
15.0,0.1,C,3.998667554963,169.90990741877317,6.053124932314039
15.0,0.1,C,4.008660892738,170.20912773530947,6.047140525983313
15.0,0.1,C,4.018654230513,170.5061873728681,6.04119933323214
15.0,0.1,C,4.028647568288,170.80110604693678,6.035300959750767
15.0,0.1,C,4.038640906063,171.09390323271288,6.029445016035244
15.0,0.1,C,4.048634243837,171.3845981688708,6.023631117312086
15.0,0.1,C,4.058627581612,171.67320986140612,6.01785888346138
15.0,0.1,C,4.068620919387,171.95975708712473,6.012127938947008
15.0,0.1,C,4.078614257162,172.24425839736213,6.0064379127422605
15.0,0.1,C,4.088607594937,172.52673212149082,6.000788438259685
15.0,0.1,C,4.098600932712,172.8071963704028,5.9951791532814465
15.0,0.1,C,4.108594270486,173.08566903989797,5.989609699891544
15.0,0.1,C,4.118587608261,173.36216781416127,5.984079724406277
15.0,0.1,C,4.128580946036,173.63671016889728,5.978588877311557
15.0,0.1,C,4.138574283811,173.90931337469402,5.973136813195621
15.0,0.1,C,4.148567621586,174.17999450018965,5.96772319068571
15.0,0.1,C,4.15856095936,174.44877041518606,5.962347672385782
15.0,0.1,C,4.168554297135,174.7156577938465,5.9570099248125725
15.0,0.1,C,4.17854763491,174.98067311756995,5.9517096183381035
15.0,0.1,C,4.188540972685,175.24383267808426,5.946446427127816
15.0,0.1,C,4.19853431046,175.50515258035514,5.941220029082399
15.0,0.1,C,4.208527648235,175.76464874547074,5.9360301057800875
15.0,0.1,C,4.218520986009,176.02233691345296,5.930876342420444
15.0,0.1,C,4.228514323784,176.27823264614776,5.925758427766548
15.0,0.1,C,4.238507661559,176.53235132981064,5.920676054093291
15.0,0.1,C,4.248500999334,176.78470817790327,5.915628917131437
15.0,0.1,C,4.258494337109,177.03531823371236,5.910616716015256
15.0,0.1,C,4.268487674883,177.28419637292538,5.905639153230995
15.0,0.1,C,4.278481012658,177.53135730628264,5.900695934563849
15.0,0.1,C,4.288474350433,177.7768155819386,5.895786769050731
15.0,0.1,C,4.298467688208,178.0205855880215,5.890911368929073
15.0,0.1,C,4.308461025983,178.26268155503018,5.886069449588898
15.0,0.1,C,4.318454363757,178.50311755818367,5.8812607295258275
15.0,0.1,C,4.328447701532,178.74190751984838,5.876484930292534
15.0,0.1,C,4.338441039307,178.97906521168142,5.871741776455874
15.0,0.1,C,4.348434377082,179.21460425697185,5.867030995550064
15.0,0.1,C,4.358427714857,179.4485381328185,5.862352318033133
15.0,0.1,C,4.368421052632,179.6808801722901,5.8577054772437
15.0,0.1,C,4.378414390406,179.91164356652018,5.853090209359099
15.0,0.1,C,4.388407728181,180.14084136687734,5.848506253351955
15.0,0.1,C,4.398401065956,180.36848648685998,5.843953350952303
15.0,0.1,C,4.408394403731,180.59459170418705,5.839431246605762
15.0,0.1,C,4.418387741506,180.8191696627269,5.8349396874349635
15.0,0.1,C,4.42838107928,181.04223287439288,5.830478423201644
15.0,0.1,C,4.438374417055,181.26379372110708,5.826047206267361
15.0,0.1,C,4.44836775483,181.48386445650343,5.821645791559433
15.0,0.1,C,4.458361092605,181.7024572078166,5.817273936533171
15.0,0.1,C,4.46835443038,181.91958397761962,5.812931401137109
15.0,0.1,C,4.478347768155,182.13525664554757,5.808617947778551
15.0,0.1,C,4.488341105929,182.34948696996287,5.804333341290245
15.0,0.1,C,4.498334443704,182.56228658969033,5.800077348895696
15.0,0.1,C,4.508327781479,182.77366702550364,5.795849740179429
15.0,0.1,C,4.518321119254,182.98363968178967,5.791650287053709
15.0,0.1,C,4.528314457029,183.19221584807124,5.787478763728078
15.0,0.1,C,4.538307794803,183.39940670049754,5.783334946679552
15.0,0.1,C,4.548301132578,183.60522330340342,5.779218614621433
15.0,0.1,C,4.558294470353,183.80967661062854,5.775129548476931
15.0,0.1,C,4.568287808128,184.01277746701348,5.771067531349233
15.0,0.1,C,4.578281145903,184.21453660975848,5.767032348494332
15.0,0.1,C,4.588274483678,184.4149646697743,5.763023787294017
15.0,0.1,C,4.598267821452,184.6140721729811,5.759041637229881
15.0,0.1,C,4.608261159227,184.8118695416797,5.755085689855908
15.0,0.1,C,4.618254497002,185.00836709569307,5.7511557387756405
15.0,0.1,C,4.628247834777,185.20357505368062,5.74725157961589
15.0,0.1,C,4.638241172552,185.39750353432538,5.743373010002994
15.0,0.1,C,4.648234510326,185.59016255749606,5.7395198295395815
15.0,0.1,C,4.658227848101,185.78156204547923,5.735691839779918
15.0,0.1,C,4.668221185876,185.97171182399381,5.731888844209626
15.0,0.1,C,4.678214523651,186.16062162337667,5.7281106482219695
15.0,0.1,C,4.688207861426,186.34830107964666,5.724357059096569
15.0,0.1,C,4.698201199201,186.53475973556576,5.720627885978187
15.0,0.1,C,4.708194536975,186.7200070416619,5.716922939856264
15.0,0.1,C,4.71818787475,186.9040523573229,5.713242033543045
15.0,0.1,C,4.728181212525,187.08690495168455,5.709584981655811
15.0,0.1,C,4.7381745503,187.26857400468666,5.705951600595769
15.0,0.1,C,4.748167888075,187.44906860801788,5.702341708529144
15.0,0.1,C,4.758161225849,187.62839776604358,5.698755125368631
15.0,0.1,C,4.768154563624,187.80657039680622,5.695191672753378
15.0,0.1,C,4.778147901399,187.9835953328322,5.691651174032858
15.0,0.1,C,4.788141239174,188.15948132210275,5.688133454247447
15.0,0.1,C,4.798134576949,188.33423702892017,5.684638340111099
15.0,0.1,C,4.808127914724,188.5078710347796,5.68116565999391
15.0,0.1,C,4.818121252498,188.68039183921073,5.677715243905288
15.0,0.1,C,4.828114590273,188.85180786069324,5.674286923475639
15.0,0.1,C,4.838107928048,189.0221274373898,5.670880531941707
15.0,0.1,C,4.848101265823,189.19135882804025,5.667495904128697
15.0,0.1,C,4.858094603598,189.35951021276045,5.664132876434294
15.0,0.1,C,4.868087941372,189.52658969383057,5.660791286812891
15.0,0.1,C,4.878081279147,189.6926052965615,5.657470974758272
15.0,0.1,C,4.888074616922,189.85756496998442,5.654171781289814
15.0,0.1,C,4.898067954697,190.02147658769928,5.6508935489355165
15.0,0.1,C,4.908061292472,190.18434794863538,5.647636121716795
15.0,0.1,C,4.918054630247,190.3461867778201,5.6443993451331
15.0,0.1,C,4.928047968021,190.50700072712775,5.641183066146946
15.0,0.1,C,4.938041305796,190.66679737610082,5.637987133167486
15.0,0.1,C,4.948034643571,190.82558423260866,5.634811396037329
15.0,0.1,C,4.958027981346,190.98336873366063,5.63165570601629
15.0,0.1,C,4.968021319121,191.14015824613418,5.6285199157668195
15.0,0.1,C,4.978014656895,191.29596006750162,5.62540387933947
15.0,0.1,C,4.98800799467,191.45078142662953,5.622307452156912
15.0,0.1,C,4.998001332445,191.60462948441943,5.619230491001114
15.0,0.1,C,5.00799467022,191.75751133460216,5.616172853997458
15.0,0.1,C,5.017988007995,191.90943400445136,5.613134400600475
15.0,0.1,C,5.027981345769,192.06040445549277,5.610114991579647
15.0,0.1,C,5.037974683544,192.21042958428941,5.607114489003714
15.0,0.1,C,5.047968021319,192.35951622307132,5.604132756228076
15.0,0.1,C,5.057961359094,192.50767114051584,5.601169657879186
15.0,0.1,C,5.067954696869,192.65490104244697,5.598225059840563
15.0,0.1,C,5.077948034644,192.80121257255115,5.59529882923848
15.0,0.1,C,5.087941372418,192.94661231307438,5.592390834428014
15.0,0.1,C,5.097934710193,193.09110678558906,5.589500944977721
15.0,0.1,C,5.107928047968,193.23470245161428,5.586629031657217
15.0,0.1,C,5.117921385743,193.37740571337824,5.583774966421937
15.0,0.1,C,5.127914723518,193.5192229145057,5.580938622399389
15.0,0.1,C,5.137908061292,193.66016034070307,5.5781198738754405
15.0,0.1,C,5.147901399067,193.80022422050996,5.575318596279303
15.0,0.1,C,5.157894736842,193.93942072590818,5.572534666171339
15.0,0.1,C,5.167888074617,194.07775597306699,5.5697679612281625
15.0,0.1,C,5.177881412392,194.2152360230149,5.567018360229204
15.0,0.1,C,5.187874750167,194.35186688232127,5.564285743043077
15.0,0.1,C,5.197868087941,194.48765450375976,5.561569990614307
15.0,0.1,C,5.207861425716,194.62260478703672,5.558870984948768
15.0,0.1,C,5.217854763491,194.75672357937694,5.556188609101964
15.0,0.1,C,5.227848101266,194.89001667624123,5.553522747164678
15.0,0.1,C,5.237841439041,195.02248982197153,5.550873284250072
15.0,0.1,C,5.247834776815,195.15414871042748,5.548240106480954
15.0,0.1,C,5.25782811459,195.28499898568737,5.545623100975754
15.0,0.1,C,5.267821452365,195.41504624260693,5.543022155837363
15.0,0.1,C,5.27781479014,195.54429602750517,5.540437160139399
15.0,0.1,C,5.287808127915,195.67275383877632,5.537868003913976
15.0,0.1,C,5.29780146569,195.8004251275081,5.5353145781393405
15.0,0.1,C,5.307794803464,195.92731529807924,5.532776774727917
15.0,0.1,C,5.317788141239,196.05342970881276,5.530254486513247
15.0,0.1,C,5.327781479014,196.17877367249216,5.527747607239659
15.0,0.1,C,5.337774816789,196.30335245699857,5.52525603154953
15.0,0.1,C,5.347768154564,196.42717128587287,5.522779654972046
15.0,0.1,C,5.357761492338,196.5502353388699,5.5203183739121044
15.0,0.1,C,5.367754830113,196.67254975256475,5.517872085638207
15.0,0.1,C,5.377748167888,196.79411962082577,5.515440688272987
15.0,0.1,C,5.387741505663,196.9149499953985,5.513024080781532
15.0,0.1,C,5.397734843438,197.03504588642363,5.51062216296103
15.0,0.1,C,5.407728181213,197.15441226294791,5.508234835430543
15.0,0.1,C,5.417721518987,197.27305405342003,5.505861999621103
15.0,0.1,C,5.427714856762,197.39097614622992,5.503503557764904
15.0,0.1,C,5.437708194537,197.50818339012167,5.501159412887069
15.0,0.1,C,5.447701532312,197.62468059470967,5.498829468795309
15.0,0.1,C,5.457694870087,197.74047253092886,5.496513630070925
15.0,0.1,C,5.467688207861,197.85556393146987,5.494211802060105
15.0,0.1,C,5.477681545636,197.96995949126148,5.491923890864273
15.0,0.1,C,5.487674883411,198.08366386782725,5.489649803332957
15.0,0.1,C,5.497668221186,198.19668168174354,5.487389447054632
15.0,0.1,C,5.507661558961,198.30901751702987,5.485142730348905
15.0,0.1,C,5.517654896736,198.42067592153956,5.482909562258712
15.0,0.1,C,5.52764823451,198.53166140732569,5.480689852542989
15.0,0.1,C,5.537641572285,198.64197845105284,5.478483511668446
15.0,0.1,C,5.54763491006,198.75163149428545,5.476290450803794
15.0,0.1,C,5.557628247835,198.8606249438769,5.4741105818119635
15.0,0.1,C,5.56762158561,198.96896317229056,5.471943817243691
15.0,0.1,C,5.577614923384,199.07665051791204,5.469790070331262
15.0,0.1,C,5.587608261159,199.18369128540292,5.467649254981444
15.0,0.1,C,5.597601598934,199.29008974593702,5.465521285770762
15.0,0.1,C,5.607594936709,199.39585013753472,5.463406077938808
15.0,0.1,C,5.617588274484,199.50097666533227,5.461303547382856
15.0,0.1,C,5.627581612258,199.60547350184285,5.459213610652645
15.0,0.1,C,5.637574950033,199.70934478725974,5.457136184944307
15.0,0.1,C,5.647568287808,199.8125946296464,5.455071188096575
15.0,0.1,C,5.657561625583,199.91522710522244,5.453018538585052
15.0,0.1,C,5.667554963358,200.01724625858895,5.450978155517723
15.0,0.1,C,5.677548301133,200.11865610295624,5.448949958630378
15.0,0.1,C,5.687541638907,200.21946062035414,5.44693386828242
15.0,0.1,C,5.697534976682,200.3196637618855,5.4449298054517925
15.0,0.1,C,5.707528314457,200.41926944787193,5.442937691732064
15.0,0.1,C,5.717521652232,200.5182815680961,5.44095744932758
15.0,0.1,C,5.727514990007,200.616703981984,5.438989001049823
15.0,0.1,C,5.737508327781,200.71454051878538,5.437032270313796
15.0,0.1,C,5.747501665556,200.81179497779766,5.435087181133549
15.0,0.1,C,5.757495003331,200.908471128486,5.433153658119783
15.0,0.1,C,5.767488341106,201.00457271069985,5.431231626475506
15.0,0.1,C,5.777481678881,201.1001034348332,5.429321011992839
15.0,0.1,C,5.787475016656,201.19506698199623,5.427421741049578
15.0,0.1,C,5.79746835443,201.28946700417154,5.425533740606071
15.0,0.1,C,5.807461692205,201.38330712441538,5.423656938201195
15.0,0.1,C,5.81745502998,201.47659093696547,5.421791261950193
15.0,0.1,C,5.827448367755,201.56932200743924,5.419936640540717
15.0,0.1,C,5.83744170553,201.66150387298617,5.418093003229778
15.0,0.1,C,5.847435043304,201.7531400424369,5.416260279840763
15.0,0.1,C,5.857428381079,201.84423399650208,5.414438400759461
15.0,0.1,C,5.867421718854,201.9347891878769,5.412627296931965
15.0,0.1,C,5.877415056629,202.02480904143886,5.410826899860726
15.0,0.1,C,5.887408394404,202.11429695440248,5.409037141601453
15.0,0.1,C,5.897401732179,202.2032562964816,5.40725795475987
15.0,0.1,C,5.907395069953,202.2916904100475,5.405489272488554
15.0,0.1,C,5.917388407728,202.3796026103309,5.403731028482885
15.0,0.1,C,5.927381745503,202.4669961855405,5.401983156978693
15.0,0.1,C,5.937375083278,202.55387439707036,5.400245592748094
15.0,0.1,C,5.947368421053,202.64024047966723,5.398518271096158
15.0,0.1,C,5.957361758827,202.72609764160106,5.39680112785748
15.0,0.1,C,5.967355096602,202.81144906488157,5.395094099391871
15.0,0.1,C,5.977348434377,202.89629790539232,5.393397122581655
15.0,0.1,C,5.987341772152,202.98064729311557,5.391710134827191
15.0,0.1,C,5.997335109927,203.06450033231567,5.390033074043188
15.0,0.1,C,6.007328447702,203.14786010173785,5.388365878654746
15.0,0.1,C,6.017321785476,203.2307296548006,5.3867084875934905
15.0,0.1,C,6.027315123251,203.31311201983405,5.385060840292821
15.0,0.1,C,6.037308461026,203.39501020023994,5.383422876684703
15.0,0.1,C,6.047301798801,203.47642717473823,5.381794537194738
15.0,0.1,C,6.057295136576,203.55736589757683,5.380175762737966
15.0,0.1,C,6.06728847435,203.6378292987453,5.378566494714597
15.0,0.1,C,6.077281812125,203.71782028423175,5.3769666750048675
15.0,0.1,C,6.0872751499,203.79734173620506,5.375376245965401
15.0,0.1,C,6.097268487675,203.87639651328004,5.373795150423902
15.0,0.1,C,6.10726182545,203.95498745074636,5.372223331674575
15.0,0.1,C,6.117255163225,204.03311736080906,5.37066073347332
15.0,0.1,C,6.127248500999,204.11078903282328,5.369107300033036
15.0,0.1,C,6.137241838774,204.18800523357376,5.367562976018029
15.0,0.1,C,6.147235176549,204.2647687074767,5.3660277065399695
15.0,0.1,C,6.157228514324,204.34108217686227,5.364501437152256
15.0,0.1,C,6.167221852099,204.41694834222346,5.362984113845033
15.0,0.1,C,6.177215189873,204.49236988246307,5.361475683040242
15.0,0.1,C,6.187208527648,204.5673494551825,5.359976091585852
15.0,0.1,C,6.197201865423,204.64188969689744,5.358485286751553
15.0,0.1,C,6.207195203198,204.71599322332762,5.3570032162229495
15.0,0.1,C,6.217188540973,204.78966262965181,5.355529828096466
15.0,0.1,C,6.227181878748,204.86290049076945,5.354065070874114
15.0,0.1,C,6.237175216522,204.93570936155686,5.352608893458365
15.0,0.1,C,6.247168554297,205.0080917771577,5.351161245146349
15.0,0.1,C,6.257161892072,205.08005025320054,5.3497220756254915
15.0,0.1,C,6.267155229847,205.15158728608964,5.34829133496771
15.0,0.1,C,6.277148567622,205.22270535325654,5.346868973624372
15.0,0.1,C,6.287141905396,205.2934069134112,5.345454942421279
15.0,0.1,C,6.297135243171,205.36369440682574,5.344049192552987
15.0,0.1,C,6.307128580946,205.433570255545,5.342651675578603
15.0,0.1,C,6.317121918721,205.50303686366647,5.341262343416173
15.0,0.1,C,6.327115256496,205.57209661757946,5.339881148337914
15.0,0.1,C,6.33710859427,205.64075188620401,5.338508042965422
15.0,0.1,C,6.347101932045,205.7090050212567,5.337142980264369
15.0,0.1,C,6.35709526982,205.77685835744768,5.3357859135405485
15.0,0.1,C,6.367088607595,205.84431421273825,5.334436796434738
15.0,0.1,C,6.37708194537,205.91137488856248,5.3330955829182525
15.0,0.1,C,6.387075283145,205.97804267004855,5.331762227288531
15.0,0.1,C,6.397068620919,206.0443198262281,5.33043668416494
15.0,0.1,C,6.407061958694,206.11020861027612,5.32911890848398
15.0,0.1,C,6.417055296469,206.17571125967442,5.327808855496015
15.0,0.1,C,6.427048634244,206.24082999643838,5.3265064807607345
15.0,0.1,C,6.437041972019,206.30556702730323,5.325211740143438
15.0,0.1,C,6.447035309793,206.36992454390455,5.323924589811411
15.0,0.1,C,6.457028647568,206.4339047229836,5.32264498622983
15.0,0.1,C,6.467021985343,206.4975097265221,5.321372886159059
15.0,0.1,C,6.477015323118,206.56074170193358,5.32010824665083
15.0,0.1,C,6.487008660893,206.62360278221837,5.318851025045134
15.0,0.1,C,6.497001998668,206.68609508611306,5.317601178967242
15.0,0.1,C,6.506995336442,206.7482207182311,5.316358666324881
15.0,0.1,C,6.516988674217,206.80998176922512,5.315123445304999
15.0,0.1,C,6.526982011992,206.8713803158799,5.313895474371904
15.0,0.1,C,6.536975349767,206.93241842126054,5.312674712264291
15.0,0.1,C,6.546968687542,206.99309813482378,5.3114611179930264
15.0,0.1,C,6.556962025316,207.0534214925189,5.3102546508391235
15.0,0.1,C,6.566955363091,207.11339051691544,5.309055270351193
15.0,0.1,C,6.576948700866,207.17300721726176,5.307862936344268
15.0,0.1,C,6.586942038641,207.23227358959633,5.306677608897576
15.0,0.1,C,6.596935376416,207.2911916168253,5.305499248352996
15.0,0.1,C,6.606928714191,207.34976326879493,5.304327815313603
15.0,0.1,C,6.616922051965,207.40799050235574,5.303163270642387
15.0,0.1,C,6.62691538974,207.46587526144899,5.302005575460522
15.0,0.1,C,6.636908727515,207.5234194771255,5.300854691146992
15.0,0.1,C,6.64690206529,207.5806250676231,5.299710579337041
15.0,0.1,C,6.656895403065,207.63749393840314,5.29857320192144
15.0,0.1,C,6.666888740839,207.69402798218724,5.297442521045758
15.0,0.1,C,6.676882078614,207.7502290790131,5.2963184991092405
15.0,0.1,C,6.686875416389,207.80609909623328,5.295201098764838
15.0,0.1,C,6.696868754164,207.8616398885632,5.294090282918238
15.0,0.1,C,6.706862091939,207.91685329809732,5.292986014727557
15.0,0.1,C,6.716855429714,207.97174115432966,5.291888257602909
15.0,0.1,C,6.726848767488,208.026305274162,5.290796975206263
15.0,0.1,C,6.736842105263,208.08054746194057,5.28971213145069
15.0,0.1,C,6.746835443038,208.1344695094311,5.2886336905008795
15.0,0.1,C,6.756828780813,208.1880731958509,5.287561616772485
15.0,0.1,C,6.766822118588,208.24136028786756,5.286495874932151
15.0,0.1,C,6.776815456362,208.29433253960053,5.2854364298974925
15.0,0.1,C,6.786808794137,208.34699169264383,5.284383246836626
15.0,0.1,C,6.796802131912,208.39933947603862,5.28333629116873
15.0,0.1,C,6.806795469687,208.4513776062968,5.282295528563566
15.0,0.1,C,6.816788807462,208.5031077873989,5.281260924941525
15.0,0.1,C,6.826782145237,208.55453171079566,5.28023244647359
15.0,0.1,C,6.836775483011,208.60565105540863,5.279210059581329
15.0,0.1,C,6.846768820786,208.65646748765516,5.278193730936399
15.0,0.1,C,6.856762158561,208.7069826614231,5.277183427461041
15.0,0.1,C,6.866755496336,208.75719821810134,5.276179116327476
15.0,0.1,C,6.876748834111,208.80711578658418,5.275180764957819
15.0,0.1,C,6.886742171885,208.8567369832789,5.274188341023925
15.0,0.1,C,6.89673550966,208.9060634121419,5.273201812446664
15.0,0.1,C,6.906728847435,208.955096664667,5.272221147396163
15.0,0.1,C,6.91672218521,209.00383831992713,5.271246314290959
15.0,0.1,C,6.926715522985,209.05228994459497,5.270277281797602
15.0,0.1,C,6.936708860759,209.10045309296706,5.26931401883016
15.0,0.1,C,6.946702198534,209.14832930701576,5.268356494549186
15.0,0.1,C,6.956695536309,209.19592011639799,5.267404678361542
15.0,0.1,C,6.966688874084,209.24322703851544,5.266458539919194
15.0,0.1,C,6.976682211859,209.2902515785563,5.265518049118376
15.0,0.1,C,6.986675549634,209.3369952295448,5.264583176098606
15.0,0.1,C,6.996668887408,209.38345947239318,5.263653891241639
15.0,0.1,C,7.006662225183,209.4296457759788,5.262730165169927
15.0,0.1,C,7.016655562958,209.47555559718217,5.261811968745858
15.0,0.1,C,7.026648900733,209.5211903809753,5.260899273069997
15.0,0.1,C,7.036642238508,209.5665515604905,5.259992049479692
15.0,0.1,C,7.046635576282,209.61164055709762,5.259090269547551
15.0,0.1,C,7.056628914057,209.65645878050475,5.258193905079407
15.0,0.1,C,7.066622251832,209.70100762882154,5.257302928113072
15.0,0.1,C,7.076615589607,209.7452884886713,5.256417310916076
15.0,0.1,C,7.086608927382,209.7893027352855,5.2555370259837915
15.0,0.1,C,7.096602265157,209.8330517326068,5.2546620460373665
15.0,0.1,C,7.106595602931,209.87653683339298,5.253792344021643
15.0,0.1,C,7.116588940706,209.91975937934802,5.252927893102542
15.0,0.1,C,7.126582278481,209.96272070120935,5.252068666665315
15.0,0.1,C,7.136575616256,210.00542211888904,5.251214638311722
15.0,0.1,C,7.146568954031,210.0478649415914,5.250365781857674
15.0,0.1,C,7.156562291805,210.0900504679379,5.249522071330744
15.0,0.1,C,7.16655562958,210.1319799861146,5.248683480967211
15.0,0.1,C,7.176548967355,210.1736547739805,5.247849985209892
15.0,0.1,C,7.18654230513,210.21507609922267,5.2470215587050495
15.0,0.1,C,7.196535642905,210.25624521948976,5.246198176299707
15.0,0.1,C,7.20652898068,210.29716338253488,5.245379813038804
15.0,0.1,C,7.216522318454,210.33783182635543,5.244566444162394
15.0,0.1,C,7.226515656229,210.37825177935306,5.243758045102441
15.0,0.1,C,7.236508994004,210.41842446045706,5.242954591480362
15.0,0.1,C,7.246502331779,210.4583510792877,5.242156059103749
15.0,0.1,C,7.256495669554,210.4980328362997,5.241362423963508
15.0,0.1,C,7.266489007328,210.537470922928,5.2405736622309425
15.0,0.1,C,7.276482345103,210.57666652175047,5.239789750254493
15.0,0.1,C,7.286475682878,210.61562080661275,5.239010664557247
15.0,0.1,C,7.296469020653,210.6543349427912,5.238236381833679
15.0,0.1,C,7.306462358428,210.69281008713602,5.2374668789467815
15.0,0.1,C,7.316455696203,210.73104738821445,5.236702132925213
15.0,0.1,C,7.326449033977,210.7690479864504,5.235942120960494
15.0,0.1,C,7.336442371752,210.80681301428268,5.235186820403849
15.0,0.1,C,7.346435709527,210.84434359627735,5.234436208763955
15.0,0.1,C,7.356429047302,210.88164084928184,5.233690263703865
15.0,0.1,C,7.366422385077,210.9187058825525,5.232948963038452
15.0,0.1,C,7.376415722851,210.95553979788107,5.232212284731881
15.0,0.1,C,7.386409060626,210.99214368973554,5.231480206894792
15.0,0.1,C,7.396402398401,211.02851864536026,5.230752707782297
15.0,0.1,C,7.406395736176,211.06466574490844,5.230029765791333
15.0,0.1,C,7.416389073951,211.10058606155278,5.229311359458447
15.0,0.1,C,7.426382411726,211.13628066159447,5.228597467457613
15.0,0.1,C,7.4363757495,211.1717506045646,5.227888068598211
15.0,0.1,C,7.446369087275,211.2069969433367,5.22718314182277
15.0,0.1,C,7.45636242505,211.24202072420113,5.22648266620548
15.0,0.1,C,7.466355762825,211.27682298696797,5.225786620950143
15.0,0.1,C,7.4763491006,211.31140476504618,5.225094985388578
15.0,0.1,C,7.486342438374,211.34576708551927,5.224407738979117
15.0,0.1,C,7.496335776149,211.37991096923145,5.223724861304873
15.0,0.1,C,7.506329113924,211.4138374308335,5.2230463320728315
15.0,0.1,C,7.516322451699,211.44754747885705,5.222372131112361
15.0,0.1,C,7.526315789474,211.48104211576631,5.221702238374175
15.0,0.1,C,7.536309127249,211.51432233800813,5.221036633929339
15.0,0.1,C,7.546302465023,211.54738913605138,5.2203752979684745
15.0,0.1,C,7.556295802798,211.58024349443826,5.219718210800737
15.0,0.1,C,7.566289140573,211.6128863917955,5.219065352853591
15.0,0.1,C,7.576282478348,211.64531880087455,5.218416704672011
15.0,0.1,C,7.586275816123,211.67754168856936,5.217772246918115
15.0,0.1,C,7.596269153897,211.7095560159269,5.217131960370964
15.0,0.1,C,7.606262491672,211.7413627381708,5.216495825926087
15.0,0.1,C,7.616255829447,211.7729628046857,5.215863824595788
15.0,0.1,C,7.626249167222,211.80435715903204,5.215235937508862
15.0,0.1,C,7.636242504997,211.8355467389341,5.21461214591082
15.0,0.1,C,7.646235842771,211.86653247626958,5.213992431164111
15.0,0.1,C,7.656229180546,211.8973152970662,5.213376774748178
15.0,0.1,C,7.666222518321,211.92789612146535,5.212765158260195
15.0,0.1,C,7.676215856096,211.95827586371192,5.212157563415264
15.0,0.1,C,7.686209193871,211.98845543212406,5.211553972047021
15.0,0.1,C,7.696202531646,212.01843572906458,5.2109543661082105
15.0,0.1,C,7.70619586942,212.0482176509057,5.210358727671388
15.0,0.1,C,7.716189207195,212.07780208800315,5.2097670389294395
15.0,0.1,C,7.72618254497,212.1071899246431,5.20917928219664
15.0,0.1,C,7.736175882745,212.13638203901172,5.208595439909267
15.0,0.1,C,7.74616922052,212.16537930315098,5.2080154946264825
15.0,0.1,C,7.756162558294,212.19418258291194,5.207439429031265
15.0,0.1,C,7.766155896069,212.22279273792134,5.2068672259310755
15.0,0.1,C,7.776149233844,212.25121062151828,5.206298868259136
15.0,0.1,C,7.786142571619,212.2794370807195,5.2057343390751125
15.0,0.1,C,7.796135909394,212.30747295617053,5.205173621566092
15.0,0.1,C,7.806129247169,212.3353190820974,5.204616699047554
15.0,0.1,C,7.816122584943,212.36297628626045,5.204063554964294
15.0,0.1,C,7.826115922718,212.3904453899176,5.2035141728911505
15.0,0.1,C,7.836109260493,212.41772720776515,5.202968536534199
15.0,0.1,C,7.846102598268,212.44482254790526,5.202426629731397
15.0,0.1,C,7.856095936043,212.4717322118029,5.2018884364534435
15.0,0.1,C,7.866089273817,212.49845699424344,5.201353940804634
15.0,0.1,C,7.876082611592,212.52499768330728,5.200823127023357
15.0,0.1,C,7.886075949367,212.55135506031846,5.2002959794831325
15.0,0.1,C,7.896069287142,212.5775298998259,5.199772482692984
15.0,0.1,C,7.906062624917,212.60352296957123,5.199252621298078
15.0,0.1,C,7.916055962692,212.62933503046415,5.198736380080219
15.0,0.1,C,7.926049300466,212.65496683655974,5.198223743958308
15.0,0.1,C,7.936042638241,212.68041913504968,5.197714697988509
15.0,0.1,C,7.946035976016,212.7056926662351,5.197209227364801
15.0,0.1,C,7.956029313791,212.73078816352677,5.1967073174189675
15.0,0.1,C,7.966022651566,212.75570635343738,5.196208953620754
15.0,0.1,C,7.97601598934,212.78044795557963,5.19571412157791
15.0,0.1,C,7.986009327115,212.80501368267971,5.1952228070359086
15.0,0.1,C,7.99600266489,212.82940424057077,5.194734995878088
15.0,0.1,C,8.005996002665,212.8536203282184,5.194250674125134
15.0,0.1,C,8.01598934044,212.87766263773483,5.193769827934806
15.0,0.1,C,8.025982678215,212.90153185440246,5.193292443601453
15.0,0.1,C,8.035976015989,212.92522865670196,5.192818507555463
15.0,0.1,C,8.045969353764,212.9487537163521,5.192348006362461
15.0,0.1,C,8.055962691539,212.97210769833598,5.191880926722783
15.0,0.1,C,8.065956029314,212.99529126095172,5.191417255470468
15.0,0.1,C,8.075949367089,213.01830505586014,5.190956979572299
15.0,0.1,C,8.085942704863,213.04114972813315,5.19050008612684
15.0,0.1,C,8.095936042638,213.06382591632038,5.1900465623630945
15.0,0.1,C,8.105929380413,213.0863342524981,5.18959639563954
15.0,0.1,C,8.115922718188,213.10867536234312,5.18914957344264
15.0,0.1,C,8.125916055963,213.13084986520255,5.18870608338545
15.0,0.1,C,8.135909393738,213.15285837416604,5.188265913206182
15.0,0.1,C,8.145902731512,213.17470149614354,5.187829050766632
15.0,0.1,C,8.155896069287,213.1963798319546,5.18739548405041
15.0,0.1,C,8.165889407062,213.2178939764014,5.186965201161475
15.0,0.1,C,8.175882744837,213.2392445183661,5.186538190322181
15.0,0.1,C,8.185876082612,213.26043204089822,5.186114439871538
15.0,0.1,C,8.195869420386,213.28145712130998,5.185693938263302
15.0,0.1,C,8.205862758161,213.30232033127768,5.185276674063948
15.0,0.1,C,8.215856095936,213.3230222369308,5.1848626359508865
15.0,0.1,C,8.225849433711,213.34356339895817,5.184451812710339
15.0,0.1,C,8.235842771486,213.36394437271016,5.184044193235299
15.0,0.1,C,8.24583610926,213.38416570829938,5.183639766523515
15.0,0.1,C,8.255829447035,213.40422795071214,5.18323852167526
15.0,0.1,C,8.26582278481,213.42413163990238,5.182840447891455
15.0,0.1,C,8.275816122585,213.44387731090384,5.182445534471425
15.0,0.1,C,8.28580946036,213.4634654939344,5.182053770810816
15.0,0.1,C,8.295802798135,213.48289671449987,5.181665146399505
15.0,0.1,C,8.305796135909,213.50217149349686,5.181279650819564
15.0,0.1,C,8.315789473684,213.52129034732386,5.180897273743025
15.0,0.1,C,8.325782811459,213.54025378797033,5.180518004930095
15.0,0.1,C,8.335776149234,213.55906232312603,5.180141834226982
15.0,0.1,C,8.345769487009,213.5777164562778,5.1797687515639455
15.0,0.1,C,8.355762824783,213.59621668680194,5.1793987469534635
15.0,0.1,C,8.365756162558,213.61456351006746,5.179031810488153
15.0,0.1,C,8.375749500333,213.63275741751522,5.178667932339199
15.0,0.1,C,8.385742838108,213.65079889675263,5.17830710275445
15.0,0.1,C,8.395736175883,213.66868843163735,5.1779493120567555
15.0,0.1,C,8.405729513658,213.68642650235753,5.177594550642352
15.0,0.1,C,8.415722851432,213.704013585508,5.177242808979343
15.0,0.1,C,8.425716189207,213.721450154171,5.176894077606082
15.0,0.1,C,8.435709526982,213.7387366779729,5.176548347130044
15.0,0.1,C,8.445702864757,213.7558736231583,5.176205608226336
15.0,0.1,C,8.455696202532,213.77286145264728,5.175865851636557
15.0,0.1,C,8.465689540306,213.78970062608943,5.175529068167714
15.0,0.1,C,8.475682878081,213.80639159992015,5.175195248691099
15.0,0.1,C,8.485676215856,213.8229348273987,5.174864384141528
15.0,0.1,C,8.495669553631,213.83933075865278,5.1745364655164465
15.0,0.1,C,8.505662891406,213.85557984071465,5.174211483875209
15.0,0.1,C,8.515656229181,213.87168251754954,5.173889430338512
15.0,0.1,C,8.525649566955,213.88763923008045,5.173570296087893
15.0,0.1,C,8.53564290473,213.90345041621407,5.173254072365221
15.0,0.1,C,8.545636242505,213.91911651084467,5.172940750472609
15.0,0.1,C,8.55562958028,213.9346379458714,5.172630321772074
15.0,0.1,C,8.565622918055,213.95001515019933,5.172322777685515
15.0,0.1,C,8.575616255829,213.9652485497385,5.172018109694731
15.0,0.1,C,8.585609593604,213.98033856740173,5.171716309341468
15.0,0.1,C,8.595602931379,213.9952856230866,5.171417368227771
15.0,0.1,C,8.605596269154,214.01009013366405,5.171121278016222
15.0,0.1,C,8.615589606929,214.02475251295755,5.170828030430352
15.0,0.1,C,8.625582944704,214.0392731717165,5.170537617255172
15.0,0.1,C,8.635576282478,214.05365251758627,5.170250030337778
15.0,0.1,C,8.645569620253,214.06789095507972,5.169965261587908
15.0,0.1,C,8.655562958028,214.08198888553048,5.169683302978893
15.0,0.1,C,8.665556295803,214.09594670705843,5.169404146548334
15.0,0.1,C,8.675549633578,214.10976481452096,5.169127784399084
15.0,0.1,C,8.685542971352,214.12344359946573,5.168854208700188
15.0,0.1,C,8.695536309127,214.1369834500817,5.168583411687869
15.0,0.1,C,8.705529646902,214.15038475113968,5.168315385666709
15.0,0.1,C,8.715522984677,214.16364788393844,5.168050123010734
15.0,0.1,C,8.725516322452,214.17677322624573,5.1677876161645875
15.0,0.1,C,8.735509660227,214.18976115223717,5.1675278576447585
15.0,0.1,C,8.745502998001,214.202612032431,5.167270840040882
15.0,0.1,C,8.755496335776,214.21532623363174,5.167016556016868
15.0,0.1,C,8.765489673551,214.2279041188547,5.1667649983124075
15.0,0.1,C,8.775483011326,214.24034604726745,5.166516159744154
15.0,0.1,C,8.785476349101,214.25265237412177,5.166270033207067
15.0,0.1,C,8.795469686875,214.2648234506862,5.166026611675778
15.0,0.1,C,8.80546302465,214.2768596241846,5.165785888205809
15.0,0.1,C,8.815456362425,214.28876123772463,5.165547855935009
15.0,0.1,C,8.8254497002,214.30052863023667,5.16531250808477
15.0,0.1,C,8.835443037975,214.31216213641048,5.165079837961293
15.0,0.1,C,8.84543637575,214.32366208663248,5.164849838956853
15.0,0.1,C,8.855429713524,214.33502880692458,5.164622504551011
15.0,0.1,C,8.865423051299,214.34626261889133,5.164397828311676
15.0,0.1,C,8.875416389074,214.35736383965622,5.164175803896379
15.0,0.1,C,8.885409726849,214.36833278181405,5.163956425053221
15.0,0.1,C,8.895403064624,214.37916975337887,5.163739685621924
15.0,0.1,C,8.905396402398,214.38987505773548,5.1635255795347925
15.0,0.1,C,8.915389740173,214.4004489936008,5.163314100817487
15.0,0.1,C,8.925383077948,214.41089185497583,5.163105243589985
15.0,0.1,C,8.935376415723,214.42120393111387,5.162899002067226
15.0,0.1,C,8.945369753498,214.4313855064866,5.16269537055977
15.0,0.1,C,8.955363091272,214.44143686075475,5.162494343474407
15.0,0.1,C,8.965356429047,214.4513582687468,5.162295915314567
15.0,0.1,C,8.975349766822,214.46115000043412,5.162100080680821
15.0,0.1,C,8.985343104597,214.4708123209182,5.161906834271138
15.0,0.1,C,8.995336442372,214.4803454904201,5.1617161708811015
15.0,0.1,C,9.005329780147,214.48974976427306,5.161528085404042
15.0,0.1,C,9.015323117921,214.49902539292063,5.1613425728310895
15.0,0.1,C,9.025316455696,214.50817262192336,5.161159628251036
15.0,0.1,C,9.035309793471,214.51719169196173,5.160979246850268
15.0,0.1,C,9.045303131246,214.52608283885266,5.160801423912449
15.0,0.1,C,9.055296469021,214.53484629356515,5.1606261548182
15.0,0.1,C,9.065289806795,214.54348228224438,5.160453435044614
15.0,0.1,C,9.07528314457,214.55199102623936,5.160283260164715
15.0,0.1,C,9.085276482345,214.56037274213162,5.160115625846871
15.0,0.1,C,9.09526982012,214.56862764177473,5.159950527854007
15.0,0.1,C,9.105263157895,214.57675593233262,5.15978796204285
15.0,0.1,C,9.11525649567,214.58475781632686,5.159627924362965
15.0,0.1,C,9.125249833444,214.59263349168265,5.159470410855849
15.0,0.1,C,9.135243171219,214.60038315178807,5.15931541765374
15.0,0.1,C,9.145236508994,214.60800698554257,5.15916294097865
15.0,0.1,C,9.155229846769,214.61550517742472,5.159012977141008
15.0,0.1,C,9.165223184544,214.62287790755232,5.1588655225384565
15.0,0.1,C,9.175216522318,214.6301253517498,5.158720573654507
15.0,0.1,C,9.185209860093,214.63724768162146,5.158578127057073
15.0,0.1,C,9.195203197868,214.64424506462032,5.158438179397096
15.0,0.1,C,9.205196535643,214.65111766412417,5.15830072740702
15.0,0.1,C,9.215189873418,214.65786563951477,5.158165767899207
15.0,0.1,C,9.225183211193,214.66448914625505,5.158033297764402
15.0,0.1,C,9.235176548967,214.67098833597046,5.1579033139700945
15.0,0.1,C,9.245169886742,214.6773633565332,5.157775813558838
15.0,0.1,C,9.255163224517,214.683614352141,5.157650793646682
15.0,0.1,C,9.265156562292,214.6897414634043,5.157528251421417
15.0,0.1,C,9.275149900067,214.69574482742897,5.157408184140923
15.0,0.1,C,9.285143237841,214.70162457790065,5.157290589131489
15.0,0.1,C,9.295136575616,214.7073808451706,5.15717546378609
15.0,0.1,C,9.305129913391,214.71301375633578,5.157062805562787
15.0,0.1,C,9.315123251166,214.71852343532393,5.156952611983023
15.0,0.1,C,9.325116588941,214.72391000297407,5.156844880630021
15.0,0.1,C,9.335109926716,214.7291735771168,5.1567396091471664
15.0,0.1,C,9.34510326449,214.73431427265186,5.156636795236465
15.0,0.1,C,9.355096602265,214.73933220162667,5.156536436656969
15.0,0.1,C,9.36508994004,214.74422747330715,5.15643853122336
15.0,0.1,C,9.375083277815,214.74900019425004,5.156343076804502
15.0,0.1,C,9.38507661559,214.75365046837223,5.156250071322058
15.0,0.1,C,9.395069953364,214.75817839701463,5.15615951274921
15.0,0.1,C,9.405063291139,214.76258407900713,5.156071399109359
15.0,0.1,C,9.415056628914,214.76686761072233,5.155985728475056
15.0,0.1,C,9.425049966689,214.7710290861341,5.15590249896682
15.0,0.1,C,9.435043304464,214.77506859686622,5.155821708752177
15.0,0.1,C,9.445036642239,214.77898623223976,5.155743356044706
15.0,0.1,C,9.455029980013,214.7827820793144,5.1556674391032145
15.0,0.1,C,9.465023317788,214.78645622292822,5.155593956230938
15.0,0.1,C,9.475016655563,214.79000874572716,5.155522905774959
15.0,0.1,C,9.485009993338,214.79343972819598,5.1554542861255825
15.0,0.1,C,9.495003331113,214.7967492486809,5.155388095715885
15.0,0.1,C,9.504996668887,214.7999373834079,5.155324333021345
15.0,0.1,C,9.514990006662,214.80300420649758,5.155262996559551
15.0,0.1,C,9.524983344437,214.80594978997166,5.155204084890069
15.0,0.1,C,9.534976682212,214.80877420375785,5.155147596614345
15.0,0.1,C,9.544970019987,214.8114775156876,5.1550935303757495
15.0,0.1,C,9.554963357761,214.81405979149088,5.155041884859685
15.0,0.1,C,9.564956695536,214.81652109478293,5.154992658793844
15.0,0.1,C,9.574950033311,214.8188614870483,5.154945850948536
15.0,0.1,C,9.584943371086,214.82108102761987,5.154901460137105
15.0,0.1,C,9.594936708861,214.82317977365298,5.154859485216443
15.0,0.1,C,9.604930046636,214.8251577800937,5.154819925087628
15.0,0.1,C,9.61492338441,214.82701509964377,5.154782778696627
15.0,0.1,C,9.624916722185,214.82875178272207,5.154748045035061
15.0,0.1,C,9.63491005996,214.83036787741943,5.154715723141114
15.0,0.1,C,9.644903397735,214.83186342945018,5.1546858121004995
15.0,0.1,C,9.65489673551,214.8332384821021,5.15465831104746
15.0,0.1,C,9.664890073284,214.83449307617977,5.154633219165908
15.0,0.1,C,9.674883411059,214.83562724994647,5.154610535690573
15.0,0.1,C,9.684876748834,214.8366410390605,5.154590259908292
15.0,0.1,C,9.694870086609,214.83753447651236,5.154572391159256
15.0,0.1,C,9.704863424384,214.83830759255562,5.15455692883839
15.0,0.1,C,9.714856762159,214.83896041463765,5.154543872396749
15.0,0.1,C,9.724850099933,214.8394929673264,5.154533221342975
15.0,0.1,C,9.734843437708,214.83990527223781,5.154524975244746
15.0,0.1,C,9.744836775483,214.8401973479587,5.154519133730329
15.0,0.1,C,9.754830113258,214.84036920997096,5.154515696490083
15.0,0.1,C,9.764823451033,214.8404208705732,5.1545146632780385
15.0,0.1,C,9.774816788807,214.84035233880297,5.154516033913444
15.0,0.1,C,9.784810126582,214.8401636203565,5.154519808282372
15.0,0.1,C,9.794803464357,214.83985471751123,5.154525986339278
15.0,0.1,C,9.804796802132,214.83942562904713,5.154534568108559
15.0,0.1,C,9.814790139907,214.83887635016745,5.1545455536861535
15.0,0.1,C,9.824783477682,214.8382068724235,5.154558943241033
15.0,0.1,C,9.834776815456,214.8374171836369,5.154574737016764
15.0,0.1,C,9.844770153231,214.83650726782545,5.154592935332994
15.0,0.1,C,9.854763491006,214.83547710513193,5.154613538586863
15.0,0.1,C,9.864756828781,214.83432667175148,5.154636547254472
15.0,0.1,C,9.874750166556,214.83305593986393,5.1546619618922245
15.0,0.1,C,9.88474350433,214.83166487756836,5.154689783138136
15.0,0.1,C,9.894736842105,214.8301534488194,5.154720011713114
15.0,0.1,C,9.90473017988,214.82852161336797,5.154752648422143
15.0,0.1,C,9.914723517655,214.82676932670446,5.154787694155413
15.0,0.1,C,9.92471685543,214.82489654000457,5.154825149889411
15.0,0.1,C,9.934710193205,214.82290320008116,5.1548650166878796
15.0,0.1,C,9.944703530979,214.82078924933867,5.1549072957027295
15.0,0.1,C,9.954696868754,214.81855462572977,5.154951988174908
15.0,0.1,C,9.964690206529,214.81619926272,5.154999095435103
15.0,0.1,C,9.974683544304,214.8137230892544,5.155048618904415
15.0,0.1,C,9.984676882079,214.8111260297278,5.155100560094946
15.0,0.1,C,9.994670219853,214.80840800396177,5.155154920610267
15.0,0.1,C,10.004663557628,214.80556892718457,5.155211702145811
15.0,0.1,C,10.014656895403,214.8026087100174,5.155270906489154
15.0,0.1,C,10.024650233178,214.79952725846303,5.155332535520242
15.0,0.1,C,10.034643570953,214.7963244739019,5.155396591211464
15.0,0.1,C,10.044636908728,214.79300025309038,5.1554630756276945
15.0,0.1,C,10.054630246502,214.78955448816583,5.155531990926185
15.0,0.1,C,10.064623584277,214.7859870666547,5.155603339356407
15.0,0.1,C,10.074616922052,214.78229787148715,5.155677123259759
15.0,0.1,C,10.084610259827,214.77848678101395,5.155753345069223
15.0,0.1,C,10.094603597602,214.77455366903033,5.155832007308896
15.0,0.1,C,10.104596935376,214.77049840480242,5.155913112593454
15.0,0.1,C,10.114590273151,214.76632085309657,5.155996663627571
15.0,0.1,C,10.124583610926,214.7620208742183,5.156082663205136
15.0,0.1,C,10.134576948701,214.7575983240493,5.156171114208517
15.0,0.1,C,10.144570286476,214.75305305408938,5.156262019607715
15.0,0.1,C,10.154563624251,214.74838491150587,5.1563553824593855
15.0,0.1,C,10.164556962025,214.74359373918145,5.156451205905873
15.0,0.1,C,10.1745502998,214.73867937576594,5.156549493174183
15.0,0.1,C,10.184543637575,214.7336416557357,5.156650247574788
15.0,0.1,C,10.19453697535,214.7284804094505,5.156753472500493
15.0,0.1,C,10.204530313125,214.7231954632128,5.156859171425246
15.0,0.1,C,10.214523650899,214.71778663933313,5.156967347902839
15.0,0.1,C,10.224516988674,214.71225375619284,5.157078005565645
15.0,0.1,C,10.234510326449,214.7065966283134,5.157191148123235
15.0,0.1,C,10.244503664224,214.70081506642117,5.15730677936108
15.0,0.1,C,10.254497001999,214.69490887751752,5.157424903139152
15.0,0.1,C,10.264490339773,214.6888778649491,5.157545523390521
15.0,0.1,C,10.274483677548,214.68272182847318,5.157668644120039
15.0,0.1,C,10.284477015323,214.67644056433335,5.157794269402836
15.0,0.1,C,10.294470353098,214.67003386532525,5.157922403382997
15.0,0.1,C,10.304463690873,214.66350152086594,5.1580530502721835
15.0,0.1,C,10.314457028648,214.65684331706288,5.158186214348244
15.0,0.1,C,10.324450366422,214.65005903677982,5.158321899953906
15.0,0.1,C,10.334443704197,214.64314845970156,5.158460111495471
15.0,0.1,C,10.344437041972,214.63611136239982,5.158600853441507
15.0,0.1,C,10.354430379747,214.62894751839295,5.158744130321644
15.0,0.1,C,10.364423717522,214.62165669820567,5.15888994672539
15.0,0.1,C,10.374417055296,214.61423866942607,5.159038307300981
15.0,0.1,C,10.384410393071,214.60669319675685,5.159189216754365
15.0,0.1,C,10.394403730846,214.59902004206947,5.159342679848114
15.0,0.1,C,10.404397068621,214.59121896444952,5.159498701400511
15.0,0.1,C,10.414390406396,214.58328972024094,5.159657286284683
15.0,0.1,C,10.424383744171,214.5752320630841,5.159818439427821
15.0,0.1,C,10.434377081945,214.56704574395417,5.15998216581042
15.0,0.1,C,10.44437041972,214.55873051118988,5.160148470465704
15.0,0.1,C,10.454363757495,214.55028611052356,5.1603173584790305
15.0,0.1,C,10.46435709527,214.54171228510216,5.160488834987459
15.0,0.1,C,10.474350433045,214.53300877550595,5.160662905179383
15.0,0.1,C,10.484343770819,214.524175319762,5.160839574294263
15.0,0.1,C,10.494337108594,214.5152116533499,5.161018847622505
15.0,0.1,C,10.504330446369,214.50611750920942,5.161200730505314
15.0,0.1,C,10.514323784144,214.49689261773702,5.161385228334762
15.0,0.1,C,10.524317121919,214.48753670677897,5.161572346553922
15.0,0.1,C,10.534310459694,214.4780495016192,5.161762090657119
15.0,0.1,C,10.544303797468,214.4684307249658,5.161954466190187
15.0,0.1,C,10.554297135243,214.4586800969219,5.162149478751064
15.0,0.1,C,10.564290473018,214.44879733496822,5.162347133990138
15.0,0.1,C,10.574283810793,214.43878215392397,5.162547437611023
15.0,0.1,C,10.584277148568,214.42863426591387,5.1627503953712255
15.0,0.1,C,10.594270486342,214.4183533803258,5.162956013082987
15.0,0.1,C,10.604263824117,214.40793920376123,5.163164296614278
15.0,0.1,C,10.614257161892,214.39739143999032,5.163375251889696
15.0,0.1,C,10.624250499667,214.3867097898927,5.163588884891649
15.0,0.1,C,10.634243837442,214.3758939513979,5.163805201661545
15.0,0.1,C,10.644237175217,214.36494361942317,5.164024208301039
15.0,0.1,C,10.654230512991,214.35385848580617,5.164245910973379
15.0,0.1,C,10.664223850766,214.34263823922925,5.164470315904917
15.0,0.1,C,10.674217188541,214.33128256515172,5.164697429386468
15.0,0.1,C,10.684210526316,214.31979114572644,5.164927257774974
15.0,0.1,C,10.694203864091,214.30816365972203,5.165159807495061
15.0,0.1,C,10.704197201865,214.29639978243787,5.165395085040745
15.0,0.1,C,10.71419053964,214.2844991856151,5.1656330969772
15.0,0.1,C,10.724183877415,214.27246153735348,5.165873849942433
15.0,0.1,C,10.73417721519,214.2602865020191,5.16611735064912
15.0,0.1,C,10.744170552965,214.24797374015074,5.166363605886487
15.0,0.1,C,10.75416389074,214.23552290836878,5.166612622522127
15.0,0.1,C,10.764157228514,214.22293365928098,5.1668644075038825
15.0,0.1,C,10.774150566289,214.210205641384,5.167118967861822
15.0,0.1,C,10.784143904064,214.19733849897335,5.167376310710035
15.0,0.1,C,10.794137241839,214.18433187204545,5.167636443248594
15.0,0.1,C,10.804130579614,214.1711853962028,5.167899372765447
15.0,0.1,C,10.814123917388,214.15789870255958,5.168165106638311
15.0,0.1,C,10.824117255163,214.14447141764475,5.168433652336607
15.0,0.1,C,10.834110592938,214.1309031633147,5.168705017423208
15.0,0.1,C,10.844103930713,214.11719355666017,5.1689792095563
15.0,0.1,C,10.854097268488,214.1033422099144,5.169256236491215
15.0,0.1,C,10.864090606262,214.08934873037003,5.169536106082102
15.0,0.1,C,10.874083944037,214.07521272028595,5.169818826283783
15.0,0.1,C,10.884077281812,214.06093377681506,5.170104405153201
15.0,0.1,C,10.894070619587,214.04651149191739,5.1703928508511545
15.0,0.1,C,10.904063957362,214.03194545228536,5.170684171643796
15.0,0.1,C,10.914057295137,214.01723523926995,5.170978375904103
15.0,0.1,C,10.924050632911,214.00238042881205,5.171275472113262
15.0,0.1,C,10.934043970686,213.98738059137034,5.171575468862096
15.0,0.1,C,10.944037308461,213.9722352918672,5.171878374852159
15.0,0.1,C,10.954030646236,213.95694408962495,5.172184198897003
15.0,0.1,C,10.964023984011,213.94150653831204,5.172492949923262
15.0,0.1,C,10.974017321785,213.92592218589573,5.172804636971588
15.0,0.1,C,10.98401065956,213.91019057458948,5.173119269197713
15.0,0.1,C,10.994003997335,213.89431124082088,5.173436855873084
15.0,0.1,C,11.00399733511,213.87828371518953,5.173757406385712
15.0,0.1,C,11.013990672885,213.86210752243792,5.174080930240743
15.0,0.1,C,11.02398401066,213.84578218142175,5.174407437061068
15.0,0.1,C,11.033977348434,213.8293072050919,5.1747369365876645
15.0,0.1,C,11.043970686209,213.81268210046866,5.175069438680129
15.0,0.1,C,11.053964023984,213.7959063686388,5.1754049533167255
15.0,0.1,C,11.063957361759,213.77897950474238,5.175743490594656
15.0,0.1,C,11.073950699534,213.76190099796844,5.176085060730133
15.0,0.1,C,11.083944037308,213.74467033156003,5.176429674058302
15.0,0.1,C,11.093937375083,213.72728698281105,5.176777341033281
15.0,0.1,C,11.103930712858,213.70975042308763,5.177128072227751
15.0,0.1,C,11.113924050633,213.69206011783504,5.177481878332801
15.0,0.1,C,11.123917388408,213.67421552659667,5.177838770157569
15.0,0.1,C,11.133910726183,213.6562161030368,5.178198758628766
15.0,0.1,C,11.143904063957,213.6380612949686,5.17856185479013
15.0,0.1,C,11.153897401732,213.61975054437463,5.1789280698020095
15.0,0.1,C,11.163890739507,213.60128328745196,5.1792974149404625
15.0,0.1,C,11.173884077282,213.58265895463893,5.179669901596724
15.0,0.1,C,11.183877415057,213.5638769706571,5.18004554127636
15.0,0.1,C,11.193870752831,213.54493675455268,5.180424345598449
15.0,0.1,C,11.203864090606,213.5258377197336,5.180806326294831
15.0,0.1,C,11.213857428381,213.50657927402435,5.181191495209014
15.0,0.1,C,11.223850766156,213.48716081970855,5.1815798642953315
15.0,0.1,C,11.233844103931,213.46758175357584,5.181971445617986
15.0,0.1,C,11.243837441706,213.44784146697467,5.182366251350009
15.0,0.1,C,11.25383077948,213.42793934586408,5.182764293772221
15.0,0.1,C,11.263824117255,213.4078747708556,5.1831655852723895
15.0,0.1,C,11.27381745503,213.38764711727814,5.183570138343939
15.0,0.1,C,11.283810792805,213.36725575522053,5.1839779655850915
15.0,0.1,C,11.29380413058,213.34670004958468,5.184389079697809
15.0,0.1,C,11.303797468354,213.3259793601379,5.184803493486745
15.0,0.1,C,11.313790806129,213.30509304155393,5.185221219858424
15.0,0.1,C,11.323784143904,213.28404044347226,5.185642271820057
15.0,0.1,C,11.333777481679,213.2628209105367,5.186066662478768
15.0,0.1,C,11.343770819454,213.24143378244193,5.186494405040664
15.0,0.1,C,11.353764157229,213.21987839397426,5.186925512810017
15.0,0.1,C,11.363757495003,213.1981540750542,5.187359999188419
15.0,0.1,C,11.373750832778,213.17626015076326,5.187797877674236
15.0,0.1,C,11.383744170553,213.15419594139192,5.188239161861663
15.0,0.1,C,11.393737508328,213.13196076245885,5.188683865440325
15.0,0.1,C,11.403730846103,213.10955392474108,5.189132002194681
15.0,0.1,C,11.413724183877,213.08697473429734,5.189583586003556
15.0,0.1,C,11.423717521652,213.0642224924797,5.190038630839909
15.0,0.1,C,11.433710859427,213.0412964959584,5.190497150770335
15.0,0.1,C,11.443704197202,213.01819603672416,5.190959159955019
15.0,0.1,C,11.453697534977,212.99492040209563,5.191424672647589
15.0,0.1,C,11.463690872752,212.97146887471786,5.191893703195145
15.0,0.1,C,11.473684210526,212.94784073256184,5.192366266038265
15.0,0.1,C,11.483677548301,212.92403524890332,5.192842375711435
15.0,0.1,C,11.493670886076,212.900051692323,5.193322046843043
15.0,0.1,C,11.503664223851,212.87588932667634,5.193805294155976
15.0,0.1,C,11.513657561626,212.8515474110698,5.194292132468107
15.0,0.1,C,11.5236508994,212.82702519983226,5.194782576692857
15.0,0.1,C,11.533644237175,212.80232194246895,5.195276641840123
15.0,0.1,C,11.54363757495,212.77743688363313,5.195774343016839
15.0,0.1,C,11.553630912725,212.75236926306985,5.196275695428105
15.0,0.1,C,11.5636242505,212.7271183155653,5.196780714378196
15.0,0.1,C,11.573617588274,212.7016832708897,5.197289415271709
15.0,0.1,C,11.583610926049,212.67606335372568,5.197801813614989
15.0,0.1,C,11.593604263824,212.65025778361345,5.198317925017233
15.0,0.1,C,11.603597601599,212.6242657748669,5.198837765192164
15.0,0.1,C,11.613590939374,212.59808653649773,5.199361349959548
15.0,0.1,C,11.623584277149,212.5717192721322,5.199888695246857
15.0,0.1,C,11.633577614923,212.54516317992488,5.200419817091005
15.0,0.1,C,11.643570952698,212.51841745245525,5.2009547316403975
15.0,0.1,C,11.653564290473,212.49148127664745,5.201493455156554
15.0,0.1,C,11.663557628248,212.46435383365878,5.2020360040163265
15.0,0.1,C,11.673550966023,212.43703429877613,5.202582394713979
15.0,0.1,C,11.683544303797,212.40952184131237,5.203132643863255
15.0,0.1,C,11.693537641572,212.38181562448162,5.20368676819987
15.0,0.1,C,11.703530979347,212.35391480530268,5.204244784583448
15.0,0.1,C,11.713524317122,212.32581853446948,5.2048067100001125
15.0,0.1,C,11.723517654897,212.29752595623415,5.205372561564818
15.0,0.1,C,11.733510992672,212.26903620828423,5.205942356523818
15.0,0.1,C,11.743504330446,212.24034842162274,5.206516112257047
15.0,0.1,C,11.753497668221,212.21146172042873,5.207093846280928
15.0,0.1,C,11.763491005996,212.18237522194912,5.20767557625052
15.0,0.1,C,11.773484343771,212.15308803635912,5.20826131996232
15.0,0.1,C,11.783477681546,212.12359926663584,5.208851095356786
15.0,0.1,C,11.79347101932,212.09390800843195,5.209444920520863
15.0,0.1,C,11.803464357095,212.0640133499361,5.210042813690781
15.0,0.1,C,11.81345769487,212.03391437176015,5.2106447932543
15.0,0.1,C,11.823451032645,212.0036101468007,5.211250877753488
15.0,0.1,C,11.83344437042,211.97309974011452,5.211861085887212
15.0,0.1,C,11.843437708195,211.94238220879188,5.212475436513664
15.0,0.1,C,11.853431045969,211.91145660183676,5.213093948652768
15.0,0.1,C,11.863424383744,211.88032196003022,5.213716641488898
15.0,0.1,C,11.873417721519,211.84897731582885,5.214343534372926
15.0,0.1,C,11.883411059294,211.8174216932358,5.214974646824786
15.0,0.1,C,11.893404397069,211.7856541076866,5.215609998535771
15.0,0.1,C,11.903397734843,211.75367356594148,5.2162496093706725
15.0,0.1,C,11.913391072618,211.7214790659608,5.216893499370285
15.0,0.1,C,11.923384410393,211.68906959682167,5.2175416887530695
15.0,0.1,C,11.933377748168,211.6564441385996,5.2181941979175095
15.0,0.1,C,11.943371085943,211.6236016622744,5.218851047444015
15.0,0.1,C,11.953364423718,211.5905411296356,5.21951225809679
15.0,0.1,C,11.963357761492,211.55726149319463,5.22017785082561
15.0,0.1,C,11.973351099267,211.5237616960854,5.220847846767795
15.0,0.1,C,11.983344437042,211.4900406720018,5.221522267249465
15.0,0.1,C,11.993337774817,211.4560973451079,5.222201133787344
15.0,0.1,C,12.003331112592,211.4219306299668,5.222884468090166
15.0,0.1,C,12.013324450366,211.38753943147586,5.223572292059985
15.0,0.1,C,12.023317788141,211.3529226447909,5.224264627793684
15.0,0.1,C,12.033311125916,211.3180791552853,5.224961497583797
15.0,0.1,C,12.043304463691,211.2830078384839,5.225662923919824
15.0,0.1,C,12.053297801466,211.2477075600147,5.226368929489208
15.0,0.1,C,12.063291139241,211.21217717556547,5.2270795371781915
15.0,0.1,C,12.073284477015,211.17641553084553,5.227794770072592
15.0,0.1,C,12.08327781479,211.14042146153614,5.22851465145878
15.0,0.1,C,12.093271152565,211.10419379327917,5.229239204823919
15.0,0.1,C,12.10326449034,211.06773134163646,5.229968453856773
15.0,0.1,C,12.113257828115,211.0310329120691,5.230702422448121
15.0,0.1,C,12.123251165889,210.99409729992217,5.231441134691059
15.0,0.1,C,12.133244503664,210.9569232903938,5.232184614881626
15.0,0.1,C,12.143237841439,210.91950965854565,5.232932887518589
15.0,0.1,C,12.153231179214,210.88185516927936,5.233685977303915
15.0,0.1,C,12.163224516989,210.8439585773344,5.234443909142814
15.0,0.1,C,12.173217854763,210.8058186272894,5.235206708143714
15.0,0.1,C,12.183211192538,210.767434053547,5.235974399618562
15.0,0.1,C,12.193204530313,210.72880358035755,5.236747009082351
15.0,0.1,C,12.203197868088,210.6899259218106,5.237524562253291
15.0,0.1,C,12.213191205863,210.65079978184363,5.238307085052629
15.0,0.1,C,12.223184543638,210.6114238542486,5.2390946036045305
15.0,0.1,C,12.233177881412,210.57179682268674,5.239887144235768
15.0,0.1,C,12.243171219187,210.53191736068118,5.240684733475879
15.0,0.1,C,12.253164556962,210.49178413165072,5.2414873980564884
15.0,0.1,C,12.263157894737,210.45139578890476,5.242295164911407
15.0,0.1,C,12.273151232512,210.41075097565718,5.2431080611763585
15.0,0.1,C,12.283144570286,210.36984832504032,5.243926114188695
15.0,0.1,C,12.293137908061,210.32868646009643,5.244749351487574
15.0,0.1,C,12.303131245836,210.28726399381154,5.245577800813272
15.0,0.1,C,12.313124583611,210.24557952910325,5.246411490107437
15.0,0.1,C,12.323117921386,210.20363165883037,5.2472504475128945
15.0,0.1,C,12.333111259161,210.161418965794,5.248094701373622
15.0,0.1,C,12.343104596935,210.11894002274167,5.248944280234669
15.0,0.1,C,12.35309793471,210.07619339234645,5.249799212842573
15.0,0.1,C,12.363091272485,210.0331776272265,5.250659528144972
15.0,0.1,C,12.37308461026,209.98989126991722,5.251525255291159
15.0,0.1,C,12.383077948035,209.94633285286153,5.2523964236322715
15.0,0.1,C,12.393071285809,209.9025008983967,5.2532730627215685
15.0,0.1,C,12.403064623584,209.85839391871383,5.254155202315225
15.0,0.1,C,12.413057961359,209.81401041585684,5.255042872372365
15.0,0.1,C,12.423051299134,209.7693488816747,5.255936103056008
15.0,0.1,C,12.433044636909,209.7244077977864,5.2568349247337745
15.0,0.1,C,12.443037974684,209.6791856355404,5.257739367978695
15.0,0.1,C,12.453031312458,209.63368085596971,5.258649463570109
15.0,0.1,C,12.463024650233,209.5878919097216,5.2595652424950705
15.0,0.1,C,12.473017988008,209.54181723702476,5.260486735949008
15.0,0.1,C,12.483011325783,209.49545526760437,5.2614139753374145
15.0,0.1,C,12.493004663558,209.44880442061748,5.262346992277153
15.0,0.1,C,12.502998001332,209.40186310457716,5.263285818597958
15.0,0.1,C,12.512991339107,209.35462971725104,5.2642304863444815
15.0,0.1,C,12.522984676882,209.30710264559832,5.265181027777536
15.0,0.1,C,12.532978014657,209.25928026565407,5.26613747537642
15.0,0.1,C,12.542971352432,209.21116094242882,5.267099861840927
15.0,0.1,C,12.552964690207,209.16274302980153,5.268068220093472
15.0,0.1,C,12.562958027981,209.11402487040465,5.26904258328141
15.0,0.1,C,12.572951365756,209.06500479548393,5.270022984779824
15.0,0.1,C,12.582944703531,209.0156811247965,5.271009458193572
15.0,0.1,C,12.592938041306,208.96605216645764,5.272002037360349
15.0,0.1,C,12.602931379081,208.91611621680292,5.273000756353444
15.0,0.1,C,12.612924716855,208.86587156024527,5.274005649484597
15.0,0.1,C,12.62291805463,208.81531646910122,5.2750167513074775
15.0,0.1,C,12.632911392405,208.76444920346307,5.276034096620242
15.0,0.1,C,12.64290473018,208.7132680110113,5.277057720469276
15.0,0.1,C,12.652898067955,208.66177112685168,5.278087658152469
15.0,0.1,C,12.66289140573,208.6099567733381,5.27912394522274
15.0,0.1,C,12.672884743504,208.55782315989862,5.28016661749153
15.0,0.1,C,12.682878081279,208.50536848282914,5.281215711032919
15.0,0.1,C,12.692871419054,208.4525909251343,5.282271262186816
15.0,0.1,C,12.702864756829,208.3994886563155,5.283333307563192
15.0,0.1,C,12.712858094604,208.34605983217588,5.284401884045984
15.0,0.1,C,12.722851432378,208.29230259462727,5.285477028796957
15.0,0.1,C,12.732844770153,208.23821507146235,5.286558779260256
15.0,0.1,C,12.742838107928,208.18379537618128,5.287647173165877
15.0,0.1,C,12.752831445703,208.1290416077602,5.288742248534298
15.0,0.1,C,12.762824783478,208.07395185044402,5.289844043680622
15.0,0.1,C,12.772818121253,208.01852417353362,5.29095259721883
15.0,0.1,C,12.782811459027,207.96275663117422,5.292067948066018
15.0,0.1,C,12.792804796802,207.90664726211753,5.293190135447152
15.0,0.1,C,12.802798134577,207.85019408953744,5.294319198898754
15.0,0.1,C,12.812791472352,207.79339512078838,5.295455178273735
15.0,0.1,C,12.822784810127,207.73624834719277,5.296598113745648
15.0,0.1,C,12.832778147901,207.6787517438285,5.297748045812932
15.0,0.1,C,12.842771485676,207.62090326928669,5.298905015303769
15.0,0.1,C,12.852764823451,207.5627008654897,5.300069063379709
15.0,0.1,C,12.862758161226,207.50414245745037,5.301240231540495
15.0,0.1,C,12.872751499001,207.44522595306407,5.3024185616282224
15.0,0.1,C,12.882744836775,207.385949242899,5.303604095831522
15.0,0.1,C,12.89273817455,207.32631019996165,5.30479687669027
15.0,0.1,C,12.902731512325,207.26630667952335,5.305996947099034
15.0,0.1,C,12.9127248501,207.20593651888737,5.307204350311755
15.0,0.1,C,12.922718187875,207.14519753719148,5.308419129945672
15.0,0.1,C,12.93271152565,207.08408753520595,5.309641329985383
15.0,0.1,C,12.942704863424,207.02260429513998,5.310870994786703
15.0,0.1,C,12.952698201199,206.96074558042264,5.312108169081049
15.0,0.1,C,12.962691538974,206.89850913554542,5.313352897978594
15.0,0.1,C,12.972684876749,206.8358926858512,5.3146052269724775
15.0,0.1,C,12.982678214524,206.77289393735407,5.315865201942421
15.0,0.1,C,12.992671552298,206.70951057656387,5.317132869158225
15.0,0.1,C,13.002664890073,206.64574027028476,5.318408275283807
15.0,0.1,C,13.012658227848,206.58158066547713,5.319691467379959
15.0,0.1,C,13.022651565623,206.51702938906578,5.320982492908186
15.0,0.1,C,13.032644903398,206.45208404777776,5.322281399733947
15.0,0.1,C,13.042638241173,206.38674222798076,5.323588236129887
15.0,0.1,C,13.052631578947,206.32100149553486,5.324903050778804
15.0,0.1,C,13.062624916722,206.2548593956072,5.326225892777358
15.0,0.1,C,13.072618254497,206.18831345256558,5.32755681163819
15.0,0.1,C,13.082611592272,206.12136116980307,5.328895857293441
15.0,0.1,C,13.092604930047,206.0540000296022,5.330243080097459
15.0,0.1,C,13.102598267821,205.98622749300264,5.331598530829449
15.0,0.1,C,13.112591605596,205.91804099963704,5.33296226069676
15.0,0.1,C,13.122584943371,205.84943796763906,5.334334321336722
15.0,0.1,C,13.132578281146,205.78041579348525,5.335714764819797
15.0,0.1,C,13.142571618921,205.71097185187412,5.33710364365202
15.0,0.1,C,13.152564956696,205.6411034956014,5.338501010777474
15.0,0.1,C,13.16255829447,205.57080805544342,5.339906919580634
15.0,0.1,C,13.172551632245,205.50008284000737,5.341321423889355
15.0,0.1,C,13.18254497002,205.42892513565388,5.342744577976425
15.0,0.1,C,13.192538307795,205.35733220634992,5.344176436562504
15.0,0.1,C,13.20253164557,205.2853012935588,5.345617054818326
15.0,0.1,C,13.212524983344,205.21282961612908,5.347066488366921
15.0,0.1,C,13.222518321119,205.13991437014965,5.348524793286509
15.0,0.1,C,13.232511658894,205.06655272887568,5.349992026111989
15.0,0.1,C,13.242504996669,204.99274184258147,5.351468243837874
15.0,0.1,C,13.252498334444,204.91847883844966,5.352953503920509
15.0,0.1,C,13.262491672219,204.8437608204503,5.3544478642804965
15.0,0.1,C,13.272485009993,204.76858486922814,5.35595138330494
15.0,0.1,C,13.282478347768,204.69294804194672,5.357464119850568
15.0,0.1,C,13.292471685543,204.61684737220904,5.358986133245322
15.0,0.1,C,13.302465023318,204.5402798698962,5.360517483291578
15.0,0.1,C,13.312458361093,204.4632425210436,5.362058230268629
15.0,0.1,C,13.322451698867,204.3857322877117,5.3636084349352675
15.0,0.1,C,13.332445036642,204.30774610781384,5.3651681585332245
15.0,0.1,C,13.342438374417,204.22928089501872,5.366737462789128
15.0,0.1,C,13.352431712192,204.15033353856728,5.368316409918157
15.0,0.1,C,13.362425049967,204.0709009031263,5.369905062626977
15.0,0.1,C,13.372418387742,203.99097982862676,5.371503484116967
15.0,0.1,C,13.382411725516,203.91056713010386,5.373111738087425
15.0,0.1,C,13.392405063291,203.8296595974918,5.374729888739667
15.0,0.1,C,13.402398401066,203.74825399549044,5.376358000779693
15.0,0.1,C,13.412391738841,203.66634706334506,5.377996139422601
15.0,0.1,C,13.422385076616,203.58393551465971,5.379644370396308
15.0,0.1,C,13.43237841439,203.50101603720248,5.381302759945453
15.0,0.1,C,13.442371752165,203.41758529265962,5.382971374836309
15.0,0.1,C,13.45236508994,203.33363991646718,5.384650282360159
15.0,0.1,C,13.462358427715,203.24917651754896,5.386339550338524
15.0,0.1,C,13.47235176549,203.16419167808746,5.388039247127753
15.0,0.1,C,13.482345103264,203.0786819532872,5.389749441623758
15.0,0.1,C,13.492338441039,202.99264387108425,5.391470203267817
15.0,0.1,C,13.502331778814,202.90607393193366,5.393201602050829
15.0,0.1,C,13.512325116589,202.8189686084994,5.394943708519515
15.0,0.1,C,13.522318454364,202.73132434538195,5.396696593781863
15.0,0.1,C,13.532311792139,202.64313755882134,5.3984603295130755
15.0,0.1,C,13.542305129913,202.55440463640386,5.400234987961426
15.0,0.1,C,13.552298467688,202.46512193671308,5.402020641955241
15.0,0.1,C,13.562291805463,202.37528578906003,5.403817364908301
15.0,0.1,C,13.572285143238,202.28489249311164,5.405625230827269
15.0,0.1,C,13.582278481013,202.19393831856087,5.407444314318285
15.0,0.1,C,13.592271818787,202.1024195047778,5.409274690593946
15.0,0.1,C,13.602265156562,202.0103322604124,5.4111164354812535
15.0,0.1,C,13.612258494337,201.91767276307584,5.412969625427986
15.0,0.1,C,13.622251832112,201.82443715892134,5.414834337511076
15.0,0.1,C,13.632245169887,201.73062156226004,5.416710649444301
15.0,0.1,C,13.642238507662,201.63622205516134,5.418598639586275
15.0,0.1,C,13.652231845436,201.54123468704918,5.420498386948518
15.0,0.1,C,13.662225183211,201.4456554742451,5.4224099712046
15.0,0.1,C,13.672218520986,201.34948039959625,5.424333472697578
15.0,0.1,C,13.682211858761,201.25270541199984,5.426268972449505
15.0,0.1,C,13.692205196536,201.1553264259659,5.428216552170184
15.0,0.1,C,13.70219853431,201.05733932117357,5.430176294266031
15.0,0.1,C,13.712191872085,200.95873994196864,5.432148281850129
15.0,0.1,C,13.72218520986,200.85952409695386,5.434132598750425
15.0,0.1,C,13.732178547635,200.75968755847066,5.43612932952009
15.0,0.1,C,13.74217188541,200.6592260621261,5.438138559446981
15.0,0.1,C,13.752165223185,200.55813530630036,5.440160374563495
15.0,0.1,C,13.762158560959,200.45641095165985,5.442194861656305
15.0,0.1,C,13.772151898734,200.35404862061202,5.444242108277262
15.0,0.1,C,13.782145236509,200.25104389685734,5.4463022027523555
15.0,0.1,C,13.792138574284,200.1473923248318,5.448375234192866
15.0,0.1,C,13.802131912059,200.04308940919734,5.4504612925055556
15.0,0.1,C,13.812125249833,199.93813061432755,5.452560468402952
15.0,0.1,C,13.822118587608,199.83251136373218,5.454672853414859
15.0,0.1,C,13.832111925383,199.7262270395892,5.456798539897719
15.0,0.1,C,13.842105263158,199.61927298216176,5.4589376210462675
15.0,0.1,C,13.852098600933,199.5116444892668,5.461090190904166
15.0,0.1,C,13.862091938708,199.40333681573009,5.4632563443749005
15.0,0.1,C,13.872085276482,199.29434517284665,5.46543617723257
15.0,0.1,C,13.882078614257,199.18466472778567,5.467629786133789
15.0,0.1,C,13.892071952032,199.0742906031018,5.469837268627467
15.0,0.1,C,13.902065289807,198.96321787613405,5.472058723166822
15.0,0.1,C,13.912058627582,198.85144157845684,5.474294249120365
15.0,0.1,C,13.922051965356,198.73895669533104,5.476543946782882
15.0,0.1,C,13.932045303131,198.6257581650945,5.478807917387612
15.0,0.1,C,13.942038640906,198.5118408786656,5.4810862631161905
15.0,0.1,C,13.952031978681,198.39719967893126,5.483379087110877
15.0,0.1,C,13.962025316456,198.28182936019104,5.485686493485682
15.0,0.1,C,13.972018654231,198.16572466758709,5.48800858733776
15.0,0.1,C,13.982011992005,198.04888029654578,5.490345474758588
15.0,0.1,C,13.99200532978,197.93129089215904,5.492697262846321
15.0,0.1,C,14.001998667555,197.81295104868187,5.495064059715864
15.0,0.1,C,14.01199200533,197.69385530891103,5.497445974511281
15.0,0.1,C,14.021985343105,197.57399816362198,5.499843117417063
15.0,0.1,C,14.031978680879,197.45337405100346,5.502255599669432
15.0,0.1,C,14.041972018654,197.33197735603116,5.50468353356888
15.0,0.1,C,14.051965356429,197.2098024099614,5.507127032490273
15.0,0.1,C,14.061958694204,197.08684348970002,5.5095862108955025
15.0,0.1,C,14.071952031979,196.96309481723176,5.5120611843448675
15.0,0.1,C,14.081945369754,196.8385505590356,5.514552069508791
15.0,0.1,C,14.091938707528,196.71320482550877,5.517058984179327
15.0,0.1,C,14.101932045303,196.58705167032684,5.519582047282965
15.0,0.1,C,14.111925383078,196.46008508992514,5.522121378890999
15.0,0.1,C,14.121918720853,196.3322990228529,5.524677100232445
15.0,0.1,C,14.131912058628,196.20368734918605,5.5272493337057815
15.0,0.1,C,14.141905396402,196.07424388993556,5.529838202890791
15.0,0.1,C,14.151898734177,195.94396240638747,5.5324438325617535
15.0,0.1,C,14.161892071952,195.81283659956932,5.535066348698116
15.0,0.1,C,14.171885409727,195.68086010957757,5.537705878497952
15.0,0.1,C,14.181878747502,195.5480265149686,5.54036255039013
15.0,0.1,C,14.191872085276,195.4143293321413,5.543036494046676
15.0,0.1,C,14.201865423051,195.2797620146467,5.545727840396569
15.0,0.1,C,14.211858760826,195.1443179526246,5.54843672163701
15.0,0.1,C,14.221852098601,195.00799047209733,5.551163271247556
15.0,0.1,C,14.231845436376,194.87077283432268,5.553907624003049
15.0,0.1,C,14.241838774151,194.73265823512594,5.556669915986983
15.0,0.1,C,14.251832111925,194.59363980423316,5.559450284604839
15.0,0.1,C,14.2618254497,194.45371060452703,5.562248868598962
15.0,0.1,C,14.271818787475,194.31286363142908,5.56506580806092
15.0,0.1,C,14.28181212525,194.17109181213286,5.567901244446845
15.0,0.1,C,14.291805463025,194.02838800489457,5.570755320591612
15.0,0.1,C,14.301798800799,193.88474499830824,5.573628180723338
15.0,0.1,C,14.311792138574,193.74015551049936,5.576519970479515
15.0,0.1,C,14.321785476349,193.59461218844513,5.579430836920601
15.0,0.1,C,14.331778814124,193.44810760713696,5.5823609285467635
15.0,0.1,C,14.341772151899,193.3006342687999,5.585310395313504
15.0,0.1,C,14.351765489674,193.1521846020796,5.58827938864791
15.0,0.1,C,14.361758827448,193.00275096122843,5.591268061464934
15.0,0.1,C,14.371752165223,192.85232562519894,5.594276568185523
15.0,0.1,C,14.381745502998,192.700900796867,5.597305064752163
15.0,0.1,C,14.391738840773,192.54846860208852,5.600353708647732
15.0,0.1,C,14.401732178548,192.3950210888089,5.603422658913324
15.0,0.1,C,14.411725516322,192.24055022615354,5.606512076166431
15.0,0.1,C,14.421718854097,192.0850479034207,5.609622122621087
15.0,0.1,C,14.431712191872,191.92850592920425,5.612752962105418
15.0,0.1,C,14.441705529647,191.77091603034182,5.615904760082667
15.0,0.1,C,14.451698867422,191.6122698509177,5.619077683671147
15.0,0.1,C,14.461692205197,191.4525589512229,5.6222719016650435
15.0,0.1,C,14.471685542971,191.29177480671132,5.625487584555276
15.0,0.1,C,14.481678880746,191.129908806847,5.628724904552563
15.0,0.1,C,14.491672218521,190.9669522540878,5.631984035607747
15.0,0.1,C,14.501665556296,190.80289636268455,5.635265153435812
15.0,0.1,C,14.511658894071,190.6377322575287,5.638568435538928
15.0,0.1,C,14.521652231845,190.47145097297934,5.641894061229916
15.0,0.1,C,14.53164556962,190.3040434515742,5.645242211658019
15.0,0.1,C,14.541638907395,190.13550054288172,5.6486130698318675
15.0,0.1,C,14.55163224517,189.96581300215843,5.652006820646334
15.0,0.1,C,14.561625582945,189.7949714890568,5.655423650908367
15.0,0.1,C,14.57161892072,189.6229665662918,5.658863749363666
15.0,0.1,C,14.581612258494,189.44978869829222,5.6623273067236575
15.0,0.1,C,14.591605596269,189.2754282497318,5.665814515694867
15.0,0.1,C,14.601598934044,189.09987548421077,5.669325571005286
15.0,0.1,C,14.611592271819,188.92312056272488,5.672860669435005
15.0,0.1,C,14.621585609594,188.74515354219358,5.676420009845631
15.0,0.1,C,14.631578947368,188.5659643739575,5.680003793210353
15.0,0.1,C,14.641572285143,188.38554290215086,5.683612222646485
15.0,0.1,C,14.651565622918,188.20387886222332,5.687245503445036
15.0,0.1,C,14.661558960693,188.02096187924897,5.690903843104522
15.0,0.1,C,14.671552298468,187.83678146629128,5.6945874513636765
15.0,0.1,C,14.681545636243,187.65132702271808,5.69829654023514
15.0,0.1,C,14.691538974017,187.46458783249798,5.702031324039543
15.0,0.1,C,14.701532311792,187.2765530623744,5.705792019442015
15.0,0.1,C,14.711525649567,187.08721176018847,5.709578845485733
15.0,0.1,C,14.721518987342,186.89655285298056,5.713392023629891
15.0,0.1,C,14.731512325117,186.70456514515368,5.717231777786429
15.0,0.1,C,14.741505662891,186.51123731659732,5.7210983343575545
15.0,0.1,C,14.751499000666,186.3165579206834,5.7249919222758345
15.0,0.1,C,14.761492338441,186.12051538241923,5.728912773041117
15.0,0.1,C,14.771485676216,185.9230979963681,5.7328611207621405
15.0,0.1,C,14.781479013991,185.724293924634,5.736837202196823
15.0,0.1,C,14.791472351765,185.52409119480765,5.74084125679335
15.0,0.1,C,14.80146568954,185.3224776977783,5.744873526733936
15.0,0.1,C,14.811459027315,185.11944118570418,5.748934256975419
15.0,0.1,C,14.82145236509,184.91496926975,5.753023695294502
15.0,0.1,C,14.831445702865,184.70904941788194,5.757142092331864
15.0,0.1,C,14.84143904064,184.50166895260767,5.761289701637349
15.0,0.1,C,14.851432378414,184.29281504869502,5.765466779715603
15.0,0.1,C,14.861425716189,184.08247473075005,5.769673586074502
15.0,0.1,C,14.871419053964,183.87063487096182,5.773910383270266
15.0,0.1,C,14.881412391739,183.65728218659686,5.778177436957566
15.0,0.1,C,14.891405729514,183.4424032375613,5.782475015938275
15.0,0.1,C,14.901399067288,183.2259844239161,5.786803392211181
15.0,0.1,C,14.911392405063,183.00801198324552,5.791162841024592
15.0,0.1,C,14.921385742838,182.78847198819884,5.795553640925526
15.0,0.1,C,14.931379080613,182.56735034376916,5.79997607381412
15.0,0.1,C,14.941372418388,182.3446327846378,5.804430424996746
15.0,0.1,C,14.951365756163,182.12030487245087,5.8089169832404846
15.0,0.1,C,14.961359093937,181.89435199307135,5.813436040828075
15.0,0.1,C,14.971352431712,181.66675935367047,5.817987893616093
15.0,0.1,C,14.981345769487,181.43751197999745,5.822572841089553
15.0,0.1,C,14.991339107262,181.20659471337157,5.827191186422071
15.0,0.1,C,15.001332445037,180.97399220773914,5.83184323653472
15.0,0.1,C,15.011325782811,180.73968892667475,5.836529302156007
15.0,0.1,C,15.021319120586,180.50366914021507,5.841249697885201
15.0,0.1,C,15.031312458361,180.265916921872,5.846004742252062
15.0,0.1,C,15.041305796136,180.02641614535221,5.850794757782459
15.0,0.1,C,15.051299133911,179.78515048133772,5.855620071062749
15.0,0.1,C,15.061292471686,179.5421033941824,5.860481012805854
15.0,0.1,C,15.07128580946,179.29725813857266,5.86537791791805
15.0,0.1,C,15.081279147235,179.05059775600017,5.870311125569499
15.0,0.1,C,15.09127248501,178.8021050714152,5.8752809792611975
15.0,0.1,C,15.101265822785,178.55176268956916,5.880287826898119
15.0,0.1,C,15.11125916056,178.2995529914067,5.885332020861369
15.0,0.1,C,15.121252498334,178.04545813039033,5.890413918081697
15.0,0.1,C,15.131245836109,177.78946002862193,5.895533880117063
15.0,0.1,C,15.141239173884,177.53154037314232,5.900692273226656
15.0,0.1,C,15.151232511659,177.27168061189877,5.905889468451527
15.0,0.1,C,15.161225849434,177.0098619497584,5.911125841694334
15.0,0.1,C,15.171219187209,176.74606534440764,5.91640177380135
15.0,0.1,C,15.181212524983,176.48027150219758,5.921717650645551
15.0,0.1,C,15.191205862758,176.21246087376147,5.927073863214273
15.0,0.1,C,15.201199200533,175.94261364980724,5.932470807693358
15.0,0.1,C,15.211192538308,175.67070975654696,5.937908885558563
15.0,0.1,C,15.221185876083,175.39672885115937,5.943388503666315
15.0,0.1,C,15.231179213857,175.12065031715363,5.94891007434643
15.0,0.1,C,15.241172551632,174.8424532594831,5.95447401549984
15.0,0.1,C,15.251165889407,174.5621164998289,5.960080750692924
15.0,0.1,C,15.261159227182,174.2796185714924,5.965730709259653
15.0,0.1,C,15.271152564957,173.9949377143092,5.971424326403318
15.0,0.1,C,15.281145902732,173.70805186940956,5.977162043301313
15.0,0.1,C,15.291139240506,173.41893867388782,5.982944307211746
15.0,0.1,C,15.301132578281,173.1275754551902,5.988771571585699
15.0,0.1,C,15.311125916056,172.83393922566142,5.994644296176274
15.0,0.1,C,15.321119253831,172.538006676661,6.000562947156282
15.0,0.1,C,15.331112591606,172.23975417268022,6.006527997235898
15.0,0.1,C,15.34110592938,171.9391577453108,6.012539925783286
15.0,0.1,C,15.351099267155,171.63619308690747,6.018599218951353
15.0,0.1,C,15.36109260493,171.33083554439457,6.024706369801612
15.0,0.1,C,15.371085942705,171.023060112605,6.030861878437402
15.0,0.1,C,15.38107928048,170.7128414275987,6.037066252137529
15.0,0.1,C,15.391072618255,170.40015375977575,6.043320005493988
15.0,0.1,C,15.401065956029,170.08497100683743,6.049623660552754
15.0,0.1,C,15.411059293804,169.76726668640222,6.055977746961458
15.0,0.1,C,15.421052631579,169.44701392874205,6.062382802114661
15.0,0.1,C,15.431045969354,169.12418546899917,6.068839371309518
15.0,0.1,C,15.441039307129,168.7987536393573,6.075348007902356
15.0,0.1,C,15.451032644903,168.47069036099458,6.08190927346961
15.0,0.1,C,15.461025982678,168.13996713565058,6.08852373797649
15.0,0.1,C,15.471019320453,167.80655503729375,6.095191979943627
15.0,0.1,C,15.481012658228,167.47042470321858,6.1019145866251305
15.0,0.1,C,15.491005996003,167.13154632506573,6.108692154188188
15.0,0.1,C,15.500999333777,166.7898896395865,6.115525287897771
15.0,0.1,C,15.510992671552,166.44542391897278,6.122414602310047
15.0,0.1,C,15.520986009327,166.0981179612589,6.129360721464325
15.0,0.1,C,15.530979347102,165.74794008010127,6.136364279087476
15.0,0.1,C,15.540972684877,165.3948580944355,6.1434259188007925
15.0,0.1,C,15.550966022652,165.038839317802,6.150546294333462
15.0,0.1,C,15.560959360426,164.6798505473925,6.157726069741652
15.0,0.1,C,15.570952698201,164.3178580526025,6.164965919637452
15.0,0.1,C,15.580946035976,163.95282756360075,6.172266529417487
15.0,0.1,C,15.590939373751,163.5847242592044,6.179628595505415
15.0,0.1,C,15.600932711526,163.21351275457127,6.187052825598077
15.0,0.1,C,15.6109260493,162.83915708852882,6.194539938918926
15.0,0.1,C,15.620919387075,162.46162071033098,6.202090666482882
15.0,0.1,C,15.63091272485,162.0808664663971,6.209705751361561
15.0,0.1,C,15.640906062625,161.6968565862643,6.217385948964216
15.0,0.1,C,15.6508994004,161.30955266830634,6.225132027323375
15.0,0.1,C,15.660892738175,160.91891566497233,6.232944767390056
15.0,0.1,C,15.670886075949,160.52490586761152,6.240824963337271
15.0,0.1,C,15.680879413724,160.12748289062824,6.248773422876937
15.0,0.1,C,15.690872751499,159.72660565553986,6.256790967578706
15.0,0.1,C,15.700866089274,159.32223237413723,6.264878433206758
15.0,0.1,C,15.710859427049,158.9143205313109,6.273036670063285
15.0,0.1,C,15.720852764823,158.50282686733382,6.281266543342825
15.0,0.1,C,15.730846102598,158.08770735937003,6.2895689335021014
15.0,0.1,C,15.740839440373,157.66891720280833,6.297944736633336
15.0,0.1,C,15.750832778148,157.24641079156672,6.306394864858168
15.0,0.1,C,15.760826115923,156.8201416979704,6.314920246730093
15.0,0.1,C,15.770819453698,156.39006265192612,6.32352182765098
15.0,0.1,C,15.780812791472,155.95612551944924,6.332200570300516
15.0,0.1,C,15.790806129247,155.51828128026216,6.3409574550842605
15.0,0.1,C,15.800799467022,155.07648000507743,6.3497934805879535
15.0,0.1,C,15.810792804797,154.63067083167456,6.35870966405601
15.0,0.1,C,15.820786142572,154.1808019403851,6.367707041881801
15.0,0.1,C,15.830779480346,153.72682052873705,6.376786670114762
15.0,0.1,C,15.840772818121,153.2686727849962,6.3859496249895775
15.0,0.1,C,15.850766155896,152.80630386124528,6.395197003464596
15.0,0.1,C,15.860759493671,152.3396578450568,6.404529923788367
15.0,0.1,C,15.870752831446,151.8686777303958,6.413949526081586
15.0,0.1,C,15.880746169221,151.39330538743783,6.423456972940746
15.0,0.1,C,15.890739506995,150.91348153134683,6.433053450062564
15.0,0.1,C,15.90073284477,150.42914568968294,6.4427401668958435
15.0,0.1,C,15.910726182545,149.94023616909544,6.452518357307594
15.0,0.1,C,15.92071952032,149.4466900203065,6.462389280283372
15.0,0.1,C,15.930712858095,148.94844300202445,6.472354220649013
15.0,0.1,C,15.940706195869,148.44542954350788,6.482414489819344
15.0,0.1,C,15.950699533644,147.93758270545268,6.49257142658045
15.0,0.1,C,15.960692871419,147.4248341398857,6.502826397891788
15.0,0.1,C,15.970686209194,146.90711404799922,6.5131807997295175
15.0,0.1,C,15.980679546969,146.3843511365918,6.523636057957667
15.0,0.1,C,15.990672884744,145.85647257273584,6.534193629234785
15.0,0.1,C,16.000666222518,145.32340393669625,6.544855001955578
15.0,0.1,C,16.010659560293,144.7850691726796,6.555621697235909
15.0,0.1,C,16.020652898068,144.24139053812345,6.566495269927033
15.0,0.1,C,16.030646235843,143.69228855035576,6.577477309682387
15.0,0.1,C,16.040639573618,143.13768193131023,6.5885694420632985
15.0,0.1,C,16.050632911392,142.57748754992585,6.599773329690986
15.0,0.1,C,16.060626249167,142.01162036181535,6.6110906734531945
15.0,0.1,C,16.070619586942,141.4399933469168,6.622523213751166
15.0,0.1,C,16.080612924717,140.86251744386965,6.634072731812108
15.0,0.1,C,16.090606262492,140.2791014817976,6.645741051053551
15.0,0.1,C,16.100599600266,139.6896521090737,6.657530038508029
15.0,0.1,C,16.110592938041,139.09407371858686,6.669441606317765
15.0,0.1,C,16.120586275816,138.49226837022164,6.681477713285069
15.0,0.1,C,16.130579613591,137.8841357091791,6.693640366505919
15.0,0.1,C,16.140572951366,137.2695728808059,6.7059316230733845
15.0,0.1,C,16.150566289141,136.64847444136325,6.718353591862238
15.0,0.1,C,16.160559626915,136.02073226461937,6.730908435397115
15.0,0.1,C,16.17055296469,135.38623544362832,6.743598371816936
15.0,0.1,C,16.180546302465,134.7448701883684,6.7564256769221345
15.0,0.1,C,16.19053964024,134.09651971768608,6.76939268633578
15.0,0.1,C,16.200532978015,133.4410641461759,6.782501797765985
15.0,0.1,C,16.210526315789,132.77838036534112,6.7957554733826795
15.0,0.1,C,16.220519653564,132.1083419183366,6.80915624232277
15.0,0.1,C,16.230512991339,131.43081886889382,6.822706703311625
15.0,0.1,C,16.240506329114,130.74567766267964,6.836409527435909
15.0,0.1,C,16.250499666889,130.05278098161725,6.8502674610571574
15.0,0.1,C,16.260493004664,129.35198759028452,6.864283328883812
15.0,0.1,C,16.270486342438,128.64315217398268,6.878460037209848
15.0,0.1,C,16.280479680213,127.92612516747714,6.892800577339959
15.0,0.1,C,16.290473017988,127.20075257483448,6.907308029192813
15.0,0.1,C,16.300466355763,126.4668757782664,6.9219855651241735
15.0,0.1,C,16.310459693538,125.7243313362953,6.936836453963596
15.0,0.1,C,16.320453031312,124.97295077008692,6.951864065287765
15.0,0.1,C,16.330446369087,124.21256033668675,6.967071873955767
15.0,0.1,C,16.340439706862,123.44298078934402,6.982463464902622
15.0,0.1,C,16.350433044637,122.66402712235859,6.9980425382423315
15.0,0.1,C,16.360426382412,121.87550830045345,7.013812914680432
15.0,0.1,C,16.370419720187,121.07722697095558,7.0297785412703915
15.0,0.1,C,16.380413057961,120.26897915759068,7.04594349753769
15.0,0.1,C,16.390406395736,119.45055393388886,7.062312002011725
15.0,0.1,C,16.400399733511,118.6217330757751,7.078888419174
15.0,0.1,C,16.410393071286,117.78229068990717,7.095677266891358
15.0,0.1,C,16.420386409061,116.9319928169722,7.112683224350058
15.0,0.1,C,16.430379746835,116.07059700733468,7.129911140542809
15.0,0.1,C,16.44037308461,115.19785186615401,7.147366043366422
15.0,0.1,C,16.450366422385,114.3134965665564,7.165053149358373
15.0,0.1,C,16.46035976016,113.4172603261442,7.182977874166618
15.0,0.1,C,16.470353097935,112.5088618447833,7.201145843793837
15.0,0.1,C,16.48034643571,111.58800869943717,7.219562906700759
15.0,0.1,C,16.490339773484,110.65439669208537,7.238235146847795
15.0,0.1,C,16.500333111259,109.70770914550849,7.257168897779333
15.0,0.1,C,16.510326449034,108.74761614316037,7.276370757826295
15.0,0.1,C,16.520319786809,107.77377370539946,7.295847606581512
15.0,0.1,C,16.530313124584,106.78582289692544,7.315606622750994
15.0,0.1,C,16.540306462358,105.78338885752189,7.335655303539065
15.0,0.1,C,16.550299800133,104.76607974722644,7.356001485744973
15.0,0.1,C,16.560293137908,103.73348559790207,7.376653368731461
15.0,0.1,C,16.570286475683,102.68517705839812,7.39761953952154
15.0,0.1,C,16.580279813458,101.62070402246049,7.418909000240292
15.0,0.1,C,16.590273151233,100.53959412468237,7.440531198195854
15.0,0.1,C,16.600266489007,99.44135108853294,7.462496058918844
15.0,0.1,C,16.610259826782,98.32545290716577,7.484814022546186
15.0,0.1,C,16.620253164557,97.19134983717,7.507496083946102
15.0,0.1,C,16.630246502332,96.03846217814986,7.530553837126505
15.0,0.1,C,16.640239840107,94.86617781080072,7.553999524473487
15.0,0.1,C,16.650233177881,93.67384945911392,7.577846091507223
15.0,0.1,C,16.660226515656,92.46079163645972,7.6021072479603085
15.0,0.1,C,16.670219853431,91.22627723063215,7.62679753607686
15.0,0.1,C,16.680213191206,89.96953367026659,7.65193240728417
15.0,0.1,C,16.690206528981,88.68973860876595,7.677528308514184
15.0,0.1,C,16.700199866756,87.38601504664301,7.703602779756642
15.0,0.1,C,16.71019320453,86.05742579835614,7.730174564722381
15.0,0.1,C,16.720186542305,84.70296718910114,7.75726373690748
15.0,0.1,C,16.73017988008,83.32156184530817,7.78489184378334
15.0,0.1,C,16.740173217855,81.91205040705032,7.813082072548497
15.0,0.1,C,16.75016655563,80.47318195596488,7.841859441570205
15.0,0.1,C,16.760159893404,79.00360289938979,7.871251022701707
15.0,0.1,C,16.770153231179,77.50184398622984,7.901286200964906
15.0,0.1,C,16.780146568954,75.9663050481479,7.931996979726545
15.0,0.1,C,16.790139906729,74.39523694236439,7.963418341842216
15.0,0.1,C,16.800133244504,72.7867200278181,7.995588680133141
15.0,0.1,C,16.810126582278,71.13863830108168,8.02855031466787
15.0,0.1,C,16.820119920053,69.44864804081132,8.062350119873276
15.0,0.1,C,16.830113257828,67.71413942671413,8.09704029215522
15.0,0.1,C,16.840106595603,65.93218904692313,8.13267929975104
15.0,0.1,C,16.850099933378,64.09950042625137,8.169333072164475
15.0,0.1,C,16.860093271153,62.212328546727136,8.207076509754959
15.0,0.1,C,16.870086608927,60.266382591232436,8.245995428864854
15.0,0.1,C,16.880079946702,58.25669845010107,8.28618911168748
15.0,0.1,C,16.890073284477,56.17746825822698,8.327773715524962
15.0,0.1,C,16.900066622252,54.02180719003147,8.370886936888873
15.0,0.1,C,16.910059960027,51.781425715281074,8.41569456638388
15.0,0.1,C,16.920053297801,49.44615395988099,8.462400001491883
15.0,0.1,C,16.930046635576,47.003223995771556,8.511258600774072
15.0,0.1,C,16.940039973351,44.43613316664225,8.56260041735666
15.0,0.1,C,16.950033311126,41.722729027527464,8.616868500138953
15.0,0.1,C,16.960026648901,38.83170669414862,8.67468894680653
15.0,0.1,C,16.970019986676,35.71542020230009,8.7370146766435
15.0,0.1,C,16.98001332445,32.29228956841165,8.80547728932127
15.0,0.1,C,16.990006662225,28.387805179082207,8.88356697710786
15.0,0.1,C,17.0,23.23286492524794,8.986665782184545
15.0,0.1,Pd,17.0,23.23286492524794,-11.533335544538645
15.0,0.1,Pd,17.005,20.293430020797924,-11.386363799316143
15.0,0.1,Pd,17.01,18.098214543916168,-11.276603025472056
15.0,0.1,Pd,17.015,16.058494193016585,-11.174617007927075
15.0,0.1,Pd,17.02,14.241315557353015,-11.083758076143898
15.0,0.1,Pd,17.025,12.496501482684861,-10.99651737241049
15.0,0.1,Pd,17.03,10.883645755244133,-10.915874586038454
15.0,0.1,Pd,17.035,9.318484079686415,-10.837616502260568
15.0,0.1,Pd,17.04,7.8467116512754025,-10.764027880840016
15.0,0.1,Pd,17.045,6.410635436802926,-10.692224070116394
15.0,0.1,Pd,17.05,5.046475061321327,-10.624016051342315
15.0,0.1,Pd,17.055,3.7109287284125263,-10.557238734696874
15.0,0.1,Pd,17.06,2.4335675409605066,-10.493370675324272
15.0,0.1,Pd,17.065,1.1801686174915633,-10.430700729150825
15.0,0.1,Pd,17.07,-0.024609883395000552,-10.370461804106498
15.0,0.1,Pd,17.075,-1.2086963945061902,-10.311257478550937
15.0,0.1,Pd,17.08,-2.35122644792365,-10.254130975880065
15.0,0.1,Pd,17.085,-3.475474149914613,-10.197918590780516
15.0,0.1,Pd,17.09,-4.563609233138791,-10.143511836619307
15.0,0.1,Pd,17.095,-5.63529948923631,-10.089927323814432
15.0,0.1,Pd,17.1,-6.675210406576142,-10.03793177794744
15.0,0.1,Pd,17.105,-7.700114879155002,-9.986686554318497
15.0,0.1,Pd,17.11,-8.696778081146173,-9.93685339421894
15.0,0.1,Pd,17.115,-9.679584208366258,-9.887713087857934
15.0,0.1,Pd,17.12,-10.637097529058613,-9.839837421823317
15.0,0.1,Pd,17.125,-11.581687658078957,-9.7926079153723
15.0,0.1,Pd,17.13,-12.503483612185725,-9.74651811766696
15.0,0.1,Pd,17.135,-13.41312578251826,-9.701036009150334
15.0,0.1,Pd,17.14,-14.302120896778657,-9.656586253437315
15.0,0.1,Pd,17.145,-15.17960369608244,-9.612712113472126
15.0,0.1,Pd,17.15,-16.03830620633851,-9.569776987959322
15.0,0.1,Pd,17.155,-16.88603681012325,-9.527390457770085
15.0,0.1,Pd,17.16,-17.716626303456717,-9.48586098310341
15.0,0.1,Pd,17.165,-18.536703469608977,-9.444857124795798
15.0,0.1,Pd,17.17,-19.341091057645546,-9.40463774539397
15.0,0.1,Pd,17.175,-20.135360599184036,-9.364924268317045
15.0,0.1,Pd,17.18,-20.91523523501878,-9.325930536525307
15.0,0.1,Pd,17.185,-21.685332934494703,-9.287425651551512
15.0,0.1,Pd,17.19,-22.442197648682537,-9.24958241584212
15.0,0.1,Pd,17.195,-23.189582979874594,-9.212213149282517
15.0,0.1,Pd,17.2,-23.924783639448172,-9.175453116303839
15.0,0.1,Pd,17.205,-24.65076663401953,-9.139153966575272
15.0,0.1,Pd,17.21,-25.365515060498165,-9.103416545251338
15.0,0.1,Pd,17.215,-26.071277978012127,-9.068128399375642
15.0,0.1,Pd,17.22,-26.766670744341507,-9.033358761059173
15.0,0.1,Pd,17.225,-27.453285744542526,-8.99902801104912
15.0,0.1,Pd,17.23,-28.130319616632217,-8.965176317444637
15.0,0.1,Pd,17.235,-28.79876331541218,-8.931754132505638
15.0,0.1,Pd,17.24,-29.458348055864118,-8.898774895483042
15.0,0.1,Pd,17.245,-30.109513622875706,-8.866216617132462
15.0,0.1,Pd,17.25,-30.75248269779901,-8.834068163386297
15.0,0.1,Pd,17.255,-31.3871899936186,-8.802332798595316
15.0,0.1,Pd,17.26,-32.01430959546289,-8.770976818503103
15.0,0.1,Pd,17.265,-32.633313729879774,-8.740026611782259
15.0,0.1,Pd,17.27,-33.24529043527657,-8.709427776512419
15.0,0.1,Pd,17.275,-33.84928904243361,-8.679227846154566
15.0,0.1,Pd,17.28,-34.44677635413617,-8.649353480569438
15.0,0.1,Pd,17.285,-35.0364158161827,-8.619871507467112
15.0,0.1,Pd,17.29,-35.62001978549785,-8.590691309001356
15.0,0.1,Pd,17.295,-36.1959005879403,-8.561897268879232
15.0,0.1,Pd,17.3,-36.76618467397609,-8.533383064577443
15.0,0.1,Pd,17.305,-37.328866038918015,-8.505248996330346
15.0,0.1,Pd,17.31,-37.88635533006902,-8.477374531772796
15.0,0.1,Pd,17.315,-38.43635924495081,-8.449874336028707
15.0,0.1,Pd,17.32,-38.981544144092474,-8.422615091071624
15.0,0.1,Pd,17.325,-39.519358881271316,-8.395724354212682
15.0,0.1,Pd,17.33,-40.05269833732574,-8.369057381409961
15.0,0.1,Pd,17.335,-40.578781542374486,-8.342753221157523
15.0,0.1,Pd,17.34,-41.1007058960604,-8.316657003473226
15.0,0.1,Pd,17.345,-41.61548730877181,-8.290917932837656
15.0,0.1,Pd,17.35,-42.12640080851566,-8.265372257850464
15.0,0.1,Pd,17.355,-42.63028466957568,-8.240178064797462
15.0,0.1,Pd,17.36,-43.13056770408599,-8.215163913071947
15.0,0.1,Pd,17.365,-43.62393489145076,-8.190495553703709
15.0,0.1,Pd,17.37,-44.11394597777092,-8.165994999387701
15.0,0.1,Pd,17.375,-44.59715590961669,-8.141834502795414
15.0,0.1,Pd,17.38,-45.07723346926849,-8.117830624812822
15.0,0.1,Pd,17.385,-45.550625804503404,-8.094161008051076
15.0,0.1,Pd,17.39,-46.02108975521615,-8.07063781051544
15.0,0.1,Pd,17.395,-46.484985917749604,-8.047443002388768
15.0,0.1,Pd,17.4,-46.94613910409694,-8.0243853430714
15.0,0.1,Pd,17.405,-47.40084365311571,-8.001650115620462
15.0,0.1,Pd,17.41,-47.85297313591393,-7.979043641480551
15.0,0.1,Pd,17.415,-48.29877500111615,-7.95675354822044
15.0,0.1,Pd,17.42,-48.742153222557675,-7.9345846371483635
15.0,0.1,Pd,17.425,-49.17932682060455,-7.912725957246019
15.0,0.1,Pd,17.43,-49.6142126597057,-7.890981665290962
15.0,0.1,Pd,17.435,-50.04301890583093,-7.869541352984701
15.0,0.1,Pd,17.44,-50.469658636758616,-7.848209366438316
15.0,0.1,Pd,17.445,-50.89034586359918,-7.827175005096287
15.0,0.1,Pd,17.45,-51.30897402772852,-7.806243596889821
15.0,0.1,Pd,17.455,-51.72177882180106,-7.785603357186194
15.0,0.1,Pd,17.46,-52.13261902294779,-7.765061347128857
15.0,0.1,Pd,17.465,-52.537766987833606,-7.744803948884567
15.0,0.1,Pd,17.47,-52.94103261886319,-7.724640667333088
15.0,0.1,Pd,17.475,-53.33873907300124,-7.704755344626185
15.0,0.1,Pd,17.48,-53.73463398099269,-7.684960599226612
15.0,0.1,Pd,17.485,-54.12510459698843,-7.665437068426825
15.0,0.1,Pd,17.49,-54.51382369323839,-7.646001113614327
15.0,0.1,Pd,17.495,-54.89725508474821,-7.626829544038836
15.0,0.1,Pd,17.5,-55.278984905129015,-7.607743053019797
15.0,0.1,Pd,17.505,-55.65556516663427,-7.588914039944533
15.0,0.1,Pd,17.51,-56.030484387189595,-7.570168078916767
15.0,0.1,Pd,17.515,-56.40039359136727,-7.551672618707883
15.0,0.1,Pd,17.52,-56.76867350343355,-7.533258623104569
15.0,0.1,Pd,17.525,-57.13208416025606,-7.515088090263444
15.0,0.1,Pd,17.53,-57.493889108926346,-7.496997842829931
15.0,0.1,Pd,17.535,-57.850966590185685,-7.479143968766963
15.0,0.1,Pd,17.54,-58.206454379495966,-7.46136957930145
15.0,0.1,Pd,17.545,-58.557357311995595,-7.443824432676467
15.0,0.1,Pd,17.55,-58.90667957985064,-7.4263583192837155
15.0,0.1,Pd,17.555,-59.25156021018057,-7.409114287767219
15.0,0.1,Pd,17.56,-59.59486277570664,-7.391949159490915
15.0,0.1,Pd,17.565,-59.93386730919226,-7.374998932816634
15.0,0.1,Pd,17.57,-60.27129049491815,-7.35812777353034
15.0,0.1,Pd,17.575,-60.60455941104613,-7.34146432772394
15.0,0.1,Pd,17.58,-60.93623834207702,-7.324880381172397
15.0,0.1,Pd,17.585,-61.26390668847989,-7.308496963852253
15.0,0.1,Pd,17.59,-61.58997157059438,-7.292193719746528
15.0,0.1,Pd,17.595,-61.912169237443884,-7.2760838364040525
15.0,0.1,Pd,17.6,-62.232745615856075,-7.2600550174834435
15.0,0.1,Pd,17.605,-62.549597592342245,-7.244212418659135
15.0,0.1,Pd,17.61,-62.864806592709044,-7.228451968640795
15.0,0.1,Pd,17.615,-63.17643320709362,-7.212870637921566
15.0,0.1,Pd,17.62,-63.4863917601894,-7.1973727102667775
15.0,0.1,Pd,17.625,-63.79290890479829,-7.182046853036334
15.0,0.1,Pd,17.63,-64.09772995613136,-7.166805800469679
15.0,0.1,Pd,17.635,-64.39924929850082,-7.151729833351206
15.0,0.1,Pd,17.64,-64.6990420040616,-7.136740198073167
15.0,0.1,Pd,17.645,-64.9956711853434,-7.121908739009078
15.0,0.1,Pd,17.65,-65.29054109452615,-7.1071652435499395
15.0,0.1,Pd,17.655,-65.58238391615254,-7.09257310246862
15.0,0.1,Pd,17.66,-65.87243314283202,-7.078070641134645
15.0,0.1,Pd,17.665,-66.15958974233962,-7.063712811159266
15.0,0.1,Pd,17.67,-66.44491712498244,-7.049446442027126
15.0,0.1,Pd,17.675,-66.72748414182283,-7.035318091185106
15.0,0.1,Pd,17.68,-67.00818539343237,-7.021283028604628
15.0,0.1,Pd,17.685,-67.2862561255102,-7.007379492000737
15.0,0.1,Pd,17.69,-67.56242397415731,-6.993571099568382
15.0,0.1,Pd,17.695,-67.83608852578043,-6.979887871987225
15.0,0.1,Pd,17.7,-68.10781284638387,-6.966301655957054
15.0,0.1,Pd,17.705,-68.37715826823309,-6.952834384864593
15.0,0.1,Pd,17.71,-68.64452620622197,-6.939465987965149
15.0,0.1,Pd,17.715,-68.90963662791106,-6.926210466880694
15.0,0.1,Pd,17.72,-69.17273271533504,-6.913055662509496
15.0,0.1,Pd,17.725,-69.43368947107476,-6.900007824722509
15.0,0.1,Pd,17.73,-69.6925957356914,-6.887062511491678
15.0,0.1,Pd,17.735,-69.9494774835171,-6.874218424100392
15.0,0.1,Pd,17.74,-70.20427355134204,-6.861478620709145
15.0,0.1,Pd,17.745,-70.4571563863464,-6.848834478958928
15.0,0.1,Pd,17.75,-70.70791957811585,-6.836296319370455
15.0,0.1,Pd,17.755,-70.95687714006391,-6.823848441273052
15.0,0.1,Pd,17.76,-71.2036825620287,-6.811508170174813
15.0,0.1,Pd,17.765,-71.44878613772522,-6.799252991389987
15.0,0.1,Pd,17.77,-71.69170676715119,-6.787106959918687
15.0,0.1,Pd,17.775,-71.9330253878849,-6.775041028882002
15.0,0.1,Pd,17.78,-72.1721321536297,-6.763085690594761
15.0,0.1,Pd,17.785,-72.40973268799301,-6.751205663876597
15.0,0.1,Pd,17.79,-72.6450945464792,-6.739437570952286
15.0,0.1,Pd,17.795,-72.8790417888455,-6.727740208833972
15.0,0.1,Pd,17.8,-73.11072579574719,-6.7161560084888885
15.0,0.1,Pd,17.805,-73.3410825506529,-6.704638170743602
15.0,0.1,Pd,17.81,-73.56915392857724,-6.693234601847385
15.0,0.1,Pd,17.815,-73.7959810912518,-6.681893243713658
15.0,0.1,Pd,17.82,-74.02050329368251,-6.670667133592121
15.0,0.1,Pd,17.825,-74.24385992693168,-6.659499301929664
15.0,0.1,Pd,17.83,-74.4648946986858,-6.648447563341958
15.0,0.1,Pd,17.835,-74.68483810633393,-6.637450392959551
15.0,0.1,Pd,17.84,-74.90244554076496,-6.626570021237999
15.0,0.1,Pd,17.845,-75.11903133783257,-6.615740731384618
15.0,0.1,Pd,17.85,-75.33326993099146,-6.605028801726674
15.0,0.1,Pd,17.855,-75.54655211078592,-6.594364692736951
15.0,0.1,Pd,17.86,-75.75747881274728,-6.583818357638884
15.0,0.1,Pd,17.865,-75.96750981101057,-6.5733168077257185
15.0,0.1,Pd,17.87,-76.17518007455452,-6.56293329454852
15.0,0.1,Pd,17.875,-76.3820108308264,-6.552591756734927
15.0,0.1,Pd,17.88,-76.58647865764625,-6.542368365393934
15.0,0.1,Pd,17.885,-76.79015867396384,-6.532184364578056
15.0,0.1,Pd,17.89,-76.99147665857402,-6.522118465347545
15.0,0.1,Pd,17.895,-77.19205405563878,-6.512089595494308
15.0,0.1,Pd,17.9,-77.39027342713243,-6.502178626919626
15.0,0.1,Pd,17.905,-77.58779499806322,-6.492302548373086
15.0,0.1,Pd,17.91,-77.78296565986383,-6.482544015283056
15.0,0.1,Pd,17.915,-77.97747692163459,-6.472818452194518
15.0,0.1,Pd,17.92,-78.16964748938253,-6.46320992380712
15.0,0.1,Pd,17.925,-78.3611927320517,-6.4536326616736615
15.0,0.1,Pd,17.93,-78.55041056975018,-6.444171769788738
15.0,0.1,Pd,17.935,-78.73903290357225,-6.434740653097634
15.0,0.1,Pd,17.94,-78.9253441581095,-6.425425090370773
15.0,0.1,Pd,17.945,-79.11108555862069,-6.416138020345214
15.0,0.1,Pd,17.95,-79.29453519278232,-6.406965538637131
15.0,0.1,Pd,17.955,-79.47743654393439,-6.397820471079528
15.0,0.1,Pd,17.96,-79.65806836801157,-6.388788879875669
15.0,0.1,Pd,17.965,-79.83816950344217,-6.3797838231041375
15.0,0.1,Pd,17.97,-80.01602620552872,-6.370890987999811
15.0,0.1,Pd,17.975,-80.1933659480289,-6.362024000874802
15.0,0.1,Pd,17.98,-80.36848912310488,-6.353267842121004
15.0,0.1,Pd,17.985,-80.54310532235998,-6.344537032158248
15.0,0.1,Pd,17.99,-80.71553550023776,-6.33591552326436
15.0,0.1,Pd,17.995,-80.88746506890932,-6.327319044830782
15.0,0.1,Pd,18.0,-81.05724174112956,-6.31883021121977
15.0,0.1,Pd,18.005,-81.2265206893308,-6.310366263809708
15.0,0.1,Pd,18.01,-81.39368233508023,-6.302008181522237
15.0,0.1,Pd,18.015,-81.56034580331054,-6.2936750081107204
15.0,0.1,Pd,18.02,-81.72492991442789,-6.285445802554852
15.0,0.1,Pd,18.025,-81.88901220501836,-6.277241688025328
15.0,0.1,Pd,18.03,-82.05105531015522,-6.269139532768486
15.0,0.1,Pd,18.035,-82.21258991728331,-6.261062802412082
15.0,0.1,Pd,18.04,-82.37212760527964,-6.253085918012265
15.0,0.1,Pd,18.045,-82.5311472435983,-6.245134936096332
15.0,0.1,Pd,18.05,-82.68821418612457,-6.237281588970019
15.0,0.1,Pd,18.055,-82.84475081805998,-6.229454757373248
15.0,0.1,Pd,18.06,-82.99938079158224,-6.221723258697135
15.0,0.1,Pd,18.065,-83.15346565334285,-6.214019015609105
15.0,0.1,Pd,18.07,-83.30569156045269,-6.206407720253613
15.0,0.1,Pd,18.075,-83.45735518680011,-6.1988245389362415
15.0,0.1,Pd,18.08,-83.6072090769594,-6.1913318444282766
15.0,0.1,Pd,18.085,-83.75648132477862,-6.183868232037317
15.0,0.1,Pd,18.09,-83.90399441451062,-6.176492577550716
15.0,0.1,Pd,18.095,-84.05090448522856,-6.169147074014819
15.0,0.1,Pd,18.1,-84.19610717780249,-6.161886939386123
15.0,0.1,Pd,18.105,-84.34068363869532,-6.154658116341481
15.0,0.1,Pd,18.11,-84.48360554332778,-6.147512021109858
15.0,0.1,Pd,18.115,-84.62587634775224,-6.140398480888635
15.0,0.1,Pd,18.12,-84.7665462983655,-6.133364983357972
15.0,0.1,Pd,18.125,-84.90653880495749,-6.126365358028372
15.0,0.1,Pd,18.13,-85.04498487851671,-6.119443054350411
15.0,0.1,Pd,18.135,-85.18272586939727,-6.112556004806383
15.0,0.1,Pd,18.14,-85.31897540385343,-6.1057435280835755
15.0,0.1,Pd,18.145,-85.4544911018744,-6.098967743182528
15.0,0.1,Pd,18.15,-85.58857071373626,-6.092263762589434
15.0,0.1,Pd,18.155,-85.7218867988074,-6.085597958335877
15.0,0.1,Pd,18.16,-85.85382240036424,-6.079001178258035
15.0,0.1,Pd,18.165,-85.98496402489099,-6.072444097031697
15.0,0.1,Pd,18.17,-86.11478084110234,-6.06595325622113
15.0,0.1,Pd,18.175,-86.24377264457699,-6.059503666047397
15.0,0.1,Pd,18.18,-86.37149522964592,-6.053117536793951
15.0,0.1,Pd,18.185,-86.49836135242299,-6.046774230655098
15.0,0.1,Pd,18.19,-86.62401360606763,-6.040491617972865
15.0,0.1,Pd,18.195,-86.74877770235233,-6.0342534131586305
15.0,0.1,Pd,18.2,-86.87238288579097,-6.028073153986699
15.0,0.1,Pd,18.205,-86.99506813588644,-6.021938891481925
15.0,0.1,Pd,18.21,-87.11664888753927,-6.015859853899284
15.0,0.1,Pd,18.215,-87.23727800936776,-6.009828397807859
15.0,0.1,Pd,18.22,-87.35685636029588,-6.0038494802614535
15.0,0.1,Pd,18.225,-87.47545162024348,-5.9979197172640735
15.0,0.1,Pd,18.23,-87.59304900932221,-5.992039847810136
15.0,0.1,Pd,18.235,-87.70963223242474,-5.98621068665501
15.0,0.1,Pd,18.24,-87.82526952126119,-5.980428822213188
15.0,0.1,Pd,18.245,-87.93986210077132,-5.974699193237681
15.0,0.1,Pd,18.25,-88.05355958837764,-5.969014318857365
15.0,0.1,Pd,18.255,-88.16618249473541,-5.9633831735394764
15.0,0.1,Pd,18.26,-88.2779599319509,-5.957794301678701
15.0,0.1,Pd,18.265,-88.38863372119447,-5.952260612216524
15.0,0.1,Pd,18.27,-88.49851032486792,-5.946766782032851
15.0,0.1,Pd,18.275,-88.60725514650757,-5.941329540950869
15.0,0.1,Pd,18.28,-88.71524961343859,-5.935929817604317
15.0,0.1,Pd,18.285,-88.82208521782816,-5.9305880373848385
15.0,0.1,Pd,18.29,-88.9282157384671,-5.9252815113528925
15.0,0.1,Pd,18.295,-89.0331614836937,-5.9200342240915615
15.0,0.1,Pd,18.3,-89.13744575560693,-5.914820010495901
15.0,0.1,Pd,18.305,-89.24052061393148,-5.909666267579674
15.0,0.1,Pd,18.31,-89.34297585502341,-5.904543505525077
15.0,0.1,Pd,18.315,-89.44419841889744,-5.899482377331375
15.0,0.1,Pd,18.32,-89.5448413803928,-5.894450229256607
15.0,0.1,Pd,18.325,-89.64422986807469,-5.8894808048725125
15.0,0.1,Pd,18.33,-89.74307684726183,-5.884538455913155
15.0,0.1,Pd,18.335,-89.84064910806292,-5.879659842873101
15.0,0.1,Pd,18.34,-89.9377159607906,-5.874806500236717
15.0,0.1,Pd,18.345,-90.03348947996807,-5.870017824277843
15.0,0.1,Pd,18.35,-90.1287916328987,-5.865252716631312
15.0,0.1,Pd,18.355,-90.22278353622627,-5.860553121464934
15.0,0.1,Pd,18.36,-90.31633599884127,-5.855875498334184
15.0,0.1,Pd,18.365,-90.40856305687747,-5.851264145432373
15.0,0.1,Pd,18.37,-90.5003804332302,-5.8466732766147365
15.0,0.1,Pd,18.375,-90.59085906530599,-5.842149345010948
15.0,0.1,Pd,18.38,-90.6809555655227,-5.837644520000112
15.0,0.1,Pd,18.385,-90.76970184347289,-5.833207206102603
15.0,0.1,Pd,18.39,-90.85809129499455,-5.82878773352652
15.0,0.1,Pd,18.395,-90.94512094665102,-5.824436250943696
15.0,0.1,Pd,18.4,-91.03181680521772,-5.820101458015362
15.0,0.1,Pd,18.405,-91.11714521768643,-5.815835037391926
15.0,0.1,Pd,18.41,-91.20216057805754,-5.81158426937337
15.0,0.1,Pd,18.415,-91.2858028007969,-5.807402158236402
15.0,0.1,Pd,18.42,-91.36915040720527,-5.803234777915984
15.0,0.1,Pd,18.425,-91.45112115492965,-5.799136240529765
15.0,0.1,Pd,18.43,-91.53281341126424,-5.795051627713034
15.0,0.1,Pd,18.435,-91.61312706668178,-5.791035944942157
15.0,0.1,Pd,18.44,-91.69317604640274,-5.78703349595611
15.0,0.1,Pd,18.445,-91.77184666281492,-5.783099965135501
15.0,0.1,Pd,18.45,-91.85026411858856,-5.779179092346819
15.0,0.1,Pd,18.455,-91.92730542235685,-5.775327027158404
15.0,0.1,Pd,18.46,-92.00410279541688,-5.771487158505403
15.0,0.1,Pd,18.465,-92.07952818832413,-5.767715888860041
15.0,0.1,Pd,18.47,-92.15471661754971,-5.763956467398762
15.0,0.1,Pd,18.475,-92.22853917905853,-5.760265339323321
15.0,0.1,Pd,18.48,-92.30212950977281,-5.756585822787606
15.0,0.1,Pd,18.485,-92.37436199920552,-5.752974198315972
15.0,0.1,Pd,18.49,-92.44636479168712,-5.749374058691891
15.0,0.1,Pd,18.495,-92.51701965033568,-5.745841315759463
15.0,0.1,Pd,18.5,-92.58744518804598,-5.742320038873949
15.0,0.1,Pd,18.505,-92.65653454122241,-5.738865571215126
15.0,0.1,Pd,18.51,-92.72539283874613,-5.73542265633894
15.0,0.1,Pd,18.515,-92.79292849778928,-5.732045873386784
15.0,0.1,Pd,18.52,-92.86022930848414,-5.72868083285204
15.0,0.1,Pd,18.525,-92.92622277273247,-5.725381159639623
15.0,0.1,Pd,18.53,-92.991975596093,-5.722093518471597
15.0,0.1,Pd,18.535,-93.05643805483183,-5.718870395534656
15.0,0.1,Pd,18.54,-93.1206521435612,-5.715659691098187
15.0,0.1,Pd,18.545,-93.18359447795596,-5.712512574378449
15.0,0.1,Pd,18.55,-93.2462788447494,-5.709378356038777
15.0,0.1,Pd,18.555,-93.3077116297721,-5.706306716787642
15.0,0.1,Pd,18.56,-93.36887505381108,-5.7032485455856925
15.0,0.1,Pd,18.565,-93.42880856016886,-5.700251870267804
15.0,0.1,Pd,18.57,-93.48845959332569,-5.697269318609963
15.0,0.1,Pd,18.575,-93.54690378939955,-5.69434710880627
15.0,0.1,Pd,18.58,-93.60505076215559,-5.691439760168468
15.0,0.1,Pd,18.585,-93.6620153159532,-5.688591532478587
15.0,0.1,Pd,18.59,-93.71866634303026,-5.685758981124734
15.0,0.1,Pd,18.595,-93.7741606241603,-5.682984267068232
15.0,0.1,Pd,18.6,-93.82932360986653,-5.6802261177829205
15.0,0.1,Pd,18.605,-93.88335669154287,-5.677524463699104
15.0,0.1,Pd,18.61,-93.93703933483687,-5.674840331534404
15.0,0.1,Pd,18.615,-93.98961999591143,-5.6722112984806765
15.0,0.1,Pd,18.62,-94.04182979518437,-5.669600808517028
15.0,0.1,Pd,18.625,-94.0929665222169,-5.667043972165402
15.0,0.1,Pd,18.63,-94.1437107797991,-5.664506759286293
15.0,0.1,Pd,18.635,-94.19341176916573,-5.66202170981796
15.0,0.1,Pd,18.64,-94.24269759555615,-5.65955741849844
15.0,0.1,Pd,18.645,-94.29097075560117,-5.657143760496189
15.0,0.1,Pd,18.65,-94.33880507342529,-5.654752044604983
15.0,0.1,Pd,18.655,-94.38565802665624,-5.652409396943435
15.0,0.1,Pd,18.66,-94.43204757435666,-5.650089919558414
15.0,0.1,Pd,18.665,-94.47748765968602,-5.647817915291946
15.0,0.1,Pd,18.67,-94.52243899494792,-5.645570348528851
15.0,0.1,Pd,18.675,-94.56647326998362,-5.643368634777066
15.0,0.1,Pd,18.68,-94.60999277289862,-5.641192659631316
15.0,0.1,Pd,18.685,-94.65262801628035,-5.6390608974622305
15.0,0.1,Pd,18.69,-94.69472189225574,-5.63695620366346
15.0,0.1,Pd,18.695,-94.73596460604453,-5.634894067974021
15.0,0.1,Pd,18.7,-94.77663888845862,-5.632860353853316
15.0,0.1,Pd,18.705,-94.81649530057214,-5.63086753324764
15.0,0.1,Pd,18.71,-94.85575585318381,-5.628904505617056
15.0,0.1,Pd,18.715,-94.89423191988027,-5.626980702282234
15.0,0.1,Pd,18.72,-94.93208443899505,-5.625088076326494
15.0,0.1,Pd,18.725,-94.96918584740739,-5.6232330059058775
15.0,0.1,Pd,18.73,-95.00563586380731,-5.621410505085882
15.0,0.1,Pd,18.735,-95.04136803452228,-5.6196238965501335
15.0,0.1,Pd,18.74,-95.0764209151609,-5.617871252518202
15.0,0.1,Pd,18.745,-95.11078900484387,-5.616152848034054
15.0,0.1,Pd,18.75,-95.14444995431661,-5.614469800560416
15.0,0.1,Pd,18.755,-95.17745885838082,-5.612819355357206
15.0,0.1,Pd,18.76,-95.20973292017466,-5.611205652267514
15.0,0.1,Pd,18.765,-95.24138727548775,-5.60962293450186
15.0,0.1,Pd,18.77,-95.27227933301096,-5.608078331625699
15.0,0.1,Pd,18.775,-95.30258352064773,-5.606563122243861
15.0,0.1,Pd,18.78,-95.3320982980527,-5.605087383373612
15.0,0.1,Pd,18.785,-95.36105644607844,-5.603639475972325
15.0,0.1,Pd,18.79,-95.38919850887757,-5.602232372832368
15.0,0.1,Pd,18.795,-95.41681449516729,-5.6008515735178825
15.0,0.1,Pd,18.8,-95.44358825065373,-5.599512885743561
15.0,0.1,Pd,18.805,-95.46986570574127,-5.598199012989183
15.0,0.1,Pd,18.81,-95.49527540321094,-5.5969285281157
15.0,0.1,Pd,18.815,-95.5202177131662,-5.595681412617937
15.0,0.1,Pd,18.82,-95.54426744395927,-5.594478926078283
15.0,0.1,Pd,18.825,-95.56787775328846,-5.593298410611824
15.0,0.1,Pd,18.83,-95.59057145064338,-5.592163725744078
15.0,0.1,Pd,18.835,-95.61285266521035,-5.5910496650157295
15.0,0.1,Pd,18.84,-95.63419410394768,-5.589982593078863
15.0,0.1,Pd,18.845,-95.65514889391243,-5.588934853580626
15.0,0.1,Pd,18.85,-95.67514168994558,-5.587935213778969
15.0,0.1,Pd,18.855,-95.69477249271289,-5.586953673640603
15.0,0.1,Pd,18.86,-95.71342010239957,-5.586021293156269
15.0,0.1,Pd,18.865,-95.73172912557803,-5.585105841997346
15.0,0.1,Pd,18.87,-95.74903484491087,-5.5842405560307045
15.0,0.1,Pd,18.875,-95.76602406927746,-5.583391094812374
15.0,0.1,Pd,18.88,-95.7819910329241,-5.582592746630042
15.0,0.1,Pd,18.885,-95.79766221538598,-5.581809187506948
15.0,0.1,Pd,18.89,-95.81229339558594,-5.58107762849695
15.0,0.1,Pd,18.895,-95.82664807214091,-5.5803598946692015
15.0,0.1,Pd,18.9,-95.83994627745928,-5.579694984403283
15.0,0.1,Pd,18.905,-95.85298576614778,-5.579043009968858
15.0,0.1,Pd,18.91,-95.86495364009657,-5.578444616271418
15.0,0.1,Pd,18.915,-95.87667904393656,-5.577858346079418
15.0,0.1,Pd,18.92,-95.88731906347176,-5.577326345102659
15.0,0.1,Pd,18.925,-95.89773127338103,-5.576805734607196
15.0,0.1,Pd,18.93,-95.90704574727118,-5.576340010912688
15.0,0.1,Pd,18.935,-95.91614544496346,-5.575885026028074
15.0,0.1,Pd,18.94,-95.92413651204647,-5.575485472673924
15.0,0.1,Pd,18.945,-95.9319241729042,-5.575096089631037
15.0,0.1,Pd,18.95,-95.93859380023049,-5.574762608264723
15.0,0.1,Pd,18.955,-95.9450696961416,-5.574438813469167
15.0,0.1,Pd,18.96,-95.95041967701613,-5.57417131442544
15.0,0.1,Pd,18.965,-95.95558387917652,-5.5739131043174215
15.0,0.1,Pd,18.97,-95.95961583109597,-5.573711506721449
15.0,0.1,Pd,18.975,-95.96346821276984,-5.573518887637755
15.0,0.1,Pd,18.98,-95.9661835752704,-5.573383119512727
15.0,0.1,Pd,18.985,-95.96872381450366,-5.573256107551064
15.0,0.1,Pd,18.99,-95.97012384691763,-5.573186105930366
15.0,0.1,Pd,18.995,-95.9713514291998,-5.573124726816257
15.0,0.1,Pd,19.0,-95.97143720833077,-5.573120437859709
