L_support_nm,pzc_support_V,material,x_nm,phi_RP_mV,sigma_uC_per_cm2
15.0,0.5,Au,0.0,-193.23094426263415,-6.967518823594296
15.0,0.5,Au,0.005,-193.23090813314806,-6.9675206300686
15.0,0.5,Au,0.01,-193.22995334165788,-6.96756836964311
15.0,0.5,Au,0.015,-193.22892549055072,-6.967619762198467
15.0,0.5,Au,0.02,-193.2269804372133,-6.967717014865338
15.0,0.5,Au,0.025,-193.22495992476303,-6.9678180404878525
15.0,0.5,Au,0.03,-193.2220251247037,-6.967964780490819
15.0,0.5,Au,0.035,-193.2190108744916,-6.968115493001423
15.0,0.5,Au,0.04,-193.21508669629867,-6.9683117019110705
15.0,0.5,Au,0.045,-193.21107749753003,-6.968512161849502
15.0,0.5,Au,0.05,-193.2061641606889,-6.968757828691559
15.0,0.5,Au,0.055,-193.20115867043992,-6.969008103204007
15.0,0.5,Au,0.06,-193.19525624272953,-6.969303224589527
15.0,0.5,Au,0.065,-193.18925298812127,-6.969603387319941
15.0,0.5,Au,0.07,-193.18236138299267,-6.9699479675763705
15.0,0.5,Au,0.075,-193.17535876328034,-6.970298098561986
15.0,0.5,Au,0.08,-193.16747773721187,-6.9706921498654095
15.0,0.5,Au,0.085,-193.1594740257868,-6.971092335436663
15.0,0.5,Au,0.09,-193.15060317562984,-6.971535877944511
15.0,0.5,Au,0.095,-193.1415965219229,-6.971986210629858
15.0,0.5,Au,0.1,-193.13173528224183,-6.972479272613912
15.0,0.5,Au,0.105,-193.12172371352503,-6.972979851049751
15.0,0.5,Au,0.11,-193.1108713539336,-6.973522469029324
15.0,0.5,Au,0.115,-193.09985277701588,-6.974073397875209
15.0,0.5,Au,0.12,-193.08800839952104,-6.9746656167499514
15.0,0.5,Au,0.125,-193.07598060232465,-6.975267006609771
15.0,0.5,Au,0.13,-193.06314313868046,-6.975908879791981
15.0,0.5,Au,0.135,-193.05010379169846,-6.976560847141081
15.0,0.5,Au,0.14,-193.03627200077824,-6.977252436687091
15.0,0.5,Au,0.145,-193.02221865840343,-6.977955103805831
15.0,0.5,Au,0.15,-193.00739112358892,-6.9786964805465574
15.0,0.5,Au,0.155,-192.99232122530745,-6.97944997546063
15.0,0.5,Au,0.16,-192.9764963519086,-6.9802412191305745
15.0,0.5,Au,0.165,-192.96040722335684,-6.981045675558162
15.0,0.5,Au,0.17,-192.94358323605962,-6.981886874923022
15.0,0.5,Au,0.175,-192.92647208993242,-6.982742432229383
15.0,0.5,Au,0.18,-192.908647030285,-6.983633685211752
15.0,0.5,Au,0.185,-192.89051096709224,-6.984540488371392
15.0,0.5,Au,0.19,-192.87168269102986,-6.98548190217451
15.0,0.5,Au,0.195,-192.85251869969608,-6.9864401017411994
15.0,0.5,Au,0.2,-192.83268487511123,-6.987431792970441
15.0,0.5,Au,0.205,-192.81248983341308,-6.988441545055349
15.0,0.5,Au,0.21,-192.7916479377731,-6.989483639837349
15.0,0.5,Au,0.215,-192.77041861260793,-6.990545106095607
15.0,0.5,Au,0.22,-192.74856593062395,-6.991637740194806
15.0,0.5,Au,0.225,-192.72629897810302,-6.992751087820853
15.0,0.5,Au,0.23,-192.70343259945673,-6.993894406753166
15.0,0.5,Au,0.235,-192.68012456482288,-6.995059808484861
15.0,0.5,Au,0.24,-192.65624138194894,-6.996253967628556
15.0,0.5,Au,0.245,-192.63188869930846,-6.99747160176058
15.0,0.5,Au,0.25,-192.6069854052388,-6.998716766464064
15.0,0.5,Au,0.255,-192.5815843971071,-6.999986816870648
15.0,0.5,Au,0.26,-192.55565748338023,-7.001283162556991
15.0,0.5,Au,0.265,-192.5292043600318,-7.002605818724414
15.0,0.5,Au,0.27,-192.502250114664,-7.003953530992803
15.0,0.5,Au,0.275,-192.47474097329075,-7.005328988061466
15.0,0.5,Au,0.28,-192.44675547881965,-7.006728262785021
15.0,0.5,Au,0.285,-192.41818630248397,-7.008156721601805
15.0,0.5,Au,0.29,-192.38916543407566,-7.009607765022221
15.0,0.5,Au,0.295,-192.35953209046164,-7.011089432202922
15.0,0.5,Au,0.3,-192.32947151409144,-7.012592461021431
15.0,0.5,Au,0.305,-192.29876975404747,-7.01412754902363
15.0,0.5,Au,0.31,-192.26766492474906,-7.01568279048855
15.0,0.5,Au,0.315,-192.2358903806186,-7.017271517695073
15.0,0.5,Au,0.32,-192.20373654080552,-7.0188792096857275
15.0,0.5,Au,0.325,-192.1708847245465,-7.020521800498678
15.0,0.5,Au,0.33,-192.13767690240155,-7.022182191605926
15.0,0.5,Au,0.335,-192.10374320348345,-7.023878876551831
15.0,0.5,Au,0.34,-192.06947621142118,-7.025592226154945
15.0,0.5,Au,0.345,-192.0344558945119,-7.027343242000408
15.0,0.5,Au,0.35,-191.9991243277052,-7.029109820340743
15.0,0.5,Au,0.355,-191.96301253012834,-7.0309154102195865
15.0,0.5,Au,0.36,-191.92661076510834,-7.032735498470586
15.0,0.5,Au,0.365,-191.88940249408057,-7.034595912021975
15.0,0.5,Au,0.37,-191.8519246873987,-7.036469802356068
15.0,0.5,Au,0.375,-191.81361481704454,-7.038385295873777
15.0,0.5,Au,0.38,-191.77505490399497,-7.040313291526255
15.0,0.5,Au,0.385,-191.73563817213346,-7.042284128119331
15.0,0.5,Au,0.39,-191.6959898655415,-7.044266543448929
15.0,0.5,Au,0.395,-191.65546087024615,-7.0462929932136955
15.0,0.5,Au,0.4,-191.61471765930946,-7.0483301537605305
15.0,0.5,Au,0.405,-191.57307085524332,-7.050412493963838
15.0,0.5,Au,0.41,-191.53122600442686,-7.052504736504661
15.0,0.5,Au,0.415,-191.48845569894675,-7.054643251778665
15.0,0.5,Au,0.42,-191.44550224692657,-7.056790924379676
15.0,0.5,Au,0.425,-191.40160259596217,-7.058985906927894
15.0,0.5,Au,0.43,-191.35753335461376,-7.061189368995316
15.0,0.5,Au,0.435,-191.31249835832003,-7.063441118810002
15.0,0.5,Au,0.44,-191.26730591174115,-7.065700741138945
15.0,0.5,Au,0.445,-191.22112940992187,-7.06800956622991
15.0,0.5,Au,0.45,-191.1748061134934,-7.0703257310513346
15.0,0.5,Au,0.455,-191.12748178080102,-7.072691947685953
15.0,0.5,Au,0.46,-191.0800197602692,-7.075065048712544
15.0,0.5,Au,0.465,-191.03154110117936,-7.0774889816670346
15.0,0.5,Au,0.47,-190.9829322517602,-7.079919424137994
15.0,0.5,Au,0.475,-190.9332925953232,-7.082401406959844
15.0,0.5,Au,0.48,-190.88352858081515,-7.084889607685247
15.0,0.5,Au,0.485,-190.83272107518894,-7.087429982966556
15.0,0.5,Au,0.49,-190.78179332709092,-7.089976370371458
15.0,0.5,Au,0.495,-190.72981093385118,-7.092575490033444
15.0,0.5,Au,0.5,-190.6777106504754,-7.095180504202234
15.0,0.5,Au,0.505,-190.624546138713,-7.097838729790354
15.0,0.5,Au,0.51,-190.5712642842834,-7.100502822511833
15.0,0.5,Au,0.515,-190.51691022448276,-7.103220525501866
15.0,0.5,Au,0.52,-190.46243752820936,-7.105944160315536
15.0,0.5,Au,0.525,-190.40688628592332,-7.108721722429838
15.0,0.5,Au,0.53,-190.35121324104114,-7.111505374673946
15.0,0.5,Au,0.535,-190.29445697034907,-7.114343188208549
15.0,0.5,Au,0.54,-190.2375738331155,-7.117187345070228
15.0,0.5,Au,0.545,-190.17960446988198,-7.120085813231905
15.0,0.5,Au,0.55,-190.1215012585151,-7.122990973800249
15.0,0.5,Au,0.555,-190.06231051344676,-7.125950511053665
15.0,0.5,Au,0.56,-190.00297700699574,-7.128917186376217
15.0,0.5,Au,0.565,-189.94255635849717,-7.131938218801145
15.0,0.5,Au,0.57,-189.88198209563583,-7.134966931944212
15.0,0.5,Au,0.575,-189.8203227824758,-7.138049897602213
15.0,0.5,Au,0.58,-189.75849706019864,-7.141141183716071
15.0,0.5,Au,0.585,-189.69559007398144,-7.144286533026932
15.0,0.5,Au,0.59,-189.63250194619798,-7.147440939416105
15.0,0.5,Au,0.595,-189.56833802365122,-7.150649135543443
15.0,0.5,Au,0.6,-189.5039762996576,-7.1538672217431225
15.0,0.5,Au,0.605,-189.43854591473672,-7.157138740989168
15.0,0.5,Au,0.61,-189.37289915755235,-7.160421078848386
15.0,0.5,Au,0.615,-189.30619251336677,-7.163756411057665
15.0,0.5,Au,0.62,-189.2392490379255,-7.167103584829729
15.0,0.5,Au,0.625,-189.1712560584893,-7.17050323380154
15.0,0.5,Au,0.63,-189.10300392966298,-7.173915840242855
15.0,0.5,Au,0.635,-189.0337142514786,-7.1773803241520735
15.0,0.5,Au,0.64,-188.96414128192205,-7.180858972629902
15.0,0.5,Au,0.645,-188.89354424539044,-7.184388824456481
15.0,0.5,Au,0.65,-188.82263799319222,-7.187934137066393
15.0,0.5,Au,0.655,-188.75072263386684,-7.191529905032662
15.0,0.5,Au,0.66,-188.67847039998372,-7.1951425167268175
15.0,0.5,Au,0.665,-188.60522543966272,-7.198804764742868
15.0,0.5,Au,0.67,-188.53161426512787,-7.20248532346961
15.0,0.5,Au,0.675,-188.45702810278794,-7.206214631586606
15.0,0.5,Au,0.68,-188.3820447656729,-7.209963798442358
15.0,0.5,Au,0.685,-188.30610546825332,-7.213760763313337
15.0,0.5,Au,0.69,-188.2297364803625,-7.217579212707878
15.0,0.5,Au,0.695,-188.15243177339735,-7.221444448056136
15.0,0.5,Au,0.7,-188.0746633766824,-7.2253328678918844
15.0,0.5,Au,0.705,-187.99598063478572,-7.229267004986717
15.0,0.5,Au,0.71,-187.91679879745863,-7.233226096853072
15.0,0.5,Au,0.715,-187.836725034664,-7.237229784992803
15.0,0.5,Au,0.72,-187.75611544699075,-7.241260264376466
15.0,0.5,Au,0.725,-187.6746373069446,-7.245334171378774
15.0,0.5,Au,0.73,-187.5925853766978,-7.249436767891114
15.0,0.5,Au,0.735,-187.5096891227142,-7.253581580590293
15.0,0.5,Au,0.74,-187.4261799702707,-7.257757038212468
15.0,0.5,Au,0.745,-187.34185147523976,-7.261973462964015
15.0,0.5,Au,0.75,-187.25686992829742,-7.266222540311132
15.0,0.5,Au,0.755,-187.1710946644523,-7.270511303503388
15.0,0.5,Au,0.76,-187.08462525235078,-7.274834774108465
15.0,0.5,Au,0.765,-186.9973882808926,-7.279196622681374
15.0,0.5,Au,0.77,-186.90941522851296,-7.283595275300356
15.0,0.5,Au,0.775,-186.82070118908877,-7.288030977271564
15.0,0.5,Au,0.78,-186.73120841031673,-7.292505616210167
15.0,0.5,Au,0.785,-186.6410015103542,-7.297015961208294
15.0,0.5,Au,0.79,-186.54997260107993,-7.3015674066720075
15.0,0.5,Au,0.795,-186.45825660496584,-7.3061532064777115
15.0,0.5,Au,0.8,-186.36567483560668,-7.310782294945669
15.0,0.5,Au,0.805,-186.272433053716,-7.3154443840402035
15.0,0.5,Au,0.81,-186.1782813612321,-7.3201519686643985
15.0,0.5,Au,0.815,-186.083496638796,-7.324891204786203
15.0,0.5,Au,0.82,-185.98775761818152,-7.329678155816928
15.0,0.5,Au,0.825,-185.89141232398896,-7.334495420526556
15.0,0.5,Au,0.83,-185.794068219219,-7.339362625765053
15.0,0.5,Au,0.835,-185.6961442341451,-7.344258825018748
15.0,0.5,Au,0.84,-185.5971769285509,-7.349207190298459
15.0,0.5,Au,0.845,-185.49765563390358,-7.354183255030825
15.0,0.5,Au,0.85,-185.39704663995693,-7.359213704728157
15.0,0.5,Au,0.855,-185.29590890563196,-7.364270591444405
15.0,0.5,Au,0.86,-185.19363935411218,-7.369384069020395
15.0,0.5,Au,0.865,-185.0908655265456,-7.374522760398723
15.0,0.5,Au,0.87,-184.98691615506917,-7.379720228972545
15.0,0.5,Au,0.875,-184.88248604497258,-7.384941734477374
15.0,0.5,Au,0.88,-184.77683718586184,-7.390224177432912
15.0,0.5,Au,0.885,-184.67073005572647,-7.395529533939681
15.0,0.5,Au,0.89,-184.56336162318644,-7.400897955566682
15.0,0.5,Au,0.895,-184.45555617454565,-7.406288227998721
15.0,0.5,Au,0.9,-184.34644765113492,-7.411743654169258
15.0,0.5,Au,0.905,-184.23692201155495,-7.417219936148256
15.0,0.5,Au,0.91,-184.1260524339166,-7.422763415030173
15.0,0.5,Au,0.915,-184.0147841437092,-7.428326829540543
15.0,0.5,Au,0.92,-183.90213208753858,-7.4339594323490745
15.0,0.5,Au,0.925,-183.7890980861664,-7.439611132417684
15.0,0.5,Au,0.93,-183.67464165039124,-7.445333954206442
15.0,0.5,Au,0.935,-183.55981826254595,-7.451075123598707
15.0,0.5,Au,0.94,-183.4435350526894,-7.456889284091534
15.0,0.5,Au,0.945,-183.32689797401082,-7.462721138025463
15.0,0.5,Au,0.95,-183.2087650847104,-7.468627782490484
15.0,0.5,Au,0.955,-183.09028936712798,-7.474551568369605
15.0,0.5,Au,0.96,-182.97028336378284,-7.480551868536861
15.0,0.5,Au,0.965,-182.84994340044005,-7.486568866704
15.0,0.5,Au,0.97,-182.72804029995552,-7.492664021728228
15.0,0.5,Au,0.975,-182.60580980969166,-7.49877554624142
15.0,0.5,Au,0.98,-182.481985060288,-7.504966783711603
15.0,0.5,Au,0.985,-182.3578370716369,-7.511174183144158
15.0,0.5,Au,0.99,-182.23206553169746,-7.517462760141131
15.0,0.5,Au,0.995,-182.10597236636593,-7.523767418407706
15.0,0.5,Au,1.0,-181.9782282822843,-7.530154622611788
15.0,0.5,Au,1.005,-181.85016153807175,-7.536557959822416
15.0,0.5,Au,1.01,-181.72041852106864,-7.543045110672572
15.0,0.5,Au,1.015,-181.59034905417985,-7.549548584017011
15.0,0.5,Au,1.02,-181.4585800560485,-7.556137033923578
15.0,0.5,Au,1.025,-181.32647796275785,-7.562742138588111
15.0,0.5,Au,1.03,-181.19265525050568,-7.569433274200719
15.0,0.5,Au,1.035,-181.0584898481121,-7.576141544320398
15.0,0.5,Au,1.04,-180.92258497745595,-7.582936787853206
15.0,0.5,Au,1.045,-180.7863247844876,-7.589749797501624
15.0,0.5,Au,1.05,-180.64830857215657,-7.596650608118176
15.0,0.5,Au,1.055,-180.50992128775619,-7.603569972338193
15.0,0.5,Au,1.06,-180.36976378256878,-7.610577847597565
15.0,0.5,Au,1.065,-180.2292162650028,-7.617605223475864
15.0,0.5,Au,1.07,-180.0868867176583,-7.6247217008430885
15.0,0.5,Au,1.075,-179.94414496188304,-7.631858788631851
15.0,0.5,Au,1.08,-179.79961179342723,-7.639085447054642
15.0,0.5,Au,1.085,-179.65464090764013,-7.6463339913439965
15.0,0.5,Au,1.09,-179.50787167654596,-7.653672452898705
15.0,0.5,Au,1.095,-179.36063585764848,-7.66103424384358
15.0,0.5,Au,1.1,-179.2115972254615,-7.668486175452928
15.0,0.5,Au,1.105,-179.06205973335227,-7.675963050058391
15.0,0.5,Au,1.11,-178.91071742883065,-7.683530165284471
15.0,0.5,Au,1.115,-178.75884055944567,-7.691124008753719
15.0,0.5,Au,1.12,-178.60515934114184,-7.698808069668911
15.0,0.5,Au,1.125,-178.45090439814183,-7.706520816818912
15.0,0.5,Au,1.13,-178.29484801534818,-7.7143236359585945
15.0,0.5,Au,1.135,-178.13817528037202,-7.722157272707403
15.0,0.5,Au,1.14,-177.9797064323582,-7.730080715108094
15.0,0.5,Au,1.145,-177.82057513372033,-7.738037280039987
15.0,0.5,Au,1.15,-177.65965542718328,-7.746083265366839
15.0,0.5,Au,1.155,-177.49802370692183,-7.754164851379912
15.0,0.5,Au,1.16,-177.33461361156034,-7.762335356147987
15.0,0.5,Au,1.165,-177.17043849070475,-7.770544112190766
15.0,0.5,Au,1.17,-177.00449729282732,-7.778841172084637
15.0,0.5,Au,1.175,-176.83773463476777,-7.787179304987616
15.0,0.5,Au,1.18,-176.6692203888341,-7.7956050172842986
15.0,0.5,Au,1.185,-176.49982486065608,-7.8040747936932
15.0,0.5,Au,1.19,-176.3286943386373,-7.812631319794139
15.0,0.5,Au,1.195,-176.15661937027738,-7.821235068212134
15.0,0.5,Au,1.2,-175.98282800872815,-7.829924636289596
15.0,0.5,Au,1.205,-175.80802574980314,-7.838664749235846
15.0,0.5,Au,1.21,-175.63152759450455,-7.847489657000777
15.0,0.5,Au,1.215,-175.45394886864196,-7.856368593293905
15.0,0.5,Au,1.22,-175.2746965166938,-7.865331210891313
15.0,0.5,Au,1.225,-175.09429077319572,-7.8743514980662175
15.0,0.5,Au,1.23,-174.91223531239146,-7.883454271106431
15.0,0.5,Au,1.235,-174.72895057504385,-7.892618507973811
15.0,0.5,Au,1.24,-174.5440415203749,-7.901863960707259
15.0,0.5,Au,1.245,-174.35782433319733,-7.911174820066138
15.0,0.5,Au,1.25,-174.17000956031166,-7.920565558710421
15.0,0.5,Au,1.255,-173.98080493003513,-7.9300257902242475
15.0,0.5,Au,1.26,-173.7900306054488,-7.9395645064535625
15.0,0.5,Au,1.265,-173.59778194049224,-7.949176939701391
15.0,0.5,Au,1.27,-173.40399244835197,-7.958866414308405
15.0,0.5,Au,1.275,-173.20864149404227,-7.9686339620238895
15.0,0.5,Au,1.28,-173.01177935920646,-7.978477068765681
15.0,0.5,Au,1.285,-172.81326612897897,-7.9884027302770555
15.0,0.5,Au,1.29,-172.61327193617055,-7.998402439917476
15.0,0.5,Au,1.295,-172.4115346384622,-8.008489304802893
15.0,0.5,Au,1.3,-172.20834694721967,-8.018648689365019
15.0,0.5,Au,1.305,-172.00332190773588,-8.02889994133921
15.0,0.5,Au,1.31,-171.79687716286307,-8.03922217858285
15.0,0.5,Au,1.315,-171.5884987418888,-8.049641099631563
15.0,0.5,Au,1.32,-171.3787311790878,-8.060129477771612
15.0,0.5,Au,1.325,-171.16693168347408,-8.0707194525523
15.0,0.5,Au,1.33,-170.9537732297913,-8.081377375236439
15.0,0.5,Au,1.335,-170.73848281922136,-8.092141895764936
15.0,0.5,Au,1.34,-170.5218629879342,-8.102972887329294
15.0,0.5,Au,1.345,-170.30300957504065,-8.11391555797397
15.0,0.5,Au,1.35,-170.0828553545456,-8.124923268998725
15.0,0.5,Au,1.355,-169.86036449841097,-8.136047811805454
15.0,0.5,Au,1.36,-169.63660023464945,-8.147236024993532
15.0,0.5,Au,1.365,-169.41039502718263,-8.15854628536687
15.0,0.5,Au,1.37,-169.18294229909313,-8.169918921771348
15.0,0.5,Au,1.375,-168.9529432437278,-8.181418874539615
15.0,0.5,Au,1.38,-168.72172073115632,-8.192980000168188
15.0,0.5,Au,1.385,-168.48784561325766,-8.204673756063121
15.0,0.5,Au,1.39,-168.2527689567071,-8.216427588890648
15.0,0.5,Au,1.395,-168.0149327050355,-8.228319401474229
15.0,0.5,Au,1.4,-167.77591435656427,-8.240270318897789
15.0,0.5,Au,1.405,-167.5340288950589,-8.252364591973059
15.0,0.5,Au,1.41,-167.29097795958037,-8.264517138746985
15.0,0.5,Au,1.415,-167.04495204866708,-8.276818434292649
15.0,0.5,Au,1.42,-166.7977741148065,-8.28917733098568
15.0,0.5,Au,1.425,-166.5475131813535,-8.301690377658328
15.0,0.5,Au,1.43,-166.2961101409469,-8.31426052967866
15.0,0.5,Au,1.435,-166.04151609589385,-8.326990231931312
15.0,0.5,Au,1.44,-165.78578595109877,-8.339776739171064
15.0,0.5,Au,1.445,-165.5267569936939,-8.352728187041308
15.0,0.5,Au,1.45,-165.2665936505813,-8.365736354196939
15.0,0.5,Au,1.455,-165.0030240580428,-8.378914833823863
15.0,0.5,Au,1.46,-164.7383171054086,-8.392150181455573
15.0,0.5,Au,1.465,-164.47009700669025,-8.405561186391491
15.0,0.5,Au,1.47,-164.20073147868266,-8.41902946279187
15.0,0.5,Au,1.475,-163.92774661089578,-8.432678706181214
15.0,0.5,Au,1.48,-163.65360273188932,-8.446385900131538
15.0,0.5,Au,1.485,-163.37573417774914,-8.460279327838546
15.0,0.5,Au,1.49,-163.09668708772773,-8.474231682339617
15.0,0.5,Au,1.495,-162.81381099221537,-8.488375487115235
15.0,0.5,Au,1.5,-162.52973045069908,-8.50257951419105
15.0,0.5,Au,1.505,-162.24171771491172,-8.516980150980418
15.0,0.5,Au,1.51,-161.95246778124033,-8.531442647663987
15.0,0.5,Au,1.515,-161.65918373116273,-8.546106850167867
15.0,0.5,Au,1.52,-161.36462241866693,-8.560834915792658
15.0,0.5,Au,1.525,-161.0659264463093,-8.575769714410539
15.0,0.5,Au,1.53,-160.7659053476044,-8.590770769345784
15.0,0.5,Au,1.535,-160.46165052163616,-8.605983510644196
15.0,0.5,Au,1.54,-160.15601440189545,-8.62126531663123
15.0,0.5,Au,1.545,-159.84604704453486,-8.636763684499261
15.0,0.5,Au,1.55,-159.53463339920927,-8.65233436676554
15.0,0.5,Au,1.555,-159.21879262569547,-8.66812640544123
15.0,0.5,Au,1.56,-158.90143119865775,-8.683994476793117
15.0,0.5,Au,1.565,-158.57954841514308,-8.70008861596885
15.0,0.5,Au,1.57,-158.25606067268657,-8.716263003091674
15.0,0.5,Au,1.575,-157.92795902780853,-8.732668085335577
15.0,0.5,Au,1.58,-157.5981575832877,-8.749158157561618
15.0,0.5,Au,1.585,-157.26365136801516,-8.765883468325246
15.0,0.5,Au,1.59,-156.92733935117445,-8.78269906916728
15.0,0.5,Au,1.595,-156.58623334072644,-8.799754369689682
15.0,0.5,Au,1.6,-156.2432037048705,-8.81690585148248
15.0,0.5,Au,1.605,-155.8952924356079,-8.834301414945608
15.0,0.5,Au,1.61,-155.54532719475142,-8.851799676988433
15.0,0.5,Au,1.615,-155.19039416783693,-8.869546328334158
15.0,0.5,Au,1.62,-154.83326355474156,-8.887402858988926
15.0,0.5,Au,1.625,-154.47108035710113,-8.905512018870947
15.0,0.5,Au,1.63,-154.10654189166684,-8.923738942142661
15.0,0.5,Au,1.635,-153.73686722325624,-8.94222267556319
15.0,0.5,Au,1.64,-153.3646646790224,-8.960832802774883
15.0,0.5,Au,1.645,-152.9872432735895,-8.979703873046528
15.0,0.5,Au,1.65,-152.6071055280319,-8.998710760324409
15.0,0.5,Au,1.655,-152.22166695240892,-9.017982689105557
15.0,0.5,Au,1.66,-151.8333067042602,-9.037400701512993
15.0,0.5,Au,1.665,-151.439564018584,-9.057087835796802
15.0,0.5,Au,1.67,-151.04267635241249,-9.07693221910538
15.0,0.5,Au,1.675,-150.64032461054364,-9.097049806198822
15.0,0.5,Au,1.68,-150.23458538521925,-9.11733676746504
15.0,0.5,Au,1.685,-149.82329995074744,-9.13790103918863
15.0,0.5,Au,1.69,-149.40836398398622,-9.158647837526694
15.0,0.5,Au,1.695,-148.98779863255604,-9.179676105098201
15.0,0.5,Au,1.7,-148.56329764831239,-9.200901154310385
15.0,0.5,Au,1.705,-148.1330824211856,-9.222411915666722
15.0,0.5,Au,1.71,-147.6986227199663,-9.244134900727689
15.0,0.5,Au,1.715,-147.2583614865937,-9.266147962396317
15.0,0.5,Au,1.72,-146.81352129040803,-9.288389972205602
15.0,0.5,Au,1.725,-146.36278896886427,-9.31092658828279
15.0,0.5,Au,1.73,-145.90711538207663,-9.333710267622171
15.0,0.5,Au,1.735,-145.4454547549993,-9.356793298976038
15.0,0.5,Au,1.74,-144.97846026916926,-9.38014302326754
15.0,0.5,Au,1.745,-144.50537831866436,-9.403797120792785
15.0,0.5,Au,1.75,-144.02653677265425,-9.42773919809329
15.0,0.5,Au,1.755,-143.54150043955437,-9.451991014748284
15.0,0.5,Au,1.76,-143.05024232463865,-9.476553920494071
15.0,0.5,Au,1.765,-142.55267357420828,-9.50143235801559
15.0,0.5,Au,1.77,-142.04838054600484,-9.526647009425762
15.0,0.5,Au,1.775,-141.53765059192784,-9.55218350712961
15.0,0.5,Au,1.78,-141.01964901441335,-9.578083586005336
15.0,0.5,Au,1.785,-140.49507151319443,-9.604312461066282
15.0,0.5,Au,1.79,-139.96262481172704,-9.630934796139652
15.0,0.5,Au,1.795,-139.42344778687547,-9.657893647382231
15.0,0.5,Au,1.8,-138.87574732241399,-9.685278670605305
15.0,0.5,Au,1.805,-138.32114350692757,-9.713008861379626
15.0,0.5,Au,1.81,-137.75729759586395,-9.741201156932807
15.0,0.5,Au,1.815,-137.18635278501853,-9.769748397475077
15.0,0.5,Au,1.82,-136.6053733683326,-9.798797368309373
15.0,0.5,Au,1.825,-136.0170722414802,-9.828212424651992
15.0,0.5,Au,1.83,-135.41785853834398,-9.858173109808805
15.0,0.5,Au,1.835,-134.81106722131167,-9.88851267566042
15.0,0.5,Au,1.84,-134.19238546280886,-9.919446763585562
15.0,0.5,Au,1.845,-133.56582983525286,-9.95077454496336
15.0,0.5,Au,1.85,-132.9262878272701,-9.9827516453625
15.0,0.5,Au,1.855,-132.2785261900993,-10.015139727221039
15.0,0.5,Au,1.86,-131.61654094207154,-10.048238989622426
15.0,0.5,Au,1.865,-130.94592908074887,-10.08176958268856
15.0,0.5,Au,1.87,-130.25968496152538,-10.116081788649735
15.0,0.5,Au,1.875,-129.56433075739693,-10.150849498856157
15.0,0.5,Au,1.88,-128.85172443428078,-10.186479815011964
15.0,0.5,Au,1.885,-128.12942779041134,-10.222594647205437
15.0,0.5,Au,1.89,-127.38799427641595,-10.259666322905206
15.0,0.5,Au,1.895,-126.63616588135693,-10.297257742658157
15.0,0.5,Au,1.9,-125.86297681178468,-10.33591719613677
15.0,0.5,Au,1.905,-125.07852549826343,-10.375139761812832
15.0,0.5,Au,1.91,-124.27004522067976,-10.415563775692016
15.0,0.5,Au,1.915,-123.44921707437801,-10.456605183007103
15.0,0.5,Au,1.92,-122.60109209558529,-10.49901143194674
15.0,0.5,Au,1.925,-121.7392322925023,-10.54210442210089
15.0,0.5,Au,1.93,-120.84597033751236,-10.586767519850385
15.0,0.5,Au,1.935,-119.93715480141869,-10.632208296655069
15.0,0.5,Au,1.94,-118.99160996817004,-10.6794855383175
15.0,0.5,Au,1.945,-118.02804336635529,-10.727663868408237
15.0,0.5,Au,1.95,-117.02053422318978,-10.778039325566514
15.0,0.5,Au,1.955,-115.99149280404332,-10.829491396523839
15.0,0.5,Au,1.96,-114.90815341104418,-10.883658366173794
15.0,0.5,Au,1.965,-113.79793773686734,-10.939169149882636
15.0,0.5,Au,1.97,-112.61722849505624,-10.998204611973192
15.0,0.5,Au,1.975,-111.40059081553366,-11.05903649594932
15.0,0.5,Au,1.98,-110.0843687829051,-11.124847597580748
15.0,0.5,Au,1.985,-108.71360684492926,-11.193385694479542
15.0,0.5,Au,1.99,-107.17493522219846,-11.270319275616082
15.0,0.5,Au,1.995,-105.51901515290838,-11.353115279080585
15.0,0.5,Au,2.0,-103.30168257786246,-11.463981907832881
15.0,0.5,C,2.0,-103.30168257786246,4.014407236866849
15.0,0.5,C,2.009993337775,-99.41312312314354,3.936636047772471
15.0,0.5,C,2.01998667555,-96.46778999585695,3.8777293852267385
15.0,0.5,C,2.029980013324,-93.88554392738658,3.8260844638573315
15.0,0.5,C,2.039973351099,-91.53475109727769,3.779068607255154
15.0,0.5,C,2.049966688874,-89.35387516750622,3.735451088659724
15.0,0.5,C,2.059960026649,-87.30697646870541,3.6945131146837085
15.0,0.5,C,2.069953364424,-85.3704415207645,3.6557824157248895
15.0,0.5,C,2.079946702199,-83.52756059062767,3.618924797122153
15.0,0.5,C,2.089940039973,-81.76588561852797,3.5836912976801596
15.0,0.5,C,2.099933377748,-80.07578567474116,3.549889298804423
15.0,0.5,C,2.109926715523,-78.44958955843936,3.5173653764783865
15.0,0.5,C,2.119920053298,-76.88104442412933,3.4859944737921857
15.0,0.5,C,2.129913391073,-75.36495700383381,3.455672725386276
15.0,0.5,C,2.139906728847,-73.89694638750863,3.4263125130597727
15.0,0.5,C,2.149900066622,-72.47326811497216,3.3978389476090434
15.0,0.5,C,2.159893404397,-71.09068559465689,3.3701872972027376
15.0,0.5,C,2.169886742172,-69.74637393453511,3.3433010640003022
15.0,0.5,C,2.179880079947,-68.43784658104222,3.3171305169304444
15.0,0.5,C,2.189873417722,-67.16289838445545,3.2916315529987084
15.0,0.5,C,2.199866755496,-65.91956073900214,3.2667648000896423
15.0,0.5,C,2.209860093271,-64.70606575889457,3.2424949004874906
15.0,0.5,C,2.219853431046,-63.52081732729285,3.218789931855457
15.0,0.5,C,2.229846768821,-62.36236744464085,3.1956209342024167
15.0,0.5,C,2.239840106596,-61.22939671924355,3.1729615196944705
15.0,0.5,C,2.24983344437,-60.120698131721014,3.15078754794402
15.0,0.5,C,2.259826782145,-59.03516341436615,3.129076853596923
15.0,0.5,C,2.26982011992,-57.971771541348005,3.1078090161365597
15.0,0.5,C,2.279813457695,-56.929578934717625,3.086965164003952
15.0,0.5,C,2.28980679547,-55.907711079654106,3.066527806902682
15.0,0.5,C,2.299800133245,-54.90535530410528,3.0464806913917055
15.0,0.5,C,2.309793471019,-53.9217545279148,3.026808675867896
15.0,0.5,C,2.319786808794,-52.956201823665744,3.0074976217829144
15.0,0.5,C,2.329780146569,-52.0080356631397,2.9885342985723944
15.0,0.5,C,2.339773484344,-51.07663574312803,2.969906300172161
15.0,0.5,C,2.349766822119,-50.161419306292245,2.9516019714354447
15.0,0.5,C,2.359760159893,-49.26183788553201,2.93361034302024
15.0,0.5,C,2.369753497668,-48.37737441229536,2.915921073555507
15.0,0.5,C,2.379746835443,-47.50754064066495,2.8985243981228987
15.0,0.5,C,2.389740173218,-46.65187484376958,2.8814110821849916
15.0,0.5,C,2.399733510993,-45.809939748655616,2.864572380282712
15.0,0.5,C,2.409726848767,-44.9813206792443,2.8479999988944855
15.0,0.5,C,2.419720186542,-44.16562388145472,2.8316860629386946
15.0,0.5,C,2.429713524317,-43.36247500987684,2.8156230855071365
15.0,0.5,C,2.439706862092,-42.57151775554731,2.799803940420546
15.0,0.5,C,2.449700199867,-41.79241259985301,2.7842218373066596
15.0,0.5,C,2.459693537642,-41.02483568001357,2.7688702989098717
15.0,0.5,C,2.469686875416,-40.268477754103216,2.753743140391664
15.0,0.5,C,2.479680213191,-39.523043254513325,2.7388344503998665
15.0,0.5,C,2.489673550966,-38.788249421680575,2.724138573743211
15.0,0.5,C,2.499666888741,-38.063825508413736,2.709650095477875
15.0,0.5,C,2.509660226516,-37.34951204877204,2.695363826285041
15.0,0.5,C,2.51965356429,-36.64506018478927,2.681274789005385
15.0,0.5,C,2.529646902065,-35.95023104509355,2.6673782062114704
15.0,0.5,C,2.53964023984,-35.264795171527005,2.6536694887401397
15.0,0.5,C,2.549633577615,-34.588531987943234,2.6401442250684646
15.0,0.5,C,2.55962691539,-33.92122930832602,2.6267981714761204
15.0,0.5,C,2.569620253165,-33.2626828803005,2.6136272429156095
15.0,0.5,C,2.579613590939,-32.612695961039435,2.6006275045303884
15.0,0.5,C,2.589606928714,-31.971078922379213,2.5877951637571837
15.0,0.5,C,2.599600266489,-31.337648883589523,2.5751265629813904
15.0,0.5,C,2.609593604264,-30.712229368242298,2.562618172674446
15.0,0.5,C,2.619586942039,-30.094649984105352,2.5502665849917068
15.0,0.5,C,2.629580279813,-29.484746123893785,2.5380685077874756
15.0,0.5,C,2.639573617588,-28.882358684911086,2.5260207590078214
15.0,0.5,C,2.649566955363,-28.287333806981078,2.5141202614492206
15.0,0.5,C,2.659560293138,-27.699522626083645,2.5023640378312724
15.0,0.5,C,2.669553630913,-27.11878104336778,2.490749206176955
15.0,0.5,C,2.679546968688,-26.544969508036385,2.4792729754703275
15.0,0.5,C,2.689540306462,-25.977952813194452,2.467932641573489
15.0,0.5,C,2.699533644237,-25.417599903376672,2.456725583377133
15.0,0.5,C,2.709526982012,-24.86378369374107,2.445649259184421
15.0,0.5,C,2.719520319787,-24.316380899011207,2.434701203289824
15.0,0.5,C,2.729513657562,-23.775271872291384,2.4238790227554277
15.0,0.5,C,2.739506995336,-23.24034045281252,2.4131803943658503
15.0,0.5,C,2.749500333111,-22.71147382172765,2.402603061744153
15.0,0.5,C,2.759493670886,-22.188562366205943,2.392144832633719
15.0,0.5,C,2.769487008661,-21.671499550239965,2.381803576314399
15.0,0.5,C,2.779480346436,-21.160181792489695,2.3715772211593937
15.0,0.5,C,2.789473684211,-20.65450835041309,2.3614637523178614
15.0,0.5,C,2.799467021985,-20.15438121036824,2.3514612095169642
15.0,0.5,C,2.80946035976,-19.659704983031165,2.341567684970223
15.0,0.5,C,2.819453697535,-19.170386804516518,2.33178132139993
15.0,0.5,C,2.82944703531,-18.686336241889958,2.3221003101473987
15.0,0.5,C,2.839440373085,-18.207465203521608,2.312522889380032
15.0,0.5,C,2.849433710859,-17.733687853755047,2.303047342384701
15.0,0.5,C,2.859427048634,-17.26492053139571,2.293671995937514
15.0,0.5,C,2.869420386409,-16.801081672496004,2.28439521875952
15.0,0.5,C,2.879413724184,-16.34209173626694,2.2752154200349386
15.0,0.5,C,2.889407061959,-15.887873134615905,2.2661310480019177
15.0,0.5,C,2.899400399734,-15.43835016484129,2.2571405886064255
15.0,0.5,C,2.909393737508,-14.993448945388433,2.2482425642173682
15.0,0.5,C,2.919387075283,-14.553097354238837,2.2394355323943764
15.0,0.5,C,2.929380413058,-14.117224970439127,2.230718084718382
15.0,0.5,C,2.939373750833,-13.685763017734708,2.222088845664294
15.0,0.5,C,2.949367088608,-13.258644310837296,2.2135464715263455
15.0,0.5,C,2.959360426382,-12.835803203976223,2.205089649389124
15.0,0.5,C,2.969353764157,-12.417175541403331,2.1967170961376663
15.0,0.5,C,2.979347101932,-12.0026986103685,2.18842755751697
15.0,0.5,C,2.989340439707,-11.592311095621074,2.180219807222021
15.0,0.5,C,2.999333777482,-11.185953035966552,2.172092646028931
15.0,0.5,C,3.009327115256,-10.783565782577032,2.16404490096114
15.0,0.5,C,3.019320453031,-10.385091958763681,2.1560754244848734
15.0,0.5,C,3.029313790806,-9.990475421735814,2.148183093744316
15.0,0.5,C,3.039307128581,-9.599661225462931,2.1403668098188584
15.0,0.5,C,3.049300466356,-9.212595585169753,2.1326254970129948
15.0,0.5,C,3.059293804131,-8.82922584315627,2.124958102172725
15.0,0.5,C,3.069287141905,-8.44950043595212,2.117363594028642
15.0,0.5,C,3.07928047968,-8.073368862522049,2.1098409625600407
15.0,0.5,C,3.089273817455,-7.700781654029596,2.1023892183901918
15.0,0.5,C,3.09926715523,-7.331690344345216,2.095007392196504
15.0,0.5,C,3.109260493005,-6.966047441822362,2.087694534146047
15.0,0.5,C,3.119253830779,-6.603806402092287,2.0804497133514452
15.0,0.5,C,3.129247168554,-6.244921601662337,2.073272017342846
15.0,0.5,C,3.139240506329,-5.889348312809729,2.0661605515657944
15.0,0.5,C,3.149233844104,-5.537042679009418,2.059114438889788
15.0,0.5,C,3.159227181879,-5.18796169139721,2.052132819137544
15.0,0.5,C,3.169220519654,-4.842063166018583,2.0452148486299713
15.0,0.5,C,3.179213857428,-4.499305721894267,2.038359699747485
15.0,0.5,C,3.189207195203,-4.1596487596654335,2.0315665605029083
15.0,0.5,C,3.199200532978,-3.8230524413030174,2.02483463413566
15.0,0.5,C,3.209193870753,-3.4894776701616927,2.0181631387128336
15.0,0.5,C,3.219187208528,-3.1588860718673986,2.0115513067469477
15.0,0.5,C,3.229180546302,-2.8312399758396247,2.0049983848263926
15.0,0.5,C,3.239173884077,-2.506502397255014,1.9985036332547002
15.0,0.5,C,3.249167221852,-2.1846370199277545,1.9920663257081548
15.0,0.5,C,3.259160559627,-1.8656081794197776,1.9856857488979953
15.0,0.5,C,3.269153897402,-1.5493808468567805,1.9793612022467353
15.0,0.5,C,3.279147235177,-1.235920613227805,1.9730919975741557
15.0,0.5,C,3.289140572951,-0.9251936742172198,1.966877458793944
15.0,0.5,C,3.299133910726,-0.6171668153571842,1.9607169216167435
15.0,0.5,C,3.309127248501,-0.3118073979545913,1.9546097332686918
15.0,0.5,C,3.319120586276,-0.009083345151522239,1.9485552522126304
15.0,0.5,C,3.329113924051,0.2910368714334532,1.9425528478809309
15.0,0.5,C,3.339107261825,0.5885842446529493,1.9366019004165407
15.0,0.5,C,3.3491005996,0.883589244530389,1.9307018004189922
15.0,0.5,C,3.359093937375,1.1760818302775649,1.9248519487040483
15.0,0.5,C,3.36908727515,1.4660914622471084,1.9190517560646576
15.0,0.5,C,3.379080612925,1.7536471133745417,1.913300643042109
15.0,0.5,C,3.3890739507,2.0387772803118414,1.9075980397033632
15.0,0.5,C,3.399067288474,2.3215099942008366,1.9019433854255832
15.0,0.5,C,3.409060626249,2.601872831268575,1.8963361286842284
15.0,0.5,C,3.419053964024,2.8798929228311696,1.8907757268529766
15.0,0.5,C,3.429047301799,3.1555969652867892,1.8852616460038638
15.0,0.5,C,3.439040639574,3.42901122967591,1.8797933607160815
15.0,0.5,C,3.449033977348,3.7001615709679734,1.8743703538902403
15.0,0.5,C,3.459027315123,3.9690734372150405,1.8689921165652985
15.0,0.5,C,3.469020652898,4.235771878175678,1.863658147746086
15.0,0.5,C,3.479013990673,4.500281553960151,1.8583679542303968
15.0,0.5,C,3.489007328448,4.76262674329721,1.8531210504436555
15.0,0.5,C,3.499000666223,5.022831351595822,1.847916958277683
15.0,0.5,C,3.508994003997,5.2809189187544145,1.8427552069345112
15.0,0.5,C,3.518987341772,5.5369126268802304,1.837635332771995
15.0,0.5,C,3.528980679547,5.790835307539293,1.8325568791588138
15.0,0.5,C,3.538974017322,6.0427094490620945,1.8275193963283576
15.0,0.5,C,3.548967355097,6.2925572035192365,1.822522441239215
15.0,0.5,C,3.558960692871,6.540400393510183,1.8175655774393962
15.0,0.5,C,3.568954030646,6.7862605188876035,1.8126483749318478
15.0,0.5,C,3.578947368421,7.030158763059023,1.807770410048419
15.0,0.5,C,3.588940706196,7.272115999358207,1.8029312653224356
15.0,0.5,C,3.598934043971,7.512152797130003,1.7981305293669994
15.0,0.5,C,3.608927381746,7.75028942767355,1.7933677967561286
15.0,0.5,C,3.61892071952,7.986545870008785,1.788642667909424
15.0,0.5,C,3.628914057295,8.220941816605354,1.7839547489774925
15.0,0.5,C,3.63890739507,8.453496678731844,1.779303651734963
15.0,0.5,C,3.648900732845,8.684229591896917,1.7746889934716612
15.0,0.5,C,3.65889407062,8.913159421036111,1.7701103968888774
15.0,0.5,C,3.668887408394,9.140304765565533,1.765567489998289
15.0,0.5,C,3.678880746169,9.365683964420045,1.7610599060211989
15.0,0.5,C,3.688874083944,9.589315100741088,1.756587283294778
15.0,0.5,C,3.698867421719,9.81121600666942,1.7521492651762112
15.0,0.5,C,3.708860759494,10.031404267909114,1.7477454999514173
15.0,0.5,C,3.718854097268,10.249897228178758,1.7433756407460244
15.0,0.5,C,3.728847435043,10.466711993661708,1.7390393454363655
15.0,0.5,C,3.738840772818,10.681865437134393,1.7347362765669117
15.0,0.5,C,3.748834110593,10.895374202208371,1.730466101265432
15.0,0.5,C,3.758827448368,11.107254707366872,1.7262284911622623
15.0,0.5,C,3.768820786143,11.31752314992495,1.7220231223111004
15.0,0.5,C,3.778814123917,11.526195509878383,1.717849675112032
15.0,0.5,C,3.788807461692,11.73328755376551,1.7137078342342893
15.0,0.5,C,3.798800799467,11.938814838234213,1.7095972885449155
15.0,0.5,C,3.808794137242,12.142792713735608,1.7055177310348872
15.0,0.5,C,3.818787475017,12.345236328029301,1.7014688587490137
15.0,0.5,C,3.828780812791,12.546160629613642,1.6974503727173267
15.0,0.5,C,3.838774150566,12.745580371177773,1.6934619778860442
15.0,0.5,C,3.848767488341,12.943510112782425,1.6895033830539512
15.0,0.5,C,3.858760826116,13.139964225169065,1.6855743008062183
15.0,0.5,C,3.868754163891,13.334956892897893,1.6816744474516416
15.0,0.5,C,3.878747501666,13.52850211744316,1.6778035429607363
15.0,0.5,C,3.88874083944,13.720613720201449,1.6739613109055707
15.0,0.5,C,3.898734177215,13.91130534553634,1.670147478398873
15.0,0.5,C,3.90872751499,14.100590463567487,1.6663617760382499
15.0,0.5,C,3.918720852765,14.288482373096777,1.662603937847664
15.0,0.5,C,3.92871419054,14.474994204377785,1.6588737012220438
15.0,0.5,C,3.938707528314,14.660138921835488,1.6551708068728899
15.0,0.5,C,3.948700866089,14.843929326820303,1.6514949987731935
15.0,0.5,C,3.958694203864,15.02637806012889,1.6478460241070216
15.0,0.5,C,3.968687541639,15.207497604659507,1.6442236332164097
15.0,0.5,C,3.978680879414,15.387300287924157,1.6406275795511165
15.0,0.5,C,3.988674217189,15.565798284534079,1.6370576196189182
15.0,0.5,C,3.998667554963,15.743003618619799,1.6335135129372038
15.0,0.5,C,4.008660892738,15.918928166297464,1.6299950219836503
15.0,0.5,C,4.018654230513,16.09358365791245,1.6265019121513506
15.0,0.5,C,4.028647568288,16.26698168041845,1.6230339517012304
15.0,0.5,C,4.038640906063,16.43913367962705,1.6195909117170588
15.0,0.5,C,4.048634243837,16.610050962419134,1.6161725660612172
15.0,0.5,C,4.058627581612,16.77974469900027,1.612778691329594
15.0,0.5,C,4.068620919387,16.94822592494744,1.6094090668106509
15.0,0.5,C,4.078614257162,17.115505543392892,1.6060634744417417
15.0,0.5,C,4.088607594937,17.281594327080523,1.6027416987679892
15.0,0.5,C,4.098600932712,17.446502920410257,1.5994435269013947
15.0,0.5,C,4.108594270486,17.61024184142406,1.5961687484811182
15.0,0.5,C,4.118587608261,17.772821483847597,1.5929171556326476
15.0,0.5,C,4.128580946036,17.934252118926793,1.5896885429310639
15.0,0.5,C,4.138574283811,18.094543897402755,1.5864827073615446
15.0,0.5,C,4.148567621586,18.2537068513681,1.5832994482822378
15.0,0.5,C,4.15856095936,18.411750896092226,1.5801385673877548
15.0,0.5,C,4.168554297135,18.568685831899188,1.576999868671616
15.0,0.5,C,4.17854763491,18.724521345850203,1.5738831583925954
15.0,0.5,C,4.188540972685,18.87926701355979,1.5707882450384039
15.0,0.5,C,4.19853431046,19.0329323009017,1.5677149392915657
15.0,0.5,C,4.208527648235,19.18552656569947,1.5646630539956101
15.0,0.5,C,4.218520986009,19.33705905937558,1.5616324041220881
15.0,0.5,C,4.228514323784,19.48753892864764,1.5586228067366468
15.0,0.5,C,4.238507661559,19.636975217042625,1.5556340809687472
15.0,0.5,C,4.248500999334,19.78537686653892,1.5526660479788215
15.0,0.5,C,4.258494337109,19.932752719101984,1.54971853092756
15.0,0.5,C,4.268487674883,20.079111518194058,1.5467913549457186
15.0,0.5,C,4.278481012658,20.224461910331737,1.5438843471029648
15.0,0.5,C,4.288474350433,20.368812446469537,1.5409973363802087
15.0,0.5,C,4.298467688208,20.512171583502834,1.5381301536395429
15.0,0.5,C,4.308461025983,20.65454768567384,1.5352826315961228
15.0,0.5,C,4.318454363757,20.79594902594936,1.5324546047906125
15.0,0.5,C,4.328447701532,20.93638378744686,1.5296459095606625
15.0,0.5,C,4.338441039307,21.075860064692193,1.5268563840157556
15.0,0.5,C,4.348434377082,21.214385864992604,1.5240858680097475
15.0,0.5,C,4.358427714857,21.351969109716528,1.521334203115269
15.0,0.5,C,4.368421052632,21.488617635562154,1.5186012325983567
15.0,0.5,C,4.378414390406,21.624339195787034,1.5158868013938591
15.0,0.5,C,4.388407728181,21.759141461483186,1.513190756079936
15.0,0.5,C,4.398401065956,21.893032022689997,1.5105129448558
15.0,0.5,C,4.408394403731,22.026018389623694,1.5078532175171258
15.0,0.5,C,4.418387741506,22.158107993808848,1.5052114254334226
15.0,0.5,C,4.42838107928,22.28930818919511,1.5025874215256974
15.0,0.5,C,4.438374417055,22.419626253310575,1.499981060243388
15.0,0.5,C,4.44836775483,22.54906938826232,1.4973921975443534
15.0,0.5,C,4.458361092605,22.677644721849614,1.4948206908726072
15.0,0.5,C,4.46835443038,22.80535930858477,1.4922663991379044
15.0,0.5,C,4.478347768155,22.932220130707336,1.4897291826954528
15.0,0.5,C,4.488341105929,23.058234099164885,1.487208903326302
15.0,0.5,C,4.498334443704,23.183408054634207,1.4847054242169155
15.0,0.5,C,4.508327781479,23.307748768397285,1.482218609941654
15.0,0.5,C,4.518321119254,23.431262943319993,1.4797483264431999
15.0,0.5,C,4.528314457029,23.55395721475113,1.477294441014577
15.0,0.5,C,4.538307794803,23.675838151399216,1.4748568222816152
15.0,0.5,C,4.548301132578,23.796912256252167,1.4724353401845565
15.0,0.5,C,4.558294470353,23.917185967355532,1.470029865962489
15.0,0.5,C,4.568287808128,24.036665658693433,1.4676402721357311
15.0,0.5,C,4.578281145903,24.15535764099104,1.4652664324897788
15.0,0.5,C,4.588274483678,24.273268162511123,1.462908222059377
15.0,0.5,C,4.598267821452,24.39040340982108,1.4605655171131782
15.0,0.5,C,4.608261159227,24.5067695086007,1.4582381951375856
15.0,0.5,C,4.618254497002,24.622372524317505,1.4559261348232495
15.0,0.5,C,4.628247834777,24.73721846300211,1.4536292160495574
15.0,0.5,C,4.638241172552,24.851313271949554,1.4513473198706086
15.0,0.5,C,4.648234510326,24.964662840404863,1.4490803285015026
15.0,0.5,C,4.658227848101,25.077273000291477,1.44682812530377
15.0,0.5,C,4.668221185876,25.189149526810542,1.4445905947733886
15.0,0.5,C,4.678214523651,25.30029813914062,1.4423676225267874
15.0,0.5,C,4.688207861426,25.410724501067932,1.440159095288241
15.0,0.5,C,4.698201199201,25.520434221610998,1.4379649008773796
15.0,0.5,C,4.708194536975,25.6294328556269,1.4357849281970618
15.0,0.5,C,4.71818787475,25.737725904456962,1.4336190672204605
15.0,0.5,C,4.728181212525,25.84531881645121,1.4314672089805753
15.0,0.5,C,4.7381745503,25.952216987592575,1.4293292455577482
15.0,0.5,C,4.748167888075,26.058425762055247,1.4272050700684946
15.0,0.5,C,4.758161225849,26.163950432751925,1.4250945766545613
15.0,0.5,C,4.768154563624,26.26879624192606,1.4229976604710786
15.0,0.5,C,4.778147901399,26.372968381626222,1.4209142176770753
15.0,0.5,C,4.788141239174,26.47647199428177,1.4188441454239642
15.0,0.5,C,4.798134576949,26.5793121732117,1.4167873418453656
15.0,0.5,C,4.808127914724,26.6814939631412,1.4147437060467754
15.0,0.5,C,4.818121252498,26.783022360696254,1.4127131380956746
15.0,0.5,C,4.828114590273,26.88390231494508,1.4106955390106979
15.0,0.5,C,4.838107928048,26.984138727829208,1.4086908107530156
15.0,0.5,C,4.848101265823,27.083736454690893,1.4066988562157818
15.0,0.5,C,4.858094603598,27.182700304743783,1.4047195792147238
15.0,0.5,C,4.868087941372,27.28103504153614,1.4027528844788768
15.0,0.5,C,4.878081279147,27.37874538346239,1.400798677640352
15.0,0.5,C,4.888074616922,27.47583600416746,1.3988568652262505
15.0,0.5,C,4.898067954697,27.572311533045905,1.3969273546486816
15.0,0.5,C,4.908061292472,27.668176555689726,1.395010054195805
15.0,0.5,C,4.918054630247,27.763435614339386,1.393104873022812
15.0,0.5,C,4.928047968021,27.8580932083232,1.3912117211431358
15.0,0.5,C,4.938041305796,27.952153794539907,1.3893305094188013
15.0,0.5,C,4.948034643571,28.045621787844816,1.3874611495527034
15.0,0.5,C,4.958027981346,28.138501561526617,1.3856035540790674
15.0,0.5,C,4.968021319121,28.230797447733906,1.3837576363549215
15.0,0.5,C,4.978014656895,28.32251373790088,1.3819233105515822
15.0,0.5,C,4.98800799467,28.41365468321566,1.3801004916452864
15.0,0.5,C,4.998001332445,28.50422449499459,1.3782890954097078
15.0,0.5,C,5.00799467022,28.59422734514775,1.3764890384066448
15.0,0.5,C,5.017988007995,28.683667366595234,1.374700237977695
15.0,0.5,C,5.027981345769,28.772548653682005,1.3729226122359595
15.0,0.5,C,5.037974683544,28.860875262637283,1.371156080056854
15.0,0.5,C,5.047968021319,28.9486512119403,1.3694005610707936
15.0,0.5,C,5.057961359094,29.03588048277871,1.3676559756540256
15.0,0.5,C,5.067954696869,29.12256701945355,1.3659222449205286
15.0,0.5,C,5.077948034644,29.208714729799745,1.3641992907136047
15.0,0.5,C,5.087941372418,29.29432748559,1.3624870355977998
15.0,0.5,C,5.097934710193,29.37940912298423,1.3607854028499151
15.0,0.5,C,5.107928047968,29.463963442889888,1.359094316451802
15.0,0.5,C,5.117921385743,29.54799421140566,1.3574137010814864
15.0,0.5,C,5.127914723518,29.631505160224727,1.355743482105105
15.0,0.5,C,5.137908061292,29.71449998703003,1.354083585568999
15.0,0.5,C,5.147901399067,29.79698235593615,1.3524339381908765
15.0,0.5,C,5.157894736842,29.87895589784056,1.3507944673527883
15.0,0.5,C,5.167888074617,29.960424210860705,1.3491651010923855
15.0,0.5,C,5.177881412392,30.04139086072305,1.3475457680951386
15.0,0.5,C,5.187874750167,30.121859381161343,1.345936397686373
15.0,0.5,C,5.197868087941,30.20183327430274,1.3443369198235446
15.0,0.5,C,5.207861425716,30.281316011092613,1.3427472650877472
15.0,0.5,C,5.217854763491,30.360311031634694,1.3411673646769058
15.0,0.5,C,5.227848101266,30.43882174561054,1.339597150397389
15.0,0.5,C,5.237841439041,30.516851532655206,1.3380365546564954
15.0,0.5,C,5.247834776815,30.594403742727206,1.3364855104550555
15.0,0.5,C,5.25782811459,30.671481696519386,1.3349439513792118
15.0,0.5,C,5.267821452365,30.748088685782896,1.3334118115939417
15.0,0.5,C,5.27781479014,30.824227973728235,1.3318890258350349
15.0,0.5,C,5.287808127915,30.89990279538249,1.33037552940195
15.0,0.5,C,5.29780146569,30.975116357949577,1.3288712581506081
15.0,0.5,C,5.307794803464,31.049871841160645,1.3273761484863866
15.0,0.5,C,5.317788141239,31.12417239765436,1.3258901373565124
15.0,0.5,C,5.327781479014,31.19802115327965,1.3244131622440065
15.0,0.5,C,5.337774816789,31.271421207467412,1.3229451611602514
15.0,0.5,C,5.347768154564,31.344375633560787,1.3214860726383837
15.0,0.5,C,5.357761492338,31.416887479139046,1.320035835726819
15.0,0.5,C,5.367754830113,31.488959766372204,1.3185943899821555
15.0,0.5,C,5.377748167888,31.560595492299615,1.3171616754636073
15.0,0.5,C,5.387741505663,31.631797629170766,1.3157376327261845
15.0,0.5,C,5.397734843438,31.702569124751985,1.31432220281456
15.0,0.5,C,5.407728181213,31.772912902623567,1.3129153272571283
15.0,0.5,C,5.417721518987,31.84283186247379,1.3115169480601239
15.0,0.5,C,5.427714856762,31.912328880414663,1.3101270077013065
15.0,0.5,C,5.437708194537,31.98140680922632,1.3087454491250732
15.0,0.5,C,5.447701532312,32.050068478659746,1.3073722157364047
15.0,0.5,C,5.457694870087,32.11831669570433,1.306007251395513
15.0,0.5,C,5.467688207861,32.18615424484273,1.304650500412745
15.0,0.5,C,5.477681545636,32.25358388833772,1.3033019075428451
15.0,0.5,C,5.487674883411,32.32060836644191,1.3019614179807615
15.0,0.5,C,5.497668221186,32.38723039766997,1.3006289773562003
15.0,0.5,C,5.507661558961,32.453452679029425,1.2993045317290113
15.0,0.5,C,5.517654896736,32.519277886252674,1.2979880275845463
15.0,0.5,C,5.52764823451,32.58470867401459,1.2966794118293081
15.0,0.5,C,5.537641572285,32.649747676176936,1.2953786317860612
15.0,0.5,C,5.54763491006,32.714397505960875,1.294085635190382
15.0,0.5,C,5.557628247835,32.77866075617734,1.292800370186053
15.0,0.5,C,5.56762158561,32.84253999942124,1.2915227853211748
15.0,0.5,C,5.577614923384,32.906037788254885,1.2902528295445022
15.0,0.5,C,5.587608261159,32.96915665542252,1.2889904522011493
15.0,0.5,C,5.597601598934,33.031899113989745,1.2877356030298048
15.0,0.5,C,5.607594936709,33.094267657545196,1.2864882321586957
15.0,0.5,C,5.617588274484,33.1562647603613,1.2852482901023734
15.0,0.5,C,5.627581612258,33.21789287755257,1.2840157277585482
15.0,0.5,C,5.637574950033,33.279154445255884,1.2827904964044818
15.0,0.5,C,5.647568287808,33.34005188074723,1.281572547694655
15.0,0.5,C,5.657561625583,33.40058758261249,1.2803618336573497
15.0,0.5,C,5.667554963358,33.46076393088445,1.2791583066919108
15.0,0.5,C,5.677548301133,33.520583287179505,1.27796191956601
15.0,0.5,C,5.687541638907,33.58004799482576,1.2767726254130842
15.0,0.5,C,5.697534976682,33.639160379015095,1.2755903777292976
15.0,0.5,C,5.707528314457,33.697922746892246,1.2744151303717546
15.0,0.5,C,5.717521652232,33.75633738770154,1.273246837555569
15.0,0.5,C,5.727514990007,33.81440657289676,1.2720854538516646
15.0,0.5,C,5.737508327781,33.87213255625107,1.2709309341845783
15.0,0.5,C,5.747501665556,33.92951757399145,1.2697832338297708
15.0,0.5,C,5.757495003331,33.98656384487182,1.2686423084121636
15.0,0.5,C,5.767488341106,34.04327357030535,1.2675081139034927
15.0,0.5,C,5.777481678881,34.09964893445959,1.2663806066204077
15.0,0.5,C,5.787475016656,34.15569210436033,1.265259743222393
15.0,0.5,C,5.79746835443,34.2114052299868,1.2641454807098635
15.0,0.5,C,5.807461692205,34.26679044439167,1.2630377764217664
15.0,0.5,C,5.81745502998,34.321849863767206,1.2619365880342555
15.0,0.5,C,5.827448367755,34.376585587562985,1.26084187355834
15.0,0.5,C,5.83744170553,34.43099969857776,1.2597535913380447
15.0,0.5,C,5.847435043304,34.48509426304847,1.2586717000486303
15.0,0.5,C,5.857428381079,34.53887133076915,1.2575961586942166
15.0,0.5,C,5.867421718854,34.59233293515238,1.256526926606552
15.0,0.5,C,5.877415056629,34.64548109334781,1.2554639634426434
15.0,0.5,C,5.887408394404,34.6983178063325,1.2544072291829496
15.0,0.5,C,5.897401732179,34.75084505900814,1.253356684129437
15.0,0.5,C,5.907395069953,34.80306482029313,1.2523122889037368
15.0,0.5,C,5.917388407728,34.854979043242245,1.2512740044447546
15.0,0.5,C,5.927381745503,34.9065896651159,1.250241792007282
15.0,0.5,C,5.937375083278,34.95789860750051,1.2492156131595895
15.0,0.5,C,5.947368421053,35.00890777640769,1.248195429781446
15.0,0.5,C,5.957361758827,35.059619062373436,1.247181204062131
15.0,0.5,C,5.967355096602,35.11003434058336,1.2461728984979326
15.0,0.5,C,5.977348434377,35.160155470951885,1.245170475890562
15.0,0.5,C,5.987341772152,35.20998429825021,1.2441738993445952
15.0,0.5,C,5.997335109927,35.25952265221511,1.2431831322652975
15.0,0.5,C,6.007328447702,35.308772347662064,1.2421981383563585
15.0,0.5,C,6.017321785476,35.357735184597544,1.2412188816176486
15.0,0.5,C,6.027315123251,35.406412948355694,1.240245326342486
15.0,0.5,C,6.037308461026,35.45480740969063,1.239277437115787
15.0,0.5,C,6.047301798801,35.502920324918286,1.2383151788112339
15.0,0.5,C,6.057295136576,35.550753436036864,1.2373585165888623
15.0,0.5,C,6.06728847435,35.598308470850334,1.236407415892593
15.0,0.5,C,6.077281812125,35.645587143115385,1.235461842447292
15.0,0.5,C,6.0872751499,35.692591152646,1.2345217622566795
15.0,0.5,C,6.097268487675,35.73932218546505,1.2335871416002988
15.0,0.5,C,6.10726182545,35.785781913937484,1.2326579470308499
15.0,0.5,C,6.117255163225,35.83197199690569,1.2317341453714858
15.0,0.5,C,6.127248500999,35.87789407982579,1.2308157037130838
15.0,0.5,C,6.137241838774,35.92354979492769,1.229902589411046
15.0,0.5,C,6.147235176549,35.96894076133014,1.2289947700829968
15.0,0.5,C,6.157228514324,36.014068585203006,1.2280922136055397
15.0,0.5,C,6.167221852099,36.0589348599102,1.2271948881113957
15.0,0.5,C,6.177215189873,36.103541166151345,1.2263027619865727
15.0,0.5,C,6.187208527648,36.147889072127015,1.2254158038670593
15.0,0.5,C,6.197201865423,36.191980133663115,1.2245339826363375
15.0,0.5,C,6.207195203198,36.23581589437681,1.2236572674220634
15.0,0.5,C,6.217188540973,36.27939788582316,1.2227856275931366
15.0,0.5,C,6.227181878748,36.322727627645676,1.221919032756686
15.0,0.5,C,6.237175216522,36.365806627723465,1.2210574527551303
15.0,0.5,C,6.247168554297,36.408636382338976,1.2202008576628203
15.0,0.5,C,6.257161892072,36.451218376302144,1.2193492177835568
15.0,0.5,C,6.267155229847,36.493554083119456,1.2185025036472106
15.0,0.5,C,6.277148567622,36.535644965137536,1.2176606860068488
15.0,0.5,C,6.287141905396,36.57749247369018,1.216823735835796
15.0,0.5,C,6.297135243171,36.619098049260465,1.2159916243243905
15.0,0.5,C,6.307128580946,36.66046312160322,1.215164322877535
15.0,0.5,C,6.317121918721,36.70158910990855,1.2143418031114288
15.0,0.5,C,6.327115256496,36.742477422937675,1.2135240368508462
15.0,0.5,C,6.33710859427,36.78312945916456,1.2127109961263083
15.0,0.5,C,6.347101932045,36.82354660692847,1.2119026531710304
15.0,0.5,C,6.35709526982,36.86373024455045,1.2110989804185905
15.0,0.5,C,6.367088607595,36.903681740481495,1.2102999504999699
15.0,0.5,C,6.37708194537,36.943402453433606,1.2095055362409277
15.0,0.5,C,6.387075283145,36.982893732509254,1.2087157106594144
15.0,0.5,C,6.397068620919,37.022156917322086,1.207930446963158
15.0,0.5,C,6.407061958694,37.061193338140434,1.207149718546791
15.0,0.5,C,6.417055296469,37.10000431598166,1.2063734989899666
15.0,0.5,C,6.427048634244,37.13859116274665,1.2056017620546666
15.0,0.5,C,6.437041972019,37.17695518132942,1.2048344816830112
15.0,0.5,C,6.447035309793,37.215097665723874,1.2040716319951221
15.0,0.5,C,6.457028647568,37.25301990114688,1.2033131872866623
15.0,0.5,C,6.467021985343,37.290723164116436,1.202559122027271
15.0,0.5,C,6.477015323118,37.32820872256719,1.201809410858256
15.0,0.5,C,6.487008660893,37.36547783594406,1.2010640285907184
15.0,0.5,C,6.497001998668,37.40253175528876,1.2003229502038244
15.0,0.5,C,6.506995336442,37.43937172332919,1.199586150843016
15.0,0.5,C,6.516988674217,37.47599897457307,1.1988536058181383
15.0,0.5,C,6.526982011992,37.51241473536719,1.1981252906022561
15.0,0.5,C,6.536975349767,37.54862022398677,1.1974011808298644
15.0,0.5,C,6.546968687542,37.584616650704085,1.196681252295518
15.0,0.5,C,6.556962025316,37.620405217850454,1.1959654809525904
15.0,0.5,C,6.566955363091,37.65598711989397,1.1952538429117203
15.0,0.5,C,6.576948700866,37.691363543479106,1.1945463144400175
15.0,0.5,C,6.586942038641,37.72653566749318,1.1938428719597363
15.0,0.5,C,6.596935376416,37.76150466311753,1.193143492047249
15.0,0.5,C,6.606928714191,37.79627169387252,1.1924481514321492
15.0,0.5,C,6.616922051965,37.83083791566005,1.1917568269963987
15.0,0.5,C,6.62691538974,37.86520447681718,1.191069495773256
15.0,0.5,C,6.636908727515,37.89937251813158,1.190386134946968
15.0,0.5,C,6.64690206529,37.93334317289157,1.1897067218517683
15.0,0.5,C,6.656895403065,37.96711756691051,1.1890312339713895
15.0,0.5,C,6.666888740839,38.0006968185531,1.1883596489385375
15.0,0.5,C,6.676882078614,38.034082038772006,1.1876919445341596
15.0,0.5,C,6.686875416389,38.06727433111125,1.1870280986873747
15.0,0.5,C,6.696868754164,38.10027479173798,1.1863680894748403
15.0,0.5,C,6.706862091939,38.133084509456346,1.1857118951204728
15.0,0.5,C,6.716855429714,38.165704565723395,1.1850594939951318
15.0,0.5,C,6.726848767488,38.19813603465699,1.1844108646164597
15.0,0.5,C,6.736842105263,38.23037998306233,1.1837659856483531
15.0,0.5,C,6.746835443038,38.262437470419826,1.1831248359012032
15.0,0.5,C,6.756828780813,38.29430954890718,1.182487394331456
15.0,0.5,C,6.766822118588,38.325997263403295,1.1818536400415338
15.0,0.5,C,6.776815456362,38.35750165149128,1.181223552279774
15.0,0.5,C,6.786808794137,38.38882374347541,1.1805971104400914
15.0,0.5,C,6.796802131912,38.41996456236749,1.1799742940622497
15.0,0.5,C,6.806795469687,38.45092512390406,1.1793550828315185
15.0,0.5,C,6.816788807462,38.48170643654652,1.1787394565786693
15.0,0.5,C,6.826782145237,38.51230950148585,1.1781273952798825
15.0,0.5,C,6.836775483011,38.54273531264382,1.1775188790567233
15.0,0.5,C,6.846768820786,38.57298485669092,1.176913888175781
15.0,0.5,C,6.856762158561,38.60305911303194,1.176312403048961
15.0,0.5,C,6.866755496336,38.632959053825736,1.175714404233085
15.0,0.5,C,6.876748834111,38.662685643989505,1.1751198724298095
15.0,0.5,C,6.886742171885,38.69223984120381,1.1745287884855233
15.0,0.5,C,6.89673550966,38.72162259593505,1.1739411333908985
15.0,0.5,C,6.906728847435,38.75083485142887,1.1733568882810221
15.0,0.5,C,6.91672218521,38.779877543734194,1.1727760344349156
15.0,0.5,C,6.926715522985,38.80875160171671,1.1721985532752655
15.0,0.5,C,6.936708860759,38.83745794707242,1.1716244263681512
15.0,0.5,C,6.946702198534,38.86599749435718,1.171053635422456
15.0,0.5,C,6.956695536309,38.89437115099213,1.170486162289757
15.0,0.5,C,6.966688874084,38.92257981729702,1.1699219889636592
15.0,0.5,C,6.976682211859,38.950624386514725,1.169361097579305
15.0,0.5,C,6.986675549634,38.978505744838436,1.168803470412831
15.0,0.5,C,6.996668887408,39.006224771440294,1.1682490898807938
15.0,0.5,C,7.006662225183,39.03378233851628,1.167697938539274
15.0,0.5,C,7.016655562958,39.061179311304464,1.1671499990835104
15.0,0.5,C,7.026648900733,39.08841654813709,1.166605254346858
15.0,0.5,C,7.036642238508,39.115494900476584,1.166063687300068
15.0,0.5,C,7.046635576282,39.1424152129595,1.1655252810504098
15.0,0.5,C,7.056628914057,39.1691783234527,1.1649900188405455
15.0,0.5,C,7.066622251832,39.195785063088024,1.164457884047839
15.0,0.5,C,7.076615589607,39.222236256324,1.1639288601831195
15.0,0.5,C,7.086608927382,39.24853272100049,1.16340293088959
15.0,0.5,C,7.096602265157,39.27467526839262,1.1628800799417471
15.0,0.5,C,7.106595602931,39.300664703271885,1.162360291244162
15.0,0.5,C,7.116588940706,39.32650182397787,1.1618435488300423
15.0,0.5,C,7.126582278481,39.35218742246568,1.161329836860286
15.0,0.5,C,7.136575616256,39.377722284386515,1.1608191396218694
15.0,0.5,C,7.146568954031,39.40310718915244,1.1603114415265507
15.0,0.5,C,7.156562291805,39.42834291000581,1.1598067271094834
15.0,0.5,C,7.16655562958,39.453430214103136,1.1593049810275369
15.0,0.5,C,7.176548967355,39.47836986257383,1.158806188058123
15.0,0.5,C,7.18654230513,39.5031626106091,1.1583103330974176
15.0,0.5,C,7.196535642905,39.52780920753496,1.1578174011589004
15.0,0.5,C,7.20652898068,39.5523103968945,1.1573273773717097
15.0,0.5,C,7.216522318454,39.57666691652495,1.1568402469791006
15.0,0.5,C,7.226515656229,39.60087949864933,1.156355995336613
15.0,0.5,C,7.236508994004,39.624948869944376,1.1558746079107123
15.0,0.5,C,7.246502331779,39.64887575163437,1.1553960702769124
15.0,0.5,C,7.256495669554,39.67266085957168,1.1549203681181661
15.0,0.5,C,7.266489007328,39.69630490431916,1.1544474872232164
15.0,0.5,C,7.276482345103,39.719808591243776,1.153977413484724
15.0,0.5,C,7.286475682878,39.74317262058617,1.153510132897876
15.0,0.5,C,7.296469020653,39.766397687554004,1.1530456315585196
15.0,0.5,C,7.306462358428,39.78948448240495,1.1525838956615007
15.0,0.5,C,7.316455696203,39.81243369052679,1.152124911499064
15.0,0.5,C,7.326449033977,39.83524599251798,1.1516686654592398
15.0,0.5,C,7.336442371752,39.85792206428035,1.1512151440239926
15.0,0.5,C,7.346435709527,39.88046257708093,1.1507643337679812
15.0,0.5,C,7.356429047302,39.90286819764392,1.1503162213567213
15.0,0.5,C,7.366422385077,39.925139588221874,1.1498707935451622
15.0,0.5,C,7.376415722851,39.94727740667142,1.1494280371761714
15.0,0.5,C,7.386409060626,39.969282306533735,1.1489879391789248
15.0,0.5,C,7.396402398401,39.991154937093974,1.1485504865677203
15.0,0.5,C,7.406395736176,40.01289594345859,1.148115666440428
15.0,0.5,C,7.416389073951,40.03450596661994,1.1476834659772008
15.0,0.5,C,7.426382411726,40.05598564352213,1.1472538724391572
15.0,0.5,C,7.4363757495,40.07733560711932,1.146826873167213
15.0,0.5,C,7.446369087275,40.09855648644429,1.146402455580714
15.0,0.5,C,7.45636242505,40.11964890665256,1.1459806071765486
15.0,0.5,C,7.466355762825,40.14061348908423,1.145561315527915
15.0,0.5,C,7.4763491006,40.16145085131201,1.1451445682833594
15.0,0.5,C,7.486342438374,40.18216160718812,1.1447303531658373
15.0,0.5,C,7.496335776149,40.2027463668955,1.1443186579716897
15.0,0.5,C,7.506329113924,40.2232057369792,1.1439094705700155
15.0,0.5,C,7.516322451699,40.24354032039061,1.1435027789017873
15.0,0.5,C,7.526315789474,40.26375071652152,1.1430985709791692
15.0,0.5,C,7.536309127249,40.28383752123648,1.14269683488487
15.0,0.5,C,7.546302465023,40.303801326898544,1.1422975587716286
15.0,0.5,C,7.556295802798,40.32364272240301,1.1419007308615396
15.0,0.5,C,7.566289140573,40.34336229318739,1.1415063394458518
15.0,0.5,C,7.576282478348,40.362960621259056,1.1411143728844184
15.0,0.5,C,7.586275816123,40.382438285208806,1.1407248196054236
15.0,0.5,C,7.596269153897,40.40179586022063,1.140337668105187
15.0,0.5,C,7.606262491672,40.421033918090856,1.1399529069477825
15.0,0.5,C,7.616255829447,40.440153027222024,1.1395705247651593
15.0,0.5,C,7.626249167222,40.45915375263632,1.1391905102568731
15.0,0.5,C,7.636242504997,40.47803665597165,1.1388128521901666
15.0,0.5,C,7.646235842771,40.49680229548205,1.1384375393999586
15.0,0.5,C,7.656229180546,40.51545122603739,1.138064560788852
15.0,0.5,C,7.666222518321,40.5339839991088,1.1376939053274238
15.0,0.5,C,7.676215856096,40.55240116276552,1.1373255620542895
15.0,0.5,C,7.686209193871,40.5707032616617,1.1369595200763658
15.0,0.5,C,7.696202531646,40.58889083702487,1.1365957685691022
15.0,0.5,C,7.70619586942,40.6069644266385,1.1362342967768297
15.0,0.5,C,7.716189207195,40.624924564831844,1.1358750940129627
15.0,0.5,C,7.72618254497,40.642771782452186,1.135518149660556
15.0,0.5,C,7.736175882745,40.660506606851705,1.1351634531725656
15.0,0.5,C,7.74616922052,40.678129561865696,1.1348109940722857
15.0,0.5,C,7.756162558294,40.695641167787386,1.1344607619538518
15.0,0.5,C,7.766155896069,40.71304194135539,1.1341127464824918
15.0,0.5,C,7.776149233844,40.73033239571641,1.1337669373952715
15.0,0.5,C,7.786142571619,40.7475130404104,1.1334233245013918
15.0,0.5,C,7.796135909394,40.76458438134549,1.1330818976826897
15.0,0.5,C,7.806129247169,40.78154692077121,1.1327426468941755
15.0,0.5,C,7.816122584943,40.7984011572555,1.1324055621644897
15.0,0.5,C,7.826115922718,40.8151475856659,1.1320706335962816
15.0,0.5,C,7.836109260493,40.83178669713619,1.1317378513668759
15.0,0.5,C,7.846102598268,40.848318979051086,1.131407205728578
15.0,0.5,C,7.856095936043,40.864744915021994,1.1310786870091598
15.0,0.5,C,7.866089273817,40.881064984864175,1.130752285612316
15.0,0.5,C,7.876082611592,40.8972796645842,1.1304279920179157
15.0,0.5,C,7.886075949367,40.9133894263499,1.1301057967826016
15.0,0.5,C,7.896069287142,40.92939473848118,1.1297856905399761
15.0,0.5,C,7.906062624917,40.94529606543229,1.1294676640009538
15.0,0.5,C,7.916055962692,40.96109386777725,1.1291517079540547
15.0,0.5,C,7.926049300466,40.976788602197225,1.1288378132656551
15.0,0.5,C,7.936042638241,40.99238072147605,1.1285259708800786
15.0,0.5,C,7.946035976016,41.00787067448287,1.1282161718199422
15.0,0.5,C,7.956029313791,41.02325890617334,1.127908407186133
15.0,0.5,C,7.966022651566,41.03854585758337,1.1276026681579323
15.0,0.5,C,7.97601598934,41.05373196582677,1.1272989459930642
15.0,0.5,C,7.986009327115,41.06881766410402,1.1269972320275192
15.0,0.5,C,7.99600266489,41.083803381694636,1.126697517675707
15.0,0.5,C,8.005996002665,41.09868954397246,1.1263997944301503
15.0,0.5,C,8.01598934044,41.11347657241069,1.1261040538613858
15.0,0.5,C,8.025982678215,41.12816488459476,1.1258102876177045
15.0,0.5,C,8.035976015989,41.142754894236106,1.1255184874248776
15.0,0.5,C,8.045969353764,41.157247011193654,1.1252286450857267
15.0,0.5,C,8.055962691539,41.17164164148497,1.1249407524799004
15.0,0.5,C,8.065956029314,41.185939187315554,1.1246548015632887
15.0,0.5,C,8.075949367089,41.20014004710313,1.124370784367537
15.0,0.5,C,8.085942704863,41.21424461550105,1.1240886929995788
15.0,0.5,C,8.095936042638,41.22825328343714,1.123808519640857
15.0,0.5,C,8.105929380413,41.24216643813737,1.1235302565468521
15.0,0.5,C,8.115922718188,41.25598446316597,1.1232538960462801
15.0,0.5,C,8.125916055963,41.269707738463445,1.122979430540331
15.0,0.5,C,8.135909393738,41.28333664038442,1.122706852501911
15.0,0.5,C,8.145902731512,41.296871541740735,1.122436154474785
15.0,0.5,C,8.155896069287,41.31031281184971,1.1221673290726053
15.0,0.5,C,8.165889407062,41.32366081657268,1.121900368978146
15.0,0.5,C,8.175882744837,41.336915918369584,1.1216352669422078
15.0,0.5,C,8.185876082612,41.35007847634537,1.1213720157826923
15.0,0.5,C,8.195869420386,41.36314884630348,1.12111060838353
15.0,0.5,C,8.205862758161,41.37612738080071,1.1208510376935856
15.0,0.5,C,8.215856095936,41.389014429195996,1.1205932967256798
15.0,0.5,C,8.225849433711,41.40181033770985,1.1203373785554027
15.0,0.5,C,8.235842771486,41.41451544948053,1.120083276319989
15.0,0.5,C,8.24583610926,41.42713010461936,1.1198309832172124
15.0,0.5,C,8.255829447035,41.439654640274135,1.119580492504117
15.0,0.5,C,8.26582278481,41.452089390679404,1.1193317974960115
15.0,0.5,C,8.275816122585,41.46443468722141,1.1190848915651714
15.0,0.5,C,8.28580946036,41.476690858494685,1.118839768139706
15.0,0.5,C,8.295802798135,41.48885823036179,1.1185964207023638
15.0,0.5,C,8.305796135909,41.500937126010086,1.118354842789398
15.0,0.5,C,8.315789473684,41.51292786601567,1.1181150279892862
15.0,0.5,C,8.325782811459,41.52483076839364,1.1178769699417268
15.0,0.5,C,8.335776149234,41.536646148659244,1.1176406623364148
15.0,0.5,C,8.345769487009,41.548374319885,1.1174060989118997
15.0,0.5,C,8.355762824783,41.56001559275128,1.117173273454574
15.0,0.5,C,8.365756162558,41.57157027560832,1.116942179797433
15.0,0.5,C,8.375749500333,41.58303867451952,1.1167128118192093
15.0,0.5,C,8.385742838108,41.59442109331848,1.1164851634432302
15.0,0.5,C,8.395736175883,41.60571783365585,1.1162592286364827
15.0,0.5,C,8.405729513658,41.61692919504845,1.1160350014086309
15.0,0.5,C,8.415722851432,41.62805547492248,1.11581247581115
15.0,0.5,C,8.425716189207,41.639096968661235,1.115591645936375
15.0,0.5,C,8.435709526982,41.65005396964138,1.1153725059167723
15.0,0.5,C,8.445702864757,41.660926769274305,1.1151550499241136
15.0,0.5,C,8.455696202532,41.67171565704416,1.1149392721687164
15.0,0.5,C,8.465689540306,41.68242092053824,1.1147251668988347
15.0,0.5,C,8.475682878081,41.69304284548402,1.1145127283999192
15.0,0.5,C,8.485676215856,41.703581715771996,1.1143019509941599
15.0,0.5,C,8.495669553631,41.71403781348554,1.1140928290398888
15.0,0.5,C,8.505662891406,41.724411418922955,1.1138853569311407
15.0,0.5,C,8.515656229181,41.734702810618735,1.113679529097225
15.0,0.5,C,8.525649566955,41.744912265359744,1.1134753400024047
15.0,0.5,C,8.53564290473,41.75504005820454,1.1132727841455088
15.0,0.5,C,8.545636242505,41.76508646248846,1.1130718560598303
15.0,0.5,C,8.55562958028,41.77505174983798,1.11287255031284
15.0,0.5,C,8.565622918055,41.784936190174484,1.11267486150611
15.0,0.5,C,8.575616255829,41.7947400517183,1.1124787842752337
15.0,0.5,C,8.585609593604,41.804463600991554,1.1122843132897686
15.0,0.5,C,8.595602931379,41.81410710281116,1.1120914432533764
15.0,0.5,C,8.605596269154,41.82367082028792,1.1119001689038412
15.0,0.5,C,8.615589606929,41.83315501481723,1.111710485013255
15.0,0.5,C,8.625582944704,41.84255994606935,1.1115223863882127
15.0,0.5,C,8.635576282478,41.851885871975824,1.111335867870083
15.0,0.5,C,8.645569620253,41.861133048718315,1.1111509243352333
15.0,0.5,C,8.655562958028,41.8703017307057,1.1109675506954857
15.0,0.5,C,8.665556295803,41.87939217055807,1.1107857418984382
15.0,0.5,C,8.675549633578,41.8884046190845,1.1106054929279097
15.0,0.5,C,8.685542971352,41.897339325258336,1.1104267988044327
15.0,0.5,C,8.695536309127,41.90619653619564,1.110249654585687
15.0,0.5,C,8.705529646902,41.91497649712335,1.1100740553671327
15.0,0.5,C,8.715522984677,41.92367945135371,1.1098999962825253
15.0,0.5,C,8.725516322452,41.93230564025309,1.1097274725045378
15.0,0.5,C,8.735509660227,41.940855303211976,1.10955647924536
15.0,0.5,C,8.745502998001,41.94932867761176,1.1093870117573643
15.0,0.5,C,8.755496335776,41.95772599879393,1.109219065333721
15.0,0.5,C,8.765489673551,41.966047500022775,1.109052635309144
15.0,0.5,C,8.775483011326,41.974293412454124,1.1088877170605174
15.0,0.5,C,8.785476349101,41.98246396509858,1.1087243060076282
15.0,0.5,C,8.795469686875,41.99055938478761,1.1085623976138475
15.0,0.5,C,8.80546302465,41.99857989614002,1.1084019873867992
15.0,0.5,C,8.815456362425,42.00652572152392,1.1082430708791213
15.0,0.5,C,8.8254497002,42.014397081024185,1.108085643689116
15.0,0.5,C,8.835443037975,42.022194192408215,1.1079297014614353
15.0,0.5,C,8.84543637575,42.02991727109278,1.107775239887744
15.0,0.5,C,8.855429713524,42.03756653010951,1.1076222547074095
15.0,0.5,C,8.865423051299,42.04514218007773,1.107470741708045
15.0,0.5,C,8.875416389074,42.052644429168,1.1073206967262397
15.0,0.5,C,8.885409726849,42.06007348307688,1.107172115648062
15.0,0.5,C,8.895403064624,42.067429544997395,1.1070249944096517
15.0,0.5,C,8.905396402398,42.07471281559289,1.1068793289977417
15.0,0.5,C,8.915389740173,42.081923492974745,1.1067351154501046
15.0,0.5,C,8.925383077948,42.08906177267478,1.1065923498561039
15.0,0.5,C,8.935376415723,42.0961278476284,1.1064510283570317
15.0,0.5,C,8.945369753498,42.103121908153945,1.1063111471465208
15.0,0.5,C,8.955363091272,42.11004414193524,1.106172702470895
15.0,0.5,C,8.965356429047,42.116894734010195,1.1060356906293958
15.0,0.5,C,8.975349766822,42.12367386675473,1.105900107974505
15.0,0.5,C,8.985343104597,42.130381719874684,1.105765950912106
15.0,0.5,C,8.995336442372,42.137018470398566,1.1056332159016282
15.0,0.5,C,9.005329780147,42.143584292672685,1.105501899456146
15.0,0.5,C,9.015323117921,42.150079358357075,1.1053719981424581
15.0,0.5,C,9.025316455696,42.15650383642914,1.1052435085810168
15.0,0.5,C,9.035309793471,42.16285789318302,1.105116427445939
15.0,0.5,C,9.045303131246,42.16914169223672,1.1049907514648654
15.0,0.5,C,9.055296469021,42.175355394539054,1.1048664774188186
15.0,0.5,C,9.065289806795,42.18149915838147,1.10474360214197
15.0,0.5,C,9.07528314457,42.187573139411604,1.1046221225213677
15.0,0.5,C,9.085276482345,42.19357749064658,1.104502035496668
15.0,0.5,C,9.09526982012,42.199512362493756,1.1043833380597243
15.0,0.5,C,9.105263157895,42.20537790277037,1.1042660272541922
15.0,0.5,C,9.11525649567,42.21117425672697,1.1041501001750602
15.0,0.5,C,9.125249833444,42.21690156707117,1.1040355539681763
15.0,0.5,C,9.135243171219,42.22255997400005,1.1039223858295988
15.0,0.5,C,9.145236508994,42.22814961522367,1.1038105930051263
15.0,0.5,C,9.155229846769,42.23367062600206,1.1037001727895586
15.0,0.5,C,9.165223184544,42.23912313917673,1.1035911225260648
15.0,0.5,C,9.175216522318,42.244507285205266,1.1034834396054944
15.0,0.5,C,9.185209860093,42.24982319220311,1.1033771214655375
15.0,0.5,C,9.195203197868,42.2550709859781,1.1032721655900377
15.0,0.5,C,9.205196535643,42.26025079007252,1.1031685695081492
15.0,0.5,C,9.215189873418,42.26536272580583,1.103066330793483
15.0,0.5,C,9.225183211193,42.2704069123156,1.1029654470632877
15.0,0.5,C,9.235176548967,42.27538346660335,1.1028659159775327
15.0,0.5,C,9.245169886742,42.2802925035799,1.1027677352380016
15.0,0.5,C,9.255163224517,42.285134136107864,1.1026709025874424
15.0,0.5,C,9.265156562292,42.28990847505009,1.1025754158085979
15.0,0.5,C,9.275149900067,42.29461562931586,1.1024812727232824
15.0,0.5,C,9.285143237841,42.299255705906695,1.1023884711914658
15.0,0.5,C,9.295136575616,42.303828809965005,1.1022970091102995
15.0,0.5,C,9.305129913391,42.308335044818044,1.1022068844132389
15.0,0.5,C,9.315123251166,42.312774512025534,1.102118095069089
15.0,0.5,C,9.325116588941,42.3171473114259,1.1020306390810817
15.0,0.5,C,9.335109926716,42.32145354118039,1.1019445144859918
15.0,0.5,C,9.34510326449,42.32569329781804,1.101859719353239
15.0,0.5,C,9.355096602265,42.32986667628018,1.101776251783996
15.0,0.5,C,9.36508994004,42.33397376996124,1.1016941099103748
15.0,0.5,C,9.375083277815,42.33801467074932,1.1016132918946133
15.0,0.5,C,9.38507661559,42.341989469068324,1.1015337959282332
15.0,0.5,C,9.395069953364,42.34589825391401,1.1014556202313195
15.0,0.5,C,9.405063291139,42.349741112892275,1.1013787630517542
15.0,0.5,C,9.415056628914,42.35351813225217,1.1013032226645563
15.0,0.5,C,9.425049966689,42.35722939691859,1.101228997371228
15.0,0.5,C,9.435043304464,42.36087499052435,1.1011560854991127
15.0,0.5,C,9.445036642239,42.3644549954386,1.1010844854008277
15.0,0.5,C,9.455029980013,42.367969492791694,1.1010141954537658
15.0,0.5,C,9.465023317788,42.371418562501226,1.1009452140595752
15.0,0.5,C,9.475016655563,42.374802283291636,1.100877539643767
15.0,0.5,C,9.485009993338,42.37812073271444,1.100811170655311
15.0,0.5,C,9.495003331113,42.38137398716325,1.1007461055663346
15.0,0.5,C,9.504996668887,42.38456212189035,1.100682342871793
15.0,0.5,C,9.514990006662,42.38768521101598,1.10061988108928
15.0,0.5,C,9.524983344437,42.390743327536256,1.1005587187588746
15.0,0.5,C,9.534976682212,42.39373654333085,1.1004988544429826
15.0,0.5,C,9.544970019987,42.39666492916496,1.1004402867263003
15.0,0.5,C,9.554963357761,42.399528554689816,1.1003830142158035
15.0,0.5,C,9.564956695536,42.40232748844109,1.100327035540778
15.0,0.5,C,9.574950033311,42.40506179783268,1.100272349352946
15.0,0.5,C,9.584943371086,42.407731549149716,1.1002189543266052
15.0,0.5,C,9.594936708861,42.4103368075383,1.1001668491588337
15.0,0.5,C,9.604930046636,42.412877636993194,1.1001160325697357
15.0,0.5,C,9.61492338441,42.415354100340046,1.1000665033027988
15.0,0.5,C,9.624916722185,42.417766259221445,1.1000182601251707
15.0,0.5,C,9.63491005996,42.420114174073326,1.0999713018281332
15.0,0.5,C,9.644903397735,42.4223979041036,1.0999256272275277
15.0,0.5,C,9.65489673551,42.4246175072683,1.0998812351642338
15.0,0.5,C,9.664890073284,42.426773040243376,1.0998381245047322
15.0,0.5,C,9.674883411059,42.42886455839828,1.0997962941416342
15.0,0.5,C,9.684876748834,42.430892115762205,1.0997557429943556
15.0,0.5,C,9.694870086609,42.43285576499455,1.0997164700097086
15.0,0.5,C,9.704863424384,42.43475555735015,1.0996784741625967
15.0,0.5,C,9.714856762159,42.43659154264346,1.0996417544567305
15.0,0.5,C,9.724850099933,42.43836376921326,1.0996063099253344
15.0,0.5,C,9.734843437708,42.44007228388358,1.099572139631928
15.0,0.5,C,9.744836775483,42.441717131925564,1.0995392426710884
15.0,0.5,C,9.754830113258,42.44329835701762,1.0995076181692474
15.0,0.5,C,9.764823451033,42.44481600120628,1.0994772652854743
15.0,0.5,C,9.774816788807,42.44627010486347,1.0994481832123302
15.0,0.5,C,9.784810126582,42.4476607066475,1.0994203711766497
15.0,0.5,C,9.794803464357,42.44898784345972,1.0993938284404052
15.0,0.5,C,9.804796802132,42.450251550404964,1.0993685543015004
15.0,0.5,C,9.814790139907,42.45145186074906,1.0993445480946182
15.0,0.5,C,9.824783477682,42.45258880587897,1.0993218091920203
15.0,0.5,C,9.834776815456,42.453662415261064,1.0993003370043783
15.0,0.5,C,9.844770153231,42.45467271640281,1.0992801309815434
15.0,0.5,C,9.854763491006,42.455619734812984,1.09926119061334
15.0,0.5,C,9.864756828781,42.45650349396361,1.0992435154303275
15.0,0.5,C,9.874750166556,42.45732401525244,1.099227105004551
15.0,0.5,C,9.88474350433,42.45808131796845,1.0992119589502307
15.0,0.5,C,9.894736842105,42.45877541925738,1.099198076924452
15.0,0.5,C,9.90473017988,42.459406334087085,1.099185458627858
15.0,0.5,C,9.914723517655,42.45997407521905,1.0991741038052185
15.0,0.5,C,9.92471685543,42.460478653176665,1.0991640122460664
15.0,0.5,C,9.934710193205,42.460920076218265,1.0991551837852342
15.0,0.5,C,9.944703530979,42.46129835031233,1.0991476183033528
15.0,0.5,C,9.954696868754,42.46161347911373,1.099141315727325
15.0,0.5,C,9.964690206529,42.461865463941,1.0991362760307795
15.0,0.5,C,9.974683544304,42.46205430375996,1.0991324992344005
15.0,0.5,C,9.984676882079,42.46217999516384,1.099129985406323
15.0,0.5,C,9.994670219853,42.462242532360996,1.0991287346623797
15.0,0.5,C,10.004663557628,42.46224190716293,1.0991287471663411
15.0,0.5,C,10.014656895403,42.462178108973724,1.099130023130125
15.0,0.5,C,10.024650233178,42.46205112478358,1.099132562813928
15.0,0.5,C,10.034643570953,42.461860939165035,1.099136366526299
15.0,0.5,C,10.044636908728,42.46160753427067,1.0991414346241863
15.0,0.5,C,10.054630246502,42.461290889833,1.0991477675129397
15.0,0.5,C,10.064623584277,42.46091098316915,1.0991553656462167
15.0,0.5,C,10.074616922052,42.46046778918607,1.0991642295258783
15.0,0.5,C,10.084610259827,42.459961280387674,1.0991743597018462
15.0,0.5,C,10.094603597602,42.45939142688752,1.0991857567718493
15.0,0.5,C,10.104596935376,42.45875819642081,1.0991984213811834
15.0,0.5,C,10.114590273151,42.458061554359084,1.099212354222418
15.0,0.5,C,10.124583610926,42.45730146372984,1.0992275560350029
15.0,0.5,C,10.134576948701,42.456477885235444,1.0992440276048907
15.0,0.5,C,10.144570286476,42.455590777274004,1.0992617697641196
15.0,0.5,C,10.154563624251,42.45464009596642,1.0992807833902714
15.0,0.5,C,10.164556962025,42.453625795179065,1.0993010694060183
15.0,0.5,C,10.1745502998,42.452547826553015,1.0993226287785394
15.0,0.5,C,10.184543637575,42.45140613953471,1.0993454625189054
15.0,0.5,C,10.19453697535,42.45020068140579,1.099369571681484
15.0,0.5,C,10.204530313125,42.448931397314105,1.0993949573633175
15.0,0.5,C,10.214523650899,42.447598230309566,1.0994216207034084
15.0,0.5,C,10.224516988674,42.44620112137938,1.099449562882012
15.0,0.5,C,10.234510326449,42.44474000948133,1.0994787851199732
15.0,0.5,C,10.244503664224,42.44321483158305,1.0995092886779385
15.0,0.5,C,10.254497001999,42.44162552269767,1.0995410748556462
15.0,0.5,C,10.264490339773,42.43997201592396,1.0995741449911203
15.0,0.5,C,10.274483677548,42.438254242480255,1.0996085004599947
15.0,0.5,C,10.284477015323,42.43647213174838,1.0996441426746322
15.0,0.5,C,10.294470353098,42.43462561130896,1.0996810730834206
15.0,0.5,C,10.304463690873,42.43271460697966,1.0997192931700066
15.0,0.5,C,10.314457028648,42.430739042855194,1.0997588044524957
15.0,0.5,C,10.324450366422,42.428698841343184,1.099799608482736
15.0,0.5,C,10.334443704197,42.42659392320115,1.0998417068455766
15.0,0.5,C,10.344437041972,42.424424207574724,1.0998851011581052
15.0,0.5,C,10.354430379747,42.42218961203147,1.0999297930689704
15.0,0.5,C,10.364423717522,42.419890052595065,1.0999757842576985
15.0,0.5,C,10.374417055296,42.41752544377878,1.1000230764340242
15.0,0.5,C,10.384410393071,42.415095698616476,1.1000716713372702
15.0,0.5,C,10.394403730846,42.412600728693214,1.1001215707357355
15.0,0.5,C,10.404397068621,42.41004044417433,1.100172776426113
15.0,0.5,C,10.414390406396,42.4074147538308,1.1002252902329837
15.0,0.5,C,10.424383744171,42.40472356506353,1.100279114008329
15.0,0.5,C,10.434377081945,42.40196678392933,1.1003342496310131
15.0,0.5,C,10.44437041972,42.39914431515634,1.100390699006473
15.0,0.5,C,10.454363757495,42.39625606216718,1.100448464066256
15.0,0.5,C,10.46435709527,42.393301927092615,1.1005075467677474
15.0,0.5,C,10.474350433045,42.39028181078495,1.1005679490939007
15.0,0.5,C,10.484343770819,42.387195612831114,1.1006296730529774
15.0,0.5,C,10.494337108594,42.38404323155815,1.1006927206784367
15.0,0.5,C,10.504330446369,42.38082456404203,1.100757094028759
15.0,0.5,C,10.514323784144,42.37753950611039,1.100822795187392
15.0,0.5,C,10.524317121919,42.37418795234266,1.1008898262627465
15.0,0.5,C,10.534310459694,42.37076979606811,1.1009581893882374
15.0,0.5,C,10.544303797468,42.36728492936252,1.1010278867223493
15.0,0.5,C,10.554297135243,42.36373324303792,1.101098920448841
15.0,0.5,C,10.564290473018,42.360114626636516,1.1011712927768693
15.0,0.5,C,10.574283810793,42.35642896841427,1.1012450059413141
15.0,0.5,C,10.584277148568,42.35267615532799,1.10132006220304
15.0,0.5,C,10.594270486342,42.34885607301688,1.1013964638492622
15.0,0.5,C,10.604263824117,42.34496860577976,1.1014742131940043
15.0,0.5,C,10.614257161892,42.34101363655615,1.1015533125784764
15.0,0.5,C,10.624250499667,42.33699104689682,1.1016337643716634
15.0,0.5,C,10.634243837442,42.33290071693857,1.1017155709708282
15.0,0.5,C,10.644237175217,42.32874252537266,1.1017987348021463
15.0,0.5,C,10.654230512991,42.324516349413415,1.1018832583213314
15.0,0.5,C,10.664223850766,42.32022206476259,1.101969144014348
15.0,0.5,C,10.674217188541,42.315859545574966,1.1020563943981003
15.0,0.5,C,10.684210526316,42.311428664418365,1.1021450120212324
15.0,0.5,C,10.694203864091,42.306929292234976,1.1022349994649001
15.0,0.5,C,10.704197201865,42.302361298299616,1.1023263593436072
15.0,0.5,C,10.71419053964,42.297724550175225,1.1024190943060952
15.0,0.5,C,10.724183877415,42.29301891367112,1.1025132070361772
15.0,0.5,C,10.73417721519,42.28824425279603,1.102608700253679
15.0,0.5,C,10.744170552965,42.28340042971268,1.102705576715346
15.0,0.5,C,10.75416389074,42.27848730468879,1.102803839215824
15.0,0.5,C,10.764157228514,42.27350473605146,1.1029034905885704
15.0,0.5,C,10.774150566289,42.26845258013589,1.1030045337068817
15.0,0.5,C,10.784143904064,42.26333069123858,1.103106971484828
15.0,0.5,C,10.794137241839,42.2581389215684,1.1032108068782316
15.0,0.5,C,10.804130579614,42.25287712119631,1.1033160428856734
15.0,0.5,C,10.814123917388,42.247545138006785,1.103422682549464
15.0,0.5,C,10.824117255163,42.242142817648165,1.1035307289566363
15.0,0.5,C,10.834110592938,42.23667000348598,1.1036401852398798
15.0,0.5,C,10.844103930713,42.231126536555124,1.1037510545784972
15.0,0.5,C,10.854097268488,42.22551225551173,1.1038633401993652
15.0,0.5,C,10.864090606262,42.21982699658819,1.103977045377836
15.0,0.5,C,10.874083944037,42.214070593546715,1.1040921734386653
15.0,0.5,C,10.884077281812,42.208242877638014,1.1042087277568395
15.0,0.5,C,10.894070619587,42.20234367755672,1.1043267117584652
15.0,0.5,C,10.904063957362,42.196372819402114,1.1044461289215572
15.0,0.5,C,10.914057295137,42.19033012663788,1.104566982776842
15.0,0.5,C,10.924050632911,42.184215420054926,1.1046892769085013
15.0,0.5,C,10.934043970686,42.17802851773447,1.1048130149549105
15.0,0.5,C,10.944037308461,42.17176923501629,1.1049382006092738
15.0,0.5,C,10.954030646236,42.165437384466294,1.1050648376202739
15.0,0.5,C,10.964023984011,42.15903277584631,1.1051929297926735
15.0,0.5,C,10.974017321785,42.152555216088146,1.1053224809878366
15.0,0.5,C,10.98401065956,42.14600450926545,1.1054534951242907
15.0,0.5,C,10.994003997335,42.139380456574735,1.1055859761781048
15.0,0.5,C,11.00399733511,42.132682856313444,1.1057199281833308
15.0,0.5,C,11.013990672885,42.12591150386224,1.105855355232355
15.0,0.5,C,11.02398401066,42.11906619166882,1.1059922614762232
15.0,0.5,C,11.033977348434,42.112146709237926,1.1061306511248412
15.0,0.5,C,11.043970686209,42.10515284311536,1.1062705284472925
15.0,0.5,C,11.053964023984,42.09808437688668,1.106411897771866
15.0,0.5,C,11.063957361759,42.09094109116863,1.1065547634862272
15.0,0.5,C,11.073950699534,42.08372276360598,1.1066991300374802
15.0,0.5,C,11.083944037308,42.076429168872934,1.106845001932141
15.0,0.5,C,11.093937375083,42.06906007867216,1.1069923837361564
15.0,0.5,C,11.103930712858,42.06161526174304,1.1071412800747389
15.0,0.5,C,11.113924050633,42.05409448386651,1.1072916956322696
15.0,0.5,C,11.123917388408,42.04649750787379,1.107443635152124
15.0,0.5,C,11.133910726183,42.038824093657546,1.1075971034364487
15.0,0.5,C,11.143904063957,42.031073998187665,1.1077521053458463
15.0,0.5,C,11.153897401732,42.02324697552046,1.1079086457991905
15.0,0.5,C,11.163890739507,42.01534277682289,1.108066729773142
15.0,0.5,C,11.173884077282,42.007361150387226,1.1082263623018551
15.0,0.5,C,11.183877415057,41.99930184165213,1.108387548476557
15.0,0.5,C,11.193870752831,41.991164593226266,1.1085502934450744
15.0,0.5,C,11.203864090606,41.982949144908474,1.1087146024114303
15.0,0.5,C,11.213857428381,41.97465523371522,1.1088804806352952
15.0,0.5,C,11.223850766156,41.96628259390644,1.109047933431471
15.0,0.5,C,11.233844103931,41.95783095700984,1.109216966169403
15.0,0.5,C,11.243837441706,41.94930005185015,1.1093875842725966
15.0,0.5,C,11.25383077948,41.94068960457849,1.1095597932180299
15.0,0.5,C,11.263824117255,41.93199933869557,1.1097335985356882
15.0,0.5,C,11.27381745503,41.92322897508708,1.109909005807858
15.0,0.5,C,11.283810792805,41.91437823204902,1.1100860206686194
15.0,0.5,C,11.29380413058,41.90544682531735,1.1102646488032526
15.0,0.5,C,11.303797468354,41.89643446809817,1.1104448959476363
15.0,0.5,C,11.313790806129,41.88734087109154,1.1106267678877688
15.0,0.5,C,11.323784143904,41.87816574252571,1.1108102704590854
15.0,0.5,C,11.333777481679,41.86890878818,1.1109954095459995
15.0,0.5,C,11.343770819454,41.859569711412995,1.1111821910813398
15.0,0.5,C,11.353764157229,41.8501482131866,1.1113706210458678
15.0,0.5,C,11.363757495003,41.84064399209163,1.1115607054677672
15.0,0.5,C,11.373750832778,41.831056744367466,1.1117524504222502
15.0,0.5,C,11.383744170553,41.82138616392823,1.111945862031035
15.0,0.5,C,11.393737508328,41.811631942378945,1.1121409464620207
15.0,0.5,C,11.403730846103,41.801793769034845,1.1123377099289027
15.0,0.5,C,11.413724183877,41.79187133093678,1.112536158690864
15.0,0.5,C,11.423717521652,41.781864312864194,1.1127362990523157
15.0,0.5,C,11.433710859427,41.771772397350375,1.1129381373625922
15.0,0.5,C,11.443704197202,41.761595264688786,1.113141680015824
15.0,0.5,C,11.453697534977,41.751332592942546,1.1133469334507489
15.0,0.5,C,11.463690872752,41.74098405794761,1.1135539041506475
15.0,0.5,C,11.473684210526,41.73054933331706,1.1137625986432584
15.0,0.5,C,11.483677548301,41.720028090436884,1.1139730235008618
15.0,0.5,C,11.493670886076,41.70941999846858,1.114185185340228
15.0,0.5,C,11.503664223851,41.69872472434035,1.1143990908227925
15.0,0.5,C,11.513657561626,41.68794193273855,1.1146147466548286
15.0,0.5,C,11.5236508994,41.67707128609823,1.1148321595876352
15.0,0.5,C,11.533644237175,41.66611244458525,1.1150513364178947
15.0,0.5,C,11.54363757495,41.65506506608444,1.1152722839879108
15.0,0.5,C,11.553630912725,41.64392880617737,1.1154950091860523
15.0,0.5,C,11.5636242505,41.63270331812004,1.115719518947199
15.0,0.5,C,11.573617588274,41.62138825281742,1.1159458202532513
15.0,0.5,C,11.583610926049,41.609983258793086,1.116173920133738
15.0,0.5,C,11.593604263824,41.598487982163746,1.1164038256663247
15.0,0.5,C,11.603597601599,41.58690206660098,1.1166355439775801
15.0,0.5,C,11.613590939374,41.575225153296266,1.1168690822436744
15.0,0.5,C,11.623584277149,41.56345688092286,1.1171044476911425
15.0,0.5,C,11.633577614923,41.55159688559455,1.1173416475977087
15.0,0.5,C,11.643570952698,41.53964480081733,1.117580689293253
15.0,0.5,C,11.653564290473,41.52760025745125,1.1178215801605746
15.0,0.5,C,11.663557628248,41.51546288365655,1.1180643276364688
15.0,0.5,C,11.673550966023,41.503232304843756,1.1183089392127246
15.0,0.5,C,11.683544303797,41.4909081436248,1.1185554224371037
15.0,0.5,C,11.693537641572,41.478490019750616,1.1188037849145873
15.0,0.5,C,11.703530979347,41.46597755006566,1.1190540343082864
15.0,0.5,C,11.713524317122,41.4533703484429,1.1193061783407416
15.0,0.5,C,11.723517654897,41.44066802572765,1.1195602247950465
15.0,0.5,C,11.733510992672,41.42787018967552,1.1198161815160894
15.0,0.5,C,11.743504330446,41.41497644489468,1.1200740564117062
15.0,0.5,C,11.753497668221,41.40198639277544,1.1203338574540909
15.0,0.5,C,11.763491005996,41.388899631436416,1.1205955926808713
15.0,0.5,C,11.773484343771,41.375715755655385,1.1208592701964921
15.0,0.5,C,11.783477681546,41.362434356805394,1.1211248981734918
15.0,0.5,C,11.79347101932,41.34905502279138,1.121392484853772
15.0,0.5,C,11.803464357095,41.3355773379814,1.1216620385499718
15.0,0.5,C,11.81345769487,41.32200088314653,1.1219335676466693
15.0,0.5,C,11.823451032645,41.30832523539407,1.1222070806017181
15.0,0.5,C,11.83344437042,41.294549968103134,1.122482585947537
15.0,0.5,C,11.843437708195,41.28067465085975,1.1227600922924048
15.0,0.5,C,11.853431045969,41.26669884939777,1.1230396083216443
15.0,0.5,C,11.863424383744,41.25262212552767,1.1233211427990462
15.0,0.5,C,11.873417721519,41.238444037085316,1.1236047045678934
15.0,0.5,C,11.883411059294,41.224164137865905,1.1238903025522815
15.0,0.5,C,11.893404397069,41.2097819775655,1.1241779457582894
15.0,0.5,C,11.903397734843,41.19529710172747,1.1244676432750502
15.0,0.5,C,11.913391072618,41.180709051675535,1.124759404276089
15.0,0.5,C,11.923384410393,41.16601736447463,1.1250532380201073
15.0,0.5,C,11.933377748168,41.15122157286598,1.12534915385228
15.0,0.5,C,11.943371085943,41.13632120522246,1.1256471612051504
15.0,0.5,C,11.953364423718,41.121315785497536,1.1259472695996489
15.0,0.5,C,11.963357761492,41.1062048331808,1.1262494886459837
15.0,0.5,C,11.973351099267,41.0909878632475,1.1265538280446499
15.0,0.5,C,11.983344437042,41.075664386124444,1.126860297587111
15.0,0.5,C,11.993337774817,41.060233907645326,1.127168907156693
15.0,0.5,C,12.003331112592,41.04469592901393,1.127479666729321
15.0,0.5,C,12.013324450366,41.02904994676948,1.12779258637421
15.0,0.5,C,12.023317788141,41.01329545274941,1.1281076762546114
15.0,0.5,C,12.033311125916,40.997431934066896,1.1284249466282619
15.0,0.5,C,12.043304463691,40.98145887307812,1.1287444078480373
15.0,0.5,C,12.053297801466,40.96537574735606,1.1290660703624784
15.0,0.5,C,12.063291139241,40.949182029670915,1.1293899447161815
15.0,0.5,C,12.073284477015,40.93287718796719,1.1297160415502558
15.0,0.5,C,12.08327781479,40.91646068534311,1.1300443716027375
15.0,0.5,C,12.093271152565,40.89993198004106,1.1303749457087784
15.0,0.5,C,12.10326449034,40.88329052542968,1.1307077748010061
15.0,0.5,C,12.113257828115,40.86653576999391,1.1310428699097215
15.0,0.5,C,12.123251165889,40.84966715732739,1.1313802421630519
15.0,0.5,C,12.133244503664,40.83268412611815,1.1317199027872367
15.0,0.5,C,12.143237841439,40.81558611015442,1.1320618631065114
15.0,0.5,C,12.153231179214,40.79837253831517,1.1324061345432963
15.0,0.5,C,12.163224516989,40.781042834569725,1.1327527286182053
15.0,0.5,C,12.173217854763,40.76359641797954,1.133101656950009
15.0,0.5,C,12.183211192538,40.746032702694606,1.1334529312557076
15.0,0.5,C,12.193204530313,40.72835109796462,1.1338065633503072
15.0,0.5,C,12.203197868088,40.71055100813957,1.1341625651468081
15.0,0.5,C,12.213191205863,40.69263183267526,1.1345209486560945
15.0,0.5,C,12.223184543638,40.67459296613939,1.1348817259868118
15.0,0.5,C,12.233177881412,40.65643379822233,1.135244909345153
15.0,0.5,C,12.243171219187,40.63815371373745,1.1356105110348507
15.0,0.5,C,12.253164556962,40.61975209263936,1.1359785434568126
15.0,0.5,C,12.263157894737,40.60122831002678,1.136349019109064
15.0,0.5,C,12.273151232512,40.58258173615223,1.1367219505865551
15.0,0.5,C,12.283144570286,40.56381173643391,1.1370973505809214
15.0,0.5,C,12.293137908061,40.544917671455515,1.1374752318804895
15.0,0.5,C,12.303131245836,40.525898896986185,1.137855607369876
15.0,0.5,C,12.313124583611,40.50675476398112,1.1382384900299773
15.0,0.5,C,12.323117921386,40.48748461858923,1.1386238929378152
15.0,0.5,C,12.333111259161,40.468087802159936,1.1390118292664009
15.0,0.5,C,12.343104596935,40.44856365124893,1.139402312284621
15.0,0.5,C,12.35309793471,40.428911497615,1.1397953553572997
15.0,0.5,C,12.363091272485,40.40913066823249,1.14019097194495
15.0,0.5,C,12.37308461026,40.389220485285314,1.1405891756038935
15.0,0.5,C,12.383077948035,40.36918026616578,1.1409899799862842
15.0,0.5,C,12.393071285809,40.349009323474476,1.1413933988401102
15.0,0.5,C,12.403064623584,40.32870696500588,1.141799446009482
15.0,0.5,C,12.413057961359,40.30827249375369,1.142208135434526
15.0,0.5,C,12.423051299134,40.287705207891996,1.1426194811517596
15.0,0.5,C,12.433044636909,40.26700440076499,1.1430334972943
15.0,0.5,C,12.443037974684,40.24616936087191,1.1434501980921614
15.0,0.5,C,12.453031312458,40.225199371850046,1.1438695978725988
15.0,0.5,C,12.463024650233,40.204093712447744,1.1442917110606448
15.0,0.5,C,12.473017988008,40.18285165651195,1.1447165521793607
15.0,0.5,C,12.483011325783,40.16147247295228,1.1451441358505539
15.0,0.5,C,12.493004663558,40.13995542571544,1.145574476795291
15.0,0.5,C,12.502998001332,40.1182997737528,1.1460075898345436
15.0,0.5,C,12.512991339107,40.096504770976665,1.1464434898900664
15.0,0.5,C,12.522984676882,40.07456966623192,1.1468821919849612
15.0,0.5,C,12.532978014657,40.05249370324821,1.1473237112446355
15.0,0.5,C,12.542971352432,40.03027612059201,1.1477680628977593
15.0,0.5,C,12.552964690207,40.00791615162094,1.1482152622771808
15.0,0.5,C,12.562958027981,39.98541302443083,1.148665324820983
15.0,0.5,C,12.572951365756,39.962765961792144,1.1491182660737569
15.0,0.5,C,12.582944703531,39.93997418110365,1.1495741016875267
15.0,0.5,C,12.592938041306,39.91703689432199,1.1500328474231598
15.0,0.5,C,12.602931379081,39.893953307896986,1.1504945191516598
15.0,0.5,C,12.612924716855,39.87072262270614,1.150959132855477
15.0,0.5,C,12.62291805463,39.84734403397263,1.1514267046301472
15.0,0.5,C,12.632911392405,39.823816731206186,1.151897250685476
15.0,0.5,C,12.64290473018,39.80013989811409,1.152370787347318
15.0,0.5,C,12.652898067955,39.77631271252341,1.1528473310591314
15.0,0.5,C,12.66289140573,39.752334346298404,1.1533268983836316
15.0,0.5,C,12.672884743504,39.72820396525678,1.1538095060044642
15.0,0.5,C,12.682878081279,39.703920729071164,1.1542951707281763
15.0,0.5,C,12.692871419054,39.67948379119266,1.1547839094857464
15.0,0.5,C,12.702864756829,39.65489229875014,1.155275739334597
15.0,0.5,C,12.712858094604,39.63014539245478,1.155770677460504
15.0,0.5,C,12.722851432378,39.60524220650822,1.156268741179435
15.0,0.5,C,12.732844770153,39.58018186849205,1.1567699479397586
15.0,0.5,C,12.742838107928,39.55496349928286,1.1572743153239424
15.0,0.5,C,12.752831445703,39.529586212941275,1.1577818610507742
15.0,0.5,C,12.762824783478,39.50404911661058,1.158292602977388
15.0,0.5,C,12.772818121253,39.47835131041285,1.1588065591013428
15.0,0.5,C,12.782811459027,39.452491887345424,1.1593237475626912
15.0,0.5,C,12.792804796802,39.42646993316676,1.1598441866462645
15.0,0.5,C,12.802798134577,39.40028452630317,1.1603678947835363
15.0,0.5,C,12.812791472352,39.37393473773298,1.16089489055494
15.0,0.5,C,12.822784810127,39.34741963088114,1.161425192691977
15.0,0.5,C,12.832778147901,39.3207382615152,1.1619588200792956
15.0,0.5,C,12.842771485676,39.29388967762708,1.162495791757058
15.0,0.5,C,12.852764823451,39.26687291934307,1.1630361269227383
15.0,0.5,C,12.862758161226,39.23968701880419,1.163579844933516
15.0,0.5,C,12.872751499001,39.21233100006637,1.1641269653082722
15.0,0.5,C,12.882744836775,39.184803878995474,1.1646775077296903
15.0,0.5,C,12.89273817455,39.15710466315261,1.1652314920465474
15.0,0.5,C,12.902731512325,39.129232351708495,1.1657889382754298
15.0,0.5,C,12.9127248501,39.10118593532811,1.1663498666030374
15.0,0.5,C,12.922718187875,39.07296439607503,1.166914297388099
15.0,0.5,C,12.93271152565,39.04456670731087,1.1674822511633822
15.0,0.5,C,12.942704863424,39.015991833599834,1.168053748637603
15.0,0.5,C,12.952698201199,38.98723873060241,1.1686288106975515
15.0,0.5,C,12.962691538974,38.95830634499611,1.1692074584096774
15.0,0.5,C,12.972684876749,38.929193614372906,1.1697897130221415
15.0,0.5,C,12.982678214524,38.899899467150775,1.1703755959665842
15.0,0.5,C,12.992671552298,38.87042282248805,1.1709651288598386
15.0,0.5,C,13.002664890073,38.840762590183836,1.171558333505923
15.0,0.5,C,13.012658227848,38.81091767061159,1.1721552318973678
15.0,0.5,C,13.022651565623,38.78088695462512,1.1727558462170975
15.0,0.5,C,13.032644903398,38.75066932347956,1.1733601988400084
15.0,0.5,C,13.042638241173,38.72026364875314,1.173968312334537
15.0,0.5,C,13.052631578947,38.68966879227505,1.1745802094640987
15.0,0.5,C,13.062624916722,38.658883606037065,1.1751959131888583
15.0,0.5,C,13.072618254497,38.62790693214091,1.1758154466667816
15.0,0.5,C,13.082611592272,38.596737602714285,1.1764388332553137
15.0,0.5,C,13.092604930047,38.565374439847766,1.1770660965126443
15.0,0.5,C,13.102598267821,38.53381625552886,1.1776972601990225
15.0,0.5,C,13.112591605596,38.502061851566886,1.178332348278262
15.0,0.5,C,13.122584943371,38.47011001954764,1.1789713849186467
15.0,0.5,C,13.132578281146,38.43795954076048,1.1796143944943902
15.0,0.5,C,13.142571618921,38.405609186140815,1.1802614015867832
15.0,0.5,C,13.152564956696,38.373057716212685,1.180912430985346
15.0,0.5,C,13.16255829447,38.34030388103498,1.1815675076889
15.0,0.5,C,13.172551632245,38.307346420130884,1.1822266569069821
15.0,0.5,C,13.18254497002,38.27418406245565,1.1828899040604866
15.0,0.5,C,13.192538307795,38.24081552632604,1.183557274783079
15.0,0.5,C,13.20253164557,38.20723951937386,1.1842287949221224
15.0,0.5,C,13.212524983344,38.173454738492815,1.1849044905397434
15.0,0.5,C,13.222518321119,38.139459869775614,1.1855843879140875
15.0,0.5,C,13.232511658894,38.105253588481006,1.1862685135399795
15.0,0.5,C,13.242504996669,38.07083455896712,1.1869568941302573
15.0,0.5,C,13.252498334444,38.03620143464305,1.1876495566167387
15.0,0.5,C,13.262491672219,38.00135285791588,1.188346528151282
15.0,0.5,C,13.272485009993,37.96628746014075,1.1890478361067847
15.0,0.5,C,13.282478347768,37.93100386155197,1.1897535080785602
15.0,0.5,C,13.292471685543,37.89550067122894,1.190463571885021
15.0,0.5,C,13.302465023318,37.85977648702554,1.1911780555690887
15.0,0.5,C,13.312458361093,37.82382989551492,1.191896987399301
15.0,0.5,C,13.322451698867,37.787659471934816,1.1926203958709032
15.0,0.5,C,13.332445036642,37.75126378010913,1.193348309707417
15.0,0.5,C,13.342438374417,37.714641372408614,1.1940807578614274
15.0,0.5,C,13.352431712192,37.67779078966798,1.19481776951624
15.0,0.5,C,13.362425049967,37.64071056112239,1.1955593740871517
15.0,0.5,C,13.372418387742,37.60339920433622,1.1963056012228752
15.0,0.5,C,13.382411725516,37.56585522513286,1.1970564808069426
15.0,0.5,C,13.392405063291,37.528077117502164,1.1978120429595562
15.0,0.5,C,13.402398401066,37.49006336354286,1.1985723180387424
15.0,0.5,C,13.412391738841,37.45181243336448,1.19933733664231
15.0,0.5,C,13.422385076616,37.41332278500224,1.200107129609555
15.0,0.5,C,13.43237841439,37.37459286433278,1.200881728022944
15.0,0.5,C,13.442371752165,37.33562110495996,1.2016611632104004
15.0,0.5,C,13.45236508994,37.29640592814224,1.2024454667467548
15.0,0.5,C,13.462358427715,37.2569457426728,1.2032346704561436
15.0,0.5,C,13.47235176549,37.217238944776184,1.2040288064140758
15.0,0.5,C,13.482345103264,37.17728391800017,1.2048279069495962
15.0,0.5,C,13.492338441039,37.137079033083495,1.2056320046479296
15.0,0.5,C,13.502331778814,37.09662264785995,1.2064411323524007
15.0,0.5,C,13.512325116589,37.05591310711383,1.2072553231673229
15.0,0.5,C,13.522318454364,37.01494874245802,1.2080746104604392
15.0,0.5,C,13.532311792139,36.973727872194004,1.2088990278657195
15.0,0.5,C,13.542305129913,36.93224880117911,1.2097286092860176
15.0,0.5,C,13.552298467688,36.89050982066301,1.2105633888963394
15.0,0.5,C,13.562291805463,36.84850920816418,1.211403401146316
15.0,0.5,C,13.572285143238,36.8062452272961,1.2122486807636776
15.0,0.5,C,13.582278481013,36.76371612761427,1.213099262757314
15.0,0.5,C,13.592271818787,36.720920144453174,1.2139551824205361
15.0,0.5,C,13.602265156562,36.67785549874056,1.2148164753347883
15.0,0.5,C,13.612258494337,36.63452039684782,1.215683177372643
15.0,0.5,C,13.622251832112,36.59091303039502,1.2165553247016994
15.0,0.5,C,13.632245169887,36.547031576067326,1.2174329537882531
15.0,0.5,C,13.642238507662,36.502874195430316,1.2183161014009933
15.0,0.5,C,13.652231845436,36.45843903473699,1.2192048046148598
15.0,0.5,C,13.662225183211,36.4137242247137,1.2200991008153257
15.0,0.5,C,13.672218520986,36.36872788038353,1.220999027701929
15.0,0.5,C,13.682211858761,36.3234481008413,1.2219046232927737
15.0,0.5,C,13.692205196536,36.27788296904712,1.2228159259286573
15.0,0.5,C,13.70219853431,36.23203055161493,1.2237329742773009
15.0,0.5,C,13.712191872085,36.185888898574696,1.2246558073381058
15.0,0.5,C,13.72218520986,36.139456043176814,1.2255844644460632
15.0,0.5,C,13.732178547635,36.09273000164629,1.2265189852766738
15.0,0.5,C,13.74217188541,36.04570877295801,1.2274594098504394
15.0,0.5,C,13.752165223185,35.99839033860004,1.2284057785375988
15.0,0.5,C,13.762158560959,35.9507726623433,1.2293581320627336
15.0,0.5,C,13.772151898734,35.90285368998116,1.2303165115099766
15.0,0.5,C,13.782145236509,35.85463134911501,1.2312809583272992
15.0,0.5,C,13.792138574284,35.806103548887485,1.23225151433185
15.0,0.5,C,13.802131912059,35.75726817974022,1.2332282217147952
15.0,0.5,C,13.812125249833,35.7081231131675,1.2342111230462496
15.0,0.5,C,13.822118587608,35.658666201440184,1.235200261280796
15.0,0.5,C,13.832111925383,35.60889527738261,1.2361956797619473
15.0,0.5,C,13.842105263158,35.558808154094066,1.2371974222277184
15.0,0.5,C,13.852098600933,35.50840262469269,1.2382055328157457
15.0,0.5,C,13.862091938708,35.457676462056995,1.2392200560684596
15.0,0.5,C,13.872085276482,35.40662741856555,1.2402410369382888
15.0,0.5,C,13.882078614257,35.35525322581322,1.2412685207933352
15.0,0.5,C,13.892071952032,35.303551594377296,1.2423025534220538
15.0,0.5,C,13.902065289807,35.25152021352915,1.2433431810390165
15.0,0.5,C,13.912058627582,35.19915675097242,1.2443904502901513
15.0,0.5,C,13.922051965356,35.146458852579414,1.2454444082580114
15.0,0.5,C,13.932045303131,35.0934241421011,1.2465051024675777
15.0,0.5,C,13.942038640906,35.040050220928116,1.2475725808910374
15.0,0.5,C,13.952031978681,34.986334667799994,1.2486468919535996
15.0,0.5,C,13.962025316456,34.932275038538606,1.2497280845388274
15.0,0.5,C,13.972018654231,34.877868865776186,1.2508162079940761
15.0,0.5,C,13.982011992005,34.823113658689294,1.2519113121358139
15.0,0.5,C,13.99200532978,34.768006902704336,1.2530134472555128
15.0,0.5,C,14.001998667555,34.71254605925688,1.2541226641244618
15.0,0.5,C,14.01199200533,34.65672856549688,1.2552390139996623
15.0,0.5,C,14.021985343105,34.60055183402098,1.25636254862918
15.0,0.5,C,14.031978680879,34.54401325260288,1.257493320257542
15.0,0.5,C,14.041972018654,34.487110183897116,1.2586313816316574
15.0,0.5,C,14.051965356429,34.42983996519742,1.2597767860056515
15.0,0.5,C,14.061958694204,34.372199908139045,1.260929587146819
15.0,0.5,C,14.071952031979,34.314187298426866,1.2620898393410624
15.0,0.5,C,14.081945369754,34.2557993955612,1.2632575973983757
15.0,0.5,C,14.091938707528,34.19703343256297,1.2644329166583403
15.0,0.5,C,14.101932045303,34.1378866156733,1.2656158529961337
15.0,0.5,C,14.111925383078,34.07835612410791,1.2668064628274411
15.0,0.5,C,14.121918720853,34.01843910975364,1.268004803114527
15.0,0.5,C,14.131912058628,33.95813269689157,1.269210931371768
15.0,0.5,C,14.141905396402,33.89743398191866,1.2704249056712265
15.0,0.5,C,14.151898734177,33.8363400330381,1.2716467846488377
15.0,0.5,C,14.161892071952,33.774847890008736,1.272876627509425
15.0,0.5,C,14.171885409727,33.71295456382934,1.274114494033013
15.0,0.5,C,14.181878747502,33.65065703645424,1.275360444580515
15.0,0.5,C,14.191872085276,33.58795226050293,1.276614540099541
15.0,0.5,C,14.201865423051,33.52483715893835,1.2778768421308329
15.0,0.5,C,14.211858760826,33.461308624803635,1.279147412813527
15.0,0.5,C,14.221852098601,33.397363520891155,1.2804263148917767
15.0,0.5,C,14.231845436376,33.33299867944257,1.2817136117207484
15.0,0.5,C,14.241838774151,33.268210901834344,1.2830093672729126
15.0,0.5,C,14.251832111925,33.20299695827052,1.2843136461441893
15.0,0.5,C,14.2618254497,33.13735358743302,1.285626513560939
15.0,0.5,C,14.271818787475,33.07127749619582,1.2869480353856833
15.0,0.5,C,14.28181212525,33.00476535926699,1.2882782781242597
15.0,0.5,C,14.291805463025,32.93781381885951,1.2896173089324094
15.0,0.5,C,14.301798800799,32.870419484353405,1.2909651956225314
15.0,0.5,C,14.311792138574,32.80257893192068,1.292322006671186
15.0,0.5,C,14.321785476349,32.73428870420912,1.293687811225417
15.0,0.5,C,14.331778814124,32.665545309953686,1.2950626791105257
15.0,0.5,C,14.341772151899,32.59634522361219,1.296446680837356
15.0,0.5,C,14.351765489674,32.526684884988214,1.2978398876098352
15.0,0.5,C,14.361758827448,32.456560698852634,1.299242371332547
15.0,0.5,C,14.371752165223,32.385969034520514,1.3006542046191893
15.0,0.5,C,14.381745502998,32.31490622549155,1.3020754607997687
15.0,0.5,C,14.391738840773,32.24336856900962,1.3035062139294074
15.0,0.5,C,14.401732178548,32.17135232564877,1.3049465387966241
15.0,0.5,C,14.411725516322,32.0988537188907,1.3063965109317854
15.0,0.5,C,14.421718854097,32.02586893465322,1.3078562066165353
15.0,0.5,C,14.431712191872,31.952394120884215,1.3093257028919154
15.0,0.5,C,14.441705529647,31.87842538706876,1.3108050775682245
15.0,0.5,C,14.451698867422,31.80395880376654,1.3122944092342688
15.0,0.5,C,14.461692205197,31.72899040212443,1.313793777267111
15.0,0.5,C,14.471685542971,31.653516173391203,1.3153032618417755
15.0,0.5,C,14.481678880746,31.577532068377337,1.316822943942053
15.0,0.5,C,14.491672218521,31.501033996981405,1.3183529053699719
15.0,0.5,C,14.501665556296,31.42401782762837,1.3198932287570324
15.0,0.5,C,14.511658894071,31.346479386730707,1.3214439975749854
15.0,0.5,C,14.521652231845,31.268414458138967,1.3230052961468202
15.0,0.5,C,14.53164556962,31.189818782539195,1.3245772096588158
15.0,0.5,C,14.541638907395,31.110688056914974,1.3261598241713004
15.0,0.5,C,14.55163224517,31.031017933917212,1.3277532266312553
15.0,0.5,C,14.561625582945,30.950804021260236,1.3293575048843949
15.0,0.5,C,14.57161892072,30.8700418810942,1.3309727476877156
15.0,0.5,C,14.581612258494,30.788727029374115,1.3325990447221172
15.0,0.5,C,14.591605596269,30.706854935168334,1.3342364866062328
15.0,0.5,C,14.601598934044,30.624421020040806,1.3358851649087837
15.0,0.5,C,14.611592271819,30.5414206573306,1.3375451721629876
15.0,0.5,C,14.621585609594,30.457849171460285,1.339216601880394
15.0,0.5,C,14.631578947368,30.373701837229564,1.3408995485650084
15.0,0.5,C,14.641572285143,30.288973879048896,1.3425941077286216
15.0,0.5,C,14.651565622918,30.203660470244017,1.3443003759047194
15.0,0.5,C,14.661558960693,30.117756732259746,1.3460184506644046
15.0,0.5,C,14.671552298468,30.03125773388984,1.3477484306318028
15.0,0.5,C,14.681545636243,29.94415849048364,1.349490415499927
15.0,0.5,C,14.691538974017,29.85645396314148,1.3512445060467697
15.0,0.5,C,14.701532311792,29.76813905785583,1.353010804152483
15.0,0.5,C,14.711525649567,29.679208624719525,1.3547894128152091
15.0,0.5,C,14.721518987342,29.589657457029634,1.356580436169007
15.0,0.5,C,14.731512325117,29.499480290422323,1.3583839795011532
15.0,0.5,C,14.741505662891,29.40867180198677,1.3602001492698643
15.0,0.5,C,14.751499000666,29.31722660931912,1.362029053123217
15.0,0.5,C,14.761492338441,29.225139269651198,1.3638707999165758
15.0,0.5,C,14.771485676216,29.132404278867998,1.3657254997322397
15.0,0.5,C,14.781479013991,29.03901607055671,1.3675932638984654
15.0,0.5,C,14.791472351765,28.944969015036165,1.3694742050088762
15.0,0.5,C,14.80146568954,28.850257418324762,1.3713684369431045
15.0,0.5,C,14.811459027315,28.754875521179628,1.3732760748860071
15.0,0.5,C,14.82145236509,28.65881749803001,1.3751972353489996
15.0,0.5,C,14.831445702865,28.562077455934332,1.377132036190913
15.0,0.5,C,14.84143904064,28.464649433513742,1.379080596639325
15.0,0.5,C,14.851432378414,28.36652739987332,1.3810430373121332
15.0,0.5,C,14.861425716189,28.267705253458857,1.3830194802404225
15.0,0.5,C,14.871419053964,28.168176820991395,1.3850100488897716
15.0,0.5,C,14.881412391739,28.06793585628311,1.3870148681839374
15.0,0.5,C,14.891405729514,27.96697603908742,1.3890340645278512
15.0,0.5,C,14.901399067288,27.865290973923514,1.3910677658311295
15.0,0.5,C,14.911392405063,27.762874188835223,1.3931161015328952
15.0,0.5,C,14.921385742838,27.659719134229547,1.3951792026250087
15.0,0.5,C,14.931379080613,27.55581918159179,1.3972572016777638
15.0,0.5,C,14.941372418388,27.451167622231964,1.3993502328649605
15.0,0.5,C,14.951365756163,27.345757665999322,1.4014584319896133
15.0,0.5,C,14.961359093937,27.23958243998565,1.4035819365098867
15.0,0.5,C,14.971352431712,27.13263498715222,1.4057208855665553
15.0,0.5,C,14.981345769487,27.024908265041827,1.4078754200087633
15.0,0.5,C,14.991339107262,26.916395144359704,1.4100456824224057
15.0,0.5,C,15.001332445037,26.807088407585574,1.4122318171578883
15.0,0.5,C,15.011325782811,26.696980747559547,1.4144339703584086
15.0,0.5,C,15.021319120586,26.586064765988795,1.4166522899898237
15.0,0.5,C,15.031312458361,26.474332972039008,1.4188869258688195
15.0,0.5,C,15.041305796136,26.36177778079008,1.421138029693798
15.0,0.5,C,15.051299133911,26.248391511716736,1.423405755075265
15.0,0.5,C,15.061292471686,26.134166387133025,1.4256902575669392
15.0,0.5,C,15.07128580946,26.019094530619434,1.427991694697211
15.0,0.5,C,15.081279147235,25.903167965360808,1.4303102260023834
15.0,0.5,C,15.09127248501,25.786378612570754,1.4326460130581844
15.0,0.5,C,15.101265822785,25.66871828976954,1.434999219514209
15.0,0.5,C,15.11125916056,25.550178709085255,1.4373700111278946
15.0,0.5,C,15.121252498334,25.430751475524797,1.4397585557991037
15.0,0.5,C,15.131245836109,25.310428085146714,1.4421650236066654
15.0,0.5,C,15.141239173884,25.189199923321983,1.44458958684316
15.0,0.5,C,15.151232511659,25.06705826283631,1.4470324200528735
15.0,0.5,C,15.161225849434,24.94399426201382,1.449493700069323
15.0,0.5,C,15.171219187209,24.819998962789413,1.4519736060538115
15.0,0.5,C,15.181212524983,24.695063288754536,1.454472319534509
15.0,0.5,C,15.191205862758,24.56917804309656,1.4569900244476683
15.0,0.5,C,15.201199200533,24.442333906620764,1.4595269071771844
15.0,0.5,C,15.211192538308,24.314521435600824,1.4620831565975831
15.0,0.5,C,15.221185876083,24.18573105964644,1.4646589641166707
15.0,0.5,C,15.231179213857,24.05595307952396,1.4672545237191204
15.0,0.5,C,15.241172551632,23.9251776648597,1.4698700320124056
15.0,0.5,C,15.251165889407,23.79339485192408,1.472505688271118
15.0,0.5,C,15.261159227182,23.660594541229933,1.475161694485001
15.0,0.5,C,15.271152564957,23.526766495143995,1.4778382554067195
15.0,0.5,C,15.281145902732,23.39190033542427,1.4805355786011145
15.0,0.5,C,15.291139240506,23.255985540714633,1.483253874495307
15.0,0.5,C,15.301132578281,23.119011443908803,1.4859933564314234
15.0,0.5,C,15.311125916056,22.98096722958749,1.4887542407178498
15.0,0.5,C,15.321119253831,22.84184193125383,1.491536746684523
15.0,0.5,C,15.331112591606,22.701624428570234,1.494341096738195
15.0,0.5,C,15.34110592938,22.56030344452276,1.4971675164191445
15.0,0.5,C,15.351099267155,22.417867542444938,1.500016234460701
15.0,0.5,C,15.36109260493,22.274305123106522,1.5028874828474692
15.0,0.5,C,15.371085942705,22.129604421585384,1.505781496877892
15.0,0.5,C,15.38107928048,21.983753504125936,1.508698515227081
15.0,0.5,C,15.391072618255,21.836740264904126,1.5116387800115172
15.0,0.5,C,15.401065956029,21.68855242271882,1.5146025368552232
15.0,0.5,C,15.411059293804,21.539177517523434,1.517590034959131
15.0,0.5,C,15.421052631579,21.38860290701048,1.5206015271693902
15.0,0.5,C,15.431045969354,21.236815762954148,1.5236372700505165
15.0,0.5,C,15.441039307129,21.083803067531232,1.526697523958975
15.0,0.5,C,15.451032644903,20.92955160953855,1.5297825531188287
15.0,0.5,C,15.461025982678,20.774047980427987,1.53289262570104
15.0,0.5,C,15.471019320453,20.617278570391584,1.536028013901768
15.0,0.5,C,15.481012658228,20.45922956417321,1.5391889940261356
15.0,0.5,C,15.491005996003,20.29988693684991,1.5423758465726016
15.0,0.5,C,15.500999333777,20.139236449487168,1.545588856319856
15.0,0.5,C,15.510992671552,19.977263644593602,1.5488283124177278
15.0,0.5,C,15.520986009327,19.813953841606786,1.552094508477464
15.0,0.5,C,15.530979347102,19.649292132087908,1.5553877426678415
15.0,0.5,C,15.540972684877,19.483263374856243,1.5587083178124748
15.0,0.5,C,15.550966022652,19.31585219097068,1.5620565414901861
15.0,0.5,C,15.560959360426,19.147042958575657,1.5654327261380867
15.0,0.5,C,15.570952698201,18.976819807519743,1.568837189159205
15.0,0.5,C,15.580946035976,18.805166613975256,1.5722702530300943
15.0,0.5,C,15.590939373751,18.632066994737034,1.575732245414859
15.0,0.5,C,15.600932711526,18.457504301431168,1.5792234992809764
15.0,0.5,C,15.6109260493,18.281461614553983,1.5827443530185197
15.0,0.5,C,15.620919387075,18.103921737241944,1.5862951505647607
15.0,0.5,C,15.63091272485,17.924867189031335,1.589876241528973
15.0,0.5,C,15.640906062625,17.74428019924775,1.5934879813246445
15.0,0.5,C,15.6508994004,17.562142700288284,1.5971307313038339
15.0,0.5,C,15.660892738175,17.378436320673416,1.6008048588961314
15.0,0.5,C,15.670886075949,17.193142377906344,1.6045107377514727
15.0,0.5,C,15.680879413724,17.00624187101708,1.6082487478892582
15.0,0.5,C,15.690872751499,16.817715473057987,1.61201927584844
15.0,0.5,C,15.700866089274,16.627543523180744,1.615822714845985
15.0,0.5,C,15.710859427049,16.435706018552438,1.619659464938551
15.0,0.5,C,15.720852764823,16.24218260601706,1.6235299331892585
15.0,0.5,C,15.730846102598,16.046952573392737,1.6274345338417449
15.0,0.5,C,15.740839440373,15.849994840686055,1.6313736884958785
15.0,0.5,C,15.750832778148,15.651287950820647,1.6353478262931869
15.0,0.5,C,15.760826115923,15.450810060168568,1.639357384106228
15.0,0.5,C,15.770819453698,15.248538928744999,1.6434028067346995
15.0,0.5,C,15.780812791472,15.044451910103707,1.6474845471075257
15.0,0.5,C,15.790806129247,14.838525940791188,1.651603066493776
15.0,0.5,C,15.800799467022,14.63073752965435,1.6557588347165124
15.0,0.5,C,15.810792804797,14.421062746580496,1.65995233037799
15.0,0.5,C,15.820786142572,14.209477210957372,1.664184041090452
15.0,0.5,C,15.830779480346,13.995956079738518,1.668454463714829
15.0,0.5,C,15.840772818121,13.78047403499034,1.672764104609793
15.0,0.5,C,15.850766155896,13.563005271219046,1.6771134798852185
15.0,0.5,C,15.860759493671,13.34352348203863,1.6815031156688272
15.0,0.5,C,15.870752831446,13.12200184647472,1.6859335483801055
15.0,0.5,C,15.880746169221,12.89841301475842,1.6904053250144313
15.0,0.5,C,15.890739506995,12.672729093630801,1.6949190034369837
15.0,0.5,C,15.90073284477,12.444921631002611,1.6994751526895473
15.0,0.5,C,15.910726182545,12.214961600277192,1.704074353304056
15.0,0.5,C,15.92071952032,11.982819383871124,1.708717197632177
15.0,0.5,C,15.930712858095,11.748464756227571,1.7134042901850481
15.0,0.5,C,15.940706195869,11.51186686619899,1.71813624798562
15.0,0.5,C,15.950699533644,11.272994218637832,1.722913700936843
15.0,0.5,C,15.960692871419,11.031814655520717,1.7277372921991854
15.0,0.5,C,15.970686209194,10.788295336105227,1.732607678587495
15.0,0.5,C,15.980679546969,10.542402716428066,1.7375255309810385
15.0,0.5,C,15.990672884744,10.294102527972894,1.742491534750142
15.0,0.5,C,16.000666222518,10.04335975551029,1.7475063901993937
15.0,0.5,C,16.010659560293,9.790138613922815,1.7525708130311433
15.0,0.5,C,16.020652898068,9.53440252433926,1.7576855348228144
15.0,0.5,C,16.030646235843,9.276114089032708,1.7628513035289455
15.0,0.5,C,16.040639573618,9.015235065403987,1.76806888400152
15.0,0.5,C,16.050632911392,8.75172633887724,1.7733390585320548
15.0,0.5,C,16.060626249167,8.48554789450759,1.778662627419448
15.0,0.5,C,16.070619586942,8.216658787642132,1.7840404095567568
15.0,0.5,C,16.080612924717,7.945017113040491,1.7894732430487899
15.0,0.5,C,16.090606262492,7.670579972772351,1.7949619858541526
15.0,0.5,C,16.100599600266,7.393303442699628,1.8005075164556068
15.0,0.5,C,16.110592938041,7.113142537308049,1.8061107345634386
15.0,0.5,C,16.120586275816,6.830051173231637,1.8117725618449667
15.0,0.5,C,16.130579613591,6.54398213081798,1.81749394269324
15.0,0.5,C,16.140572951366,6.254887014052038,1.8232758450285589
15.0,0.5,C,16.150566289141,5.962716208569334,1.829119261138213
15.0,0.5,C,16.160559626915,5.667418837703722,1.8350252085555252
15.0,0.5,C,16.17055296469,5.368942716271584,1.8409947309841679
15.0,0.5,C,16.180546302465,5.067234302406881,1.847028899261462
15.0,0.5,C,16.19053964024,4.76223864671769,1.8531288123752456
15.0,0.5,C,16.200532978015,4.453899339059353,1.8592955985284125
15.0,0.5,C,16.210526315789,4.142158452618518,1.8655304162572293
15.0,0.5,C,16.220519653564,3.8269564849750806,1.8718344556100979
15.0,0.5,C,16.230512991339,3.5082322964288837,1.8782089393810222
15.0,0.5,C,16.240506329114,3.185923044765716,1.8846551244142855
15.0,0.5,C,16.250499666889,2.859964116711103,1.8911743029753778
15.0,0.5,C,16.260493004664,2.53028905565809,1.8977678041964379
15.0,0.5,C,16.270486342438,2.1968294854738692,1.9044369956001224
15.0,0.5,C,16.280479680213,1.8595150299197745,1.9111832847112042
15.0,0.5,C,16.290473017988,1.5182732278790887,1.9180081207520179
15.0,0.5,C,16.300466355763,1.173029443414018,1.9249129964413192
15.0,0.5,C,16.310459693538,0.8237067707993985,1.9318994498936117
15.0,0.5,C,16.320453031312,0.47022593398457757,1.9389690666299082
15.0,0.5,C,16.330446369087,0.1125051798976561,1.9461234817116466
15.0,0.5,C,16.340439706862,-0.24953983432781365,1.9533643819961561
15.0,0.5,C,16.350433044637,-0.615996161411391,1.9606935085378276
15.0,0.5,C,16.360426382412,-0.9869536912593534,1.9681126591347866
15.0,0.5,C,16.370419720187,-1.3625052863941676,1.9756236910374831
15.0,0.5,C,16.380413057961,-1.7427469260314334,1.9832285238302285
15.0,0.5,C,16.390406395736,-2.1277778597512462,1.9909291425046245
15.0,0.5,C,16.400399733511,-2.5177007709650376,1.9987276007289005
15.0,0.5,C,16.410393071286,-2.9126219517937275,2.0066260243454743
15.0,0.5,C,16.420386409061,-3.31265148972802,2.0146266151041603
15.0,0.5,C,16.430379746835,-3.717903467301057,2.0227316546556207
15.0,0.5,C,16.44037308461,-4.128496176122588,2.0309435088320513
15.0,0.5,C,16.450366422385,-4.544552345950017,2.0392646322286
15.0,0.5,C,16.46035976016,-4.966199391007689,2.0476975731297533
15.0,0.5,C,16.470353097935,-5.393569674525584,2.0562449788001116
15.0,0.5,C,16.48034643571,-5.826800793494187,2.0649096011794836
15.0,0.5,C,16.490339773484,-6.266035885488593,2.0736943030193715
15.0,0.5,C,16.500333111259,-6.711423960030421,2.0826020645102084
15.0,0.5,C,16.510326449034,-7.163120256253012,2.09163599043466
15.0,0.5,C,16.520319786809,-7.621286630518727,2.100799317919974
15.0,0.5,C,16.530313124584,-8.086091976399768,2.110095424837595
15.0,0.5,C,16.540306462358,-8.55771268075402,2.11952783892468
15.0,0.5,C,16.550299800133,-9.036333120061535,2.1291002477108303
15.0,0.5,C,16.560293137908,-9.522146200805924,2.138816509325718
15.0,0.5,C,16.570286475683,-10.015353949925633,2.148680664308112
15.0,0.5,C,16.580279813458,-10.516168160436143,2.1586969485183225
15.0,0.5,C,16.590273151233,-11.02481109914505,2.1688698072925003
15.0,0.5,C,16.600266489007,-11.541516283971422,2.179203910989028
15.0,0.5,C,16.610259826782,-12.066529339948445,2.1897041721085686
15.0,0.5,C,16.620253164557,-12.600108943245377,2.2003757641745074
15.0,0.5,C,16.630246502332,-13.142527865965397,2.211224142628908
15.0,0.5,C,16.640239840107,-13.694074134581017,2.22225506800122
15.0,0.5,C,16.650233177881,-14.255052318178539,2.2334746316731704
15.0,0.5,C,16.660226515656,-14.825784965451353,2.244889284618627
15.0,0.5,C,16.670219853431,-15.406614211576034,2.25650586954112
15.0,0.5,C,16.680213191206,-15.997903582070553,2.268331656951011
15.0,0.5,C,16.690206528981,-16.60004002368392,2.2803743857832783
15.0,0.5,C,16.700199866756,-17.213436199533902,2.2926423093002777
15.0,0.5,C,16.71019320453,-17.83853309268873,2.3051442471633745
15.0,0.5,C,16.720186542305,-18.475802972083798,2.3178896447512756
15.0,0.5,C,16.73017988008,-19.125752784890498,2.3308886410074097
15.0,0.5,C,16.740173217855,-19.788928056165307,2.3441521464329056
15.0,0.5,C,16.75016655563,-20.465917392906057,2.357691933167721
15.0,0.5,C,16.760159893404,-21.15735771452142,2.371520739600028
15.0,0.5,C,16.770153231179,-21.863940362393805,2.385652392557476
15.0,0.5,C,16.780146568954,-22.586418279773998,2.40010195090508
15.0,0.5,C,16.790139906729,-23.32561450843072,2.4148858754782143
15.0,0.5,C,16.800133244504,-24.08243231649219,2.4300222316394433
15.0,0.5,C,16.810126582278,-24.85786736855234,2.4455309326806467
15.0,0.5,C,16.820119920053,-25.65302247973219,2.4614340349042436
15.0,0.5,C,16.830113257828,-26.46912567551492,2.4777560988198983
15.0,0.5,C,16.840106595603,-27.30755253895384,2.4945246360886766
15.0,0.5,C,16.850099933378,-28.16985419454134,2.5117706692004265
15.0,0.5,C,16.860093271153,-29.057792824355577,2.5295294417967114
15.0,0.5,C,16.870086608927,-29.973387431117363,2.5478413339319466
15.0,0.5,C,16.880079946702,-30.918973828995057,2.566753061889501
15.0,0.5,C,16.890073284477,-31.89728485328712,2.5863192823753423
15.0,0.5,C,16.900066622252,-32.91156009281515,2.6066047871659026
15.0,0.5,C,16.910059960027,-33.96570010679594,2.627687587445519
15.0,0.5,C,16.920053297801,-35.06449023228596,2.649663389955319
15.0,0.5,C,16.930046635576,-36.213938295731715,2.672652351224234
15.0,0.5,C,16.940039973351,-37.4218094640443,2.696809774590486
15.0,0.5,C,16.950033311126,-38.69852735767209,2.7223441324630415
15.0,0.5,C,16.960026648901,-40.058822188771344,2.7495500290850265
15.0,0.5,C,16.970019986676,-41.52511330589658,2.7788758514275314
15.0,0.5,C,16.98001332445,-43.13578737955817,2.8110893329007633
15.0,0.5,C,16.990006662225,-44.97295820811318,2.847832749471863
15.0,0.5,C,17.0,-47.398519242865525,2.8963439701669107
15.0,0.5,Pd,17.0,-47.398519242865525,-6.759140074582726
15.0,0.5,Pd,17.005,-48.78161263686461,-6.689985404882772
15.0,0.5,Pd,17.01,-49.81453368478192,-6.6383393524869065
15.0,0.5,Pd,17.015,-50.77427515523549,-6.590352278964227
15.0,0.5,Pd,17.02,-51.62931534518991,-6.547600269466507
15.0,0.5,Pd,17.025,-52.45029145785617,-6.506551463833193
15.0,0.5,Pd,17.03,-53.20919011619989,-6.4686065309160075
15.0,0.5,Pd,17.035,-53.94563246166659,-6.431784413642673
15.0,0.5,Pd,17.04,-54.63814631781779,-6.397158720835113
15.0,0.5,Pd,17.045,-55.31384869197703,-6.363373602127151
15.0,0.5,Pd,17.05,-55.95572726773131,-6.331279673339436
15.0,0.5,Pd,17.055,-56.58412624268707,-6.299859724591649
15.0,0.5,Pd,17.06,-57.18516278408383,-6.269807897521811
15.0,0.5,Pd,17.065,-57.77490807931838,-6.240320632760084
15.0,0.5,Pd,17.07,-58.34179197877654,-6.211976437787175
15.0,0.5,Pd,17.075,-58.89892300618183,-6.184119886416911
15.0,0.5,Pd,17.08,-59.43651689577153,-6.157240191937426
15.0,0.5,Pd,17.085,-59.965491398148714,-6.130791466818566
15.0,0.5,Pd,17.09,-60.47749061179,-6.105191506136502
15.0,0.5,Pd,17.095,-60.98173479630699,-6.079979296910653
15.0,0.5,Pd,17.1,-61.47104290262602,-6.0555138915947015
15.0,0.5,Pd,17.105,-61.95327260259819,-6.031402406596093
15.0,0.5,Pd,17.11,-62.42223117877787,-6.007954477787108
15.0,0.5,Pd,17.115,-62.88465205724292,-5.984833433863857
15.0,0.5,Pd,17.12,-63.335189256186226,-5.962306573916691
15.0,0.5,Pd,17.125,-63.779628149051746,-5.940084629273415
15.0,0.5,Pd,17.13,-64.21335906437173,-5.918398083507416
15.0,0.5,Pd,17.135,-64.64135375141744,-5.8969983491551305
15.0,0.5,Pd,17.14,-65.0596506839698,-5.8760835025275115
15.0,0.5,Pd,17.145,-65.47251334369949,-5.855440369541028
15.0,0.5,Pd,17.15,-65.87655647752057,-5.835238212849974
15.0,0.5,Pd,17.155,-66.27541981857644,-5.81529504579718
15.0,0.5,Pd,17.16,-66.66623469585292,-5.795754301933356
15.0,0.5,Pd,17.165,-67.05208630367306,-5.776461721542349
15.0,0.5,Pd,17.17,-67.430572138845,-5.757537429783753
15.0,0.5,Pd,17.175,-67.80428057763291,-5.738852007844357
15.0,0.5,Pd,17.18,-68.17123205151981,-5.720504434150012
15.0,0.5,Pd,17.185,-68.53356705700892,-5.702387683875556
15.0,0.5,Pd,17.19,-68.88969136744602,-5.684581468353701
15.0,0.5,Pd,17.195,-69.24133971413438,-5.666999051019283
15.0,0.5,Pd,17.2,-69.58727010839479,-5.649702531306263
15.0,0.5,Pd,17.205,-69.92884825121548,-5.6326236241652285
15.0,0.5,Pd,17.21,-70.26515490410702,-5.6158082915206515
15.0,0.5,Pd,17.215,-70.59721917487703,-5.599205077982151
15.0,0.5,Pd,17.22,-70.92441803359853,-5.5828451350460755
15.0,0.5,Pd,17.225,-71.24747295638102,-5.566692388906951
15.0,0.5,Pd,17.23,-71.56603300652223,-5.550764386399891
15.0,0.5,Pd,17.235,-71.88053814664251,-5.535039129393877
15.0,0.5,Pd,17.24,-72.19088743698252,-5.519521664876876
15.0,0.5,Pd,17.245,-72.4972630933036,-5.504202882060822
15.0,0.5,Pd,17.25,-72.79979377392317,-5.489076348029844
15.0,0.5,Pd,17.255,-73.09842574865336,-5.474144749293335
15.0,0.5,Pd,17.26,-73.39349831665459,-5.459391120893272
15.0,0.5,Pd,17.265,-73.68474194224446,-5.444828939613779
15.0,0.5,Pd,17.27,-73.97268884518382,-5.430431594466811
15.0,0.5,Pd,17.275,-74.25687240745782,-5.416222416353111
15.0,0.5,Pd,17.28,-74.53800112169073,-5.402165980641467
15.0,0.5,Pd,17.285,-74.81542878822277,-5.388294597314864
15.0,0.5,Pd,17.29,-75.09002446457417,-5.374564813497294
15.0,0.5,Pd,17.295,-75.36097880450122,-5.361017096500942
15.0,0.5,Pd,17.3,-75.62930655481979,-5.347600708985013
15.0,0.5,Pd,17.305,-75.89405071888325,-5.33436350078184
15.0,0.5,Pd,17.31,-76.1563576024912,-5.321248156601442
15.0,0.5,Pd,17.315,-76.41513721865022,-5.308309175793491
15.0,0.5,Pd,17.32,-76.67165397643456,-5.295483337904275
15.0,0.5,Pd,17.325,-76.92469880590818,-5.282831096430594
15.0,0.5,Pd,17.33,-77.17564138095499,-5.270283967678253
15.0,0.5,Pd,17.335,-77.42316677133978,-5.257907698159013
15.0,0.5,Pd,17.34,-77.66873764801205,-5.2456291543254
15.0,0.5,Pd,17.345,-77.91094581358631,-5.233518746046687
15.0,0.5,Pd,17.35,-78.15133520139028,-5.2214992766564885
15.0,0.5,Pd,17.355,-78.38841635552485,-5.20964521894976
15.0,0.5,Pd,17.36,-78.62380323964194,-5.1978758747439056
15.0,0.5,Pd,17.365,-78.8559366000343,-5.186269206724288
15.0,0.5,Pd,17.37,-79.08648967678711,-5.174741552886647
15.0,0.5,Pd,17.375,-79.313844360873,-5.163373818682352
15.0,0.5,Pd,17.38,-79.5397228734652,-5.1520798930527425
15.0,0.5,Pd,17.385,-79.76245869858815,-5.140943101796594
15.0,0.5,Pd,17.39,-79.98381318605878,-5.129875377423064
15.0,0.5,Pd,17.395,-80.2020813867178,-5.1189619673901126
15.0,0.5,Pd,17.4,-80.41905435708603,-5.108113318871701
15.0,0.5,Pd,17.405,-80.63299822973883,-5.097416125239061
15.0,0.5,Pd,17.41,-80.84572476667802,-5.086779798392102
15.0,0.5,Pd,17.415,-81.0554802510099,-5.076292024175507
15.0,0.5,Pd,17.42,-81.264088562036,-5.0658616086242025
15.0,0.5,Pd,17.425,-81.46978476635266,-5.055576798408369
15.0,0.5,Pd,17.43,-81.67439667939611,-5.045346202756197
15.0,0.5,Pd,17.435,-81.87615635668762,-5.035258218891622
15.0,0.5,Pd,17.44,-82.07688777094867,-5.025221648178569
15.0,0.5,Pd,17.445,-82.2748277513152,-5.015324649160243
15.0,0.5,Pd,17.45,-82.47178904752084,-5.00547658434996
15.0,0.5,Pd,17.455,-82.66602063185505,-4.99576500513325
15.0,0.5,Pd,17.46,-82.85931704635385,-4.9861001844083095
15.0,0.5,Pd,17.465,-83.04994636554319,-4.976568718448843
15.0,0.5,Pd,17.47,-83.23967833210263,-4.967082120120871
15.0,0.5,Pd,17.475,-83.42680667547754,-4.957725702952125
15.0,0.5,Pd,17.48,-83.6130701381566,-4.948412529818173
15.0,0.5,Pd,17.485,-83.79679425442475,-4.939226324004765
15.0,0.5,Pd,17.49,-83.97968095448685,-4.93008198900166
15.0,0.5,Pd,17.495,-84.16009332800728,-4.9210613703256385
15.0,0.5,Pd,17.5,-84.33969106746271,-4.912081483352867
15.0,0.5,Pd,17.505,-84.51688017236481,-4.903222028107762
15.0,0.5,Pd,17.51,-84.69327305644148,-4.894402383903928
15.0,0.5,Pd,17.515,-84.86732359079389,-4.8856998571863075
15.0,0.5,Pd,17.52,-85.04059225136044,-4.877036424157981
15.0,0.5,Pd,17.525,-85.21158535334244,-4.8684867690588804
15.0,0.5,Pd,17.53,-85.3818071550714,-4.859975678972432
15.0,0.5,Pd,17.535,-85.5498206028776,-4.851575006582122
15.0,0.5,Pd,17.54,-85.71706983375077,-4.8432125450384635
15.0,0.5,Pd,17.545,-85.88217823076168,-4.834957125187919
15.0,0.5,Pd,17.55,-86.04652627832412,-4.826739722809796
15.0,0.5,Pd,17.555,-86.20880122490746,-4.8186259754806295
15.0,0.5,Pd,17.56,-86.37031673955003,-4.8105501997485005
15.0,0.5,Pd,17.565,-86.52982699271487,-4.802574687090258
15.0,0.5,Pd,17.57,-86.6885760391031,-4.794637234770847
15.0,0.5,Pd,17.575,-86.8453876610891,-4.786796653671547
15.0,0.5,Pd,17.58,-87.00143385876828,-4.778994343787589
15.0,0.5,Pd,17.585,-87.1556103555464,-4.771285518948682
15.0,0.5,Pd,17.59,-87.30901500962531,-4.763615286244736
15.0,0.5,Pd,17.595,-87.46061746018368,-4.756035163716818
15.0,0.5,Pd,17.6,-87.61143968291779,-4.748494052580113
15.0,0.5,Pd,17.605,-87.76052686011899,-4.741039693720054
15.0,0.5,Pd,17.61,-87.9088236841413,-4.733624852518938
15.0,0.5,Pd,17.615,-88.05545216784813,-4.726293428333596
15.0,0.5,Pd,17.62,-88.20127865171348,-4.719002104140328
15.0,0.5,Pd,17.625,-88.3455029348326,-4.711790889984373
15.0,0.5,Pd,17.63,-88.48891226147798,-4.704620423652103
15.0,0.5,Pd,17.635,-88.63078484948068,-4.697526794251969
15.0,0.5,Pd,17.64,-88.77182841816301,-4.690474615817852
15.0,0.5,Pd,17.645,-88.91139992261355,-4.683496040595324
15.0,0.5,Pd,17.65,-89.05012743481107,-4.676559664985449
15.0,0.5,Pd,17.655,-89.18744666136575,-4.669693703657715
15.0,0.5,Pd,17.66,-89.32390620111543,-4.6628707266702305
15.0,0.5,Pd,17.665,-89.45902023241537,-4.656115025105234
15.0,0.5,Pd,17.67,-89.59325834148815,-4.649403119651595
15.0,0.5,Pd,17.675,-89.72621261533949,-4.642755405959028
15.0,0.5,Pd,17.68,-89.85827436364029,-4.636152318543988
15.0,0.5,Pd,17.685,-89.98911274682368,-4.629610399384818
15.0,0.5,Pd,17.69,-90.11904179836675,-4.623113946807664
15.0,0.5,Pd,17.695,-90.24780665640091,-4.616675703905957
15.0,0.5,Pd,17.7,-90.37564533117383,-4.610283770167311
15.0,0.5,Pd,17.705,-90.5023775943158,-4.603947157010213
15.0,0.5,Pd,17.71,-90.6281669263296,-4.597657690409522
15.0,0.5,Pd,17.715,-90.75290615208597,-4.591420729121705
15.0,0.5,Pd,17.72,-90.87668594387954,-4.585231739532025
15.0,0.5,Pd,17.725,-90.99947037625836,-4.579092517913084
15.0,0.5,Pd,17.73,-91.12127925010694,-4.573002074220655
15.0,0.5,Pd,17.735,-91.24214587584022,-4.566958742933991
15.0,0.5,Pd,17.74,-91.3620213218954,-4.5609649706312325
15.0,0.5,Pd,17.745,-91.48100592382526,-4.5550157405347385
15.0,0.5,Pd,17.75,-91.59898434540018,-4.5491168194559926
15.0,0.5,Pd,17.755,-91.7161215532173,-4.5432599590651375
15.0,0.5,Pd,17.76,-91.83223830941382,-4.537454121255311
15.0,0.5,Pd,17.765,-91.94756164791367,-4.531687954330319
15.0,0.5,Pd,17.77,-92.06185109376926,-4.525973482037539
15.0,0.5,Pd,17.775,-92.17539302878502,-4.520296385286751
15.0,0.5,Pd,17.78,-92.28788855311093,-4.514671609070456
15.0,0.5,Pd,17.785,-92.39968053525699,-4.509082009963153
15.0,0.5,Pd,17.79,-92.51041459632359,-4.503545306909823
15.0,0.5,Pd,17.795,-92.6204871026852,-4.498041681591742
15.0,0.5,Pd,17.8,-92.72949126190144,-4.49259147363093
15.0,0.5,Pd,17.805,-92.83787383578947,-4.487172344936529
15.0,0.5,Pd,17.81,-92.94517878950467,-4.481807097250769
15.0,0.5,Pd,17.815,-93.05190007838269,-4.476471032806868
15.0,0.5,Pd,17.82,-93.1575356879455,-4.4711892523287275
15.0,0.5,Pd,17.825,-93.26262347963169,-4.465934862744418
15.0,0.5,Pd,17.83,-93.36661879981737,-4.460735096735133
15.0,0.5,Pd,17.835,-93.47010005705653,-4.455561033873176
15.0,0.5,Pd,17.84,-93.5724833629766,-4.4504418685771725
15.0,0.5,Pd,17.845,-93.67438425646057,-4.445346823902973
15.0,0.5,Pd,17.85,-93.77518306904967,-4.440306883273518
15.0,0.5,Pd,17.855,-93.8755290089806,-4.435289586276972
15.0,0.5,Pd,17.86,-93.9747701191641,-4.430327530767797
15.0,0.5,Pd,17.865,-94.07358578541287,-4.4253867474553585
15.0,0.5,Pd,17.87,-94.17129527703979,-4.420501272874013
15.0,0.5,Pd,17.875,-94.26860464799005,-4.4156358043265005
15.0,0.5,Pd,17.88,-94.3648079196145,-4.410825640745277
15.0,0.5,Pd,17.885,-94.46063429973843,-4.406034321739081
15.0,0.5,Pd,17.89,-94.5553560853274,-4.401298232459632
15.0,0.5,Pd,17.895,-94.64972213156024,-4.396579930147991
15.0,0.5,Pd,17.9,-94.74298652020444,-4.391916710715781
15.0,0.5,Pd,17.905,-94.8359142671693,-4.387270323367538
15.0,0.5,Pd,17.91,-94.92774472185809,-4.382678800633098
15.0,0.5,Pd,17.915,-95.01925560599624,-4.378103256426191
15.0,0.5,Pd,17.92,-95.1096749815261,-4.373582287649698
15.0,0.5,Pd,17.925,-95.1997898641723,-4.369076543517387
15.0,0.5,Pd,17.93,-95.28882042424534,-4.364625015513735
15.0,0.5,Pd,17.935,-95.3775596137006,-4.360188056040973
15.0,0.5,Pd,17.94,-95.4652230472721,-4.3558048843623975
15.0,0.5,Pd,17.945,-95.55260631991268,-4.351435720730368
15.0,0.5,Pd,17.95,-95.63892375683126,-4.347119848884439
15.0,0.5,Pd,17.955,-95.72497037728895,-4.342817517861555
15.0,0.5,Pd,17.96,-95.80996240329135,-4.338567916561434
15.0,0.5,Pd,17.965,-95.8946911437514,-4.334331479538432
15.0,0.5,Pd,17.97,-95.97837781484242,-4.330147145983881
15.0,0.5,Pd,17.975,-96.06180697348313,-4.325975688051846
15.0,0.5,Pd,17.98,-96.14420782975769,-4.321855645238118
15.0,0.5,Pd,17.985,-96.2263552483715,-4.317748274307427
15.0,0.5,Pd,17.99,-96.30748932730378,-4.313691570360813
15.0,0.5,Pd,17.995,-96.38837240812859,-4.309647416319573
15.0,0.5,Pd,18.0,-96.46825825737659,-4.305653123857173
15.0,0.5,Pd,18.005,-96.54789397916898,-4.301671337767553
15.0,0.5,Pd,18.01,-96.62654966892225,-4.297738553279889
15.0,0.5,Pd,18.015,-96.70495460229814,-4.293818306611095
15.0,0.5,Pd,18.02,-96.78239773720158,-4.289946149865923
15.0,0.5,Pd,18.025,-96.85958805927194,-4.286086633762405
15.0,0.5,Pd,18.03,-96.93583578996058,-4.282274247227973
15.0,0.5,Pd,18.035,-97.01182729828902,-4.278474671811551
15.0,0.5,Pd,18.04,-97.08689633254899,-4.274721220098552
15.0,0.5,Pd,18.045,-97.16170445845617,-4.2709808138031935
15.0,0.5,Pd,18.05,-97.23561107204884,-4.26728548312356
15.0,0.5,Pd,18.055,-97.30925089328787,-4.263603492061609
15.0,0.5,Pd,18.06,-97.38201094045841,-4.259965489703082
15.0,0.5,Pd,18.065,-97.45449719327839,-4.256341177062083
15.0,0.5,Pd,18.07,-97.52612611696254,-4.252759730877875
15.0,0.5,Pd,18.075,-97.59747320759392,-4.249192376346307
15.0,0.5,Pd,18.08,-97.66798604935205,-4.2456667342584
15.0,0.5,Pd,18.085,-97.7382080649246,-4.242155633479772
15.0,0.5,Pd,18.09,-97.80761947461485,-4.238685062995259
15.0,0.5,Pd,18.095,-97.87673019353342,-4.235229527049332
15.0,0.5,Pd,18.1,-97.94505443874738,-4.231813314788633
15.0,0.5,Pd,18.105,-98.01306734054643,-4.228412669698681
15.0,0.5,Pd,18.11,-98.08031831581177,-4.225050120935414
15.0,0.5,Pd,18.115,-98.1472465905077,-4.221703707200617
15.0,0.5,Pd,18.12,-98.21343782628237,-4.218394145411883
15.0,0.5,Pd,18.125,-98.27929438324139,-4.215101317563933
15.0,0.5,Pd,18.13,-98.3444390547059,-4.211844083990708
15.0,0.5,Pd,18.135,-98.40923653104802,-4.208604210173601
15.0,0.5,Pd,18.14,-98.47334746670897,-4.205398663390554
15.0,0.5,Pd,18.145,-98.53709823526512,-4.202211124962747
15.0,0.5,Pd,18.15,-98.6001879253775,-4.199056640457127
15.0,0.5,Pd,18.155,-98.66290410221967,-4.195920831615019
15.0,0.5,Pd,18.16,-98.72498470704149,-4.192816801373929
15.0,0.5,Pd,18.165,-98.78667815860037,-4.189732128795984
15.0,0.5,Pd,18.17,-98.84776151648276,-4.186677960901864
15.0,0.5,Pd,18.175,-98.9084438662722,-4.183643843412392
15.0,0.5,Pd,18.18,-98.96854150159483,-4.180638961646261
15.0,0.5,Pd,18.185,-99.02822413656114,-4.1776548298979455
15.0,0.5,Pd,18.19,-99.08734726751887,-4.1746986733500595
15.0,0.5,Pd,18.195,-99.14604134402678,-4.1717639695246636
15.0,0.5,Pd,18.2,-99.20420089027141,-4.168855992212432
15.0,0.5,Pd,18.205,-99.26191733974902,-4.165970169738552
15.0,0.5,Pd,18.21,-99.3191239298918,-4.163109840231413
15.0,0.5,Pd,18.215,-99.37587346414288,-4.1602723635188585
15.0,0.5,Pd,18.22,-99.43213744312372,-4.157459164569817
15.0,0.5,Pd,18.225,-99.48793055932975,-4.154669508759515
15.0,0.5,Pd,18.23,-99.54326199565108,-4.151902936943448
15.0,0.5,Pd,18.235,-99.59810898107752,-4.149160587672126
15.0,0.5,Pd,18.24,-99.65251767390792,-4.146440153030606
15.0,0.5,Pd,18.245,-99.70642861032182,-4.1437446062099115
15.0,0.5,Pd,18.25,-99.75992409647623,-4.141069831902191
15.0,0.5,Pd,18.255,-99.81290886430156,-4.138420593510924
15.0,0.5,Pd,18.26,-99.86550042509127,-4.1357910154714395
15.0,0.5,Pd,18.265,-99.91756870730494,-4.133187601360755
15.0,0.5,Pd,18.27,-99.96926537526264,-4.13060276796287
15.0,0.5,Pd,18.275,-100.02042666105307,-4.128044703673349
15.0,0.5,Pd,18.28,-100.07123722653712,-4.125504175399146
15.0,0.5,Pd,18.285,-100.121500814736,-4.122990995989203
15.0,0.5,Pd,18.29,-100.1714338324074,-4.120494345105633
15.0,0.5,Pd,18.295,-100.22080883470531,-4.118025594990737
15.0,0.5,Pd,18.3,-100.26987262988246,-4.115572405231879
15.0,0.5,Pd,18.305,-100.318367973846,-4.113147638033703
15.0,0.5,Pd,18.31,-100.36657064873442,-4.110737504289281
15.0,0.5,Pd,18.315,-100.4141950806359,-4.108356282694206
15.0,0.5,Pd,18.32,-100.46154452043359,-4.105988810704323
15.0,0.5,Pd,18.325,-100.50830660790152,-4.103650706330927
15.0,0.5,Pd,18.33,-100.55481048678038,-4.101325512386983
15.0,0.5,Pd,18.335,-100.60071862129027,-4.099030105661488
15.0,0.5,Pd,18.34,-100.64638440824929,-4.096746816313538
15.0,0.5,Pd,18.345,-100.69144680745609,-4.094493696353198
15.0,0.5,Pd,18.35,-100.73628177204981,-4.092251948123512
15.0,0.5,Pd,18.355,-100.78050648198308,-4.090040712626848
15.0,0.5,Pd,18.36,-100.8245176999214,-4.0878401517299325
15.0,0.5,Pd,18.365,-100.86791259704778,-4.085670406873613
15.0,0.5,Pd,18.37,-100.91110695566682,-4.083510688942662
15.0,0.5,Pd,18.375,-100.9536797488312,-4.081382049284442
15.0,0.5,Pd,18.38,-100.99606395243413,-4.079262839104296
15.0,0.5,Pd,18.385,-101.03782218469159,-4.077174927491423
15.0,0.5,Pd,18.39,-101.07940275975719,-4.075095898738143
15.0,0.5,Pd,18.395,-101.12035381010182,-4.0730483462209115
15.0,0.5,Pd,18.4,-101.16113711036357,-4.071009181207824
15.0,0.5,Pd,18.405,-101.20128819536733,-4.069001626957636
15.0,0.5,Pd,18.41,-101.24128040675456,-4.067002016388275
15.0,0.5,Pd,18.415,-101.28063858211934,-4.065034107620036
15.0,0.5,Pd,18.42,-101.31984572756991,-4.063073750347507
15.0,0.5,Pd,18.425,-101.35841788960848,-4.061145142245579
15.0,0.5,Pd,18.43,-101.39684583373996,-4.059223745039004
15.0,0.5,Pd,18.435,-101.43463872078661,-4.057334100686672
15.0,0.5,Pd,18.44,-101.47229317443575,-4.055451378004215
15.0,0.5,Pd,18.445,-101.50931336819828,-4.053600368316088
15.0,0.5,Pd,18.45,-101.54619989282165,-4.05175604208492
15.0,0.5,Pd,18.455,-101.58245381968156,-4.049943345741925
15.0,0.5,Pd,18.46,-101.61857783161854,-4.048137145145075
15.0,0.5,Pd,18.465,-101.65407176388442,-4.046362448531782
15.0,0.5,Pd,18.47,-101.6894385384818,-4.0445941098019125
15.0,0.5,Pd,18.475,-101.72417859560231,-4.0428571069458865
15.0,0.5,Pd,18.48,-101.75879327120222,-4.041126373165891
15.0,0.5,Pd,18.485,-101.79278542094767,-4.039426765678619
15.0,0.5,Pd,18.49,-101.82665300273432,-4.037733386589286
15.0,0.5,Pd,18.495,-101.85990306234946,-4.036070883608529
15.0,0.5,Pd,18.5,-101.89302842605767,-4.034414615423119
15.0,0.5,Pd,18.505,-101.92554206339042,-4.032788933556481
15.0,0.5,Pd,18.51,-101.95792995887741,-4.031169538782132
15.0,0.5,Pd,18.515,-101.98971269348952,-4.0295804020515265
15.0,0.5,Pd,18.52,-102.02136774816547,-4.0279976493177285
15.0,0.5,Pd,18.525,-102.0524249524308,-4.026444789104462
15.0,0.5,Pd,18.53,-102.08335167455334,-4.024898452998335
15.0,0.5,Pd,18.535,-102.11368857474669,-4.023381607988668
15.0,0.5,Pd,18.54,-102.14389135657586,-4.021871468897209
15.0,0.5,Pd,18.545,-102.17351303395264,-4.02039038502837
15.0,0.5,Pd,18.55,-102.20299615477138,-4.018916228987433
15.0,0.5,Pd,18.555,-102.23190754664743,-4.017470659393631
15.0,0.5,Pd,18.56,-102.26067517564492,-4.016032277943756
15.0,0.5,Pd,18.565,-102.28888107647633,-4.014621982902186
15.0,0.5,Pd,18.57,-102.31693727549626,-4.01321917295119
15.0,0.5,Pd,18.575,-102.34444233796066,-4.01184391982797
15.0,0.5,Pd,18.58,-102.37179106411573,-4.010476483520216
15.0,0.5,Pd,18.585,-102.39859980020142,-4.009136046715931
15.0,0.5,Pd,18.59,-102.42524490835764,-4.00780379130812
15.0,0.5,Pd,18.595,-102.45136169045514,-4.006497952203246
15.0,0.5,Pd,18.6,-102.47730693558232,-4.005200689946886
15.0,0.5,Pd,18.605,-102.50273599759221,-4.003929236846392
15.0,0.5,Pd,18.61,-102.52798503698887,-4.002666784876559
15.0,0.5,Pd,18.615,-102.55273047543271,-4.001429512954367
15.0,0.5,Pd,18.62,-102.57728687081858,-4.000201693185073
15.0,0.5,Pd,18.625,-102.60135264596784,-3.9989984044276103
15.0,0.5,Pd,18.63,-102.62521986545708,-3.9978050434531482
15.0,0.5,Pd,18.635,-102.64860980247143,-3.9966355466024313
15.0,0.5,Pd,18.64,-102.67179122241801,-3.9954764756051016
15.0,0.5,Pd,18.645,-102.69450901249625,-3.9943405861011896
15.0,0.5,Pd,18.65,-102.71700791922021,-3.993215640764992
15.0,0.5,Pd,18.655,-102.73905712076757,-3.9921131806876238
15.0,0.5,Pd,18.66,-102.7608767121623,-3.9910222011178873
15.0,0.5,Pd,18.665,-102.78226075197149,-3.989952999127428
15.0,0.5,Pd,18.67,-102.80340413899191,-3.9888958297764074
15.0,0.5,Pd,18.675,-102.82412631343819,-3.987859721054093
15.0,0.5,Pd,18.68,-102.84459652147757,-3.986836210652124
15.0,0.5,Pd,18.685,-102.86465999772668,-3.9858330368396686
15.0,0.5,Pd,18.69,-102.88445996788246,-3.984843038331879
15.0,0.5,Pd,18.695,-102.90386778511392,-3.9838726474703066
15.0,0.5,Pd,18.7,-102.92300037533988,-3.982916017959008
15.0,0.5,Pd,18.705,-102.94175544598393,-3.981978264426806
15.0,0.5,Pd,18.71,-102.9602234321403,-3.9810548651189874
15.0,0.5,Pd,18.715,-102.97832854312642,-3.980149609569681
15.0,0.5,Pd,18.72,-102.9961346199235,-3.979259305729828
15.0,0.5,Pd,18.725,-103.01359243394343,-3.9783864150288313
15.0,0.5,Pd,18.73,-103.0307392157854,-3.9775290759367325
15.0,0.5,Pd,18.735,-103.04755227256365,-3.9766884230978197
15.0,0.5,Pd,18.74,-103.06404229429344,-3.97586392201133
15.0,0.5,Pd,18.745,-103.08021301187215,-3.975055386132395
15.0,0.5,Pd,18.75,-103.09604872941924,-3.97426360025504
15.0,0.5,Pd,18.755,-103.11157940545118,-3.973487066453443
15.0,0.5,Pd,18.76,-103.12676319638881,-3.9727278769065624
15.0,0.5,Pd,18.765,-103.14165600943528,-3.971983236254238
15.0,0.5,Pd,18.77,-103.15619017344697,-3.9712565280536536
15.0,0.5,Pd,18.775,-103.17044718428708,-3.9705436775116483
15.0,0.5,Pd,18.78,-103.18433394354196,-3.9698493395489045
15.0,0.5,Pd,18.785,-103.19795709648764,-3.9691681819016202
15.0,0.5,Pd,18.79,-103.21119859593551,-3.968506106929227
15.0,0.5,Pd,18.795,-103.22418972014717,-3.967856550718644
15.0,0.5,Pd,18.8,-103.23678802773038,-3.9672266353394834
15.0,0.5,Pd,18.805,-103.2491488385363,-3.9666085947991876
15.0,0.5,Pd,18.81,-103.26110594532163,-3.9660107394599207
15.0,0.5,Pd,18.815,-103.27283804554203,-3.9654241344489005
15.0,0.5,Pd,18.82,-103.28415586577437,-3.9648582434372837
15.0,0.5,Pd,18.825,-103.29526074704329,-3.964302999373838
15.0,0.5,Pd,18.83,-103.30594111812835,-3.9637689808195855
15.0,0.5,Pd,18.835,-103.31642016221224,-3.9632450286153906
15.0,0.5,Pd,18.84,-103.32646484462605,-3.9627427944947002
15.0,0.5,Pd,18.845,-103.33631932474356,-3.962250070488824
15.0,0.5,Pd,18.85,-103.34573000187234,-3.961779536632385
15.0,0.5,Pd,18.855,-103.35496108400598,-3.9613179825257037
15.0,0.5,Pd,18.86,-103.36373936192096,-3.9608790686299544
15.0,0.5,Pd,18.865,-103.37234810612424,-3.9604486314197906
15.0,0.5,Pd,18.87,-103.38049551329141,-3.960041261061432
15.0,0.5,Pd,18.875,-103.3884828749884,-3.959641892976583
15.0,0.5,Pd,18.88,-103.39600086191668,-3.9592659936301686
15.0,0.5,Pd,18.885,-103.40336769319056,-3.9588976520664745
15.0,0.5,Pd,18.89,-103.41025763202305,-3.95855315512485
15.0,0.5,Pd,18.895,-103.4170046828968,-3.9582158025811625
15.0,0.5,Pd,18.9,-103.42326786693957,-3.9579026433790236
15.0,0.5,Pd,18.905,-103.42939578664188,-3.957596247393909
15.0,0.5,Pd,18.91,-103.43503342984381,-3.957314365233812
15.0,0.5,Pd,18.915,-103.44054276806052,-3.957038898322976
15.0,0.5,Pd,18.92,-103.44555600443807,-3.956788236504099
15.0,0.5,Pd,18.925,-103.4504472125518,-3.9565436760984127
15.0,0.5,Pd,18.93,-103.4548370955613,-3.956324181947937
15.0,0.5,Pd,18.935,-103.45911052786849,-3.9561105103325778
15.0,0.5,Pd,18.94,-103.46287802973417,-3.955922135239294
15.0,0.5,Pd,18.945,-103.46653394464741,-3.9557393394936318
15.0,0.5,Pd,18.95,-103.46967995563975,-3.9555820389440153
15.0,0.5,Pd,18.955,-103.47271851686882,-3.9554301108825616
15.0,0.5,Pd,18.96,-103.47524384453935,-3.955303844499035
15.0,0.5,Pd,18.965,-103.47766512224898,-3.955182780613553
15.0,0.5,Pd,18.97,-103.47957049062353,-3.9550875121948255
15.0,0.5,Pd,18.975,-103.48137446256924,-3.9549973135975405
15.0,0.5,Pd,18.98,-103.48266051129814,-3.9549330111610956
15.0,0.5,Pd,18.985,-103.48384706393553,-3.954873683529226
15.0,0.5,Pd,18.99,-103.48451434740933,-3.9548403193555357
15.0,0.5,Pd,18.995,-103.4850832769776,-3.9548118728771224
15.0,0.5,Pd,19.0,-103.48513226340057,-3.954809423555974
