L_support_nm,pzc_support_V,material,x_nm,phi_RP_mV,sigma_uC_per_cm2
15.0,0.9,Au,0.0,-215.43711429102808,-5.704265467482456
15.0,0.9,Au,0.005,-215.4371308693052,-5.704264638568598
15.0,0.9,Au,0.01,-215.4368116257784,-5.704280600744939
15.0,0.9,Au,0.015,-215.43652517088566,-5.704294923489576
15.0,0.9,Au,0.02,-215.43590358669192,-5.704326002699263
15.0,0.9,Au,0.025,-215.43531368866795,-5.704355497600462
15.0,0.9,Au,0.03,-215.4343900437404,-5.704401679846839
15.0,0.9,Au,0.035,-215.43349625185704,-5.7044463694410075
15.0,0.9,Au,0.04,-215.4322707801615,-5.704507643025784
15.0,0.9,Au,0.045,-215.43107260417733,-5.704567551824994
15.0,0.9,Au,0.05,-215.42954549238544,-5.704643907414588
15.0,0.9,Au,0.055,-215.42804240377154,-5.7047190618452825
15.0,0.9,Au,0.06,-215.42621378993175,-5.704810492537272
15.0,0.9,Au,0.065,-215.42440522306245,-5.704900920880737
15.0,0.9,Au,0.07,-215.4222751952765,-5.705007422270033
15.0,0.9,Au,0.075,-215.42016054858777,-5.70511315460447
15.0,0.9,Au,0.08,-215.41772914369224,-5.705234724849246
15.0,0.9,Au,0.085,-215.41530778079374,-5.7053557929941725
15.0,0.9,Au,0.09,-215.41257498305328,-5.705492432881195
15.0,0.9,Au,0.095,-215.40984623379956,-5.705628870343881
15.0,0.9,Au,0.1,-215.40681197361576,-5.705780583353072
15.0,0.9,Au,0.105,-215.40377513512428,-5.705932425277646
15.0,0.9,Au,0.11,-215.40043928776353,-5.706099217645683
15.0,0.9,Au,0.115,-215.397093625383,-5.706266500764709
15.0,0.9,Au,0.12,-215.3934560097262,-5.706448381547549
15.0,0.9,Au,0.125,-215.3898007579451,-5.706631144136605
15.0,0.9,Au,0.13,-215.38586113526603,-5.706828125270558
15.0,0.9,Au,0.135,-215.3818954985577,-5.707026407105975
15.0,0.9,Au,0.14,-215.37765357132986,-5.707238503467367
15.0,0.9,Au,0.145,-215.37337672493814,-5.707452345786952
15.0,0.9,Au,0.15,-215.3688321356749,-5.707679575250115
15.0,0.9,Au,0.155,-215.3642432263266,-5.707909020717529
15.0,0.9,Au,0.16,-215.35939555645854,-5.708151404210933
15.0,0.9,Au,0.165,-215.35449370300472,-5.708396496883624
15.0,0.9,Au,0.17,-215.34934247179697,-5.7086540584440115
15.0,0.9,Au,0.175,-215.34412676578128,-5.708914843744795
15.0,0.9,Au,0.18,-215.33867142929202,-5.709187610569258
15.0,0.9,Au,0.185,-215.33314093543785,-5.7094641352619675
15.0,0.9,Au,0.19,-215.3273808855209,-5.709752137757813
15.0,0.9,Au,0.195,-215.32153464213891,-5.710044449926914
15.0,0.9,Au,0.2,-215.31546920549872,-5.710347721758923
15.0,0.9,Au,0.205,-215.309306224809,-5.710655870793409
15.0,0.9,Au,0.21,-215.30293466209574,-5.710974448929072
15.0,0.9,Au,0.215,-215.29645393046712,-5.711298485510503
15.0,0.9,Au,0.22,-215.2897754354327,-5.711632410262226
15.0,0.9,Au,0.225,-215.2829759135283,-5.711972386357445
15.0,0.9,Au,0.23,-215.27598961222816,-5.712321701422452
15.0,0.9,Au,0.235,-215.26887023506515,-5.712677670280601
15.0,0.9,Au,0.24,-215.26157518511627,-5.713042422778046
15.0,0.9,Au,0.245,-215.2541348620307,-5.713414438932325
15.0,0.9,Au,0.25,-215.24653005192872,-5.713794679437425
15.0,0.9,Au,0.255,-215.2387676664442,-5.714182798711649
15.0,0.9,Au,0.26,-215.23085201492998,-5.714578581287361
15.0,0.9,Au,0.265,-215.2227664245345,-5.714982860807134
15.0,0.9,Au,0.27,-215.21453878002384,-5.715394243032668
15.0,0.9,Au,0.275,-215.20612881584876,-5.715814741241422
15.0,0.9,Au,0.28,-215.19758795591468,-5.716241784238125
15.0,0.9,Au,0.285,-215.1888524223138,-5.716678560918169
15.0,0.9,Au,0.29,-215.17999705322782,-5.7171213293724685
15.0,0.9,Au,0.295,-215.17093472726256,-5.717574445670731
15.0,0.9,Au,0.3,-215.16176348359346,-5.718033007854187
15.0,0.9,Au,0.305,-215.1523731144141,-5.718502526313155
15.0,0.9,Au,0.31,-215.14288455868194,-5.718976954099762
15.0,0.9,Au,0.315,-215.13316486681273,-5.719462938693224
15.0,0.9,Au,0.32,-215.12335748920125,-5.719953307573797
15.0,0.9,Au,0.325,-215.1133071657272,-5.720455823747499
15.0,0.9,Au,0.33,-215.10317938384614,-5.720962212841553
15.0,0.9,Au,0.335,-215.0927970894983,-5.721481327558944
15.0,0.9,Au,0.34,-215.08234724820485,-5.722003819623617
15.0,0.9,Au,0.345,-215.07163161234894,-5.722539601416413
15.0,0.9,Au,0.35,-215.06085798361548,-5.723078282853085
15.0,0.9,Au,0.355,-215.04980760314535,-5.723630801876592
15.0,0.9,Au,0.36,-215.03870838598078,-5.7241857627348205
15.0,0.9,Au,0.365,-215.02732182410895,-5.724755090828412
15.0,0.9,Au,0.37,-215.01589514452655,-5.725326424807532
15.0,0.9,Au,0.375,-215.00417092948652,-5.725912635559534
15.0,0.9,Au,0.38,-214.99241484051666,-5.726500440008027
15.0,0.9,Au,0.385,-214.98035146416564,-5.727103608825577
15.0,0.9,Au,0.39,-214.96826394591292,-5.727707984738213
15.0,0.9,Au,0.395,-214.95585986224302,-5.728328188921708
15.0,0.9,Au,0.4,-214.94343882198098,-5.728949240934811
15.0,0.9,Au,0.405,-214.93069244554556,-5.729586559756582
15.0,0.9,Au,0.41,-214.91793571784794,-5.730224396141462
15.0,0.9,Au,0.415,-214.90484542208807,-5.730878910929456
15.0,0.9,Au,0.42,-214.8917507689956,-5.73153364358408
15.0,0.9,Au,0.425,-214.87831488448978,-5.7322054378093705
15.0,0.9,Au,0.43,-214.86487999570474,-5.732877182248622
15.0,0.9,Au,0.435,-214.8510968083298,-5.733566341617369
15.0,0.9,Au,0.44,-214.83731930143574,-5.734255216962072
15.0,0.9,Au,0.445,-214.82318705044617,-5.73496182951155
15.0,0.9,Au,0.45,-214.80906447114992,-5.7356679584763635
15.0,0.9,Au,0.455,-214.79458134717893,-5.736392114674913
15.0,0.9,Au,0.46,-214.78011116956955,-5.737115623555382
15.0,0.9,Au,0.465,-214.76527531255184,-5.737857416406269
15.0,0.9,Au,0.47,-214.750454939373,-5.73859843506521
15.0,0.9,Au,0.475,-214.73526443639597,-5.739357960214061
15.0,0.9,Au,0.48,-214.7200911993245,-5.740116622067635
15.0,0.9,Au,0.485,-214.7045440824079,-5.740893977913466
15.0,0.9,Au,0.49,-214.6890152423362,-5.741670419917049
15.0,0.9,Au,0.495,-214.67310948614428,-5.7424657077266446
15.0,0.9,Au,0.5,-214.6572222334613,-5.743260070360794
15.0,0.9,Au,0.505,-214.64095575295028,-5.744073394386345
15.0,0.9,Au,0.51,-214.62470720781397,-5.7448858216431615
15.0,0.9,Au,0.515,-214.60807785581878,-5.74571728924292
15.0,0.9,Au,0.52,-214.5914650684168,-5.74654792861302
15.0,0.9,Au,0.525,-214.57447063318068,-5.7473976503748245
15.0,0.9,Au,0.53,-214.55749058397126,-5.748246652835297
15.0,0.9,Au,0.535,-214.5401287866196,-5.749114742702879
15.0,0.9,Au,0.54,-214.52277838655127,-5.749982262706296
15.0,0.9,Au,0.545,-214.50504687851415,-5.750868838108151
15.0,0.9,Au,0.55,-214.4873229692139,-5.751755033573165
15.0,0.9,Au,0.555,-214.46921932960217,-5.752660215553751
15.0,0.9,Au,0.56,-214.45111868352777,-5.7535652478574715
15.0,0.9,Au,0.565,-214.4326404164644,-5.754489161210639
15.0,0.9,Au,0.57,-214.41415973701487,-5.755413195183117
15.0,0.9,Au,0.575,-214.39530426892475,-5.756355968587622
15.0,0.9,Au,0.58,-214.37644019050603,-5.757299172508558
15.0,0.9,Au,0.585,-214.35720486736838,-5.7582609386654395
15.0,0.9,Au,0.59,-214.33795395540233,-5.759223484263742
15.0,0.9,Au,0.595,-214.31833603996628,-5.760204380035545
15.0,0.9,Au,0.6,-214.29869479084095,-5.7611864424918116
15.0,0.9,Au,0.605,-214.27869145981467,-5.762186609043125
15.0,0.9,Au,0.61,-214.25865630076794,-5.763188366995463
15.0,0.9,Au,0.615,-214.23826464197396,-5.7642079499351615
15.0,0.9,Au,0.62,-214.2178319309071,-5.7652295854885045
15.0,0.9,Au,0.625,-214.19704894041325,-5.766268735013197
15.0,0.9,Au,0.63,-214.17621496562236,-5.767310433752741
15.0,0.9,Au,0.635,-214.15503754485437,-5.768369304791141
15.0,0.9,Au,0.64,-214.13379852467963,-5.769431255799877
15.0,0.9,Au,0.645,-214.11222347750657,-5.7705100081585305
15.0,0.9,Au,0.65,-214.09057555988977,-5.77159240403937
15.0,0.9,Au,0.655,-214.06859958969608,-5.772691202549056
15.0,0.9,Au,0.66,-214.04653885163975,-5.773794239451872
15.0,0.9,Au,0.665,-214.02415855838152,-5.774913254114783
15.0,0.9,Au,0.67,-214.0016810053053,-5.776037131768594
15.0,0.9,Au,0.675,-213.97889288255368,-5.7771765379061755
15.0,0.9,Au,0.68,-213.95599444754046,-5.778321459656836
15.0,0.9,Au,0.685,-213.932794879507,-5.779481438058511
15.0,0.9,Au,0.69,-213.90947142243442,-5.780647610912139
15.0,0.9,Au,0.695,-213.88585668099756,-5.781828347983982
15.0,0.9,Au,0.7,-213.8621039875437,-5.783015982656675
15.0,0.9,Au,0.705,-213.8380702292555,-5.784217670571085
15.0,0.9,Au,0.71,-213.81388400978148,-5.785426981544786
15.0,0.9,Au,0.715,-213.7894272728736,-5.7866498183901784
15.0,0.9,Au,0.72,-213.76480316116675,-5.787881023975522
15.0,0.9,Au,0.725,-213.7399193625453,-5.789125213906594
15.0,0.9,Au,0.73,-213.714852914425,-5.79037853631261
15.0,0.9,Au,0.735,-213.68953784666238,-5.791644289700741
15.0,0.9,Au,0.74,-213.66402453843867,-5.792919955111926
15.0,0.9,Au,0.745,-213.63827386675453,-5.7942074886961334
15.0,0.9,Au,0.75,-213.61230909353645,-5.795505727357036
15.0,0.9,Au,0.755,-213.5861183527733,-5.796815264395194
15.0,0.9,Au,0.76,-213.5596974266154,-5.798136310703089
15.0,0.9,Au,0.765,-213.53306201821073,-5.799468081123322
15.0,0.9,Au,0.77,-213.50618016609934,-5.800812173728892
15.0,0.9,Au,0.775,-213.47909535503948,-5.802166414281886
15.0,0.9,Au,0.78,-213.45174771671148,-5.803533796198285
15.0,0.9,Au,0.785,-213.42420862848567,-5.804910750609575
15.0,0.9,Au,0.79,-213.39639025406578,-5.80630166933057
15.0,0.9,Au,0.795,-213.3683918716022,-5.8077015884537495
15.0,0.9,Au,0.8,-213.34009771906722,-5.809116296080498
15.0,0.9,Au,0.805,-213.3116348796544,-5.810539438051139
15.0,0.9,Au,0.81,-213.2828598121084,-5.811978191428439
15.0,0.9,Au,0.815,-213.25392720430278,-5.81342482181872
15.0,0.9,Au,0.82,-213.2246659870602,-5.814887882680848
15.0,0.9,Au,0.825,-213.19525814757088,-5.8163582746553155
15.0,0.9,Au,0.83,-213.1655054450471,-5.817845909781504
15.0,0.9,Au,0.835,-213.13561675559652,-5.819340344254033
15.0,0.9,Au,0.84,-213.10536712799203,-5.820852825634258
15.0,0.9,Au,0.845,-213.07499181214868,-5.822371591426426
15.0,0.9,Au,0.85,-213.04423971192975,-5.823909196437372
15.0,0.9,Au,0.855,-213.01337183190844,-5.825452590438437
15.0,0.9,Au,0.86,-212.9821116000745,-5.8270156020301345
15.0,0.9,Au,0.865,-212.95074505349675,-5.828583929359022
15.0,0.9,Au,0.87,-212.91897091562913,-5.830172636252402
15.0,0.9,Au,0.875,-212.88709943223887,-5.8317662104219155
15.0,0.9,Au,0.88,-212.8548054943297,-5.833380907317374
15.0,0.9,Au,0.885,-212.82242263266036,-5.835000050400842
15.0,0.9,Au,0.89,-212.78960287670841,-5.836641038198438
15.0,0.9,Au,0.895,-212.75670202069082,-5.838286080999318
15.0,0.9,Au,0.9,-212.72335030006957,-5.8399536670303815
15.0,0.9,Au,0.905,-212.689924655573,-5.841624949255209
15.0,0.9,Au,0.91,-212.65603469015707,-5.843319447526006
15.0,0.9,Au,0.915,-212.6220772814594,-5.845017317960889
15.0,0.9,Au,0.92,-212.58764265250414,-5.846739049408652
15.0,0.9,Au,0.925,-212.55314631867566,-5.848463866100076
15.0,0.9,Au,0.93,-212.51816046345155,-5.8502131588612825
15.0,0.9,Au,0.935,-212.48311785465293,-5.851965289301213
15.0,0.9,Au,0.94,-212.44757406081936,-5.85374247899289
15.0,0.9,Au,0.945,-212.4119776344877,-5.855522300309475
15.0,0.9,Au,0.95,-212.37586903420745,-5.857327730323486
15.0,0.9,Au,0.955,-212.33971105113733,-5.8591356294769925
15.0,0.9,Au,0.96,-212.3030306149231,-5.860969651287704
15.0,0.9,Au,0.965,-212.26630313521784,-5.862806025272968
15.0,0.9,Au,0.97,-212.22904366549906,-5.864668998758907
15.0,0.9,Au,0.975,-212.19173854438543,-5.866534254814589
15.0,0.9,Au,0.98,-212.15389266879984,-5.868426548593868
15.0,0.9,Au,0.985,-212.11600155229226,-5.870321104419246
15.0,0.9,Au,0.99,-212.0775617166831,-5.872243096199704
15.0,0.9,Au,0.995,-212.03907603708168,-5.874167380179775
15.0,0.9,Au,1.0,-212.00003449820085,-5.876119457123817
15.0,0.9,Au,1.005,-211.96094546940918,-5.8780739085634
15.0,0.9,Au,1.01,-211.92129428731405,-5.880056467668157
15.0,0.9,Au,1.015,-211.88159289996344,-5.882041537035687
15.0,0.9,Au,1.02,-211.84132393010054,-5.884054985528832
15.0,0.9,Au,1.025,-211.80100094645837,-5.8860711347109405
15.0,0.9,Au,1.03,-211.7601058314253,-5.888115890462594
15.0,0.9,Au,1.035,-211.71915178007413,-5.890163593030152
15.0,0.9,Au,1.04,-211.67762194104617,-5.892240084981551
15.0,0.9,Au,1.045,-211.63602711131438,-5.8943198264681405
15.0,0.9,Au,1.05,-211.59385373912974,-5.896428495077373
15.0,0.9,Au,1.055,-211.55160817525413,-5.8985407732711534
15.0,0.9,Au,1.06,-211.5087822211422,-5.900682070976748
15.0,0.9,Au,1.065,-211.4658757161354,-5.90282739622709
15.0,0.9,Au,1.07,-211.42238788208056,-5.905001787929831
15.0,0.9,Au,1.075,-211.37880997129434,-5.907180683469142
15.0,0.9,Au,1.08,-211.33465070001742,-5.909388647032989
15.0,0.9,Au,1.085,-211.2903906543619,-5.911601649315765
15.0,0.9,Au,1.09,-211.2455501189051,-5.913843676088604
15.0,0.9,Au,1.095,-211.20059693771506,-5.916091335148106
15.0,0.9,Au,1.1,-211.1550650306205,-5.918367930502834
15.0,0.9,Au,1.105,-211.10940743413136,-5.920650810327291
15.0,0.9,Au,1.11,-211.06317375618508,-5.922962494224605
15.0,0.9,Au,1.115,-211.01680017759816,-5.925281173153952
15.0,0.9,Au,1.12,-210.96985402613606,-5.927628480727057
15.0,0.9,Au,1.125,-210.9227526032352,-5.929983551872099
15.0,0.9,Au,1.13,-210.8750829599772,-5.932367034034999
15.0,0.9,Au,1.135,-210.8272415262804,-5.934759105719839
15.0,0.9,Au,1.14,-210.77883704467956,-5.937179329799881
15.0,0.9,Au,1.145,-210.73024312007487,-5.939609026030116
15.0,0.9,Au,1.15,-210.68109211215508,-5.942066576426106
15.0,0.9,Au,1.155,-210.63173289300371,-5.9445345373836735
15.0,0.9,Au,1.16,-210.5818233156601,-5.947030016250854
15.0,0.9,Au,1.165,-210.53168566431728,-5.949536898817994
15.0,0.9,Au,1.17,-210.48100510505233,-5.952070926781243
15.0,0.9,Au,1.175,-210.43007553877231,-5.954617405095243
15.0,0.9,Au,1.18,-210.37861120083917,-5.9571906219919
15.0,0.9,Au,1.185,-210.32687588002383,-5.959777388032668
15.0,0.9,Au,1.19,-210.2746145669387,-5.962390453686924
15.0,0.9,Au,1.195,-210.22205928268446,-5.965018217899637
15.0,0.9,Au,1.2,-210.16898738207945,-5.967671812929886
15.0,0.9,Au,1.205,-210.1155975429749,-5.970341304885114
15.0,0.9,Au,1.21,-210.06170100974455,-5.973036131546632
15.0,0.9,Au,1.215,-210.00746162787095,-5.9757481006403115
15.0,0.9,Au,1.22,-209.9527259665808,-5.9784848837048195
15.0,0.9,Au,1.225,-209.89762164266006,-5.981240099900857
15.0,0.9,Au,1.23,-209.84203188915686,-5.984019587576017
15.0,0.9,Au,1.235,-209.7860467967943,-5.986818842194144
15.0,0.9,Au,1.24,-209.7295874989797,-5.989641807084875
15.0,0.9,Au,1.245,-209.6727053679349,-5.992485913637115
15.0,0.9,Au,1.25,-209.6153605656448,-5.995353153751619
15.0,0.9,Au,1.255,-209.55756466407163,-5.998242948830278
15.0,0.9,Au,1.26,-209.49931786799755,-6.001155288633981
15.0,0.9,Au,1.265,-209.44059098357826,-6.004091632854946
15.0,0.9,Au,1.27,-209.3814251531705,-6.007049924375334
15.0,0.9,Au,1.275,-209.32174957307487,-6.010033703380116
15.0,0.9,Au,1.28,-209.26164709335333,-6.013038827366193
15.0,0.9,Au,1.285,-209.20100458293356,-6.016070952887182
15.0,0.9,Au,1.29,-209.13994724013114,-6.0191238200273025
15.0,0.9,Au,1.295,-209.0783190202791,-6.022205231019903
15.0,0.9,Au,1.3,-209.01628797623349,-6.025306783222185
15.0,0.9,Au,1.305,-208.95365469928927,-6.028438447069395
15.0,0.9,Au,1.31,-208.89063046448695,-6.031589658809512
15.0,0.9,Au,1.315,-208.82697218861438,-6.03477257260314
15.0,0.9,Au,1.32,-208.76293459379156,-6.037974452344281
15.0,0.9,Au,1.325,-208.69823075569778,-6.041209644248971
15.0,0.9,Au,1.33,-208.63315892188447,-6.044463235939636
15.0,0.9,Au,1.335,-208.5673883077735,-6.047751766645184
15.0,0.9,Au,1.34,-208.50126061466221,-6.051058151300749
15.0,0.9,Au,1.345,-208.4344013292882,-6.0544011155694495
15.0,0.9,Au,1.35,-208.3671953817908,-6.05776141294432
15.0,0.9,Au,1.355,-208.29922481547501,-6.061159941260108
15.0,0.9,Au,1.36,-208.23091740832865,-6.064575311617427
15.0,0.9,Au,1.365,-208.16181220177975,-6.068030571944871
15.0,0.9,Au,1.37,-208.09237928204013,-6.071502217931853
15.0,0.9,Au,1.375,-208.02211528881972,-6.075015417592873
15.0,0.9,Au,1.38,-207.95153191606565,-6.078544586230578
15.0,0.9,Au,1.385,-207.8800841625103,-6.082116973908345
15.0,0.9,Au,1.39,-207.80832446657016,-6.085704958705351
15.0,0.9,Au,1.395,-207.73566710896878,-6.08933782658542
15.0,0.9,Au,1.4,-207.6627042449544,-6.09298596978614
15.0,0.9,Au,1.405,-207.58881052376913,-6.096680655845403
15.0,0.9,Au,1.41,-207.51461662419007,-6.100390350824355
15.0,0.9,Au,1.415,-207.43945881506804,-6.104148241280457
15.0,0.9,Au,1.42,-207.36400493875723,-6.107920935095998
15.0,0.9,Au,1.425,-207.28755430008025,-6.1117434670298465
15.0,0.9,Au,1.43,-207.210810377662,-6.115580663150759
15.0,0.9,Au,1.435,-207.1330370943271,-6.119469327317504
15.0,0.9,Au,1.44,-207.0549718698992,-6.1233725885389
15.0,0.9,Au,1.445,-206.97584499301772,-6.127328932382974
15.0,0.9,Au,1.45,-206.89642596170555,-6.131299883948582
15.0,0.9,Au,1.455,-206.81591334385755,-6.135325514840982
15.0,0.9,Au,1.46,-206.73510668485483,-6.139365847791119
15.0,0.9,Au,1.465,-206.65317491049487,-6.1434624365091155
15.0,0.9,Au,1.47,-206.57094541515235,-6.1475739112762415
15.0,0.9,Au,1.475,-206.48755972573363,-6.151743195747178
15.0,0.9,Au,1.48,-206.40387072022446,-6.155927646022636
15.0,0.9,Au,1.485,-206.31899493354348,-6.160171435356686
15.0,0.9,Au,1.49,-206.23380819556306,-6.164430772255707
15.0,0.9,Au,1.495,-206.1474046187714,-6.168750951095289
15.0,0.9,Au,1.5,-206.0606802876766,-6.17308716765003
15.0,0.9,Au,1.505,-205.97270962335023,-6.177485700866347
15.0,0.9,Au,1.51,-205.88440610306242,-6.181900876880738
15.0,0.9,Au,1.515,-205.7948273476312,-6.186379814652298
15.0,0.9,Au,1.52,-205.704901201555,-6.1908761219561095
15.0,0.9,Au,1.525,-205.6136715353208,-6.195437605267819
15.0,0.9,Au,1.53,-205.52207737242554,-6.200017313412583
15.0,0.9,Au,1.535,-205.4291520402914,-6.204663580019289
15.0,0.9,Au,1.54,-205.3358423913949,-6.209329062464115
15.0,0.9,Au,1.545,-205.2411745733199,-6.2140624533678634
15.0,0.9,Au,1.55,-205.14609975649844,-6.218816194208937
15.0,0.9,Au,1.555,-205.04964042655993,-6.223639160705863
15.0,0.9,Au,1.56,-204.95274840045187,-6.228483762011266
15.0,0.9,Au,1.565,-204.85444617324316,-6.233398873371701
15.0,0.9,Au,1.57,-204.75568237685061,-6.238337063191328
15.0,0.9,Au,1.575,-204.65548333976977,-6.243347015045371
15.0,0.9,Au,1.58,-204.55479051716662,-6.248381656175528
15.0,0.9,Au,1.585,-204.4526380469536,-6.253489279686179
15.0,0.9,Au,1.59,-204.3499560550785,-6.258623379279935
15.0,0.9,Au,1.595,-204.24579061669917,-6.263831651198901
15.0,0.9,Au,1.6,-204.14105621414598,-6.269068371326561
15.0,0.9,Au,1.605,-204.0348151398684,-6.274380425040439
15.0,0.9,Au,1.61,-203.92796175427313,-6.279723094320203
15.0,0.9,Au,1.615,-203.8195790004215,-6.2851422320127845
15.0,0.9,Au,1.62,-203.7105364716684,-6.29059435845044
15.0,0.9,Au,1.625,-203.59994235017766,-6.296124064524977
15.0,0.9,Au,1.63,-203.4886366462077,-6.301689349723475
15.0,0.9,Au,1.635,-203.37575752761444,-6.307333305653137
15.0,0.9,Au,1.64,-203.26211042910134,-6.313015660578793
15.0,0.9,Au,1.645,-203.1468684130674,-6.318777761380488
15.0,0.9,Au,1.65,-203.03079716259347,-6.3245813239041855
15.0,0.9,Au,1.655,-202.9131097113914,-6.330465696464289
15.0,0.9,Au,1.66,-202.7945266219971,-6.3363948509340045
15.0,0.9,Au,1.665,-202.67430615158895,-6.342405874454411
15.0,0.9,Au,1.67,-202.55311816866944,-6.348465273600387
15.0,0.9,Au,1.675,-202.43027159105296,-6.354607602481212
15.0,0.9,Au,1.68,-202.30637980046876,-6.360802192010421
15.0,0.9,Au,1.685,-202.18080800976975,-6.367080781545371
15.0,0.9,Au,1.69,-202.05410708368026,-6.373415827849846
15.0,0.9,Au,1.695,-201.92570437707428,-6.379835963180145
15.0,0.9,Au,1.7,-201.79608194735692,-6.386317084666013
15.0,0.9,Au,1.705,-201.66473537009622,-6.392884413529049
15.0,0.9,Au,1.71,-201.5320713171621,-6.399517616175755
15.0,0.9,Au,1.715,-201.39765991883377,-6.406238186092171
15.0,0.9,Au,1.72,-201.26182556110803,-6.413029903978458
15.0,0.9,Au,1.725,-201.12421954749934,-6.419910204658892
15.0,0.9,Au,1.73,-200.98507671363564,-6.426867346352077
15.0,0.9,Au,1.735,-200.84413647518562,-6.433914358274579
15.0,0.9,Au,1.74,-200.70153643707252,-6.441044360180233
15.0,0.9,Au,1.745,-200.5571114305391,-6.448265610506905
15.0,0.9,Au,1.75,-200.41089367001942,-6.4555764985328885
15.0,0.9,Au,1.755,-200.26282112449067,-6.462980125809326
15.0,0.9,Au,1.76,-200.11281190014037,-6.470480587026841
15.0,0.9,Au,1.765,-199.96091531140087,-6.478075416463816
15.0,0.9,Au,1.77,-199.80692598319962,-6.485774882873878
15.0,0.9,Au,1.775,-199.6510133512308,-6.493570514472319
15.0,0.9,Au,1.78,-199.4928384097901,-6.501479261544355
15.0,0.9,Au,1.785,-199.33270016206504,-6.509486173930608
15.0,0.9,Au,1.79,-199.17011489433793,-6.517615437316963
15.0,0.9,Au,1.795,-199.0055214214669,-6.525845110960514
15.0,0.9,Au,1.8,-198.83827912509412,-6.534207225779154
15.0,0.9,Au,1.805,-198.6689778337531,-6.5426722903462045
15.0,0.9,Au,1.81,-198.49680646542419,-6.55128085876265
15.0,0.9,Au,1.815,-198.3225182240464,-6.559995270831539
15.0,0.9,Au,1.82,-198.14511633040257,-6.56886536551373
15.0,0.9,Au,1.825,-197.96553114242056,-6.5778446249128315
15.0,0.9,Au,1.83,-197.78256287058758,-6.586993038504481
15.0,0.9,Au,1.835,-197.5973345529147,-6.5962544543881245
15.0,0.9,Au,1.84,-197.40842346465624,-6.605700008801048
15.0,0.9,Au,1.845,-197.21716302753288,-6.615263030657216
15.0,0.9,Au,1.85,-197.02188433523543,-6.625026965272088
15.0,0.9,Au,1.855,-196.82415164076343,-6.634913599995687
15.0,0.9,Au,1.86,-196.62202232709402,-6.645020065679158
15.0,0.9,Au,1.865,-196.4173154269823,-6.655255410684744
15.0,0.9,Au,1.87,-196.20778147338189,-6.665732108364765
15.0,0.9,Au,1.875,-195.99552275672778,-6.676345044197471
15.0,0.9,Au,1.88,-195.7779423380903,-6.687224065129345
15.0,0.9,Au,1.885,-195.55746019711708,-6.698248172178005
15.0,0.9,Au,1.89,-195.33108111063962,-6.709567126501878
15.0,0.9,Au,1.895,-195.10158514771547,-6.721041924648086
15.0,0.9,Au,1.9,-194.8655137660666,-6.732845493730529
15.0,0.9,Au,1.905,-194.62606041581577,-6.744818161243071
15.0,0.9,Au,1.91,-194.37921776484828,-6.757160293791445
15.0,0.9,Au,1.915,-194.12866119026395,-6.7696881225206615
15.0,0.9,Au,1.92,-193.86971868712683,-6.7826352476775185
15.0,0.9,Au,1.925,-193.60663809225886,-6.795789277420916
15.0,0.9,Au,1.93,-193.33391959284143,-6.809425202391788
15.0,0.9,Au,1.935,-193.05650680426197,-6.8232958418207605
15.0,0.9,Au,1.94,-192.76783147063136,-6.837729608502291
15.0,0.9,Au,1.945,-192.47370720480345,-6.852435821793687
15.0,0.9,Au,1.95,-192.16612034599197,-6.86781516473426
15.0,0.9,Au,1.955,-191.8520115613514,-6.883520603966289
15.0,0.9,Au,1.96,-191.52128136090954,-6.900057113988383
15.0,0.9,Au,1.965,-191.18239642784755,-6.917001360641482
15.0,0.9,Au,1.97,-190.82194904717198,-6.93502372967526
15.0,0.9,Au,1.975,-190.45058217315275,-6.953592073376222
15.0,0.9,Au,1.98,-190.04877639356025,-6.973682362355847
15.0,0.9,Au,1.985,-189.63036862820817,-6.994602750623451
15.0,0.9,Au,1.99,-189.16067124437794,-7.018087619814962
15.0,0.9,Au,1.995,-188.65523066838128,-7.043359648614795
15.0,0.9,Au,2.0,-187.97840520617078,-7.07720092172532
15.0,0.9,C,2.0,-187.97840520617078,-2.353170366485409
15.0,0.9,C,2.009993337775,-186.79146556257325,-2.3769091593573597
15.0,0.9,C,2.01998667555,-185.8923984485536,-2.394890501637753
15.0,0.9,C,2.029980013324,-185.10414452722478,-2.41065558006433
15.0,0.9,C,2.039973351099,-184.38652900615554,-2.4250078904857144
15.0,0.9,C,2.049966688874,-183.72077093767277,-2.4383230518553693
15.0,0.9,C,2.059960026649,-183.09590150740286,-2.450820440460768
15.0,0.9,C,2.069953364424,-182.50471386658305,-2.4626441932771646
15.0,0.9,C,2.079946702199,-181.94210819614898,-2.4738963066858455
15.0,0.9,C,2.089940039973,-181.4042853428927,-2.484652763750971
15.0,0.9,C,2.099933377748,-180.88830594340317,-2.494972351740762
15.0,0.9,C,2.109926715523,-180.39182874445365,-2.504901895719752
15.0,0.9,C,2.119920053298,-179.912945375351,-2.5144795631018053
15.0,0.9,C,2.129913391073,-179.4500708486898,-2.5237370536350294
15.0,0.9,C,2.139906728847,-179.00186810878648,-2.5327011084330957
15.0,0.9,C,2.149900066622,-178.56719434444943,-2.541394583719837
15.0,0.9,C,2.159893404397,-178.14506174593296,-2.5498372356901657
15.0,0.9,C,2.169886742172,-177.73460815411175,-2.55804630752659
15.0,0.9,C,2.179880079947,-177.3350746706683,-2.5660369771954596
15.0,0.9,C,2.189873417722,-176.94578828165,-2.573822704975825
15.0,0.9,C,2.199866755496,-176.56614816623414,-2.581415507284142
15.0,0.9,C,2.209860093271,-176.19561476326453,-2.5888261753435344
15.0,0.9,C,2.219853431046,-175.83370093540844,-2.596064451900656
15.0,0.9,C,2.229846768821,-175.4799647506837,-2.603139175595151
15.0,0.9,C,2.239840106596,-175.13400352819554,-2.6100584000449145
15.0,0.9,C,2.24983344437,-174.7954488830664,-2.6168294929474976
15.0,0.9,C,2.259826782145,-174.46396256942916,-2.6234592192202424
15.0,0.9,C,2.26982011992,-174.13923296765213,-2.6299538112557825
15.0,0.9,C,2.279813457695,-173.82097209522624,-2.6363190287043006
15.0,0.9,C,2.28980679547,-173.5089130477538,-2.642560209653749
15.0,0.9,C,2.299800133245,-173.20280779530384,-2.6486823147027483
15.0,0.9,C,2.309793471019,-172.90242527466125,-2.6546899651155997
15.0,0.9,C,2.319786808794,-172.6075497293044,-2.6605874760227373
15.0,0.9,C,2.329780146569,-172.31797925863756,-2.6663788854360737
15.0,0.9,C,2.339773484344,-172.03352454403392,-2.672067979728147
15.0,0.9,C,2.349766822119,-171.75400772597433,-2.677658316089339
15.0,0.9,C,2.359760159893,-171.4792614104315,-2.6831532424001954
15.0,0.9,C,2.369753497668,-171.20912778633468,-2.6885559148821314
15.0,0.9,C,2.379746835443,-170.9434578394063,-2.6938693138206986
15.0,0.9,C,2.389740173218,-170.68211064910935,-2.699096257626638
15.0,0.9,C,2.399733510993,-170.4249527583734,-2.7042394154413576
15.0,0.9,C,2.409726848767,-170.1718576068272,-2.7093013184722814
15.0,0.9,C,2.419720186542,-169.92270501962798,-2.714284370216266
15.0,0.9,C,2.429713524317,-169.67738074559318,-2.7191908556969615
15.0,0.9,C,2.439706862092,-169.43577603839577,-2.7240229498409096
15.0,0.9,C,2.449700199867,-169.1977872762578,-2.728782725083669
15.0,0.9,C,2.459693537642,-168.96331561568698,-2.733472158295086
15.0,0.9,C,2.469686875416,-168.7322666756013,-2.7380931370967994
15.0,0.9,C,2.479680213191,-168.50455024844112,-2.7426474656400024
15.0,0.9,C,2.489673550966,-168.2800800357763,-2.747136869893299
15.0,0.9,C,2.499666888741,-168.05877340546215,-2.751563002499582
15.0,0.9,C,2.509660226516,-167.84055116849052,-2.7559274472390145
15.0,0.9,C,2.51965356429,-167.6253373735036,-2.760231723138753
15.0,0.9,C,2.529646902065,-167.41305911713565,-2.764477288266112
15.0,0.9,C,2.53964023984,-167.2036463690109,-2.7686655432286074
15.0,0.9,C,2.549633577615,-166.9970318096097,-2.772797834416631
15.0,0.9,C,2.55962691539,-166.79315068013656,-2.776875457006094
15.0,0.9,C,2.569620253165,-166.59194064318945,-2.7808996577450364
15.0,0.9,C,2.579613590939,-166.3933416533129,-2.7848716375425675
15.0,0.9,C,2.589606928714,-166.19729583647225,-2.78879255387938
15.0,0.9,C,2.599600266489,-166.003747377959,-2.792663523049645
15.0,0.9,C,2.609593604264,-165.81264241765595,-2.796485622255706
15.0,0.9,C,2.619586942039,-165.6239289523306,-2.800259891562213
15.0,0.9,C,2.629580279813,-165.43755674428806,-2.8039873357230642
15.0,0.9,C,2.639573617588,-165.25347723579586,-2.8076689258929077
15.0,0.9,C,2.649566955363,-165.07164346908638,-2.811305601227098
15.0,0.9,C,2.659560293138,-164.89201001115293,-2.814898270385766
15.0,0.9,C,2.669553630913,-164.71453288324304,-2.8184478129439645
15.0,0.9,C,2.679546968688,-164.5391694945769,-2.8219550807172875
15.0,0.9,C,2.689540306462,-164.3658785800327,-2.825420899008171
15.0,0.9,C,2.699533644237,-164.1946201413877,-2.828846067781071
15.0,0.9,C,2.709526982012,-164.02535539212636,-2.832231362766298
15.0,0.9,C,2.719520319787,-163.8580467052214,-2.8355775365043976
15.0,0.9,C,2.729513657562,-163.69265756392616,-2.8388853193303016
15.0,0.9,C,2.739506995336,-163.5291525152992,-2.8421554203028414
15.0,0.9,C,2.749500333111,-163.36749712617964,-2.8453885280852322
15.0,0.9,C,2.759493670886,-163.20765794169947,-2.8485853117748356
15.0,0.9,C,2.769487008661,-163.04960244584433,-2.8517464216919386
15.0,0.9,C,2.779480346436,-162.89329902416125,-2.8548724901256
15.0,0.9,C,2.789473684211,-162.73871692838935,-2.857964132041038
15.0,0.9,C,2.799467021985,-162.58582624290747,-2.861021945750676
15.0,0.9,C,2.80946035976,-162.434597852812,-2.864046513552585
15.0,0.9,C,2.819453697535,-162.28500341373027,-2.86703840233422
15.0,0.9,C,2.82944703531,-162.13701532297708,-2.8699981641492833
15.0,0.9,C,2.839440373085,-161.99060669219236,-2.8729263367649778
15.0,0.9,C,2.849433710859,-161.8457513212899,-2.8758234441830273
15.0,0.9,C,2.859427048634,-161.70242367357963,-2.878689997137233
15.0,0.9,C,2.869420386409,-161.56059885219796,-2.8815264935648663
15.0,0.9,C,2.879413724184,-161.42025257749347,-2.884333419058956
15.0,0.9,C,2.889407061959,-161.2813611655232,-2.887111247298361
15.0,0.9,C,2.899400399734,-161.14390150750882,-2.8898604404586488
15.0,0.9,C,2.909393737508,-161.00785105023098,-2.8925814496042053
15.0,0.9,C,2.919387075283,-160.87318777722692,-2.8952747150642866
15.0,0.9,C,2.929380413058,-160.7398901909485,-2.897940666789855
15.0,0.9,C,2.939373750833,-160.6079372955611,-2.900579724697603
15.0,0.9,C,2.949367088608,-160.47730858054953,-2.9031922989978343
15.0,0.9,C,2.959360426382,-160.34798400502078,-2.905778790508409
15.0,0.9,C,2.969353764157,-160.21994398260367,-2.9083395909567518
15.0,0.9,C,2.979347101932,-160.0931693671023,-2.910875083266779
15.0,0.9,C,2.989340439707,-159.9676414386203,-2.913385641836419
15.0,0.9,C,2.999333777482,-159.84334189030525,-2.9158716328027205
15.0,0.9,C,3.009327115256,-159.7202528156377,-2.9183334142960713
15.0,0.9,C,3.019320453031,-159.59835669616064,-2.9207713366856125
15.0,0.9,C,3.029313790806,-159.47763638981976,-2.92318574281243
15.0,0.9,C,3.039307128581,-159.35807511963608,-2.9255769682161032
15.0,0.9,C,3.049300466356,-159.23965646288733,-2.9279453413510788
15.0,0.9,C,3.059293804131,-159.12236434068095,-2.930291183795206
15.0,0.9,C,3.069287141905,-159.00618300794474,-2.9326148104499303
15.0,0.9,C,3.07928047968,-158.89109704373507,-2.9349165297341235
15.0,0.9,C,3.089273817455,-158.7770913420223,-2.9371966437683796
15.0,0.9,C,3.09926715523,-158.66415110270057,-2.9394554485548134
15.0,0.9,C,3.109260493005,-158.5522618229901,-2.941693234149023
15.0,0.9,C,3.119253830779,-158.44140928914499,-2.9439102848259253
15.0,0.9,C,3.129247168554,-158.33157956841112,-2.9461068792406024
15.0,0.9,C,3.139240506329,-158.22275900137606,-2.948283290581304
15.0,0.9,C,3.149233844104,-158.11493419448297,-2.9504397867191656
15.0,0.9,C,3.159227181879,-158.00809201286418,-2.9525766303515417
15.0,0.9,C,3.169220519654,-157.90221957340725,-2.95469407914068
15.0,0.9,C,3.179213857428,-157.79730423807672,-2.9567923858472906
15.0,0.9,C,3.189207195203,-157.69333360740822,-2.9588717984606605
15.0,0.9,C,3.199200532978,-157.59029551433156,-2.9609325603221937
15.0,0.9,C,3.209193870753,-157.48817801809335,-2.9629749102469587
15.0,0.9,C,3.219187208528,-157.38696939843905,-2.9649990826400443
15.0,0.9,C,3.229180546302,-157.2866581499837,-2.967005307609151
15.0,0.9,C,3.239173884077,-157.1872329767203,-2.968993811074419
15.0,0.9,C,3.249167221852,-157.08868278680637,-2.9709648148726977
15.0,0.9,C,3.259160559627,-156.99099668741954,-2.9729185368604347
15.0,0.9,C,3.269153897402,-156.89416397982808,-2.9748551910122636
15.0,0.9,C,3.279147235177,-156.79817415461062,-2.976774987516613
15.0,0.9,C,3.289140572951,-156.7030168870348,-2.978678132868129
15.0,0.9,C,3.299133910726,-156.6086820325334,-2.9805648299581566
15.0,0.9,C,3.309127248501,-156.51515962241902,-2.9824352781604446
15.0,0.9,C,3.319120586276,-156.42243985963532,-2.9842896734161184
15.0,0.9,C,3.329113924051,-156.3305131146869,-2.9861282083150873
15.0,0.9,C,3.339107261825,-156.23936992169195,-2.9879510721749867
15.0,0.9,C,3.3491005996,-156.1490009745135,-2.989758451118555
15.0,0.9,C,3.359093937375,-156.05939712309265,-2.9915505281469716
15.0,0.9,C,3.36908727515,-155.97054936980572,-2.9933274832127106
15.0,0.9,C,3.379080612925,-155.8824488659727,-2.9950894932893712
15.0,0.9,C,3.3890739507,-155.7950869084628,-2.996836732439569
15.0,0.9,C,3.399067288474,-155.7084549364047,-2.9985693718807314
15.0,0.9,C,3.409060626249,-155.6225445279535,-3.0002875800497555
15.0,0.9,C,3.419053964024,-155.53734739723595,-3.001991522664106
15.0,0.9,C,3.429047301799,-155.45285539129821,-3.003681362782861
15.0,0.9,C,3.439040639574,-155.36906048718637,-3.0053572608650976
15.0,0.9,C,3.449033977348,-155.28595478910577,-3.00701937482671
15.0,0.9,C,3.459027315123,-155.2035305256258,-3.008667860096309
15.0,0.9,C,3.469020652898,-155.12178004703966,-3.0103028696680316
15.0,0.9,C,3.479013990673,-155.04069582271967,-3.0119245541544317
15.0,0.9,C,3.489007328448,-154.96027043859098,-3.0135330618370055
15.0,0.9,C,3.499000666223,-154.8804965946579,-3.0151285387156674
15.0,0.9,C,3.508994003997,-154.80136710261613,-3.0167111285565027
15.0,0.9,C,3.518987341772,-154.7228748834851,-3.0182809729391233
15.0,0.9,C,3.528980679547,-154.64501296538717,-3.019838211301082
15.0,0.9,C,3.538974017322,-154.5677744813075,-3.0213829809826747
15.0,0.9,C,3.548967355097,-154.4911526669513,-3.022915417269799
15.0,0.9,C,3.558960692871,-154.41514085866447,-3.0244356534355354
15.0,0.9,C,3.568954030646,-154.33973249136594,-3.0259438207815066
15.0,0.9,C,3.578947368421,-154.26492109661544,-3.0274400486765165
15.0,0.9,C,3.588940706196,-154.19070030065143,-3.0289244645957965
15.0,0.9,C,3.598934043971,-154.11706382252584,-3.0303971941583088
15.0,0.9,C,3.608927381746,-154.0440054722732,-3.031858361163361
15.0,0.9,C,3.61892071952,-153.97151914913852,-3.0333080876260547
15.0,0.9,C,3.628914057295,-153.89959883981575,-3.03474649381251
15.0,0.9,C,3.63890739507,-153.82823861679853,-3.0361736982728544
15.0,0.9,C,3.648900732845,-153.7574326367096,-3.037589817874633
15.0,0.9,C,3.65889407062,-153.6871751386988,-3.0389949678348493
15.0,0.9,C,3.668887408394,-153.61746044289157,-3.0403892617509936
15.0,0.9,C,3.678880746169,-153.54828294883418,-3.0417728116321414
15.0,0.9,C,3.688874083944,-153.47963713404982,-3.0431457279278287
15.0,0.9,C,3.698867421719,-153.41151755256337,-3.044508119557558
15.0,0.9,C,3.708860759494,-153.34391883349363,-3.045860093938953
15.0,0.9,C,3.718854097268,-153.27683567968393,-3.047201757015147
15.0,0.9,C,3.728847435043,-153.2102628663283,-3.048533213282259
15.0,0.9,C,3.738840772818,-153.14419523970258,-3.0498545658147735
15.0,0.9,C,3.748834110593,-153.07862771585468,-3.0511659162917315
15.0,0.9,C,3.758827448368,-153.01355527936417,-3.052467365021542
15.0,0.9,C,3.768820786143,-152.94897298212038,-3.053759010966418
15.0,0.9,C,3.778814123917,-152.8848759421406,-3.0550409517660126
15.0,0.9,C,3.788807461692,-152.82125934237834,-3.0563132837612583
15.0,0.9,C,3.798800799467,-152.75811842962884,-3.0575761020162484
15.0,0.9,C,3.808794137242,-152.69544851339177,-3.0588295003409898
15.0,0.9,C,3.818787475017,-152.63324496479368,-3.0600735713129517
15.0,0.9,C,3.828780812791,-152.57150321553664,-3.0613084062980924
15.0,0.9,C,3.838774150566,-152.51021875683608,-3.062534095472104
15.0,0.9,C,3.848767488341,-152.44938713844806,-3.063750727839864
15.0,0.9,C,3.858760826116,-152.38900396764984,-3.0649583912558285
15.0,0.9,C,3.868754163891,-152.3290649082847,-3.0661571724431314
15.0,0.9,C,3.878747501666,-152.2695656798111,-3.0673471570126027
15.0,0.9,C,3.88874083944,-152.21050205638306,-3.068528429481164
15.0,0.9,C,3.898734177215,-152.15186986592119,-3.069701073290401
15.0,0.9,C,3.90872751499,-152.09366498926107,-3.0708651708236037
15.0,0.9,C,3.918720852765,-152.03588335926014,-3.0720208034236225
15.0,0.9,C,3.92871419054,-151.9785209599559,-3.073168051409707
15.0,0.9,C,3.938707528314,-151.92157382573754,-3.074306994094074
15.0,0.9,C,3.948700866089,-151.86503804050827,-3.07543770979866
15.0,0.9,C,3.958694203864,-151.80890973692175,-3.0765602758703903
15.0,0.9,C,3.968687541639,-151.7531850955755,-3.077674768697315
15.0,0.9,C,3.978680879414,-151.69786034425104,-3.0787812637238043
15.0,0.9,C,3.988674217189,-151.64293175716185,-3.0798798354655883
15.0,0.9,C,3.998667554963,-151.58839565422264,-3.080970557524372
15.0,0.9,C,4.008660892738,-151.53424840030328,-3.0820535026027596
15.0,0.9,C,4.018654230513,-151.4804864045543,-3.083128742517739
15.0,0.9,C,4.028647568288,-151.4271061196906,-3.084196348215013
15.0,0.9,C,4.038640906063,-151.37410404131444,-3.0852563897825367
15.0,0.9,C,4.048634243837,-151.3214767072516,-3.086308936463793
15.0,0.9,C,4.058627581612,-151.2692206968735,-3.087354056671355
15.0,0.9,C,4.068620919387,-151.21733263048588,-3.0883918179991072
15.0,0.9,C,4.078614257162,-151.16580916867295,-3.089422287235366
15.0,0.9,C,4.088607594937,-151.11464701168356,-3.090445530375154
15.0,0.9,C,4.098600932712,-151.06384289881984,-3.091461612632428
15.0,0.9,C,4.108594270486,-151.01339360784402,-3.092470598451945
15.0,0.9,C,4.118587608261,-150.96329595436953,-3.0934725515214345
15.0,0.9,C,4.128580946036,-150.91354679131354,-3.0944675347825545
15.0,0.9,C,4.138574283811,-150.86414300830802,-3.0954556104426647
15.0,0.9,C,4.148567621586,-150.8150815311486,-3.0964368399858535
15.0,0.9,C,4.15856095936,-150.76635932125004,-3.097411284183824
15.0,0.9,C,4.168554297135,-150.71797337508642,-3.098379003107097
15.0,0.9,C,4.17854763491,-150.66992072369334,-3.099340056134958
15.0,0.9,C,4.188540972685,-150.62219843212645,-3.100294501966296
15.0,0.9,C,4.19853431046,-150.57480359895348,-3.1012423986297555
15.0,0.9,C,4.208527648235,-150.5277333557541,-3.1021838034937432
15.0,0.9,C,4.218520986009,-150.48098486662622,-3.1031187732763006
15.0,0.9,C,4.228514323784,-150.43455532768326,-3.10404736405516
15.0,0.9,C,4.238507661559,-150.38844196660412,-3.104969631276743
15.0,0.9,C,4.248500999334,-150.34264204214276,-3.10588562976597
15.0,0.9,C,4.258494337109,-150.29715284367148,-3.1067954137353957
15.0,0.9,C,4.268487674883,-150.2519716907304,-3.1076990367942177
15.0,0.9,C,4.278481012658,-150.20709593256348,-3.1085965519575556
15.0,0.9,C,4.288474350433,-150.1625229477036,-3.109488011654753
15.0,0.9,C,4.298467688208,-150.1182501435258,-3.1103734677383086
15.0,0.9,C,4.308461025983,-150.07427495582317,-3.1112529714923616
15.0,0.9,C,4.318454363757,-150.03059484839608,-3.112126573640904
15.0,0.9,C,4.328447701532,-149.98720731262185,-3.112994324356388
15.0,0.9,C,4.338441039307,-149.94410986707825,-3.1138562732672597
15.0,0.9,C,4.348434377082,-149.90130005712984,-3.1147124694662285
15.0,0.9,C,4.358427714857,-149.85877545453857,-3.1155629615180533
15.0,0.9,C,4.368421052632,-149.81653365708382,-3.1164077974671485
15.0,0.9,C,4.378414390406,-149.7745722881879,-3.117247024845067
15.0,0.9,C,4.388407728181,-149.73288899652752,-3.118080690678275
15.0,0.9,C,4.398401065956,-149.69148145569673,-3.11890884149489
15.0,0.9,C,4.408394403731,-149.65034736382978,-3.1197315233322294
15.0,0.9,C,4.418387741506,-149.60948444325774,-3.12054878174367
15.0,0.9,C,4.42838107928,-149.56889044016128,-3.1213606618056
15.0,0.9,C,4.438374417055,-149.52856312421923,-3.1221672081244405
15.0,0.9,C,4.44836775483,-149.48850028829892,-3.122968464842847
15.0,0.9,C,4.458361092605,-149.44869974811033,-3.1237644756466185
15.0,0.9,C,4.46835443038,-149.40915934189113,-3.124555283771003
15.0,0.9,C,4.478347768155,-149.36987693009053,-3.1253409320070147
15.0,0.9,C,4.488341105929,-149.33085039506034,-3.1261214627076184
15.0,0.9,C,4.498334443704,-149.29207764074,-3.126896917794025
15.0,0.9,C,4.508327781479,-149.25355659237687,-3.1276673387612877
15.0,0.9,C,4.518321119254,-149.21528519621955,-3.1284327666844343
15.0,0.9,C,4.528314457029,-149.17726141923444,-3.1291932422241366
15.0,0.9,C,4.538307794803,-149.13948324882625,-3.1299488056323
15.0,0.9,C,4.548301132578,-149.1019486925469,-3.1306994967578876
15.0,0.9,C,4.558294470353,-149.06465577784522,-3.1314453550519206
15.0,0.9,C,4.568287808128,-149.02760255178802,-3.132186419573065
15.0,0.9,C,4.578281145903,-148.9907870807993,-3.1329227289928396
15.0,0.9,C,4.588274483678,-148.9542074504065,-3.133654321600695
15.0,0.9,C,4.598267821452,-148.9178617649924,-3.134381235308977
15.0,0.9,C,4.608261159227,-148.88174814753378,-3.1351035076581497
15.0,0.9,C,4.618254497002,-148.8458647393817,-3.1358211758211905
15.0,0.9,C,4.628247834777,-148.8102097000117,-3.136534276608591
15.0,0.9,C,4.638241172552,-148.7747812067924,-3.137242846472977
15.0,0.9,C,4.648234510326,-148.73957745476523,-3.13794692151352
15.0,0.9,C,4.658227848101,-148.70459665640436,-3.1386465374807373
15.0,0.9,C,4.668221185876,-148.66983704142208,-3.1393417297803836
15.0,0.9,C,4.678214523651,-148.63529685653748,-3.1400325334780756
15.0,0.9,C,4.688207861426,-148.60097436527263,-3.140718983303372
15.0,0.9,C,4.698201199201,-148.566867847746,-3.141401113653905
15.0,0.9,C,4.708194536975,-148.53297560047378,-3.1420789585993503
15.0,0.9,C,4.71818787475,-148.49929593615929,-3.142752551885639
15.0,0.9,C,4.728181212525,-148.46582718351968,-3.143421926938432
15.0,0.9,C,4.7381745503,-148.4325676870814,-3.1440871168671976
15.0,0.9,C,4.748167888075,-148.39951580699903,-3.1447481544688447
15.0,0.9,C,4.758161225849,-148.36666991887418,-3.1454050722313416
15.0,0.9,C,4.768154563624,-148.334028413565,-3.1460579023375255
15.0,0.9,C,4.778147901399,-148.3015896970288,-3.14670667666825
15.0,0.9,C,4.788141239174,-148.26935219013868,-3.147351426806052
15.0,0.9,C,4.798134576949,-148.23731432851395,-3.1479921840385465
15.0,0.9,C,4.808127914724,-148.20547456235929,-3.1486289793616393
15.0,0.9,C,4.818121252498,-148.1738313563009,-3.1492618434828077
15.0,0.9,C,4.828114590273,-148.14238318921605,-3.149890806824504
15.0,0.9,C,4.838107928048,-148.11112855409397,-3.1505158995269458
15.0,0.9,C,4.848101265823,-148.0800659578707,-3.1511371514514117
15.0,0.9,C,4.858094603598,-148.04919392127738,-3.151754592183278
15.0,0.9,C,4.868087941372,-148.01851097869823,-3.152368251034861
15.0,0.9,C,4.878081279147,-147.98801567800874,-3.1529781570486506
15.0,0.9,C,4.888074616922,-147.95770658044995,-3.1535843389998255
15.0,0.9,C,4.898067954697,-147.92758226047698,-3.1541868253992855
15.0,0.9,C,4.908061292472,-147.897641305619,-3.1547856444964455
15.0,0.9,C,4.918054630247,-147.8678823163432,-3.1553808242819605
15.0,0.9,C,4.928047968021,-147.83830390592226,-3.1559723924903795
15.0,0.9,C,4.938041305796,-147.80890470028814,-3.156560376603062
15.0,0.9,C,4.948034643571,-147.77968333791915,-3.1571448038504415
15.0,0.9,C,4.958027981346,-147.75063846969593,-3.1577257012149063
15.0,0.9,C,4.968021319121,-147.72176875877705,-3.158303095433284
15.0,0.9,C,4.978014656895,-147.69307288047585,-3.1588770129993082
15.0,0.9,C,4.98800799467,-147.66454952212317,-3.1594474801663623
15.0,0.9,C,4.998001332445,-147.63619738295841,-3.1600145229496572
15.0,0.9,C,5.00799467022,-147.60801517399966,-3.160578167128832
15.0,0.9,C,5.017988007995,-147.58000161792074,-3.1611384382504104
15.0,0.9,C,5.027981345769,-147.5521554489375,-3.1616953616300756
15.0,0.9,C,5.037974683544,-147.52447541267608,-3.162248962355304
15.0,0.9,C,5.047968021319,-147.4969602660724,-3.162799265287377
15.0,0.9,C,5.057961359094,-147.46960877724354,-3.163346295063954
15.0,0.9,C,5.067954696869,-147.4424197253758,-3.163890076101309
15.0,0.9,C,5.077948034644,-147.4153919006085,-3.164430632596655
15.0,0.9,C,5.087941372418,-147.3885241039249,-3.164967988530327
15.0,0.9,C,5.097934710193,-147.36181514702577,-3.1655021676683095
15.0,0.9,C,5.107928047968,-147.33526385223465,-3.166033193564132
15.0,0.9,C,5.117921385743,-147.30886905237662,-3.166561089561293
15.0,0.9,C,5.127914723518,-147.282629590667,-3.167085878795485
15.0,0.9,C,5.137908061292,-147.25654432060693,-3.1676075841966864
15.0,0.9,C,5.147901399067,-147.23061210586198,-3.1681262284915856
15.0,0.9,C,5.157894736842,-147.2048318201692,-3.168641834205441
15.0,0.9,C,5.167888074617,-147.17920234721805,-3.169154423664464
15.0,0.9,C,5.177881412392,-147.1537225805469,-3.1696640189978873
15.0,0.9,C,5.187874750167,-147.12839142343336,-3.1701706421401576
15.0,0.9,C,5.197868087941,-147.10320778879415,-3.170674314832942
15.0,0.9,C,5.207861425716,-147.07817059906446,-3.171175058627536
15.0,0.9,C,5.217854763491,-147.05327878611146,-3.171672894886596
15.0,0.9,C,5.227848101266,-147.0285312911184,-3.1721678447864567
15.0,0.9,C,5.237841439041,-147.00392706448176,-3.1726599293191904
15.0,0.9,C,5.247834776815,-146.97946506571165,-3.1731491692945917
15.0,0.9,C,5.25782811459,-146.95514426331732,-3.173635585342479
15.0,0.9,C,5.267821452365,-146.93096363472068,-3.1741191979144117
15.0,0.9,C,5.27781479014,-146.90692216614346,-3.1746000272859556
15.0,0.9,C,5.287808127915,-146.88301885251025,-3.1750780935586205
15.0,0.9,C,5.29780146569,-146.85925269734508,-3.1755534166619235
15.0,0.9,C,5.307794803464,-146.83562271267513,-3.1760260163553227
15.0,0.9,C,5.317788141239,-146.81212791892202,-3.176495912230385
15.0,0.9,C,5.327781479014,-146.78876734481736,-3.176963123712478
15.0,0.9,C,5.337774816789,-146.76554002729435,-3.177427670062938
15.0,0.9,C,5.347768154564,-146.74244501139356,-3.177889570380954
15.0,0.9,C,5.357761492338,-146.71948135016837,-3.178348843605457
15.0,0.9,C,5.367754830113,-146.69664810457977,-3.1788055085172298
15.0,0.9,C,5.377748167888,-146.6739443434166,-3.179259583740493
15.0,0.9,C,5.387741505663,-146.65136914319157,-3.1797110877449937
15.0,0.9,C,5.397734843438,-146.6289215880475,-3.1801600388478755
15.0,0.9,C,5.407728181213,-146.6066007696705,-3.180606455215415
15.0,0.9,C,5.417721518987,-146.58440578719677,-3.1810503548648894
15.0,0.9,C,5.427714856762,-146.56233574711496,-3.181491755666526
15.0,0.9,C,5.437708194537,-146.54038976318867,-3.1819306753450514
15.0,0.9,C,5.447701532312,-146.51856695636224,-3.1823671314815805
15.0,0.9,C,5.457694870087,-146.49686645467264,-3.1828011415153727
15.0,0.9,C,5.467688207861,-146.4752873931674,-3.183232722745477
15.0,0.9,C,5.477681545636,-146.45382891381013,-3.1836618923326223
15.0,0.9,C,5.487674883411,-146.4324901654108,-3.1840886673006095
15.0,0.9,C,5.497668221186,-146.4112703035335,-3.1845130645381547
15.0,0.9,C,5.507661558961,-146.39016849041806,-3.1849351008004643
15.0,0.9,C,5.517654896736,-146.3691838948994,-3.1853547927108363
15.0,0.9,C,5.52764823451,-146.34831569233052,-3.185772156762215
15.0,0.9,C,5.537641572285,-146.32756306449886,-3.186187209318848
15.0,0.9,C,5.54763491006,-146.30692519955994,-3.1865999666176266
15.0,0.9,C,5.557628247835,-146.2864012919565,-3.187010444769695
15.0,0.9,C,5.56762158561,-146.26599054234595,-3.1874186597619056
15.0,0.9,C,5.577614923384,-146.24569215753175,-3.1878246274581903
15.0,0.9,C,5.587608261159,-146.22550535038303,-3.1882283636011644
15.0,0.9,C,5.597601598934,-146.20542933977967,-3.188629883813231
15.0,0.9,C,5.607594936709,-146.1854633505346,-3.189029203598133
15.0,0.9,C,5.617588274484,-146.16560661333176,-3.1894263383421904
15.0,0.9,C,5.627581612258,-146.14585836466154,-3.1898213033155947
15.0,0.9,C,5.637574950033,-146.12621784675116,-3.190214113673802
15.0,0.9,C,5.647568287808,-146.1066843075134,-3.1906047844585568
15.0,0.9,C,5.657561625583,-146.0872570004798,-3.1909933305992286
15.0,0.9,C,5.667554963358,-146.06793518474245,-3.191379766913976
15.0,0.9,C,5.677548301133,-146.04871812489756,-3.191764108110874
15.0,0.9,C,5.687541638907,-146.02960509099105,-3.192146368789004
15.0,0.9,C,5.697534976682,-146.0105953584573,-3.1925265634396793
15.0,0.9,C,5.707528314457,-145.99168820807515,-3.192904706447322
15.0,0.9,C,5.717521652232,-145.97288292591202,-3.1932808120905847
15.0,0.9,C,5.727514990007,-145.95417880327273,-3.1936548945433705
15.0,0.9,C,5.737508327781,-145.9355751366543,-3.194026967875739
15.0,0.9,C,5.747501665556,-145.91707122768892,-3.194397046055047
15.0,0.9,C,5.757495003331,-145.89866638311221,-3.194765142946581
15.0,0.9,C,5.767488341106,-145.88035991470718,-3.1951312723146814
15.0,0.9,C,5.777481678881,-145.8621511392641,-3.1954954478235424
15.0,0.9,C,5.787475016656,-145.84403937853918,-3.1958576830380414
15.0,0.9,C,5.79746835443,-145.8260239592119,-3.196217991424587
15.0,0.9,C,5.807461692205,-145.80810421284184,-3.196576386351988
15.0,0.9,C,5.81745502998,-145.7902794758363,-3.1969328810920996
15.0,0.9,C,5.827448367755,-145.77254908940807,-3.1972874888206637
15.0,0.9,C,5.83744170553,-145.75491239953953,-3.1976402226180345
15.0,0.9,C,5.847435043304,-145.7373687569474,-3.1979910954698774
15.0,0.9,C,5.857428381079,-145.71991751704155,-3.198340120267994
15.0,0.9,C,5.867421718854,-145.7025580399025,-3.198687309810775
15.0,0.9,C,5.877415056629,-145.6852896902389,-3.199032676804047
15.0,0.9,C,5.887408394404,-145.66811183735788,-3.199376233861667
15.0,0.9,C,5.897401732179,-145.65102385513342,-3.199717993506156
15.0,0.9,C,5.907395069953,-145.6340251219773,-3.2000579681692796
15.0,0.9,C,5.917388407728,-145.61711502080047,-3.200396170192816
15.0,0.9,C,5.927381745503,-145.6002929389946,-3.2007326118289328
15.0,0.9,C,5.937375083278,-145.58355826839517,-3.201067305240922
15.0,0.9,C,5.947368421053,-145.56691040525558,-3.201400262503714
15.0,0.9,C,5.957361758827,-145.5503487502187,-3.2017314956044514
15.0,0.9,C,5.967355096602,-145.5338727082832,-3.2020610164431607
15.0,0.9,C,5.977348434377,-145.51748168878515,-3.202388836833122
15.0,0.9,C,5.987341772152,-145.50117510536543,-3.2027149685015166
15.0,0.9,C,5.997335109927,-145.48495237594148,-3.2030394230899955
15.0,0.9,C,6.007328447702,-145.4688129226825,-3.2033622121551746
15.0,0.9,C,6.017321785476,-145.4527561719837,-3.2036833471691506
15.0,0.9,C,6.027315123251,-145.4367815544318,-3.204002839520189
15.0,0.9,C,6.037308461026,-145.4208885047894,-3.204320700513038
15.0,0.9,C,6.047301798801,-145.40507646196014,-3.204636941369623
15.0,0.9,C,6.057295136576,-145.38934486896562,-3.2049515732295126
15.0,0.9,C,6.06728847435,-145.37369317291643,-3.2052646071504967
15.0,0.9,C,6.077281812125,-145.35812082498248,-3.2055760541091756
15.0,0.9,C,6.0872751499,-145.34262728037302,-3.2058859250013643
15.0,0.9,C,6.097268487675,-145.32721199830328,-3.2061942306427595
15.0,0.9,C,6.10726182545,-145.31187444196772,-3.2065009817694707
15.0,0.9,C,6.117255163225,-145.29661407851222,-3.206806189038581
15.0,0.9,C,6.127248500999,-145.28143037900978,-3.2071098630286294
15.0,0.9,C,6.137241838774,-145.2663228184214,-3.2074120142403975
15.0,0.9,C,6.147235176549,-145.25129087557815,-3.2077126530972624
15.0,0.9,C,6.157228514324,-145.23633403314798,-3.208011789945866
15.0,0.9,C,6.167221852099,-145.22145177760333,-3.208309435056758
15.0,0.9,C,6.177215189873,-145.2066435991951,-3.208605598624923
15.0,0.9,C,6.187208527648,-145.19190899191668,-3.2089002907704915
15.0,0.9,C,6.197201865423,-145.17724745347905,-3.209193521539244
15.0,0.9,C,6.207195203198,-145.16265848527624,-3.2094853009033004
15.0,0.9,C,6.217188540973,-145.14814159235343,-3.209775638761757
15.0,0.9,C,6.227181878748,-145.13369628337503,-3.2100645449413245
15.0,0.9,C,6.237175216522,-145.11932207059374,-3.21035202919695
15.0,0.9,C,6.247168554297,-145.10501846981072,-3.210638101212611
15.0,0.9,C,6.257161892072,-145.09078500035227,-3.2109227706017798
15.0,0.9,C,6.267155229847,-145.07662118502765,-3.211206046908272
15.0,0.9,C,6.277148567622,-145.0625265500989,-3.211487939606847
15.0,0.9,C,6.287141905396,-145.04850062524545,-3.2117684581039163
15.0,0.9,C,6.297135243171,-145.03454294352412,-3.212047611738343
15.0,0.9,C,6.307128580946,-145.02065304134243,-3.2123254097819762
15.0,0.9,C,6.317121918721,-145.00683045841618,-3.212601861440502
15.0,0.9,C,6.327115256496,-144.99307473773567,-3.2128769758541114
15.0,0.9,C,6.33710859427,-144.97938542552993,-3.213150762098226
15.0,0.9,C,6.347101932045,-144.96576207122698,-3.213423229184286
15.0,0.9,C,6.35709526982,-144.9522042274198,-3.2136943860604292
15.0,0.9,C,6.367088607595,-144.9387114498303,-3.2139642416122194
15.0,0.9,C,6.37708194537,-144.92528329726946,-3.2142328046634363
15.0,0.9,C,6.387075283145,-144.91191933159996,-3.2145000839768256
15.0,0.9,C,6.397068620919,-144.89861911770402,-3.214766088254745
15.0,0.9,C,6.407061958694,-144.88538222343502,-3.2150308261401244
15.0,0.9,C,6.417055296469,-144.8722082195929,-3.215294306216967
15.0,0.9,C,6.427048634244,-144.85909667987883,-3.2155565370112487
15.0,0.9,C,6.437041972019,-144.8460471808603,-3.215817526991619
15.0,0.9,C,6.447035309793,-144.83305930193464,-3.2160772845701326
15.0,0.9,C,6.457028647568,-144.82013262528676,-3.21633581810309
15.0,0.9,C,6.467021985343,-144.80726673586057,-3.216593135891614
15.0,0.9,C,6.477015323118,-144.79446122131904,-3.2168492461824445
15.0,0.9,C,6.487008660893,-144.78171567200388,-3.2171041571687478
15.0,0.9,C,6.497001998668,-144.76902968090585,-3.2173578769907083
15.0,0.9,C,6.506995336442,-144.7564028436262,-3.2176104137363013
15.0,0.9,C,6.516988674217,-144.74383475833864,-3.2178617754420524
15.0,0.9,C,6.526982011992,-144.73132502576047,-3.2181119700936156
15.0,0.9,C,6.536975349767,-144.71887324911518,-3.2183610056265217
15.0,0.9,C,6.546968687542,-144.70647903409878,-3.2186088899268492
15.0,0.9,C,6.556962025316,-144.69414198884792,-3.2188556308318668
15.0,0.9,C,6.566955363091,-144.68186172390415,-3.219101236130742
15.0,0.9,C,6.576948700866,-144.66963785218496,-3.219345713565126
15.0,0.9,C,6.586942038641,-144.65746998895435,-3.2195890708297386
15.0,0.9,C,6.596935376416,-144.64535775178683,-3.2198313155730887
15.0,0.9,C,6.606928714191,-144.63330076054302,-3.2200724553979647
15.0,0.9,C,6.616922051965,-144.62129863733855,-3.2203124978620536
15.0,0.9,C,6.62691538974,-144.609351006511,-3.220551450478606
15.0,0.9,C,6.636908727515,-144.5974574946024,-3.220789320716777
15.0,0.9,C,6.64690206529,-144.585617730324,-3.221026116002345
15.0,0.9,C,6.656895403065,-144.57383134453605,-3.221261843718104
15.0,0.9,C,6.666888740839,-144.56209797021972,-3.221496511204431
15.0,0.9,C,6.676882078614,-144.55041724245214,-3.221730125759783
15.0,0.9,C,6.686875416389,-144.5387887983869,-3.2219626946410873
15.0,0.9,C,6.696868754164,-144.52721227723023,-3.2221942250642206
15.0,0.9,C,6.706862091939,-144.51568732021914,-3.2224247242044424
15.0,0.9,C,6.716855429714,-144.50421357060074,-3.22265419919681
15.0,0.9,C,6.726848767488,-144.49279067361502,-3.222882657136525
15.0,0.9,C,6.736842105263,-144.48141827647183,-3.223110105079389
15.0,0.9,C,6.746835443038,-144.47009602833725,-3.22333655004208
15.0,0.9,C,6.756828780813,-144.45882358031673,-3.223561999002491
15.0,0.9,C,6.766822118588,-144.44760058543693,-3.223786458900087
15.0,0.9,C,6.776815456362,-144.43642669863206,-3.2240099366361843
15.0,0.9,C,6.786808794137,-144.42530157672877,-3.2242324390742496
15.0,0.9,C,6.796802131912,-144.41422487843406,-3.2244539730401445
15.0,0.9,C,6.806795469687,-144.40319626432193,-3.224674545322386
15.0,0.9,C,6.816788807462,-144.39221539682316,-3.224894162672362
15.0,0.9,C,6.826782145237,-144.38128194021147,-3.225112831804596
15.0,0.9,C,6.836775483011,-144.37039556059878,-3.2253305593968493
15.0,0.9,C,6.846768820786,-144.35955592591733,-3.2255473520904783
15.0,0.9,C,6.856762158561,-144.34876270591894,-3.2257632164904457
15.0,0.9,C,6.866755496336,-144.33801557216478,-3.2259781591655297
15.0,0.9,C,6.876748834111,-144.3273141980155,-3.2261921866485155
15.0,0.9,C,6.886742171885,-144.3166582586276,-3.226405305436273
15.0,0.9,C,6.89673550966,-144.30604743094347,-3.2266175219899558
15.0,0.9,C,6.906728847435,-144.29548139368984,-3.2268288427350287
15.0,0.9,C,6.91672218521,-144.2849598273699,-3.2270392740614264
15.0,0.9,C,6.926715522985,-144.27448241426004,-3.227248822323624
15.0,0.9,C,6.936708860759,-144.26404883840408,-3.2274574938407437
15.0,0.9,C,6.946702198534,-144.25365878560856,-3.227665294896654
15.0,0.9,C,6.956695536309,-144.24331194344214,-3.2278722317399824
15.0,0.9,C,6.966688874084,-144.23300800122848,-3.2280783105842557
15.0,0.9,C,6.976682211859,-144.2227466500463,-3.228283537607899
15.0,0.9,C,6.986675549634,-144.21252758272334,-3.2284879189543583
15.0,0.9,C,6.996668887408,-144.20235049383555,-3.2286914607321138
15.0,0.9,C,7.006662225183,-144.19221507970133,-3.228894169014798
15.0,0.9,C,7.016655562958,-144.1821210383818,-3.2290960498411887
15.0,0.9,C,7.026648900733,-144.17206806967786,-3.229297109215268
15.0,0.9,C,7.036642238508,-144.16205587512525,-3.2294973531063196
15.0,0.9,C,7.046635576282,-144.15208415799265,-3.229696787448973
15.0,0.9,C,7.056628914057,-144.14215262327627,-3.229895418143299
15.0,0.9,C,7.066622251832,-144.13226097770027,-3.2300932510548197
15.0,0.9,C,7.076615589607,-144.1224089297125,-3.2302902920145753
15.0,0.9,C,7.086608927382,-144.11259618947693,-3.2304865468192863
15.0,0.9,C,7.096602265157,-144.10282246887425,-3.2306820212313396
15.0,0.9,C,7.106595602931,-144.093087481496,-3.230876720978905
15.0,0.9,C,7.116588940706,-144.0833909426342,-3.2310706517561414
15.0,0.9,C,7.126582278481,-144.07373256928608,-3.2312638192231034
15.0,0.9,C,7.136575616256,-144.06411208014052,-3.2314562290060147
15.0,0.9,C,7.146568954031,-144.05452919557646,-3.231647886697296
15.0,0.9,C,7.156562291805,-144.0449836376526,-3.231838797855773
15.0,0.9,C,7.16655562958,-144.03547513010122,-3.2320289680068006
15.0,0.9,C,7.176548967355,-144.02600339832418,-3.2322184026423417
15.0,0.9,C,7.18654230513,-144.01656816937816,-3.232407107221262
15.0,0.9,C,7.196535642905,-144.0071691719724,-3.2325950871693774
15.0,0.9,C,7.20652898068,-143.99780613645444,-3.232782347879736
15.0,0.9,C,7.216522318454,-143.9884787948028,-3.2329688947127693
15.0,0.9,C,7.226515656229,-143.9791868806119,-3.233154732996587
15.0,0.9,C,7.236508994004,-143.96993012908854,-3.233339868027054
15.0,0.9,C,7.246502331779,-143.9607082770331,-3.2335243050681632
15.0,0.9,C,7.256495669554,-143.95152106283012,-3.233708049352223
15.0,0.9,C,7.266489007328,-143.9423682264356,-3.2338911060801134
15.0,0.9,C,7.276482345103,-143.93324950935744,-3.2340734804216766
15.0,0.9,C,7.286475682878,-143.9241646546509,-3.2342551775158075
15.0,0.9,C,7.296469020653,-143.91511340689533,-3.234436202470919
15.0,0.9,C,7.306462358428,-143.90609551218105,-3.234616560365204
15.0,0.9,C,7.316455696203,-143.89711071809555,-3.234796256246914
15.0,0.9,C,7.326449033977,-143.8881587737034,-3.2349752951347575
15.0,0.9,C,7.336442371752,-143.8792394295278,-3.2351536820182694
15.0,0.9,C,7.346435709527,-143.87035243753832,-3.2353314218580587
15.0,0.9,C,7.356429047302,-143.8614975511269,-3.235508519586287
15.0,0.9,C,7.366422385077,-143.85267452509237,-3.235684980106978
15.0,0.9,C,7.376415722851,-143.84388311561926,-3.2358608082964397
15.0,0.9,C,7.386409060626,-143.8351230802567,-3.2360360090036915
15.0,0.9,C,7.396402398401,-143.826394177903,-3.2362105870507647
15.0,0.9,C,7.406395736176,-143.81769616878074,-3.2363845472332105
15.0,0.9,C,7.416389073951,-143.80902881441824,-3.2365578943204603
15.0,0.9,C,7.426382411726,-143.80039187762566,-3.236730633056312
15.0,0.9,C,7.4363757495,-143.79178512247853,-3.2369027681592546
15.0,0.9,C,7.446369087275,-143.7832083142886,-3.237074304323053
15.0,0.9,C,7.45636242505,-143.77466121959097,-3.237245246217006
15.0,0.9,C,7.466355762825,-143.7661436061142,-3.237415598486541
15.0,0.9,C,7.4763491006,-143.7576552427636,-3.237585365753553
15.0,0.9,C,7.486342438374,-143.7491958995982,-3.237754552616861
15.0,0.9,C,7.496335776149,-143.74076534780403,-3.237923163652744
15.0,0.9,C,7.506329113924,-143.7323633596788,-3.238091203415249
15.0,0.9,C,7.516322451699,-143.7239897086063,-3.238258676436699
15.0,0.9,C,7.526315789474,-143.7156441690343,-3.2384255872281384
15.0,0.9,C,7.536309127249,-143.70732651645514,-3.2385919402797216
15.0,0.9,C,7.546302465023,-143.6990365273816,-3.2387577400611933
15.0,0.9,C,7.556295802798,-143.69077397932568,-3.238922991022311
15.0,0.9,C,7.566289140573,-143.68253865078074,-3.2390876975932104
15.0,0.9,C,7.576282478348,-143.6743303211989,-3.2392518641848467
15.0,0.9,C,7.586275816123,-143.66614877096941,-3.239415495189437
15.0,0.9,C,7.596269153897,-143.65799378140196,-3.2395785949807863
15.0,0.9,C,7.606262491672,-143.649865134703,-3.2397411679147656
15.0,0.9,C,7.616255829447,-143.64176261396233,-3.2399032183295784
15.0,0.9,C,7.626249167222,-143.63368600312958,-3.2400647505462334
15.0,0.9,C,7.636242504997,-143.6256350869996,-3.240225768868833
15.0,0.9,C,7.646235842771,-143.61760965119535,-3.240386277584918
15.0,0.9,C,7.656229180546,-143.6096094821461,-3.240546280965903
15.0,0.9,C,7.666222518321,-143.60163436707964,-3.240705783267232
15.0,0.9,C,7.676215856096,-143.59368409400045,-3.2408647887288167
15.0,0.9,C,7.686209193871,-143.58575845167812,-3.2410233015752623
15.0,0.9,C,7.696202531646,-143.57785722963257,-3.2411813260161737
15.0,0.9,C,7.70619586942,-143.56998021812086,-3.2413388662464078
15.0,0.9,C,7.716189207195,-143.56212720812337,-3.2414959264463574
15.0,0.9,C,7.72618254497,-143.55429799133455,-3.2416525107821346
15.0,0.9,C,7.736175882745,-143.5464923601512,-3.2418086234058006
15.0,0.9,C,7.74616922052,-143.53871010766062,-3.2419642684556127
15.0,0.9,C,7.756162558294,-143.53095102763476,-3.24211945005613
15.0,0.9,C,7.766155896069,-143.523214914515,-3.2422741723185253
15.0,0.9,C,7.776149233844,-143.51550156341196,-3.242428439340586
15.0,0.9,C,7.786142571619,-143.50781077009518,-3.242582255206922
15.0,0.9,C,7.796135909394,-143.50014233098398,-3.242735623989145
15.0,0.9,C,7.806129247169,-143.49249604314727,-3.24288854974588
15.0,0.9,C,7.816122584943,-143.48487170429507,-3.2430410365229236
15.0,0.9,C,7.826115922718,-143.4772691127744,-3.2431930883533377
15.0,0.9,C,7.836109260493,-143.4696880675689,-3.2433447092574474
15.0,0.9,C,7.846102598268,-143.4621283682936,-3.243495903242953
15.0,0.9,C,7.856095936043,-143.4545898151928,-3.2436466743049697
15.0,0.9,C,7.866089273817,-143.44707220914225,-3.2437970264259803
15.0,0.9,C,7.876082611592,-143.43957535164307,-3.2439469635759637
15.0,0.9,C,7.886075949367,-143.43209904482703,-3.2440964897122844
15.0,0.9,C,7.896069287142,-143.42464309145416,-3.2442456087797416
15.0,0.9,C,7.906062624917,-143.41720729491405,-3.2443943247105445
15.0,0.9,C,7.916055962692,-143.4097914592298,-3.2445426414242293
15.0,0.9,C,7.926049300466,-143.40239538905806,-3.2446905628276643
15.0,0.9,C,7.936042638241,-143.3950188896887,-3.244838092815051
15.0,0.9,C,7.946035976016,-143.38766176705616,-3.244985235267702
15.0,0.9,C,7.956029313791,-143.380323827734,-3.245131994054145
15.0,0.9,C,7.966022651566,-143.3730048789453,-3.245278373029919
15.0,0.9,C,7.97601598934,-143.36570472856238,-3.245424376037578
15.0,0.9,C,7.986009327115,-143.3584231851115,-3.245570006906595
15.0,0.9,C,7.99600266489,-143.35116005778016,-3.245715269453222
15.0,0.9,C,8.005996002665,-143.34391515641806,-3.245860167480464
15.0,0.9,C,8.01598934044,-143.33668829154612,-3.246004704777903
15.0,0.9,C,8.025982678215,-143.32947927435583,-3.2461488851217086
15.0,0.9,C,8.035976015989,-143.3222879167196,-3.246292712274433
15.0,0.9,C,8.045969353764,-143.31511403119063,-3.2464361899850127
15.0,0.9,C,8.055962691539,-143.30795743101092,-3.2465793219886065
15.0,0.9,C,8.065956029314,-143.30081793011615,-3.2467221120065024
15.0,0.9,C,8.075949367089,-143.2936953431373,-3.246864563746079
15.0,0.9,C,8.085942704863,-143.28658948540806,-3.2470066809006637
15.0,0.9,C,8.095936042638,-143.27950017296502,-3.247148467149525
15.0,0.9,C,8.105929380413,-143.27242722255693,-3.2472899261576864
15.0,0.9,C,8.115922718188,-143.26537045164287,-3.247431061575968
15.0,0.9,C,8.125916055963,-143.25832967839898,-3.247571877040846
15.0,0.9,C,8.135909393738,-143.25130472171904,-3.2477123761744444
15.0,0.9,C,8.145902731512,-143.24429540121827,-3.24785256258446
15.0,0.9,C,8.155896069287,-143.23730153723187,-3.2479924398641877
15.0,0.9,C,8.165889407062,-143.23032295082263,-3.2481320115923724
15.0,0.9,C,8.175882744837,-143.22335946377467,-3.2482712813333317
15.0,0.9,C,8.185876082612,-143.21641089859943,-3.2484102526368366
15.0,0.9,C,8.195869420386,-143.2094770785321,-3.248548929038183
15.0,0.9,C,8.205862758161,-143.20255782752994,-3.248687314058226
15.0,0.9,C,8.215856095936,-143.19565297027358,-3.2488254112033537
15.0,0.9,C,8.225849433711,-143.18876233216446,-3.248963223965536
15.0,0.9,C,8.235842771486,-143.18188573931994,-3.2491007558224263
15.0,0.9,C,8.24583610926,-143.1750230185711,-3.2492380102374034
15.0,0.9,C,8.255829447035,-143.1681739974572,-3.2493749906596814
15.0,0.9,C,8.26582278481,-143.16133850422338,-3.2495117005243572
15.0,0.9,C,8.275816122585,-143.15451636781327,-3.24964814325256
15.0,0.9,C,8.28580946036,-143.14770741786307,-3.2497843222515637
15.0,0.9,C,8.295802798135,-143.14091148469367,-3.249920240914952
15.0,0.9,C,8.305796135909,-143.13412839930578,-3.2500559026227096
15.0,0.9,C,8.315789473684,-143.12735799336565,-3.2501913107415117
15.0,0.9,C,8.325782811459,-143.12060009920344,-3.250326468624756
15.0,0.9,C,8.335776149234,-143.11385454979856,-3.250461379612854
15.0,0.9,C,8.345769487009,-143.1071211787698,-3.2505960470334294
15.0,0.9,C,8.355762824783,-143.10039982036753,-3.2507304742014744
15.0,0.9,C,8.365756162558,-143.0936903094553,-3.250864664419719
15.0,0.9,C,8.375749500333,-143.08699248150535,-3.250998620978718
15.0,0.9,C,8.385742838108,-143.08030617258004,-3.251132347157225
15.0,0.9,C,8.395736175883,-143.07363121932093,-3.2512658462224064
15.0,0.9,C,8.405729513658,-143.0669674589338,-3.251399121430149
15.0,0.9,C,8.415722851432,-143.06031472917627,-3.2515321760252998
15.0,0.9,C,8.425716189207,-143.05367286833732,-3.251665013242079
15.0,0.9,C,8.435709526982,-143.0470417152288,-3.251797636304249
15.0,0.9,C,8.445702864757,-143.0404211091654,-3.251930048425517
15.0,0.9,C,8.455696202532,-143.03381088994854,-3.2520622528098544
15.0,0.9,C,8.465689540306,-143.02721089785268,-3.252194252651771
15.0,0.9,C,8.475682878081,-143.02062097360346,-3.2523260511367558
15.0,0.9,C,8.485676215856,-143.01404095836511,-3.2524576514415227
15.0,0.9,C,8.495669553631,-143.00747069372198,-3.2525890567343856
15.0,0.9,C,8.505662891406,-143.00091002166008,-3.2527202701756233
15.0,0.9,C,8.515656229181,-142.9943587845498,-3.2528512949178294
15.0,0.9,C,8.525649566955,-142.98781682512964,-3.2529821341062326
15.0,0.9,C,8.53564290473,-142.98128398648453,-3.253112790879135
15.0,0.9,C,8.545636242505,-142.97476011203318,-3.253243268368162
15.0,0.9,C,8.55562958028,-142.96824504550725,-3.25337356969868
15.0,0.9,C,8.565622918055,-142.9617386309345,-3.2535036979901353
15.0,0.9,C,8.575616255829,-142.955240712622,-3.2536336563563855
15.0,0.9,C,8.585609593604,-142.9487511351367,-3.253763447906091
15.0,0.9,C,8.595602931379,-142.9422697432906,-3.2538930757430133
15.0,0.9,C,8.605596269154,-142.93579638212347,-3.2540225429663554
15.0,0.9,C,8.615589606929,-142.9293308968863,-3.2541518526710993
15.0,0.9,C,8.625582944704,-142.9228731330241,-3.254281007948343
15.0,0.9,C,8.635576282478,-142.91642293616331,-3.2544100118855592
15.0,0.9,C,8.645569620253,-142.90998015209004,-3.254538867567024
15.0,0.9,C,8.655562958028,-142.90354462674355,-3.254667578073954
15.0,0.9,C,8.665556295803,-142.89711620619605,-3.254796146484904
15.0,0.9,C,8.675549633578,-142.89069473664046,-3.254924575876016
15.0,0.9,C,8.685542971352,-142.88428006437857,-3.2550528693212537
15.0,0.9,C,8.695536309127,-142.87787203580484,-3.2551810298927277
15.0,0.9,C,8.705529646902,-142.8714704973987,-3.2553090606608515
15.0,0.9,C,8.715522984677,-142.86507529571057,-3.2554369646946135
15.0,0.9,C,8.725516322452,-142.85868627735132,-3.2555647450617986
15.0,0.9,C,8.735509660227,-142.8523032889829,-3.255692404829167
15.0,0.9,C,8.745502998001,-142.84592617730902,-3.255819947062645
15.0,0.9,C,8.755496335776,-142.8395547890646,-3.255947374827533
15.0,0.9,C,8.765489673551,-142.83318897101083,-3.256074691188609
15.0,0.9,C,8.775483011326,-142.82682856992696,-3.256201899210286
15.0,0.9,C,8.785476349101,-142.82047343260245,-3.256329001956776
15.0,0.9,C,8.795469686875,-142.8141234058342,-3.256456002492141
15.0,0.9,C,8.80546302465,-142.80777833641756,-3.2565829038804743
15.0,0.9,C,8.815456362425,-142.80143807114587,-3.256709709185908
15.0,0.9,C,8.8254497002,-142.79510245680632,-3.256836421472699
15.0,0.9,C,8.835443037975,-142.7887713401765,-3.256963043805295
15.0,0.9,C,8.84543637575,-142.78244456802204,-3.2570895792483836
15.0,0.9,C,8.855429713524,-142.77612198709758,-3.257216030866874
15.0,0.9,C,8.865423051299,-142.7698034441433,-3.257342401725959
15.0,0.9,C,8.875416389074,-142.76348878588777,-3.25746869489107
15.0,0.9,C,8.885409726849,-142.75717785904808,-3.257594913427863
15.0,0.9,C,8.895403064624,-142.75087051033057,-3.257721060402214
15.0,0.9,C,8.905396402398,-142.74456658643476,-3.25784713888013
15.0,0.9,C,8.915389740173,-142.7382659340518,-3.2579731519277892
15.0,0.9,C,8.925383077948,-142.7319683998762,-3.2580991026113013
15.0,0.9,C,8.935376415723,-142.72567383059976,-3.25822499399683
15.0,0.9,C,8.945369753498,-142.7193820729235,-3.2583508291503547
15.0,0.9,C,8.955363091272,-142.71309297355876,-3.2584766111376497
15.0,0.9,C,8.965356429047,-142.7068063792337,-3.2586023430241506
15.0,0.9,C,8.975349766822,-142.70052213669848,-3.2587280278748554
15.0,0.9,C,8.985343104597,-142.69424009273203,-3.2588536687541843
15.0,0.9,C,8.995336442372,-142.687960094148,-3.258979268725865
15.0,0.9,C,9.005329780147,-142.68168198780097,-3.2591048308528054
15.0,0.9,C,9.015323117921,-142.67540562059517,-3.259230358196922
15.0,0.9,C,9.025316455696,-142.66913083948754,-3.2593558538190743
15.0,0.9,C,9.035309793471,-142.66285749149998,-3.2594813207788254
15.0,0.9,C,9.045303131246,-142.6565854237227,-3.2596067621343714
15.0,0.9,C,9.055296469021,-142.6503144833239,-3.259732180942347
15.0,0.9,C,9.065289806795,-142.64404451755564,-3.2598575802577128
15.0,0.9,C,9.07528314457,-142.63777537376174,-3.2599829631335906
15.0,0.9,C,9.085276482345,-142.63150689938556,-3.2601083326211135
15.0,0.9,C,9.09526982012,-142.62523894197585,-3.2602336917693084
15.0,0.9,C,9.105263157895,-142.61897134919423,-3.260359043624941
15.0,0.9,C,9.11525649567,-142.61270396882216,-3.2604843912323815
15.0,0.9,C,9.125249833444,-142.6064366487681,-3.2606097376334633
15.0,0.9,C,9.135243171219,-142.60016923707002,-3.260735085867424
15.0,0.9,C,9.145236508994,-142.593901581906,-3.260860438970705
15.0,0.9,C,9.155229846769,-142.58763353159654,-3.2609857999768948
15.0,0.9,C,9.165223184544,-142.58136493460947,-3.2611111719166357
15.0,0.9,C,9.175216522318,-142.57509563956694,-3.2612365578174867
15.0,0.9,C,9.185209860093,-142.5688254952447,-3.261361960703931
15.0,0.9,C,9.195203197868,-142.56255435058102,-3.261487383597205
15.0,0.9,C,9.205196535643,-142.55628205467596,-3.2616128295153057
15.0,0.9,C,9.215189873418,-142.550008456793,-3.2617383014729655
15.0,0.9,C,9.225183211193,-142.54373340636468,-3.2618638024815314
15.0,0.9,C,9.235176548967,-142.5374567529897,-3.2619893355490306
15.0,0.9,C,9.245169886742,-142.53117834643317,-3.2621149036801618
15.0,0.9,C,9.255163224517,-142.5248980366289,-3.2622405098762473
15.0,0.9,C,9.265156562292,-142.51861567367763,-3.262366157135273
15.0,0.9,C,9.275149900067,-142.51233110784298,-3.262491848451966
15.0,0.9,C,9.285143237841,-142.5060441895508,-3.2626175868178087
15.0,0.9,C,9.295136575616,-142.49975476938465,-3.2627433752211323
15.0,0.9,C,9.305129913391,-142.49346269808296,-3.262869216647166
15.0,0.9,C,9.315123251166,-142.48716782653378,-3.2629951140781497
15.0,0.9,C,9.325116588941,-142.48087000576723,-3.2631210704934808
15.0,0.9,C,9.335109926716,-142.47456908695332,-3.2632470888697584
15.0,0.9,C,9.34510326449,-142.46826492139098,-3.2633731721810055
15.0,0.9,C,9.355096602265,-142.46195736049998,-3.2634993233988254
15.0,0.9,C,9.36508994004,-142.45564625581522,-3.2636255454925203
15.0,0.9,C,9.375083277815,-142.44933145897605,-3.263751841429304
15.0,0.9,C,9.38507661559,-142.44301282171529,-3.2638782141745195
15.0,0.9,C,9.395069953364,-142.43669019585002,-3.2640046666918248
15.0,0.9,C,9.405063291139,-142.43036343326725,-3.26413120194348
15.0,0.9,C,9.415056628914,-142.4240323859157,-3.2642578228905115
15.0,0.9,C,9.425049966689,-142.41769690579125,-3.2643845324929996
15.0,0.9,C,9.435043304464,-142.41135684492292,-3.2645113337103666
15.0,0.9,C,9.445036642239,-142.40501205536017,-3.2646382295016214
15.0,0.9,C,9.455029980013,-142.3986623891583,-3.2647652228256594
15.0,0.9,C,9.465023317788,-142.39230769836132,-3.264892316641599
15.0,0.9,C,9.475016655563,-142.38594783499047,-3.2650195139090155
15.0,0.9,C,9.485009993338,-142.3795826510257,-3.265146817588312
15.0,0.9,C,9.495003331113,-142.37321199839118,-3.265274230641001
15.0,0.9,C,9.504996668887,-142.3668357289369,-3.2654017560300868
15.0,0.9,C,9.514990006662,-142.36045369442243,-3.2655293967203765
15.0,0.9,C,9.524983344437,-142.35406574650113,-3.265657155678802
15.0,0.9,C,9.534976682212,-142.34767173670193,-3.265785035874787
15.0,0.9,C,9.544970019987,-142.3412715164117,-3.2659130402805916
15.0,0.9,C,9.554963357761,-142.3348649368576,-3.2660411718716733
15.0,0.9,C,9.564956695536,-142.32845184908965,-3.266169433627032
15.0,0.9,C,9.574950033311,-142.32203210396275,-3.2662978285295705
15.0,0.9,C,9.584943371086,-142.31560555212022,-3.2664263595664202
15.0,0.9,C,9.594936708861,-142.30917204397545,-3.266555029729316
15.0,0.9,C,9.604930046636,-142.3027314296917,-3.266683842014991
15.0,0.9,C,9.61492338441,-142.29628355917185,-3.2668127994253884
15.0,0.9,C,9.624916722185,-142.28982828203146,-3.2669419049681956
15.0,0.9,C,9.63491005996,-142.2833654475906,-3.267071161657013
15.0,0.9,C,9.644903397735,-142.27689490485326,-3.26720057251176
15.0,0.9,C,9.65489673551,-142.2704165024904,-3.2673301405590176
15.0,0.9,C,9.664890073284,-142.2639300888271,-3.2674598688322836
15.0,0.9,C,9.674883411059,-142.2574355118226,-3.267589760372373
15.0,0.9,C,9.684876748834,-142.25093261906045,-3.2677198182276164
15.0,0.9,C,9.694870086609,-142.2444212577299,-3.267850045454227
15.0,0.9,C,9.704863424384,-142.2379012746145,-3.2679804451165353
15.0,0.9,C,9.714856762159,-142.23137251607693,-3.2681110202872863
15.0,0.9,C,9.724850099933,-142.22483482804827,-3.26824177404786
15.0,0.9,C,9.734843437708,-142.21828805601086,-3.268372709488608
15.0,0.9,C,9.744836775483,-142.2117320449937,-3.2685038297089513
15.0,0.9,C,9.754830113258,-142.20516663955752,-3.268635137817675
15.0,0.9,C,9.764823451033,-142.19859168378423,-3.2687666369331403
15.0,0.9,C,9.774816788807,-142.19200702126878,-3.26889833018345
15.0,0.9,C,9.784810126582,-142.18541249510963,-3.269030220706633
15.0,0.9,C,9.794803464357,-142.17880794790167,-3.269162311650792
15.0,0.9,C,9.804796802132,-142.17219322172727,-3.26929460617428
15.0,0.9,C,9.814790139907,-142.1655681581528,-3.2694271074457686
15.0,0.9,C,9.824783477682,-142.15893259821945,-3.269559818644436
15.0,0.9,C,9.834776815456,-142.15228638244062,-3.2696927429600127
15.0,0.9,C,9.844770153231,-142.14562935079522,-3.269825883592921
15.0,0.9,C,9.854763491006,-142.13896134272773,-3.269959243754271
15.0,0.9,C,9.864756828781,-142.13228219714318,-3.2700928266659615
15.0,0.9,C,9.874750166556,-142.12559175240622,-3.270226635560701
15.0,0.9,C,9.88474350433,-142.11888984633933,-3.2703606736820388
15.0,0.9,C,9.894736842105,-142.11217631622094,-3.2704949442844065
15.0,0.9,C,9.90473017988,-142.1054509987897,-3.270629450633031
15.0,0.9,C,9.914723517655,-142.09871373024052,-3.2707641960040146
15.0,0.9,C,9.92471685543,-142.09196434623175,-3.27089918368419
15.0,0.9,C,9.934710193205,-142.08520268188263,-3.2710344169711725
15.0,0.9,C,9.944703530979,-142.07842857177732,-3.2711698991732785
15.0,0.9,C,9.954696868754,-142.0716418499688,-3.271305633609449
15.0,0.9,C,9.964690206529,-142.06484234998425,-3.27144162360914
15.0,0.9,C,9.974683544304,-142.05802990482636,-3.271577872512298
15.0,0.9,C,9.984676882079,-142.05120434698165,-3.271714383669192
15.0,0.9,C,9.994670219853,-142.04436550842436,-3.271851160440338
15.0,0.9,C,10.004663557628,-142.03751322061956,-3.271988206196434
15.0,0.9,C,10.014656895403,-142.03064731453446,-3.272125524318136
15.0,0.9,C,10.024650233178,-142.023767620641,-3.272263118196005
15.0,0.9,C,10.034643570953,-142.0168739689242,-3.272400991230342
15.0,0.9,C,10.044636908728,-142.00996618888846,-3.2725391468310563
15.0,0.9,C,10.054630246502,-142.0030441095653,-3.272677588417519
15.0,0.9,C,10.064623584277,-141.9961075595188,-3.272816319418449
15.0,0.9,C,10.074616922052,-141.98915636685405,-3.272955343271744
15.0,0.9,C,10.084610259827,-141.9821903592264,-3.273094663424297
15.0,0.9,C,10.094603597602,-141.97520936384547,-3.2732342833319152
15.0,0.9,C,10.104596935376,-141.96821320748373,-3.2733742064591502
15.0,0.9,C,10.114590273151,-141.96120171648388,-3.273514436279148
15.0,0.9,C,10.124583610926,-141.9541747167644,-3.273654976273537
15.0,0.9,C,10.134576948701,-141.94713203382815,-3.273795829932262
15.0,0.9,C,10.144570286476,-141.94007349276885,-3.2739370007534485
15.0,0.9,C,10.154563624251,-141.93299891827434,-3.274078492243339
15.0,0.9,C,10.164556962025,-141.92590813463553,-3.274220307916114
15.0,0.9,C,10.1745502998,-141.91880096574886,-3.274362451293848
15.0,0.9,C,10.184543637575,-141.91167723512407,-3.2745049259063435
15.0,0.9,C,10.19453697535,-141.9045367658863,-3.2746477352910994
15.0,0.9,C,10.204530313125,-141.89737938078193,-3.2747908829931864
15.0,0.9,C,10.214523650899,-141.89020490218044,-3.2749343725652165
15.0,0.9,C,10.224516988674,-141.8830131520766,-3.2750782075672937
15.0,0.9,C,10.234510326449,-141.87580395209395,-3.2752223915669463
15.0,0.9,C,10.244503664224,-141.86857712348618,-3.2753669281391016
15.0,0.9,C,10.254497001999,-141.86133248713685,-3.2755118208660887
15.0,0.9,C,10.264490339773,-141.8540698635594,-3.275657073337637
15.0,0.9,C,10.274483677548,-141.84678907289754,-3.2758026891508742
15.0,0.9,C,10.284477015323,-141.83948993492126,-3.2759486719103994
15.0,0.9,C,10.294470353098,-141.83217226902792,-3.2760950252282672
15.0,0.9,C,10.304463690873,-141.82483589423694,-3.2762417527240864
15.0,0.9,C,10.314457028648,-141.81748062918476,-3.2763888580251304
15.0,0.9,C,10.324450366422,-141.81010629212318,-3.2765363447663614
15.0,0.9,C,10.334443704197,-141.80271270091012,-3.2766842165906223
15.0,0.9,C,10.344437041972,-141.79529967300573,-3.2768324771487105
15.0,0.9,C,10.354430379747,-141.78786702546378,-3.2769811300995495
15.0,0.9,C,10.364423717522,-141.78041457492498,-3.2771301791103262
15.0,0.9,C,10.374417055296,-141.7729421376056,-3.277279627856713
15.0,0.9,C,10.384410393071,-141.76544952928808,-3.2774294800230632
15.0,0.9,C,10.394403730846,-141.7579365653129,-3.277579739302568
15.0,0.9,C,10.404397068621,-141.7504030605646,-3.277730409397533
15.0,0.9,C,10.414390406396,-141.74284882945838,-3.277881494019658
15.0,0.9,C,10.424383744171,-141.73527368593147,-3.278032996890196
15.0,0.9,C,10.434377081945,-141.7276774434251,-3.2781849217403227
15.0,0.9,C,10.44437041972,-141.72005991487026,-3.2783372723114197
15.0,0.9,C,10.454363757495,-141.71242091267592,-3.278490052355307
15.0,0.9,C,10.46435709527,-141.70476024870848,-3.278643265634656
15.0,0.9,C,10.474350433045,-141.69707773427928,-3.2787969159232397
15.0,0.9,C,10.484343770819,-141.68937318012502,-3.2789510070063246
15.0,0.9,C,10.494337108594,-141.68164639638985,-3.279105542681028
15.0,0.9,C,10.504330446369,-141.67389719260888,-3.279260526756648
15.0,0.9,C,10.514323784144,-141.66612537768847,-3.279415963055056
15.0,0.9,C,10.524317121919,-141.65833075988624,-3.2795718554111
15.0,0.9,C,10.534310459694,-141.65051314679306,-3.279728207672964
15.0,0.9,C,10.544303797468,-141.64267234531195,-3.2798850237025863
15.0,0.9,C,10.554297135243,-141.63480816163784,-3.280042307376068
15.0,0.9,C,10.564290473018,-141.62692040123852,-3.280200062584054
15.0,0.9,C,10.574283810793,-141.6190088688314,-3.280358293232197
15.0,0.9,C,10.584277148568,-141.611073368365,-3.2805170032415254
15.0,0.9,C,10.594270486342,-141.60311370299738,-3.2806761965488778
15.0,0.9,C,10.604263824117,-141.5951296750733,-3.280835877107359
15.0,0.9,C,10.614257161892,-141.58712108610464,-3.280996048886733
15.0,0.9,C,10.624250499667,-141.57908773675072,-3.281156715873811
15.0,0.9,C,10.634243837442,-141.57102942679455,-3.281317882072934
15.0,0.9,C,10.644237175217,-141.56294595512477,-3.28147955150633
15.0,0.9,C,10.654230512991,-141.5548371197127,-3.281641728214571
15.0,0.9,C,10.664223850766,-141.546702717592,-3.281804416256985
15.0,0.9,C,10.674217188541,-141.5385425448409,-3.281967619712007
15.0,0.9,C,10.684210526316,-141.53035639656028,-3.2821313426776197
15.0,0.9,C,10.694203864091,-141.5221440668559,-3.2822955892717074
15.0,0.9,C,10.704197201865,-141.51390534881813,-3.2824603636324627
15.0,0.9,C,10.71419053964,-141.5056400345019,-3.2826256699187866
15.0,0.9,C,10.724183877415,-141.4973479149143,-3.2827915123105393
15.0,0.9,C,10.73417721519,-141.48902877998972,-3.28295789500903
15.0,0.9,C,10.744170552965,-141.4806824185799,-3.2831248222372276
15.0,0.9,C,10.75416389074,-141.47230861843224,-3.2832922982401804
15.0,0.9,C,10.764157228514,-141.46390716617768,-3.2834603272852716
15.0,0.9,C,10.774150566289,-141.4554778473123,-3.283628913662579
15.0,0.9,C,10.784143904064,-141.44702044618828,-3.2837980616850593
15.0,0.9,C,10.794137241839,-141.43853474599422,-3.283967775688941
15.0,0.9,C,10.804130579614,-141.4300205287467,-3.284138060033891
15.0,0.9,C,10.814123917388,-141.42147757527687,-3.2843089191032875
15.0,0.9,C,10.824117255163,-141.41290566521764,-3.284480357304472
15.0,0.9,C,10.834110592938,-141.40430457699586,-3.2846523790689077
15.0,0.9,C,10.844103930713,-141.395674087821,-3.284824988852405
15.0,0.9,C,10.854097268488,-141.3870139736761,-3.2849981911353034
15.0,0.9,C,10.864090606262,-141.37832400931106,-3.2851719904226044
15.0,0.9,C,10.874083944037,-141.36960396823227,-3.2853463912441794
15.0,0.9,C,10.884077281812,-141.360853622699,-3.285521398154845
15.0,0.9,C,10.894070619587,-141.35207274371803,-3.2856970157344643
15.0,0.9,C,10.904063957362,-141.34326110103515,-3.2858732485881217
15.0,0.9,C,10.914057295137,-141.3344184631344,-3.286050101346137
15.0,0.9,C,10.924050632911,-141.32554459723374,-3.2862275786641506
15.0,0.9,C,10.934043970686,-141.31663926927897,-3.286405685223246
15.0,0.9,C,10.944037308461,-141.3077022439484,-3.286584425729857
15.0,0.9,C,10.954030646236,-141.2987332846449,-3.2867638049159273
15.0,0.9,C,10.964023984011,-141.2897321534992,-3.2869438275388414
15.0,0.9,C,10.974017321785,-141.28069861136905,-3.287124498381444
15.0,0.9,C,10.98401065956,-141.27163241783649,-3.287305822252095
15.0,0.9,C,10.994003997335,-141.26253333121377,-3.2874878039845497
15.0,0.9,C,11.00399733511,-141.25340110854262,-3.287670448437973
15.0,0.9,C,11.013990672885,-141.24423550559493,-3.287853760496927
15.0,0.9,C,11.02398401066,-141.23503627687836,-3.288037745071258
15.0,0.9,C,11.033977348434,-141.225803175636,-3.288222407096105
15.0,0.9,C,11.043970686209,-141.2165359538502,-3.288407751531821
15.0,0.9,C,11.053964023984,-141.2072343622484,-3.288593783363857
15.0,0.9,C,11.063957361759,-141.1978981503035,-3.288780507602755
15.0,0.9,C,11.073950699534,-141.18852706624006,-3.2889679292840244
15.0,0.9,C,11.083944037308,-141.17912085703824,-3.2891560534680604
15.0,0.9,C,11.093937375083,-141.16967926843438,-3.289344885240138
15.0,0.9,C,11.103930712858,-141.16020204493017,-3.289534429710222
15.0,0.9,C,11.113924050633,-141.15068892979397,-3.2897246920129457
15.0,0.9,C,11.123917388408,-141.14113966506412,-3.289915677307543
15.0,0.9,C,11.133910726183,-141.13155399155553,-3.290107390777715
15.0,0.9,C,11.143904063957,-141.12193164886128,-3.2902998376315997
15.0,0.9,C,11.153897401732,-141.1122723753545,-3.290493023101735
15.0,0.9,C,11.163890739507,-141.1025759081956,-3.2906869524449127
15.0,0.9,C,11.173884077282,-141.09284198333188,-3.2908816309421876
15.0,0.9,C,11.183877415057,-141.08307033550187,-3.2910770638987876
15.0,0.9,C,11.193870752831,-141.07326069823665,-3.291273256644092
15.0,0.9,C,11.203864090606,-141.06341280385783,-3.2914702145316688
15.0,0.9,C,11.213857428381,-141.0535263834852,-3.2916679429391213
15.0,0.9,C,11.223850766156,-141.043601167032,-3.2918664472681853
15.0,0.9,C,11.233844103931,-141.03363688320633,-3.2920657329446983
15.0,0.9,C,11.243837441706,-141.02363325950947,-3.292265805418636
15.0,0.9,C,11.25383077948,-141.0135900222348,-3.2924666701641283
15.0,0.9,C,11.263824117255,-141.00350689646368,-3.2926683326795514
15.0,0.9,C,11.27381745503,-140.99338360606504,-3.2928707984875247
15.0,0.9,C,11.283810792805,-140.98321987368902,-3.2930740731350445
15.0,0.9,C,11.29380413058,-140.97301542076332,-3.293278162193559
15.0,0.9,C,11.303797468354,-140.9627699674863,-3.2934830712590992
15.0,0.9,C,11.313790806129,-140.9524832328186,-3.2936888059524536
15.0,0.9,C,11.323784143904,-140.94215493448004,-3.2938953719192248
15.0,0.9,C,11.333777481679,-140.93178478893728,-3.2941027748300793
15.0,0.9,C,11.343770819454,-140.9213725113949,-3.2943110203809267
15.0,0.9,C,11.353764157229,-140.91091781578564,-3.2945201142931126
15.0,0.9,C,11.363757495003,-140.9004204147599,-3.294730062313627
15.0,0.9,C,11.373750832778,-140.88988001966706,-3.294940870215484
15.0,0.9,C,11.383744170553,-140.87929634055033,-3.295152543797818
15.0,0.9,C,11.393737508328,-140.86866908612666,-3.295365088886292
15.0,0.9,C,11.403730846103,-140.85799796377367,-3.2955785113333516
15.0,0.9,C,11.413724183877,-140.8472826795132,-3.2957928170185613
15.0,0.9,C,11.423717521652,-140.83652293798875,-3.2960080118490507
15.0,0.9,C,11.433710859427,-140.82571844245524,-3.2962241017597202
15.0,0.9,C,11.443704197202,-140.81486889475352,-3.2964410927137555
15.0,0.9,C,11.453697534977,-140.80397399529312,-3.296658990702963
15.0,0.9,C,11.463690872752,-140.7930334430295,-3.296877801748235
15.0,0.9,C,11.473684210526,-140.78204693544322,-3.297097531899961
15.0,0.9,C,11.483677548301,-140.77101416851326,-3.29731818723856
15.0,0.9,C,11.493670886076,-140.75993483670004,-3.2975397738748238
15.0,0.9,C,11.503664223851,-140.74880863291423,-3.2977622979505403
15.0,0.9,C,11.513657561626,-140.73763524849713,-3.2979857656388827
15.0,0.9,C,11.5236508994,-140.72641437319118,-3.298210183145002
15.0,0.9,C,11.533644237175,-140.7151456951122,-3.2984355567065813
15.0,0.9,C,11.54363757495,-140.70382890072722,-3.298661892594281
15.0,0.9,C,11.553630912725,-140.69246367482245,-3.2988891971123766
15.0,0.9,C,11.5636242505,-140.68104970047688,-3.299117476599288
15.0,0.9,C,11.573617588274,-140.66958665903522,-3.2993467374281207
15.0,0.9,C,11.583610926049,-140.6580742300718,-3.2995769860073887
15.0,0.9,C,11.593604263824,-140.6465120913708,-3.299808228781409
15.0,0.9,C,11.603597601599,-140.6348999188894,-3.3000404722310375
15.0,0.9,C,11.613590939374,-140.6232373867321,-3.3002737228741834
15.0,0.9,C,11.623584277149,-140.6115241671166,-3.3005079872664926
15.0,0.9,C,11.633577614923,-140.59975993034726,-3.30074327200188
15.0,0.9,C,11.643570952698,-140.58794434477977,-3.3009795837132296
15.0,0.9,C,11.653564290473,-140.57607707679807,-3.3012169290728637
15.0,0.9,C,11.663557628248,-140.56415779077543,-3.3014553147933166
15.0,0.9,C,11.673550966023,-140.55218614905166,-3.3016947476277916
15.0,0.9,C,11.683544303797,-140.54016181189922,-3.3019352343708412
15.0,0.9,C,11.693537641572,-140.52808443749004,-3.3021767818590244
15.0,0.9,C,11.703530979347,-140.51595368187213,-3.3024193969713824
15.0,0.9,C,11.713524317122,-140.50376919893696,-3.3026630866300857
15.0,0.9,C,11.723517654897,-140.49153064038987,-3.3029078578010282
15.0,0.9,C,11.733510992672,-140.47923765572278,-3.3031537174943693
15.0,0.9,C,11.743504330446,-140.4668898921845,-3.3034006727651355
15.0,0.9,C,11.753497668221,-140.45448699475128,-3.3036487307138
15.0,0.9,C,11.763491005996,-140.4420286061048,-3.3038978984867287
15.0,0.9,C,11.773484343771,-140.4295143666001,-3.3041481832768236
15.0,0.9,C,11.783477681546,-140.41694391424198,-3.304399592323986
15.0,0.9,C,11.79347101932,-140.40431688466057,-3.3046521329156135
15.0,0.9,C,11.803464357095,-140.39163291108008,-3.304905812387223
15.0,0.9,C,11.81345769487,-140.37889162430358,-3.305160638122753
15.0,0.9,C,11.823451032645,-140.36609265268385,-3.305416617555148
15.0,0.9,C,11.83344437042,-140.35323562210164,-3.3056737581667925
15.0,0.9,C,11.843437708195,-140.34032015594457,-3.3059320674899335
15.0,0.9,C,11.853431045969,-140.32734587508543,-3.306191553107116
15.0,0.9,C,11.863424383744,-140.31431239785852,-3.3064522226516546
15.0,0.9,C,11.873417721519,-140.30121934004725,-3.30671408380788
15.0,0.9,C,11.883411059294,-140.28806631485855,-3.306977144311654
15.0,0.9,C,11.893404397069,-140.27485293290886,-3.3072414119506477
15.0,0.9,C,11.903397734843,-140.26157880220504,-3.307506894564724
15.0,0.9,C,11.913391072618,-140.2482435281262,-3.3077736000463007
15.0,0.9,C,11.923384410393,-140.23484671341146,-3.308041536340596
15.0,0.9,C,11.933377748168,-140.22138795814413,-3.3083107114459427
15.0,0.9,C,11.943371085943,-140.20786685973655,-3.308581133414094
15.0,0.9,C,11.953364423718,-140.19428301291686,-3.308852810350488
15.0,0.9,C,11.963357761492,-140.18063600971686,-3.3091257504144878
15.0,0.9,C,11.973351099267,-140.16692543945754,-3.309399961819674
15.0,0.9,C,11.983344437042,-140.15315088874246,-3.309675452833976
15.0,0.9,C,11.993337774817,-140.1393119414426,-3.309952231779973
15.0,0.9,C,12.003331112592,-140.12540817868862,-3.3102303070350523
15.0,0.9,C,12.013324450366,-140.1114391788611,-3.3105096870316033
15.0,0.9,C,12.023317788141,-140.09740451757722,-3.3107903802572807
15.0,0.9,C,12.033311125916,-140.08330376768873,-3.3110723952550507
15.0,0.9,C,12.043304463691,-140.0691364992705,-3.3113557406234144
15.0,0.9,C,12.053297801466,-140.05490227961118,-3.3116404250166016
15.0,0.9,C,12.063291139241,-140.04060067320728,-3.3119264571446796
15.0,0.9,C,12.073284477015,-140.026231241759,-3.3122138457736447
15.0,0.9,C,12.08327781479,-140.011793544152,-3.3125025997257853
15.0,0.9,C,12.093271152565,-139.9972871364652,-3.312792727879521
15.0,0.9,C,12.10326449034,-139.9827115719548,-3.3130842391697293
15.0,0.9,C,12.113257828115,-139.9680664010474,-3.3133771425878775
15.0,0.9,C,12.123251165889,-139.95335117133985,-3.313671447182028
15.0,0.9,C,12.133244503664,-139.93856542758024,-3.313967162057221
15.0,0.9,C,12.143237841439,-139.92370871167427,-3.3142642963753404
15.0,0.9,C,12.153231179214,-139.90878056266874,-3.314562859355451
15.0,0.9,C,12.163224516989,-139.89378051674726,-3.3148628602738803
15.0,0.9,C,12.173217854763,-139.87870810722407,-3.315164308464343
15.0,0.9,C,12.183211192538,-139.86356286452713,-3.315467213318283
15.0,0.9,C,12.193204530313,-139.84834431620095,-3.3157715842848066
15.0,0.9,C,12.203197868088,-139.83305198689007,-3.316077430871024
15.0,0.9,C,12.213191205863,-139.81768539832967,-3.316384762642232
15.0,0.9,C,12.223184543638,-139.8022440693366,-3.3166935892220932
15.0,0.9,C,12.233177881412,-139.7867275157987,-3.3170039202928514
15.0,0.9,C,12.243171219187,-139.7711352506561,-3.3173157655957035
15.0,0.9,C,12.253164556962,-139.75546678389836,-3.3176291349308578
15.0,0.9,C,12.263157894737,-139.73972162254327,-3.3179440381579597
15.0,0.9,C,12.273151232512,-139.72389927062508,-3.3182604851963236
15.0,0.9,C,12.283144570286,-139.7079992291795,-3.318578486025235
15.0,0.9,C,12.293137908061,-139.692020996221,-3.3188980506844055
15.0,0.9,C,12.303131245836,-139.67596406673363,-3.3192191892741523
15.0,0.9,C,12.313124583611,-139.65982793264715,-3.3195419119558824
15.0,0.9,C,12.323117921386,-139.64361208281753,-3.319866228952475
15.0,0.9,C,12.333111259161,-139.6273160030064,-3.3201921505486975
15.0,0.9,C,12.343104596935,-139.6109391758593,-3.3205196870916396
15.0,0.9,C,12.35309793471,-139.59448108087764,-3.320848848991272
15.0,0.9,C,12.363091272485,-139.57794119440075,-3.32117964672081
15.0,0.9,C,12.37308461026,-139.5613189895745,-3.321512090817335
15.0,0.9,C,12.383077948035,-139.54461393632715,-3.321846191882282
15.0,0.9,C,12.393071285809,-139.52782550133952,-3.3221819605820344
15.0,0.9,C,12.403064623584,-139.5109531480103,-3.322519407648619
15.0,0.9,C,12.413057961359,-139.49399633643313,-3.3228585438801623
15.0,0.9,C,12.423051299134,-139.47695452335884,-3.323199380141648
15.0,0.9,C,12.433044636909,-139.45982716216176,-3.3235419273655897
15.0,0.9,C,12.443037974684,-139.44261370280518,-3.3238861965527216
15.0,0.9,C,12.453031312458,-139.42531359180677,-3.3242321987726897
15.0,0.9,C,12.463024650233,-139.40792627219304,-3.324579945164965
15.0,0.9,C,12.473017988008,-139.39045118347076,-3.32492944693941
15.0,0.9,C,12.483011325783,-139.3728877615801,-3.3252807153772235
15.0,0.9,C,12.493004663558,-139.35523543885355,-3.325633761831754
15.0,0.9,C,12.502998001332,-139.33749364397764,-3.325988597729273
15.0,0.9,C,12.512991339107,-139.31966180193854,-3.3263452345700544
15.0,0.9,C,12.522984676882,-139.30173933398925,-3.3267036839290403
15.0,0.9,C,12.532978014657,-139.2837256575968,-3.3270639574568897
15.0,0.9,C,12.542971352432,-139.26562018639595,-3.3274260668809057
15.0,0.9,C,12.552964690207,-139.2474223301404,-3.3277900240060174
15.0,0.9,C,12.562958027981,-139.22913149465734,-3.328155840715678
15.0,0.9,C,12.572951365756,-139.21074708178793,-3.328523528973067
15.0,0.9,C,12.582944703531,-139.19226848934895,-3.3288931008218463
15.0,0.9,C,12.592938041306,-139.17369511107208,-3.3292645683873836
15.0,0.9,C,12.602931379081,-139.15502633655436,-3.329637943877738
15.0,0.9,C,12.612924716855,-139.13626155120656,-3.330013239584694
15.0,0.9,C,12.62291805463,-139.11740013619175,-3.3303904678849903
15.0,0.9,C,12.632911392405,-139.0984414683807,-3.330769641241211
15.0,0.9,C,12.64290473018,-139.07938492029254,-3.3311507722029745
15.0,0.9,C,12.652898067955,-139.06022986003714,-3.331533873408082
15.0,0.9,C,12.66289140573,-139.04097565126213,-3.331918957583582
15.0,0.9,C,12.672884743504,-139.02162165309764,-3.332306037546872
15.0,0.9,C,12.682878081279,-139.00216722009108,-3.3326951262070033
15.0,0.9,C,12.692871419054,-138.98261170216398,-3.333086236565546
15.0,0.9,C,12.702864756829,-138.96295444454458,-3.333479381717934
15.0,0.9,C,12.712858094604,-138.94319478771612,-3.333874574854503
15.0,0.9,C,12.722851432378,-138.9233320673577,-3.334271829261671
15.0,0.9,C,12.732844770153,-138.90336561428225,-3.3346711583231805
15.0,0.9,C,12.742838107928,-138.88329475439076,-3.33507257552101
15.0,0.9,C,12.752831445703,-138.8631188086061,-3.3354760944367032
15.0,0.9,C,12.762824783478,-138.8428370928195,-3.335881728752435
15.0,0.9,C,12.772818121253,-138.82244891783398,-3.336289492252145
15.0,0.9,C,12.782811459027,-138.80195358930857,-3.3366993988226534
15.0,0.9,C,12.792804796802,-138.78135040769646,-3.3371114624548963
15.0,0.9,C,12.802798134577,-138.76063866819894,-3.3375256972448466
15.0,0.9,C,12.812791472352,-138.7398176607052,-3.337942117394721
15.0,0.9,C,12.822784810127,-138.71888666973567,-3.3383607372141118
15.0,0.9,C,12.832778147901,-138.69784497439346,-3.338781571120956
15.0,0.9,C,12.842771485676,-138.67669184829947,-3.339204633642836
15.0,0.9,C,12.852764823451,-138.6554265595523,-3.339629939417779
15.0,0.9,C,12.862758161226,-138.63404837066827,-3.3400575031954602
15.0,0.9,C,12.872751499001,-138.61255653852885,-3.340487339838248
15.0,0.9,C,12.882744836775,-138.5909503143328,-3.3409194643221696
15.0,0.9,C,12.89273817455,-138.56922894353752,-3.3413538917380747
15.0,0.9,C,12.902731512325,-138.54739166581697,-3.3417906372924855
15.0,0.9,C,12.9127248501,-138.52543771500902,-3.3422297163086445
15.0,0.9,C,12.922718187875,-138.50336631906342,-3.3426711442275567
15.0,0.9,C,12.93271152565,-138.4811766999957,-3.3431149366089112
15.0,0.9,C,12.942704863424,-138.4588680738399,-3.3435611091320268
15.0,0.9,C,12.952698201199,-138.43643965059235,-3.3440096775969783
15.0,0.9,C,12.962691538974,-138.41389063417898,-3.344460657925246
15.0,0.9,C,12.972684876749,-138.39122022239806,-3.3449140661608636
15.0,0.9,C,12.982678214524,-138.36842760687736,-3.3453699184712775
15.0,0.9,C,12.992671552298,-138.34551197303068,-3.3458282311482117
15.0,0.9,C,13.002664890073,-138.32247250000344,-3.3462890206087565
15.0,0.9,C,13.012658227848,-138.29930836064239,-3.346752303395977
15.0,0.9,C,13.022651565623,-138.27601872143876,-3.34721809618005
15.0,0.9,C,13.032644903398,-138.25260274249123,-3.3476864157590005
15.0,0.9,C,13.042638241173,-138.2290595774597,-3.348157279059631
15.0,0.9,C,13.052631578947,-138.20538837352123,-3.348630703138401
15.0,0.9,C,13.062624916722,-138.18158827132189,-3.349106705182388
15.0,0.9,C,13.072618254497,-138.15765840494484,-3.3495853025099285
15.0,0.9,C,13.082611592272,-138.13359790185686,-3.350066512571688
15.0,0.9,C,13.092604930047,-138.1094058828683,-3.3505503529514593
15.0,0.9,C,13.102598267821,-138.08508146209243,-3.351036841366976
15.0,0.9,C,13.112591605596,-138.0606237468892,-3.3515259956710413
15.0,0.9,C,13.122584943371,-138.03603183783932,-3.352017833852038
15.0,0.9,C,13.132578281146,-138.0113048286866,-3.352512374035093
15.0,0.9,C,13.142571618921,-137.9864418062984,-3.353009634482858
15.0,0.9,C,13.152564956696,-137.961441850619,-3.353509633596445
15.0,0.9,C,13.16255829447,-137.9363040346255,-3.3540123899163152
15.0,0.9,C,13.172551632245,-137.91102742427262,-3.3545179221233727
15.0,0.9,C,13.18254497002,-137.88561107845976,-3.35502624903963
15.0,0.9,C,13.192538307795,-137.86005404897304,-3.3555373896293643
15.0,0.9,C,13.20253164557,-137.83435538043804,-3.356051363000064
15.0,0.9,C,13.212524983344,-137.80851411027442,-3.3565681884033367
15.0,0.9,C,13.222518321119,-137.78252926863178,-3.3570878852361896
15.0,0.9,C,13.232511658894,-137.75639987835584,-3.3576104730417082
15.0,0.9,C,13.242504996669,-137.73012495492176,-3.35813597151039
15.0,0.9,C,13.252498334444,-137.70370350638555,-3.358664400481114
15.0,0.9,C,13.262491672219,-137.67713453332453,-3.3591957799423344
15.0,0.9,C,13.272485009993,-137.65041702878486,-3.3597301300331277
15.0,0.9,C,13.282478347768,-137.62354997821134,-3.360267471044598
15.0,0.9,C,13.292471685543,-137.59653235940226,-3.36080782342078
15.0,0.9,C,13.302465023318,-137.5693631424362,-3.3613512077601015
15.0,0.9,C,13.312458361093,-137.54204128961308,-3.361897644816563
15.0,0.9,C,13.322451698867,-137.51456575538734,-3.362447155501078
15.0,0.9,C,13.332445036642,-137.48693548629308,-3.362999760882964
15.0,0.9,C,13.342438374417,-137.45914942088768,-3.363555482191071
15.0,0.9,C,13.352431712192,-137.43120648967215,-3.364114340815382
15.0,0.9,C,13.362425049967,-137.40310561501846,-3.3646763583084565
15.0,0.9,C,13.372418387742,-137.3748457110942,-3.3652415563869407
15.0,0.9,C,13.382411725516,-137.34642568378885,-3.3658099569330484
15.0,0.9,C,13.392405063291,-137.31784443062082,-3.366381581996409
15.0,0.9,C,13.402398401066,-137.28910084067354,-3.3669564537953547
15.0,0.9,C,13.412391738841,-137.26019379449968,-3.3675345947188315
15.0,0.9,C,13.422385076616,-137.2311221640372,-3.368116027328081
15.0,0.9,C,13.43237841439,-137.2018848125235,-3.3687007743583552
15.0,0.9,C,13.442371752165,-137.17248059439186,-3.369288858720988
15.0,0.9,C,13.45236508994,-137.14290835519716,-3.369880303504882
15.0,0.9,C,13.462358427715,-137.11316693150744,-3.3704751319786763
15.0,0.9,C,13.47235176549,-137.08325515080796,-3.371073367592666
15.0,0.9,C,13.482345103264,-137.0531718314049,-3.371675033980727
15.0,0.9,C,13.492338441039,-137.02291578231026,-3.3722801549626196
15.0,0.9,C,13.502331778814,-136.99248580315444,-3.3728887545457367
15.0,0.9,C,13.512325116589,-136.96188068406738,-3.373500856927477
15.0,0.9,C,13.522318454364,-136.93109920557026,-3.37411648649742
15.0,0.9,C,13.532311792139,-136.9001401384653,-3.3747356678395195
15.0,0.9,C,13.542305129913,-136.86900224372332,-3.3753584257343587
15.0,0.9,C,13.552298467688,-136.83768427235594,-3.375984785161706
15.0,0.9,C,13.562291805463,-136.80618496531315,-3.3766147713025623
15.0,0.9,C,13.572285143238,-136.77450305335208,-3.377248409541784
15.0,0.9,C,13.582278481013,-136.742637256916,-3.377885725470505
15.0,0.9,C,13.592271818787,-136.7105862860118,-3.3785267448885894
15.0,0.9,C,13.602265156562,-136.67834884007078,-3.379171493807409
15.0,0.9,C,13.612258494337,-136.64592360783732,-3.379819998452079
15.0,0.9,C,13.622251832112,-136.61330926722587,-3.3804722852643074
15.0,0.9,C,13.632245169887,-136.58050448518972,-3.381128380905031
15.0,0.9,C,13.642238507662,-136.54750791758602,-3.381788312257105
15.0,0.9,C,13.652231845436,-136.51431820904148,-3.382452106427996
15.0,0.9,C,13.662225183211,-136.48093399280208,-3.383119790752783
15.0,0.9,C,13.672218520986,-136.44735389060978,-3.38379139279663
15.0,0.9,C,13.682211858761,-136.41357651254825,-3.38446694035786
15.0,0.9,C,13.692205196536,-136.37960045690238,-3.3851464614707774
15.0,0.9,C,13.70219853431,-136.34542431001458,-3.385829984408533
15.0,0.9,C,13.712191872085,-136.31104664612607,-3.386517537686304
15.0,0.9,C,13.72218520986,-136.276466027247,-3.387209150063885
15.0,0.9,C,13.732178547635,-136.2416810029939,-3.387904850548947
15.0,0.9,C,13.74217188541,-136.2066901104405,-3.3886046684000157
15.0,0.9,C,13.752165223185,-136.17149187396632,-3.389308633129499
15.0,0.9,C,13.762158560959,-136.13608480510584,-3.3900167745067087
15.0,0.9,C,13.772151898734,-136.10046740237755,-3.3907291225612743
15.0,0.9,C,13.782145236509,-136.06463815115126,-3.3914457075858
15.0,0.9,C,13.792138574284,-136.02859552347473,-3.3921665601393305
15.0,0.9,C,13.802131912059,-135.99233797791894,-3.392891711050446
15.0,0.9,C,13.812125249833,-135.95586395942144,-3.3936211914203964
15.0,0.9,C,13.822118587608,-135.9191718991129,-3.3943550326265672
15.0,0.9,C,13.832111925383,-135.8822602141744,-3.395093266325337
15.0,0.9,C,13.842105263158,-135.84512730766255,-3.3958359244555743
15.0,0.9,C,13.852098600933,-135.80777156834895,-3.396583039241846
15.0,0.9,C,13.862091938708,-135.7701913705533,-3.3973346431977594
15.0,0.9,C,13.872085276482,-135.73238507398605,-3.3980907691291042
15.0,0.9,C,13.882078614257,-135.69435102356186,-3.3988514501375877
15.0,0.9,C,13.892071952032,-135.65608754925995,-3.3996167196236264
15.0,0.9,C,13.902065289807,-135.61759296593627,-3.4003866112901
15.0,0.9,C,13.912058627582,-135.57886557316021,-3.401161159145621
15.0,0.9,C,13.922051965356,-135.53990365504941,-3.401940397507837
15.0,0.9,C,13.932045303131,-135.50070548008108,-3.4027243610072033
15.0,0.9,C,13.942038640906,-135.46126930094454,-3.403513084589934
15.0,0.9,C,13.952031978681,-135.42159335435326,-3.4043066035217597
15.0,0.9,C,13.962025316456,-135.3816758608732,-3.4051049533913607
15.0,0.9,C,13.972018654231,-135.3415150247495,-3.405908170113835
15.0,0.9,C,13.982011992005,-135.30110903373244,-3.4067162899341765
15.0,0.9,C,13.99200532978,-135.26045605888677,-3.4075293494310896
15.0,0.9,C,14.001998667555,-135.2195542544339,-3.4083473855201474
15.0,0.9,C,14.01199200533,-135.1784017575601,-3.409170435457623
15.0,0.9,C,14.021985343105,-135.1369966882358,-3.4099985368441095
15.0,0.9,C,14.031978680879,-135.09533714903887,-3.4108317276280475
15.0,0.9,C,14.041972018654,-135.05342122495475,-3.41167004610973
15.0,0.9,C,14.051965356429,-135.0112469832143,-3.4125135309445387
15.0,0.9,C,14.061958694204,-134.96881247309028,-3.4133622211470196
15.0,0.9,C,14.071952031979,-134.92611572571448,-3.4142161560945357
15.0,0.9,C,14.081945369754,-134.88315475388336,-3.4150753755311585
15.0,0.9,C,14.091938707528,-134.83992755187236,-3.415939919571378
15.0,0.9,C,14.101932045303,-134.79643209522192,-3.4168098287043867
15.0,0.9,C,14.111925383078,-134.75266634056896,-3.4176851437974465
15.0,0.9,C,14.121918720853,-134.70862822542603,-3.418565906100304
15.0,0.9,C,14.131912058628,-134.66431566798732,-3.419452157249079
15.0,0.9,C,14.141905396402,-134.61972656692762,-3.4203439392702726
15.0,0.9,C,14.151898734177,-134.57485880117665,-3.4212412945852924
15.0,0.9,C,14.161892071952,-134.52971022973514,-3.4221442660141226
15.0,0.9,C,14.171885409727,-134.48427869144717,-3.4230528967798817
15.0,0.9,C,14.181878747502,-134.43856200478515,-3.4239672305131217
15.0,0.9,C,14.191872085276,-134.39255796763618,-3.4248873112561014
15.0,0.9,C,14.201865423051,-134.3462643570608,-3.4258131834676098
15.0,0.9,C,14.211858760826,-134.29967892909477,-3.42674489202693
15.0,0.9,C,14.221852098601,-134.2527994184991,-3.4276824822388434
15.0,0.9,C,14.231845436376,-134.205623538532,-3.4286259998381854
15.0,0.9,C,14.241838774151,-134.15814898070954,-3.4295754909946345
15.0,0.9,C,14.251832111925,-134.1103734145684,-3.430531002317457
15.0,0.9,C,14.2618254497,-134.06229448740055,-3.431492580860814
15.0,0.9,C,14.271818787475,-134.01390982403072,-3.4324602741282106
15.0,0.9,C,14.28181212525,-133.96521702653925,-3.4334341300780404
15.0,0.9,C,14.291805463025,-133.91621367400822,-3.434414197128661
15.0,0.9,C,14.301798800799,-133.8668973222609,-3.4354005241636063
15.0,0.9,C,14.311792138574,-133.81726550356706,-3.436393160537484
15.0,0.9,C,14.321785476349,-133.76731572640074,-3.4373921560808105
15.0,0.9,C,14.331778814124,-133.71704547513545,-3.4383975611061164
15.0,0.9,C,14.341772151899,-133.6664522097631,-3.4394094264135635
15.0,0.9,C,14.351765489674,-133.61553336559845,-3.4404278032968563
15.0,0.9,C,14.361758827448,-133.56428635298636,-3.441452743549098
15.0,0.9,C,14.371752165223,-133.5127085569754,-3.4424842994693163
15.0,0.9,C,14.381745502998,-133.46079733703408,-3.4435225238681437
15.0,0.9,C,14.391738840773,-133.40855002671663,-3.444567470074493
15.0,0.9,C,14.401732178548,-133.35596393333734,-3.445619191942078
15.0,0.9,C,14.411725516322,-133.30303633764757,-3.446677743855874
15.0,0.9,C,14.421718854097,-133.24976449347494,-3.4477431807393257
15.0,0.9,C,14.431712191872,-133.19614562740688,-3.448815558060688
15.0,0.9,C,14.441705529647,-133.1421769384191,-3.449894931840443
15.0,0.9,C,14.451698867422,-133.08785559751882,-3.450981358658449
15.0,0.9,C,14.461692205197,-133.03317874737593,-3.4520748956613065
15.0,0.9,C,14.471685542971,-132.9781435019546,-3.453175600569733
15.0,0.9,C,14.481678880746,-132.92274694610495,-3.4542835316867264
15.0,0.9,C,14.491672218521,-132.86698613520844,-3.455398747904656
15.0,0.9,C,14.501665556296,-132.81085809475223,-3.4565213087137803
15.0,0.9,C,14.511658894071,-132.75435981992888,-3.457651274210247
15.0,0.9,C,14.521652231845,-132.69748827522744,-3.4587887051042756
15.0,0.9,C,14.53164556962,-132.64024039398237,-3.4599336627291777
15.0,0.9,C,14.541638907395,-132.58261307797997,-3.461086209049226
15.0,0.9,C,14.55163224517,-132.52460319698932,-3.462246406669039
15.0,0.9,C,14.561625582945,-132.4662075883201,-3.4634143188424233
15.0,0.9,C,14.57161892072,-132.40742305636317,-3.464590009481562
15.0,0.9,C,14.581612258494,-132.3482463721274,-3.4657735431662777
15.0,0.9,C,14.591605596269,-132.28867427274074,-3.4669649851540107
15.0,0.9,C,14.601598934044,-132.2287034609955,-3.4681644013889152
15.0,0.9,C,14.611592271819,-132.16833060483293,-3.4693718585121665
15.0,0.9,C,14.621585609594,-132.10755233684156,-3.4705874238719936
15.0,0.9,C,14.631578947368,-132.04636525374931,-3.4718111655338384
15.0,0.9,C,14.641572285143,-131.98476591587422,-3.4730431522913405
15.0,0.9,C,14.651565622918,-131.92275084662703,-3.4742834536762848
15.0,0.9,C,14.661558960693,-131.86031653194374,-3.47553213996995
15.0,0.9,C,14.671552298468,-131.79745941973587,-3.4767892822141078
15.0,0.9,C,14.681545636243,-131.73417591932773,-3.47805495222227
15.0,0.9,C,14.691538974017,-131.67046240088803,-3.4793292225910646
15.0,0.9,C,14.701532311792,-131.6063151948201,-3.4806121667124232
15.0,0.9,C,14.711525649567,-131.54173059120436,-3.481903858784738
15.0,0.9,C,14.721518987342,-131.47670483916775,-3.48320437382547
15.0,0.9,C,14.731512325117,-131.41123414627367,-3.484513787683351
15.0,0.9,C,14.741505662891,-131.34531467790194,-3.4858321770507863
15.0,0.9,C,14.751499000666,-131.27894255658225,-3.48715961947718
15.0,0.9,C,14.761492338441,-131.2121138613873,-3.488496193381079
15.0,0.9,C,14.771485676216,-131.14482462724283,-3.4898419780639687
15.0,0.9,C,14.781479013991,-131.07707084426443,-3.491197053723537
15.0,0.9,C,14.791472351765,-131.0088484570806,-3.4925615014672133
15.0,0.9,C,14.80146568954,-130.94015336410786,-3.493935403326668
15.0,0.9,C,14.811459027315,-130.87098141688682,-3.495318842271088
15.0,0.9,C,14.82145236509,-130.80132841933352,-3.496711902222155
15.0,0.9,C,14.831445702865,-130.73119012701582,-3.498114668068509
15.0,0.9,C,14.84143904064,-130.6605622464071,-3.4995272256806835
15.0,0.9,C,14.851432378414,-130.58944043413823,-3.500949661926061
15.0,0.9,C,14.861425716189,-130.51782029619613,-3.502382064684902
15.0,0.9,C,14.871419053964,-130.4456973871845,-3.503824522865135
15.0,0.9,C,14.881412391739,-130.3730672094981,-3.5052771264188634
15.0,0.9,C,14.891405729514,-130.29992521251782,-3.5067399663584684
15.0,0.9,C,14.901399067288,-130.22626679179353,-3.508213134772955
15.0,0.9,C,14.911392405063,-130.15208728817453,-3.509696724845334
15.0,0.9,C,14.921385742838,-130.07738198699968,-3.5111908308688315
15.0,0.9,C,14.931379080613,-130.0021461171973,-3.512695548264879
15.0,0.9,C,14.941372418388,-129.92637485041016,-3.5142109736006226
15.0,0.9,C,14.951365756163,-129.85006330009173,-3.5157372046069906
15.0,0.9,C,14.961359093937,-129.77320652059797,-3.517274340196866
15.0,0.9,C,14.971352431712,-129.69579950622344,-3.5188224804843564
15.0,0.9,C,14.981345769487,-129.61783719029563,-3.5203817268029125
15.0,0.9,C,14.991339107262,-129.53931444417913,-3.521952181725243
15.0,0.9,C,15.001332445037,-129.46022607629118,-3.523533949083001
15.0,0.9,C,15.011325782811,-129.3805668311111,-3.525127133986603
15.0,0.9,C,15.021319120586,-129.30033138812223,-3.5267318428463805
15.0,0.9,C,15.031312458361,-129.2195143608166,-3.5283481833924935
15.0,0.9,C,15.041305796136,-129.13811029559955,-3.5299762646968347
15.0,0.9,C,15.051299133911,-129.05611367071563,-3.531616197194513
15.0,0.9,C,15.061292471686,-128.97351889514272,-3.5332680927059705
15.0,0.9,C,15.07128580946,-128.89032030747342,-3.534932064459357
15.0,0.9,C,15.081279147235,-128.80651217473275,-3.5366082271141708
15.0,0.9,C,15.09127248501,-128.72208869125475,-3.5382966967837297
15.0,0.9,C,15.101265822785,-128.63704397745488,-3.539997591059728
15.0,0.9,C,15.11125916056,-128.55137207861532,-3.5417110290365192
15.0,0.9,C,15.121252498334,-128.46506696364793,-3.5434371313358666
15.0,0.9,C,15.131245836109,-128.378122523788,-3.545176020133065
15.0,0.9,C,15.141239173884,-128.29053257134456,-3.546927819181934
15.0,0.9,C,15.151232511659,-128.2022908383408,-3.5486926538420094
15.0,0.9,C,15.161225849434,-128.11339097516455,-3.550470651105534
15.0,0.9,C,15.171219187209,-128.02382654918517,-3.552261939625122
15.0,0.9,C,15.181212524983,-127.93359104334365,-3.554066649741952
15.0,0.9,C,15.191205862758,-127.84267785466963,-3.555884913515433
15.0,0.9,C,15.201199200533,-127.75108029285568,-3.5577168647517117
15.0,0.9,C,15.211192538308,-127.65879157870772,-3.559562639034671
15.0,0.9,C,15.221185876083,-127.56580484260466,-3.561422373756732
15.0,0.9,C,15.231179213857,-127.47211312292251,-3.5632962081503754
15.0,0.9,C,15.241172551632,-127.37770936437818,-3.565184283321262
15.0,0.9,C,15.251165889407,-127.28258641642343,-3.5670867422803565
15.0,0.9,C,15.261159227182,-127.1867370315112,-3.569003729978601
15.0,0.9,C,15.271152564957,-127.09015386336428,-3.5709353933415393
15.0,0.9,C,15.281145902732,-126.99282946519338,-3.5728818813049577
15.0,0.9,C,15.291139240506,-126.89475628788327,-3.57484334485116
15.0,0.9,C,15.301132578281,-126.79592667808492,-3.5768199370471265
15.0,0.9,C,15.311125916056,-126.6963328763574,-3.5788118130816775
15.0,0.9,C,15.321119253831,-126.59596701516695,-3.5808191303054864
15.0,0.9,C,15.331112591606,-126.49482111688276,-3.5828420482711696
15.0,0.9,C,15.34110592938,-126.39288709172602,-3.584880728774305
15.0,0.9,C,15.351099267155,-126.29015673561413,-3.5869353358965426
15.0,0.9,C,15.36109260493,-126.18662172804926,-3.5890060360478397
15.0,0.9,C,15.371085942705,-126.08227362985589,-3.5910929980117072
15.0,0.9,C,15.38107928048,-125.97710388090427,-3.59319639299074
15.0,0.9,C,15.391072618255,-125.8711037977726,-3.595316394653373
15.0,0.9,C,15.401065956029,-125.76426457134826,-3.5974531791818602
15.0,0.9,C,15.411059293804,-125.656577264321,-3.599606925322405
15.0,0.9,C,15.421052631579,-125.54803280871269,-3.6017778144345716
15.0,0.9,C,15.431045969354,-125.43862200323316,-3.6039660305441616
15.0,0.9,C,15.441039307129,-125.32833551062225,-3.6061717603963803
15.0,0.9,C,15.451032644903,-125.21716385491297,-3.6083951935105656
15.0,0.9,C,15.461025982678,-125.10509741857543,-3.610636522237317
15.0,0.9,C,15.471019320453,-124.99212643968355,-3.6128959418151543
15.0,0.9,C,15.481012658228,-124.87824100889955,-3.615173650430834
15.0,0.9,C,15.491005996003,-124.76343106642561,-3.617469849280313
15.0,0.9,C,15.500999333777,-124.64768639887548,-3.6197847426313157
15.0,0.9,C,15.510992671552,-124.5309966359984,-3.622118537888857
15.0,0.9,C,15.520986009327,-124.4133512474263,-3.6244714456602987
15.0,0.9,C,15.530979347102,-124.29473953921524,-3.62684367982452
15.0,0.9,C,15.540972684877,-124.1751506503433,-3.6292354576019594
15.0,0.9,C,15.550966022652,-124.05457354910105,-3.6316469996268044
15.0,0.9,C,15.560959360426,-123.93299702938707,-3.6340785300210836
15.0,0.9,C,15.570952698201,-123.81040970683313,-3.636530276472163
15.0,0.9,C,15.580946035976,-123.68680001494792,-3.639002470309867
15.0,0.9,C,15.590939373751,-123.56215620101673,-3.6414953465884907
15.0,0.9,C,15.600932711526,-123.4364663219445,-3.644009144169935
15.0,0.9,C,15.6109260493,-123.30971823997879,-3.646544105809249
15.0,0.9,C,15.620919387075,-123.18189961823742,-3.6491004782440766
15.0,0.9,C,15.63091272485,-123.05299791623781,-3.6516785122840694
15.0,0.9,C,15.640906062625,-122.92300038515279,-3.654278462905769
15.0,0.9,C,15.6508994004,-122.79189406299822,-3.6569005893488606
15.0,0.9,C,15.660892738175,-122.65966576965162,-3.6595451552157923
15.0,0.9,C,15.670886075949,-122.52630210174064,-3.6622124285740125
15.0,0.9,C,15.680879413724,-122.39178942729816,-3.6649026820628614
15.0,0.9,C,15.690872751499,-122.2561138803941,-3.6676161930009434
15.0,0.9,C,15.700866089274,-122.11926135545815,-3.6703532434996626
15.0,0.9,C,15.710859427049,-121.98121750149595,-3.673114120578907
15.0,0.9,C,15.720852764823,-121.841967716121,-3.675899116286405
15.0,0.9,C,15.730846102598,-121.70149713932913,-3.6787085278222422
15.0,0.9,C,15.740839440373,-121.559790647208,-3.6815426576646653
15.0,0.9,C,15.750832778148,-121.41683284530986,-3.6844018137026278
15.0,0.9,C,15.760826115923,-121.27260806187327,-3.687286309371359
15.0,0.9,C,15.770819453698,-121.12710034081486,-3.6901964637925277
15.0,0.9,C,15.780812791472,-120.98029343449684,-3.693132601918888
15.0,0.9,C,15.790806129247,-120.83217079618817,-3.696095054685062
15.0,0.9,C,15.800799467022,-120.68271557241668,-3.699084159160492
15.0,0.9,C,15.810792804797,-120.53191059491637,-3.702100258710498
15.0,0.9,C,15.820786142572,-120.37973837237384,-3.7051437031613483
15.0,0.9,C,15.830779480346,-120.22618108189323,-3.708214848970961
15.0,0.9,C,15.840772818121,-120.07122056008944,-3.711314059407036
15.0,0.9,C,15.850766155896,-119.91483829402641,-3.714441704728297
15.0,0.9,C,15.860759493671,-119.75701541167892,-3.7175981623752463
15.0,0.9,C,15.870752831446,-119.59773267213701,-3.7207838171660845
15.0,0.9,C,15.880746169221,-119.43697045544359,-3.723999061499953
15.0,0.9,C,15.890739506995,-119.27470875208358,-3.7272442955671536
15.0,0.9,C,15.90073284477,-119.11092715200527,-3.7305199275687198
15.0,0.9,C,15.910726182545,-118.94560483340854,-3.733826373940654
15.0,0.9,C,15.92071952032,-118.77872055094917,-3.737164059589842
15.0,0.9,C,15.930712858095,-118.61025262358577,-3.74053341813711
15.0,0.9,C,15.940706195869,-118.44017892197084,-3.7439348921694084
15.0,0.9,C,15.950699533644,-118.26847685527274,-3.74736893350337
15.0,0.9,C,15.960692871419,-118.0951233576692,-3.7508360034554413
15.0,0.9,C,15.970686209194,-117.92009487413715,-3.7543365731260825
15.0,0.9,C,15.980679546969,-117.74336734577707,-3.7578711236932842
15.0,0.9,C,15.990672884744,-117.56491619453811,-3.7614401467180625
15.0,0.9,C,16.000666222518,-117.38471630735201,-3.765044144461785
15.0,0.9,C,16.010659560293,-117.2027420195328,-3.76868363021817
15.0,0.9,C,16.020652898068,-117.018967097687,-3.7723591286550855
15.0,0.9,C,16.030646235843,-116.83336472173202,-3.7760711761741845
15.0,0.9,C,16.040639573618,-116.64590746626034,-3.7798203212836183
15.0,0.9,C,16.050632911392,-116.45656728112107,-3.783607124986404
15.0,0.9,C,16.060626249167,-116.26531547107706,-3.7874321611872848
15.0,0.9,C,16.070619586942,-116.07212267478582,-3.791296017113109
15.0,0.9,C,16.080612924717,-115.87695884266941,-3.795199293755437
15.0,0.9,C,16.090606262492,-115.67979321390986,-3.7991426063306277
15.0,0.9,C,16.100599600266,-115.48059429242731,-3.8031265847602795
15.0,0.9,C,16.110592938041,-115.27932982167577,-3.80715187417531
15.0,0.9,C,16.120586275816,-115.075966758497,-3.811219135438885
15.0,0.9,C,16.130579613591,-114.8704712455702,-3.8153290456974216
15.0,0.9,C,16.140572951366,-114.66280858268496,-3.8194822989551263
15.0,0.9,C,16.150566289141,-114.45294319664173,-3.8236796066759906
15.0,0.9,C,16.160559626915,-114.24083860974193,-3.8279216984139866
15.0,0.9,C,16.17055296469,-114.02645740665456,-3.832209322475734
15.0,0.9,C,16.180546302465,-113.80976119988364,-3.836543246611153
15.0,0.9,C,16.19053964024,-113.59071059331475,-3.84092425874253
15.0,0.9,C,16.200532978015,-113.36926514405282,-3.8453531677277693
15.0,0.9,C,16.210526315789,-113.14538332232672,-3.849830804162291
15.0,0.9,C,16.220519653564,-112.91902246923216,-3.8543580212241824
15.0,0.9,C,16.230512991339,-112.6901387525069,-3.8589356955586878
15.0,0.9,C,16.240506329114,-112.45868711975629,-3.8635647282137
15.0,0.9,C,16.250499666889,-112.22462124930239,-3.868246045622778
15.0,0.9,C,16.260493004664,-111.98789349835845,-3.8729806006416565
15.0,0.9,C,16.270486342438,-111.74845484839558,-3.8777693736409136
15.0,0.9,C,16.280479680213,-111.5062548473602,-3.8826133736616213
15.0,0.9,C,16.290473017988,-111.2612415488866,-3.887513639631093
15.0,0.9,C,16.300466355763,-111.0133614478069,-3.8924712416526868
15.0,0.9,C,16.310459693538,-110.76255941204533,-3.8974872823679187
15.0,0.9,C,16.320453031312,-110.50877861053605,-3.902562898398104
15.0,0.9,C,16.330446369087,-110.25196043671203,-3.9076992618745843
15.0,0.9,C,16.340439706862,-109.99204442764226,-3.9128975820559795
15.0,0.9,C,16.350433044637,-109.72896817794722,-3.918159107049881
15.0,0.9,C,16.360426382412,-109.46266724849262,-3.923485125638973
15.0,0.9,C,16.370419720187,-109.19307506928959,-3.928876969223033
15.0,0.9,C,16.380413057961,-108.92012283618371,-3.934336013885151
15.0,0.9,C,16.390406395736,-108.64373940067419,-3.939863682595342
15.0,0.9,C,16.400399733511,-108.36385115271025,-3.9454614475546204
15.0,0.9,C,16.410393071286,-108.08038189530173,-3.9511308327027908
15.0,0.9,C,16.420386409061,-107.79325271069084,-3.9568734163950086
15.0,0.9,C,16.430379746835,-107.5023818171907,-3.962690834265012
15.0,0.9,C,16.44037308461,-107.20768441573054,-3.9685847822942146
15.0,0.9,C,16.450366422385,-106.90907252562474,-3.9745570200963307
15.0,0.9,C,16.46035976016,-106.60645480797264,-3.9806093744493722
15.0,0.9,C,16.470353097935,-106.2997363760006,-3.9867437430888137
15.0,0.9,C,16.48034643571,-105.98881859091408,-3.9929620987905436
15.0,0.9,C,16.490339773484,-105.67359884192483,-3.9992664937703286
15.0,0.9,C,16.500333111259,-105.35397030869603,-4.005659064434905
15.0,0.9,C,16.510326449034,-105.02982170492221,-4.012142036510381
15.0,0.9,C,16.520319786809,-104.70103700045229,-4.018717730599779
15.0,0.9,C,16.530313124584,-104.36749512019537,-4.025388568204917
15.0,0.9,C,16.540306462358,-104.02906961716853,-4.032157078265455
15.0,0.9,C,16.550299800133,-103.68562831667535,-4.039025904275318
15.0,0.9,C,16.560293137908,-103.3370329289132,-4.045997812030561
15.0,0.9,C,16.570286475683,-102.98313862569162,-4.053075698094992
15.0,0.9,C,16.580279813458,-102.62379357759214,-4.0602625990569825
15.0,0.9,C,16.590273151233,-102.25883844662891,-4.067561701676247
15.0,0.9,C,16.600266489007,-101.88810582900514,-4.074976354028722
15.0,0.9,C,16.610259826782,-101.51141964146788,-4.082510077779468
15.0,0.9,C,16.620253164557,-101.12859444456828,-4.09016658171746
15.0,0.9,C,16.630246502332,-100.73943469367538,-4.097949776735318
15.0,0.9,C,16.640239840107,-100.34373390853042,-4.105863792438217
15.0,0.9,C,16.650233177881,-99.94127374974809,-4.113912995613863
15.0,0.9,C,16.660226515656,-99.53182298868154,-4.122102010835194
15.0,0.9,C,16.670219853431,-99.11513635551049,-4.130435743498615
15.0,0.9,C,16.680213191206,-98.69095324611503,-4.138919405686525
15.0,0.9,C,16.690206528981,-98.25899626620061,-4.147558545284813
15.0,0.9,C,16.700199866756,-97.81896958599292,-4.1563590788889675
15.0,0.9,C,16.71019320453,-97.37055707382336,-4.165327329132358
15.0,0.9,C,16.720186542305,-96.91342016995954,-4.174470067209635
15.0,0.9,C,16.73017988008,-96.44719545473724,-4.18379456151408
15.0,0.9,C,16.740173217855,-95.97149185302828,-4.193308633548259
15.0,0.9,C,16.75016655563,-95.48588740543742,-4.203020722500077
15.0,0.9,C,16.760159893404,-94.98992551875165,-4.2129399602337925
15.0,0.9,C,16.770153231179,-94.4831105861905,-4.223076258885015
15.0,0.9,C,16.780146568954,-93.96490284037198,-4.233440413801386
15.0,0.9,C,16.790139906729,-93.4347122623375,-4.244044225362075
15.0,0.9,C,16.800133244504,-92.89189132121471,-4.254900644184531
15.0,0.9,C,16.810126582278,-92.33572624984494,-4.266023945611927
15.0,0.9,C,16.820119920053,-91.76542646804945,-4.277429941247836
15.0,0.9,C,16.830113257828,-91.18011163607214,-4.289136237887383
15.0,0.9,C,16.840106595603,-90.57879563452764,-4.301162557918273
15.0,0.9,C,16.850099933378,-89.96036650358892,-4.313531140537047
15.0,0.9,C,16.860093271153,-89.32356098248084,-4.326267250959209
15.0,0.9,C,16.870086608927,-88.66693170325792,-4.339399836543667
15.0,0.9,C,16.880079946702,-87.98880418508371,-4.352962386907151
15.0,0.9,C,16.890073284477,-87.28721933414982,-4.366994083925829
15.0,0.9,C,16.900066622252,-86.55985477955196,-4.381541375017786
15.0,0.9,C,16.910059960027,-85.80391431943059,-4.396660184220213
15.0,0.9,C,16.920053297801,-85.0159674794663,-4.412419121019499
15.0,0.9,C,16.930046635576,-84.19170741651855,-4.428904322278454
15.0,0.9,C,16.940039973351,-83.32556749808268,-4.446227120647172
15.0,0.9,C,16.950033311126,-82.41007531800739,-4.464536964248678
15.0,0.9,C,16.960026648901,-81.43467118914502,-4.4840450468259245
15.0,0.9,C,16.970019986676,-80.38328328424717,-4.505072804923882
15.0,0.9,C,16.98001332445,-79.22839321595805,-4.528170606289664
15.0,0.9,C,16.990006662225,-77.91113573251612,-4.554515755958502
15.0,0.9,C,17.0,-76.17207853617978,-4.5892968998852295
15.0,0.9,Pd,17.0,-76.17207853617978,2.332482744775132
15.0,0.9,Pd,17.005,-75.18042563629761,2.282900099781023
15.0,0.9,Pd,17.01,-74.4398681695459,2.2458722264434376
15.0,0.9,Pd,17.015,-73.75170524882157,2.2114640804072208
15.0,0.9,Pd,17.02,-73.138669518133,2.1808122938727927
15.0,0.9,Pd,17.025,-72.54998345780048,2.1513779908561665
15.0,0.9,Pd,17.03,-72.00587228945994,2.12417243243914
15.0,0.9,Pd,17.035,-71.47778587744787,2.097768111838536
15.0,0.9,Pd,17.04,-70.98126717445786,2.0729421766890352
15.0,0.9,Pd,17.045,-70.49672333722036,2.048714984827161
15.0,0.9,Pd,17.05,-70.03650643507622,2.025704139719954
15.0,0.9,Pd,17.055,-69.5858729574692,2.0031724658396035
15.0,0.9,Pd,17.06,-69.15493710246145,1.981625673089215
15.0,0.9,Pd,17.065,-68.73201336006238,1.9604794859692618
15.0,0.9,Pd,17.07,-68.32556287537098,1.9401569617346917
15.0,0.9,Pd,17.075,-67.92601951961966,1.9201797939471257
15.0,0.9,Pd,17.08,-67.54056828750169,1.900907232341227
15.0,0.9,Pd,17.085,-67.16120983780608,1.8819393098564472
15.0,0.9,Pd,17.09,-66.79410854706956,1.863584245319621
15.0,0.9,Pd,17.095,-66.43247901190452,1.845502768561369
15.0,0.9,Pd,17.1,-66.0816459477509,1.8279611153536879
15.0,0.9,Pd,17.105,-65.73579859019881,1.8106687474760832
15.0,0.9,Pd,17.11,-65.39955491536489,1.7938565637343875
15.0,0.9,Pd,17.115,-65.0679087307809,1.777274254505188
15.0,0.9,Pd,17.12,-64.74487198190255,1.7611224170612707
15.0,0.9,Pd,17.125,-64.42611754003858,1.7451846949680716
15.0,0.9,Pd,17.13,-64.11512967907592,1.7296353019199386
15.0,0.9,Pd,17.135,-63.808164768320175,1.7142870563821515
15.0,0.9,Pd,17.14,-63.50824181089118,1.699290908510702
15.0,0.9,Pd,17.145,-63.2121259479648,1.6844851153643827
15.0,0.9,Pd,17.15,-62.92242163573758,1.6699998997530219
15.0,0.9,Pd,17.155,-62.63634299418083,1.6556959676751846
15.0,0.9,Pd,17.16,-62.35612193074464,1.641684914503375
15.0,0.9,Pd,17.165,-62.079372717637945,1.62784745384804
15.0,0.9,Pd,17.17,-61.80799007159045,1.6142783215456658
15.0,0.9,Pd,17.175,-61.53994781472672,1.600876208702479
15.0,0.9,Pd,17.18,-61.27683369677724,1.5877205028050048
15.0,0.9,Pd,17.185,-61.01694676802829,1.5747261563675574
15.0,0.9,Pd,17.19,-60.76159400858832,1.5619585183955589
15.0,0.9,Pd,17.195,-60.509370248167706,1.5493473303745282
15.0,0.9,Pd,17.2,-60.2613246970566,1.5369450528189728
15.0,0.9,Pd,17.205,-60.01632235014736,1.5246949354735109
15.0,0.9,Pd,17.21,-59.775175079098396,1.5126375719210625
15.0,0.9,Pd,17.215,-59.53699548543113,1.5007285922376994
15.0,0.9,Pd,17.22,-59.302376448161944,1.48899764037424
15.0,0.9,Pd,17.225,-59.07065808013767,1.477411721973026
15.0,0.9,Pd,17.23,-58.84223090423454,1.4659903631778701
15.0,0.9,Pd,17.235,-58.61664445627032,1.454711040779659
15.0,0.9,Pd,17.24,-58.39410212482879,1.4435839242075823
15.0,0.9,Pd,17.245,-58.174346431989505,1.4325961395656184
15.0,0.9,Pd,17.25,-57.957407672558574,1.4217492015940716
15.0,0.9,Pd,17.255,-57.74320629051813,1.4110391324920493
15.0,0.9,Pd,17.26,-57.53161253204345,1.4004594445683152
15.0,0.9,Pd,17.265,-57.32271084967661,1.3900143604499735
15.0,0.9,Pd,17.27,-57.116223639850574,1.3796899999586716
15.0,0.9,Pd,17.275,-56.912386424687185,1.3694981392005021
15.0,0.9,Pd,17.28,-56.71078522367395,1.3594180791498407
15.0,0.9,Pd,17.285,-56.51179452209152,1.3494685440707188
15.0,0.9,Pd,17.29,-56.314874806378654,1.3396225582850756
15.0,0.9,Pd,17.295,-56.120528136727025,1.329905224802494
15.0,0.9,Pd,17.3,-55.92809976037255,1.3202838059847701
15.0,0.9,Pd,17.305,-55.73820854972901,1.3107892454525933
15.0,0.9,Pd,17.31,-55.55009432069139,1.3013835340007125
15.0,0.9,Pd,17.315,-55.36448254557584,1.2921029452449349
15.0,0.9,Pd,17.32,-55.18051698289954,1.2829046671111197
15.0,0.9,Pd,17.325,-54.99901998178345,1.2738298170553153
15.0,0.9,Pd,17.33,-54.81904822575506,1.264831229253896
15.0,0.9,Pd,17.335,-54.6415116571007,1.255954400821178
15.0,0.9,Pd,17.34,-54.46538850950182,1.2471482434412338
15.0,0.9,Pd,17.345,-54.291667433746966,1.238462189653491
15.0,0.9,Pd,17.35,-54.119256509309935,1.2298416434316395
15.0,0.9,Pd,17.355,-53.94921457693876,1.2213395468130808
15.0,0.9,Pd,17.36,-53.780387550341324,1.2128981954832092
15.0,0.9,Pd,17.365,-53.61389628117152,1.2045736320247187
15.0,0.9,Pd,17.37,-53.44853221644831,1.1963054287885582
15.0,0.9,Pd,17.375,-53.285470357722886,1.1881523358522872
15.0,0.9,Pd,17.38,-53.12345510911672,1.1800515734219788
15.0,0.9,Pd,17.385,-52.96370806192434,1.1720642210623602
15.0,0.9,Pd,17.39,-52.80493373688787,1.1641255048105363
15.0,0.9,Pd,17.395,-52.648393042088614,1.1562984700705734
15.0,0.9,Pd,17.4,-52.49275751857804,1.1485166938950446
15.0,0.9,Pd,17.405,-52.339320394724304,1.1408448377023581
15.0,0.9,Pd,17.41,-52.18672688608561,1.1332151622704234
15.0,0.9,Pd,17.415,-52.03629581294395,1.1256936086133402
15.0,0.9,Pd,17.42,-51.88665247466416,1.118211441699351
15.0,0.9,Pd,17.425,-51.73913481685787,1.1108355588090364
15.0,0.9,Pd,17.43,-51.59235439027069,1.1034965374796775
15.0,0.9,Pd,17.435,-51.44766205633215,1.0962619207827504
15.0,0.9,Pd,17.44,-51.30366154503314,1.0890618952177997
15.0,0.9,Pd,17.445,-51.16171067780007,1.0819643518561466
15.0,0.9,Pd,17.45,-51.020411053121876,1.0748993706222367
15.0,0.9,Pd,17.455,-50.881121747960975,1.0679349053641916
15.0,0.9,Pd,17.46,-50.74244768031217,1.0610012019817514
15.0,0.9,Pd,17.465,-50.60574372810591,1.054166004371438
15.0,0.9,Pd,17.47,-50.46962334142209,1.0473599850372475
15.0,0.9,Pd,17.475,-50.33543199365687,1.0406504176489861
15.0,0.9,Pd,17.48,-50.20179664053445,1.033968649992865
15.0,0.9,Pd,17.485,-50.07004839415549,1.0273812376739175
15.0,0.9,Pd,17.49,-49.93883244955556,1.020820440443921
15.0,0.9,Pd,17.495,-49.809460849541736,1.0143518604432296
15.0,0.9,Pd,17.5,-49.68060152120319,1.0079088940263023
15.0,0.9,Pd,17.505,-49.55354297907116,1.001555966919701
15.0,0.9,Pd,17.51,-49.426980132990934,0.9952278246156896
15.0,0.9,Pd,17.515,-49.30217375963311,0.9889875059477984
15.0,0.9,Pd,17.52,-49.177849759167096,0.9827713059244976
15.0,0.9,Pd,17.525,-49.055237210626636,0.9766406784974747
15.0,0.9,Pd,17.53,-48.93309676793076,0.9705336563626811
15.0,0.9,Pd,17.535,-48.81262210286925,0.9645099231096053
15.0,0.9,Pd,17.54,-48.692612141539236,0.9585094250431047
15.0,0.9,Pd,17.545,-48.574221689295335,0.9525899024309097
15.0,0.9,Pd,17.55,-48.456291217191904,0.946693378825738
15.0,0.9,Pd,17.555,-48.33993345544555,0.9408754907384205
15.0,0.9,Pd,17.56,-48.224033446801876,0.9350804903062365
15.0,0.9,Pd,17.565,-48.10965888796977,0.9293617623646315
15.0,0.9,Pd,17.57,-47.9957421739749,0.9236659266648878
15.0,0.9,Pd,17.575,-47.883303259551276,0.9180439809437068
15.0,0.9,Pd,17.58,-47.771324426681986,0.9124450393002421
15.0,0.9,Pd,17.585,-47.66077542882682,0.9069175894074837
15.0,0.9,Pd,17.59,-47.550690724280656,0.9014133541801757
15.0,0.9,Pd,17.595,-47.441987654019236,0.8959782006671049
15.0,0.9,Pd,17.6,-47.33375489766195,0.8905665628492404
15.0,0.9,Pd,17.605,-47.22685541913561,0.8852215889229236
15.0,0.9,Pd,17.61,-47.12043392143882,0.8799005140380838
15.0,0.9,Pd,17.615,-47.015297271691345,0.8746436815507103
15.0,0.9,Pd,17.62,-46.910647757180406,0.8694112058251633
15.0,0.9,Pd,17.625,-46.80723467102975,0.8642405515176304
15.0,0.9,Pd,17.63,-46.70431920681061,0.8590947783066735
15.0,0.9,Pd,17.635,-46.602591846376015,0.8540084102849437
15.0,0.9,Pd,17.64,-46.50137377535587,0.8489475067339367
15.0,0.9,Pd,17.645,-46.40129566388072,0.8439436011601787
15.0,0.9,Pd,17.65,-46.301739542322046,0.838965795082245
15.0,0.9,Pd,17.655,-46.20327550193855,0.8340425930630703
15.0,0.9,Pd,17.66,-46.10534704102442,0.8291461700173641
15.0,0.9,Pd,17.665,-46.00846313416166,0.824301974674226
15.0,0.9,Pd,17.67,-45.912129145277994,0.8194852752300426
15.0,0.9,Pd,17.675,-45.81679261942797,0.8147184489375413
15.0,0.9,Pd,17.68,-45.722020962896444,0.8099798661109652
15.0,0.9,Pd,17.685,-45.628200198483924,0.8052888278903391
15.0,0.9,Pd,17.69,-45.534959735494326,0.8006268047408591
15.0,0.9,Pd,17.695,-45.44262419661982,0.7960100277971338
15.0,0.9,Pd,17.7,-45.35088474414219,0.7914230551732525
15.0,0.9,Pd,17.705,-45.26000493198683,0.7868790645654843
15.0,0.9,Pd,17.71,-45.169737220449235,0.7823656789886048
15.0,0.9,Pd,17.715,-45.08028462914804,0.7778930494235448
15.0,0.9,Pd,17.72,-44.99146026270008,0.7734518311011469
15.0,0.9,Pd,17.725,-44.9034073375084,0.7690491848415627
15.0,0.9,Pd,17.73,-44.815998756681324,0.764678755800209
15.0,0.9,Pd,17.735,-44.72931885427451,0.7603447606798683
15.0,0.9,Pd,17.74,-44.64329930089118,0.7560437830107017
15.0,0.9,Pd,17.745,-44.557966651651554,0.7517771505487207
15.0,0.9,Pd,17.75,-44.47331013582269,0.7475443247572776
15.0,0.9,Pd,17.755,-44.38929980797455,0.7433438083648707
15.0,0.9,Pd,17.76,-44.30598107705768,0.7391778718190269
15.0,0.9,Pd,17.765,-44.223268942533906,0.7350422650928383
15.0,0.9,Pd,17.77,-44.14126345191264,0.7309419905617752
15.0,0.9,Pd,17.775,-44.05982615383864,0.7268701256580749
15.0,0.9,Pd,17.78,-43.97911003941502,0.722834319936894
15.0,0.9,Pd,17.785,-43.898924961101,0.718825066021193
15.0,0.9,Pd,17.79,-43.8194750133835,0.7148525686353182
15.0,0.9,Pd,17.795,-43.740520248739614,0.7109048304031238
15.0,0.9,Pd,17.8,-43.662313888427015,0.7069945123874936
15.0,0.9,Pd,17.805,-43.584568213708536,0.7031072286515696
15.0,0.9,Pd,17.81,-43.50758346867378,0.6992579913998317
15.0,0.9,Pd,17.815,-43.43102631547752,0.6954301337400187
15.0,0.9,Pd,17.82,-43.35524179906166,0.6916409079192258
15.0,0.9,Pd,17.825,-43.27985322849993,0.6878714793911396
15.0,0.9,Pd,17.83,-43.20524811903264,0.6841412239177749
15.0,0.9,Pd,17.835,-43.13100879702055,0.6804292578171705
15.0,0.9,Pd,17.84,-43.05756281849274,0.6767569588907798
15.0,0.9,Pd,17.845,-42.984453992081434,0.6731015175702147
15.0,0.9,Pd,17.85,-42.91214739588831,0.6694861877605586
15.0,0.9,Pd,17.855,-42.84015087059501,0.6658863614958935
15.0,0.9,Pd,17.86,-42.76896441829093,0.6623270388806893
15.0,0.9,Pd,17.865,-42.698062536362166,0.6587819447842511
15.0,0.9,Pd,17.87,-42.627977483360155,0.6552776921341507
15.0,0.9,Pd,17.875,-42.55815310293202,0.6517864731127438
15.0,0.9,Pd,17.88,-42.48915118308127,0.6483363771202063
15.0,0.9,Pd,17.885,-42.42038765818419,0.6448982008753524
15.0,0.9,Pd,17.89,-42.35245106917878,0.6415013714250819
15.0,0.9,Pd,17.895,-42.28473223054699,0.6381154294934923
15.0,0.9,Pd,17.9,-42.217843620106954,0.6347709989714907
15.0,0.9,Pd,17.905,-42.151153756757026,0.6314365058039944
15.0,0.9,Pd,17.91,-42.08529620952935,0.6281436284426105
15.0,0.9,Pd,17.915,-42.019620051074924,0.624859820519889
15.0,0.9,Pd,17.92,-41.95477707621505,0.6216176717768955
15.0,0.9,Pd,17.925,-41.89009977587251,0.6183838067597681
15.0,0.9,Pd,17.93,-41.826255295254654,0.6151915827288755
15.0,0.9,Pd,17.935,-41.76256241353155,0.6120069386427202
15.0,0.9,Pd,17.94,-41.699700750548615,0.6088638554935737
15.0,0.9,Pd,17.945,-41.636978239566915,0.6057277299444885
15.0,0.9,Pd,17.95,-41.57508410847902,0.6026330233900936
15.0,0.9,Pd,17.955,-41.51331829691817,0.5995447328120515
15.0,0.9,Pd,17.96,-41.452376792716976,0.5964976576019916
15.0,0.9,Pd,17.965,-41.391554371352704,0.5934565365337781
15.0,0.9,Pd,17.97,-41.331550960099015,0.5904563659710936
15.0,0.9,Pd,17.975,-41.27165896791013,0.5874617663616494
15.0,0.9,Pd,17.98,-41.2125794775196,0.5845077918421229
15.0,0.9,Pd,17.985,-41.153605288347016,0.5815590823834936
15.0,0.9,Pd,17.99,-41.09543589978536,0.5786506129554108
15.0,0.9,Pd,17.995,-41.03736720952355,0.5757471784423204
15.0,0.9,Pd,18.0,-40.980094448385415,0.5728835403854136
15.0,0.9,Pd,18.005,-40.92291926268856,0.5700247811005709
15.0,0.9,Pd,18.01,-40.866529991132516,0.5672053175227686
15.0,0.9,Pd,18.015,-40.81023661361474,0.5643906486468799
15.0,0.9,Pd,18.02,-40.75471802262752,0.5616147190975189
15.0,0.9,Pd,18.025,-40.69929504354639,0.5588435701434625
15.0,0.9,Pd,18.03,-40.64463464550952,0.5561105502416188
15.0,0.9,Pd,18.035,-40.590070930915914,0.5533823645119386
15.0,0.9,Pd,18.04,-40.536256552454375,0.5506916455888615
15.0,0.9,Pd,18.045,-40.48254123379461,0.5480058796558736
15.0,0.9,Pd,18.05,-40.42956100888478,0.5453568684103821
15.0,0.9,Pd,18.055,-40.376683473042085,0.5427129916182473
15.0,0.9,Pd,18.06,-40.32452583635767,0.5401051097840264
15.0,0.9,Pd,18.065,-40.27247571611789,0.5375026037720374
15.0,0.9,Pd,18.07,-40.221129396594215,0.5349352877958538
15.0,0.9,Pd,18.075,-40.16989656153098,0.5323736460426921
15.0,0.9,Pd,18.08,-40.119350576131296,0.5298463467727076
15.0,0.9,Pd,18.085,-40.06892512389028,0.5273250741606568
15.0,0.9,Pd,18.09,-40.01916877155407,0.5248372565438465
15.0,0.9,Pd,18.095,-39.96954101953025,0.5223558689426554
15.0,0.9,Pd,18.1,-39.920563875294356,0.5199070117308607
15.0,0.9,Pd,18.105,-39.87172435269265,0.5174650356007754
15.0,0.9,Pd,18.11,-39.82351626195917,0.5150546310641015
15.0,0.9,Pd,18.115,-39.77545570222256,0.5126516030772709
15.0,0.9,Pd,18.12,-39.72800677517133,0.5102791567247096
15.0,0.9,Pd,18.125,-39.680716108776444,0.5079146234049651
15.0,0.9,Pd,18.13,-39.63401671490241,0.5055796537112633
15.0,0.9,Pd,18.135,-39.58748706250132,0.5032531710912086
15.0,0.9,Pd,18.14,-39.54152782526817,0.5009552092295512
15.0,0.9,Pd,18.145,-39.495750491174675,0.49866634252487657
15.0,0.9,Pd,18.15,-39.450522282771075,0.4964049321046965
15.0,0.9,Pd,18.155,-39.405488748780286,0.49415325540515703
15.0,0.9,Pd,18.16,-39.360982684973244,0.49192795221480523
15.0,0.9,Pd,18.165,-39.316684604506996,0.48971304819149275
15.0,0.9,Pd,18.17,-39.27289203957478,0.4875234199448818
15.0,0.9,Pd,18.175,-39.22932123213744,0.4853448795730148
15.0,0.9,Pd,18.18,-39.186233753887414,0.48319050566051347
15.0,0.9,Pd,18.185,-39.14338219983319,0.4810479279578023
15.0,0.9,Pd,18.19,-39.10099162468241,0.4789283992002631
15.0,0.9,Pd,18.195,-39.05885146027622,0.47682139097995413
15.0,0.9,Pd,18.2,-39.01714982839697,0.4747363093859914
15.0,0.9,Pd,18.205,-38.97571334116896,0.472664485024591
15.0,0.9,Pd,18.21,-38.93469291169017,0.47061346355065126
15.0,0.9,Pd,18.215,-38.893952536063324,0.46857644476930893
15.0,0.9,Pd,18.22,-38.85360578232566,0.466559107082426
15.0,0.9,Pd,18.225,-38.8135540955214,0.4645565227422127
15.0,0.9,Pd,18.23,-38.773873700376235,0.4625725029849547
15.0,0.9,Pd,18.235,-38.73450341858029,0.46060398889515747
15.0,0.9,Pd,18.24,-38.69548226972965,0.4586529314526255
15.0,0.9,Pd,18.245,-38.6567862445128,0.4567181301917831
15.0,0.9,Pd,18.25,-38.61841742989435,0.45479968946086047
15.0,0.9,Pd,18.255,-38.58038864487883,0.45289825021008445
15.0,0.9,Pd,18.26,-38.54266544807971,0.45101209037012835
15.0,0.9,Pd,18.265,-38.505297015844064,0.44914366875834605
15.0,0.9,Pd,18.27,-38.46821291155418,0.4472894635438519
15.0,0.9,Pd,18.275,-38.431498070763205,0.445453721504303
15.0,0.9,Pd,18.28,-38.39504672025973,0.44363115397912933
15.0,0.9,Pd,18.285,-38.358978833017915,0.4418277596170386
15.0,0.9,Pd,18.29,-38.323154079678986,0.4400365219500921
15.0,0.9,Pd,18.295,-38.28772662909446,0.4382651494208658
15.0,0.9,Pd,18.3,-38.25252249394426,0.4365049426633561
15.0,0.9,Pd,18.305,-38.217729081894745,0.4347652720608802
15.0,0.9,Pd,18.31,-38.18313975917843,0.4330358059250645
15.0,0.9,Pd,18.315,-38.14897410427224,0.4313275231797548
15.0,0.9,Pd,18.32,-38.1149939570615,0.42962851581921785
15.0,0.9,Pd,18.325,-38.08144989278148,0.42795131260521674
15.0,0.9,Pd,18.33,-38.04807344861043,0.4262824903966643
15.0,0.9,Pd,18.335,-38.015144921637635,0.4246360640480246
15.0,0.9,Pd,18.34,-37.98236686817098,0.4229971613746917
15.0,0.9,Pd,18.345,-37.950047936874064,0.42138121480984614
15.0,0.9,Pd,18.35,-37.91786311760496,0.4197719738463907
15.0,0.9,Pd,18.355,-37.886147950691786,0.4181862155007321
15.0,0.9,Pd,18.36,-37.85455136067829,0.4166063860000575
15.0,0.9,Pd,18.365,-37.82343423599273,0.4150505297657793
15.0,0.9,Pd,18.37,-37.792421017629565,0.4134998688476211
15.0,0.9,Pd,18.375,-37.761896321096536,0.4119736340209696
15.0,0.9,Pd,18.38,-37.731461759924414,0.4104519059623637
15.0,0.9,Pd,18.385,-37.70152398462379,0.4089550171973325
15.0,0.9,Pd,18.39,-37.67166350517782,0.40746199322503374
15.0,0.9,Pd,18.395,-37.642307250545464,0.4059941804934162
15.0,0.9,Pd,18.4,-37.61301641225287,0.4045296385787864
15.0,0.9,Pd,18.405,-37.5842363833981,0.40309063713604776
15.0,0.9,Pd,18.41,-37.555510876514525,0.4016543617918693
15.0,0.9,Pd,18.415,-37.52730188364474,0.40024391214837984
15.0,0.9,Pd,18.42,-37.49913752524825,0.39883569422855536
15.0,0.9,Pd,18.425,-37.471494483190625,0.39745354212567424
15.0,0.9,Pd,18.43,-37.44388721322313,0.3960731786272993
15.0,0.9,Pd,18.435,-37.4168051410429,0.39471907501828774
15.0,0.9,Pd,18.44,-37.38975101840781,0.3933663688865333
15.0,0.9,Pd,18.445,-37.363225039106055,0.39204006992144547
15.0,0.9,Pd,18.45,-37.33672023782742,0.39071482985751393
15.0,0.9,Pd,18.455,-37.310745578113114,0.3894160968717985
15.0,0.9,Pd,18.46,-37.28478638355735,0.38811813714401056
15.0,0.9,Pd,18.465,-37.25935837368999,0.3868467366506423
15.0,0.9,Pd,18.47,-37.23394117885219,0.3855758769087524
15.0,0.9,Pd,18.475,-37.2090552525379,0.3843315805930378
15.0,0.9,Pd,18.48,-37.18417655440211,0.3830876456862482
15.0,0.9,Pd,18.485,-37.15982824874826,0.38187023040355605
15.0,0.9,Pd,18.49,-37.13548464471573,0.3806530502019293
15.0,0.9,Pd,18.495,-37.111669600223344,0.37946229797731
15.0,0.9,Pd,18.5,-37.08785778462559,0.3782717071974223
15.0,0.9,Pd,18.505,-37.06457174522226,0.3771074052272557
15.0,0.9,Pd,18.51,-37.04128850590922,0.375943243261604
15.0,0.9,Pd,18.515,-37.01852731900856,0.37480518391657114
15.0,0.9,Pd,18.52,-36.995769534024795,0.3736672946673826
15.0,0.9,Pd,18.525,-36.97352915061144,0.3725552754967148
15.0,0.9,Pd,18.53,-36.9512937849592,0.3714435072141028
15.0,0.9,Pd,18.535,-36.92957025968653,0.3703573309504694
15.0,0.9,Pd,18.54,-36.907854362182206,0.3692715360752531
15.0,0.9,Pd,18.545,-36.88664385348237,0.36821101064026146
15.0,0.9,Pd,18.55,-36.86544455370559,0.36715104565142254
15.0,0.9,Pd,18.555,-36.84474332389769,0.3661159841610272
15.0,0.9,Pd,18.56,-36.824057829243344,0.3650817094283099
15.0,0.9,Pd,18.565,-36.80386224464261,0.36407193019827344
15.0,0.9,Pd,18.57,-36.783687837469245,0.363063209839605
15.0,0.9,Pd,18.575,-36.76399436848665,0.3620785363904755
15.0,0.9,Pd,18.58,-36.74432840337387,0.36109523813483635
15.0,0.9,Pd,18.585,-36.72513362459721,0.36013549919600363
15.0,0.9,Pd,18.59,-36.70597352570907,0.35917749425159634
15.0,0.9,Pd,18.595,-36.68727411596924,0.35824252376460486
15.0,0.9,Pd,18.6,-36.66861737452735,0.3573096866925106
15.0,0.9,Pd,18.605,-36.65041011693539,0.35639932381291256
15.0,0.9,Pd,18.61,-36.632254288807616,0.35549153240652354
15.0,0.9,Pd,18.615,-36.614536070764125,0.3546056215043492
15.0,0.9,Pd,18.62,-36.59687877416375,0.3537227566743302
15.0,0.9,Pd,18.625,-36.57964658733282,0.3528611473327836
15.0,0.9,Pd,18.63,-36.56248550064369,0.3520030929983275
15.0,0.9,Pd,18.635,-36.54573644089018,0.3511656400106519
15.0,0.9,Pd,18.64,-36.529069300599716,0.3503322829961287
15.0,0.9,Pd,18.645,-36.512800567881186,0.34951884636020214
15.0,0.9,Pd,18.65,-36.49662516664582,0.34871007629843387
15.0,0.9,Pd,18.655,-36.480834064860225,0.3479205212091541
15.0,0.9,Pd,18.66,-36.465148249686834,0.3471362304504847
15.0,0.9,Pd,18.665,-36.449832186474076,0.34637042728984657
15.0,0.9,Pd,18.67,-36.43463385702681,0.34561051081748345
15.0,0.9,Pd,18.675,-36.41979034351105,0.34486833514169557
15.0,0.9,Pd,18.68,-36.40507745054508,0.34413269049339695
15.0,0.9,Pd,18.685,-36.39070410102902,0.34341402301759394
15.0,0.9,Pd,18.69,-36.37647464494844,0.34270255021356494
15.0,0.9,Pd,18.695,-36.36256917654697,0.3420072767934913
15.0,0.9,Pd,18.7,-36.348821206090236,0.3413198782706548
15.0,0.9,Pd,18.705,-36.33538143830709,0.34064788988149713
15.0,0.9,Pd,18.71,-36.32211304935689,0.3399844704339874
15.0,0.9,Pd,18.715,-36.309136903599004,0.3393356631460932
15.0,0.9,Pd,18.72,-36.29634623812206,0.33869612987224607
15.0,0.9,Pd,18.725,-36.28383173715373,0.3380704048238297
15.0,0.9,Pd,18.73,-36.271516982266455,0.3374546670794655
15.0,0.9,Pd,18.735,-36.259462249598485,0.3368519304460672
15.0,0.9,Pd,18.74,-36.24762163675634,0.33625989980396004
15.0,0.9,Pd,18.745,-36.23602489597456,0.3356800627648707
15.0,0.9,Pd,18.75,-36.224656700289124,0.3351116529805992
15.0,0.9,Pd,18.755,-36.21351627431566,0.33455463168192595
15.0,0.9,Pd,18.76,-36.20261881399709,0.3340097586659974
15.0,0.9,Pd,18.765,-36.191933124289804,0.33347547418063306
15.0,0.9,Pd,18.77,-36.18150476020803,0.3329540559765445
15.0,0.9,Pd,18.775,-36.171272325896794,0.3324424342609825
15.0,0.9,Pd,18.78,-36.161311461268696,0.3319443910295778
15.0,0.9,Pd,18.785,-36.15153089822666,0.3314553628774759
15.0,0.9,Pd,18.79,-36.14203597842125,0.33098061688720537
15.0,0.9,Pd,18.795,-36.13270599827633,0.33051411787995943
15.0,0.9,Pd,18.8,-36.123675510737534,0.3300625935030197
15.0,0.9,Pd,18.805,-36.11479491981959,0.32961856395712225
15.0,0.9,Pd,18.81,-36.10622739410507,0.3291901876713962
15.0,0.9,Pd,18.815,-36.09779509233773,0.3287685725830297
15.0,0.9,Pd,18.82,-36.089689100271166,0.32836327297970125
15.0,0.9,Pd,18.825,-36.08170408000268,0.3279640219662767
15.0,0.9,Pd,18.83,-36.074058235934665,0.32758172976287625
15.0,0.9,Pd,18.835,-36.06651958071528,0.32720479700190686
15.0,0.9,Pd,18.84,-36.05933254189378,0.32684544506083185
15.0,0.9,Pd,18.845,-36.05223942519874,0.3264907892260801
15.0,0.9,Pd,18.85,-36.045509892241775,0.32615431257823174
15.0,0.9,Pd,18.855,-36.038861576143816,0.32582189677333384
15.0,0.9,Pd,18.86,-36.0325882936152,0.3255082326469028
15.0,0.9,Pd,18.865,-36.026384127409365,0.325198024336611
15.0,0.9,Pd,18.87,-36.02056588448748,0.32490711219051693
15.0,0.9,Pd,18.875,-36.01480530327278,0.3246190831297818
15.0,0.9,Pd,18.88,-36.009440934518025,0.324350864692044
15.0,0.9,Pd,18.885,-36.00412345773306,0.32408499085279585
15.0,0.9,Pd,18.89,-35.99921184394193,0.3238394101632392
15.0,0.9,Pd,18.895,-35.99433707386731,0.32359567165950837
15.0,0.9,Pd,18.9,-35.98987714301068,0.32337267511667706
15.0,0.9,Pd,18.905,-35.98544476323721,0.32315105612800327
15.0,0.9,Pd,18.91,-35.98143549148028,0.3229505925401572
15.0,0.9,Pd,18.915,-35.97744526534119,0.3227510812332024
15.0,0.9,Pd,18.92,-35.97388567814479,0.3225731018733823
15.0,0.9,Pd,18.925,-35.97033744713032,0.32239569032265875
15.0,0.9,Pd,18.93,-35.96722662041405,0.32224014898684544
15.0,0.9,Pd,18.935,-35.964120302556715,0.3220848330939788
15.0,0.9,Pd,18.94,-35.961457363940724,0.32195168616317926
15.0,0.9,Pd,18.945,-35.95879295218635,0.32181846557546023
15.0,0.9,Pd,18.95,-35.95657708228671,0.32170767208047835
15.0,0.9,Pd,18.955,-35.95435464285459,0.3215965501088724
15.0,0.9,Pd,18.96,-35.95258507664195,0.3215080717982405
15.0,0.9,Pd,18.965,-35.95080474737193,0.32141905533473947
15.0,0.9,Pd,18.97,-35.94948077558007,0.32135285674514646
15.0,0.9,Pd,18.975,-35.94814276427996,0.3212859561801406
15.0,0.9,Pd,18.98,-35.94726373486095,0.3212420047091904
15.0,0.9,Pd,18.985,-35.946368317655335,0.32119723384890947
15.0,0.9,Pd,18.99,-35.945933637280916,0.3211754998301886
15.0,0.9,Pd,18.995,-35.94548115696438,0.3211528758143616
15.0,0.9,Pd,19.0,-35.94549029256012,0.32115333259414913
