L_support_nm,pzc_support_V,material,x_nm,phi_RP_mV,sigma_uC_per_cm2
15.0,0.5,Au,0.0,-207.6793901757697,-7.316240815792116
15.0,0.5,Au,0.005,-207.6793699769294,-7.316241825734131
15.0,0.5,Au,0.01,-207.67839235978917,-7.3162907065911424
15.0,0.5,Au,0.015,-207.6773734664542,-7.316341651257891
15.0,0.5,Au,0.02,-207.6753987692806,-7.316440386116571
15.0,0.5,Au,0.025,-207.67338016314835,-7.316541316423184
15.0,0.5,Au,0.03,-207.67040897649346,-7.3166898757559276
15.0,0.5,Au,0.035,-207.6673895021912,-7.31684084947104
15.0,0.5,Au,0.04,-207.66342226834237,-7.3170392111634825
15.0,0.5,Au,0.045,-207.65940063608346,-7.317240292776428
15.0,0.5,Au,0.05,-207.65443764615898,-7.317488442272651
15.0,0.5,Au,0.055,-207.6494124343208,-7.317739702864561
15.0,0.5,Au,0.06,-207.64345382533816,-7.3180376333136925
15.0,0.5,Au,0.065,-207.6374234829614,-7.31833915043253
15.0,0.5,Au,0.07,-207.63046923488986,-7.318686862836107
15.0,0.5,Au,0.075,-207.62343208408518,-7.319038720376342
15.0,0.5,Au,0.08,-207.6154820168843,-7.319436223736386
15.0,0.5,Au,0.085,-207.60743625514218,-7.319838511823493
15.0,0.5,Au,0.09,-207.59849002579756,-7.320285823290723
15.0,0.5,Au,0.095,-207.58943372819263,-7.320738638170969
15.0,0.5,Au,0.1,-207.57949082775656,-7.321235783192773
15.0,0.5,Au,0.105,-207.56942194903675,-7.321739227128764
15.0,0.5,Au,0.11,-207.5584816996779,-7.322286239596705
15.0,0.5,Au,0.115,-207.54739807623324,-7.322840420768939
15.0,0.5,Au,0.12,-207.53545962830535,-7.323437343165333
15.0,0.5,Au,0.125,-207.52335898000706,-7.324042375580247
15.0,0.5,Au,0.13,-207.51042130914124,-7.324689259123539
15.0,0.5,Au,0.135,-207.49730124104505,-7.325345262528349
15.0,0.5,Au,0.14,-207.48336314527464,-7.326042167316869
15.0,0.5,Au,0.145,-207.46922114917896,-7.326749267121653
15.0,0.5,Au,0.15,-207.45428124609876,-7.3274962622756625
15.0,0.5,Au,0.155,-207.43911470195263,-7.3282545894829685
15.0,0.5,Au,0.16,-207.42317142592464,-7.329051753284369
15.0,0.5,Au,0.165,-207.40697760307768,-7.329861444426716
15.0,0.5,Au,0.17,-207.39002920248257,-7.330708864456473
15.0,0.5,Au,0.175,-207.37280526076927,-7.331570061542138
15.0,0.5,Au,0.18,-207.3548497953164,-7.33246783481478
15.0,0.5,Au,0.185,-207.33659278596946,-7.333380685282127
15.0,0.5,Au,0.19,-207.31762812406245,-7.334328918377478
15.0,0.5,Au,0.195,-207.29833499044648,-7.335293575058277
15.0,0.5,Au,0.2,-207.27835880661604,-7.3362923842497985
15.0,0.5,Au,0.205,-207.25802638478066,-7.3373090053415675
15.0,0.5,Au,0.21,-207.23703615718378,-7.338358516721412
15.0,0.5,Au,0.215,-207.21566117622422,-7.339427265769389
15.0,0.5,Au,0.22,-207.1936541842185,-7.340527615369676
15.0,0.5,Au,0.225,-207.1712332664392,-7.34164866125864
15.0,0.5,Au,0.23,-207.14820658823365,-7.342799995168918
15.0,0.5,Au,0.235,-207.12473624911397,-7.3439735121249035
15.0,0.5,Au,0.24,-207.10068675949745,-7.345175986605729
15.0,0.5,Au,0.245,-207.0761634074515,-7.346402154208026
15.0,0.5,Au,0.25,-207.0510877756073,-7.347655935800236
15.0,0.5,Au,0.255,-207.02550771152747,-7.348934939004227
15.0,0.5,Au,0.26,-206.9994023989324,-7.35024020463398
15.0,0.5,Au,0.265,-206.9727618155237,-7.351572233804415
15.0,0.5,Au,0.27,-206.94562307393255,-7.352929170883973
15.0,0.5,Au,0.275,-206.91791805482498,-7.3543144218393515
15.0,0.5,Au,0.28,-206.8897419243485,-7.355723228363176
15.0,0.5,Au,0.285,-206.86096844298515,-7.3571619024313435
15.0,0.5,Au,0.29,-206.83175075025426,-7.358622787067888
15.0,0.5,Au,0.295,-206.80190466855393,-7.360115091152903
15.0,0.5,Au,0.3,-206.77164102497701,-7.36162827333175
15.0,0.5,Au,0.305,-206.74071809176726,-7.363174419992238
15.0,0.5,Au,0.31,-206.7094038918788,-7.364740129986661
15.0,0.5,Au,0.315,-206.6773997410938,-7.36634033752591
15.0,0.5,Au,0.32,-206.64503016099485,-7.367958816530858
15.0,0.5,Au,0.325,-206.61194030964018,-7.369613309098592
15.0,0.5,Au,0.33,-206.5785103055274,-7.371284809304231
15.0,0.5,Au,0.335,-206.54433015140688,-7.372993817010257
15.0,0.5,Au,0.34,-206.5098344581926,-7.37471860167097
15.0,0.5,Au,0.345,-206.47455927739685,-7.376482360710758
15.0,0.5,Au,0.35,-206.43899240741476,-7.378260704209863
15.0,0.5,Au,0.355,-206.4026173515669,-7.380079457002256
15.0,0.5,Au,0.36,-206.3659735933636,-7.38191164491242
15.0,0.5,Au,0.365,-206.3284936866273,-7.383785640249236
15.0,0.5,Au,0.37,-206.29076710383694,-7.385671969388754
15.0,0.5,Au,0.375,-206.25217723968075,-7.387601462596563
15.0,0.5,Au,0.38,-206.2133616699753,-7.389542241081835
15.0,0.5,Au,0.385,-206.17365660769383,-7.39152749419591
15.0,0.5,Au,0.39,-206.1337456618128,-7.393523041489961
15.0,0.5,Au,0.395,-206.09292002280785,-7.395564323440208
15.0,0.5,Au,0.4,-206.05190708365416,-7.3976149703978935
15.0,0.5,Au,0.405,-206.00995534747452,-7.399712557206875
15.0,0.5,Au,0.41,-205.96783356927648,-7.401818646116777
15.0,0.5,Au,0.415,-205.92475006941675,-7.403972821109764
15.0,0.5,Au,0.42,-205.88151237695178,-7.406134705733012
15.0,0.5,Au,0.425,-205.83729129640997,-7.408345759760102
15.0,0.5,Au,0.43,-205.7929303842805,-7.410563805366575
15.0,0.5,Au,0.435,-205.74756575088233,-7.412832037036485
15.0,0.5,Au,0.44,-205.7020740828368,-7.415106620438762
15.0,0.5,Au,0.445,-205.6555597643219,-7.417432336364506
15.0,0.5,Au,0.45,-205.60892957261603,-7.419763845949799
15.0,0.5,Au,0.455,-205.56125927149142,-7.422147361006029
15.0,0.5,Au,0.46,-205.5134825562844,-7.424536196766381
15.0,0.5,Au,0.465,-205.4646498044457,-7.426977834358316
15.0,0.5,Au,0.47,-205.41571833321373,-7.429424407919914
15.0,0.5,Au,0.475,-205.36571648634154,-7.4319245002635235
15.0,0.5,Au,0.48,-205.31562179330982,-7.43442923491511
15.0,0.5,Au,0.485,-205.2644440250406,-7.436988123328571
15.0,0.5,Au,0.49,-205.21317741061682,-7.43955145404976
15.0,0.5,Au,0.495,-205.16081670649336,-7.4421694892559325
15.0,0.5,Au,0.5,-205.10836923669774,-7.444791862745714
15.0,0.5,Au,0.505,-205.05481838790078,-7.447469405185561
15.0,0.5,Au,0.51,-205.0011808937813,-7.450151279891536
15.0,0.5,Au,0.515,-204.94643249064893,-7.452888700048154
15.0,0.5,Au,0.52,-204.8915955676644,-7.455630546197381
15.0,0.5,Au,0.525,-204.83564199300523,-7.45842822493034
15.0,0.5,Au,0.53,-204.77959600037448,-7.461230524561876
15.0,0.5,Au,0.535,-204.72242942257222,-7.46408885345199
15.0,0.5,Au,0.54,-204.66516448257013,-7.466952100452094
15.0,0.5,Au,0.545,-204.60677684849242,-7.46987148215598
15.0,0.5,Au,0.55,-204.5482828456803,-7.472796182296586
15.0,0.5,Au,0.555,-204.4886658733912,-7.475777030911041
15.0,0.5,Au,0.56,-204.42893245377434,-7.478763701891884
15.0,0.5,Au,0.565,-204.3680776250551,-7.481806443327846
15.0,0.5,Au,0.57,-204.3070941951446,-7.484855614823371
15.0,0.5,Au,0.575,-204.24499274783383,-7.487960687188909
15.0,0.5,Au,0.58,-204.18274847360937,-7.491072900900132
15.0,0.5,Au,0.585,-204.11939139375883,-7.494240754892659
15.0,0.5,Au,0.59,-204.0558751995069,-7.497416564605257
15.0,0.5,Au,0.595,-203.99125321336538,-7.500647663912331
15.0,0.5,Au,0.6,-203.9264537803857,-7.503887635561315
15.0,0.5,Au,0.605,-203.86055734621445,-7.507182457269879
15.0,0.5,Au,0.61,-203.79446311137556,-7.510487169011823
15.0,0.5,Au,0.615,-203.72728241109516,-7.5138462040258425
15.0,0.5,Au,0.62,-203.65988156522624,-7.517216246319289
15.0,0.5,Au,0.625,-203.5914064959069,-7.5206399997852555
15.0,0.5,Au,0.63,-203.52268698200498,-7.5240759754803515
15.0,0.5,Au,0.635,-203.45290714720386,-7.527564967220409
15.0,0.5,Au,0.64,-203.38285665844262,-7.531067491658471
15.0,0.5,Au,0.645,-203.3117613593859,-7.534622256611305
15.0,0.5,Au,0.65,-203.24036733691244,-7.538191957734979
15.0,0.5,Au,0.655,-203.1679455635378,-7.54181304640371
15.0,0.5,Au,0.66,-203.09519519403182,-7.54545056487901
15.0,0.5,Au,0.665,-203.02143561588588,-7.549138543786308
15.0,0.5,Au,0.67,-202.94731582886976,-7.552844533137113
15.0,0.5,Au,0.675,-202.87220678587113,-7.556599985287045
15.0,0.5,Au,0.68,-202.79670425075338,-7.560375112042932
15.0,0.5,Au,0.685,-202.72023374381953,-7.564198637389624
15.0,0.5,Au,0.69,-202.64333486664836,-7.568043581248182
15.0,0.5,Au,0.695,-202.56549054819422,-7.571935797170889
15.0,0.5,Au,0.7,-202.48718146810833,-7.575851251175185
15.0,0.5,Au,0.705,-202.4079506324164,-7.579812792959781
15.0,0.5,Au,0.71,-202.32821721776875,-7.583799463692163
15.0,0.5,Au,0.715,-202.24758679123457,-7.587830985018873
15.0,0.5,Au,0.72,-202.1664146353756,-7.591889592811821
15.0,0.5,Au,0.725,-202.08437116662927,-7.595991766249137
15.0,0.5,Au,0.73,-202.00174558332375,-7.600123045414413
15.0,0.5,Au,0.735,-201.91827523322968,-7.604296562919117
15.0,0.5,Au,0.74,-201.8341812516947,-7.608501261995866
15.0,0.5,Au,0.745,-201.74926978322995,-7.612746835419102
15.0,0.5,Au,0.75,-201.6636921427682,-7.61702571744219
15.0,0.5,Au,0.755,-201.57732491077635,-7.6213440790417835
15.0,0.5,Au,0.76,-201.4902480549898,-7.625697921831111
15.0,0.5,Au,0.765,-201.4024099958144,-7.630089824789881
15.0,0.5,Au,0.77,-201.3138180663721,-7.634519421261995
15.0,0.5,Au,0.775,-201.22449368736383,-7.638985640212409
15.0,0.5,Au,0.78,-201.1343705173111,-7.643491798715045
15.0,0.5,Au,0.785,-201.04354388620823,-7.648033130270189
15.0,0.5,Au,0.79,-200.9518729927872,-7.652616674941242
15.0,0.5,Au,0.795,-200.85952772696277,-7.657233938232462
15.0,0.5,Au,0.8,-200.76629230393377,-7.661895709383912
15.0,0.5,Au,0.805,-200.6724115595073,-7.666589746605236
15.0,0.5,Au,0.81,-200.5775944689433,-7.671330601133436
15.0,0.5,Au,0.815,-200.48216092975105,-7.676102278093048
15.0,0.5,Au,0.82,-200.38574469328162,-7.6809230899165195
15.0,0.5,Au,0.825,-200.28874055969675,-7.685773296595763
15.0,0.5,Au,0.83,-200.19070734919237,-7.690674957120983
15.0,0.5,Au,0.835,-200.09211432678688,-7.695604608241256
15.0,0.5,Au,0.84,-199.99244595444412,-7.700588026858394
15.0,0.5,Au,0.845,-199.89224524248488,-7.705598062456357
15.0,0.5,Au,0.85,-199.79092315030786,-7.710664167065208
15.0,0.5,Au,0.855,-199.68909543007376,-7.715755553076913
15.0,0.5,Au,0.86,-199.5861006787155,-7.720905290644827
15.0,0.5,Au,0.865,-199.48262610162357,-7.726079019499423
15.0,0.5,Au,0.87,-199.3779393585767,-7.731313356651766
15.0,0.5,Au,0.875,-199.27279753410366,-7.736570447875418
15.0,0.5,Au,0.88,-199.16639906120736,-7.741890371520233
15.0,0.5,Au,0.885,-199.0595690445898,-7.747231872351111
15.0,0.5,Au,0.89,-198.95143868483677,-7.7526383903387615
15.0,0.5,Au,0.895,-198.8428989645359,-7.758065376353807
15.0,0.5,Au,0.9,-198.73301612815143,-7.763559518173029
15.0,0.5,Au,0.905,-198.62274461305745,-7.769073093927728
15.0,0.5,Au,0.91,-198.51108826283135,-7.774655911439034
15.0,0.5,Au,0.915,-198.39906226919186,-7.780257211121008
15.0,0.5,Au,0.92,-198.2856109050326,-7.785929779328971
15.0,0.5,Au,0.925,-198.17180714307716,-7.791619967426742
15.0,0.5,Au,0.93,-198.05653878576814,-7.797383385292194
15.0,0.5,Au,0.935,-197.94093334601237,-7.803163657279982
15.0,0.5,Au,0.94,-197.82382552013883,-7.809019048573659
15.0,0.5,Au,0.945,-197.70639385932634,-7.814890631614284
15.0,0.5,Au,0.95,-197.5874235753561,-7.820839145812795
15.0,0.5,Au,0.955,-197.46814050202286,-7.826803299479458
15.0,0.5,Au,0.96,-197.34728423750025,-7.832846112705588
15.0,0.5,Au,0.965,-197.22612389712302,-7.83890412972445
15.0,0.5,Au,0.97,-197.10335757695904,-7.845042445732648
15.0,0.5,Au,0.975,-196.98029343665155,-7.851195652748023
15.0,0.5,Au,0.98,-196.85559241247537,-7.857430703956831
15.0,0.5,Au,0.985,-196.73059724519962,-7.86368046232062
15.0,0.5,Au,0.99,-196.6039362737394,-7.870013510893631
15.0,0.5,Au,0.995,-196.4769821419881,-7.876361217481197
15.0,0.5,Au,1.0,-196.34833536245574,-7.8827935564578135
15.0,0.5,Au,1.005,-196.21939360136741,-7.889240644512229
15.0,0.5,Au,1.01,-196.0887345118065,-7.895773598990276
15.0,0.5,Au,1.015,-195.95777571166278,-7.9023215389974615
15.0,0.5,Au,1.02,-195.8250771442273,-7.9089564673692365
15.0,0.5,Au,1.025,-195.6920711322877,-7.915606767966215
15.0,0.5,Au,1.03,-195.55730522741945,-7.922345063209628
15.0,0.5,Au,1.035,-195.4222210490358,-7.92909927212881
15.0,0.5,Au,1.04,-195.28535922849485,-7.935942363155858
15.0,0.5,Au,1.045,-195.14816512745622,-7.94280206820779
15.0,0.5,Au,1.05,-195.00917806616403,-7.949751421272399
15.0,0.5,Au,1.055,-194.86984146420815,-7.956718251370193
15.0,0.5,Au,1.06,-194.72869906086805,-7.9637753715371975
15.0,0.5,Au,1.065,-194.58718653629427,-7.970850997765886
15.0,0.5,Au,1.07,-194.44385788273158,-7.978017430444022
15.0,0.5,Au,1.075,-194.30013514805407,-7.985203567177898
15.0,0.5,Au,1.08,-194.15458849723635,-7.9924808997187835
15.0,0.5,Au,1.085,-194.00862037579512,-7.999779305790845
15.0,0.5,Au,1.09,-193.86082310847308,-8.007169169156947
15.0,0.5,Au,1.095,-193.71257350993912,-8.014581649083645
15.0,0.5,Au,1.1,-193.562492099859,-8.02208571958765
15.0,0.5,Au,1.105,-193.4119239945397,-8.029614124853616
15.0,0.5,Au,1.11,-193.2595239721587,-8.037234125972665
15.0,0.5,Au,1.115,-193.10659936402416,-8.044880356379393
15.0,0.5,Au,1.12,-192.9518452786741,-8.052618060646894
15.0,0.5,Au,1.125,-192.79652517700754,-8.060384065730224
15.0,0.5,Au,1.13,-192.6393805574316,-8.06824129670902
15.0,0.5,Au,1.135,-192.48162494700892,-8.076129077230155
15.0,0.5,Au,1.14,-192.32205226019624,-8.08410771157079
15.0,0.5,Au,1.145,-192.1618200698863,-8.092119321086285
15.0,0.5,Au,1.15,-191.99978067812953,-8.100221290674124
15.0,0.5,Au,1.155,-191.83702974780834,-8.108358837190185
15.0,0.5,Au,1.16,-191.67248386389323,-8.116586131385938
15.0,0.5,Au,1.165,-191.50717090954498,-8.124851779103352
15.0,0.5,Au,1.17,-191.34007754998035,-8.133206447081582
15.0,0.5,Au,1.175,-191.17215812686894,-8.141602418237154
15.0,0.5,Au,1.18,-191.00247506305672,-8.150086571427764
15.0,0.5,Au,1.185,-190.83190352682504,-8.158615148239349
15.0,0.5,Au,1.19,-190.65958723405802,-8.1672309628777
15.0,0.5,Au,1.195,-190.48631669961324,-8.175894489599939
15.0,0.5,Au,1.2,-190.31132230378833,-8.184644209391184
15.0,0.5,Au,1.205,-190.1353046018181,-8.193445094489697
15.0,0.5,Au,1.21,-189.95758582373057,-8.202331033394072
15.0,0.5,Au,1.215,-189.778771454689,-8.211271751846152
15.0,0.5,Au,1.22,-189.59828055177042,-8.22029629699208
15.0,0.5,Au,1.225,-189.41661863715404,-8.2293793927229
15.0,0.5,Au,1.23,-189.2333063425061,-8.238545007455295
15.0,0.5,Au,1.235,-189.04874457323422,-8.24777309591889
15.0,0.5,Au,1.24,-188.86256003178895,-8.257082322991154
15.0,0.5,Au,1.245,-188.6750446134822,-8.26645809390649
15.0,0.5,Au,1.25,-188.48593531511395,-8.275913558824904
15.0,0.5,Au,1.255,-188.29541091006342,-8.28543977907743
15.0,0.5,Au,1.26,-188.10332261945618,-8.295044193607792
15.0,0.5,Au,1.265,-187.90973228503847,-8.304723710328679
15.0,0.5,Au,1.27,-187.7146089680976,-8.31447987617572
15.0,0.5,Au,1.275,-187.5178940913973,-8.324315620010736
15.0,0.5,Au,1.28,-187.3196778379753,-8.334226432681836
15.0,0.5,Au,1.285,-187.11977806633644,-8.34422142126378
15.0,0.5,Au,1.29,-186.91840900901917,-8.354289874129641
15.0,0.5,Au,1.295,-186.71526217624276,-8.364447215768463
15.0,0.5,Au,1.3,-186.5106784049263,-8.374676404334286
15.0,0.5,Au,1.305,-186.30422045279673,-8.384999301940764
15.0,0.5,Au,1.31,-186.09635792474575,-8.395392428343314
15.0,0.5,Au,1.315,-185.88652281954725,-8.405884183603238
15.0,0.5,Au,1.32,-185.67531526461886,-8.416444561349659
15.0,0.5,Au,1.325,-185.46203490827807,-8.427108579166697
15.0,0.5,Au,1.33,-185.24741372894258,-8.437839638133472
15.0,0.5,Au,1.335,-185.03061786439798,-8.448679431360702
15.0,0.5,Au,1.34,-184.81251203016888,-8.459584723072156
15.0,0.5,Au,1.345,-184.5921281405363,-8.470603917553786
15.0,0.5,Au,1.35,-184.370464076376,-8.481687120761801
15.0,0.5,Au,1.355,-184.14641727744169,-8.492889460708517
15.0,0.5,Au,1.36,-183.9211187456747,-8.504154387296865
15.0,0.5,Au,1.365,-183.69333167120328,-8.515543741020437
15.0,0.5,Au,1.37,-183.46431964641295,-8.526994342259954
15.0,0.5,Au,1.375,-183.2327123257162,-8.53857470829479
15.0,0.5,Au,1.38,-182.99990486205945,-8.550215081477628
15.0,0.5,Au,1.385,-182.7643945892139,-8.561990595119905
15.0,0.5,Au,1.39,-182.52770667952433,-8.573824990604384
15.0,0.5,Au,1.395,-182.2882078735715,-8.585799930902025
15.0,0.5,Au,1.4,-182.04755129955868,-8.597832759602667
15.0,0.5,Au,1.405,-181.80397535495956,-8.610011556832623
15.0,0.5,Au,1.41,-181.55925852774794,-8.622247398193204
15.0,0.5,Au,1.415,-181.31151365428462,-8.63463464186637
15.0,0.5,Au,1.42,-181.06264144443816,-8.647078252358693
15.0,0.5,Au,1.425,-180.81063249568413,-8.659678699796395
15.0,0.5,Au,1.43,-180.55750605180123,-8.67233502199054
15.0,0.5,Au,1.435,-180.3011343411798,-8.685153607521611
15.0,0.5,Au,1.44,-180.0436508960125,-8.698027779779975
15.0,0.5,Au,1.445,-179.78281399937615,-8.711069624611794
15.0,0.5,Au,1.45,-179.52086666233595,-8.724166991463804
15.0,0.5,Au,1.455,-179.25545820586782,-8.737437414287209
15.0,0.5,Au,1.46,-178.98893574065087,-8.750763537548059
15.0,0.5,Au,1.465,-178.71884517276817,-8.764268065942192
15.0,0.5,Au,1.47,-178.44763175867683,-8.777828736646759
15.0,0.5,Au,1.475,-178.17274410448067,-8.791573119356567
15.0,0.5,Au,1.48,-177.896719079869,-8.80537437058715
15.0,0.5,Au,1.485,-177.61691467648873,-8.819364590756164
15.0,0.5,Au,1.49,-177.3359522625726,-8.83341271145197
15.0,0.5,Au,1.495,-177.0511064735989,-8.847655000900655
15.0,0.5,Au,1.5,-176.7650754766587,-8.861956550747665
15.0,0.5,Au,1.505,-176.47505838361488,-8.876457405399856
15.0,0.5,Au,1.51,-176.18382187338042,-8.89101923091158
15.0,0.5,Au,1.515,-175.8884979419548,-8.905785427482861
15.0,0.5,Au,1.52,-175.59191290369054,-8.920614679396072
15.0,0.5,Au,1.525,-175.29114062216019,-8.93565329347259
15.0,0.5,Au,1.53,-174.98905757966256,-8.950757445597473
15.0,0.5,Au,1.535,-174.68268906661586,-8.966075871249808
15.0,0.5,Au,1.54,-174.37495167296015,-8.981462740932592
15.0,0.5,Au,1.545,-174.06283225105992,-8.997068712027605
15.0,0.5,Au,1.55,-173.74927684353335,-9.012746482403934
15.0,0.5,Au,1.555,-173.4312445756232,-9.02864809579944
15.0,0.5,Au,1.56,-173.11169969079717,-9.044625340040742
15.0,0.5,Au,1.565,-172.78758487416135,-9.060831080872534
15.0,0.5,Au,1.57,-172.46187071850187,-9.077116788655507
15.0,0.5,Au,1.575,-172.1314953325024,-9.09363555795548
15.0,0.5,Au,1.58,-171.79942320326987,-9.110239164417107
15.0,0.5,Au,1.585,-171.46260030492667,-9.127080309334268
15.0,0.5,Au,1.59,-171.12397195536204,-9.144011726812499
15.0,0.5,Au,1.595,-170.78050501662804,-9.161185073749198
15.0,0.5,Au,1.6,-170.43511195854288,-9.178454726653456
15.0,0.5,Au,1.605,-170.08479413812913,-9.195970617674144
15.0,0.5,Au,1.61,-169.7324168739759,-9.213589480881806
15.0,0.5,Au,1.615,-169.3750302154624,-9.23145881380748
15.0,0.5,Au,1.62,-169.01543739072966,-9.249438455044118
15.0,0.5,Au,1.625,-168.65075193743905,-9.267672727708648
15.0,0.5,Au,1.63,-168.28369940277398,-9.286025354441902
15.0,0.5,Au,1.635,-167.9114722183259,-9.304636713664305
15.0,0.5,Au,1.64,-167.5367019890446,-9.323375225128371
15.0,0.5,Au,1.645,-167.15667607070807,-9.342376521045196
15.0,0.5,Au,1.65,-166.77391516929112,-9.361514566116046
15.0,0.5,Au,1.655,-166.38581823905275,-9.380919412627964
15.0,0.5,Au,1.66,-165.9947774037342,-9.400471454393891
15.0,0.5,Au,1.665,-165.59832055937434,-9.420294296611884
15.0,0.5,Au,1.67,-165.19869279892688,-9.440275684634257
15.0,0.5,Au,1.675,-164.79356900421848,-9.460531874369677
15.0,0.5,Au,1.68,-164.38502797540022,-9.48095892581059
15.0,0.5,Au,1.685,-163.97091036466796,-9.501664806347202
15.0,0.5,Au,1.69,-163.55310854433532,-9.522554897363834
15.0,0.5,Au,1.695,-163.12964851188937,-9.543727898986132
15.0,0.5,Au,1.7,-162.70221513032345,-9.565099568064428
15.0,0.5,Au,1.705,-162.26904016945838,-9.586758316107682
15.0,0.5,Au,1.71,-161.83157886469488,-9.608631381345857
15.0,0.5,Au,1.715,-161.3882901137383,-9.630795818893686
15.0,0.5,Au,1.72,-160.9403762582985,-9.653191511665677
15.0,0.5,Au,1.725,-160.48654570220162,-9.675883039470518
15.0,0.5,Au,1.73,-160.0277233430842,-9.69882415742639
15.0,0.5,Au,1.735,-159.56289060778394,-9.722065794191403
15.0,0.5,Au,1.74,-159.09266894731385,-9.745576877214909
15.0,0.5,Au,1.745,-158.61633760979663,-9.76939344409077
15.0,0.5,Au,1.75,-158.13418693800764,-9.793500977680218
15.0,0.5,Au,1.755,-157.64582025682003,-9.8179193117396
15.0,0.5,Au,1.76,-157.15116722435297,-9.842651963362952
15.0,0.5,Au,1.765,-156.650183171844,-9.867701165988402
15.0,0.5,Au,1.77,-156.14240526423876,-9.893090061368664
15.0,0.5,Au,1.775,-155.62817071136655,-9.918801789012273
15.0,0.5,Au,1.78,-155.10658974882182,-9.94488083713951
15.0,0.5,Au,1.785,-154.57841361335915,-9.971289643912645
15.0,0.5,Au,1.79,-154.04228805135796,-9.998095922012704
15.0,0.5,Au,1.795,-153.49941316723994,-10.025239666218603
15.0,0.5,Au,1.8,-152.94792890827406,-10.052813879166896
15.0,0.5,Au,1.805,-152.38952230246593,-10.080734209457304
15.0,0.5,Au,1.81,-151.8217816407106,-10.10912124254507
15.0,0.5,Au,1.815,-151.24692280682774,-10.137864184239213
15.0,0.5,Au,1.82,-150.66193100609408,-10.167113774275897
15.0,0.5,Au,1.825,-150.06959762977723,-10.19673044309174
15.0,0.5,Au,1.83,-149.46624646533672,-10.226898001313765
15.0,0.5,Au,1.835,-148.85529686800962,-10.25744548118012
15.0,0.5,Au,1.84,-148.23234422178984,-10.288593113491109
15.0,0.5,Au,1.845,-147.60149552035867,-10.320135548562668
15.0,0.5,Au,1.85,-146.95753977003443,-10.35233333607888
15.0,0.5,Au,1.855,-146.30534035820128,-10.384943306670538
15.0,0.5,Au,1.86,-145.6387877848425,-10.418270935338477
15.0,0.5,Au,1.865,-144.9635821584399,-10.452031216658607
15.0,0.5,Au,1.87,-144.27260481666826,-10.486580083747189
15.0,0.5,Au,1.875,-143.57248787574196,-10.521585930793503
15.0,0.5,Au,1.88,-142.85496815691516,-10.557461916734843
15.0,0.5,Au,1.885,-142.1277247221608,-10.593824088472562
15.0,0.5,Au,1.89,-141.3811808969303,-10.631151279734087
15.0,0.5,Au,1.895,-140.6242039197373,-10.669000128593735
15.0,0.5,Au,1.9,-139.84568772052978,-10.707925938554112
15.0,0.5,Au,1.905,-139.05586487376388,-10.747417080892408
15.0,0.5,Au,1.91,-138.241816602948,-10.7881194944332
15.0,0.5,Au,1.915,-137.4153682927603,-10.829441909942586
15.0,0.5,Au,1.92,-136.56140483331382,-10.87214008291491
15.0,0.5,Au,1.925,-135.69364441254243,-10.91552810395348
15.0,0.5,Au,1.93,-134.79423609789325,-10.960498519685938
15.0,0.5,Au,1.935,-133.87919901174163,-11.006250373993518
15.0,0.5,Au,1.94,-132.92715126896104,-11.053852761132548
15.0,0.5,Au,1.945,-131.95698894542664,-11.102360877309268
15.0,0.5,Au,1.95,-130.94255437794178,-11.153082605683512
15.0,0.5,Au,1.955,-129.90646985597965,-11.204886831781618
15.0,0.5,Au,1.96,-128.81568801889472,-11.259425923635865
15.0,0.5,Au,1.965,-127.69787471953029,-11.315316588604087
15.0,0.5,Au,1.97,-126.50905917340872,-11.374757365910165
15.0,0.5,Au,1.975,-125.28409708927241,-11.43600547011698
15.0,0.5,Au,1.98,-123.95884481825001,-11.5022680836681
15.0,0.5,Au,1.985,-122.5787063073508,-11.57127500921306
15.0,0.5,Au,1.99,-121.02948767738575,-11.648735940711314
15.0,0.5,Au,1.995,-119.36224518743761,-11.73209806520872
15.0,0.5,Au,2.0,-117.12973770477927,-11.843723439341638
15.0,0.5,C,2.0,-117.12973770477927,3.7402206264680644
15.0,0.5,C,2.009993337775,-113.21457539951264,3.6619173803627314
15.0,0.5,C,2.01998667555,-110.24907073593903,3.60260728709126
15.0,0.5,C,2.029980013324,-107.6491282715414,3.5506084378033065
15.0,0.5,C,2.039973351099,-105.2822165509925,3.5032702033923293
15.0,0.5,C,2.049966688874,-103.08637961645788,3.4593534647016364
15.0,0.5,C,2.059960026649,-101.02543272753263,3.418134526923131
15.0,0.5,C,2.069953364424,-99.07560138674512,3.379137900107381
15.0,0.5,C,2.079946702199,-97.22006192053165,3.342027110783112
15.0,0.5,C,2.089940039973,-95.44628138874045,3.3065515001472883
15.0,0.5,C,2.099933377748,-93.74456319089788,3.2725171361904364
15.0,0.5,C,2.109926715523,-92.10718381840329,3.2397695487405445
15.0,0.5,C,2.119920053298,-90.52784778934672,3.208182828159414
15.0,0.5,C,2.129913391073,-89.00132642421008,3.177652400856681
15.0,0.5,C,2.139906728847,-87.52320894052838,3.1480900511830465
15.0,0.5,C,2.149900066622,-86.08972534533586,3.1194203792791964
15.0,0.5,C,2.159893404397,-84.69761697715654,3.09157821191561
15.0,0.5,C,2.169886742172,-83.3440396811854,3.064506665996187
15.0,0.5,C,2.179880079947,-82.02648994799314,3.038155671332342
15.0,0.5,C,2.189873417722,-80.74274759069499,3.0124808241863787
15.0,0.5,C,2.199866755496,-79.4908305791857,2.987442483956193
15.0,0.5,C,2.209860093271,-78.26895897191294,2.963005051810738
15.0,0.5,C,2.219853431046,-77.07552576744716,2.939136387721422
15.0,0.5,C,2.229846768821,-75.90907309155459,2.9158073342035706
15.0,0.5,C,2.239840106596,-74.7682725547595,2.8929913234676685
15.0,0.5,C,2.24983344437,-73.65190890610396,2.870664050494558
15.0,0.5,C,2.259826782145,-72.55886631964313,2.8488031987653417
15.0,0.5,C,2.26982011992,-71.48811680617607,2.827388208496
15.0,0.5,C,2.279813457695,-70.43871035248117,2.8064000794221022
15.0,0.5,C,2.28980679547,-69.40976647939748,2.7858212019604283
15.0,0.5,C,2.299800133245,-68.40046697224135,2.7656352118173055
15.0,0.5,C,2.309793471019,-67.41004958731781,2.7458268641188357
15.0,0.5,C,2.319786808794,-66.43780257568564,2.726381923886192
15.0,0.5,C,2.329780146569,-65.4830598972082,2.707287070316643
15.0,0.5,C,2.339773484344,-64.54519701790947,2.6885298127306685
15.0,0.5,C,2.349766822119,-63.62362720575305,2.67009841648754
15.0,0.5,C,2.359760159893,-62.71779825281473,2.6519818374287736
15.0,0.5,C,2.369753497668,-61.82718956388027,2.6341696636500846
15.0,0.5,C,2.379746835443,-60.95130956296995,2.616652063631878
15.0,0.5,C,2.389740173218,-60.089693374046114,2.5994197398534014
15.0,0.5,C,2.399733510993,-59.24190074180435,2.582463887208566
15.0,0.5,C,2.409726848767,-58.40751416197066,2.565776155611892
15.0,0.5,C,2.419720186542,-57.58613719500407,2.5493486162725607
15.0,0.5,C,2.429713524317,-56.77739294245176,2.533173731221514
15.0,0.5,C,2.439706862092,-55.98092266536688,2.5172443256798167
15.0,0.5,C,2.449700199867,-55.19638452971465,2.501553562966772
15.0,0.5,C,2.459693537642,-54.42345246411867,2.4860949216548525
15.0,0.5,C,2.469686875416,-53.6618151178222,2.470862174728923
15.0,0.5,C,2.479680213191,-52.9111749076945,2.4558493705263693
15.0,0.5,C,2.489673550966,-52.17124714604865,2.441050815293452
15.0,0.5,C,2.499666888741,-51.44175923954062,2.426461057163291
15.0,0.5,C,2.509660226516,-50.72244995305758,2.4120748714336306
15.0,0.5,C,2.51965356429,-50.013068731846104,2.3978872470094013
15.0,0.5,C,2.529646902065,-49.31337507589145,2.383893373890308
15.0,0.5,C,2.53964023984,-48.62313796262088,2.3700886316248964
15.0,0.5,C,2.549633577615,-47.942135312075344,2.3564685786139856
15.0,0.5,C,2.55962691539,-47.270153491666086,2.343028942205801
15.0,0.5,C,2.569620253165,-46.606986856568874,2.3297656095038564
15.0,0.5,C,2.579613590939,-45.9524373227304,2.316674618827087
15.0,0.5,C,2.589606928714,-45.30631396928672,2.3037521517582134
15.0,0.5,C,2.599600266489,-44.668432668820756,2.290994525748894
15.0,0.5,C,2.609593604264,-44.03861574188413,2.2783981872101613
15.0,0.5,C,2.619586942039,-43.41669163470283,2.2659597050665354
15.0,0.5,C,2.629580279813,-42.80249461787761,2.253675764730031
15.0,0.5,C,2.639573617588,-42.195864504109664,2.2415431624546724
15.0,0.5,C,2.649566955363,-41.59664638433483,2.2295588000591753
15.0,0.5,C,2.659560293138,-41.004690379673484,2.2177196799659487
15.0,0.5,C,2.669553630913,-40.41985140886158,2.2060229005497107
15.0,0.5,C,2.679546968688,-39.841988969646295,2.1944656517654053
15.0,0.5,C,2.689540306462,-39.27096693323575,2.1830452110371943
15.0,0.5,C,2.699533644237,-38.706653350505675,2.1717589393825927
15.0,0.5,C,2.709526982012,-38.14892026995508,2.1606042777715806
15.0,0.5,C,2.719520319787,-37.59764356547359,2.149578743681951
15.0,0.5,C,2.729513657562,-37.052702774050985,2.1386799278534987
15.0,0.5,C,2.739506995336,-36.51398094247883,2.1279054912220556
15.0,0.5,C,2.749500333111,-35.98136448215642,2.1172531620156074
15.0,0.5,C,2.759493670886,-35.45474303225133,2.1067207330175055
15.0,0.5,C,2.769487008661,-34.93400932962188,2.0963060589649163
15.0,0.5,C,2.779480346436,-34.41905908582084,2.0860070540888955
15.0,0.5,C,2.789473684211,-33.909790870431515,2.075821689781109
15.0,0.5,C,2.799467021985,-33.40610600041745,2.0657479923808277
15.0,0.5,C,2.80946035976,-32.907908434820925,2.0557840410688972
15.0,0.5,C,2.819453697535,-32.415104675206244,2.045927965876604
15.0,0.5,C,2.82944703531,-31.92760367052517,2.036177945782982
15.0,0.5,C,2.839440373085,-31.445316726856262,2.0265322069096046
15.0,0.5,C,2.849433710859,-30.968157421487366,2.0169890208022263
15.0,0.5,C,2.859427048634,-30.496041520849467,2.0075467027894685
15.0,0.5,C,2.869420386409,-30.02888690277209,1.9982036104279204
15.0,0.5,C,2.879413724184,-29.566613481887778,1.9889581420102345
15.0,0.5,C,2.889407061959,-29.109143138690655,1.979808735146292
15.0,0.5,C,2.899400399734,-28.65639965177208,1.9707538654079204
15.0,0.5,C,2.909393737508,-28.208308633137637,1.9617920450352317
15.0,0.5,C,2.919387075283,-27.764797466177335,1.9529218216960256
15.0,0.5,C,2.929380413058,-27.325795246799128,1.9441417773084613
15.0,0.5,C,2.939373750833,-26.8912327266781,1.9354505269060407
15.0,0.5,C,2.949367088608,-26.461042259160834,1.9268467175556956
15.0,0.5,C,2.959360426382,-26.035157747469444,1.9183290273218678
15.0,0.5,C,2.969353764157,-25.613514594870946,1.909896164269898
15.0,0.5,C,2.979347101932,-25.196049657336996,1.9015468655192187
15.0,0.5,C,2.989340439707,-24.782701197738938,1.8932798963272577
15.0,0.5,C,2.999333777482,-24.37340884211309,1.8850940492147406
15.0,0.5,C,3.009327115256,-23.968113537691384,1.8769881431263065
15.0,0.5,C,3.019320453031,-23.566757512405896,1.8689610226205966
15.0,0.5,C,3.029313790806,-23.16928423639232,1.8610115571003252
15.0,0.5,C,3.039307128581,-22.7756383846048,1.853138640064575
15.0,0.5,C,3.049300466356,-22.38576580107617,1.8453411883940025
15.0,0.5,C,3.059293804131,-21.999613464510478,1.8376181416626887
15.0,0.5,C,3.069287141905,-21.617129455221082,1.8299684614769007
15.0,0.5,C,3.07928047968,-21.238262923126822,1.8223911308350154
15.0,0.5,C,3.089273817455,-20.862964057316304,1.814885153518805
15.0,0.5,C,3.09926715523,-20.491184056363142,1.8074495534997417
15.0,0.5,C,3.109260493005,-20.122875099916826,1.8000833743708156
15.0,0.5,C,3.119253830779,-19.757990321319824,1.7927856787988754
15.0,0.5,C,3.129247168554,-19.396483781035784,1.7855555479931946
15.0,0.5,C,3.139240506329,-19.03831044137732,1.7783920812000253
15.0,0.5,C,3.149233844104,-18.68342614177541,1.7712943952079871
15.0,0.5,C,3.159227181879,-18.331787575091678,1.7642616238743125
15.0,0.5,C,3.169220519654,-17.983352264717855,1.7572929176668357
15.0,0.5,C,3.179213857428,-17.638078542501212,1.7503874432225033
15.0,0.5,C,3.189207195203,-17.29592552725184,1.7435443829175157
15.0,0.5,C,3.199200532978,-16.956853104320427,1.7367629344588877
15.0,0.5,C,3.209193870753,-16.620821905525386,1.7300423104829865
15.0,0.5,C,3.219187208528,-16.287793289915985,1.7233817381707988
15.0,0.5,C,3.229180546302,-15.957729325176684,1.7167804588760125
15.0,0.5,C,3.239173884077,-15.630592769474685,1.7102377277619725
15.0,0.5,C,3.249167221852,-15.306347054230084,1.7037528134570805
15.0,0.5,C,3.259160559627,-14.984956267117274,1.6973249977148244
15.0,0.5,C,3.269153897402,-14.666385135776569,1.6909535750880105
15.0,0.5,C,3.279147235177,-14.35059901201273,1.6846378526127335
15.0,0.5,C,3.289140572951,-14.037563856528935,1.6783771495030575
15.0,0.5,C,3.299133910726,-13.727246223981998,1.672170796852119
15.0,0.5,C,3.309127248501,-13.419613248819983,1.6660181373488787
15.0,0.5,C,3.319120586276,-13.114632631248945,1.6599185249974577
15.0,0.5,C,3.329113924051,-12.812272623789777,1.6538713248482746
15.0,0.5,C,3.339107261825,-12.512502018242156,1.647875912737322
15.0,0.5,C,3.3491005996,-12.215290132905032,1.6419316750305797
15.0,0.5,C,3.359093937375,-11.920606800475522,1.6360380083819892
15.0,0.5,C,3.36908727515,-11.628422356019328,1.6301943194928652
15.0,0.5,C,3.379080612925,-11.338707625450894,1.6244000248814967
15.0,0.5,C,3.3890739507,-11.05143391432438,1.6186545506589667
15.0,0.5,C,3.399067288474,-10.766572996988293,1.612957332312245
15.0,0.5,C,3.409060626249,-10.484097105916723,1.607307814490813
15.0,0.5,C,3.419053964024,-10.20397892163571,1.6017054508051933
15.0,0.5,C,3.429047301799,-9.92619156266343,1.5961497036257475
15.0,0.5,C,3.439040639574,-9.650708575880065,1.5906400438900803
15.0,0.5,C,3.449033977348,-9.377503927177731,1.5851759509160335
15.0,0.5,C,3.459027315123,-9.106551992240062,1.57975691221728
15.0,0.5,C,3.469020652898,-8.83782754785778,1.5743824233296344
15.0,0.5,C,3.479013990673,-8.57130576321978,1.5690519876368745
15.0,0.5,C,3.489007328448,-8.30696219158638,1.5637651162042066
15.0,0.5,C,3.499000666223,-8.044772762167215,1.558521327615823
15.0,0.5,C,3.508994003997,-7.784713772255771,1.5533201478175944
15.0,0.5,C,3.518987341772,-7.526761879449538,1.5481611099614696
15.0,0.5,C,3.528980679547,-7.270894094346359,1.5430437542594062
15.0,0.5,C,3.538974017322,-7.017087773183096,1.5379676278361407
15.0,0.5,C,3.548967355097,-6.765320610803694,1.5329322845885527
15.0,0.5,C,3.558960692871,-6.515570633821266,1.5279372850489044
15.0,0.5,C,3.568954030646,-6.267816193836405,1.522982196249207
15.0,0.5,C,3.578947368421,-6.022035961088921,1.5180665915942575
15.0,0.5,C,3.588940706196,-5.778208918034,1.513190050733159
15.0,0.5,C,3.598934043971,-5.536314353208054,1.50835215943664
15.0,0.5,C,3.608927381746,-5.296331855236881,1.5035525094772164
15.0,0.5,C,3.61892071952,-5.058241307023375,1.4987906985129462
15.0,0.5,C,3.628914057295,-4.822022879969432,1.4940663299718673
15.0,0.5,C,3.63890739507,-4.587657028583569,1.4893790129441502
15.0,0.5,C,3.648900732845,-4.355124484993499,1.484728362072349
15.0,0.5,C,3.65889407062,-4.124406253716258,1.4801139974468038
15.0,0.5,C,3.668887408394,-3.8954836065623817,1.4755355445037266
15.0,0.5,C,3.678880746169,-3.6683380775534595,1.470992633923548
15.0,0.5,C,3.688874083944,-3.4429514581960907,1.4664849015364008
15.0,0.5,C,3.698867421719,-3.2193057926478184,1.4620119882254352
15.0,0.5,C,3.708860759494,-2.9973833731133714,1.4575735398347462
15.0,0.5,C,3.718854097268,-2.777166735357855,1.453169207079636
15.0,0.5,C,3.728847435043,-2.558638654215842,1.4487986454567956
15.0,0.5,C,3.738840772818,-2.341782139429658,1.4444615151610722
15.0,0.5,C,3.748834110593,-2.1265804313707513,1.4401574809998938
15.0,0.5,C,3.758827448368,-1.9130169969693946,1.4358862123118667
15.0,0.5,C,3.768820786143,-1.7010755257207768,1.4316473828868945
15.0,0.5,C,3.778814123917,-1.4907399258045888,1.4274406708885707
15.0,0.5,C,3.788807461692,-1.2819943201903317,1.4232657587762856
15.0,0.5,C,3.798800799467,-1.074823043041348,1.419122333233306
15.0,0.5,C,3.808794137242,-0.8692106359915471,1.4150100850923097
15.0,0.5,C,3.818787475017,-0.6651418446105591,1.41092870926469
15.0,0.5,C,3.828780812791,-0.46260161494821306,1.406877904671443
15.0,0.5,C,3.838774150566,-0.2615750900526947,1.4028573741735328
15.0,0.5,C,3.848767488341,-0.06204760676813545,1.3988668245078415
15.0,0.5,C,3.858760826116,0.13599530760167564,1.3949059662204453
15.0,0.5,C,3.868754163891,0.3325679384541946,1.3909745136033949
15.0,0.5,C,3.878747501666,0.5276843870061482,1.387072184632356
15.0,0.5,C,3.88874083944,0.7213585733229321,1.38319870090602
15.0,0.5,C,3.898734177215,0.9136042393849101,1.3793537875847806
15.0,0.5,C,3.90872751499,1.1044349518952659,1.3755371733345734
15.0,0.5,C,3.918720852765,1.2938641052259736,1.3717485902679594
15.0,0.5,C,3.92871419054,1.4819049242045754,1.3679877738883872
15.0,0.5,C,3.938707528314,1.6685704668510122,1.3642544630354587
15.0,0.5,C,3.948700866089,1.853873627149121,1.3605483998294965
15.0,0.5,C,3.958694203864,2.037827137581397,1.356869329620851
15.0,0.5,C,3.968687541639,2.2204435717987705,1.3532170009365037
15.0,0.5,C,3.978680879414,2.4017353471480267,1.3495911654295185
15.0,0.5,C,3.988674217189,2.581714727169116,1.3459915778290965
15.0,0.5,C,3.998667554963,2.7603938240272856,1.3424179958919331
15.0,0.5,C,4.008660892738,2.937784600992967,1.3388701803526197
15.0,0.5,C,4.018654230513,3.1138988746925,1.3353478948786288
15.0,0.5,C,4.028647568288,3.288748317500991,1.331850906022459
15.0,0.5,C,4.038640906063,3.462344459799556,1.3283789831764878
15.0,0.5,C,4.048634243837,3.6346986921950775,1.3249318985285774
15.0,0.5,C,4.058627581612,3.805822267785566,1.3215094270167675
15.0,0.5,C,4.068620919387,3.97572630421402,1.3181113462881986
15.0,0.5,C,4.078614257162,4.144421785858387,1.314737436655311
15.0,0.5,C,4.088607594937,4.311919565896414,1.3113874810545507
15.0,0.5,C,4.098600932712,4.478230368354529,1.3080612650053884
15.0,0.5,C,4.108594270486,4.643364790101671,1.3047585765704452
15.0,0.5,C,4.118587608261,4.807333302894975,1.3014792063145795
15.0,0.5,C,4.128580946036,4.9701462552225735,1.2982229472680276
15.0,0.5,C,4.138574283811,5.131813874281871,1.2949895948868415
15.0,0.5,C,4.148567621586,5.292346267842456,1.2917789470156296
15.0,0.5,C,4.15856095936,5.451753426074215,1.2885908038509946
15.0,0.5,C,4.168554297135,5.610045223429997,1.285424967903879
15.0,0.5,C,4.17854763491,5.767231420332322,1.2822812439658324
15.0,0.5,C,4.188540972685,5.923321664993511,1.2791594390726087
15.0,0.5,C,4.19853431046,6.0783254951237,1.276059362470005
15.0,0.5,C,4.208527648235,6.232252339627849,1.272980825579922
15.0,0.5,C,4.218520986009,6.385111520257155,1.2699236419673359
15.0,0.5,C,4.228514323784,6.536912253308435,1.2668876273063103
15.0,0.5,C,4.238507661559,6.687663651143661,1.2638725993496056
15.0,0.5,C,4.248500999334,6.837374723834755,1.260878377895784
15.0,0.5,C,4.258494337109,6.986054380702913,1.2579047847584206
15.0,0.5,C,4.268487674883,7.1337114318339445,1.2549516437358001
15.0,0.5,C,4.278481012658,7.280354589639136,1.2520187805796963
15.0,0.5,C,4.288474350433,7.425992470243135,1.249106022967616
15.0,0.5,C,4.298467688208,7.570633594991319,1.2462132004726525
15.0,0.5,C,4.308461025983,7.714286391861348,1.2433401445352519
15.0,0.5,C,4.318454363757,7.856959196846091,1.240486688435557
15.0,0.5,C,4.328447701532,7.9986602553849,1.237652667264781
15.0,0.5,C,4.338441039307,8.139397723626104,1.234837917899957
15.0,0.5,C,4.348434377082,8.279179669807831,1.2320422789763223
15.0,0.5,C,4.358427714857,8.418014075542782,1.2292655908616232
15.0,0.5,C,4.368421052632,8.555908837094348,1.226507695630592
15.0,0.5,C,4.378414390406,8.692871766611528,1.2237684370402484
15.0,0.5,C,4.388407728181,8.828910593414234,1.2210476605041942
15.0,0.5,C,4.398401065956,8.964032965111505,1.2183452130702488
15.0,0.5,C,4.408394403731,9.09824644883976,1.2156609433956835
15.0,0.5,C,4.418387741506,9.231558532403758,1.2129947017244036
15.0,0.5,C,4.42838107928,9.363976625399587,1.2103463398644871
15.0,0.5,C,4.438374417055,9.495508060380773,1.2077157111648635
15.0,0.5,C,4.44836775483,9.626160093865655,1.205102670495166
15.0,0.5,C,4.458361092605,9.755939907460958,1.2025070742232598
15.0,0.5,C,4.46835443038,9.884854608893294,1.199928780194613
15.0,0.5,C,4.478347768155,10.0129112330343,1.197367647711793
15.0,0.5,C,4.488341105929,10.140116742891355,1.1948235375146519
15.0,0.5,C,4.498334443704,10.266478030641473,1.1922963117596495
15.0,0.5,C,4.508327781479,10.392001918515986,1.1897858340021592
15.0,0.5,C,4.518321119254,10.516695159794326,1.1872919691765924
15.0,0.5,C,4.528314457029,10.64056443971288,1.1848145835782211
15.0,0.5,C,4.538307794803,10.763616376354884,1.1823535448453812
15.0,0.5,C,4.548301132578,10.885857521582249,1.179908721940834
15.0,0.5,C,4.558294470353,11.007294361827064,1.1774799851359377
15.0,0.5,C,4.568287808128,11.127933318984763,1.1750672059927838
15.0,0.5,C,4.578281145903,11.247780751229923,1.1726702573478804
15.0,0.5,C,4.588274483678,11.36684295382604,1.170289013295958
15.0,0.5,C,4.598267821452,11.485126159905183,1.1679233491743752
15.0,0.5,C,4.608261159227,11.602636541290385,1.1655731415466712
15.0,0.5,C,4.618254497002,11.71938020918297,1.1632382681888196
15.0,0.5,C,4.628247834777,11.835363214952034,1.1609186080734384
15.0,0.5,C,4.638241172552,11.950591550848388,1.158614041355511
15.0,0.5,C,4.648234510326,12.065071150704414,1.1563244493583904
15.0,0.5,C,4.658227848101,12.17880789067557,1.1540497145589677
15.0,0.5,C,4.668221185876,12.291807589851691,1.151789720575445
15.0,0.5,C,4.678214523651,12.404076010970961,1.1495443521530597
15.0,0.5,C,4.688207861426,12.515618861061897,1.147313495151241
15.0,0.5,C,4.698201199201,12.626441792082158,1.1450970365308357
15.0,0.5,C,4.708194536975,12.736550401535396,1.142894864341771
15.0,0.5,C,4.71818787475,12.845950233130543,1.140706867709868
15.0,0.5,C,4.728181212525,12.954646777316878,1.1385329368261414
15.0,0.5,C,4.7381745503,13.062645471921137,1.1363729629340562
15.0,0.5,C,4.748167888075,13.16995170271567,1.1342268383181655
15.0,0.5,C,4.758161225849,13.276570803978442,1.13209445629291
15.0,0.5,C,4.768154563624,13.38250805909327,1.1299757111906135
15.0,0.5,C,4.778147901399,13.48776870103697,1.1278704983517396
15.0,0.5,C,4.788141239174,13.59235791296241,1.1257787141132305
15.0,0.5,C,4.798134576949,13.696280828717661,1.1237002557981257
15.0,0.5,C,4.808127914724,13.79954253337182,1.1216350217050426
15.0,0.5,C,4.818121252498,13.902148063717005,1.1195829110981388
15.0,0.5,C,4.828114590273,14.00410240881743,1.1175438241961302
15.0,0.5,C,4.838107928048,14.105410510448241,1.1155176621635141
15.0,0.5,C,4.848101265823,14.206077263629991,1.113504327099879
15.0,0.5,C,4.858094603598,14.306107517104426,1.1115037220303903
15.0,0.5,C,4.868087941372,14.405506073804938,1.1095157508963802
15.0,0.5,C,4.878081279147,14.50427769137134,1.107540318545052
15.0,0.5,C,4.888074616922,14.60242708256019,1.105577330721275
15.0,0.5,C,4.898067954697,14.699958915747734,1.1036266940575241
15.0,0.5,C,4.908061292472,14.796877815380299,1.101688316064873
15.0,0.5,C,4.918054630247,14.893188362428834,1.0997621051239022
15.0,0.5,C,4.928047968021,14.988895094830957,1.09784797047586
15.0,0.5,C,4.938041305796,15.084002507974542,1.095945822212988
15.0,0.5,C,4.948034643571,15.178515055086045,1.094055571270758
15.0,0.5,C,4.958027981346,15.27243714770652,1.0921771294183484
15.0,0.5,C,4.968021319121,15.365773156119936,1.0903104092500802
15.0,0.5,C,4.978014656895,15.458527409777474,1.0884553241769295
15.0,0.5,C,4.98800799467,15.550704197765622,1.0866117884171664
15.0,0.5,C,4.998001332445,15.642307769178787,1.0847797169889033
15.0,0.5,C,5.00799467022,15.733342333583474,1.0829590257008093
15.0,0.5,C,5.017988007995,15.823812061431848,1.0811496311438418
15.0,0.5,C,5.027981345769,15.913721084473648,1.079351450683006
15.0,0.5,C,5.037974683544,16.003073496213723,1.0775644024482045
15.0,0.5,C,5.047968021319,16.09187335227403,1.0757884053269984
15.0,0.5,C,5.057961359094,16.18012467084676,1.0740233789555438
15.0,0.5,C,5.067954696869,16.267831433097477,1.0722692437105295
15.0,0.5,C,5.077948034644,16.35499758357966,1.0705259207008857
15.0,0.5,C,5.087941372418,16.441627030634496,1.0687933317597889
15.0,0.5,C,5.097934710193,16.527723646835753,1.067071399435764
15.0,0.5,C,5.107928047968,16.613291269344263,1.0653600469855937
15.0,0.5,C,5.117921385743,16.698333700347536,1.0636591983655281
15.0,0.5,C,5.127914723518,16.782854707455172,1.0619687782233755
15.0,0.5,C,5.137908061292,16.86685802409226,1.060288711890634
15.0,0.5,C,5.147901399067,16.950347349932194,1.058618925373835
15.0,0.5,C,5.157894736842,17.033326351245176,1.0569593453475754
15.0,0.5,C,5.167888074617,17.115798661326412,1.0553098991459506
15.0,0.5,C,5.177881412392,17.197767880882623,1.0536705147548266
15.0,0.5,C,5.187874750167,17.279237578423313,1.0520411208040128
15.0,0.5,C,5.197868087941,17.36021129064078,1.0504216465596634
15.0,0.5,C,5.207861425716,17.44069252283112,1.0488120219158565
15.0,0.5,C,5.217854763491,17.520684749227403,1.0472121773879308
15.0,0.5,C,5.227848101266,17.60019141341604,1.045622044104158
15.0,0.5,C,5.237841439041,17.679215928704878,1.0440415537983814
15.0,0.5,C,5.247834776815,17.757761678491523,1.0424706388026486
15.0,0.5,C,5.25782811459,17.835832016667997,1.040909232039119
15.0,0.5,C,5.267821452365,17.913430267940715,1.0393572670136644
15.0,0.5,C,5.27781479014,17.990559728228877,1.0378146778079014
15.0,0.5,C,5.287808127915,18.067223665016684,1.0362813990721451
15.0,0.5,C,5.29780146569,18.143425317712477,1.0347573660182292
15.0,0.5,C,5.307794803464,18.219167897994023,1.0332425144125985
15.0,0.5,C,5.317788141239,18.294454590189478,1.0317367805686892
15.0,0.5,C,5.327781479014,18.369288551575163,1.0302401013409754
15.0,0.5,C,5.337774816789,18.443672912749324,1.0287524141174924
15.0,0.5,C,5.347768154564,18.51761077795766,1.0272736568133256
15.0,0.5,C,5.357761492338,18.591105225419494,1.025803767864089
15.0,0.5,C,5.367754830113,18.6641593076817,1.024342686218845
15.0,0.5,C,5.377748167888,18.736776051897255,1.0228903513345338
15.0,0.5,C,5.387741505663,18.80895846016805,1.021446703169118
15.0,0.5,C,5.397734843438,18.88070950985124,1.0200116821754541
15.0,0.5,C,5.407728181213,18.95203215386052,1.0185852292952684
15.0,0.5,C,5.417721518987,19.02292932096076,1.0171672859532637
15.0,0.5,C,5.427714856762,19.09340391608819,1.0157577940507152
15.0,0.5,C,5.437708194537,19.16345882059778,1.0143566959605232
15.0,0.5,C,5.447701532312,19.233096892569215,1.0129639345210946
15.0,0.5,C,5.457694870087,19.302320967079115,1.0115794530308966
15.0,0.5,C,5.467688207861,19.371133856462453,1.0102031952432298
15.0,0.5,C,5.477681545636,19.439538350602245,1.0088351053604339
15.0,0.5,C,5.487674883411,19.507537217147267,1.0074751280295335
15.0,0.5,C,5.497668221186,19.57513320178929,1.006123208336693
15.0,0.5,C,5.507661558961,19.64232902850087,1.0047792918024614
15.0,0.5,C,5.517654896736,19.70912739977487,1.0034433243769814
15.0,0.5,C,5.52764823451,19.77553099684879,1.002115252435503
15.0,0.5,C,5.537641572285,19.841542479957813,1.0007950227733227
15.0,0.5,C,5.54763491006,19.907164488514596,0.9994825826021869
15.0,0.5,C,5.557628247835,19.972399641349995,0.9981778795454789
15.0,0.5,C,5.56762158561,20.037250536912698,0.9968808616342248
15.0,0.5,C,5.577614923384,20.101719753465705,0.9955914773031649
15.0,0.5,C,5.587608261159,20.16580984930638,0.9943096753863512
15.0,0.5,C,5.597601598934,20.22952336291845,0.99303540511411
15.0,0.5,C,5.607594936709,20.292862813181102,0.9917686161088568
15.0,0.5,C,5.617588274484,20.355830699540643,0.990509258381666
15.0,0.5,C,5.627581612258,20.41842950217784,0.9892572823289221
15.0,0.5,C,5.637574950033,20.48066168219978,0.9880126387284832
15.0,0.5,C,5.647568287808,20.54252968176463,0.9867752787371863
15.0,0.5,C,5.657561625583,20.604035924263805,0.9855451538872028
15.0,0.5,C,5.667554963358,20.665182814468032,0.9843222160831182
15.0,0.5,C,5.677548301133,20.725972738675313,0.9831064175989727
15.0,0.5,C,5.687541638907,20.786408064846977,0.9818977110755392
15.0,0.5,C,5.697534976682,20.846491142771235,0.9806960495170541
15.0,0.5,C,5.707528314457,20.90622430416118,0.9795013862892552
15.0,0.5,C,5.717521652232,20.9656098628106,0.978313675116267
15.0,0.5,C,5.727514990007,21.02465011471362,0.9771328700782065
15.0,0.5,C,5.737508327781,21.08334733818265,0.9759589256088259
15.0,0.5,C,5.747501665556,21.141703793992818,0.9747917964926226
15.0,0.5,C,5.757495003331,21.199721725463057,0.9736314378632177
15.0,0.5,C,5.767488341106,21.25740335859505,0.9724778052005778
15.0,0.5,C,5.777481678881,21.314750902177902,0.971330854328921
15.0,0.5,C,5.787475016656,21.371766547898147,0.970190541414516
15.0,0.5,C,5.79746835443,21.428452470443162,0.9690568229636157
15.0,0.5,C,5.807461692205,21.484810827625846,0.9679296558199619
15.0,0.5,C,5.81745502998,21.540843760457758,0.9668089971633237
15.0,0.5,C,5.827448367755,21.59655339327273,0.9656948045070245
15.0,0.5,C,5.83744170553,21.651941833823432,0.9645870356960101
15.0,0.5,C,5.847435043304,21.707011173374863,0.9634856489049817
15.0,0.5,C,5.857428381079,21.761763486827224,0.9623906026359345
15.0,0.5,C,5.867421718854,21.816200832781888,0.9613018557168409
15.0,0.5,C,5.877415056629,21.870325253661274,0.9602193672992534
15.0,0.5,C,5.887408394404,21.92413877580372,0.9591430968564044
15.0,0.5,C,5.897401732179,21.977643409560905,0.9580730041812608
15.0,0.5,C,5.907395069953,22.030841149392156,0.9570090493846356
15.0,0.5,C,5.917388407728,22.08373397398503,0.9559511928927783
15.0,0.5,C,5.927381745503,22.136323846324288,0.9548993954459931
15.0,0.5,C,5.937375083278,22.188612713812866,0.9538536180962216
15.0,0.5,C,5.947368421053,22.24060250837049,0.952813822205069
15.0,0.5,C,5.957361758827,22.292295146529877,0.9517799694418815
15.0,0.5,C,5.967355096602,22.343692529562404,0.9507520217812309
15.0,0.5,C,5.977348434377,22.394796543552214,0.9497299415014346
15.0,0.5,C,5.987341772152,22.44560905952515,0.9487136911819759
15.0,0.5,C,5.997335109927,22.496131933550444,0.9477032337014699
15.0,0.5,C,6.007328447702,22.5463670068534,0.9466985322354108
15.0,0.5,C,6.017321785476,22.596316105920124,0.9456995502540764
15.0,0.5,C,6.027315123251,22.645981042632442,0.94470625151983
15.0,0.5,C,6.037308461026,22.695363614354115,0.9437186000853964
15.0,0.5,C,6.047301798801,22.74446560406663,0.9427365602911464
15.0,0.5,C,6.057295136576,22.79328878048483,0.9417600967627824
15.0,0.5,C,6.06728847435,22.841834898174138,0.9407891744089961
15.0,0.5,C,6.077281812125,22.890105697690835,0.9398237584186622
15.0,0.5,C,6.0872751499,22.938102905679848,0.9388638142588819
15.0,0.5,C,6.097268487675,22.98582823502051,0.9379093076720687
15.0,0.5,C,6.10726182545,23.03328338495108,0.9369602046734572
15.0,0.5,C,6.117255163225,23.080470041197934,0.9360164715485201
15.0,0.5,C,6.127248500999,23.127389876104395,0.935078074850391
15.0,0.5,C,6.137241838774,23.174044548782806,0.9341449813968228
15.0,0.5,C,6.147235176549,23.22043570522209,0.9332171582680371
15.0,0.5,C,6.157228514324,23.26656497844237,0.9322945728036315
15.0,0.5,C,6.167221852099,23.312433988630783,0.9313771925998632
15.0,0.5,C,6.177215189873,23.35804434327414,0.9304649855069961
15.0,0.5,C,6.187208527648,23.40339763731892,0.9295579196261003
15.0,0.5,C,6.197201865423,23.4484954532853,0.9286559633067728
15.0,0.5,C,6.207195203198,23.49333936142766,0.9277590851439257
15.0,0.5,C,6.217188540973,23.537930919874075,0.9268672539749973
15.0,0.5,C,6.227181878748,23.582271674768357,0.9259804388771118
15.0,0.5,C,6.237175216522,23.62636316041219,0.9250986091642349
15.0,0.5,C,6.247168554297,23.670206899424738,0.924221734383984
15.0,0.5,C,6.257161892072,23.71380440286222,0.9233497843152345
15.0,0.5,C,6.267155229847,23.757157170378914,0.9224827289649006
15.0,0.5,C,6.277148567622,23.80026669036763,0.9216205385651264
15.0,0.5,C,6.287141905396,23.843134440099004,0.9207631835704989
15.0,0.5,C,6.297135243171,23.88576188588086,0.9199106346548617
15.0,0.5,C,6.307128580946,23.928150483175084,0.9190628627089772
15.0,0.5,C,6.317121918721,23.970301676757202,0.9182198388373348
15.0,0.5,C,6.327115256496,24.01221690084902,0.9173815343554983
15.0,0.5,C,6.33710859427,24.05389757925719,0.9165479207873352
15.0,0.5,C,6.347101932045,24.095345125523334,0.9157189698620122
15.0,0.5,C,6.35709526982,24.136560943037455,0.9148946535117297
15.0,0.5,C,6.367088607595,24.177546425185596,0.914074943868767
15.0,0.5,C,6.37708194537,24.218302955480052,0.9132598132628779
15.0,0.5,C,6.387075283145,24.25883190768641,0.9124492342187507
15.0,0.5,C,6.397068620919,24.299134645947404,0.9116431794535307
15.0,0.5,C,6.407061958694,24.33921252492471,0.9108416218739845
15.0,0.5,C,6.417055296469,24.379066889894368,0.9100445345745914
15.0,0.5,C,6.427048634244,24.418699076884653,0.9092518908347857
15.0,0.5,C,6.437041972019,24.458110412785853,0.9084636641167617
15.0,0.5,C,6.447035309793,24.497302215462078,0.9076798280632373
15.0,0.5,C,6.457028647568,24.536275793875408,0.9069003564949708
15.0,0.5,C,6.467021985343,24.575032448169306,0.9061252234090927
15.0,0.5,C,6.477015323118,24.613573469788122,0.9053544029767163
15.0,0.5,C,6.487008660893,24.651900141575076,0.9045878695409774
15.0,0.5,C,6.497001998668,24.690013737866092,0.9038255976151569
15.0,0.5,C,6.506995336442,24.727915524581057,0.9030675618808576
15.0,0.5,C,6.516988674217,24.765606759328204,0.9023137371859147
15.0,0.5,C,6.526982011992,24.803088691467273,0.9015640985431334
15.0,0.5,C,6.536975349767,24.840362562207126,0.9008186211283363
15.0,0.5,C,6.546968687542,24.877429604680657,0.9000772802788657
15.0,0.5,C,6.556962025316,24.91429104401579,0.899340051492163
15.0,0.5,C,6.566955363091,24.950948097422074,0.8986069104240374
15.0,0.5,C,6.576948700866,24.987401974236118,0.8978778328877566
15.0,0.5,C,6.586942038641,25.02365387600007,0.8971527948524775
15.0,0.5,C,6.596935376416,25.059704996518967,0.8964317724420995
15.0,0.5,C,6.606928714191,25.095556521917572,0.8957147419341274
15.0,0.5,C,6.616922051965,25.131209630689728,0.8950016797586844
15.0,0.5,C,6.62691538974,25.16666549376367,0.8942925624972055
15.0,0.5,C,6.636908727515,25.201925274526577,0.8935873668819474
15.0,0.5,C,6.64690206529,25.23699012888325,0.8928860697948139
15.0,0.5,C,6.656895403065,25.271861205292005,0.8921886482666388
15.0,0.5,C,6.666888740839,25.306539644799813,0.8914950794764827
15.0,0.5,C,6.676882078614,25.341026581089153,0.8908053407506957
15.0,0.5,C,6.686875416389,25.375323140490778,0.8901194095626632
15.0,0.5,C,6.696868754164,25.40943044202556,0.8894372635319676
15.0,0.5,C,6.706862091939,25.443349597427908,0.8887588804239208
15.0,0.5,C,6.716855429714,25.477081711170474,0.8880842381490693
15.0,0.5,C,6.726848767488,25.510627880481795,0.8874133147628429
15.0,0.5,C,6.736842105263,25.543989195382036,0.8867460884648382
15.0,0.5,C,6.746835443038,25.577166738678645,0.886082537598906
15.0,0.5,C,6.756828780813,25.61016158599843,0.8854226406525103
15.0,0.5,C,6.766822118588,25.642974805797397,0.8847663762565308
15.0,0.5,C,6.776815456362,25.675607459373275,0.8841137231850134
15.0,0.5,C,6.786808794137,25.708060600889695,0.8834646603546851
15.0,0.5,C,6.796802131912,25.74033527736825,0.882819166825114
15.0,0.5,C,6.806795469687,25.77243252871387,0.8821772217982013
15.0,0.5,C,6.816788807462,25.804353387720194,0.8815388046180751
15.0,0.5,C,6.826782145237,25.8360988800801,0.8809038947708769
15.0,0.5,C,6.836775483011,25.867670024392016,0.8802724718846386
15.0,0.5,C,6.846768820786,25.89906783218271,0.8796445157288246
15.0,0.5,C,6.856762158561,25.930293307896452,0.8790200062145499
15.0,0.5,C,6.866755496336,25.961347448919902,0.8783989233940809
15.0,0.5,C,6.876748834111,25.99223124558723,0.877781247460734
15.0,0.5,C,6.886742171885,26.022945681189285,0.8771669587486932
15.0,0.5,C,6.89673550966,26.053491731997845,0.8765560377325219
15.0,0.5,C,6.906728847435,26.08387036725939,0.875948465027291
15.0,0.5,C,6.91672218521,26.114082549221276,0.8753442213880533
15.0,0.5,C,6.926715522985,26.144129233144866,0.8747432877095815
15.0,0.5,C,6.936708860759,26.17401136731803,0.8741456450261182
15.0,0.5,C,6.946702198534,26.203729893085438,0.8735512745107702
15.0,0.5,C,6.956695536309,26.23328574485093,0.8729601574754602
15.0,0.5,C,6.966688874084,26.26267985011009,0.872372275370277
15.0,0.5,C,6.976682211859,26.29191312947139,0.871787609783051
15.0,0.5,C,6.986675549634,26.320986496680565,0.8712061424388675
15.0,0.5,C,6.996668887408,26.349900858646166,0.8706278551995557
15.0,0.5,C,7.006662225183,26.378657115479584,0.8700527300628872
15.0,0.5,C,7.016655562958,26.4072561605098,0.8694807491622828
15.0,0.5,C,7.026648900733,26.435698880328175,0.8689118947659153
15.0,0.5,C,7.036642238508,26.463986154822983,0.8683461492760192
15.0,0.5,C,7.046635576282,26.492118857213235,0.8677834952282141
15.0,0.5,C,7.056628914057,26.52009785410254,0.867223915290428
15.0,0.5,C,7.066622251832,26.547924005503067,0.8666673922624175
15.0,0.5,C,7.076615589607,26.575598164894767,0.8661139090745834
15.0,0.5,C,7.086608927382,26.603121179268562,0.8655634487871076
15.0,0.5,C,7.096602265157,26.630493889176755,0.8650159945889438
15.0,0.5,C,7.106595602931,26.657717128782835,0.8644715297968222
15.0,0.5,C,7.116588940706,26.68479172592835,0.8639300378539119
15.0,0.5,C,7.126582278481,26.71171850217003,0.8633915023290784
15.0,0.5,C,7.136575616256,26.738498272853057,0.8628559069154176
15.0,0.5,C,7.146568954031,26.765131847167705,0.8623232354291247
15.0,0.5,C,7.156562291805,26.79162002821014,0.8617934718082759
15.0,0.5,C,7.16655562958,26.817963613057568,0.8612666001113276
15.0,0.5,C,7.176548967355,26.84416339281929,0.860742604516093
15.0,0.5,C,7.18654230513,26.870220152716325,0.8602214693181522
15.0,0.5,C,7.196535642905,26.89613467214695,0.8597031789295397
15.0,0.5,C,7.20652898068,26.921907724760366,0.8591877178772714
15.0,0.5,C,7.216522318454,26.947540078526423,0.8586750708019503
15.0,0.5,C,7.226515656229,26.973032495818128,0.8581652224561162
15.0,0.5,C,7.236508994004,26.99838573347341,0.8576581577030108
15.0,0.5,C,7.246502331779,27.02360054288059,0.8571538615148669
15.0,0.5,C,7.256495669554,27.04867767005235,0.8566523189714318
15.0,0.5,C,7.266489007328,27.073617855701215,0.8561535152584546
15.0,0.5,C,7.276482345103,27.09842183532711,0.8556574356659365
15.0,0.5,C,7.286475682878,27.12309033928028,0.8551640655868732
15.0,0.5,C,7.296469020653,27.147624092850084,0.8546733905154771
15.0,0.5,C,7.306462358428,27.172023816340864,0.8541853960456617
15.0,0.5,C,7.316455696203,27.196290225149333,0.853700067869492
15.0,0.5,C,7.326449033977,27.2204240298401,0.8532173917756769
15.0,0.5,C,7.336442371752,27.244425936234936,0.8527373536477801
15.0,0.5,C,7.346435709527,27.268296645469885,0.8522599394630811
15.0,0.5,C,7.356429047302,27.292036854086618,0.8517851352907465
15.0,0.5,C,7.366422385077,27.315647254100107,0.8513129272904768
15.0,0.5,C,7.376415722851,27.33912853307308,0.8508433017110174
15.0,0.5,C,7.386409060626,27.36248137419559,0.8503762448885671
15.0,0.5,C,7.396402398401,27.385706456344113,0.8499117432455966
15.0,0.5,C,7.406395736176,27.408804454157757,0.8494497832893235
15.0,0.5,C,7.416389073951,27.431776038105962,0.8489903516103595
15.0,0.5,C,7.426382411726,27.454621874552878,0.8485334348814214
15.0,0.5,C,7.4363757495,27.477342625820036,0.8480790198560781
15.0,0.5,C,7.446369087275,27.499938950255828,0.8476270933673624
15.0,0.5,C,7.45636242505,27.522411502282832,0.8471776423268221
15.0,0.5,C,7.466355762825,27.54476093246402,0.8467306537231983
15.0,0.5,C,7.4763491006,27.566987887554152,0.8462861146213958
15.0,0.5,C,7.486342438374,27.589093010551775,0.8458440121614433
15.0,0.5,C,7.496335776149,27.61107694075643,0.8454043335573502
15.0,0.5,C,7.506329113924,27.632940313804003,0.8449670660963988
15.0,0.5,C,7.516322451699,27.65468376171903,0.8445321971380981
15.0,0.5,C,7.526315789474,27.676307912954773,0.8440997141133835
15.0,0.5,C,7.536309127249,27.69781339243269,0.8436696045238251
15.0,0.5,C,7.546302465023,27.719200821576482,0.8432418559409491
15.0,0.5,C,7.556295802798,27.740470818352737,0.8428164560054241
15.0,0.5,C,7.566289140573,27.761623997291263,0.8423933924266537
15.0,0.5,C,7.576282478348,27.782660969518755,0.8419726529821037
15.0,0.5,C,7.586275816123,27.80358234278452,0.8415542255167885
15.0,0.5,C,7.596269153897,27.82438872147773,0.8411380979429242
15.0,0.5,C,7.606262491672,27.845080706657054,0.8407242582393377
15.0,0.5,C,7.616255829447,27.865658896053766,0.8403126944514036
15.0,0.5,C,7.626249167222,27.8861238840958,0.8399033946905629
15.0,0.5,C,7.636242504997,27.90647626191496,0.8394963471341795
15.0,0.5,C,7.646235842771,27.926716617354554,0.8390915400253878
15.0,0.5,C,7.656229180546,27.94684553498443,0.8386889616727903
15.0,0.5,C,7.666222518321,27.96686359609226,0.8382886004506337
15.0,0.5,C,7.676215856096,27.98677137869324,0.8378904447986141
15.0,0.5,C,7.686209193871,28.006569457527487,0.8374944832219292
15.0,0.5,C,7.696202531646,28.02625840405827,0.8371007042913134
15.0,0.5,C,7.70619586942,28.045838786464614,0.8367090966431864
15.0,0.5,C,7.716189207195,28.065311169642445,0.8363196489796298
15.0,0.5,C,7.72618254497,28.084676115185285,0.8359323500687733
15.0,0.5,C,7.736175882745,28.103934181382662,0.8355471887448255
15.0,0.5,C,7.74616922052,28.123085923206162,0.8351641539083555
15.0,0.5,C,7.756162558294,28.142131892294778,0.8347832345265833
15.0,0.5,C,7.766155896069,28.161072636950472,0.8344044196334693
15.0,0.5,C,7.776149233844,28.179908702110602,0.8340276983302667
15.0,0.5,C,7.786142571619,28.198640629339927,0.8336530597856804
15.0,0.5,C,7.796135909394,28.217268956814145,0.8332804932361959
15.0,0.5,C,7.806129247169,28.235794219300093,0.8329099879864769
15.0,0.5,C,7.816122584943,28.254216948140378,0.8325415334096713
15.0,0.5,C,7.826115922718,28.272537671241235,0.8321751189476543
15.0,0.5,C,7.836109260493,28.29075691304367,0.8318107341116056
15.0,0.5,C,7.846102598268,28.30887519451464,0.8314483684821862
15.0,0.5,C,7.856095936043,28.326893033127455,0.8310880117099299
15.0,0.5,C,7.866089273817,28.344810942844152,0.8307296535155958
15.0,0.5,C,7.876082611592,28.36262943410525,0.8303732836903739
15.0,0.5,C,7.886075949367,28.380349013803876,0.8300188920964013
15.0,0.5,C,7.896069287142,28.397970185279338,0.829666468666892
15.0,0.5,C,7.906062624917,28.4154934483002,0.8293160034064748
15.0,0.5,C,7.916055962692,28.432919299052877,0.8289674863914213
15.0,0.5,C,7.926049300466,28.450248230128594,0.828620907769907
15.0,0.5,C,7.936042638241,28.467480730519235,0.8282762577620941
15.0,0.5,C,7.946035976016,28.48461728560028,0.8279335266604732
15.0,0.5,C,7.956029313791,28.501658377130077,0.8275927048298773
15.0,0.5,C,7.966022651566,28.51860448324245,0.8272537827076298
15.0,0.5,C,7.97601598934,28.535456078442913,0.8269167508036206
15.0,0.5,C,7.986009327115,28.552213633613746,0.826581599700204
15.0,0.5,C,7.99600266489,28.568877616003252,0.8262483200524138
15.0,0.5,C,8.005996002665,28.585448489237315,0.8259169025877324
15.0,0.5,C,8.01598934044,28.60192671332009,0.825587338106077
15.0,0.5,C,8.025982678215,28.61831274464287,0.8252596174796215
15.0,0.5,C,8.035976015989,28.63460703599064,0.8249337316526659
15.0,0.5,C,8.045969353764,28.65081003655957,0.8246096716412873
15.0,0.5,C,8.055962691539,28.66692219196186,0.8242874285332417
15.0,0.5,C,8.065956029314,28.68294394424764,0.823966993487526
15.0,0.5,C,8.075949367089,28.698875731921515,0.8236483577340485
15.0,0.5,C,8.085942704863,28.714717989961276,0.8233315125732532
15.0,0.5,C,8.095936042638,28.73047114984777,0.8230164493755234
15.0,0.5,C,8.105929380413,28.74613563957896,0.8227031595808997
15.0,0.5,C,8.115922718188,28.761711883705075,0.8223916346983773
15.0,0.5,C,8.125916055963,28.777200303356235,0.8220818663053542
15.0,0.5,C,8.135909393738,28.792601316272567,0.8217738460470275
15.0,0.5,C,8.145902731512,28.807915336837947,0.8214675656357199
15.0,0.5,C,8.155896069287,28.823142776120886,0.8211630168500612
15.0,0.5,C,8.165889407062,28.83828404190361,0.8208601915344066
15.0,0.5,C,8.175882744837,28.853339538726736,0.8205590815979441
15.0,0.5,C,8.185876082612,28.868309667929633,0.8202596790138862
15.0,0.5,C,8.195869420386,28.883194827691806,0.8199619758186427
15.0,0.5,C,8.205862758161,28.897995413082704,0.8196659641108248
15.0,0.5,C,8.215856095936,28.912711816099428,0.8193716360504902
15.0,0.5,C,8.225849433711,28.927344425719163,0.8190789838580956
15.0,0.5,C,8.235842771486,28.941893627946797,0.8187879998135429
15.0,0.5,C,8.24583610926,28.95635980586252,0.8184986762552285
15.0,0.5,C,8.255829447035,28.970743339678393,0.818211005578911
15.0,0.5,C,8.26582278481,28.98504460678081,0.8179249802368628
15.0,0.5,C,8.275816122585,28.999263981787625,0.8176405927367264
15.0,0.5,C,8.28580946036,29.01340183660084,0.817357835640462
15.0,0.5,C,8.295802798135,29.02745854045815,0.8170767015633159
15.0,0.5,C,8.305796135909,29.04143445998419,0.8167971831727951
15.0,0.5,C,8.315789473684,29.055329959251697,0.816519273187445
15.0,0.5,C,8.325782811459,29.069145399823395,0.816242964376011
15.0,0.5,C,8.335776149234,29.082881140812532,0.8159682495562282
15.0,0.5,C,8.345769487009,29.09653753893417,0.8156951215937955
15.0,0.5,C,8.355762824783,29.110114948553885,0.8154235734014013
15.0,0.5,C,8.365756162558,29.12361372174762,0.8151535979375265
15.0,0.5,C,8.375749500333,29.13703420834179,0.814885188205643
15.0,0.5,C,8.385742838108,29.15037675597051,0.8146183372530686
15.0,0.5,C,8.395736175883,29.163641710121265,0.8143530381700536
15.0,0.5,C,8.405729513658,29.176829414183153,0.8140892840888158
15.0,0.5,C,8.415722851432,29.18994020949263,0.8138270681826263
15.0,0.5,C,8.425716189207,29.20297443538231,0.8135663836648327
15.0,0.5,C,8.435709526982,29.215932429216856,0.8133072237881418
15.0,0.5,C,8.445702864757,29.228814526439905,0.8130495818436808
15.0,0.5,C,8.455696202532,29.2416210606131,0.8127934511602168
15.0,0.5,C,8.465689540306,29.254352363450874,0.8125388251034612
15.0,0.5,C,8.475682878081,29.267008764863856,0.8122856970752016
15.0,0.5,C,8.485676215856,29.27959059298369,0.812034060512805
15.0,0.5,C,8.495669553631,29.29209817419993,0.8117839088884802
15.0,0.5,C,8.505662891406,29.30453183318988,0.8115352357086812
15.0,0.5,C,8.515656229181,29.31689189294332,0.8112880345136124
15.0,0.5,C,8.525649566955,29.329178674788956,0.8110422988766997
15.0,0.5,C,8.53564290473,29.341392498420454,0.8107980224040698
15.0,0.5,C,8.545636242505,29.353533681909738,0.810555198734284
15.0,0.5,C,8.55562958028,29.36560254172996,0.8103138215378798
15.0,0.5,C,8.565622918055,29.377599392769742,0.8100738845170841
15.0,0.5,C,8.575616255829,29.389524548344568,0.8098353814055875
15.0,0.5,C,8.585609593604,29.401378320212586,0.8095983059682272
15.0,0.5,C,8.595602931379,29.41316101857573,0.8093626520009642
15.0,0.5,C,8.605596269154,29.424872952090354,0.8091284133306718
15.0,0.5,C,8.615589606929,29.436514427868048,0.8088955838151181
15.0,0.5,C,8.625582944704,29.448085751479578,0.8086641573428872
15.0,0.5,C,8.635576282478,29.459587226948756,0.8084341278335035
15.0,0.5,C,8.645569620253,29.47101915675701,0.8082054892373387
15.0,0.5,C,8.655562958028,29.482381841828595,0.8079782355359069
15.0,0.5,C,8.665556295803,29.49367558152933,0.8077523607418922
15.0,0.5,C,8.675549633578,29.504900673653182,0.8075278588994153
15.0,0.5,C,8.685542971352,29.51605741441186,0.8073047240842415
15.0,0.5,C,8.695536309127,29.52714609842493,0.8070829504039803
15.0,0.5,C,8.705529646902,29.53816701869694,0.8068625319985401
15.0,0.5,C,8.715522984677,29.549120466606404,0.8066434630403508
15.0,0.5,C,8.725516322452,29.5600067318855,0.806425737734769
15.0,0.5,C,8.735509660227,29.570826102600307,0.8062093503204726
15.0,0.5,C,8.745502998001,29.58157886512774,0.805994295069924
15.0,0.5,C,8.755496335776,29.59226530413961,0.8057805662896868
15.0,0.5,C,8.765489673551,29.6028857025709,0.8055681583210609
15.0,0.5,C,8.775483011326,29.61344034160092,0.8053570655404605
15.0,0.5,C,8.785476349101,29.623929500626602,0.8051472823599468
15.0,0.5,C,8.795469686875,29.63435345723603,0.8049388032277582
15.0,0.5,C,8.80546302465,29.644712487187306,0.8047316226287327
15.0,0.5,C,8.815456362425,29.655006864374375,0.8045257350849914
15.0,0.5,C,8.8254497002,29.665236860806154,0.8043211351563557
15.0,0.5,C,8.835443037975,29.675402746577277,0.8041178174409334
15.0,0.5,C,8.84543637575,29.685504789843517,0.8039157765756085
15.0,0.5,C,8.855429713524,29.695543256791918,0.8037150072366405
15.0,0.5,C,8.865423051299,29.705518411621473,0.8035155041400495
15.0,0.5,C,8.875416389074,29.71543051650972,0.8033172620422844
15.0,0.5,C,8.885409726849,29.7252798315932,0.803120275740615
15.0,0.5,C,8.895403064624,29.735066614941275,0.8029245400736533
15.0,0.5,C,8.905396402398,29.74479112253302,0.8027300499218185
15.0,0.5,C,8.915389740173,29.75445360823895,0.8025368002077
15.0,0.5,C,8.925383077948,29.764054323793992,0.802344785896599
15.0,0.5,C,8.935376415723,29.773593518781976,0.8021540019968394
15.0,0.5,C,8.945369753498,29.78307144061614,0.801964443560156
15.0,0.5,C,8.955363091272,29.792488334522137,0.801776105682036
15.0,0.5,C,8.965356429047,29.80184444352543,0.8015889835019703
15.0,0.5,C,8.975349766822,29.81114000843346,0.8014030722038096
15.0,0.5,C,8.985343104597,29.820375267826854,0.8012183670159418
15.0,0.5,C,8.995336442372,29.829550458049514,0.8010348632114886
15.0,0.5,C,9.005329780147,29.83866581319923,0.8008525561084943
15.0,0.5,C,9.015323117921,29.847721565122054,0.8006714410700378
15.0,0.5,C,9.025316455696,29.856717943411457,0.8004915135042497
15.0,0.5,C,9.035309793471,29.86565517540096,0.8003127688644597
15.0,0.5,C,9.045303131246,29.874533486167984,0.8001352026491193
15.0,0.5,C,9.055296469021,29.883353098535345,0.7999588104017719
15.0,0.5,C,9.065289806795,29.892114233075368,0.7997835877109715
15.0,0.5,C,9.07528314457,29.900817108118776,0.7996095302101034
15.0,0.5,C,9.085276482345,29.90946193975884,0.7994366335773021
15.0,0.5,C,9.09526982012,29.91804894186693,0.7992648935351402
15.0,0.5,C,9.105263157895,29.92657832610366,0.7990943058504056
15.0,0.5,C,9.11525649567,29.935050301933835,0.7989248663338022
15.0,0.5,C,9.125249833444,29.94346507664309,0.798756570839617
15.0,0.5,C,9.135243171219,29.951822855362014,0.7985894152652386
15.0,0.5,C,9.145236508994,29.960123841080478,0.7984233955508693
15.0,0.5,C,9.155229846769,29.96836823467588,0.7982585076789613
15.0,0.5,C,9.165223184544,29.976556234936194,0.7980947476737549
15.0,0.5,C,9.175216522318,29.98468803858646,0.7979321116007496
15.0,0.5,C,9.185209860093,29.992763840321803,0.7977705955660428
15.0,0.5,C,9.195203197868,30.000783832831768,0.7976101957158435
15.0,0.5,C,9.205196535643,30.00874820683528,0.7974509082357732
15.0,0.5,C,9.215189873418,30.01665715111381,0.7972927293502026
15.0,0.5,C,9.225183211193,30.024510852545426,0.7971356553215703
15.0,0.5,C,9.235176548967,30.03230949614098,0.7969796824496592
15.0,0.5,C,9.245169886742,30.040053265082346,0.796824807070832
15.0,0.5,C,9.255163224517,30.047742340757544,0.7966710255573278
15.0,0.5,C,9.265156562292,30.055376902800937,0.79651833431646
15.0,0.5,C,9.275149900067,30.062957129133885,0.796366729789801
15.0,0.5,C,9.285143237841,30.070483196002865,0.7962162084524216
15.0,0.5,C,9.295136575616,30.077955278022603,0.7960667668120267
15.0,0.5,C,9.305129913391,30.085373548214452,0.7959184014081898
15.0,0.5,C,9.315123251166,30.09273817804893,0.7957711088115003
15.0,0.5,C,9.325116588941,30.100049337486837,0.7956248856227421
15.0,0.5,C,9.335109926716,30.107307195020198,0.795479728472075
15.0,0.5,C,9.34510326449,30.11451191771292,0.7953356340182205
15.0,0.5,C,9.355096602265,30.121663671243613,0.7951925989476067
15.0,0.5,C,9.36508994004,30.12876261994241,0.7950506199736307
15.0,0.5,C,9.375083277815,30.135808926832105,0.7949096938358368
15.0,0.5,C,9.38507661559,30.142802753667425,0.7947698172991303
15.0,0.5,C,9.395069953364,30.149744260971108,0.7946309871530567
15.0,0.5,C,9.405063291139,30.15663360807533,0.7944932002109723
15.0,0.5,C,9.415056628914,30.16347095315086,0.7943564533094616
15.0,0.5,C,9.425049966689,30.170256453246655,0.7942207433075457
15.0,0.5,C,9.435043304464,30.176990264320892,0.7940860670860609
15.0,0.5,C,9.445036642239,30.183672541274223,0.7939524215469944
15.0,0.5,C,9.455029980013,30.190303437977608,0.7938198036129267
15.0,0.5,C,9.465023317788,30.19688310730513,0.7936882102263763
15.0,0.5,C,9.475016655563,30.203411701155733,0.7935576383493643
15.0,0.5,C,9.485009993338,30.209889370481463,0.7934280849628497
15.0,0.5,C,9.495003331113,30.216316265309448,0.7932995470662899
15.0,0.5,C,9.504996668887,30.22269253476349,0.7931720216772089
15.0,0.5,C,9.514990006662,30.229018327084844,0.7930455058307819
15.0,0.5,C,9.524983344437,30.235293789644693,0.7929199965795849
15.0,0.5,C,9.534976682212,30.24151906896424,0.792795490993194
15.0,0.5,C,9.544970019987,30.247694310724402,0.7926719861579908
15.0,0.5,C,9.554963357761,30.253819659776592,0.792549479176947
15.0,0.5,C,9.564956695536,30.25989526015438,0.7924279671693913
15.0,0.5,C,9.574950033311,30.26592125507511,0.7923074472709766
15.0,0.5,C,9.584943371086,30.27189778694609,0.792187916633557
15.0,0.5,C,9.594936708861,30.27782499736697,0.7920693724251394
15.0,0.5,C,9.604930046636,30.283703027129032,0.7919518118298983
15.0,0.5,C,9.61492338441,30.289532016210686,0.7918352320482651
15.0,0.5,C,9.624916722185,30.295312103776403,0.7917196302969508
15.0,0.5,C,9.63491005996,30.301043428167,0.7916050038091389
15.0,0.5,C,9.644903397735,30.30672612689025,0.7914913498346738
15.0,0.5,C,9.65489673551,30.312360336613363,0.7913786656402118
15.0,0.5,C,9.664890073284,30.317946193146447,0.7912669485095499
15.0,0.5,C,9.674883411059,30.323483831431513,0.7911561957438485
15.0,0.5,C,9.684876748834,30.328973385522122,0.7910464046620365
15.0,0.5,C,9.694870086609,30.334414988567566,0.7909375726011275
15.0,0.5,C,9.704863424384,30.339808772792797,0.7908296969166229
15.0,0.5,C,9.714856762159,30.34515486947662,0.7907227749829465
15.0,0.5,C,9.724850099933,30.350453408928747,0.7906168041939039
15.0,0.5,C,9.734843437708,30.35570452046814,0.7905117819631161
15.0,0.5,C,9.744836775483,30.360908332392725,0.7904077057246243
15.0,0.5,C,9.754830113258,30.366064971957833,0.7903045729333221
15.0,0.5,C,9.764823451033,30.371174565346276,0.7902023810655533
15.0,0.5,C,9.774816788807,30.37623723764122,0.7901011276196545
15.0,0.5,C,9.784810126582,30.38125311279728,0.7900008101165331
15.0,0.5,C,9.794803464357,30.38622231360944,0.7899014261002901
15.0,0.5,C,9.804796802132,30.391144961685587,0.7898029731387671
15.0,0.5,C,9.814790139907,30.396021177413754,0.7897054488242038
15.0,0.5,C,9.824783477682,30.400851079934153,0.7896088507737958
15.0,0.5,C,9.834776815456,30.405634787105168,0.7895131766303755
15.0,0.5,C,9.844770153231,30.410372415477198,0.7894184240629348
15.0,0.5,C,9.854763491006,30.41506408025915,0.7893245907672958
15.0,0.5,C,9.864756828781,30.419709895289035,0.7892316744666983
15.0,0.5,C,9.874750166556,30.424309973005215,0.7891396729123746
15.0,0.5,C,9.88474350433,30.428864424416787,0.7890485838841431
15.0,0.5,C,9.894736842105,30.433373359077123,0.7889584051909364
15.0,0.5,C,9.90473017988,30.43783688505364,0.7888691346714062
15.0,0.5,C,9.914723517655,30.44225510890388,0.7887807701944012
15.0,0.5,C,9.92471685543,30.446628135648528,0.7886933096595083
15.0,0.5,C,9.934710193205,30.450956068748592,0.7886067509975071
15.0,0.5,C,9.944703530979,30.455239010082007,0.7885210921708387
15.0,0.5,C,9.954696868754,30.45947705992196,0.7884363311740398
15.0,0.5,C,9.964690206529,30.463670316917014,0.7883524660341386
15.0,0.5,C,9.974683544304,30.467818878072777,0.7882694948110234
15.0,0.5,C,9.984676882079,30.47192283873586,0.7881874155977617
15.0,0.5,C,9.994670219853,30.475982292576127,0.7881062265209562
15.0,0.5,C,10.004663557628,30.47999733157819,0.788025925740915
15.0,0.5,C,10.014656895403,30.483968046024803,0.7879465114519828
15.0,0.5,C,10.024650233178,30.487894524491114,0.7878679818826565
15.0,0.5,C,10.034643570953,30.491776853835024,0.7877903352957784
15.0,0.5,C,10.044636908728,30.495615119192852,0.7877135699886217
15.0,0.5,C,10.054630246502,30.49940940397417,0.7876376842929956
15.0,0.5,C,10.064623584277,30.503159789863343,0.787562676575212
15.0,0.5,C,10.074616922052,30.506866356816378,0.7874885452361513
15.0,0.5,C,10.084610259827,30.51052918306486,0.7874152887111815
15.0,0.5,C,10.094603597602,30.514148345122358,0.7873429054700317
15.0,0.5,C,10.104596935376,30.51772391778774,0.787271394016724
15.0,0.5,C,10.114590273151,30.521255974157743,0.787200752889324
15.0,0.5,C,10.124583610926,30.52474458563377,0.7871309806598035
15.0,0.5,C,10.134576948701,30.52818982193677,0.7870620759337434
15.0,0.5,C,10.144570286476,30.53159175112105,0.7869940373500578
15.0,0.5,C,10.154563624251,30.53495043959097,0.7869268635806596
15.0,0.5,C,10.164556962025,30.53826595211838,0.7868605533301112
15.0,0.5,C,10.1745502998,30.541538351863906,0.7867951053352007
15.0,0.5,C,10.184543637575,30.544767700396612,0.7867305183645465
15.0,0.5,C,10.19453697535,30.547954057718695,0.786666791218105
15.0,0.5,C,10.204530313125,30.55109748228889,0.7866039227267011
15.0,0.5,C,10.214523650899,30.55419803104848,0.7865419117515093
15.0,0.5,C,10.224516988674,30.557255759451486,0.7864807571834491
15.0,0.5,C,10.234510326449,30.560270721488017,0.7864204579427184
15.0,0.5,C,10.244503664224,30.563242969718395,0.7863610129781109
15.0,0.5,C,10.254497001999,30.56617255530025,0.7863024212664738
15.0,0.5,C,10.264490339773,30.569059528023732,0.7862446818120042
15.0,0.5,C,10.274483677548,30.57190393633987,0.7861877936456816
15.0,0.5,C,10.284477015323,30.57470582739609,0.7861317558245571
15.0,0.5,C,10.294470353098,30.577465247067934,0.7860765674311201
15.0,0.5,C,10.304463690873,30.58018223999297,0.7860222275726195
15.0,0.5,C,10.314457028648,30.58285684960593,0.7859687353803602
15.0,0.5,C,10.324450366422,30.58548911817042,0.7859160900090706
15.0,0.5,C,10.334443704197,30.588079086815256,0.7858642906361738
15.0,0.5,C,10.344437041972,30.590626795567143,0.785813336461136
15.0,0.5,C,10.354430379747,30.593132283383355,0.7857632267048118
15.0,0.5,C,10.364423717522,30.59559558818738,0.7857139606087313
15.0,0.5,C,10.374417055296,30.598016746898246,0.7856655374345141
15.0,0.5,C,10.384410393071,30.60039579546642,0.7856179564631505
15.0,0.5,C,10.394403730846,30.602732768900793,0.7855712169944629
15.0,0.5,C,10.404397068621,30.605027701301918,0.7855253183464405
15.0,0.5,C,10.414390406396,30.607280625890862,0.7854802598546616
15.0,0.5,C,10.424383744171,30.609491575035207,0.7854360408717749
15.0,0.5,C,10.434377081945,30.611660580279114,0.7853926607668966
15.0,0.5,C,10.44437041972,30.613787672366644,0.7853501189251458
15.0,0.5,C,10.454363757495,30.615872881267048,0.7853084147471379
15.0,0.5,C,10.46435709527,30.61791623619658,0.7852675476485471
15.0,0.5,C,10.474350433045,30.619917765639507,0.7852275170596887
15.0,0.5,C,10.484343770819,30.621877497368168,0.7851883224251155
15.0,0.5,C,10.494337108594,30.62379545846,0.7851499632032789
15.0,0.5,C,10.504330446369,30.6256716753131,0.7851124388662167
15.0,0.5,C,10.514323784144,30.62750617366034,0.7850757488992721
15.0,0.5,C,10.524317121919,30.62929897858126,0.7850398928008537
15.0,0.5,C,10.534310459694,30.63105011451088,0.7850048700822612
15.0,0.5,C,10.544303797468,30.63275960524973,0.7849706802674841
15.0,0.5,C,10.554297135243,30.634427473967314,0.7849373228931324
15.0,0.5,C,10.564290473018,30.636053743207416,0.7849047975083305
15.0,0.5,C,10.574283810793,30.63763843488844,0.7848731036747101
15.0,0.5,C,10.584277148568,30.63918157030384,0.7848422409664021
15.0,0.5,C,10.594270486342,30.64068317011957,0.7848122089700874
15.0,0.5,C,10.604263824117,30.642143254368772,0.7847830072851034
15.0,0.5,C,10.614257161892,30.64356184244604,0.784754635523558
15.0,0.5,C,10.624250499667,30.64493895309662,0.7847270933105465
15.0,0.5,C,10.634243837442,30.64627460440844,0.7847003802843101
15.0,0.5,C,10.644237175217,30.647568813796656,0.7846744960965457
15.0,0.5,C,10.654230512991,30.64882159799123,0.7846494404126542
15.0,0.5,C,10.664223850766,30.650032973018998,0.7846252129120987
15.0,0.5,C,10.674217188541,30.65120295418615,0.7846018132887558
15.0,0.5,C,10.684210526316,30.65233155605713,0.7845792412513362
15.0,0.5,C,10.694203864091,30.65341879243424,0.7845574965237939
15.0,0.5,C,10.704197201865,30.65446467633398,0.7845365788457992
15.0,0.5,C,10.71419053964,30.655469219962164,0.7845164879732356
15.0,0.5,C,10.724183877415,30.65643243468699,0.7844972236787391
15.0,0.5,C,10.73417721519,30.65735433101424,0.784478785752194
15.0,0.5,C,10.744170552965,30.658234918555575,0.7844611740013675
15.0,0.5,C,10.75416389074,30.65907420600134,0.7844443882524522
15.0,0.5,C,10.764157228514,30.659872201088646,0.7844284283507058
15.0,0.5,C,10.774150566289,30.66062891057095,0.7844132941610599
15.0,0.5,C,10.784143904064,30.661344340184968,0.7843989855687794
15.0,0.5,C,10.794137241839,30.662018494618152,0.7843855024801158
15.0,0.5,C,10.804130579614,30.662651377477513,0.7843728448229287
15.0,0.5,C,10.814123917388,30.6632429912522,0.7843610125474348
15.0,0.5,C,10.824117255163,30.663793337283945,0.7843500056267999
15.0,0.5,C,10.834110592938,30.66430241573007,0.7843398240578775
15.0,0.5,C,10.844103930713,30.66477022553206,0.7843304678618377
15.0,0.5,C,10.854097268488,30.665196764379797,0.7843219370848827
15.0,0.5,C,10.864090606262,30.665582028680195,0.7843142317988749
15.0,0.5,C,10.874083944037,30.665926013522913,0.7843073521020205
15.0,0.5,C,10.884077281812,30.66622871264874,0.7843012981195042
15.0,0.5,C,10.894070619587,30.66649011841762,0.7842960700041264
15.0,0.5,C,10.904063957362,30.666710221777674,0.7842916679369254
15.0,0.5,C,10.914057295137,30.666889012234975,0.7842880921277792
15.0,0.5,C,10.924050632911,30.667026477825065,0.7842853428159775
15.0,0.5,C,10.934043970686,30.66712260508474,0.7842834202707841
15.0,0.5,C,10.944037308461,30.66717737902469,0.784282324791985
15.0,0.5,C,10.954030646236,30.667190783105163,0.7842820567103757
15.0,0.5,C,10.964023984011,30.66716279921102,0.7842826163882584
15.0,0.5,C,10.974017321785,30.667093407629377,0.7842840042198913
15.0,0.5,C,10.98401065956,30.666982587029743,0.7842862206318841
15.0,0.5,C,10.994003997335,30.666830314441935,0.7842892660836401
15.0,0.5,C,11.00399733511,30.66663656524091,0.7842931410676607
15.0,0.5,C,11.013990672885,30.66640131313047,0.7842978461098693
15.0,0.5,C,11.02398401066,30.666124530127345,0.7843033817699319
15.0,0.5,C,11.033977348434,30.665806186551688,0.7843097486414451
15.0,0.5,C,11.043970686209,30.665446251013886,0.784316947352201
15.0,0.5,C,11.053964023984,30.66504469040777,0.7843249785643235
15.0,0.5,C,11.063957361759,30.664601469904426,0.7843338429743903
15.0,0.5,C,11.073950699534,30.6641165529461,0.7843435413135569
15.0,0.5,C,11.083944037308,30.66358990124452,0.7843540743475884
15.0,0.5,C,11.093937375083,30.663021474780066,0.7843654428768774
15.0,0.5,C,11.103930712858,30.662411231802885,0.7843776477364213
15.0,0.5,C,11.113924050633,30.66175912883714,0.7843906897957361
15.0,0.5,C,11.123917388408,30.661065120684068,0.7844045699587975
15.0,0.5,C,11.133910726183,30.66032916043088,0.7844192891638614
15.0,0.5,C,11.143904063957,30.659551199458967,0.7844348483832994
15.0,0.5,C,11.153897401732,30.658731187453377,0.7844512486234112
15.0,0.5,C,11.163890739507,30.657869072417476,0.7844684909241293
15.0,0.5,C,11.173884077282,30.656964800683973,0.7844865763587995
15.0,0.5,C,11.183877415057,30.656018316933945,0.7845055060338
15.0,0.5,C,11.193870752831,30.65502956421057,0.7845252810882676
15.0,0.5,C,11.203864090606,30.653998483940192,0.7845459026936749
15.0,0.5,C,11.213857428381,30.652925015949712,0.7845673720534846
15.0,0.5,C,11.223850766156,30.651809098490844,0.784589690402662
15.0,0.5,C,11.233844103931,30.65065066825946,0.7846128590072896
15.0,0.5,C,11.243837441706,30.64944966042036,0.7846368791640715
15.0,0.5,C,11.25383077948,30.648206008632172,0.7846617521998352
15.0,0.5,C,11.263824117255,30.64691964507039,0.7846874794710709
15.0,0.5,C,11.27381745503,30.645590500455064,0.7847140623633776
15.0,0.5,C,11.283810792805,30.644218504076836,0.7847415022909421
15.0,0.5,C,11.29380413058,30.64280358382264,0.7847698006960261
15.0,0.5,C,11.303797468354,30.64134566620473,0.7847989590483841
15.0,0.5,C,11.313790806129,30.63984467638721,0.7848289788447347
15.0,0.5,C,11.323784143904,30.638300538213795,0.7848598616082029
15.0,0.5,C,11.333777481679,30.636713174234767,0.7848916088877835
15.0,0.5,C,11.343770819454,30.635082505735554,0.7849242222577676
15.0,0.5,C,11.353764157229,30.6334084527637,0.7849577033172048
15.0,0.5,C,11.363757495003,30.631690934154747,0.784992053689384
15.0,0.5,C,11.373750832778,30.629929867558545,0.785027275021308
15.0,0.5,C,11.383744170553,30.62812516946596,0.7850633689831595
15.0,0.5,C,11.393737508328,30.626276755233516,0.7851003372678085
15.0,0.5,C,11.403730846103,30.624384539105854,0.7851381815903619
15.0,0.5,C,11.413724183877,30.62244843424051,0.7851769036876686
15.0,0.5,C,11.423717521652,30.620468352728935,0.7852165053179002
15.0,0.5,C,11.433710859427,30.618444205617045,0.7852569882601379
15.0,0.5,C,11.443704197202,30.616375902924695,0.785298354313985
15.0,0.5,C,11.453697534977,30.61426335366453,0.7853406052991883
15.0,0.5,C,11.463690872752,30.61210646585687,0.7853837430553414
15.0,0.5,C,11.473684210526,30.609905146545838,0.785427769441562
15.0,0.5,C,11.483677548301,30.607659301811534,0.7854726863362483
15.0,0.5,C,11.493670886076,30.605368836782855,0.7855184956368216
15.0,0.5,C,11.503664223851,30.60303365564596,0.7855651992595598
15.0,0.5,C,11.513657561626,30.600653661652547,0.785612799139428
15.0,0.5,C,11.5236508994,30.598228757126456,0.7856612972299497
15.0,0.5,C,11.533644237175,30.595758843465834,0.7857106955031622
15.0,0.5,C,11.54363757495,30.59324382114651,0.7857609959495488
15.0,0.5,C,11.553630912725,30.59068358972209,0.7858122005780369
15.0,0.5,C,11.5636242505,30.588078047821288,0.7858643114160532
15.0,0.5,C,11.573617588274,30.585427093143316,0.7859173305096124
15.0,0.5,C,11.583610926049,30.58273062245201,0.7859712599234387
15.0,0.5,C,11.593604263824,30.579988531567803,0.7860261017411228
15.0,0.5,C,11.603597601599,30.577200715357435,0.78608185806533
15.0,0.5,C,11.613590939374,30.57436706772019,0.7861385310180751
15.0,0.5,C,11.623584277149,30.571487481575634,0.7861961227409662
15.0,0.5,C,11.633577614923,30.568561848845007,0.7862546353955786
15.0,0.5,C,11.643570952698,30.565590060433397,0.7863140711638109
15.0,0.5,C,11.653564290473,30.56257200621046,0.7863744322482698
15.0,0.5,C,11.663557628248,30.55950757498706,0.7864357208727376
15.0,0.5,C,11.673550966023,30.556396654491554,0.7864979392826478
15.0,0.5,C,11.683544303797,30.55323913134526,0.7865610897455735
15.0,0.5,C,11.693537641572,30.550034891032197,0.786625174551835
15.0,0.5,C,11.703530979347,30.546783817872956,0.7866901960150197
15.0,0.5,C,11.713524317122,30.543485794994147,0.7867561564725959
15.0,0.5,C,11.723517654897,30.540140704294593,0.786823058286587
15.0,0.5,C,11.733510992672,30.536748426413837,0.786890903844202
15.0,0.5,C,11.743504330446,30.533308840698115,0.7869596955585164
15.0,0.5,C,11.753497668221,30.52982182516222,0.7870294358692345
15.0,0.5,C,11.763491005996,30.526287256457323,0.7871001272433323
15.0,0.5,C,11.773484343771,30.52270500983015,0.7871717721758759
15.0,0.5,C,11.783477681546,30.519074959086943,0.78724437319074
15.0,0.5,C,11.79347101932,30.515396976554268,0.7873179328413934
15.0,0.5,C,11.803464357095,30.51167093303948,0.7873924537116892
15.0,0.5,C,11.81345769487,30.507896697790947,0.7874679384166601
15.0,0.5,C,11.823451032645,30.50407413845945,0.7875443896032899
15.0,0.5,C,11.83344437042,30.50020312105724,0.7876218099513341
15.0,0.5,C,11.843437708195,30.49628350991802,0.7877002021741184
15.0,0.5,C,11.853431045969,30.49231516765858,0.7877795690193072
15.0,0.5,C,11.863424383744,30.488297955135256,0.7878599132697737
15.0,0.5,C,11.873417721519,30.48423173140883,0.7879412377443021
15.0,0.5,C,11.883411059294,30.480116353703952,0.7880235452983997
15.0,0.5,C,11.893404397069,30.47595167736999,0.7881068388250789
15.0,0.5,C,11.903397734843,30.471737555845966,0.7881911212555595
15.0,0.5,C,11.913391072618,30.467473840619206,0.7882763955600947
15.0,0.5,C,11.923384410393,30.46316038119555,0.7883626647485679
15.0,0.5,C,11.933377748168,30.458797025059027,0.7884499318712983
15.0,0.5,C,11.943371085943,30.454383617641696,0.7885382000196448
15.0,0.5,C,11.953364423718,30.44992000228927,0.7886274723266935
15.0,0.5,C,11.963357761492,30.445406020231182,0.7887177519678551
15.0,0.5,C,11.973351099267,30.440841510548616,0.7888090421615066
15.0,0.5,C,11.983344437042,30.436226310148953,0.7889013461694998
15.0,0.5,C,11.993337774817,30.431560253737775,0.7889946672977233
15.0,0.5,C,12.003331112592,30.426843173793173,0.7890890088966155
15.0,0.5,C,12.013324450366,30.422074900542512,0.7891843743616287
15.0,0.5,C,12.023317788141,30.417255261940443,0.78928076713367
15.0,0.5,C,12.033311125916,30.412384083649656,0.7893781906994857
15.0,0.5,C,12.043304463691,30.407461189022452,0.7894766485920298
15.0,0.5,C,12.053297801466,30.402486399083067,0.7895761443908176
15.0,0.5,C,12.063291139241,30.397459532514585,0.7896766817221871
15.0,0.5,C,12.073284477015,30.392380405645962,0.7897782642595598
15.0,0.5,C,12.08327781479,30.387248832439123,0.7898808957236964
15.0,0.5,C,12.093271152565,30.382064624483743,0.7899845798828039
15.0,0.5,C,12.10326449034,30.37682759098701,0.7900893205527387
15.0,0.5,C,12.113257828115,30.371537538769672,0.7901951215970855
15.0,0.5,C,12.123251165889,30.36619427226309,0.7903019869272171
15.0,0.5,C,12.133244503664,30.360797593504547,0.7904099205023879
15.0,0.5,C,12.143237841439,30.355347302141464,0.7905189263296496
15.0,0.5,C,12.153231179214,30.349843195431156,0.7906290084638556
15.0,0.5,C,12.163224516989,30.344285068243636,0.7907401710076062
15.0,0.5,C,12.173217854763,30.33867271306788,0.7908524181111213
15.0,0.5,C,12.183211192538,30.333005920016195,0.790965753972155
15.0,0.5,C,12.193204530313,30.327284476834908,0.7910801828357806
15.0,0.5,C,12.203197868088,30.32150816891219,0.7911957089942351
15.0,0.5,C,12.213191205863,30.315676779288978,0.7913123367866993
15.0,0.5,C,12.223184543638,30.309790088669356,0.7914300705990918
15.0,0.5,C,12.233177881412,30.303847875435395,0.7915489148637709
15.0,0.5,C,12.243171219187,30.297849915658926,0.7916688740593003
15.0,0.5,C,12.253164556962,30.29179598311765,0.7917899527101258
15.0,0.5,C,12.263157894737,30.285685849310436,0.7919121553862701
15.0,0.5,C,12.273151232512,30.279519283471856,0.7920354867030417
15.0,0.5,C,12.283144570286,30.273296052591874,0.7921599513206414
15.0,0.5,C,12.293137908061,30.267015921426065,0.7922855539439574
15.0,0.5,C,12.303131245836,30.26067865252225,0.7924122993220338
15.0,0.5,C,12.313124583611,30.254284006230613,0.7925401922478666
15.0,0.5,C,12.323117921386,30.247831740723605,0.7926692375580068
15.0,0.5,C,12.333111259161,30.241321612013255,0.7927994401322138
15.0,0.5,C,12.343104596935,30.23475337396867,0.7929308048931055
15.0,0.5,C,12.35309793471,30.22812677832969,0.7930633368058851
15.0,0.5,C,12.363091272485,30.221441574728168,0.7931970408779154
15.0,0.5,C,12.37308461026,30.2146975107003,0.7933319221584729
15.0,0.5,C,12.383077948035,30.20789433170104,0.793467985738458
15.0,0.5,C,12.393071285809,30.201031781121255,0.7936052367500538
15.0,0.5,C,12.403064623584,30.194109600296034,0.7937436803665583
15.0,0.5,C,12.413057961359,30.187127528520865,0.7938833218020617
15.0,0.5,C,12.423051299134,30.180085303062263,0.7940241663112335
15.0,0.5,C,12.433044636909,30.172982659163967,0.7941662191891996
15.0,0.5,C,12.443037974684,30.16581933005864,0.794309485771306
15.0,0.5,C,12.453031312458,30.158595046972348,0.7944539714330318
15.0,0.5,C,12.463024650233,30.15130953912922,0.7945996815898946
15.0,0.5,C,12.473017988008,30.14396253375698,0.7947466216973392
15.0,0.5,C,12.483011325783,30.136553756086766,0.7948947972507435
15.0,0.5,C,12.493004663558,30.129082929353462,0.7950442137854097
15.0,0.5,C,12.502998001332,30.12154977479403,0.7951948768765982
15.0,0.5,C,12.512991339107,30.113954011640406,0.7953467921396706
15.0,0.5,C,12.522984676882,30.106295357117677,0.7954999652301253
15.0,0.5,C,12.532978014657,30.098573526433192,0.795654401843815
15.0,0.5,C,12.542971352432,30.09078823276599,0.7958101077171589
15.0,0.5,C,12.552964690207,30.08293918725608,0.7959670886273572
15.0,0.5,C,12.562958027981,30.07502609898898,0.7961253503926992
15.0,0.5,C,12.572951365756,30.067048674975688,0.7962848988729652
15.0,0.5,C,12.582944703531,30.059006620138632,0.7964457399697061
15.0,0.5,C,12.592938041306,30.050899637287866,0.7966078796267215
15.0,0.5,C,12.602931379081,30.042727427096896,0.796771323830541
15.0,0.5,C,12.612924716855,30.034489688079905,0.7969360786108807
15.0,0.5,C,12.62291805463,30.026186116557604,0.7971021500413267
15.0,0.5,C,12.632911392405,30.017816406635013,0.7972695442397785
15.0,0.5,C,12.64290473018,30.00938025016464,0.797438267369186
15.0,0.5,C,12.652898067955,30.000877336712968,0.7976083256382194
15.0,0.5,C,12.66289140573,29.99230735352529,0.797779725301973
15.0,0.5,C,12.672884743504,29.983669985487058,0.7979524726627376
15.0,0.5,C,12.682878081279,29.974964915081976,0.7981265740708393
15.0,0.5,C,12.692871419054,29.96619182235363,0.7983020359254063
15.0,0.5,C,12.702864756829,29.9573503848603,0.7984788646752727
15.0,0.5,C,12.712858094604,29.948440277628233,0.7986570668199142
15.0,0.5,C,12.722851432378,29.939461173109006,0.7988366489102987
15.0,0.5,C,12.732844770153,29.930412741124144,0.799017617549996
15.0,0.5,C,12.742838107928,29.921294648823487,0.7991999793960092
15.0,0.5,C,12.752831445703,29.91210656062942,0.7993837411598903
15.0,0.5,C,12.762824783478,29.902848138186155,0.7995689096087558
15.0,0.5,C,12.772818121253,29.89351904030659,0.7997554915663471
15.0,0.5,C,12.782811459027,29.88411892291881,0.7999434939141027
15.0,0.5,C,12.792804796802,29.874647439007546,0.800132923592328
15.0,0.5,C,12.802798134577,29.86510423856513,0.8003237876011763
15.0,0.5,C,12.812791472352,29.85548896853066,0.8005160930018657
15.0,0.5,C,12.822784810127,29.84580127273363,0.8007098469178062
15.0,0.5,C,12.832778147901,29.83604079184065,0.8009050565356659
15.0,0.5,C,12.842771485676,29.82620716329102,0.8011017291066584
15.0,0.5,C,12.852764823451,29.81630002124792,0.8012998719475204
15.0,0.5,C,12.862758161226,29.806318996535953,0.8014994924417599
15.0,0.5,C,12.872751499001,29.796263716585607,0.8017005980407668
15.0,0.5,C,12.882744836775,29.78613380537749,0.801903196264929
15.0,0.5,C,12.89273817455,29.77592888338114,0.802107294704856
15.0,0.5,C,12.902731512325,29.765648567506666,0.8023129010223456
15.0,0.5,C,12.9127248501,29.755292471044026,0.8025200229515984
15.0,0.5,C,12.922718187875,29.744860203609893,0.802728668300281
15.0,0.5,C,12.93271152565,29.734351371095077,0.8029388449505773
15.0,0.5,C,12.942704863424,29.723765575610997,0.8031505608602588
15.0,0.5,C,12.952698201199,29.71310241543496,0.8033638240637797
15.0,0.5,C,12.962691538974,29.702361484964754,0.8035786426731837
15.0,0.5,C,12.972684876749,29.69154237466656,0.8037950248791476
15.0,0.5,C,12.982678214524,29.68064467102658,0.8040129789519472
15.0,0.5,C,12.992671552298,29.669667956505155,0.8042325132423759
15.0,0.5,C,13.002664890073,29.658611809488303,0.8044536361827127
15.0,0.5,C,13.012658227848,29.64747580424813,0.8046763562875161
15.0,0.5,C,13.022651565623,29.636259510898768,0.8049006821545036
15.0,0.5,C,13.032644903398,29.62496249535413,0.8051266224653961
15.0,0.5,C,13.042638241173,29.613584319289277,0.8053541859866934
15.0,0.5,C,13.052631578947,29.602124540105265,0.8055833815703736
15.0,0.5,C,13.062624916722,29.59058271088643,0.8058142181547502
15.0,0.5,C,13.072618254497,29.57895838037412,0.8060467047649964
15.0,0.5,C,13.082611592272,29.567251092928885,0.806280850513901
15.0,0.5,C,13.092604930047,29.555460388501107,0.8065166646024566
15.0,0.5,C,13.102598267821,29.543585802602525,0.8067541563204285
15.0,0.5,C,13.112591605596,29.53162686627262,0.8069933350470263
15.0,0.5,C,13.122584943371,29.519583106061244,0.807234210251254
15.0,0.5,C,13.132578281146,29.507454043998095,0.8074767914925168
15.0,0.5,C,13.142571618921,29.495239197570694,0.8077210884210648
15.0,0.5,C,13.152564956696,29.482938079703306,0.8079671107784128
15.0,0.5,C,13.16255829447,29.470550198737737,0.8082148683977242
15.0,0.5,C,13.172551632245,29.458075058408564,0.8084643712043076
15.0,0.5,C,13.18254497002,29.445512157834425,0.8087156292157903
15.0,0.5,C,13.192538307795,29.43286099149477,0.8089686525425835
15.0,0.5,C,13.20253164557,29.42012104921728,0.8092234513881333
15.0,0.5,C,13.212524983344,29.407291816163177,0.8094800360492153
15.0,0.5,C,13.222518321119,29.394372772810403,0.8097384169162709
15.0,0.5,C,13.232511658894,29.381363394946767,0.8099986044735435
15.0,0.5,C,13.242504996669,29.368263153653707,0.8102606092994047
15.0,0.5,C,13.252498334444,29.355071515296757,0.8105244420665436
15.0,0.5,C,13.262491672219,29.341787941512383,0.8107901135422311
15.0,0.5,C,13.272485009993,29.32841188920151,0.8110576345884486
15.0,0.5,C,13.282478347768,29.314942810511468,0.8113270161622496
15.0,0.5,C,13.292471685543,29.30138015283461,0.8115982693157867
15.0,0.5,C,13.302465023318,29.287723358792313,0.8118714051966325
15.0,0.5,C,13.312458361093,29.273971866225576,0.8121464350479674
15.0,0.5,C,13.322451698867,29.260125108185857,0.8124233702087617
15.0,0.5,C,13.332445036642,29.246182512917862,0.8127022221141216
15.0,0.5,C,13.342438374417,29.232143503856058,0.8129830022953578
15.0,0.5,C,13.352431712192,29.218007499605942,0.81326572238036
15.0,0.5,C,13.362425049967,29.20377391393262,0.8135503940938266
15.0,0.5,C,13.372418387742,29.189442155745315,0.8138370292575725
15.0,0.5,C,13.382411725516,29.175011629083528,0.8141256397908083
15.0,0.5,C,13.392405063291,29.16048173309486,0.8144162377105817
15.0,0.5,C,13.402398401066,29.14585186202468,0.8147088351319852
15.0,0.5,C,13.412391738841,29.131121405190175,0.8150034442686754
15.0,0.5,C,13.422385076616,29.11628974696059,0.8153000774332669
15.0,0.5,C,13.43237841439,29.101356266735923,0.8155987470377605
15.0,0.5,C,13.442371752165,29.08632033891502,0.8158994655941785
15.0,0.5,C,13.45236508994,29.071181332877508,0.8162022457149287
15.0,0.5,C,13.462358427715,29.05593861294951,0.8165071001134885
15.0,0.5,C,13.47235176549,29.0405915383718,0.8168140416050429
15.0,0.5,C,13.482345103264,29.02513946326969,0.817123083107085
15.0,0.5,C,13.492338441039,29.00958173660911,0.8174342376402965
15.0,0.5,C,13.502331778814,28.99391770216893,0.8177475183291002
15.0,0.5,C,13.512325116589,28.978146698491347,0.8180629384026519
15.0,0.5,C,13.522318454364,28.962268058842614,0.8183805111956266
15.0,0.5,C,13.532311792139,28.946281111164776,0.8187002501491834
15.0,0.5,C,13.542305129913,28.93018517802854,0.819022168811908
15.0,0.5,C,13.552298467688,28.91397957657579,0.819346280840963
15.0,0.5,C,13.562291805463,28.897663618473782,0.8196726000030031
15.0,0.5,C,13.572285143238,28.88123660985149,0.8200011401754489
15.0,0.5,C,13.582278481013,28.864697851241917,0.8203319153476404
15.0,0.5,C,13.592271818787,28.84804663751978,0.8206649396220834
15.0,0.5,C,13.602265156562,28.83128225782826,0.8210002272159136
15.0,0.5,C,13.612258494337,28.814403995522245,0.821337792462034
15.0,0.5,C,13.622251832112,28.79741112808835,0.8216776498107118
15.0,0.5,C,13.632245169887,28.780302927072043,0.8220198138310381
15.0,0.5,C,13.642238507662,28.763078658002076,0.8223642992124371
15.0,0.5,C,13.652231845436,28.745737580309797,0.822711120766283
15.0,0.5,C,13.662225183211,28.72827894724193,0.8230602934276401
15.0,0.5,C,13.672218520986,28.71070200578298,0.8234118322568194
15.0,0.5,C,13.682211858761,28.693005996563258,0.8237657524412137
15.0,0.5,C,13.692205196536,28.67519015376688,0.8241220692971414
15.0,0.5,C,13.70219853431,28.657253705043047,0.8244807982716179
15.0,0.5,C,13.712191872085,28.639195871401043,0.824841954944458
15.0,0.5,C,13.72218520986,28.62101586712563,0.8252055550299662
15.0,0.5,C,13.732178547635,28.602712899667832,0.8255716143791223
15.0,0.5,C,13.74217188541,28.584286169545095,0.8259401489815769
15.0,0.5,C,13.752165223185,28.565734870236874,0.8263111749677412
15.0,0.5,C,13.762158560959,28.54705818808124,0.826684708610854
15.0,0.5,C,13.772151898734,28.528255302157184,0.8270607663293352
15.0,0.5,C,13.782145236509,28.509325384187946,0.8274393646887199
15.0,0.5,C,13.792138574284,28.49026759842077,0.8278205204040634
15.0,0.5,C,13.802131912059,28.471081101515967,0.8282042503421594
15.0,0.5,C,13.812125249833,28.4517650424355,0.8285905715237688
15.0,0.5,C,13.822118587608,28.432318562316922,0.8289795011261403
15.0,0.5,C,13.832111925383,28.412740794370222,0.8293710564850744
15.0,0.5,C,13.842105263158,28.393030863751832,0.8297652550974421
15.0,0.5,C,13.852098600933,28.373187887445745,0.8301621146235638
15.0,0.5,C,13.862091938708,28.35321097414609,0.8305616528895572
15.0,0.5,C,13.872085276482,28.333099224136582,0.8309638878897472
15.0,0.5,C,13.882078614257,28.31285172916229,0.8313688377892332
15.0,0.5,C,13.892071952032,28.292467572319083,0.8317765209260972
15.0,0.5,C,13.902065289807,28.2719458279254,0.8321869558139708
15.0,0.5,C,13.912058627582,28.251285561399143,0.832600161144496
15.0,0.5,C,13.922051965356,28.230485829138853,0.8330161557897018
15.0,0.5,C,13.932045303131,28.20954567839225,0.8334349588046339
15.0,0.5,C,13.942038640906,28.188464147145925,0.8338565894295604
15.0,0.5,C,13.952031978681,28.167240263993364,0.8342810670926116
15.0,0.5,C,13.962025316456,28.145873048016874,0.8347084114121415
15.0,0.5,C,13.972018654231,28.124361508662062,0.8351386421992377
15.0,0.5,C,13.982011992005,28.102704645620147,0.8355717794600759
15.0,0.5,C,13.99200532978,28.080901448696785,0.8360078433985431
15.0,0.5,C,14.001998667555,28.058950897703454,0.8364468544184098
15.0,0.5,C,14.01199200533,28.03685196232846,0.8368888331259098
15.0,0.5,C,14.021985343105,28.014603602017736,0.837333800332124
15.0,0.5,C,14.031978680879,27.9922047658582,0.8377817770553149
15.0,0.5,C,14.041972018654,27.969654392447563,0.8382327845235276
15.0,0.5,C,14.051965356429,27.946951409791023,0.8386868441766585
15.0,0.5,C,14.061958694204,27.924094735172723,0.8391439776690244
15.0,0.5,C,14.071952031979,27.9010832750386,0.8396042068717068
15.0,0.5,C,14.081945369754,27.87791592488222,0.8400675538748346
15.0,0.5,C,14.091938707528,27.854591569127052,0.8405340409899379
15.0,0.5,C,14.101932045303,27.83110908100272,0.8410036907524244
15.0,0.5,C,14.111925383078,27.807467322441376,0.8414765259236514
15.0,0.5,C,14.121918720853,27.783665143953844,0.8419525694934019
15.0,0.5,C,14.131912058628,27.759701384515665,0.8424318446821655
15.0,0.5,C,14.141905396402,27.735574871454403,0.8429143749433907
15.0,0.5,C,14.151898734177,27.71128442032413,0.8434001839659964
15.0,0.5,C,14.161892071952,27.686828834807248,0.8438892956763339
15.0,0.5,C,14.171885409727,27.662206906585762,0.8443817342407636
15.0,0.5,C,14.181878747502,27.63741741523271,0.8448775240678247
15.0,0.5,C,14.191872085276,27.61245912809519,0.8453766898105749
15.0,0.5,C,14.201865423051,27.587330800170953,0.8458792563690599
15.0,0.5,C,14.211858760826,27.562031174006087,0.8463852488923571
15.0,0.5,C,14.221852098601,27.53655897956697,0.8468946927811394
15.0,0.5,C,14.231845436376,27.510912934126143,0.847407613689956
15.0,0.5,C,14.241838774151,27.485091742143226,0.8479240375296144
15.0,0.5,C,14.251832111925,27.459094095146394,0.8484439904695509
15.0,0.5,C,14.2618254497,27.43291867160158,0.8489674989404472
15.0,0.5,C,14.271818787475,27.40656413680586,0.8494945896363617
15.0,0.5,C,14.28181212525,27.38002914275047,0.8500252895174696
15.0,0.5,C,14.291805463025,27.353312328000616,0.8505596258124665
15.0,0.5,C,14.301798800799,27.32641231756724,0.851097626021134
15.0,0.5,C,14.311792138574,27.29932772276729,0.8516393179171331
15.0,0.5,C,14.321785476349,27.27205714110751,0.8521847295503285
15.0,0.5,C,14.331778814124,27.244599156137877,0.8527338892497214
15.0,0.5,C,14.341772151899,27.21695233731686,0.8532868256261418
15.0,0.5,C,14.351765489674,27.18911523987112,0.8538435675750564
15.0,0.5,C,14.361758827448,27.161086404654355,0.8544041442793918
15.0,0.5,C,14.371752165223,27.13286435798856,0.8549685852127077
15.0,0.5,C,14.381745502998,27.10444761153073,0.8555369201418642
15.0,0.5,C,14.391738840773,27.075834662107667,0.8561091791303256
15.0,0.5,C,14.401732178548,27.04702399156039,0.856685392541271
15.0,0.5,C,14.411725516322,27.018014066584737,0.8572655910407841
15.0,0.5,C,14.421718854097,26.988803338554046,0.857849805601398
15.0,0.5,C,14.431712191872,26.959390243365778,0.8584380675051634
15.0,0.5,C,14.441705529647,26.929773201253433,0.8590304083474101
15.0,0.5,C,14.451698867422,26.899950616610447,0.8596268600402699
15.0,0.5,C,14.461692205197,26.869920877805388,0.8602274548163711
15.0,0.5,C,14.471685542971,26.839682356992984,0.8608322252326193
15.0,0.5,C,14.481678880746,26.809233409908828,0.8614412041743023
15.0,0.5,C,14.491672218521,26.778572375684217,0.8620544248587945
15.0,0.5,C,14.501665556296,26.74769757662957,0.8626719208398876
15.0,0.5,C,14.511658894071,26.716607318023172,0.8632937260120153
15.0,0.5,C,14.521652231845,26.685299887897514,0.8639198746145285
15.0,0.5,C,14.53164556962,26.65377355680214,0.8645504012364361
15.0,0.5,C,14.541638907395,26.622026577591175,0.8651853408206553
15.0,0.5,C,14.55163224517,26.59005718517521,0.8658247286689748
15.0,0.5,C,14.561625582945,26.557863596280185,0.8664686004468751
15.0,0.5,C,14.57161892072,26.525444009197763,0.8671169921885236
15.0,0.5,C,14.581612258494,26.49279660353384,0.8677699403018021
15.0,0.5,C,14.591605596269,26.459919539929317,0.8684274815738925
15.0,0.5,C,14.601598934044,26.42681095981275,0.8690896531762239
15.0,0.5,C,14.611592271819,26.393468985108747,0.8697564926703039
15.0,0.5,C,14.621585609594,26.359891717957844,0.870428038013322
15.0,0.5,C,14.631578947368,26.326077240428983,0.8711043275638991
15.0,0.5,C,14.641572285143,26.29202361420738,0.8717854000883313
15.0,0.5,C,14.651565622918,26.25772888031043,0.8724712947662703
15.0,0.5,C,14.661558960693,26.223191058760932,0.8731620511972602
15.0,0.5,C,14.671552298468,26.188408148270767,0.8738577094070635
15.0,0.5,C,14.681545636243,26.15337812591461,0.8745583098541867
15.0,0.5,C,14.691538974017,26.11809894679645,0.8752638934365499
15.0,0.5,C,14.701532311792,26.082568543697175,0.8759745014985354
15.0,0.5,C,14.711525649567,26.046784826742698,0.876690175837625
15.0,0.5,C,14.721518987342,26.010745683034976,0.8774109587117792
15.0,0.5,C,14.731512325117,25.974448976290613,0.8781368928466666
15.0,0.5,C,14.741505662891,25.93789254647248,0.8788680214430291
15.0,0.5,C,14.751499000666,25.90107420939507,0.8796043881845775
15.0,0.5,C,14.761492338441,25.863991756360768,0.8803460372452635
15.0,0.5,C,14.771485676216,25.826642953749015,0.8810930132974985
15.0,0.5,C,14.781479013991,25.78902554261896,0.8818453615200996
15.0,0.5,C,14.791472351765,25.75113723830147,0.8826031276064494
15.0,0.5,C,14.80146568954,25.712975729969642,0.883366357773086
15.0,0.5,C,14.811459027315,25.674538680233045,0.8841350987678178
15.0,0.5,C,14.82145236509,25.63582372469207,0.8849093978786373
15.0,0.5,C,14.831445702865,25.596828471500523,0.8856893029424684
15.0,0.5,C,14.84143904064,25.557550500917067,0.8864748623541375
15.0,0.5,C,14.851432378414,25.517987364852853,0.8872661250754218
15.0,0.5,C,14.861425716189,25.478136586393845,0.8880631406446019
15.0,0.5,C,14.871419053964,25.437995659351415,0.8888659591854506
15.0,0.5,C,14.881412391739,25.397562047766357,0.8896746314171518
15.0,0.5,C,14.891405729514,25.35683318542793,0.8904892086639202
15.0,0.5,C,14.901399067288,25.315806475380814,0.8913097428648625
15.0,0.5,C,14.911392405063,25.274479289405402,0.8921362865843708
15.0,0.5,C,14.921385742838,25.23284896753174,0.892968893021844
15.0,0.5,C,14.931379080613,25.190912817502358,0.8938076160224318
15.0,0.5,C,14.941372418388,25.148668114248817,0.8946525100875026
15.0,0.5,C,14.951365756163,25.106112099354682,0.8955036303853853
15.0,0.5,C,14.961359093937,25.06324198051616,0.8963610327621557
15.0,0.5,C,14.971352431712,25.020054930968392,0.897224773753111
15.0,0.5,C,14.981345769487,24.976548088950878,0.8980949105934614
15.0,0.5,C,14.991339107262,24.93271855711726,0.8989715012301336
15.0,0.5,C,15.001332445037,24.888563401959193,0.899854604333295
15.0,0.5,C,15.011325782811,24.844079653220234,0.9007442793080742
15.0,0.5,C,15.021319120586,24.79926430327707,0.9016405863069374
15.0,0.5,C,15.031312458361,24.754114306557817,0.9025435862413226
15.0,0.5,C,15.041305796136,24.708626578903598,0.903453340794407
15.0,0.5,C,15.051299133911,24.662797996941947,0.90436991243364
15.0,0.5,C,15.061292471686,24.616625397445993,0.9052933644235589
15.0,0.5,C,15.07128580946,24.570105576687283,0.9062237608387332
15.0,0.5,C,15.081279147235,24.523235289753707,0.9071611665774045
15.0,0.5,C,15.09127248501,24.476011249901525,0.9081056473744483
15.0,0.5,C,15.101265822785,24.428430127851126,0.9090572698154563
15.0,0.5,C,15.11125916056,24.380488551090682,0.9100161013506654
15.0,0.5,C,15.121252498334,24.332183103169335,0.9109822103090921
15.0,0.5,C,15.131245836109,24.28351032295134,0.911955665913452
15.0,0.5,C,15.141239173884,24.234466703907152,0.9129365382943357
15.0,0.5,C,15.151232511659,24.185048693338896,0.9139248985057009
15.0,0.5,C,15.161225849434,24.135252691618852,0.9149208185401018
15.0,0.5,C,15.171219187209,24.08507505140301,0.9159243713444186
15.0,0.5,C,15.181212524983,24.03451207683946,0.9169356308356897
15.0,0.5,C,15.191205862758,23.983560022730455,0.9179546719178697
15.0,0.5,C,15.201199200533,23.932215093731752,0.9189815704978439
15.0,0.5,C,15.211192538308,23.880473443480387,0.9200164035028711
15.0,0.5,C,15.221185876083,23.82833117373143,0.9210592488978504
15.0,0.5,C,15.231179213857,23.77578433347701,0.9221101857029388
15.0,0.5,C,15.241172551632,23.72282891801654,0.9231692940121481
15.0,0.5,C,15.251165889407,23.669460868060533,0.9242366550112683
15.0,0.5,C,15.261159227182,23.61567606876156,0.9253123509972477
15.0,0.5,C,15.271152564957,23.561470348748596,0.9263964653975068
15.0,0.5,C,15.281145902732,23.50683947913304,0.927489082789818
15.0,0.5,C,15.291139240506,23.451779172497258,0.9285902889225336
15.0,0.5,C,15.301132578281,23.39628508183067,0.9297001707358655
15.0,0.5,C,15.311125916056,23.34035279949649,0.930818816382549
15.0,0.5,C,15.321119253831,23.28397785611411,0.9319463152501968
15.0,0.5,C,15.331112591606,23.22715571944679,0.933082757983543
15.0,0.5,C,15.34110592938,23.169881793256536,0.9342282365073482
15.0,0.5,C,15.351099267155,23.11215141610209,0.9353828440504369
15.0,0.5,C,15.36109260493,23.053959860165975,0.9365466751691592
15.0,0.5,C,15.371085942705,22.995302329990626,0.9377198257726662
15.0,0.5,C,15.38107928048,22.936173961210837,0.9389023931482622
15.0,0.5,C,15.391072618255,22.87656981924712,0.9400944759875365
15.0,0.5,C,15.401065956029,22.816484897969673,0.9412961744130856
15.0,0.5,C,15.411059293804,22.755914118296268,0.9425075900065536
15.0,0.5,C,15.421052631579,22.694852326813674,0.9437288258362054
15.0,0.5,C,15.431045969354,22.633294294296405,0.9449599864865509
15.0,0.5,C,15.441039307129,22.57123471422106,0.9462011780880577
15.0,0.5,C,15.451032644903,22.508668201234386,0.9474525083477912
15.0,0.5,C,15.461025982678,22.44558928954882,0.9487140865815026
15.0,0.5,C,15.471019320453,22.381992431357396,0.9499860237453309
15.0,0.5,C,15.481012658228,22.317871995136194,0.9512684324697549
15.0,0.5,C,15.491005996003,22.25322226393481,0.9525614270937828
15.0,0.5,C,15.500999333777,22.18803743361511,0.9538651237001767
15.0,0.5,C,15.510992671552,22.1223116110065,0.9551796401523489
15.0,0.5,C,15.520986009327,22.056038812073673,0.9565050961310054
15.0,0.5,C,15.530979347102,21.9892129599665,0.9578416131731488
15.0,0.5,C,15.540972684877,21.921827883042347,0.9591893147116319
15.0,0.5,C,15.550966022652,21.853877312827226,0.9605483261159342
15.0,0.5,C,15.560959360426,21.785354881919474,0.9619187747340894
15.0,0.5,C,15.570952698201,21.716254121802063,0.9633007899364378
15.0,0.5,C,15.580946035976,21.646568460652098,0.964694503159437
15.0,0.5,C,15.590939373751,21.576291221019925,0.9661000479520805
15.0,0.5,C,15.600932711526,21.50541561747173,0.9675175600230443
15.0,0.5,C,15.6109260493,21.433934754159672,0.9689471772892854
15.0,0.5,C,15.620919387075,21.361841622284132,0.9703890399267963
15.0,0.5,C,15.63091272485,21.2891290975484,0.9718432904215109
15.0,0.5,C,15.640906062625,21.215789937464077,0.9733100736231972
15.0,0.5,C,15.6508994004,21.14181677861044,0.97478953680027
15.0,0.5,C,15.660892738175,21.06720213379823,0.9762818296965143
15.0,0.5,C,15.670886075949,20.99193838915646,0.9777871045893498
15.0,0.5,C,15.680879413724,20.916017801087857,0.9793055163507216
15.0,0.5,C,15.690872751499,20.83943249320503,0.9808372225083782
15.0,0.5,C,15.700866089274,20.762174453093216,0.9823823833106146
15.0,0.5,C,15.710859427049,20.684235529010202,0.9839411617922746
15.0,0.5,C,15.720852764823,20.605607426476777,0.9855137238429434
15.0,0.5,C,15.730846102598,20.526281704722415,0.9871002382780306
15.0,0.5,C,15.740839440373,20.446249773094163,0.9887008769105957
15.0,0.5,C,15.750832778148,20.36550288726663,0.9903158146271462
15.0,0.5,C,15.760826115923,20.28403214537211,0.9919452294650367
15.0,0.5,C,15.770819453698,20.201828483992287,0.993589302692633
15.0,0.5,C,15.780812791472,20.118882674026406,0.9952482188919507
15.0,0.5,C,15.790806129247,20.03518531637997,0.9969221660448795
15.0,0.5,C,15.800799467022,19.95072683759413,0.9986113356205963
15.0,0.5,C,15.810792804797,19.865497485239924,1.0003159226676803
15.0,0.5,C,15.820786142572,19.77948732320152,1.0020361259084485
15.0,0.5,C,15.830779480346,19.692686226796436,1.0037721478365502
15.0,0.5,C,15.840772818121,19.605083877683104,1.0055241948188167
15.0,0.5,C,15.850766155896,19.516669758681335,1.0072924771988523
15.0,0.5,C,15.860759493671,19.427433148319444,1.00907720940609
15.0,0.5,C,15.870752831446,19.337363115238105,1.0108786100677167
15.0,0.5,C,15.880746169221,19.246448512381452,1.0126969021248498
15.0,0.5,C,15.890739506995,19.154677970989777,1.0145323129526833
15.0,0.5,C,15.90073284477,19.062039894332376,1.0163850744858314
15.0,0.5,C,15.910726182545,18.968522451297407,1.0182554233465309
15.0,0.5,C,15.92071952032,18.874113569659297,1.020143600979293
15.0,0.5,C,15.930712858095,18.77880092913798,1.0220498537897194
15.0,0.5,C,15.940706195869,18.682571954199858,1.023974433288482
15.0,0.5,C,15.950699533644,18.585413806538767,1.0259175962417035
15.0,0.5,C,15.960692871419,18.487313377362362,1.0278796048252317
15.0,0.5,C,15.970686209194,18.38825727928963,1.0298607267866864
15.0,0.5,C,15.980679546969,18.28823183797778,1.0318612356129233
15.0,0.5,C,15.990672884744,18.187223083408334,1.0338814107043122
15.0,0.5,C,16.000666222518,18.085216740840412,1.0359215375556707
15.0,0.5,C,16.010659560293,17.982198221348703,1.0379819079455046
15.0,0.5,C,16.020652898068,17.878152612078708,1.0400628201309048
15.0,0.5,C,16.030646235843,17.773064666000767,1.0421645790524636
15.0,0.5,C,16.040639573618,17.666918791291067,1.0442874965466575
15.0,0.5,C,16.050632911392,17.559699040267866,1.0464318915671214
15.0,0.5,C,16.060626249167,17.451389097806267,1.0485980904163534
15.0,0.5,C,16.070619586942,17.34197226936357,1.0507864269852074
15.0,0.5,C,16.080612924717,17.231431468380727,1.0529972430048642
15.0,0.5,C,16.090606262492,17.11974920318384,1.0552308883088022
15.0,0.5,C,16.100599600266,17.006907563309298,1.057487721106293
15.0,0.5,C,16.110592938041,16.892888205156666,1.0597681082693455
15.0,0.5,C,16.120586275816,16.777672337108925,1.0620724256303005
15.0,0.5,C,16.130579613591,16.661240703855466,1.0644010582953696
15.0,0.5,C,16.140572951366,16.543573570045293,1.0667544009715728
15.0,0.5,C,16.150566289141,16.42465070316103,1.0691328583092583
15.0,0.5,C,16.160559626915,16.304451355594402,1.071536845260591
15.0,0.5,C,16.17055296469,16.18295424579759,1.073966787456527
15.0,0.5,C,16.180546302465,16.06013753864051,1.0764231215996687
15.0,0.5,C,16.19053964024,15.935978824676521,1.0789062958789484
15.0,0.5,C,16.200532978015,15.810455098437547,1.0814167704037279
15.0,0.5,C,16.210526315789,15.6835427356312,1.083955017659855
15.0,0.5,C,16.220519653564,15.555217469108806,1.086521522990303
15.0,0.5,C,16.230512991339,15.42545436371559,1.0891167850981671
15.0,0.5,C,16.240506329114,15.294227789691893,1.091741316578641
15.0,0.5,C,16.250499666889,15.161511394721176,1.0943956444780554
15.0,0.5,C,16.260493004664,15.027278074462295,1.097080310883233
15.0,0.5,C,16.270486342438,14.89149994147985,1.0997958735428819
15.0,0.5,C,16.280479680213,14.754148292388049,1.1025429065247179
15.0,0.5,C,16.290473017988,14.615193573284737,1.1053220009067841
15.0,0.5,C,16.300466355763,14.474605343075607,1.1081337655109667
15.0,0.5,C,16.310459693538,14.332352234751808,1.1109788276774426
15.0,0.5,C,16.320453031312,14.188401914395214,1.1138578340845746
15.0,0.5,C,16.330446369087,14.042721037669294,1.116771451619093
15.0,0.5,C,16.340439706862,13.895275203837672,1.1197203682957255
15.0,0.5,C,16.350433044637,13.746028906804499,1.1227052942363889
15.0,0.5,C,16.360426382412,13.59494548319362,1.1257269627086064
15.0,0.5,C,16.370419720187,13.441987057121121,1.1287861312300564
15.0,0.5,C,16.380413057961,13.28711448144464,1.1318835827435862
15.0,0.5,C,16.390406395736,13.130287275097746,1.135020126870524
15.0,0.5,C,16.400399733511,12.971463556428258,1.1381966012439138
15.0,0.5,C,16.410393071286,12.810599971884024,1.1414138729347985
15.0,0.5,C,16.420386409061,12.647651619892017,1.1446728399746384
15.0,0.5,C,16.430379746835,12.482571969430285,1.1479744329838732
15.0,0.5,C,16.44037308461,12.315312772740604,1.151319616917667
15.0,0.5,C,16.450366422385,12.145823971910366,1.1547093929342716
15.0,0.5,C,16.46035976016,11.974053598417612,1.1581448004041266
15.0,0.5,C,16.470353097935,11.799947665244124,1.1616269190675965
15.0,0.5,C,16.48034643571,11.623450050744015,1.1651568713575986
15.0,0.5,C,16.490339773484,11.444502373508774,1.1687358249023032
15.0,0.5,C,16.500333111259,11.263043857225783,1.1723649952279633
15.0,0.5,C,16.510326449034,11.079011184805843,1.176045648676362
15.0,0.5,C,16.520319786809,10.892338340294696,1.179779105566585
15.0,0.5,C,16.530313124584,10.702956437584236,1.1835667436207942
15.0,0.5,C,16.540306462358,10.510793534400056,1.1874100016844777
15.0,0.5,C,16.550299800133,10.31577442986853,1.1913103837751082
15.0,0.5,C,16.560293137908,10.117820444116127,1.1952694634901564
15.0,0.5,C,16.570286475683,9.916849177449977,1.1992888888234794
15.0,0.5,C,16.580279813458,9.712774247032225,1.2033703874318344
15.0,0.5,C,16.590273151233,9.50550499822801,1.2075157724079186
15.0,0.5,C,16.600266489007,9.294946187564406,1.2117269486211908
15.0,0.5,C,16.610259826782,9.080997633595846,1.216005919700562
15.0,0.5,C,16.620253164557,8.86355383186856,1.2203547957351077
15.0,0.5,C,16.630246502332,8.642503528779335,1.2247758017968922
15.0,0.5,C,16.640239840107,8.417729249086534,1.229271287390748
15.0,0.5,C,16.650233177881,8.189106770473852,1.2338437369630018
15.0,0.5,C,16.660226515656,7.956504537443678,1.2384957816236053
15.0,0.5,C,16.670219853431,7.719783005919099,1.243230212254097
15.0,0.5,C,16.680213191206,7.4787939075045164,1.2480499942223886
15.0,0.5,C,16.690206528981,7.23337942114344,1.2529582839496103
15.0,0.5,C,16.700199866756,6.983371236999841,1.257958447632482
15.0,0.5,C,16.71019320453,6.728589494533004,1.2630540824818188
15.0,0.5,C,16.720186542305,6.468841572785981,1.2682490409167593
15.0,0.5,C,16.73017988008,6.203920706739235,1.2735474582376942
15.0,0.5,C,16.740173217855,5.93360439675856,1.2789537844373076
15.0,0.5,C,16.75016655563,5.65765257152555,1.284472820941968
15.0,0.5,C,16.760159893404,5.375805454684721,1.2901097632787846
15.0,0.5,C,16.770153231179,5.087781072939094,1.295870250913697
15.0,0.5,C,16.780146568954,4.793272327589912,1.3017604258206805
15.0,0.5,C,16.790139906729,4.491943529014379,1.3077870017921913
15.0,0.5,C,16.800133244504,4.1834262658345605,1.3139573470557875
15.0,0.5,C,16.810126582278,3.8673144411108256,1.3202795835502623
15.0,0.5,C,16.820119920053,3.5431582546264697,1.3267627072799497
15.0,0.5,C,16.830113257828,3.2104568368545863,1.333416735635387
15.0,0.5,C,16.840106595603,2.868649134249076,1.3402528896874975
15.0,0.5,C,16.850099933378,2.5171024955252785,1.3472838224619734
15.0,0.5,C,16.860093271153,2.155098185777524,1.3545239086569283
15.0,0.5,C,16.870086608927,1.7818127212220902,1.361989617948037
15.0,0.5,C,16.880079946702,1.3962934009213432,1.369700004354052
15.0,0.5,C,16.890073284477,0.9974255919009616,1.3776773605344599
15.0,0.5,C,16.900066622252,0.5838879729538922,1.385948112913401
15.0,0.5,C,16.910059960027,0.15408963472275536,1.3945440796780237
15.0,0.5,C,16.920053297801,-0.2939212038484259,1.4035042964494475
15.0,0.5,C,16.930046635576,-0.7625949366802754,1.4128777711060845
15.0,0.5,C,16.940039973351,-1.2550987182110893,1.4227278467367006
15.0,0.5,C,16.950033311126,-1.775683996790837,1.4331395523082955
15.0,0.5,C,16.960026648901,-2.3303587339809875,1.4442330470520988
15.0,0.5,C,16.970019986676,-2.9282670285623222,1.4561912129437253
15.0,0.5,C,16.98001332445,-3.5850655033422356,1.4693271824393237
15.0,0.5,C,16.990006662225,-4.334245569453684,1.4843107837615526
15.0,0.5,C,17.0,-5.323411034786166,1.504094093068202
15.0,0.5,Pd,17.0,-5.323411034786166,-2.4340397728412904
15.0,0.5,Pd,17.005,-5.8874401553516025,-2.4058383168130186
15.0,0.5,Pd,17.01,-6.308684602552592,-2.384776094452969
15.0,0.5,Pd,17.015,-6.700042927963005,-2.3652081781824483
15.0,0.5,Pd,17.02,-7.0487379428209,-2.3477734274395536
15.0,0.5,Pd,17.025,-7.383498373918675,-2.331035405884665
15.0,0.5,Pd,17.03,-7.692982415696266,-2.3155612037957853
15.0,0.5,Pd,17.035,-7.993264169129464,-2.3005471161241258
15.0,0.5,Pd,17.04,-8.275673832442122,-2.286426632958493
15.0,0.5,Pd,17.045,-8.551181631847703,-2.2726512429882133
15.0,0.5,Pd,17.05,-8.812940467025195,-2.259563301229339
15.0,0.5,Pd,17.055,-9.069154698091081,-2.2467525896760447
15.0,0.5,Pd,17.06,-9.314256900789982,-2.2344974795411
15.0,0.5,Pd,17.065,-9.554705567541433,-2.222475046203527
15.0,0.5,Pd,17.07,-9.785879380421816,-2.2109163555595077
15.0,0.5,Pd,17.075,-10.013025839902026,-2.1995590325854972
15.0,0.5,Pd,17.08,-10.232254433687494,-2.188597602896224
15.0,0.5,Pd,17.085,-10.44791694030199,-2.1778144775654993
15.0,0.5,Pd,17.09,-10.656707385168534,-2.1673749553221717
15.0,0.5,Pd,17.095,-10.862283469852029,-2.157096151087997
15.0,0.5,Pd,17.1,-11.061819902213628,-2.147119329469917
15.0,0.5,Pd,17.105,-11.258417362220097,-2.137289456469594
15.0,0.5,Pd,17.11,-11.44965470165522,-2.1277275894978374
15.0,0.5,Pd,17.115,-11.638173255824181,-2.1183016617893893
15.0,0.5,Pd,17.12,-11.821897800726695,-2.1091154345442638
15.0,0.5,Pd,17.125,-12.003082659052088,-2.1000561916279943
15.0,0.5,Pd,17.13,-12.179953022361733,-2.091212673462512
15.0,0.5,Pd,17.135,-12.35443149977742,-2.0824887495917275
15.0,0.5,Pd,17.14,-12.525007268639014,-2.073959961148648
15.0,0.5,Pd,17.145,-12.693314665401898,-2.0655445913105037
15.0,0.5,Pd,17.15,-12.858077070535701,-2.057306471053814
15.0,0.5,Pd,17.155,-13.020675487006132,-2.049176550230292
15.0,0.5,Pd,17.16,-13.180042687877984,-2.0412081901866994
15.0,0.5,Pd,17.165,-13.33733503273251,-2.033343572943973
15.0,0.5,Pd,17.17,-13.491673666339217,-2.0256266412636377
15.0,0.5,Pd,17.175,-13.64401430208308,-2.0180096094764446
15.0,0.5,Pd,17.18,-13.793648372468441,-2.0105279059571766
15.0,0.5,Pd,17.185,-13.941351350808821,-2.0031427570401577
15.0,0.5,Pd,17.19,-14.08656918387457,-1.9958818653868702
15.0,0.5,Pd,17.195,-14.229914716879877,-1.9887145887366047
15.0,0.5,Pd,17.2,-14.370974480235832,-1.981661600568807
15.0,0.5,Pd,17.205,-14.510214095919792,-1.974699619784609
15.0,0.5,Pd,17.21,-14.64734823611795,-1.9678429127747012
15.0,0.5,Pd,17.215,-14.782708936724788,-1.9610748777443594
15.0,0.5,Pd,17.22,-14.916127787192831,-1.954403935220957
15.0,0.5,Pd,17.225,-15.04781544027305,-1.9478195525669464
15.0,0.5,Pd,17.23,-15.177710185273396,-1.9413248153169287
15.0,0.5,Pd,17.235,-15.305912316712787,-1.9349147087449594
15.0,0.5,Pd,17.24,-15.432457449040804,-1.9285874521285586
15.0,0.5,Pd,17.245,-15.557345564318346,-1.9223430463646816
15.0,0.5,Pd,17.25,-15.68070094054637,-1.91617527755328
15.0,0.5,Pd,17.255,-15.802432469774999,-1.9100887010918486
15.0,0.5,Pd,17.26,-15.922745042284602,-1.9040730724663686
15.0,0.5,Pd,17.265,-16.041464982274206,-1.8981370754668885
15.0,0.5,Pd,17.27,-16.158870269298887,-1.8922668111156542
15.0,0.5,Pd,17.275,-16.27471257938907,-1.886474695611145
15.0,0.5,Pd,17.28,-16.38933592086397,-1.8807435285374
15.0,0.5,Pd,17.285,-16.502424716996178,-1.87508908873079
15.0,0.5,Pd,17.29,-16.614382353910855,-1.8694912068850558
15.0,0.5,Pd,17.295,-16.724832936088962,-1.8639686777761504
15.0,0.5,Pd,17.3,-16.834232943338332,-1.8584986774136822
15.0,0.5,Pd,17.305,-16.94215268454349,-1.853102690353424
15.0,0.5,Pd,17.31,-17.049095781345724,-1.8477555355133124
15.0,0.5,Pd,17.315,-17.154584900473562,-1.8424810795569209
15.0,0.5,Pd,17.32,-17.25916515783092,-1.8372520666890526
15.0,0.5,Pd,17.325,-17.36231739494858,-1.83209445483317
15.0,0.5,Pd,17.33,-17.464622856012085,-1.8269791817799947
15.0,0.5,Pd,17.335,-17.56552606488564,-1.8219340213363169
15.0,0.5,Pd,17.34,-17.665639291238364,-1.8169283600186805
15.0,0.5,Pd,17.345,-17.764375961408287,-1.8119915265101842
15.0,0.5,Pd,17.35,-17.862374516007243,-1.8070915987802365
15.0,0.5,Pd,17.355,-17.95902223457893,-1.8022592128516521
15.0,0.5,Pd,17.36,-18.054979110283888,-1.797461369066404
15.0,0.5,Pd,17.365,-18.149610971882783,-1.7927297759864596
15.0,0.5,Pd,17.37,-18.243594973014442,-1.7880305759298765
15.0,0.5,Pd,17.375,-18.336279944983946,-1.783396327331401
15.0,0.5,Pd,17.38,-18.428356028177472,-1.7787925231717252
15.0,0.5,Pd,17.385,-18.51915927696509,-1.7742523607323442
15.0,0.5,Pd,17.39,-18.609388856590208,-1.7697408817510882
15.0,0.5,Pd,17.395,-18.698372040349227,-1.7652917225631373
15.0,0.5,Pd,17.4,-18.786813262974803,-1.7608696614318582
15.0,0.5,Pd,17.405,-18.87403479465289,-1.756508584847954
15.0,0.5,Pd,17.41,-18.96074278636886,-1.7521731852621556
15.0,0.5,Pd,17.415,-19.04625807091615,-1.7478974210347915
15.0,0.5,Pd,17.42,-19.131285160767273,-1.743646066542235
15.0,0.5,Pd,17.425,-19.21514680959042,-1.7394529841010777
15.0,0.5,Pd,17.43,-19.298542731921646,-1.735283187984516
15.0,0.5,Pd,17.435,-19.380800757249755,-1.731170286718111
15.0,0.5,Pd,17.44,-19.462612835378227,-1.7270796828116872
15.0,0.5,Pd,17.445,-19.54331482686326,-1.7230445832374357
15.0,0.5,Pd,17.45,-19.62358814015633,-1.7190309175727823
15.0,0.5,Pd,17.455,-19.702779425700527,-1.7150713532955724
15.0,0.5,Pd,17.46,-19.781556961877133,-1.711132476486742
15.0,0.5,Pd,17.465,-19.859280754429935,-1.7072462868591018
15.0,0.5,Pd,17.47,-19.93660354865878,-1.7033801471476595
15.0,0.5,Pd,17.475,-20.012901080496178,-1.6995652705557898
15.0,0.5,Pd,17.48,-20.0888083426695,-1.6957699074471235
15.0,0.5,Pd,17.485,-20.163718988478706,-1.6920243751566633
15.0,0.5,Pd,17.49,-20.238248219873242,-1.6882979135869363
15.0,0.5,Pd,17.495,-20.311809609806122,-1.6846198440902924
15.0,0.5,Pd,17.5,-20.384996710185558,-1.6809604890713208
15.0,0.5,Pd,17.505,-20.45724483389815,-1.677348082885691
15.0,0.5,Pd,17.51,-20.52912420000027,-1.6737541145805852
15.0,0.5,Pd,17.515,-20.600093502578197,-1.6702056494516886
15.0,0.5,Pd,17.52,-20.67069811881124,-1.6666754186400365
15.0,0.5,Pd,17.525,-20.740421589373387,-1.6631892451119294
15.0,0.5,Pd,17.53,-20.80978311145513,-1.6597211690078422
15.0,0.5,Pd,17.535,-20.878292365142787,-1.6562957063234593
15.0,0.5,Pd,17.54,-20.946441197335172,-1.65288826471384
15.0,0.5,Pd,17.545,-21.013766551305164,-1.6495219970153403
15.0,0.5,Pd,17.55,-21.080731917822273,-1.6461737286894849
15.0,0.5,Pd,17.555,-21.146902461803837,-1.6428652014904066
15.0,0.5,Pd,17.56,-21.2127124729153,-1.6395747009348336
15.0,0.5,Pd,17.565,-21.277756134822333,-1.6363225178394822
15.0,0.5,Pd,17.57,-21.342437848113672,-1.6330884321749153
15.0,0.5,Pd,17.575,-21.406381455154964,-1.6298912518228503
15.0,0.5,Pd,17.58,-21.469960932362326,-1.6267122779624825
15.0,0.5,Pd,17.585,-21.532830268043416,-1.6235688111784279
15.0,0.5,Pd,17.59,-21.595332627838356,-1.6204436931886805
15.0,0.5,Pd,17.595,-21.65715248520984,-1.6173527003201065
15.0,0.5,Pd,17.6,-21.718601952266184,-1.6142802269672893
15.0,0.5,Pd,17.605,-21.779396183738122,-1.6112405153936926
15.0,0.5,Pd,17.61,-21.839816134392848,-1.6082195178609562
15.0,0.5,Pd,17.615,-21.899607698394956,-1.605229939660851
15.0,0.5,Pd,17.62,-21.95902070317403,-1.6022592894218972
15.0,0.5,Pd,17.625,-22.017831707926028,-1.5993187391842973
15.0,0.5,Pd,17.63,-22.07625957118301,-1.5963973460214484
15.0,0.5,Pd,17.635,-22.13411131579916,-1.5935047587906406
15.0,0.5,Pd,17.64,-22.191575112702235,-1.5906315689454869
15.0,0.5,Pd,17.645,-22.248488125847086,-1.5877859182882443
15.0,0.5,Pd,17.65,-22.305008236907263,-1.5849599127352356
15.0,0.5,Pd,17.655,-22.361002313186567,-1.5821602089212703
15.0,0.5,Pd,17.66,-22.416598456530643,-1.5793804017540665
15.0,0.5,Pd,17.665,-22.47169269078613,-1.576625690041292
15.0,0.5,Pd,17.67,-22.526383952335774,-1.5738911269638098
15.0,0.5,Pd,17.675,-22.580596772008587,-1.571180485980169
15.0,0.5,Pd,17.68,-22.63440163372361,-1.5684902428944179
15.0,0.5,Pd,17.685,-22.687750829416487,-1.5658227831097742
15.0,0.5,Pd,17.69,-22.740687195752844,-1.5631759647929566
15.0,0.5,Pd,17.695,-22.79318995012663,-1.560550827074267
15.0,0.5,Pd,17.7,-22.84527517283474,-1.5579465659388618
15.0,0.5,Pd,17.705,-22.896948087950065,-1.5553629201830954
15.0,0.5,Pd,17.71,-22.94819898933714,-1.5528003751137416
15.0,0.5,Pd,17.715,-22.999058112550255,-1.5502574189530858
15.0,0.5,Pd,17.72,-23.049491007321965,-1.5477357742145004
15.0,0.5,Pd,17.725,-23.099551855830608,-1.5452327317890682
15.0,0.5,Pd,17.73,-23.14918257160821,-1.542751196000188
15.0,0.5,Pd,17.735,-23.19846015573468,-1.5402873167938647
15.0,0.5,Pd,17.74,-23.24730405234942,-1.5378451219631277
15.0,0.5,Pd,17.745,-23.29581289764352,-1.5354196796984227
15.0,0.5,Pd,17.75,-23.34388488529175,-1.533016080316011
15.0,0.5,Pd,17.755,-23.391639053522116,-1.5306283719044929
15.0,0.5,Pd,17.76,-23.438953609866623,-1.5282626440872673
15.0,0.5,Pd,17.765,-23.485966718973973,-1.5259119886319
15.0,0.5,Pd,17.77,-23.53253790526185,-1.5235834293175061
15.0,0.5,Pd,17.775,-23.578823148332326,-1.5212691671639824
15.0,0.5,Pd,17.78,-23.624664624604222,-1.5189770933503874
15.0,0.5,Pd,17.785,-23.67023478791866,-1.5166985851846657
15.0,0.5,Pd,17.79,-23.71535982736876,-1.5144423332121606
15.0,0.5,Pd,17.795,-23.760227307582817,-1.512198959201458
15.0,0.5,Pd,17.8,-23.804648810136122,-1.5099778840737925
15.0,0.5,Pd,17.805,-23.84882563063727,-1.5077690430487352
15.0,0.5,Pd,17.81,-23.892556135792894,-1.5055825177909539
15.0,0.5,Pd,17.815,-23.936053962278645,-1.5034076264666665
15.0,0.5,Pd,17.82,-23.979105661278904,-1.5012550415166535
15.0,0.5,Pd,17.825,-24.021935816596457,-1.4991135337507757
15.0,0.5,Pd,17.83,-24.064320563960486,-1.4969942963825744
15.0,0.5,Pd,17.835,-24.106494042248283,-1.4948856224681843
15.0,0.5,Pd,17.84,-24.148223366725865,-1.4927991562443055
15.0,0.5,Pd,17.845,-24.18975084688574,-1.4907227822363116
15.0,0.5,Pd,17.85,-24.230835961862883,-1.4886685264874544
15.0,0.5,Pd,17.855,-24.27172782040648,-1.4866239335602747
15.0,0.5,Pd,17.86,-24.312179633807666,-1.4846013428902154
15.0,0.5,Pd,17.865,-24.352445957090872,-1.482588026726055
15.0,0.5,Pd,17.87,-24.392275080814215,-1.4805965705398878
15.0,0.5,Pd,17.875,-24.431925676704207,-1.4786140407453883
15.0,0.5,Pd,17.88,-24.47114243561939,-1.476653202799629
15.0,0.5,Pd,17.885,-24.51018684460998,-1.4747009823500996
15.0,0.5,Pd,17.89,-24.54880128515217,-1.47277026032299
15.0,0.5,Pd,17.895,-24.587248790955062,-1.4708478850328455
15.0,0.5,Pd,17.9,-24.625270689345278,-1.4689467901133348
15.0,0.5,Pd,17.905,-24.663130328981367,-1.4670538081315303
15.0,0.5,Pd,17.91,-24.700569199097593,-1.4651818646257189
15.0,0.5,Pd,17.915,-24.737849772508138,-1.4633178359551917
15.0,0.5,Pd,17.92,-24.774714873434025,-1.4614745809088974
15.0,0.5,Pd,17.925,-24.811424952632112,-1.4596390769489929
15.0,0.5,Pd,17.93,-24.847725295906034,-1.457824059785297
15.0,0.5,Pd,17.935,-24.883873233690366,-1.4560166628960802
15.0,0.5,Pd,17.94,-24.919617590274623,-1.4542294450668676
15.0,0.5,Pd,17.945,-24.955211528520774,-1.45244974815456
15.0,0.5,Pd,17.95,-24.99040843551312,-1.4506899028049425
15.0,0.5,Pd,17.955,-25.02545631305922,-1.4489375089276377
15.0,0.5,Pd,17.96,-25.06011408016513,-1.4472046205723421
15.0,0.5,Pd,17.965,-25.09462364031442,-1.4454791425648776
15.0,0.5,Pd,17.97,-25.128750356093178,-1.4437728067759397
15.0,0.5,Pd,17.975,-25.162729153739313,-1.4420738668936328
15.0,0.5,Pd,17.98,-25.196332691646383,-1.4403936899982794
15.0,0.5,Pd,17.985,-25.229788100046363,-1.4387209195782804
15.0,0.5,Pd,17.99,-25.262876124277582,-1.4370665183667195
15.0,0.5,Pd,17.995,-25.29581534148196,-1.4354195575065005
15.0,0.5,Pd,18.0,-25.328395312640687,-1.4337905589485642
15.0,0.5,Pd,18.005,-25.36082536759472,-1.4321690562008624
15.0,0.5,Pd,18.01,-25.39290454818899,-1.430565097171149
15.0,0.5,Pd,18.015,-25.424832306521797,-1.428968709254509
15.0,0.5,Pd,18.02,-25.4564177663031,-1.4273894362654436
15.0,0.5,Pd,18.025,-25.487849935812452,-1.425817827789976
15.0,0.5,Pd,18.03,-25.518948556969875,-1.4242628967321047
15.0,0.5,Pd,18.035,-25.54989169282109,-1.422715739939544
15.0,0.5,Pd,18.04,-25.58051017503178,-1.4211848158290097
15.0,0.5,Pd,18.045,-25.610970684680037,-1.4196617903465967
15.0,0.5,Pd,18.05,-25.64111555003324,-1.4181545470789365
15.0,0.5,Pd,18.055,-25.671099697880816,-1.4166553396865578
15.0,0.5,Pd,18.06,-25.700777295677437,-1.4151714597967266
15.0,0.5,Pd,18.065,-25.730291207477286,-1.4136957642067343
15.0,0.5,Pd,18.07,-25.75950771891055,-1.4122349386350712
15.0,0.5,Pd,18.075,-25.788557385932332,-1.410782455283982
15.0,0.5,Pd,18.08,-25.81731882865964,-1.4093443831476167
15.0,0.5,Pd,18.085,-25.845910111622533,-1.407914818999472
15.0,0.5,Pd,18.09,-25.87422234422834,-1.4064992073691818
15.0,0.5,Pd,18.095,-25.902360977014702,-1.4050922757298636
15.0,0.5,Pd,18.1,-25.930229703375975,-1.4036988394118
15.0,0.5,Pd,18.105,-25.957921296537492,-1.4023142597537241
15.0,0.5,Pd,18.11,-25.98535207008721,-1.4009427210762382
15.0,0.5,Pd,18.115,-26.012602114152212,-1.399580218872988
15.0,0.5,Pd,18.12,-26.039600342049187,-1.3982303074781393
15.0,0.5,Pd,18.125,-26.066414210641,-1.3968896140485485
15.0,0.5,Pd,18.13,-26.092985157850087,-1.3955610666880942
15.0,0.5,Pd,18.135,-26.119368110628272,-1.394241919049185
15.0,0.5,Pd,18.14,-26.145516903909154,-1.392934479385141
15.0,0.5,Pd,18.145,-26.171474089339604,-1.3916366201136183
15.0,0.5,Pd,18.15,-26.19720572114903,-1.3903500385231473
15.0,0.5,Pd,18.155,-26.222742179117173,-1.38907321562474
15.0,0.5,Pd,18.16,-26.248061511425533,-1.3878072490093218
15.0,0.5,Pd,18.165,-26.27318217569733,-1.3865512157957323
15.0,0.5,Pd,18.17,-26.298093943719845,-1.3853056273946065
15.0,0.5,Pd,18.175,-26.322803644263423,-1.3840701423674275
15.0,0.5,Pd,18.18,-26.34731246010892,-1.3828447015751526
15.0,0.5,Pd,18.185,-26.37161592528155,-1.3816295283165212
15.0,0.5,Pd,18.19,-26.395726281517067,-1.3804240105047452
15.0,0.5,Pd,18.195,-26.419628140129543,-1.3792289175741215
15.0,0.5,Pd,18.2,-26.443344413263553,-1.378043103917421
15.0,0.5,Pd,18.205,-26.466849196529513,-1.376867864754123
15.0,0.5,Pd,18.21,-26.490175650411455,-1.3757015420600258
15.0,0.5,Pd,18.215,-26.51328779378592,-1.3745459348913027
15.0,0.5,Pd,18.22,-26.536228582925517,-1.3733988954343228
15.0,0.5,Pd,18.225,-26.558952427845984,-1.3722627031882995
15.0,0.5,Pd,18.23,-26.581511600648945,-1.3711347445481514
15.0,0.5,Pd,18.235,-26.60385139618401,-1.370017754771398
15.0,0.5,Pd,18.24,-26.626032898104135,-1.3689086796753918
15.0,0.5,Pd,18.245,-26.647992802515482,-1.3678106844548243
15.0,0.5,Pd,18.25,-26.669800479126117,-1.3667203006242927
15.0,0.5,Pd,18.255,-26.69138456135431,-1.365641096512883
15.0,0.5,Pd,18.26,-26.712822161335453,-1.364569216513826
15.0,0.5,Pd,18.265,-26.734034402411538,-1.3635086044600218
15.0,0.5,Pd,18.27,-26.755105580453304,-1.3624550455579334
15.0,0.5,Pd,18.275,-26.77594987484676,-1.3614128308382607
15.0,0.5,Pd,18.28,-26.7966581944689,-1.3603774148571537
15.0,0.5,Pd,18.285,-26.81713835137912,-1.3593534070116426
15.0,0.5,Pd,18.29,-26.83748728766628,-1.3583359601972846
15.0,0.5,Pd,18.295,-26.85760703225536,-1.3573299729678305
15.0,0.5,Pd,18.3,-26.87759997450886,-1.3563303258551556
15.0,0.5,Pd,18.305,-26.897362949091654,-1.355342177126016
15.0,0.5,Pd,18.31,-26.917003203392586,-1.3543601644109693
15.0,0.5,Pd,18.315,-26.936412968584797,-1.3533896761513589
15.0,0.5,Pd,18.32,-26.955703760274552,-1.352425136566871
15.0,0.5,Pd,18.325,-26.974763796099243,-1.3514721347756364
15.0,0.5,Pd,18.33,-26.993708272174704,-1.3505249109718633
15.0,0.5,Pd,18.335,-27.012421979141664,-1.3495892256235154
15.0,0.5,Pd,18.34,-27.031023210562786,-1.3486591640524592
15.0,0.5,Pd,18.345,-27.049393910716404,-1.3477406290447784
15.0,0.5,Pd,18.35,-27.067654894627672,-1.3468275798492149
15.0,0.5,Pd,18.355,-27.0856858325712,-1.3459260329520386
15.0,0.5,Pd,18.36,-27.10360949444111,-1.3450298498585431
15.0,0.5,Pd,18.365,-27.12130383834195,-1.344145132663501
15.0,0.5,Pd,18.37,-27.138893034012316,-1.343265672879983
15.0,0.5,Pd,18.375,-27.156253876590288,-1.3423976307510843
15.0,0.5,Pd,18.38,-27.173511394243917,-1.341534754868403
15.0,0.5,Pd,18.385,-27.19054175374488,-1.3406832368933546
15.0,0.5,Pd,18.39,-27.207470315785493,-1.339836808791324
15.0,0.5,Pd,18.395,-27.224173136945456,-1.3390016677333259
15.0,0.5,Pd,18.4,-27.240775401797823,-1.3381715544907076
15.0,0.5,Pd,18.405,-27.257153556797352,-1.337352646740731
15.0,0.5,Pd,18.41,-27.27343212061943,-1.3365387185496271
15.0,0.5,Pd,18.415,-27.28948841003515,-1.335735904078841
15.0,0.5,Pd,18.42,-27.305445808351823,-1.3349380341630075
15.0,0.5,Pd,18.425,-27.321182962099787,-1.334151176475609
15.0,0.5,Pd,18.43,-27.336821671353185,-1.3333692410129394
15.0,0.5,Pd,18.435,-27.35224234963387,-1.332598207098905
15.0,0.5,Pd,18.44,-27.367564788654473,-1.331832085147875
15.0,0.5,Pd,18.445,-27.38267158289526,-1.3310767454358357
15.0,0.5,Pd,18.45,-27.397680114293795,-1.330326318865909
15.0,0.5,Pd,18.455,-27.412475548091958,-1.3295865471760007
15.0,0.5,Pd,18.46,-27.42717247957609,-1.3288517006017941
15.0,0.5,Pd,18.465,-27.441659009642997,-1.3281273740984487
15.0,0.5,Pd,18.47,-27.4560465952557,-1.3274079948178137
15.0,0.5,Pd,18.475,-27.47022661236274,-1.3266989939624616
15.0,0.5,Pd,18.48,-27.484307053650014,-1.325994971898098
15.0,0.5,Pd,18.485,-27.49818288357825,-1.325301180401686
15.0,0.5,Pd,18.49,-27.511958330683125,-1.3246124080464423
15.0,0.5,Pd,18.495,-27.525532235174005,-1.3239337128218984
15.0,0.5,Pd,18.5,-27.539004787862616,-1.3232600851874676
15.0,0.5,Pd,18.505,-27.55227896557173,-1.322596376302012
15.0,0.5,Pd,18.51,-27.565450674189712,-1.321937790871113
15.0,0.5,Pd,18.515,-27.5784272616418,-1.3212889614985088
15.0,0.5,Pd,18.52,-27.59130012801023,-1.320645318180087
15.0,0.5,Pd,18.525,-27.60398120055725,-1.320011264552736
15.0,0.5,Pd,18.53,-27.616557178799855,-1.3193824656406057
15.0,0.5,Pd,18.535,-27.628944751580722,-1.3187630870015625
15.0,0.5,Pd,18.54,-27.641225748897213,-1.318149037135738
15.0,0.5,Pd,18.545,-27.653321777794968,-1.3175442356908502
15.0,0.5,Pd,18.55,-27.66530965517203,-1.3169448418219971
15.0,0.5,Pd,18.555,-27.677116037773185,-1.3163545226919393
15.0,0.5,Pd,18.56,-27.68881261064418,-1.3157696940483896
15.0,0.5,Pd,18.565,-27.70033118719521,-1.315193765220838
15.0,0.5,Pd,18.57,-27.71173822604549,-1.314623413278324
15.0,0.5,Pd,18.575,-27.722970780407,-1.3140617855602488
15.0,0.5,Pd,18.58,-27.734090011330235,-1.3135058240140869
15.0,0.5,Pd,18.585,-27.74503827192635,-1.312958410984281
15.0,0.5,Pd,18.59,-27.75587137713803,-1.3124167557236972
15.0,0.5,Pd,18.595,-27.76653701789867,-1.311883473685665
15.0,0.5,Pd,18.6,-27.777085636200283,-1.3113560427705844
15.0,0.5,Pd,18.605,-27.78747027750023,-1.3108368107055872
15.0,0.5,Pd,18.61,-27.797736004707566,-1.3103235243452203
15.0,0.5,Pd,18.615,-27.807841214292846,-1.3098182638659563
15.0,0.5,Pd,18.62,-27.81782560362257,-1.3093190443994702
15.0,0.5,Pd,18.625,-27.827652897527752,-1.308827679704211
15.0,0.5,Pd,18.63,-27.837357459954294,-1.3083424515828839
15.0,0.5,Pd,18.635,-27.846908303408703,-1.3078649094101633
15.0,0.5,Pd,18.64,-27.8563345079826,-1.3073935991814687
15.0,0.5,Pd,18.645,-27.865610316302643,-1.3069298087654664
15.0,0.5,Pd,18.65,-27.874759590444803,-1.3064723450583584
15.0,0.5,Pd,18.655,-27.883761729908056,-1.306022238085196
15.0,0.5,Pd,18.66,-27.892635459675027,-1.3055785515968472
15.0,0.5,Pd,18.665,-27.901365248383016,-1.3051420621614478
15.0,0.5,Pd,18.67,-27.90996477870782,-1.3047120856452077
15.0,0.5,Pd,18.675,-27.91842348742413,-1.304289150209392
15.0,0.5,Pd,18.68,-27.926750122338717,-1.3038728184636628
15.0,0.5,Pd,18.685,-27.934938975309795,-1.3034633758151088
15.0,0.5,Pd,18.69,-27.942993978145783,-1.3030606256733095
15.0,0.5,Pd,18.695,-27.950914153900587,-1.3026646168855693
15.0,0.5,Pd,18.7,-27.95869874747407,-1.302275387206895
15.0,0.5,Pd,18.705,-27.96635137959856,-1.3018927556006705
15.0,0.5,Pd,18.71,-27.973866746383635,-1.301516987261417
15.0,0.5,Pd,18.715,-27.981252924270212,-1.3011476783670881
15.0,0.5,Pd,18.72,-27.988500206556463,-1.3007853142527754
15.0,0.5,Pd,18.725,-27.995620976130244,-1.3004292757740863
15.0,0.5,Pd,18.73,-28.002601276175223,-1.3000802607718374
15.0,0.5,Pd,18.735,-28.00945764058779,-1.2997374425512092
15.0,0.5,Pd,18.74,-28.01617202075882,-1.2994017235426576
15.0,0.5,Pd,18.745,-28.022764941058103,-1.2990720775276936
15.0,0.5,Pd,18.75,-28.02921442396809,-1.2987496033821941
15.0,0.5,Pd,18.755,-28.035544819736618,-1.2984330835937676
15.0,0.5,Pd,18.76,-28.041730388378042,-1.2981238051616966
15.0,0.5,Pd,18.765,-28.047799138338974,-1.29782036766365
15.0,0.5,Pd,18.77,-28.05372173621381,-1.297524237769908
15.0,0.5,Pd,18.775,-28.059529678807618,-1.2972338406402177
15.0,0.5,Pd,18.78,-28.065190210054556,-1.2969508140778707
15.0,0.5,Pd,18.785,-28.070738143983927,-1.2966734173814023
15.0,0.5,Pd,18.79,-28.076137473509142,-1.2964034509051414
15.0,0.5,Pd,18.795,-28.081426158248455,-1.2961390166681759
15.0,0.5,Pd,18.8,-28.086565111854775,-1.2958820689878598
15.0,0.5,Pd,18.805,-28.0915952681273,-1.2956305611742336
15.0,0.5,Pd,18.81,-28.09647463264633,-1.2953865929482822
15.0,0.5,Pd,18.815,-28.101246942869547,-1.2951479774371213
15.0,0.5,Pd,18.82,-28.105867466295976,-1.2949169512657999
15.0,0.5,Pd,18.825,-28.11038257499089,-1.294691195831054
15.0,0.5,Pd,18.83,-28.11474496662049,-1.2944730762495742
15.0,0.5,Pd,18.835,-28.119003480788397,-1.2942601505411788
15.0,0.5,Pd,18.84,-28.12310841135995,-1.294054904012601
15.0,0.5,Pd,18.845,-28.127110900825205,-1.2938547795393383
15.0,0.5,Pd,18.85,-28.130959002665822,-1.2936623744473075
15.0,0.5,Pd,18.855,-28.134706000384668,-1.2934750245613653
15.0,0.5,Pd,18.86,-28.138297867559956,-1.2932954312026008
15.0,0.5,Pd,18.865,-28.141789869896886,-1.2931208310857543
15.0,0.5,Pd,18.87,-28.145126058363186,-1.2929540216624393
15.0,0.5,Pd,18.875,-28.1483635253348,-1.2927921483138585
15.0,0.5,Pd,18.88,-28.151444553097456,-1.2926380969257258
15.0,0.5,Pd,18.885,-28.154427908583283,-1.2924889291514343
15.0,0.5,Pd,18.89,-28.157254255857204,-1.2923476117877384
15.0,0.5,Pd,18.895,-28.159983887780204,-1.2922111301915884
15.0,0.5,Pd,18.9,-28.162555997152296,-1.2920825247229837
15.0,0.5,Pd,18.905,-28.16503225763038,-1.2919587116990796
15.0,0.5,Pd,18.91,-28.16735053422523,-1.2918427978693372
15.0,0.5,Pd,18.915,-28.16957373969017,-1.29173163759609
15.0,0.5,Pd,18.92,-28.171638551337146,-1.2916283970137414
15.0,0.5,Pd,18.925,-28.173608982628163,-1.2915298754491906
15.0,0.5,Pd,18.93,-28.17542066002787,-1.291439291579205
15.0,0.5,Pd,18.935,-28.177138562455998,-1.2913533964577986
15.0,0.5,Pd,18.94,-28.17869739934743,-1.291275454613227
15.0,0.5,Pd,18.945,-28.180162982736224,-1.2912021754437875
15.0,0.5,Pd,18.95,-28.18146923606072,-1.2911368627775626
15.0,0.5,Pd,18.955,-28.182682674760983,-1.2910761908425494
15.0,0.5,Pd,18.96,-28.18373656482343,-1.291023496339427
15.0,0.5,Pd,18.965,-28.184697997706568,-1.2909754246952703
15.0,0.5,Pd,18.97,-28.185499708333456,-1.2909353391639258
15.0,0.5,Pd,18.975,-28.186209238760675,-1.290899862642565
15.0,0.5,Pd,18.98,-28.186758917450124,-1.2908723787080922
15.0,0.5,Pd,18.985,-28.187216613224347,-1.2908494939193813
15.0,0.5,Pd,18.99,-28.1875143712923,-1.2908346060159837
15.0,0.5,Pd,18.995,-28.1877202645894,-1.2908243113511286
15.0,0.5,Pd,19.0,-28.18776617730281,-1.2908220157154582
