x_m,x_nm,phi_tilde,phi_s_V,c_Red1_over_c_bulk,c_Ox2_over_c_bulk,j_Au_A_per_m2,j_Pd_A_per_m2
0.0,0.0,-6.00867057594219,-0.1542925219068067,0.002457352873881137,406.94196207181363,0.1534938129778822,nan
2.6500000000000002e-11,0.026500000000000003,-6.008653926376336,-0.15429209437404853,0.002457393788080238,406.9351867212209,0.15349509078587462,nan
5.3000000000000004e-11,0.053000000000000005,-6.008635221621937,-0.15429161406751624,0.0024574397534573916,406.927575169683,0.15349652633657485,nan
7.95e-11,0.0795,-6.008649553417495,-0.154291982083844,0.0024574045341856266,406.9334072142891,0.15349542640009867,nan
1.0600000000000001e-10,0.10600000000000001,-6.0086699991873385,-0.15429250709671527,0.0024573542911717388,406.9417273661303,0.1534938572420393,nan
1.325e-10,0.1325,-6.008658151216649,-0.15429220286081913,0.0024573834060058306,406.9369059610339,0.15349476654009345,nan
1.59e-10,0.159,-6.008636202544119,-0.15429163925594278,0.002457437342901407,406.927974334164,0.1534964510525195,nan
1.855e-10,0.1855,-6.008645294821688,-0.15429187273028927,0.0024574149993005544,406.9316742530776,0.15349575323793627,nan
2.1200000000000002e-10,0.21200000000000002,-6.008668301120039,-0.15429246349321218,0.002457358463928246,406.941036352277,0.1534939875635444,nan
2.385e-10,0.2385,-6.008661969281526,-0.15429230090228294,0.0024573740235744688,406.93845967550806,0.15349447351388462,nan
2.65e-10,0.265,-6.008638100203203,-0.1542916879846261,0.0024574326795275348,406.92874654546375,0.15349630541062123,nan
2.9150000000000003e-10,0.29150000000000004,-6.008641401101171,-0.1542917727461163,0.002457424567806386,406.930089777953,0.15349605207300904,nan
3.18e-10,0.318,-6.008665576392966,-0.1542923935268184,0.0024573651595685034,406.93992755052864,0.1534941966782986,nan
3.445e-10,0.3445,-6.008665141295033,-0.15429238235423764,0.002457366228763237,406.9397504918459,0.15349423007080606,nan
3.71e-10,0.371,-6.00864079007704,-0.15429175705604758,0.0024574260693525554,406.9298411339246,0.1534960989679121,nan
3.975e-10,0.3975,-6.008638095714424,-0.15429168786936184,0.002457432690558407,406.92874471885045,0.15349630575512674,nan
4.2400000000000004e-10,0.42400000000000004,-6.0086619764136096,-0.1542923010854228,0.0024573740060482726,406.9384625778271,0.15349447296651694,nan
4.505e-10,0.4505,-6.008667461746443,-0.15429244193951452,0.002457360526570923,406.9406947768592,0.1534940519829581,nan
4.77e-10,0.477,-6.008644094772393,-0.15429184191504822,0.0024574179483214625,406.93118591530157,0.15349584533919916,nan
5.035000000000001e-10,0.5035000000000001,-6.008635561596613,-0.15429162279749228,0.00245743891799025,406.92771351477705,0.15349650024411118,nan
5.3e-10,0.53,-6.008657700223418,-0.15429219128007396,0.002457384514269361,406.93672243528556,0.15349480115264763,nan
5.565e-10,0.5565,-6.008668771239375,-0.1542924755650835,0.0024573573086767893,406.94122766317156,0.15349395148330292,nan
5.830000000000001e-10,0.5830000000000001,-6.00864779466086,-0.15429193692194118,0.0024574088561659575,406.93269151808835,0.15349556138070788,nan
6.095e-10,0.6095,-6.0086339301143,-0.1542915809037793,0.0024574429272616496,406.9270496199514,0.15349662545757486,nan
6.36e-10,0.636,-6.008652982503788,-0.15429207013699411,0.0024573961075478696,406.9348026264505,0.15349516322579293,nan
6.625e-10,0.6625000000000001,-6.008668966064183,-0.15429248056785586,0.0024573568299226683,406.94130694542616,0.15349393653108878,nan
6.89e-10,0.689,-6.008651641047237,-0.1542920356906533,0.002457399404040188,406.93425674145976,0.15349526617937362,nan
7.155000000000001e-10,0.7155,-6.0086332731068826,-0.1542915640329374,0.002457444541820411,406.9267822659493,0.1534966758817939,nan
7.42e-10,0.742,-6.008648079427704,-0.15429194423427328,0.002457408156377491,406.93280739904344,0.15349553952548609,nan
7.685e-10,0.7685,-6.00866800441773,-0.15429245587439752,0.0024573591930322843,406.94091561194983,0.15349401033455637,nan
7.95e-10,0.795,-6.0086553710804385,-0.15429213147161222,0.0024573902378759167,406.93577462257906,0.153494979908421,nan
8.215e-10,0.8215,-6.008633598494223,-0.15429157238833527,0.002457443742199198,406.9269146747942,0.15349665090885836,nan
8.480000000000001e-10,0.8480000000000001,-6.008643253205529,-0.15429182030503114,0.0024574200164038497,406.9308434556436,0.15349590992772139,nan
8.745000000000001e-10,0.8745000000000002,-6.008665908896809,-0.15429240206495606,0.00245736434248528,406.940062859641,0.15349417115959557,nan
9.01e-10,0.901,-6.0086587235127595,-0.15429221755641762,0.002457381999655267,406.93713884950927,0.15349472261787075,nan
9.275000000000001e-10,0.9275000000000001,-6.008634849715111,-0.1542916045175765,0.0024574406673961787,406.9274238305685,0.15349655487978042,nan
9.54e-10,0.954,-6.008638756251873,-0.154291704830849,0.0024574310673326234,406.9290135106141,0.153496255060106,nan
9.805e-10,0.9805,-6.008662765112664,-0.15429232133788376,0.0024573720679204815,406.93878352993437,0.15349441243605602,nan
1.0070000000000001e-09,1.0070000000000001,-6.008661454361745,-0.15429228768001177,0.00245737528892529,406.9382501348993,0.1534945130325601,nan
1.0335e-09,1.0335,-6.008636909031907,-0.1542916573973571,0.0024574356067525497,406.92826182390974,0.15349639683084504,nan
1.06e-09,1.06,-6.008634815924047,-0.15429160364987898,0.0024574407504357153,406.92741008005805,0.15349655747318638,nan
1.0865000000000001e-09,1.0865,-6.008658716508803,-0.15429221737656784,0.0024573820168666636,406.93713599933926,0.15349472315540594,nan
1.113e-09,1.113,-6.008663351534148,-0.15429233639619797,0.0024573706268651296,406.93902216764957,0.15349436742985206,nan
1.1395e-09,1.1395,-6.008639604505403,-0.15429172661256838,0.002457428982808931,406.9293586897325,0.15349618995824973,nan
1.1660000000000001e-09,1.1660000000000001,-6.008631620747746,-0.15429152160314283,0.0024574486024047074,406.9261098773182,0.15349680269766366,nan
1.1925e-09,1.1925,-6.008653955689853,-0.1542920951267702,0.002457393716045385,406.93519864992254,0.15349508853613414,nan
1.219e-09,1.219,-6.008664247533789,-0.1542923594039569,0.0024573684250629173,406.9393867850306,0.15349429866441844,nan
1.2454999999999999e-09,1.2454999999999998,-6.008642720222946,-0.1542918066189377,0.002457421326166265,406.93062656864953,0.15349595083305004,nan
1.272e-09,1.272,-6.008629308958485,-0.15429146224029527,0.0024574542835145634,406.92516915099463,0.1534969801238963,nan
1.2985000000000002e-09,1.2985000000000002,-6.008648712780307,-0.15429196049769944,0.002457406599972133,406.9330651310776,0.15349549091709408,nan
1.325e-09,1.3250000000000002,-6.008664029488479,-0.1542923538049213,0.0024573689608806356,406.9392980538156,0.1534943153987753,nan
1.3515000000000001e-09,1.3515000000000001,-6.0086460091681975,-0.1542918910735023,0.0024574132438553555,406.9319649434023,0.15349569841336833,nan
1.378e-09,1.378,-6.008627960047596,-0.1542914276025397,0.002457457598403641,406.92462024557324,0.15349708365080514,nan
1.4045e-09,1.4045,-6.00864324150907,-0.1542918200046858,0.0024574200451469618,406.9308386959937,0.15349591082540068,nan
1.4310000000000001e-09,1.431,-6.008662645891892,-0.15429231827649548,0.002457372360890294,406.93873501438134,0.15349442158591747,nan
1.4575e-09,1.4575,-6.008649207961957,-0.1542919732131287,0.0024574053831097785,406.9332666369143,0.15349545291302352,nan
1.484e-09,1.484,-6.008627589822982,-0.1542914180957963,0.0024574585082150994,406.9244695920908,0.15349711206500702,nan
1.5105000000000001e-09,1.5105000000000002,-6.008637803853505,-0.1542916803748659,0.0024574334077870764,406.92862595227024,0.15349632815491485,nan
1.537e-09,1.537,-6.0086601096533485,-0.15429225315016912,0.0024573785933806954,406.93770292198553,0.15349461623527502,nan
1.5634999999999998e-09,1.5635,-6.008652052589907,-0.1542920462583747,0.0024573983927156837,406.9344242123048,0.153495234594451,nan
1.59e-09,1.59,-6.008628149283741,-0.1542914324618046,0.0024574571333638826,406.92469725042696,0.15349706912720765,nan
1.6165e-09,1.6165,-6.008632654163419,-0.1542915481395136,0.002457446062840118,406.9265304013552,0.15349672338468331,nan
1.643e-09,1.643,-6.008656497267561,-0.15429216039019727,0.0024573874703962347,406.93623290866606,0.1534948934764105,nan
1.6695e-09,1.6695,-6.008654294174452,-0.15429210381848354,0.0024573928842556002,406.9353363912432,0.15349506255827464,nan
1.6960000000000001e-09,1.6960000000000002,-6.008629527380185,-0.154291467848996,0.002457453746753279,406.92525803229165,0.1534969633603615,nan
1.7225e-09,1.7225,-6.0086280237173515,-0.15429142923747158,0.002457457441937921,406.92464615436523,0.1534970787642443,nan
1.7490000000000003e-09,1.7490000000000003,-6.008651944151341,-0.15429204347385528,0.002457398659192457,406.93438008492154,0.15349524291685285,nan
1.7755000000000001e-09,1.7755,-6.008655713842996,-0.15429214027317636,0.0024573893955746975,406.93591410495,0.1534949536022573,nan
1.802e-09,1.802,-6.008631557496779,-0.1542915199789647,0.002457448757840713,406.92608413884903,0.15349680755207437,nan
1.8285000000000003e-09,1.8285000000000002,-6.008624106638866,-0.1542913286535054,0.002457467068010449,406.92305220171033,0.1534973793945911,nan
1.8550000000000001e-09,1.8550000000000002,-6.00864663642216,-0.15429190718032568,0.002457411702433644,406.9322201931699,0.1534956502729833,nan
1.8815e-09,1.8815000000000002,-6.008656135798823,-0.15429215110829,0.0024573883586651423,406.93608581396626,0.1534949212182157,nan
1.908e-09,1.908,-6.008634027272999,-0.15429158339865076,0.002457442688499704,406.927089156456,0.15349661800080883,nan
1.9345000000000003e-09,1.9345000000000003,-6.0086210480194815,-0.15429125011332046,0.002457474584478355,406.9218075808783,0.15349761413980065,nan
1.961e-09,1.961,-6.008640799608164,-0.15429175730079078,0.002457426045930522,406.92984501242347,0.15349609823641688,nan
1.9875e-09,1.9875,-6.008655437807478,-0.15429213318505,0.0024573900739015457,406.93580177619964,0.15349497478728827,nan
2.0140000000000003e-09,2.0140000000000002,-6.00863669117599,-0.15429165180318474,0.002457436142119494,406.92817317219,0.15349641355089505,nan
2.0405e-09,2.0405,-6.0086189349643515,-0.15429119585363008,0.0024574797772631187,406.92094773357377,0.15349777631434683,nan
2.067e-09,2.067,-6.008634684963468,-0.1542916002870323,0.002457441072263601,406.9273567886122,0.15349656752418578,nan
2.0935000000000003e-09,2.0935,-6.008653558465204,-0.15429208492671143,0.0024573946921829367,406.9350370052629,0.15349511902215357,nan
2.12e-09,2.12,-6.008639285073395,-0.1542917184100934,0.0024574297677905305,406.92922870349116,0.1534962144740498,nan
2.1465e-09,2.1465,-6.008617791101113,-0.15429116648115215,0.0024574825882855036,406.92048227192674,0.15349786410460373,nan
2.1730000000000003e-09,2.173,-6.008628554206959,-0.15429144285954963,0.002457456138282632,406.92486202371845,0.15349703804994716,nan
2.1995e-09,2.1995,-6.008650500808958,-0.15429200641125826,0.002457402206062652,406.93379273970777,0.1534953536899876,nan
2.226e-09,2.226,-6.00864154193342,-0.1542917763624508,0.0024574242217217817,406.93014708683677,0.1534960412644123,nan
2.2525000000000002e-09,2.2525000000000004,-6.008617574886953,-0.15429116092913736,0.0024574831196280933,406.9203942899662,0.15349788069881043,nan
2.279e-09,2.279,-6.008622663598894,-0.15429129159867377,0.002457470614236217,406.9224649959042,0.1534974901460581,nan
2.3055e-09,2.3055,-6.008646332044799,-0.15429189936442864,0.002457412450414246,406.9320963322336,0.15349567363328556,nan
2.3320000000000002e-09,2.3320000000000003,-6.008643207710833,-0.1542918191368041,0.002457420128203429,406.930824942449,0.1534959134193463,nan
2.3585e-09,2.3585000000000003,-6.008618181820019,-0.15429117651415442,0.0024574816281007824,406.92064126348356,0.15349783411734788,nan
2.385e-09,2.385,-6.008617248309795,-0.15429115254318698,0.002457483922186078,406.92026139908194,0.15349790576326333,nan
2.4114999999999998e-09,2.4114999999999998,-6.008641179405956,-0.15429176705335723,0.0024574251126057143,406.9299995635092,0.1534960690876801,nan
2.438e-09,2.438,-6.008644056464755,-0.15429184093137271,0.0024574180424593414,406.93117032672933,0.15349584827923082,nan
2.4645e-09,2.4645,-6.008619450428352,-0.15429120908987587,0.0024574785105210884,406.9211574867274,0.153497736753063,nan
2.4909999999999998e-09,2.4909999999999997,-6.008612508020796,-0.15429103082056383,0.002457495571397689,406.9183324840153,0.15349826957591145,nan
2.5175e-09,2.5175,-6.008635222382182,-0.15429161408703806,0.0024574397515891347,406.92757547904773,0.15349652627822735,nan
2.544e-09,2.544,-6.008643903798477,-0.15429183701116028,0.002457418417624236,406.931108202067,0.15349585999605117,nan
2.5705e-09,2.5705,-6.008621171682105,-0.15429125328876794,0.00245747428058062,406.9218579018996,0.15349760464884213,nan
2.5970000000000004e-09,2.5970000000000004,-6.0086085946218315,-0.15429093033108152,0.0024575051885771322,406.9167400533501,0.15349856992618996,nan
2.6235000000000003e-09,2.6235000000000004,-6.008628681780959,-0.15429144613543466,0.0024574558247751443,406.9249139367538,0.15349702825883194,nan
2.65e-09,2.6500000000000004,-6.0086426178116294,-0.1542918039891879,0.002457421577834032,406.9305848943504,0.15349595869291147,nan
2.6765000000000004e-09,2.6765000000000003,-6.008623101269418,-0.15429130283731435,0.002457469538674001,406.9226430939116,0.15349745655539832,nan
2.7030000000000003e-09,2.7030000000000003,-6.0086056027495065,-0.15429085350484842,0.0024575125411298933,406.91552261223814,0.15349879955042334,nan
2.7295e-09,2.7295000000000003,-6.008621806271762,-0.1542912695839596,0.0024574727210933535,406.92211613038387,0.1534975559448537,nan
2.756e-09,2.756,-6.0086401269011525,-0.1542917400268098,0.0024574276990588103,406.9295712679555,0.15349614986537638,nan
2.7825000000000003e-09,2.7825,-6.0086249740028705,-0.15429135092594953,0.002457464936492896,406.9234051522715,0.1534973128255547,nan
2.809e-09,2.809,-6.008603563737678,-0.1542908011464651,0.0024575175520321424,406.91469290752013,0.1534989560434371,nan
2.8355e-09,2.8355,-6.008614857216532,-0.1542910911439465,0.0024574897982663534,406.9192884159496,0.1534980892772772,nan
2.8620000000000002e-09,2.862,-6.0086364239376024,-0.15429164494095388,0.002457436798840855,406.92806442537557,0.15349643406096347,nan
2.8885e-09,2.8885,-6.008626519495108,-0.15429139061158245,0.0024574611385028483,406.92403404972134,0.15349719421114782,nan
2.915e-09,2.915,-6.008602443350103,-0.15429077237680264,0.002457520305405815,406.91423700560966,0.15349904203262274,nan
2.9415000000000002e-09,2.9415000000000004,-6.008608092693864,-0.1542909174424182,0.0024575064220680267,406.916535810509,0.15349860844880742,nan
2.968e-09,2.968,-6.008631566557467,-0.1542915202116279,0.0024574487355745363,406.9260878258794,0.153496806856681,nan
2.9945e-09,2.9945,-6.008627478163788,-0.1542914152285766,0.0024574587826129506,406.9244241552351,0.15349712063468915,nan
3.0210000000000002e-09,3.0210000000000004,-6.008602143437818,-0.1542907646755612,0.0024575210424464563,406.9141149670492,0.1534990650507487,nan
3.0474999999999997e-09,3.0475,-6.008601751674394,-0.1542907546157375,0.0024575220052135017,406.9139555530137,0.15349909511841126,nan
3.074e-09,3.074,-6.008625673546584,-0.15429136888905176,0.0024574632173893496,406.9236898130811,0.15349725913652396,nan
3.1005e-09,3.1005000000000003,-6.0086276166047305,-0.1542914187835064,0.0024574584424000645,406.9244804902397,0.1534971100095465,nan
3.1269999999999996e-09,3.127,-6.008602507429783,-0.15429077402226068,0.002457520147928705,406.9142630805447,0.15349903711453805,nan
3.1535e-09,3.1534999999999997,-6.0085960392976485,-0.1542906079315412,0.002457536043545153,406.9116311138355,0.15349953354136808,nan
3.18e-09,3.18,-6.008618917522966,-0.15429119540576475,0.0024574798201249704,406.92094063630884,0.15349777765295375,nan
3.2065e-09,3.2065,-6.008626741408069,-0.15429139630993285,0.002457460593160431,406.92412435144865,0.15349717717964034,nan
3.233e-09,3.233,-6.008603329333459,-0.1542907951273603,0.002457518128084692,406.91459752501066,0.15349897403383958,nan
3.2595e-09,3.2595,-6.008591114136845,-0.15429048146172203,0.0024575481473351544,406.90962701355465,0.15349991154677653,nan
3.286e-09,3.286,-6.008611514350159,-0.1542910053047785,0.0024574980133400927,406.9179281414174,0.1534983458392921,nan
3.3125000000000003e-09,3.3125000000000004,-6.008624710583469,-0.15429134416178375,0.002457465583836925,406.9232979607657,0.1534973330426412,nan
3.339e-09,3.339,-6.008604365712799,-0.15429082173983302,0.0024575155811649967,406.9150192431111,0.15349889449227752,nan
3.3655e-09,3.3655,-6.008587078220174,-0.15429037782619176,0.0024575580658147073,406.90798476352137,0.15350022130351507,nan
3.3920000000000003e-09,3.3920000000000003,-6.008603709909682,-0.15429080489991553,0.002457517192811903,406.91475238706073,0.15349894482481247,nan
3.4185000000000006e-09,3.4185000000000008,-6.0086214419022195,-0.15429126022756456,0.0024574736165217277,406.9219678603856,0.15349758390977336,nan
3.445e-09,3.445,-6.008605349929686,-0.15429084701286203,0.0024575131624378506,406.9154197359419,0.153498818954194,nan
3.4715000000000003e-09,3.4715000000000003,-6.008583970413737,-0.1542902980229663,0.002457565703441352,406.9067201742321,0.15350045982818833,nan
3.4980000000000005e-09,3.4980000000000007,-6.00859576501956,-0.1542906008885427,0.002457536717593533,406.91151950690653,0.15349955459214884,nan
3.5245e-09,3.5245,-6.008616917647386,-0.15429114405233424,0.002457484734783767,406.92012684587013,0.1534979311412591,nan
3.5510000000000002e-09,3.551,-6.008606007797555,-0.15429086390579888,0.002457511545719436,406.91568743260984,0.15349876846323188,nan
3.5775000000000005e-09,3.5775000000000006,-6.008581763570977,-0.15429024135496783,0.0024575711269084165,406.9058221960735,0.15350062920397098,nan
3.604e-09,3.604,-6.008587939401268,-0.1542903999398692,0.002457555949413074,406.9083351851359,0.153500155207785,nan
3.6305000000000002e-09,3.6305,-6.0086111854771715,-0.15429099685987507,0.002457498821544939,406.91779431712473,0.15349837108002395,nan
3.6570000000000005e-09,3.6570000000000005,-6.008606073710741,-0.15429086559833827,0.002457511383737026,406.9157142537201,0.15349876340443552,nan
3.6835e-09,3.6835,-6.0085803656285535,-0.15429020545816519,0.002457574562453754,406.90525336556,0.15350073649652926,nan
3.7100000000000002e-09,3.7100000000000004,-6.008580475654174,-0.15429020828343745,0.0024575742920576026,406.9052981355655,0.15350072805202258,nan
3.7365e-09,3.7365,-6.0086043553397115,-0.15429082147346965,0.0024575156066570206,406.9150150221461,0.15349889528840624,nan
3.763e-09,3.7630000000000003,-6.008605306279673,-0.15429084589200334,0.0024575132697083357,406.9154019740788,0.1534988223043068,nan
3.789500000000001e-09,3.7895000000000008,-6.008579624591665,-0.15429018642958822,0.0024575763836078364,406.9049518338687,0.15350079337139388,nan
3.816e-09,3.816,-6.008573584199848,-0.15429003132251837,0.0024575912283769474,406.9024939759506,0.15350125697456207,nan
3.8425e-09,3.8425000000000002,-6.008596592613477,-0.15429062213975808,0.0024575346837519365,406.91185626454416,0.15349949107451316,nan
3.869000000000001e-09,3.8690000000000007,-6.008603502531532,-0.15429079957479455,0.002457517702447325,406.9146680018408,0.15349896074097694,nan
3.8955e-09,3.8955,-6.008579337118922,-0.15429017904777326,0.0024575770900941607,406.9048348598031,0.15350081543504251,nan
3.922e-09,3.922,-6.008567430103371,-0.1542898732957047,0.002457606352677006,406.8999898664513,0.15350172930606112,nan
3.9485000000000006e-09,3.9485000000000006,-6.008588107874948,-0.15429040426598903,0.002457555535379616,406.90840373848613,0.15350014227741757,nan
3.975e-09,3.975,-6.008600509818288,-0.1542907227269681,0.0024575250571041043,406.9134502247472,0.1534991904303351,nan
4.0015e-09,4.0015,-6.008579260199925,-0.15429017707262319,0.002457577279128534,406.90480356109236,0.153500821338607,nan
4.0280000000000006e-09,4.0280000000000005,-6.008562122566348,-0.1542897370071094,0.0024576193965483266,406.8978302354215,0.15350213666465734,nan
4.0545e-09,4.0545,-6.008579143898384,-0.15429017408619586,0.0024575775649485748,406.9047562374395,0.1535008302647983,nan
4.081e-09,4.081,-6.0085962347094135,-0.15429061294938562,0.002457535563313744,406.9117106291633,0.15349951854356145,nan
4.1075000000000005e-09,4.107500000000001,-6.008579125231504,-0.1542901736068619,0.0024575776108238796,406.9047486417975,0.15350083169748907,nan
4.134e-09,4.134,-6.008557707730866,-0.1542896236415834,0.0024576302465575905,406.8960338524084,0.1535024755083711,nan
4.1605e-09,4.1605,-6.008569960660061,-0.1542899382761307,0.0024576001335726767,406.90101955124584,0.15350153508376996,nan
4.1870000000000005e-09,4.187,-6.008590648326164,-0.15429046950048972,0.0024575492920875966,406.90943747074846,0.1534999472977298,nan
4.2135e-09,4.2135,-6.00857865365278,-0.15429016149751593,0.002457578769765468,406.9045567542204,0.15350086789135656,nan
4.24e-09,4.24,-6.00855416523455,-0.1542895326762553,0.0024576389527191053,406.89459242726065,0.15350274739958886,nan
4.2665000000000005e-09,4.266500000000001,-6.008560819241541,-0.1542897035399275,0.0024576225996267376,406.8972999157313,0.1535022366962612,nan
4.293e-09,4.293,-6.008583787784801,-0.15429029333336336,0.0024575661522640026,406.9066458612975,0.1535004738450018,nan
4.3195e-09,4.319500000000001,-6.008577573203549,-0.15429013375340275,0.0024575814250559934,406.90411711474263,0.15350095081632625,nan
4.3460000000000005e-09,4.346,-6.008551408734169,-0.1542894618939766,0.002457645727211151,406.8934708237075,0.1535029589649255,nan
4.3725e-09,4.3725,-6.008551965595084,-0.1542894761932253,0.002457644358644685,406.89369740684094,0.15350291622503237,nan
4.399e-09,4.399,-6.008575753650648,-0.1542900870303544,0.0024575858967594735,406.9033767318494,0.15350109046793997,nan
4.4255000000000005e-09,4.4255,-6.008575633829464,-0.15429008395354857,0.0024575861912303435,406.9033279762079,0.15350109966428147,nan
4.452e-09,4.452,-6.008549290377486,-0.15428940749815132,0.002457650933386916,406.8926088791173,0.1535031215520211,nan
4.4785e-09,4.4785,-6.00854361514504,-0.15428926176775798,0.0024576648811668123,406.8902996755341,0.15350355713558708,nan
4.5050000000000005e-09,4.505000000000001,-6.008566703541703,-0.15428985463882702,0.0024576081382802245,406.89969422862345,0.15350178507030748,nan
4.5315e-09,4.5315,-6.008572622276988,-0.1542900066219624,0.002457593592391267,406.9021025673283,0.15350133080276385,nan
4.558e-09,4.558,-6.008547608965642,-0.15428936432233223,0.002457655065713777,406.8919247256408,0.15350325060305864,nan
4.5845000000000005e-09,4.5845,-6.008535939152566,-0.154289064661223,0.002457683746256349,406.88717640064294,0.15350414628279235,nan
4.611e-09,4.611,-6.008556842253759,-0.15428960141759165,0.0024576323735812262,406.8956816933586,0.15350254193482465,nan
4.6375e-09,4.6375,-6.0085683744951,-0.15428989754609085,0.0024576040317349887,406.90037413961784,0.15350165682319644,nan
4.6640000000000004e-09,4.664000000000001,-6.008546121326605,-0.15428932612227184,0.0024576587218201134,406.8913194177797,0.15350336478181512,nan
4.6905e-09,4.6905,-6.008529053667388,-0.15428888785358158,0.0024577006686596144,406.8843747946661,0.153504674758964,nan
4.717e-09,4.7170000000000005,-6.008546408987781,-0.15428933350892549,0.002457658014847215,406.89143646463225,0.15350334270333743,nan
4.7435e-09,4.743499999999999,-6.008562785090691,-0.15428975401961664,0.00245761776831619,406.8980998152284,0.15350208581521466,nan
4.77e-09,4.77,-6.0085445562255995,-0.15428928593311883,0.0024576625683072595,406.890682592265,0.15350348490599736,nan
4.7965e-09,4.7965,-6.008523011738031,-0.15428873270703028,0.002457715517958294,406.8819164354438,0.1535051384918649,nan
4.8229999999999996e-09,4.8229999999999995,-6.008535662436492,-0.1542890575556211,0.0024576844263370407,406.8870638084365,0.15350416752132617,nan
4.8495e-09,4.8495,-6.008555813258814,-0.1542895749947377,0.002457634902473815,406.89526299997465,0.1535026209115148,nan
4.876e-09,4.876,-6.008542629983715,-0.1542892364704774,0.0024576673023643954,406.8898988231448,0.15350363274848958,nan
4.9024999999999996e-09,4.9025,-6.008517799358472,-0.15428859886191812,0.0024577283285378082,406.8797956179869,0.15350553855590926,nan
4.929e-09,4.929,-6.0085248646179,-0.15428878028585896,0.0024577109641109054,406.8826703394543,0.1535049962786403,nan
4.9555e-09,4.9555,-6.008547484817159,-0.15428936113440864,0.002457655370827945,406.8918742106286,0.15350326013165683,nan
4.9819999999999995e-09,4.981999999999999,-6.0085400628711305,-0.15428917055135774,0.0024576736114811544,406.8888542923056,0.15350382977916974,nan
5.0085e-09,5.0085,-6.008513335406855,-0.15428848423517263,0.0024577392997426426,406.87797933031914,0.15350588117694017,nan
5.035e-09,5.035,-6.008514264421855,-0.15428850809071032,0.0024577370164670276,406.8783573262407,0.15350580987232362,nan
5.0615e-09,5.0615000000000006,-6.008537890208693,-0.1542891147610523,0.0024576789511820945,406.887970261136,0.1535039965352628,nan
5.088e-09,5.088,-6.008536595290936,-0.15428908150974924,0.00245768213367627,406.88744337501936,0.1535040959228204,nan
5.1145e-09,5.1145000000000005,-6.008509475592403,-0.15428838512165022,0.0024577487861786192,406.8764088598451,0.15350617742933537,nan
5.141e-09,5.141,-6.008504081856028,-0.154288246619601,0.0024577620426633985,406.8742142816771,0.15350659141582007,nan
5.167500000000001e-09,5.1675,-6.0085271785759335,-0.15428883970439689,0.0024577052770774566,406.8836118499672,0.15350481867668342,nan
5.194000000000001e-09,5.194000000000001,-6.008532002779017,-0.15428896358179214,0.0024576934206366804,406.8855747438767,0.15350444840792019,nan
5.2205e-09,5.2205,-6.008506020186903,-0.15428829639266733,0.0024577572787119637,406.8750029392934,0.1535064426426093,nan
5.247000000000001e-09,5.247000000000001,-6.008494493939507,-0.15428800041808252,0.0024577856075936617,406.87031322437747,0.153507327321776,nan
5.273500000000001e-09,5.273500000000001,-6.00851554824774,-0.1542885410571928,0.0024577338611626535,406.8788796875431,0.15350571133498916,nan
5.3e-09,5.300000000000001,-6.008526108912596,-0.15428881223724722,0.002457707905996092,406.8831766217178,0.1535049007759437,nan
5.3265000000000006e-09,5.3265,-6.0085027250886345,-0.15428821178010363,0.0024577653772770614,406.8736622483844,0.15350669555222435,nan
5.353000000000001e-09,5.353000000000001,-6.00848562309651,-0.1542877726298022,0.002457807410320611,406.86670395771733,0.15350800819298574,nan
5.3795e-09,5.3795,-6.008503234194933,-0.15428822485309435,0.002457764126013546,406.87386939038123,0.15350665647661654,nan
5.4060000000000006e-09,5.406000000000001,-6.0085187953422405,-0.15428862443710076,0.002457725880681505,406.8802008638608,0.1535054621114159,nan
5.432500000000001e-09,5.432500000000001,-6.008499315565107,-0.15428812422929236,0.0024577737571002257,406.87227500542514,0.1535069572447925,nan
5.459e-09,5.4590000000000005,-6.008477528755792,-0.15428756478079023,0.0024578273047317248,406.86341065331743,0.15350862946730354,nan
5.4855000000000005e-09,5.485500000000001,-6.008490493195948,-0.15428789768573842,0.002457795440583269,406.8686854438488,0.15350763439380863,nan
5.512e-09,5.512,-6.008510008332086,-0.15428839880150638,0.0024577474768386577,406.87662561911213,0.15350613653992462,nan
5.5385e-09,5.5385,-6.008495501857308,-0.15428802629971097,0.0024577831303490456,406.8707233164155,0.1535072499604116,nan
5.5650000000000005e-09,5.565,-6.008470202672044,-0.15428737665932094,0.0024578453110463564,406.86042994881524,0.15350919177687125,nan
5.5915e-09,5.5915,-6.008477587593621,-0.1542875662916464,0.0024578271601185067,406.8634345922778,0.1535086249512464,nan
5.618e-09,5.618,-6.008499761398978,-0.15428813567755392,0.0024577726613416815,406.872456402907,0.1535069230254958,nan
5.6445000000000005e-09,5.644500000000001,-6.008490995713613,-0.15428791058954416,0.0024577942054979543,406.8688899026019,0.15350759582366447,nan
5.671e-09,5.671,-6.008463568263325,-0.15428720629889933,0.002457861617450808,406.8577306793856,0.15350970099907596,nan
5.6975e-09,5.6975,-6.008464768611709,-0.1542872371218205,0.0024578586671623573,406.8582190506984,0.15350960886654286,nan
5.7240000000000005e-09,5.724,-6.008488133875268,-0.15428783710236427,0.0024578012393177205,406.8677255112775,0.15350781548078363,nan
5.7505e-09,5.7505,-6.008485526861529,-0.15428777015865028,0.0024578076468476716,406.8666648029098,0.15350801557940605,nan
5.777e-09,5.777,-6.008457484019562,-0.1542870500657855,0.002457876571725517,406.8552552653058,0.15351016799500675,nan
5.8035000000000005e-09,5.8035000000000005,-6.008452260230763,-0.1542869159277033,0.002457889411187157,406.8531299449317,0.1535105689478784,nan
5.83e-09,5.83,-6.008475265462716,-0.1542875066632429,0.0024578328675215417,406.8624898032191,0.15350880318491097,nan
5.8565e-09,5.8565000000000005,-6.008478858424912,-0.15428759892444965,0.002457824036636829,406.8639516473902,0.1535085274094954,nan
5.8830000000000005e-09,5.883000000000001,-6.008451750791879,-0.15428690284617233,0.002457890663331914,406.85292267818005,0.15351060805000985,nan
5.9095e-09,5.9094999999999995,-6.008440244593359,-0.15428660738640884,0.0024579189444725313,406.84824137461527,0.1535114912143159,nan
5.936e-09,5.936,-6.0084613470859125,-0.1542871492628112,0.0024578670768035794,406.8568269771877,0.1535098714853109,nan
5.9625000000000005e-09,5.9625,-6.008470800354235,-0.15428739200679115,0.0024578438420364227,406.8606731221214,0.153509145902023,nan
5.989e-09,5.989,-6.008446122540045,-0.15428675832216182,0.0024579044969984783,406.85063281391564,0.15351104004879837,nan
6.0155e-09,6.0155,-6.00842884982,-0.15428631478785548,0.0024579469520614097,406.8436054575257,0.15351236583113265,nan
6.0420000000000004e-09,6.042000000000001,-6.008446608577614,-0.15428677080278652,0.0024579033023648415,406.85083055865636,0.15351100274273652,nan
6.0685e-09,6.0685,-6.008461220051078,-0.154287146000771,0.0024578673890383357,406.85677529220146,0.15350988123586173,nan
6.094999999999999e-09,6.095,-6.008440319904295,-0.1542866093202666,0.0024579187593643617,406.84827201473837,0.15351148543376894,nan
6.1215e-09,6.121499999999999,-6.008418140977412,-0.15428603980284694,0.002457973273969347,406.8392486567252,0.1535131878032137,nan
6.148e-09,6.148,-6.008431303920043,-0.15428637780500376,0.0024579409200210897,406.8446038936606,0.1535121774638964,nan
6.1745e-09,6.1745,-6.008450049534886,-0.15428685916076332,0.0024578948448391504,406.852230517389,0.1535107386305631,nan
6.201e-09,6.2010000000000005,-6.008434045796804,-0.1542864482117726,0.0024579341806592403,406.84571941295474,0.1535119670083047,nan
6.227500000000001e-09,6.227500000000001,-6.0084081147538235,-0.15428578234634255,0.00245799791828251,406.83516961590243,0.15351395738391505,nan
6.253999999999999e-09,6.254,-6.008415694916348,-0.1542859769921261,0.0024579792863294214,406.8382535042969,0.15351337555464428,nan
6.2804999999999996e-09,6.2805,-6.00843728870232,-0.15428653148411445,0.0024579262098238528,406.84703877732153,0.15351171809610423,nan
6.307e-09,6.3069999999999995,-6.008427002082255,-0.15428626734106793,0.002457951493706962,406.8428537179345,0.15351250765649443,nan
6.3335e-09,6.3335,-6.00839869817594,-0.15428554054451116,0.0024580210643203233,406.8313386388793,0.15351468017368455,nan
6.36e-09,6.36,-6.008400034264609,-0.15428557485301378,0.002458017780188425,406.8318822019842,0.15351457761910647,nan
6.386500000000001e-09,6.386500000000001,-6.008423004463896,-0.1542861646889737,0.002457961319678619,406.84122731872407,0.15351281449901055,nan
6.413e-09,6.413,-6.008418906347568,-0.15428605945626117,0.002457971392710677,406.83956003946383,0.15351312905601866,nan
6.4395e-09,6.439500000000001,-6.00838975146195,-0.15428531080799177,0.0024580430556301425,406.8276988515324,0.15351536690118894,nan
6.466e-09,6.466,-6.0083845490465535,-0.15428517721874246,0.0024580558434244434,406.8255823703537,0.15351576622706248,nan
6.4925e-09,6.4925,-6.0084073257876565,-0.1542857620870226,0.002457999857560471,406.83484863684464,0.15351401794258626,nan
6.519e-09,6.519,-6.008409507750548,-0.154285818116148,0.0024579944943018467,406.8357363363557,0.1535138504617324,nan
6.545500000000001e-09,6.5455000000000005,-6.008381074855096,-0.1542850880073679,0.00245806438319589,406.824168982846,0.1535160328988759,nan
6.572e-09,6.572,-6.0083694256235844,-0.15428478887475852,0.002458093017923747,406.81942982152077,0.153516927073384,nan
6.5985e-09,6.5985000000000005,-6.008390434925978,-0.1542853283581948,0.0024580413756467075,406.82797690372536,0.15351531444008237,nan
6.625000000000001e-09,6.625000000000001,-6.008398600988116,-0.15428553804889183,0.0024580213032100538,406.8312990998287,0.1535146876335636,nan
6.651500000000001e-09,6.651500000000001,-6.008372419045038,-0.15428486574077063,0.0024580856598263845,406.8206476053525,0.15351669730312445,nan
6.678e-09,6.678,-6.008354796852267,-0.15428441323259434,0.0024581289770674026,406.8134785966439,0.15351804995950039,nan
6.7045000000000006e-09,6.7045,-6.008372555331997,-0.15428486924038975,0.002458085324821389,406.82070304970506,0.1535166868419629,nan
6.731e-09,6.731,-6.008386037531997,-0.15428521544053714,0.0024580521846468244,406.8261879247617,0.15351565197411332,nan
6.7575e-09,6.7575,-6.008363498564645,-0.15428463667788572,0.00245810758722912,406.8170185859282,0.15351738202599563,nan
6.7840000000000006e-09,6.784000000000001,-6.008340732396608,-0.1542840520811041,0.002458163549556525,406.8077570267483,0.15351912953719954,nan
6.810500000000001e-09,6.810500000000001,-6.008353936972371,-0.1542843911523295,0.002458131090763999,406.8131287860629,0.15351811596305695,nan
6.837000000000001e-09,6.8370000000000015,-6.0083717334405975,-0.15428484813560542,0.0024580873451014065,406.8203686874055,0.15351674992899814,nan
6.8635e-09,6.8635,-6.008354007369043,-0.15428439295999724,0.0024581309177197576,406.8131574243542,0.15351811055947484,nan
6.89e-09,6.89,-6.008327232732784,-0.15428370543251518,0.002458196734162059,406.8022652958557,0.1535201657690164,nan
6.9165e-09,6.9165,-6.0083348399044265,-0.15428390077184734,0.002458178034308697,406.8053599222832,0.1535195818430011,nan
6.9430000000000005e-09,6.9430000000000005,-6.008355673256521,-0.15428443573717682,0.002458126822753654,406.8138351298634,0.1535179826875791,nan
6.969500000000001e-09,6.969500000000001,-6.008343635669034,-0.15428412663224128,0.002458156412848433,406.8089381022064,0.1535189066834335,nan
6.996000000000001e-09,6.996000000000001,-6.008314227222668,-0.15428337147295973,0.0024582287044724468,406.79697465928297,0.1535211640762967,nan
7.0225e-09,7.0225,-6.00831551709234,-0.15428340459463652,0.002458225533679838,406.79749937470183,0.15352106506518184,nan
7.049e-09,7.049,-6.008337909732637,-0.154283979599856,0.002458170488136004,406.80660874677,0.15351934620381033,nan
7.0755e-09,7.0755,-6.008332087009698,-0.1542838300821557,0.002458184801423363,406.8042400314939,0.1535197931547703,nan
7.1020000000000005e-09,7.102,-6.0083015763900836,-0.15428304662092482,0.002458259803308953,406.7918283714133,0.15352213516464042,nan
7.128500000000001e-09,7.128500000000001,-6.00829619748874,-0.1542829084998142,0.002458273026081475,406.78964028418574,0.15352254805540524,nan
7.155000000000001e-09,7.155000000000001,-6.008318559377779,-0.1542834827153933,0.002458218055067468,406.79873697069326,0.15352083153790907,nan
7.1815e-09,7.1815,-6.008319094565714,-0.15428349645811643,0.002458216739459176,406.7989546845274,0.1535207904566662,nan
7.208e-09,7.208,-6.008289078282317,-0.15428272569060555,0.0024582905270968875,406.7867442750747,0.15352309453573293,nan
7.2345e-09,7.234500000000001,-6.008277070397778,-0.1542824173483916,0.0024583200461429306,406.7818596561444,0.15352401628229662,nan
7.2610000000000005e-09,7.261,-6.00829779406415,-0.1542829494971768,0.0024582691012663424,406.79028975504116,0.15352242550029155,nan
7.287500000000001e-09,7.2875000000000005,-6.008304435666206,-0.15428312004231118,0.0024582527744754436,406.7929915032379,0.15352191568370963,nan
7.314000000000001e-09,7.314000000000001,-6.008276478553173,-0.15428240215082076,0.0024583215010868186,406.7816189045664,0.15352406171348373,nan
7.3405e-09,7.3405,-6.008258272062317,-0.15428193463885556,0.002458366258902188,406.7742129061605,0.1535254592870578,nan
7.367e-09,7.367,-6.008275829176373,-0.15428238547592024,0.0024583230974642854,406.78135475010646,0.15352411156097373,nan
7.3935e-09,7.3935,-6.008287943662042,-0.15428269655547136,0.0024582933163247436,406.7862827268488,0.15352318163096548,nan
7.4200000000000004e-09,7.420000000000001,-6.008263483678171,-0.15428206846435707,0.002458353446875005,406.77633286262153,0.15352505922972026,nan
7.446500000000001e-09,7.4465,-6.0082398752917925,-0.15428146224082953,0.0024584114853181275,406.76672964314446,0.15352687147987484,nan
7.473e-09,7.473,-6.008252908991608,-0.1542817969242489,0.0024583794433296184,406.7720313531439,0.15352587097155668,nan
7.4995e-09,7.4995,-6.008269516404358,-0.1542822233745865,0.0024583386163465233,406.77878684025916,0.1535245961430961,nan
7.526e-09,7.526000000000001,-6.008249776521254,-0.15428171648769565,0.0024583871441424053,406.7707571538105,0.1535261114293647,nan
7.552500000000001e-09,7.552500000000001,-6.008221882766957,-0.1542810002231507,0.002458455718745767,406.75941094850026,0.15352825265411152,nan
7.579000000000001e-09,7.5790000000000015,-6.008229290150657,-0.15428119043226557,0.002458437508088395,406.76242398269017,0.1535276840338264,nan
7.605500000000001e-09,7.605500000000002,-6.008249120800334,-0.15428169964988886,0.002458388756158812,406.7704904258031,0.15352616176451442,nan
7.632e-09,7.632,-6.00823503332658,-0.15428133790733276,0.0024584233888898365,406.76476009755805,0.15352724316621022,nan
7.6585e-09,7.6585,-6.008204224441696,-0.15428054678715306,0.002458499131339783,406.75222832193566,0.15352960818600667,nan
7.685e-09,7.6850000000000005,-6.008205224199115,-0.15428057245923665,0.002458496673438268,406.7526349756966,0.1535295314398435,nan
7.711500000000001e-09,7.711500000000001,-6.008226793146605,-0.15428112631341473,0.0024584436468244797,406.7614082965372,0.15352787571357066,nan
7.738000000000001e-09,7.738000000000001,-6.008218941117599,-0.15428092468655866,0.0024584629506710903,406.7582144067001,0.1535284784674205,nan
7.764500000000001e-09,7.764500000000002,-6.008186759218093,-0.15428009830968015,0.002458542069951806,406.74512436535315,0.153530948906329,nan
7.791e-09,7.791,-6.008180940238436,-0.15427994888810098,0.0024585563761997213,406.74275753063506,0.15353139560371304,nan
7.8175e-09,7.817500000000001,-6.008202635190429,-0.15428050597786208,0.0024585030385157487,406.7515818909549,0.15352973018461732,nan
7.844e-09,7.844,-6.008201214455795,-0.15428046949579388,0.0024585065313986443,406.7510040053056,0.15352983924715857,nan
7.870500000000001e-09,7.870500000000001,-6.008169280814668,-0.15427964949377165,0.00245858504171748,406.73801517210717,0.1535322906501235,nan
7.897000000000001e-09,7.897000000000001,-6.0081566287271535,-0.15427932460951227,0.0024586161481473696,406.7328691196979,0.15353326190518438,nan
7.923500000000001e-09,7.9235000000000015,-6.008176806126119,-0.1542798427310722,0.0024585665401689262,406.7410760138673,0.1535317129620578,nan
7.95e-09,7.95,-6.008181610542421,-0.15427996610037628,0.002458554728220138,406.7430301720176,0.15353134414736855,nan
7.9765e-09,7.976500000000001,-6.008151527496121,-0.15427919361850673,0.002458628690148351,406.73079428665625,0.15353365351000384,nan
8.003e-09,8.003,-6.008132427408235,-0.15427870316047754,0.0024586756506208857,406.7230257669292,0.15353511977014306,nan
8.029500000000001e-09,8.0295,-6.008149510978244,-0.15427914183773012,0.0024586336480220566,406.72997410756534,0.15353380831176042,nan
8.056000000000001e-09,8.056000000000001,-6.00815994174058,-0.154279409682107,0.002458608002732554,406.7342166333864,0.15353300757651597,nan
8.082500000000001e-09,8.082500000000001,-6.0081331950983525,-0.15427872287346442,0.0024586737631206107,406.7233380042966,0.1535350608364573,nan
8.109e-09,8.109,-6.008108410217549,-0.15427808643954513,0.0024587347018119408,406.7132575397661,0.15353696352233773,nan
8.1355e-09,8.1355,-6.0081209860433,-0.15427840936553114,0.002458703781387187,406.718372326985,0.15353599809832316,nan
8.162e-09,8.162,-6.008136084743972,-0.15427879707468822,0.002458666658435006,406.72451329230677,0.15353483900565953,nan
8.188500000000001e-09,8.188500000000001,-6.008113952580775,-0.15427822875808112,0.00245872107464891,406.715511698615,0.15353653804411704,nan
8.215000000000001e-09,8.215000000000002,-6.0080845798539055,-0.15427747451601598,0.0024587932950521337,406.7035655304229,0.1535387929540734,nan
8.241500000000001e-09,8.241500000000002,-6.008091482241802,-0.1542776517576907,0.0024587763235656254,406.7063727658795,0.15353826306283472,nan
8.268e-09,8.268,-6.008109985813785,-0.15427812689819798,0.00245873082784185,406.7138983561489,0.1535368425662544,nan
8.2945e-09,8.294500000000001,-6.008093459181879,-0.15427770252217615,0.002458771462716977,406.707176800802,0.15353811129493694,nan
8.321e-09,8.321,-6.008060864476031,-0.15427686554512732,0.002458851606955684,406.6939205160514,0.15354061358011428,nan
8.3475e-09,8.3475,-6.008061247363241,-0.1542768753770248,0.0024588506654930325,406.6940762339817,0.1535405841857485,nan
8.374000000000001e-09,8.374,-6.00808166173911,-0.15427739958375178,0.0024588004701036953,406.70237872446273,0.15353901697614852,nan
8.400500000000001e-09,8.400500000000001,-6.008071382151007,-0.15427713562127413,0.002458825745689667,406.6981980130168,0.15353980613710275,nan
8.427e-09,8.427,-6.008037118745671,-0.15427625579483806,0.0024589099948761663,406.68426338653404,0.15354243655794092,nan
8.4535e-09,8.4535,-6.008030508258988,-0.15427608604869397,0.0024589262495216665,406.6815750145127,0.15354294405389565,nan
8.48e-09,8.48,-6.008051196428884,-0.15427661728598957,0.002458875379363863,406.6899885990605,0.15354135580085376,nan
8.5065e-09,8.5065,-6.008047413987757,-0.1542765201592836,0.0024588846799328125,406.6884503210311,0.15354164618169774,nan
8.533000000000001e-09,8.533000000000001,-6.00801312917738,-0.15427563978320216,0.002458968983772966,406.67450732364705,0.1535442782773701,nan
8.5595e-09,8.5595,-6.007999454047969,-0.15427528862895304,0.002459002610721963,406.6689460351569,0.15354532814989727,nan
8.586e-09,8.586,-6.008018733305937,-0.1542757836877676,0.0024589552034332772,406.6767863862529,0.15354384803703558,nan
8.6125e-09,8.6125,-6.008021288143421,-0.1542758492916834,0.0024589489212103756,406.67782538067814,0.1535436518973716,nan
8.639e-09,8.639000000000001,-6.007988623495779,-0.15427501051864728,0.002459029243222296,406.664541609764,0.15354615964249368,nan
8.6655e-09,8.665500000000002,-6.007968221345848,-0.1542744866258618,0.002459079413217386,406.65624486345075,0.15354772598636798,nan
8.692000000000001e-09,8.692,-6.0079844639257765,-0.1542749037079081,0.002459039471747844,406.6628500636538,0.15354647898582557,nan
8.7185e-09,8.718499999999999,-6.007992792222813,-0.1542751175645236,0.0024590189922219776,406.6662368867662,0.15354583959681384,nan
8.745e-09,8.745,-6.007963283458414,-0.15427435982924423,0.0024590915559046995,406.65423684564695,0.15354810508752934,nan
8.7715e-09,8.7715,-6.007936882413203,-0.15427368189494994,0.0024591564793490653,406.6435008904754,0.15355013201613982,nan
8.798e-09,8.798,-6.007948613472445,-0.15427398312875734,0.002459127631007931,406.64827127745565,0.15354923136593357,nan
8.8245e-09,8.8245,-6.007961777869609,-0.15427432116826412,0.002459095258288205,406.65362459204107,0.15354822067772692,nan
8.851000000000001e-09,8.851,-6.0079367603899865,-0.15427367876159961,0.002459156779423267,406.64345127053053,0.1535501413844806,nan
8.8775e-09,8.8775,-6.0079054369495,-0.15427287442850024,0.002459233809880718,406.630713998074,0.1535525462626705,nan
8.904e-09,8.904,-6.007911423975418,-0.15427302816522387,0.002459219086428233,406.63314851398576,0.15355208660182135,nan
8.9305e-09,8.9305,-6.007928166709265,-0.15427345809037887,0.00245917791272228,406.6399567215583,0.153550801166343,nan
8.957e-09,8.957,-6.007908692505982,-0.15427295802569757,0.002459225803719179,406.63203780948567,0.15355229631338027,nan
8.9835e-09,8.983500000000001,-6.007873808044442,-0.1542720622515861,0.0024593115939835117,406.6178529172194,0.15355497463132567,nan
9.010000000000001e-09,9.010000000000002,-6.007873136233439,-0.1542720450006131,0.002459313246176656,406.6175797469635,0.15355502621129513,nan
9.0365e-09,9.0365,-6.007891951958266,-0.15427252815667872,0.0024592669728506866,406.625230623432,0.153553581593531,nan
9.063e-09,9.063,-6.007878722988776,-0.15427218845906357,0.002459299506633631,406.6198514262431,0.15355459727471307,nan
9.0895e-09,9.0895,-6.007841842552727,-0.15427124143169452,0.00245939020834436,406.60485538534823,0.15355742888107313,nan
9.116e-09,9.116,-6.007833971515863,-0.1542710393167487,0.002459409566371537,406.6016549961376,0.15355803321035405,nan
9.1425e-09,9.1425,-6.007853195563259,-0.15427153295784893,0.002459362287019919,406.60947160075756,0.1535565572139935,nan
9.169000000000001e-09,9.169,-6.007846517726746,-0.15427136148227485,0.0024593787102940344,406.6067563382476,0.15355706992764173,nan
9.1955e-09,9.1955,-6.007809315893839,-0.1542704062019768,0.002459470205391751,406.5916301030031,0.15355992625643536,nan
9.222e-09,9.222,-6.007794114132896,-0.15427001584640584,0.002459507593954046,406.58544924122083,0.15356109345151592,nan
9.2485e-09,9.2485,-6.007812021001593,-0.15427047566457955,0.002459463552268827,406.592729978662,0.15355971855850223,nan
9.275e-09,9.275,-6.007811781639173,-0.1542704695181565,0.002459464140972044,406.592632655654,0.15355973693671623,nan
9.3015e-09,9.3015,-6.007775941012586,-0.15426954919133995,0.002459552291287598,406.578060382075,0.1535624887999685,nan
9.328000000000001e-09,9.328000000000001,-6.007753695920632,-0.15426897797491293,0.002459607004863034,406.5690161163312,0.1535641968153092,nan
9.3545e-09,9.3545,-6.007768602135998,-0.15426936074137212,0.0024595703417045586,406.5750765668157,0.1535630522890792,nan
9.381e-09,9.381,-6.0077742725851895,-0.15426950634893954,0.0024595563948754465,406.5773820366663,0.1535626169039536,nan
9.4075e-09,9.4075,-6.007741380983889,-0.15426866174811646,0.002459637294954222,406.5640092754455,0.15356514238490523,nan
9.434e-09,9.434000000000001,-6.0077127835803505,-0.15426792741504625,0.0024597076352002737,406.5523827666528,0.15356733818277685,nan
9.4605e-09,9.4605,-6.007723148755115,-0.15426819357524493,0.002459682140032896,406.5565967749906,0.15356654230869,nan
9.487e-09,9.486999999999998,-6.007733811994045,-0.1542684673892285,0.0024596559119943826,406.5609320082344,0.1535657235525065,nan
9.5135e-09,9.513499999999999,-6.007705264522134,-0.1542677343383182,0.002459726129954711,406.54932588711097,0.15356791552474014,nan
9.54e-09,9.54,-6.007671369645978,-0.15426686397508965,0.002459809503480222,406.5355461815909,0.1535705181295329,nan
9.5665e-09,9.5665,-6.007675889634983,-0.15426698004078068,0.0024597983851934384,406.5373837219428,0.15357017106139834,nan
9.593e-09,9.593,-6.007690291541538,-0.15426734985744053,0.0024597629596620502,406.5432386775152,0.15356906521375335,nan
9.6195e-09,9.6195,-6.007667203475222,-0.15426675699485426,0.002459819751487988,406.5338524886153,0.1535708380303669,nan
9.645999999999999e-09,9.645999999999999,-6.007629367641236,-0.15426578543447825,0.0024599128225804403,406.5184712322461,0.153573743298214,nan
9.6725e-09,9.6725,-6.007627054111408,-0.1542657260269359,0.002459918513668713,406.5175307407251,0.15357392094703473,nan
9.699e-09,9.699,-6.007643675431282,-0.15426615283438497,0.00245987762691603,406.5242876547923,0.15357264465170595,nan
9.7255e-09,9.7255,-6.00762681125639,-0.15426571979082881,0.0024599191110723406,406.5174320159149,0.15357393959513452,nan
9.752e-09,9.752,-6.007586611741232,-0.15426468753510852,0.002460018000615577,406.5010905407063,0.15357702642511303,nan
9.7785e-09,9.778500000000001,-6.007576853249823,-0.15426443695351474,0.0024600420067972333,406.49712372266174,0.1535777757669876,nan
9.804999999999999e-09,9.805,-6.00759399809802,-0.1542648772042878,0.0024599998301120256,406.50409311388495,0.15357645923880456,nan
9.8315e-09,9.8315,-6.00758372110206,-0.15426461330837202,0.00246002511165025,406.499915494429,0.15357724839315767,nan
9.858e-09,9.858,-6.007542860983097,-0.15426356408946068,0.0024601256306225586,406.4833061988547,0.15358038601752816,nan
9.8845e-09,9.8845,-6.007525461731355,-0.15426311730603384,0.002460168435340108,406.4762337550088,0.15358172211523943,nan
9.911e-09,9.911,-6.007541357423593,-0.15426352548058958,0.0024601293295706136,406.4826950274757,0.1535805014761961,nan
9.9375e-09,9.9375,-6.0075376030450816,-0.1542634290744842,0.0024601385658446417,406.48116894044506,0.15358078977613396,nan
9.963999999999999e-09,9.963999999999999,-6.007497807799016,-0.15426240719971213,0.002460236469612264,406.4649932441661,0.15358384569919667,nan
9.9905e-09,9.990499999999999,-6.007473001539232,-0.1542617702168167,0.0024602974996342196,406.45491049300875,0.15358575063139773,nan
1.0017e-08,10.017,-6.007485903825986,-0.15426210152577038,0.002460265756375161,406.46015472464757,0.1535847598308957,nan
1.00435e-08,10.0435,-6.007488178560132,-0.1542621599371051,0.0024602601599309996,406.46107931449245,0.1535845851487462,nan
1.007e-08,10.07,-6.007451090381599,-0.15426120757525955,0.0024603514081911557,406.44600469296273,0.15358743326141097,nan
1.00965e-08,10.0965,-6.007419528429752,-0.1542603971175909,0.002460429062909288,406.4331766661742,0.15358985704012212,nan
1.0123e-08,10.123000000000001,-6.007427825830959,-0.1542606101808536,0.002460408647826908,406.4365490192956,0.15358921984311133,nan
1.0149500000000001e-08,10.149500000000002,-6.007435231969074,-0.15426080035798398,0.0024603904257681198,406.4395591556595,0.1535886510926768,nan
1.0176e-08,10.176,-6.0074023081569,-0.15425995493003997,0.002460471432533892,406.4261778362369,0.15359117947543807,nan
1.02025e-08,10.2025,-6.007365022012539,-0.15425899748476604,0.0024605631757372848,406.411024053613,0.15359404291357484,nan
1.0229e-08,10.229000000000001,-6.0073673329531925,-0.15425905682582275,0.0024605574895283826,406.41196324645557,0.15359386544031847,nan
1.02555e-08,10.2555,-6.007378617879752,-0.15425934660369564,0.002460529722474493,406.41654960149197,0.15359299879501773,nan
1.0282e-08,10.282,-6.007351039448729,-0.15425863843612028,0.002460597580959436,406.4053414252647,0.15359511673658155,nan
1.0308500000000001e-08,10.3085,-6.0073093800544495,-0.15425756869316745,0.002460700090099443,406.3884111775635,0.15359831610966618,nan
1.0335000000000001e-08,10.335,-6.007304636879624,-0.15425744689644114,0.002460711761657843,406.3864836108537,0.1535986803819312,nan
1.0361500000000001e-08,10.361500000000001,-6.007318264163736,-0.1542577968221037,0.0024606782290680293,406.3920215926588,0.1535976338190683,nan
1.0388000000000002e-08,10.388000000000002,-6.007296860275536,-0.1542572472063697,0.0024607308977133945,406.38332331635223,0.1535992776211552,nan
1.04145e-08,10.4145,-6.00725241737198,-0.1542561059875953,0.0024608402621695787,406.3652628628396,0.15360269085801942,nan
1.0441e-08,10.441,-6.007239932058573,-0.15425578538581358,0.0024608709867232994,406.3601892968476,0.1536036497498802,nan
1.0467500000000001e-08,10.467500000000001,-6.007254170241005,-0.15425615099831422,0.002460835948642688,406.365975168546,0.1536025562353789,nan
1.0494000000000001e-08,10.494000000000002,-6.007239363145475,-0.15425577077708516,0.0024608723867454345,406.35995811327916,0.15360369344345054,nan
1.0520500000000001e-08,10.520500000000002,-6.007193869404581,-0.15425460257458098,0.0024609843435828174,406.3414716991465,0.15360718748650456,nan
1.0547000000000002e-08,10.547000000000002,-6.007173376843237,-0.15425407636018296,0.002461034775972187,406.3331448069311,0.15360876139692412,nan
1.05735e-08,10.573500000000001,-6.007186400718625,-0.15425441079132762,0.0024610027239706607,406.33843687363657,0.1536077611094976,nan
1.06e-08,10.600000000000001,-6.007178174703556,-0.15425419956114048,0.0024610229682994183,406.33509434127956,0.15360839290067566,nan
1.0626500000000001e-08,10.6265,-6.007133400280166,-0.1542530498294961,0.0024611331616506775,406.3169013290211,0.15361183180277924,nan
1.0653000000000001e-08,10.653,-6.007105076312014,-0.15425232251778523,0.0024612028716951943,406.30539298502987,0.15361400726649954,nan
1.0679500000000001e-08,10.6795,-6.007115074709111,-0.1542525792597523,0.0024611782637345672,406.3094554080004,0.15361323932149692,nan
1.0706000000000002e-08,10.706000000000001,-6.00711297114319,-0.15425252524372882,0.0024611834409907327,406.30860071017577,0.1536134008893695,nan
1.07325e-08,10.7325,-6.007070614911729,-0.15425143760717297,0.0024612876896540014,406.2913913735034,0.1536166541662003,nan
1.0759e-08,10.759,-6.007035067799478,-0.1542505248173093,0.0024613751828788445,406.27694914449893,0.1536193845046888,nan
1.0785500000000001e-08,10.7855,-6.007040351415567,-0.15425066049165537,0.0024613621779516846,406.2790957615948,0.1536189786722991,nan
1.0812000000000001e-08,10.812000000000001,-6.00704349041836,-0.15425074109595063,0.00246135445174106,406.28037107481265,0.15361873756728678,nan
1.0838500000000001e-08,10.838500000000002,-6.007005074417297,-0.154249754637863,0.0024614490089525376,406.2647637074339,0.15362168830441839,nan
1.0865000000000002e-08,10.865000000000002,-6.006963310015131,-0.1542486821984848,0.0024615518120455985,406.24779665676834,0.15362489629689913,nan
1.08915e-08,10.8915,-6.006962412799174,-0.15424865915949293,0.002461554020590153,406.24743216492635,0.15362496521426872,nan
1.0918e-08,10.918000000000001,-6.006969540474081,-0.15424884218615795,0.002461536475495856,406.25032777487417,0.15362441772083948,nan
1.09445e-08,10.944500000000001,-6.006936313948515,-0.15424798898504483,0.0024616182651592774,406.23682971222007,0.15362696994486133,nan
1.0971000000000001e-08,10.971000000000002,-6.006889676420377,-0.15424679141201417,0.002461733071627508,406.2178842724313,0.1536305523776969,nan
1.0997500000000001e-08,10.9975,-6.006881444326618,-0.15424658002573652,0.0024617533369283755,406.2145402624857,0.15363118472955398,nan
1.1024e-08,11.024,-6.006891002945368,-0.15424682547493768,0.002461729806079233,406.2184231309641,0.15363045048034712,nan
1.10505e-08,11.0505,-6.00686386185923,-0.15424612853764105,0.002461796621006658,406.20739807136795,0.1536325353431384,nan
1.1077e-08,11.077,-6.006813953283148,-0.15424484696961843,0.002461919488836671,406.18712534443165,0.153636369181513,nan
1.11035e-08,11.1035,-6.006797614918112,-0.15424442742797217,0.002461959712904566,406.1804889651188,0.15363762427018077,nan
1.1130000000000001e-08,11.13,-6.006807832038904,-0.1542446897863947,0.0024619345588932947,406.1846389814385,0.15363683940510287,nan
1.1156500000000001e-08,11.156500000000001,-6.006787259054075,-0.15424416150685727,0.0024619852087566316,406.1762826369809,0.15363841979741427,nan
1.1183e-08,11.183,-6.00673584255189,-0.15424284121783668,0.0024621117986788742,406.1553990101434,0.15364236962325922,nan
1.12095e-08,11.2095,-6.006711057274844,-0.15424220477374254,0.0024621728235581807,406.1453324608065,0.15364427366940586,nan
1.1236e-08,11.236,-6.006720048598783,-0.15424243565577017,0.002462150685464254,406.1489842614745,0.1536435829382405,nan
1.12625e-08,11.262500000000001,-6.006706077333865,-0.1542420768972609,0.002462185085064052,406.14330988605826,0.15364465623958945,nan
1.1289000000000001e-08,11.289000000000001,-6.0066549694016995,-0.15424076453179777,0.002462310925468052,406.1225532717455,0.15364858252008962,nan
1.1315500000000001e-08,11.315500000000002,-6.006621849751651,-0.1542399140750676,0.002462392477694697,406.10910285764214,0.15365112693479882,nan
1.1342e-08,11.342,-6.0066277296444905,-0.15424006506079452,0.002462377999133366,406.11149074266825,0.15365067520938233,nan
1.13685e-08,11.368500000000001,-6.006619935602684,-0.15423986492295189,0.0024623971910852265,406.10832550506626,0.15365127399044215,nan
1.1395e-08,11.395,-6.006570894022735,-0.1542386056179271,0.0024625179538951144,406.0884097995059,0.15365504168725427,nan
1.14215e-08,11.4215,-6.006530000858458,-0.15423755555046786,0.00246261865610534,406.0718038989892,0.15365818343980406,nan
1.1448000000000001e-08,11.448,-6.00653099394329,-0.15423758105121071,0.0024626162105173197,406.07220716293864,0.15365810714201736,nan
1.1474500000000001e-08,11.4745,-6.0065285129179475,-0.15423751734266616,0.002462622320338126,406.07119968875156,0.15365829775696452,nan
1.1501e-08,11.501,-6.006483126960109,-0.154236351907849,0.0024627340913473267,406.0527701766269,0.1536617847610414,nan
1.15275e-08,11.5275,-6.006435437325422,-0.1542351273184974,0.0024628515410370193,406.03340613008913,0.1536654488419162,nan
1.1554e-08,11.554,-6.006429984421498,-0.15423498729712534,0.002462864970766467,406.0311920749721,0.15366586780395183,nan
1.15805e-08,11.5805,-6.006431557541493,-0.1542350276921925,0.0024628610963873835,406.03183081126144,0.15366574693657475,nan
1.1607000000000001e-08,11.607000000000001,-6.006391147094382,-0.15423399002009558,0.00246296062371642,406.01542321495833,0.15366885181871176,nan
1.1633500000000001e-08,11.633500000000002,-6.006337996461605,-0.15423262520152742,0.0024630915351110554,405.99384381178186,0.15367293567133247,nan
1.166e-08,11.66,-6.006324848415554,-0.15423228758188964,0.0024631239201648868,405.9885058211192,0.15367394592407072,nan
1.16865e-08,11.6865,-6.006328891382095,-0.1542323913984487,0.0024631139618574217,405.99014722238235,0.15367363527507388,nan
1.1713e-08,11.713000000000001,-6.006294421182016,-0.15423150626187251,0.0024631988673518507,405.9761529019723,0.1536762838783757,nan
1.17395e-08,11.739500000000001,-6.006237423284269,-0.1542300426520314,0.002463339268510271,405.9530137741684,0.1536806635533408,nan
1.1766000000000001e-08,11.766000000000002,-6.006215716902311,-0.15422948526876812,0.002463392739273651,405.9442020986297,0.1536823314879833,nan
1.1792500000000001e-08,11.7925,-6.006220409486964,-0.1542296057664242,0.0024633811796218098,405.9461070306321,0.1536819709047312,nan
1.1819e-08,11.818999999999999,-6.00619242376913,-0.15422888714041075,0.0024634501200770896,405.9347464963921,0.1536841213699137,nan
1.18455e-08,11.8455,-6.006133372614254,-0.15422737080639107,0.0024635955939468174,405.91077628854833,0.15368865904932869,nan
1.1872e-08,11.872,-6.006102683919547,-0.1542265827724923,0.002463671199639996,405.8983196077971,0.15369101731959045,nan
1.18985e-08,11.8985,-6.0061060745330135,-0.15422666983772512,0.0024636628462974116,405.8996958544387,0.1536907567663948,nan
1.1925000000000001e-08,11.925,-6.006084656256217,-0.15422611985251622,0.0024637156142752843,405.8910022755023,0.15369240267079265,nan
1.19515e-08,11.9515,-6.0060254160345,-0.1542245986635791,0.0024638615696576925,405.8669579147384,0.15369695512421958,nan
1.1978e-08,11.978,-6.005985787387628,-0.15422358106679318,0.0024639592110924655,405.85087427507455,0.15370000055557106,nan
1.20045e-08,12.0045,-6.005985906566419,-0.15422358412710346,0.002463958917440802,405.8509226438941,0.1536999913966812,nan
1.2031e-08,12.031,-6.005970663927313,-0.15422319272185023,0.002463996474963591,405.84473645189627,0.15370116279789478,nan
1.20575e-08,12.057500000000001,-6.005913053314975,-0.1542217133785323,0.002464138431398371,405.82135616159815,0.1537055902707147,nan
1.2084000000000001e-08,12.084000000000001,-6.005864992469837,-0.15422047925712265,0.0024642568628198557,405.8018525129305,0.15370928392538,nan
1.21105e-08,12.1105,-6.005859968524923,-0.15422035025069422,0.0024642692431416863,405.79981379189894,0.15370967003935254,nan
1.2137e-08,12.137,-6.005850049866089,-0.1542200955562712,0.002464293685508803,405.79578882195193,0.15371043233813114,nan
1.21635e-08,12.1635,-6.005795727632764,-0.1542187006529778,0.0024644275550813827,405.7737456871509,0.15371460734181475,nan
1.2189999999999999e-08,12.19,-6.005740178468104,-0.15421727424415793,0.0024645644557757572,405.75120592057533,0.15371887676012205,nan
1.2216499999999999e-08,12.216499999999998,-6.005728348335257,-0.1542169704663075,0.0024645936120731393,405.74640585829934,0.15371978602017777,nan
1.2243e-08,12.242999999999999,-6.005722484853049,-0.15421681990197791,0.002464608063216301,405.7440267784424,0.1537202366874536,nan
1.22695e-08,12.269499999999999,-6.0056728436798075,-0.15421554520040906,0.00246473041228889,405.72388566883575,0.1537240521612546,nan
1.2296e-08,12.296,-6.005611130046731,-0.1542139604984416,0.002464882524450836,405.69884774642367,0.15372879566931408,nan
1.23225e-08,12.3225,-6.005591138589384,-0.15421344715154872,0.002464931801537246,405.6907373162834,0.15373033230832475,nan
1.2349e-08,12.349,-6.005587712569335,-0.1542133591771346,0.002464940246457484,405.68934741406457,0.1537305956501506,nan
1.23755e-08,12.3755,-6.005543787565358,-0.15421223125714753,0.002465048521345583,405.6715278992299,0.15373397199573963,nan
1.2402e-08,12.402000000000001,-6.005477533324587,-0.1542105299600359,0.0024652118466742664,405.64465133049964,0.15373906484389252,nan
1.2428500000000001e-08,12.428500000000001,-6.005448414958389,-0.1542097822495236,0.0024652836306606855,405.632839792963,0.15374130317538118,nan
1.2455000000000001e-08,12.455000000000002,-6.005445549703678,-0.1542097086746172,0.002465290694336341,405.631677553223,0.15374152342953554,nan
1.2481500000000002e-08,12.481500000000002,-6.005407947298432,-0.15420874310829735,0.0024653833969389893,405.61642511326886,0.15374441398224198,nan
1.2507999999999999e-08,12.508,-6.005338977087833,-0.15420697206966322,0.002465553440814996,405.5884506277207,0.15374971596596654,nan
1.2534499999999999e-08,12.5345,-6.005300214590136,-0.15420597671412667,0.0024656490136768772,405.572729311038,0.15375269585634896,nan
1.2560999999999999e-08,12.561,-6.00529588085813,-0.1542058654312011,0.0024656596991620774,405.5709716713288,0.15375302901819948,nan
1.25875e-08,12.587499999999999,-6.005264732585157,-0.15420506559610794,0.0024657365013995665,405.5583390327369,0.15375542360750535,nan
1.2614e-08,12.613999999999999,-6.005194959069279,-0.15420327392994965,0.0024659085505066656,405.53004278870435,0.15376078772931848,nan
1.26405e-08,12.6405,-6.005146515748086,-0.15420202998720026,0.0024660280102000985,405.51039804242043,0.15376451211603712,nan
1.2667e-08,12.667,-6.0051386484578675,-0.154201827968462,0.0024660474112344582,405.50720778698184,0.15376511697224782,nan
1.26935e-08,12.6935,-6.005113592699759,-0.15420118457887058,0.0024661092006959652,405.49704762375814,0.15376704333510258,nan
1.272e-08,12.72,-6.005044896932793,-0.15419942058748587,0.0024662786177779817,405.4691926498394,0.15377232499829707,nan
1.2746500000000001e-08,12.746500000000001,-6.0049872198887755,-0.15419793953831448,0.002466420869540669,405.4458070597796,0.15377675962881965,nan
1.2773000000000001e-08,12.773000000000001,-6.004973838169358,-0.15419759591833893,0.002466453874713544,405.4403815340519,0.15377778853098695,nan
1.27995e-08,12.7995,-6.004954031287825,-0.1541970873110415,0.002466502727957059,405.4323511039756,0.15377931146774793,nan
1.2826e-08,12.826,-6.004888143313355,-0.1541953954190305,0.0024666652461797687,405.4056388675939,0.1537843776548717,nan
1.28525e-08,12.852500000000001,-6.004822137238881,-0.1541937004944106,0.0024668280664432163,405.378880515919,0.15378945309016587,nan
1.2879e-08,12.879000000000001,-6.004801460604343,-0.15419316955332354,0.0024668790726729306,405.37049873161106,0.15379104302254315,nan
1.29055e-08,12.9055,-6.004785617126922,-0.15419276271955623,0.0024669181569254325,405.3640763041443,0.15379226131982746,nan
1.2932e-08,12.932,-6.004724004009088,-0.1541911805986506,0.002467070156127047,405.33910132894613,0.1537969992031654,nan
1.29585e-08,12.958499999999999,-6.004650976733874,-0.15418930538144268,0.0024672503261168916,405.30950159964544,0.15380261499358516,nan
1.2985e-08,12.985,-6.0046215303168164,-0.15418854924713785,0.0024673229788686564,405.2975668627424,0.15380487947822818,nan
1.30115e-08,13.0115,-6.0046079900998635,-0.15418820155721302,0.0024673563871832607,405.29207908290954,0.15380592075747124,nan
1.3038e-08,13.038,-6.004551758219501,-0.15418675761740586,0.0024674951351734307,405.2692893879663,0.15381024521633163,nan
1.3064500000000001e-08,13.0645,-6.00447334092655,-0.1541847439936371,0.0024676886370491474,405.2375105133994,0.15381627602608977,nan
1.3091000000000001e-08,13.091000000000001,-6.004434043271717,-0.15418373489616824,0.0024677856133309,405.2215859424869,0.15381929836524388,nan
1.31175e-08,13.1175,-6.004420861909605,-0.15418339642103024,0.0024678181423210717,405.2162446052301,0.1538203121425204,nan
1.3144e-08,13.144,-6.004370679584836,-0.15418210782360328,0.0024679419862799223,405.1959104222544,0.15382417172137083,nan
1.31705e-08,13.1705,-6.004288726178903,-0.1541800033984196,0.002468144250819365,405.16270459800876,0.15383047505790867,nan
1.3197e-08,13.197000000000001,-6.004238954067528,-0.15417872533458044,0.0024682670986270775,405.14253929658963,0.15383430333931258,nan
1.3223500000000001e-08,13.223500000000001,-6.004224011372472,-0.15417834163138433,0.0024683039814652136,405.1364854204013,0.1538354526931482,nan
1.3250000000000001e-08,13.250000000000002,-6.004180056715434,-0.1541772129499567,0.0024684124773046152,405.1186781764897,0.15383883362258163,nan
1.3276500000000001e-08,13.276500000000002,-6.004096528136758,-0.1541750680769948,0.002468618668901756,405.0848406023284,0.15384525872630947,nan
1.3303000000000002e-08,13.303000000000003,-6.0040361542224705,-0.15417351777674534,0.0024687677135728408,405.06038478313695,0.15384990291663805,nan
1.3329500000000002e-08,13.329500000000001,-6.004017274446124,-0.15417303297594478,0.002468814323795119,405.0527374058559,0.153851355249372,nan
1.3356e-08,13.356,-6.003979211910806,-0.1541720555942611,0.0024689082949158883,405.0373203651407,0.1538542832635552,nan
1.3382500000000001e-08,13.3825,-6.003896052164787,-0.1541699201922995,0.002469113617239796,405.0036389649386,0.15386068063811537,nan
1.3409000000000001e-08,13.409,-6.003825452783266,-0.154168107319305,0.0024692879412875914,404.97504696781436,0.1538661119684237,nan
1.34355e-08,13.4355,-6.003800529462723,-0.15416746733048678,0.0024693494849093987,404.9649537706852,0.1538680294075856,nan
1.3462e-08,13.462,-6.003767516856879,-0.15416661962247116,0.0024694310059162373,404.9515850429554,0.15387056922085038,nan
1.34885e-08,13.4885,-6.00368652811521,-0.15416453996823815,0.0024696310101249793,404.9187898516846,0.15387680023890063,nan
1.3515e-08,13.515,-6.003606560389212,-0.15416248653196477,0.0024698285087975686,404.8864107115065,0.1538829529508039,nan
1.3541500000000001e-08,13.541500000000001,-6.003573678328852,-0.15416164217613693,0.0024699097231829143,404.8730974309958,0.1538854829658755,nan
1.3568000000000001e-08,13.568000000000001,-6.003544404252018,-0.15416089046723824,0.002469982028568255,404.8612453183144,0.15388773541008602,nan
1.3594500000000001e-08,13.594500000000002,-6.003467128532709,-0.15415890615715439,0.0024701729055811787,404.82996058315257,0.15389368141767915,nan
1.3621000000000002e-08,13.621000000000002,-6.003379077727805,-0.15415664516105337,0.002470390415869603,404.7943165485403,0.15390045679808165,nan
1.3647500000000002e-08,13.647500000000003,-6.003336624700671,-0.15415555503894793,0.0024704952936471345,404.77713216920296,0.1539037236028872,nan
1.3674000000000002e-08,13.674000000000003,-6.003309374539018,-0.15415485530077613,0.002470562615960516,404.76610207720466,0.15390582056784638,nan
1.3700500000000002e-08,13.700500000000002,-6.003236989174818,-0.15415299656675993,0.0024707414550078385,404.7368039958788,0.15391139093308617,nan
1.3727e-08,13.727,-6.0031424890633165,-0.15415056996334744,0.002470974951383371,404.69855812992023,0.15391866342669996,nan
1.37535e-08,13.753499999999999,-6.0030892503337725,-0.15414920288260295,0.002471106506452399,404.6770130663581,0.15392276069828006,nan
1.378e-08,13.78,-6.00306199719906,-0.154148503068088,0.0024711738527686032,404.66598449948816,0.1539248581514369,nan
1.38065e-08,13.8065,-6.002995230570972,-0.15414678861373463,0.0024713388502222715,404.6389672181378,0.1539299967590871,nan
1.3833e-08,13.833,-6.002896161220393,-0.15414424467997234,0.0024715836962853938,404.59888188408326,0.15393762182034482,nan
1.38595e-08,13.8595,-6.00283139092959,-0.15414258148819202,0.002471743786664642,404.5726767455112,0.15394260719333583,nan
1.3886000000000001e-08,13.886000000000001,-6.002801906377783,-0.15414182437465115,0.0024718166659967737,404.56074827731794,0.15394487667445295,nan
1.3912500000000001e-08,13.912500000000001,-6.00274097925856,-0.15414025986903238,0.002471967271253407,404.53610030724695,0.1539495664548138,nan
1.3939000000000002e-08,13.939000000000002,-6.0026393480790965,-0.15413765015182695,0.002472218512969559,404.4949889153723,0.15395738969159165,nan
1.3965500000000002e-08,13.965500000000002,-6.002562812841564,-0.1541356848560657,0.0024724077320415526,404.46403197997824,0.15396328138701645,nan
1.3992000000000002e-08,13.992000000000003,-6.0025287909459095,-0.15413481123119074,0.0024724918494703364,404.450271580965,0.15396590047063993,nan
1.4018500000000002e-08,14.018500000000003,-6.002473387330918,-0.15413338855984077,0.0024726288382516367,404.42786419456587,0.1539701656634522,nan
1.4045e-08,14.045,-6.002371200302552,-0.1541307645693734,0.0024728815217551384,404.38653902441945,0.15397803274127192,nan
1.40715e-08,14.0715,-6.00228319196928,-0.15412850466387223,0.002473099165513338,404.3509512051577,0.15398480856536406,nan
1.4098e-08,14.098,-6.002242379427141,-0.15412745666665348,0.0024732001010369475,404.3344489516746,0.1539879508531693,nan
1.41245e-08,14.1245,-6.002191649010026,-0.15412615399513985,0.0024733255706922194,404.313937416709,0.15399185683919592,nan
1.4151e-08,14.151,-6.002090779696825,-0.15412356384137454,0.0024735750659268516,404.2731566043251,0.15399962356146918,nan
1.41775e-08,14.1775,-6.001992096049186,-0.15412102981181297,0.002473819179381872,404.23326342302346,0.15400722237123127,nan
1.4204000000000001e-08,14.204,-6.00194242053448,-0.15411975422841326,0.002473942070675217,404.21318342634777,0.15401104761275616,nan
1.4230500000000001e-08,14.230500000000001,-6.001895013110477,-0.15411853688575583,0.00247405935667601,404.19402117479376,0.15401469828954092,nan
1.4257000000000002e-08,14.257000000000001,-6.001797077310858,-0.15411602205966957,0.0024743016675226716,404.15443804846285,0.15402224025051148,nan
1.4283500000000002e-08,14.283500000000002,-6.001688971359606,-0.15411324608124954,0.002474569168717099,404.1107489100553,0.1540305658359189,nan
1.4310000000000002e-08,14.310000000000002,-6.001628660324622,-0.1541116973956345,0.0024747184170454193,404.0863773074861,0.15403521077737622,nan
1.4336500000000002e-08,14.336500000000003,-6.001582790487882,-0.1541105195356236,0.002474831934578681,404.06784235643113,0.15403874360287387,nan
1.4363e-08,14.363,-6.001489034141818,-0.1541081120308526,0.00247506397665553,404.02996020784326,0.15404596482700772,nan
1.43895e-08,14.3895,-6.0013731346020425,-0.1541051359262295,0.0024753508520553805,403.98313603490226,0.15405489201388325,nan
1.4416e-08,14.416,-6.001300817190961,-0.1541032789371347,0.002475529869493481,403.9539220767352,0.15406046254007164,nan
1.44425e-08,14.4425,-6.001254355844345,-0.15410208588814828,0.002475644888616755,403.9351542695371,0.15406404150991732,nan
1.4469e-08,14.469000000000001,-6.001165563133149,-0.1540998058411455,0.0024758647175978352,403.89928936433677,0.15407088154372423,nan
1.44955e-08,14.4955,-6.001043770415139,-0.15409667840964894,0.002476166278254791,403.8501003675742,0.15408026418512039,nan
1.4522000000000001e-08,14.522,-6.000958556057666,-0.15409449024873198,0.0024763772921637672,403.81568800699057,0.15408682925033473,nan
1.4548500000000001e-08,14.5485,-6.000909143588004,-0.15409322141988513,0.0024764996591047908,403.79573496952617,0.15409063620275015,nan
1.4575000000000001e-08,14.575000000000001,-6.000825571048903,-0.15409107541809372,0.002476706635118019,403.76199014476674,0.1540970752101398,nan
1.4601500000000002e-08,14.601500000000001,-6.000699934641151,-0.1540878492871301,0.002477017819190326,403.7112661251967,0.15410675561567672,nan
1.4628000000000002e-08,14.628000000000002,-6.000601463197723,-0.1540853207066146,0.002477261746720129,403.67151405134746,0.15411434335980292,nan
1.4654499999999999e-08,14.654499999999999,-6.000546637787657,-0.15408391288259152,0.00247739756733441,403.64938320172956,0.15411856810874444,nan
1.4681e-08,14.681,-6.000467978787825,-0.15408189305219783,0.00247759244461357,403.6176337936685,0.15412462963415358,nan
1.47075e-08,14.7075,-6.000340563114682,-0.15407862123270114,0.0024779081488350806,403.5662098573436,0.15413444889364852,nan
1.4734e-08,14.734,-6.0002290230759705,-0.1540757570727095,0.002478184550220548,403.5211985770003,0.15414304521455294,nan
1.47605e-08,14.7605,-6.000166356611103,-0.15407414790362942,0.002478339854151722,403.4959121223012,0.15414787509008407,nan
1.4787e-08,14.787,-6.000091738765965,-0.15407223184326962,0.0024785247894308095,403.46580525008545,0.15415362628850485,nan
1.48135e-08,14.813500000000001,-5.999964485401714,-0.15406896419159138,0.002478840210117391,403.4144661356138,0.15416343488432413,nan
1.4840000000000001e-08,14.840000000000002,-5.9998405985094365,-0.15406578298523316,0.0024791473249508324,403.3644914667717,0.15417298459451736,nan
1.4866500000000001e-08,14.8665,-5.999767831964814,-0.15406391446314688,0.0024793277304989447,403.3351410943797,0.1541785940142428,nan
1.4893000000000001e-08,14.893,-5.999695848141492,-0.15406206604002293,0.0024795062084119373,403.30610853379363,0.1541841432964426,nan
1.49195e-08,14.9195,-5.999570442604602,-0.15405884583743348,0.002479817171717078,403.25553488589594,0.154193811372182,nan
1.4946e-08,14.946,-5.999435415252131,-0.1540553785628549,0.0024801520374718956,403.201088034641,0.15420422191466354,nan
1.49725e-08,14.9725,-5.99935058534221,-0.15405320027390237,0.0024803624374698063,403.1668859733622,0.15421076261850164,nan
1.4999e-08,14.999,-5.9992793568796845,-0.15405137124716914,0.0024805391161649344,403.1381700386412,0.1542162548140643,nan
1.50255e-08,15.025500000000001,-5.999157108082244,-0.15404823210432234,0.002480842377625187,403.0888898944321,0.15422568147800936,nan
1.5052e-08,15.052000000000001,-5.999012551853591,-0.15404452014428155,0.0024812010247648934,403.0306250960682,0.1542368290223042,nan
1.50785e-08,15.078500000000002,-5.998914101123097,-0.15404199209563926,0.002481445312843257,402.9909483897484,0.15424442157341892,nan
1.5105000000000002e-08,15.105000000000002,-5.998841369938363,-0.15404012448153526,0.0024816257978640763,402.96163944648515,0.1542500308651707,nan
1.5131500000000002e-08,15.131500000000003,-5.998723109733733,-0.15403708775902186,0.00248191929279279,402.91398793824027,0.15425915195494067,nan
1.5158000000000002e-08,15.158000000000003,-5.99857093533096,-0.1540331801771239,0.0024822970061173224,402.8526794076697,0.15427088954863583,nan
1.5184500000000003e-08,15.184500000000003,-5.998457798728795,-0.15403027502007668,0.002482577860653323,402.8071046024864,0.15427961663760004,nan
1.5211000000000003e-08,15.211000000000004,-5.998381043186482,-0.1540283040672604,0.0024827684195764853,402.77618811124626,0.15428553765903855,nan
1.5237500000000003e-08,15.237500000000002,-5.9982670523686945,-0.15402537697539734,0.0024830514485100533,402.7302779408967,0.15429433147694507,nan
1.5264e-08,15.264,-5.998109342844037,-0.1540213272609088,0.0024834430802549144,402.6667685483472,0.15430649879950173,nan
1.52905e-08,15.2905,-5.997981005120206,-0.15401803176470621,0.002483761820139837,402.6150945277432,0.1543164007896122,nan
1.5317e-08,15.317,-5.997897573026714,-0.15401588936932106,0.0024839690542330928,402.581504908781,0.15432283839407596,nan
1.53435e-08,15.3435,-5.9977875386480175,-0.15401306387213812,0.0024842423912626362,402.537209540065,0.15433132903646013,nan
1.537e-08,15.370000000000001,-5.997626409197135,-0.1540089263397146,0.0024846427081255513,402.4723541657279,0.15434376319848161,nan
1.53965e-08,15.396500000000001,-5.9974829291178295,-0.15400524201337326,0.002484999230434672,402.41461154299094,0.15435483622335855,nan
1.5423000000000002e-08,15.423000000000002,-5.9973901800588685,-0.15400286037403546,0.002485229722463608,402.37728969726794,0.1543619945222415,nan
1.5449500000000002e-08,15.449500000000002,-5.997283187129421,-0.15400011297613736,0.00248549563869729,402.33424047532225,0.15437025256412226,nan
1.5476000000000002e-08,15.476000000000003,-5.9971206396284735,-0.1539959390305809,0.002485899682639252,402.2688473648748,0.15438279932336388,nan
1.5502500000000003e-08,15.502500000000003,-5.996962638929034,-0.15399188183921528,0.0024862924875587544,402.2052936265282,0.1543949961002696,nan
1.5529000000000003e-08,15.529000000000003,-5.996858087471971,-0.15398919713420847,0.0024865524466503286,402.1632446752188,0.1544030674221377,nan
1.5555500000000003e-08,15.555500000000004,-5.99675264608733,-0.1539864895773631,0.002486814646006373,402.1208422613726,0.15441120787333176,nan
1.5582e-08,15.582,-5.996590427010949,-0.15398232406519533,0.002487218087503449,402.05561588037193,0.1544237326030245,nan
1.56085e-08,15.608500000000001,-5.996419044085455,-0.15397792324084458,0.0024876443907451314,401.98671631698414,0.1544369659655391,nan
1.5635e-08,15.635000000000002,-5.99630049516691,-0.153974879104645,0.002487939315778555,401.9390640511134,0.1544461204044979,nan
1.56615e-08,15.6615,-5.996194601996965,-0.1539721599467153,0.0024882027855089093,401.8965037029613,0.15445429801562194,nan
1.5688e-08,15.688,-5.996034072296689,-0.15396803781487542,0.002488602248018233,401.8319925557961,0.1544666957642504,nan
1.57145e-08,15.714500000000001,-5.99585088273885,-0.15396333381612745,0.002489058175723008,401.75838787276456,0.1544808447550763,nan
1.5741000000000002e-08,15.741000000000001,-5.9957165508719275,-0.15395988440044425,0.0024893925580132276,401.7044225431827,0.15449122095367582,nan
1.5767500000000002e-08,15.767500000000002,-5.995607781857219,-0.15395709139567346,0.0024896633415151465,401.66073192507434,0.15449962311108947,nan
1.5794000000000002e-08,15.794000000000002,-5.9954498068098,-0.15395303486300846,0.0024900566772673776,401.59728456358425,0.15451182713570952,nan
1.5820500000000003e-08,15.820500000000003,-5.995256714945107,-0.15394807658972876,0.00249053753337759,401.5197468812409,0.1545267453442535,nan
1.5847000000000003e-08,15.847000000000003,-5.995105319700777,-0.1539441890153049,0.0024909146174596176,401.45896330234683,0.15453844309417733,nan
1.5873500000000003e-08,15.873500000000003,-5.99499094886758,-0.1539412521652873,0.002491199521731898,401.4130507317991,0.1545472806921146,nan
1.59e-08,15.9,-5.994835814843034,-0.15393726858529602,0.002491586021518509,401.35078273980093,0.15455926892787258,nan
1.59265e-08,15.9265,-5.9946349222052735,-0.15393211000132626,0.002492086613087476,401.27016242067447,0.15457479461722134,nan
1.5953e-08,15.953000000000001,-5.994465753706802,-0.15392776603972502,0.002492508231299128,401.20228589126344,0.15458786976314273,nan
1.59795e-08,15.979500000000002,-5.994342891347875,-0.15392461114165454,0.002492814485553244,401.1529962599942,0.15459736657001003,nan
1.6006e-08,16.006,-5.99419025495197,-0.15392069169655245,0.0024931950088120888,401.091770385206,0.15460916561266994,nan
1.60325e-08,16.032500000000002,-5.993983713146633,-0.15391538805149121,0.0024937100109931752,401.00893672144656,0.154625133065236,nan
1.6059000000000002e-08,16.059,-5.993796662999037,-0.1539105849193123,0.002494176503446176,400.9339349554096,0.15463959506848646,nan
1.6085500000000002e-08,16.085500000000003,-5.9936624051751775,-0.15390713740493003,0.002494511388635825,400.88011005107927,0.1546499762046779,nan
1.6112000000000002e-08,16.112000000000002,-5.993511278373681,-0.15390325672366523,0.00249488840465118,400.8195308999458,0.15466166252432903,nan
1.6138500000000003e-08,16.138500000000004,-5.993301134841845,-0.15389786059234473,0.0024954127444034445,400.73531011762975,0.15467791395209843,nan
1.6165000000000003e-08,16.165000000000003,-5.993096689903767,-0.15389261079129665,0.0024959229710623037,400.6533901863103,0.1546937263185442,nan
1.61915e-08,16.1915,-5.992948270386762,-0.15388879962852953,0.002496293442236048,400.59392981630106,0.15470520652858272,nan
1.6218e-08,16.218,-5.992797043120925,-0.15388491636750995,0.0024966709784142067,400.53335367208183,0.15471690479354833,nan
1.62445e-08,16.2445,-5.992585088899267,-0.15387947374073,0.0024972002144530983,400.4484679331192,0.1547333021129697,nan
1.6271e-08,16.271,-5.992364287482369,-0.15387380393290426,0.0024977516606765407,400.3600581048719,0.15475038572214755,nan
1.62975e-08,16.2975,-5.992199222940474,-0.15386956535398327,0.002498163984939298,400.2939783091536,0.15476315814997266,nan
1.6324e-08,16.324,-5.9920457225162576,-0.15386562372209203,0.0024985474836036,400.2325377293699,0.15477503671102244,nan
1.63505e-08,16.3505,-5.9918333511374655,-0.15386017038342076,0.0024990781599259068,400.1475488184204,0.15479147247760305,nan
1.6377000000000002e-08,16.377000000000002,-5.991597703461121,-0.15385411934870266,0.0024996671312794367,400.05326608753586,0.15480971167749186,nan
1.6403500000000002e-08,16.4035,-5.991413922910958,-0.15384940017426904,0.002500126563696126,399.9797508337436,0.1548239378380961,nan
1.6430000000000002e-08,16.430000000000003,-5.991255507217863,-0.15384533232656658,0.002500522654351198,399.91639278287863,0.15483620159449268,nan
1.6456500000000002e-08,16.456500000000002,-5.991043593399096,-0.15383989073726473,0.0025010526058058292,399.83165395187837,0.1548526084290677,nan
1.6483000000000003e-08,16.483000000000004,-5.990794970303353,-0.15383350651567,0.0025016745025530445,399.73225892475847,0.15487185959305966,nan
1.65095e-08,16.5095,-5.990590920616571,-0.15382826686400827,0.002502185020535469,399.650702003643,0.1548876611763437,nan
1.6536e-08,16.536,-5.990424600137679,-0.15382399603474436,0.002502601219756627,399.58423743485906,0.1549005422069217,nan
1.65625e-08,16.5625,-5.9902134058819865,-0.15381857292260812,0.0025031298105742364,399.4998564499508,0.15491690012293985,nan
1.6589e-08,16.589000000000002,-5.989953901780538,-0.15381190929514651,0.002503779467317187,399.3961980491458,0.1549370022125381,nan
1.66155e-08,16.6155,-5.989728622300266,-0.1538061244982092,0.0025043435809935324,399.3062324153127,0.15495445525913965,nan
1.6642e-08,16.642,-5.989551204041634,-0.15380156869668693,0.00250478793668793,399.23539448305377,0.15496820174365966,nan
1.66685e-08,16.6685,-5.989340318277925,-0.15379615350610432,0.002505316216506275,399.1512102989237,0.1549845428989614,nan
1.6695e-08,16.695,-5.989072095992249,-0.153789266010382,0.0025059882882764923,399.0441634057898,0.1550053294469545,nan
1.6721500000000002e-08,16.721500000000002,-5.988825257021883,-0.15378292760211662,0.0025066069401958792,398.9456759111402,0.15502446130551326,nan
1.6748000000000002e-08,16.748,-5.988633502027556,-0.1537780036574122,0.0025070876406823647,398.8691834194619,0.1550393253754159,nan
1.6774500000000002e-08,16.774500000000003,-5.988421818021656,-0.15377256796931701,0.0025076184072126955,398.784758128943,0.15505573591659655,nan
1.6801000000000003e-08,16.801000000000002,-5.988146944372948,-0.15376550967781494,0.002508307780174744,398.6751577712421,0.15507704774902056,nan
1.68275e-08,16.8275,-5.987878846353134,-0.15375862537303028,0.002508980342676003,398.5682880773111,0.1550978370670933,nan
1.6854e-08,16.854,-5.987669631479935,-0.15375325308809668,0.0025095053135942,398.4849103856909,0.1551140623028763,nan
1.68805e-08,16.8805,-5.987455364062374,-0.153747751062349,0.0025100430764275704,398.399537199678,0.1551306811378577,nan
1.6907e-08,16.907,-5.987175645829971,-0.153740568370112,0.0025107452794450777,398.2881131697354,0.1551523790951105,nan
1.69335e-08,16.933500000000002,-5.986887178302899,-0.15373316101075057,0.0025114696524009624,398.1732365525504,0.15517475892059343,nan
1.696e-08,16.96,-5.9866576524698605,-0.15372726717463914,0.0025120461657249,398.0818559962374,0.1551925682504031,nan
1.69865e-08,16.9865,-5.986438394774558,-0.15372163700697922,0.002512597011564079,397.99458305393154,0.15520958276544825,nan
1.7013e-08,17.013,-5.98615522480109,-0.1537143656798558,0.0025133086043392775,397.8818988935461,0.15523155966792807,nan
1.7039500000000002e-08,17.0395,-5.985847786645904,-0.15370647118677375,0.002514081410088909,397.75959361818576,0.15525542355421387,nan
1.7066000000000002e-08,17.066000000000003,-5.985595511889418,-0.15369999319669264,0.002514715729372432,397.65926156971955,0.15527500830145735,nan
1.7092500000000002e-08,17.0925,-5.98536832891341,-0.1536941595211966,0.0025152870948754458,397.5689304164775,0.15529264722249683,nan
1.7119e-08,17.119,-5.985082551729839,-0.1536868212453169,0.002516006009257062,397.4553305201702,0.1553148383555652,nan
1.71455e-08,17.1455,-5.984757936497591,-0.15367848567387893,0.0025168228757085683,397.3263314044168,0.15534004918262667,nan
1.7172e-08,17.172,-5.984481004856912,-0.15367137453661553,0.0025175199601147453,397.2163144058732,0.15536155995918763,nan
1.71985e-08,17.1985,-5.984242558876225,-0.15366525164616351,0.0025181203242048904,397.12161106350436,0.15538008373315826,nan
1.7225e-08,17.225,-5.983954364244459,-0.15365785129429313,0.0025188461375471984,397.0071792371486,0.15540247519940226,nan
1.72515e-08,17.2515,-5.983614616587015,-0.15364912714770923,0.002519702055011635,396.87231988838556,0.15542887625521795,nan
1.7278e-08,17.278000000000002,-5.983311735085643,-0.15364134966180865,0.0025204653417399492,396.75213280642515,0.15545241630333267,nan
1.73045e-08,17.3045,-5.983058435935719,-0.1536348453670325,0.0025211038543323573,396.65164855527996,0.1554721055325742,nan
1.7331e-08,17.331000000000003,-5.982767287209265,-0.15362736915899503,0.0025218379773731133,396.5361807429261,0.1554947399327909,nan
1.7357500000000002e-08,17.3575,-5.982414538251447,-0.1536183111609547,0.002522727710008321,396.3963276863921,0.15552216765522364,nan
1.7384000000000002e-08,17.384,-5.9820850759700885,-0.15360985112547407,0.0025235589905651824,396.2657515590858,0.15554778910957018,nan
1.7410500000000002e-08,17.410500000000003,-5.981813247541183,-0.1536028710300783,0.0025242450588830504,396.1580499012598,0.15556893170189376,nan
1.7437e-08,17.436999999999998,-5.981517849803229,-0.15359528571459485,0.0025249908253069204,396.0410429920857,0.15559191075410234,nan
1.74635e-08,17.4635,-5.9811541407343185,-0.15358594627939479,0.002525909354397555,395.8970254649167,0.15562020842154908,nan
1.749e-08,17.49,-5.980798134093627,-0.153576804629555,0.0025268087549882973,395.7561085799829,0.15564791180093462,nan
1.75165e-08,17.5165,-5.980504187213455,-0.1535692565696514,0.0025275516117134766,395.6397944024892,0.15567078959114677,nan
1.7543e-08,17.543,-5.980202497870463,-0.15356150969636648,0.00252831426213456,395.5204520959107,0.15569427347142875,nan
1.75695e-08,17.5695,-5.979829601938389,-0.15355193435802145,0.002529257236042555,395.3729916236859,0.15572330505839715,nan
1.7596e-08,17.596,-5.979447716710501,-0.15354212818972762,0.0025302233064708013,395.22203334488177,0.1557530421122621,nan
1.76225e-08,17.622500000000002,-5.979128317964081,-0.1535339265688439,0.002531031585697865,395.0958200801261,0.1557779177617229,nan
1.7649e-08,17.649,-5.978817599981831,-0.15352594785533694,0.002531818144917904,394.97307577453427,0.15580212114192366,nan
1.7675500000000002e-08,17.675500000000003,-5.978436853392262,-0.15351617092535394,0.0025327823095815456,394.8227197485501,0.15583178452852853,nan
1.7702000000000002e-08,17.702,-5.978030304502749,-0.15350573143584478,0.0025338122187569152,394.66223763440473,0.15586346436774579,nan
1.7728500000000002e-08,17.728500000000004,-5.97768253052322,-0.1534968011868526,0.002534693565961541,394.525008241242,0.15589056935291282,nan
1.7755e-08,17.755,-5.977359445930425,-0.15348850491965316,0.0025355126187046953,394.39756387837065,0.1559157543076357,nan
1.77815e-08,17.7815,-5.976971597856382,-0.15347854563553123,0.0025364962031189024,394.24462720282787,0.15594599305206125,nan
1.7808e-08,17.808,-5.976542030574171,-0.15346751507253678,0.0025375860329600775,394.0753089791823,0.15597949129757357,nan
1.78345e-08,17.8345,-5.976163497943611,-0.1534577949932855,0.002538546773900831,393.9261668451988,0.15600901575505519,nan
1.7861e-08,17.861,-5.975824236747796,-0.1534490833382154,0.0025394081504225307,393.7925456502967,0.15603548190234745,nan
1.78875e-08,17.8875,-5.97542932774191,-0.1534389427412777,0.0025404111836111365,393.6370641301157,0.1560662948528457,nan
1.7914e-08,17.914,-5.9749786662365345,-0.15342737051422484,0.002541556307151584,393.4597070252348,0.1561014653508827,nan
1.79405e-08,17.9405,-5.974567628338404,-0.15341681575454874,0.002542601197844182,393.29801340763896,0.15613355045692487,nan
1.7967e-08,17.967000000000002,-5.9742080657463,-0.15340758279387667,0.002543515586501692,393.1566235752394,0.15616162287235522,nan
1.79935e-08,17.9935,-5.973805342361619,-0.15339724153687684,0.002544540125996837,392.9983220870784,0.15619307100713403,nan
1.8020000000000002e-08,18.020000000000003,-5.973335613688199,-0.1533851796971208,0.0025457356502187048,392.81376285636327,0.15622975949739507,nan
1.80465e-08,18.046499999999998,-5.972891017597869,-0.15337376321969204,0.0025468677259753874,392.6391582103168,0.15626449292797182,nan
1.8073e-08,18.073,-5.972506890546864,-0.15336389948516324,0.002547846234688067,392.4883638523147,0.15629450851975232,nan
1.80995e-08,18.0995,-5.97209476198471,-0.15335331671907532,0.0025488964912988655,392.3266415147445,0.15632671855384148,nan
1.8126e-08,18.126,-5.971607905208783,-0.1533408150585473,0.002550137740957677,392.13568111989935,0.15636477754706643,nan
1.81525e-08,18.1525,-5.971129403903841,-0.1533285279524159,0.002551358277185307,391.9480885699885,0.15640219239770325,nan
1.8179e-08,18.179,-5.970716496511226,-0.15331792518727586,0.002552411969402849,391.78628371420604,0.15643448554183914,nan
1.82055e-08,18.2055,-5.970292536731447,-0.15330703861548226,0.0025534943188394044,391.6202172928713,0.15646765002183644,nan
1.8232e-08,18.232,-5.969790208021731,-0.15329413966180044,0.002554777334566693,391.4235446157214,0.15650695405388967,nan
1.82585e-08,18.2585,-5.969278125721699,-0.15328099025237665,0.0025560859258448683,391.2231548591106,0.1565470314048977,nan
1.8285e-08,18.285,-5.968832452437532,-0.15326954611442775,0.0025572253589426384,391.0488359983572,0.15658191970675578,nan
1.83115e-08,18.311500000000002,-5.9683934485200485,-0.15325827323456198,0.0025583482373490777,390.87720170424694,0.15661629351725628,nan
1.8338000000000002e-08,18.338,-5.9678768335362165,-0.15324500743346625,0.0025596702598412635,390.6753208368387,0.15665675390461353,nan
1.83645e-08,18.3645,-5.967332084699738,-0.15323101920250504,0.0025610650170987868,390.4625588665512,0.156699429008361,nan
1.8391e-08,18.391,-5.966850059771435,-0.15321864161567117,0.0025622998118570513,390.2743915339245,0.15673720007534356,nan
1.84175e-08,18.4175,-5.96639210455454,-0.15320688209841324,0.0025634734991507374,390.0957042588089,0.1567730934938093,nan
1.8444e-08,18.444,-5.9658617492971615,-0.1531932634702769,0.0025648334113845877,389.8888698038929,0.1568146717235488,nan
1.84705e-08,18.4705,-5.965285714559876,-0.15317847187017194,0.002566311270133019,389.6643449444724,0.1568598435774902,nan
1.8497e-08,18.497,-5.964764296904605,-0.15316508274457724,0.002567649739058528,389.4612200364474,0.15690074365468631,nan
1.85235e-08,18.523500000000002,-5.964282921207296,-0.15315272182889986,0.00256888604078104,389.27378798631395,0.15693851230217376,nan
1.855e-08,18.55,-5.9637385916698165,-0.15313874436482947,0.002570284741974107,389.06195242475354,0.15698123124911328,nan
1.85765e-08,18.5765,-5.963132956635921,-0.15312319267905242,0.0025718418679383575,388.82639421436164,0.15702877511396182,nan
1.8603e-08,18.603,-5.962569760361649,-0.1531087307490152,0.002573290727654295,388.6074702921572,0.15707300035109056,nan
1.86295e-08,18.6295,-5.962060097581611,-0.15309564346878238,0.0025746025724312288,388.4094619915212,0.15711303258262244,nan
1.8656000000000002e-08,18.656000000000002,-5.961500677081693,-0.15308127849425968,0.0025760432608271286,388.1922385414114,0.15715698485490195,nan
1.86825e-08,18.682499999999997,-5.960867242229339,-0.1530650129560515,0.0025776755333242743,387.9464219107359,0.15720676709368603,nan
1.8709e-08,18.709,-5.960260604793207,-0.1530494355302764,0.0025792397222007845,387.7111504574423,0.15725445808117114,nan
1.87355e-08,18.7355,-5.959717578514137,-0.15303549153168294,0.002580640697498736,387.5006702673648,0.15729716052966625,nan
1.8762e-08,18.762,-5.9591410095540205,-0.15302068621363707,0.002582129043848051,387.27731380525324,0.15734251339675395,nan
1.87885e-08,18.7885,-5.958481481433619,-0.15300375064433286,0.0025838325922702674,387.0219777363194,0.15739440785880784,nan
1.8815e-08,18.815,-5.957830483692259,-0.152987034120769,0.002585515209082336,386.77010929474477,0.15744564789965254,nan
1.88415e-08,18.8415,-5.957249007267418,-0.15297210278730944,0.0025870190624077407,386.5452769680403,0.15749143002085983,nan
1.8868e-08,18.868000000000002,-5.956652282280997,-0.15295677989651754,0.0025885632620080475,386.31468454986174,0.15753842656723488,nan
1.88945e-08,18.8945,-5.9559680575545,-0.15293921016003958,0.0025903350270716245,386.05044889907566,0.15759233163091882,nan
1.8921e-08,18.921,-5.955272492623804,-0.1529213492262522,0.002592137400036256,385.7820191113377,0.1576471490122429,nan
1.89475e-08,18.9475,-5.95464766863701,-0.1529053048005424,0.0025937575357579848,385.54104854205883,0.15769640756640002,nan
1.8974e-08,18.973999999999997,-5.954026871163691,-0.1528893637689047,0.0025953682337894906,385.3017799096287,0.15774536392968797,nan
1.90005e-08,19.0005,-5.953318825754549,-0.15287118235748923,0.0025972065230718045,385.029065311782,0.1578012192565035,nan
1.9027e-08,19.026999999999997,-5.952579116511082,-0.152852187872235,0.0025991284114757884,384.7443610653306,0.15785959356109844,nan
1.90535e-08,19.0535,-5.9519064236307795,-0.15283491425410953,0.0026008774148582867,384.4856333048233,0.15791269800368088,nan
1.908e-08,19.08,-5.951256818462866,-0.1528182334894821,0.0026025675071549995,384.23595055682205,0.15796399678656967,nan
1.91065e-08,19.1065,-5.950525114102135,-0.1527994445561098,0.002604472514015003,383.95490626945417,0.1580217988320708,nan
1.9133e-08,19.133,-5.949742182162542,-0.1527793401849491,0.0026065124371883177,383.654413358071,0.15808367109845284,nan
1.91595e-08,19.1595,-5.949017637238354,-0.15276073509382707,0.0026084016568741334,383.37653917854965,0.15814095083400745,nan
1.9186e-08,19.186,-5.948333805091984,-0.15274317543814434,0.0026101859757955348,383.1144635949625,0.15819503101184051,nan
1.92125e-08,19.212500000000002,-5.947577724837819,-0.15272376057295833,0.002612160232125596,382.82490779145996,0.1582548463870617,nan
1.9239e-08,19.239,-5.9467528167702195,-0.15270257832565712,0.002614315913172042,382.50924265180504,0.15832013269969838,nan
1.92655e-08,19.265500000000003,-5.945973101073182,-0.15268255654217844,0.002616355131228408,382.21111043533637,0.15838186707904411,nan
1.9291999999999998e-08,19.291999999999998,-5.94524911050741,-0.15266396568604512,0.0026182500335230497,381.93449334341295,0.15843921094629995,nan
1.93185e-08,19.3185,-5.944466933398205,-0.15264388069765517,0.002620298769898342,381.63586972900663,0.15850118682654005,nan
1.9345e-08,19.345,-5.943601412581547,-0.15262165558348437,0.002622567674780115,381.30569884487096,0.15856979470918867,nan
1.93715e-08,19.371499999999997,-5.942763952820343,-0.15260015102986996,0.0026247648895898566,380.98650434030264,0.15863620652372956,nan
1.9398e-08,19.398,-5.941993559640348,-0.15258036863289898,0.002626787769666344,380.6931079654831,0.1586973244199795,nan
1.94245e-08,19.4245,-5.941182482585457,-0.1525595415426669,0.0026289191611989283,380.38446170552703,0.15876169535079837,nan
1.9451e-08,19.451,-5.940277597372921,-0.15253630561722986,0.002631299107899744,380.04041311676735,0.1588335421580712,nan
1.94775e-08,19.4775,-5.939380594442451,-0.15251327209549642,0.0026336604498174527,379.69966859976694,0.15890479521181267,nan
1.9504e-08,19.504,-5.938557456827262,-0.1524921353104258,0.0026358292072697974,379.3872521185863,0.1589702089290985,nan
1.95305e-08,19.5305,-5.937713569237376,-0.15247046570101658,0.002638054489638898,379.0672269763776,0.15903729957558252,nan
1.9557e-08,19.557000000000002,-5.936770209759574,-0.15244624182136549,0.0026405442975519565,378.7097989331586,0.15911233194175414,nan
1.9583499999999998e-08,19.583499999999997,-5.935812610979786,-0.15242165230046548,0.0026430740906193285,378.3473204739708,0.15918853307028363,nan
1.9609999999999998e-08,19.61,-5.934930507199727,-0.15239900136377513,0.0026454065848653917,378.01372602649803,0.15925875895915742,nan
1.96365e-08,19.636499999999998,-5.934048820851293,-0.15237636114602457,0.002647740032270522,377.68058336998735,0.1593289825736421,nan
1.9663e-08,19.663,-5.9330672777965585,-0.15235115677654532,0.002650340178979158,377.3100554907536,0.15940719589263883,nan
1.96895e-08,19.6895,-5.932048691528097,-0.1523250011998409,0.0026530411544469536,376.9259283158227,0.15948840156004312,nan
1.9716e-08,19.716,-5.931101726458744,-0.15230068473468253,0.0026555546816711805,376.56916157745434,0.1595639344129975,nan
1.97425e-08,19.7425,-5.9301762598316206,-0.15227692031324608,0.002658013446482464,376.22082059944813,0.15963778704681253,nan
1.9769e-08,19.769,-5.929155998787925,-0.15225072173113952,0.002660726697932548,375.83717289604573,0.1597192439294799,nan
1.97955e-08,19.7955,-5.928076553593742,-0.1522230033999104,0.002663600357279518,375.43169615030206,0.15980547128195113,nan
1.9822e-08,19.822,-5.927059340351942,-0.15219688308021395,0.002666311185345163,375.0499962256081,0.15988677007550098,nan
1.98485e-08,19.8485,-5.926083253356877,-0.15217181881314096,0.0026689150075897583,374.68409340733535,0.15996482081850738,nan
1.9875e-08,19.875,-5.925022717754668,-0.1521445860483274,0.0026717469884173866,374.28693822252666,0.16004966750604196,nan
1.99015e-08,19.901500000000002,-5.923882871529878,-0.15211531672054748,0.002674794105428225,373.8605517226918,0.16014090950867813,nan
1.9927999999999998e-08,19.927999999999997,-5.922790675464217,-0.15208727096845345,0.0026777171009781794,373.45244560551095,0.16022838602754003,nan
1.99545e-08,19.9545,-5.921756447276637,-0.15206071373365884,0.002680487904056721,373.0664102182941,0.16031126381096816,nan
1.9981e-08,19.980999999999998,-5.920652901640448,-0.15203237654374388,0.002683447577553126,372.6549414883073,0.16039974361690454,nan
2.00075e-08,20.0075,-5.919453209164246,-0.15200157046520682,0.002686668821286784,372.20813822562934,0.16049598766263407,nan
2.0034e-08,20.034,-5.918282043101632,-0.1519714968968378,0.002689817199908987,371.7724758522014,0.16058999891261208,nan
2.00605e-08,20.0605,-5.917181682924452,-0.15194324150413538,0.0026927785966423742,371.3636172119387,0.16067837664204468,nan
2.0087e-08,20.087,-5.91603110607557,-0.15191369663203463,0.002695878628425245,370.93658054781724,0.16077083964608269,nan
2.01135e-08,20.1135,-5.914771956068435,-0.15188136378442643,0.0026992752820188884,370.469809678716,0.16087208881665557,nan
2.014e-08,20.14,-5.913518618074168,-0.15184918017950202,0.002702660507259394,370.00577664637575,0.16097293396218396,nan
2.01665e-08,20.1665,-5.912343896241149,-0.1518190153049487,0.002705837247092012,369.5713779809592,0.1610675109449018,nan
2.0193e-08,20.193,-5.911140931386706,-0.15178812519725993,0.0027090942328290204,369.12706390273183,0.1611644193637653,nan
2.02195e-08,20.2195,-5.909822266219436,-0.15175426410075993,0.0027126689774563113,368.6406296936779,0.161270715355129,nan
2.0246e-08,20.246000000000002,-5.908484314053849,-0.15171990774668626,0.002716300827868495,368.1477359724949,0.16137863770126587,nan
2.0272500000000002e-08,20.2725,-5.907226999105228,-0.15168762202028438,0.00271971822142413,367.68514919033356,0.16148012148397778,nan
2.0299000000000002e-08,20.299000000000003,-5.905964964536741,-0.1516552151020078,0.0027231527666376465,367.22141051040927,0.16158205038776377,nan
2.0325500000000002e-08,20.3255,-5.9045859970945305,-0.1516198055448359,0.002726910495940729,366.7153731259596,0.16169349699702534,nan
2.0352e-08,20.352,-5.903161656895797,-0.15158323089183431,0.002730797311595223,366.1934174879643,0.16180869128494363,nan
2.03785e-08,20.3785,-5.901813743230637,-0.15154861874325973,0.0027344806724768555,365.70015289016965,0.16191778011445782,nan
2.0405e-08,20.405,-5.900484703799643,-0.15151449125317187,0.0027381173212033465,365.2144458004891,0.16202541342990265,nan
2.04315e-08,20.4315,-5.899043646556343,-0.15147748733467267,0.002742065949418391,364.6885299064766,0.16214219944649477,nan
2.0458e-08,20.458000000000002,-5.8975316568651674,-0.15143866199059694,0.0027462150607827965,364.1375412583144,0.16226482445962725,nan
2.04845e-08,20.4845,-5.896085567379217,-0.15140152885259742,0.002750189206300826,363.6113463426255,0.16238219161366124,nan
2.0511e-08,20.511,-5.894680463208875,-0.15136544814834782,0.00275405622476949,363.10079329760174,0.16249631364461542,nan
2.05375e-08,20.5375,-5.893174284251957,-0.15132677201412334,0.002758207451761996,362.5543101774962,0.16261873399966437,nan
2.0564e-08,20.564,-5.891573680120645,-0.15128567120074485,0.002762625785062279,361.97446842314787,0.1627489301995935,nan
2.05905e-08,20.590500000000002,-5.890022428908173,-0.15124583768704855,0.0027669146373445644,361.4133903891267,0.16287521140438097,nan
2.0617000000000002e-08,20.617,-5.8885312541420465,-0.15120754683512688,0.002771043668420163,360.8748614813867,0.16299669438948064,nan
2.0643500000000002e-08,20.643500000000003,-5.8869554736943,-0.15116708345205715,0.002775413667027636,360.3066497366364,0.16312516849661418,nan
2.0670000000000002e-08,20.67,-5.88526531908388,-0.1511236831334745,0.002780108511621788,359.6981901316671,0.16326308013921134,nan
2.0696500000000003e-08,20.696500000000004,-5.883602620805673,-0.15108098784717577,0.0027847348382841614,359.10061749942366,0.16339886519490646,nan
2.0723000000000003e-08,20.723000000000003,-5.882014641789601,-0.15104021122545416,0.00278916045173333,358.5308257825568,0.16352865369803266,nan
2.0749500000000003e-08,20.749500000000005,-5.8803631807368095,-0.15099780449214342,0.002793770447155555,357.93921473331443,0.16366374006412412,nan
2.0776000000000004e-08,20.776000000000003,-5.878582260494701,-0.1509520734652887,0.0027987503625965813,357.3023208373024,0.16380954100324072,nan
2.08025e-08,20.802500000000002,-5.876802575328082,-0.15090637415308852,0.0028037356919444834,356.6670006995085,0.16395537058143955,nan
2.0829e-08,20.829,-5.875106574667999,-0.15086282371781462,0.0028084948641675534,356.06260590275394,0.16409446375699882,nan
2.08555e-08,20.8555,-5.873371663801734,-0.1508182741340995,0.002813371581537016,355.445404568164,0.1642368701478007,nan
2.0882e-08,20.882,-5.871498149041193,-0.15077016543624694,0.002818647415354973,354.7800957836589,0.16439079233063886,nan
2.09085e-08,20.9085,-5.869596655123212,-0.15072133828084083,0.0028240121551658314,354.10612456846104,0.1645471606981294,nan
2.0935000000000002e-08,20.935000000000002,-5.86778118573395,-0.15067472009018223,0.0028291437194779643,353.46383894011603,0.16469659367728717,nan
2.0961500000000002e-08,20.9615,-5.865953340986733,-0.15062778412121244,0.00283431968395339,352.81835202342853,0.16484718238181742,nan
2.0988000000000002e-08,20.988000000000003,-5.863984443488057,-0.15057722615558475,0.0028399056661982773,352.1243722643362,0.1650095458905089,nan
2.1014500000000003e-08,21.0145,-5.861956932289166,-0.1505251630890349,0.002845669447831714,351.41115942400126,0.16517691006046623,nan
2.1041000000000003e-08,21.041000000000004,-5.860010563992587,-0.15047518363530332,0.002851213562321602,350.727849086741,0.1653377358548644,nan
2.1067500000000003e-08,21.067500000000003,-5.858078629039328,-0.1504255748054747,0.0028567272457858325,350.05091979823175,0.16549752389295894,nan
2.1094000000000003e-08,21.094000000000005,-5.856010261235118,-0.150372462610238,0.00286264212340892,349.32763401426166,0.16566876730133281,nan
2.1120500000000004e-08,21.120500000000003,-5.853852955169858,-0.15031706663052385,0.0028688243847416845,348.5748396864809,0.16584756283142932,nan
2.1147e-08,21.147000000000002,-5.851764495721577,-0.15026343851576823,0.002874822068913556,347.8476149231445,0.16602083623909047,nan
2.11735e-08,21.1735,-5.849715749143636,-0.15021083016051506,0.002880717888247033,347.13569283541244,0.16619099068510193,nan
2.12e-08,21.200000000000003,-5.847542206241565,-0.15015501724622818,0.002886986061770214,346.3819979050504,0.1663717004865384,nan
2.12265e-08,21.2265,-5.845251501825503,-0.1500961958219497,0.0028936068737575186,345.58944722903607,0.1665623638485527,nan
2.1253000000000002e-08,21.253,-5.8430101745035525,-0.15003864231813355,0.0029000996674225024,344.8157355532411,0.1667491288678427,nan
2.1279500000000002e-08,21.279500000000002,-5.840830494472662,-0.14998267181273384,0.00290642785095738,344.0649660959583,0.1669309578052522,nan
2.1306000000000002e-08,21.306,-5.8385441742738085,-0.1499239629677557,0.002913080477779157,343.27922198784194,0.16712189573109004,nan
2.1332500000000003e-08,21.332500000000003,-5.836116318041254,-0.14986161971624715,0.00292016161088133,342.4468002982175,0.1673248928862122,nan
2.1359000000000003e-08,21.359,-5.833711879126733,-0.14979987778195344,0.002927191409068589,341.62439699090015,0.16752617509657555,nan
2.1385500000000003e-08,21.385500000000004,-5.831385954485873,-0.14974015196172952,0.0029340077597815035,340.8307277532457,0.1677211150578425,nan
2.1412000000000003e-08,21.412000000000003,-5.8289771284806235,-0.1496782973743483,0.002941083793017782,340.01071386474234,0.16792324224750657,nan
2.14385e-08,21.4385,-5.826407836456422,-0.14961232229035612,0.0029486500119003897,339.1382483387729,0.16813910279350713,nan
2.1465e-08,21.465,-5.823830618025367,-0.14954614366961025,0.002956259128023268,338.2653403149608,0.16835590804948214,nan
2.14915e-08,21.491500000000002,-5.821342190940291,-0.14948224506081068,0.0029636247238812477,337.4246381270471,0.16856550911744753,nan
2.1518e-08,21.518,-5.818798837369773,-0.1494169360325429,0.002971171862857523,336.56753838475385,0.1687800063188369,nan
2.15445e-08,21.544500000000003,-5.816082871918018,-0.14934719462241455,0.0029792524312934492,335.6546727951642,0.16900936234740715,nan
2.1571000000000002e-08,21.571,-5.8133237382465115,-0.1492763447252411,0.002987483937683694,334.7298331502785,0.16924268296231995,nan
2.1597500000000002e-08,21.597500000000004,-5.810655860471883,-0.14920783812552255,0.0029954648209599495,333.8380050410782,0.1694685930001105,nan
2.1624000000000002e-08,21.624000000000002,-5.807963566342648,-0.14913870455501568,0.003003540359296049,332.94042375857197,0.1696968762660737,nan
2.1650500000000003e-08,21.6505,-5.805094286489037,-0.14906502628973642,0.00301217073269576,331.9864937088224,0.16994050489811438,nan
2.1677000000000003e-08,21.677000000000003,-5.8021444958960195,-0.14898928064451566,0.0030210691233298523,331.0086460046932,0.1701913342775415,nan
2.1703500000000003e-08,21.703500000000002,-5.7992797783153005,-0.1489157195307063,0.003029736041369097,330.0617566499666,0.17043528400129423,nan
2.1730000000000003e-08,21.730000000000004,-5.796421712997812,-0.14884232923579227,0.0030384076109233374,329.1197653681862,0.17067901569713334,nan
2.17565e-08,21.7565,-5.793390615672044,-0.14876449577086404,0.00304763129198298,328.123681703418,0.17093788416548675,nan
2.1783e-08,21.783,-5.790241583593932,-0.148683633940488,0.0030572435073277066,327.09203490110144,0.17120724060315642,nan
2.18095e-08,21.8095,-5.787162417177381,-0.1486045661424159,0.003066671777019063,326.08641312506,0.17147103140776526,nan
2.1836e-08,21.836000000000002,-5.7841193753956635,-0.14852642596401291,0.0030760180006295713,325.0956268121088,0.17173212674486402,nan
2.18625e-08,21.8625,-5.7809156453285855,-0.14844415958157262,0.003085888534806119,324.0557747698519,0.17200743888140405,nan
2.1889e-08,21.889000000000003,-5.777558608600527,-0.14835795654275405,0.0030962653839426675,322.96973159537043,0.17229639897088084,nan
2.1915500000000002e-08,21.9155,-5.774247334361135,-0.148272928607429,0.0031065349610564837,321.90205889713076,0.17258189555876585,nan
2.1942000000000002e-08,21.942000000000004,-5.770997841298767,-0.14818948710848598,0.003116646043910152,320.85773806556404,0.17286252530929308,nan
2.1968500000000002e-08,21.968500000000002,-5.767607926450264,-0.14810243981500992,0.003127229136368413,319.7718991456058,0.17315576837699392,nan
2.1995000000000003e-08,21.995,-5.764033512904334,-0.14801065490629026,0.0031384271477939898,318.6309424779553,0.1734655102429499,nan
2.2021500000000003e-08,22.021500000000003,-5.7604725188327865,-0.14791921458702995,0.0031496229905952824,317.49831741322123,0.1737746401905579,nan
2.2048e-08,22.048,-5.756992984964063,-0.14782986602832962,0.0031606012990865397,316.3954910380549,0.17407723070575545,nan
2.20745e-08,22.0745,-5.753400212312085,-0.14773760968874414,0.0031719770439937794,315.2607935462603,0.17439022170486815,nan
2.2101e-08,22.101,-5.749597923614662,-0.1476399733306299,0.003184060774814933,314.06435703417844,0.17472207804277992,nan
2.21275e-08,22.1275,-5.745769647899584,-0.1475416696697504,0.0031962735994688907,312.8643305648694,0.17505684047542028,nan
2.2154e-08,22.154,-5.7420345562160495,-0.14744575881757072,0.003208234297655515,311.69793326215955,0.1753840726153261,nan
2.21805e-08,22.180500000000002,-5.738218799513829,-0.14734777662381798,0.0032204995248587354,310.5108360616399,0.17571900349268774,nan
2.2207e-08,22.207,-5.734176418373311,-0.14724397509687517,0.0032335443597346835,309.258166503722,0.17607452425213432,nan
2.2233500000000002e-08,22.233500000000003,-5.730063240345315,-0.14713835562531816,0.003246871893818019,307.9887450761395,0.17643700979848956,nan
2.2260000000000002e-08,22.26,-5.726045344086446,-0.14703518282882255,0.003259943731311279,306.75376093002694,0.1767918188764737,nan
2.2286500000000002e-08,22.286500000000004,-5.72198275085246,-0.14693086228942354,0.0032732144952627444,305.51007318563427,0.17715130048334873,nan
2.2313000000000003e-08,22.313000000000002,-5.717685686053082,-0.14682052091585124,0.003287309972952522,304.2000931545383,0.17753232496723506,nan
2.2339500000000003e-08,22.339500000000005,-5.713269689051177,-0.1467071255639934,0.003301858824135892,302.8597082013958,0.17792474915120757,nan
2.2366e-08,22.366,-5.7089401940187905,-0.14659595143675724,0.003316185196112368,301.55131298828564,0.17831032850039827,nan
2.23925e-08,22.392500000000002,-5.704602973650939,-0.14648457893594138,0.0033305994584083955,300.2462507088358,0.17869743368309532,nan
2.2419e-08,22.419,-5.700033557543602,-0.14636724404032148,0.003345853176973483,298.8774303911798,0.17910617189494585,nan
2.24455e-08,22.4455,-5.695296151036901,-0.1462455954346976,0.0033617414484698703,297.46487507394716,0.17953092412440405,nan
2.2472e-08,22.472,-5.690624853179433,-0.14612564438764028,0.0033774818795938803,296.0785684867222,0.17995073541005152,nan
2.24985e-08,22.4985,-5.685981121797273,-0.14600640120115574,0.0033932024710425467,294.70684656573246,0.1803690422869512,nan
2.2525e-08,22.525000000000002,-5.681117874652042,-0.14588152122026646,0.0034097446450097233,293.2770937740261,0.18080816557684729,nan
2.2551500000000002e-08,22.5515,-5.676039266135538,-0.14575111112274403,0.003427105450255136,291.79142997352284,0.18126787594685315,nan
2.2578000000000002e-08,22.578000000000003,-5.670994612354413,-0.145621572925534,0.0034444376915446994,290.3231498292942,0.18172566989502983,nan
2.2604500000000002e-08,22.6045,-5.6660082828951435,-0.14549353239849808,0.003461655684293982,288.87910618526865,0.18217930718695027,nan
2.2631000000000003e-08,22.631000000000004,-5.660825156649082,-0.1453604384620343,0.00347964446150567,287.385682952014,0.18265204866634216,nan
2.2657500000000003e-08,22.657500000000002,-5.655383666675542,-0.1452207101809883,0.0034986305213337496,285.82612365102773,0.18314967496222806,nan
2.2684e-08,22.684,-5.649932704664682,-0.14508073867400617,0.003517753495347986,284.2723349781157,0.1836495267813891,nan
2.27105e-08,22.7105,-5.644563402982769,-0.1449428640664852,0.003536692173345721,282.7500814282056,0.18414322404376862,nan
2.2737e-08,22.737000000000002,-5.639029013170333,-0.1448007502743271,0.0035563198700431235,281.18955452336013,0.18465348991230546,nan
2.27635e-08,22.7635,-5.633200228905212,-0.14465107692935839,0.0035771094213883406,279.55532867425734,0.1851924275468932,nan
2.279e-08,22.79,-5.627308410088366,-0.14449978496346016,0.003598247311147982,277.9130819890645,0.18573879203658758,nan
2.28165e-08,22.8165,-5.621511389385354,-0.14435092725317147,0.003619167002663068,276.30667478571075,0.1862779388318014,nan
2.2843e-08,22.843,-5.615588238156699,-0.14419883072380543,0.0036406674885967223,274.6749059429883,0.18683043275537475,nan
2.2869500000000002e-08,22.869500000000002,-5.609344001480279,-0.14403848926191115,0.0036634718017239704,272.96511454774026,0.18741465100030244,nan
2.2896000000000002e-08,22.896,-5.602974799413699,-0.14387493889965278,0.003686879659450628,271.2320694917955,0.1880124432512234,nan
2.2922500000000002e-08,22.922500000000003,-5.596700816191504,-0.14371383359665457,0.003710083795641791,269.53569112770253,0.18860316276513914,nan
2.2949000000000003e-08,22.949,-5.590344500999203,-0.14355061414758355,0.0037337413654694876,267.82787079154264,0.18920352686005285,nan
2.29755e-08,22.9755,-5.583651725729563,-0.1433787549714385,0.003758814267401218,266.0413441208372,0.1898377357653821,nan
2.3002e-08,23.002,-5.576766030135596,-0.14320194192688096,0.0037847856310785073,264.2157568419645,0.1904924445804476,nan
2.30285e-08,23.0285,-5.5699611347981435,-0.1430272036965757,0.0038106285305611314,262.42389988423923,0.19114168903822668,nan
2.3055e-08,23.055,-5.563119526129537,-0.14285152272987311,0.0038367887466880203,260.63462599112773,0.19179666699356177,nan
2.30815e-08,23.081500000000002,-5.555938834517489,-0.14266713468532066,0.003864438697535731,258.7697925283893,0.19248652101871286,nan
2.3108e-08,23.108,-5.548494077576899,-0.14247596588869102,0.003893315862713782,256.85046763787716,0.19320436391296705,nan
2.31345e-08,23.134500000000003,-5.541099261312846,-0.1422860794843695,0.003922212930748667,254.95811106030934,0.19392004156009285,nan
2.3161e-08,23.161,-5.533711618101673,-0.14209637727194277,0.003951296136379222,253.08151185963803,0.19463767218314904,nan
2.3187500000000002e-08,23.1875,-5.525995778173103,-0.14189824752158253,0.0039819016265702665,251.13628958767887,0.1953900190583491,nan
2.3214000000000002e-08,23.214000000000002,-5.517944743609325,-0.14169151053856707,0.00401408945298137,249.12250006219315,0.196178150210272,nan
2.3240500000000002e-08,23.2405,-5.5098953693675075,-0.14148481618981804,0.0040465307521451305,247.12526884168227,0.19696929687580186,nan
2.3267000000000002e-08,23.267000000000003,-5.5018913413713975,-0.1412792862561457,0.004079049263503507,245.155166167593,0.19775915020693138,nan
2.32935e-08,23.293499999999998,-5.493583472300207,-0.141065954196339,0.00411307863075618,243.12688615343885,0.1985823373197085,nan
2.332e-08,23.32,-5.484872727317386,-0.14084227696289778,0.004149063108072815,241.01826700449652,0.1994491235872922,nan
2.33465e-08,23.3465,-5.476097654992744,-0.14061694791185866,0.004185631648063669,238.9125666284117,0.20032613638534902,nan
2.3373e-08,23.373,-5.4673960957072225,-0.14039350655162497,0.0042222120926366435,236.84267347534652,0.20119961002926942,nan
2.33995e-08,23.3995,-5.45842758572214,-0.14016321034785484,0.004260249357787097,234.72804430382698,0.20210386632767838,nan
2.3426e-08,23.426000000000002,-5.448995458256954,-0.13992100922946157,0.0043006226765904465,232.52446801327025,0.20305925210123402,nan
2.34525e-08,23.4525,-5.439415750047191,-0.13967501848656183,0.004342019354416285,230.30758694866157,0.2040342093809974,nan
2.3479e-08,23.479000000000003,-5.429923228685528,-0.1394312665548102,0.004383432311611955,228.13173077885673,0.20500491070504295,nan
2.35055e-08,23.5055,-5.420211275166629,-0.13918187997551054,0.004426211400486548,225.92685019293833,0.20600283076435297,nan
2.3532000000000002e-08,23.532000000000004,-5.409985269880851,-0.1389192934142016,0.00447170607962656,223.62829358487525,0.20705882112269625,nan
2.3558500000000002e-08,23.558500000000002,-5.399512326835103,-0.13865036590787685,0.004518784095100977,221.2984685601922,0.20814592254680697,nan
2.3585000000000002e-08,23.585,-5.389121178480785,-0.13838353875121517,0.00456598425825699,219.01082952522881,0.2092301743433674,nan
2.36115e-08,23.6115,-5.378565806545142,-0.13811249461008096,0.004614435179251729,216.71124658904816,0.21033734457702477,nan
2.3638e-08,23.637999999999998,-5.367459305546705,-0.13782729840453914,0.004665971070125367,214.31765970489215,0.21150864980636086,nan
2.36645e-08,23.6645,-5.355992233316664,-0.13753284333816485,0.0047197840463814025,211.8741006310844,0.21272482545049948,nan
2.3691e-08,23.691,-5.3445779137739375,-0.13723974287179067,0.004773965805352377,209.4694517666718,0.21394235101841655,nan
2.37175e-08,23.7175,-5.333058246942805,-0.13694393726480364,0.004829278279857222,207.07027883875955,0.21517817898581082,nan
2.3744e-08,23.744,-5.320966263626817,-0.13663343553616022,0.004888028318641728,204.58146614786335,0.21648308521205953,nan
2.37705e-08,23.770500000000002,-5.30838818172654,-0.13631045161607078,0.0049498986283792535,202.0243392999404,0.2178488463623216,nan
2.3797e-08,23.797,-5.29580558219963,-0.135987351690952,0.0050125747076076935,199.49827350847823,0.21922371909130972,nan
2.38235e-08,23.823500000000003,-5.283175007424777,-0.1356630198424151,0.005076287927541483,196.9943419825506,0.22061256073064475,nan
2.3850000000000002e-08,23.85,-5.269968633378912,-0.13532390244014986,0.005143771913244583,194.40986436920394,0.22207412691558354,nan
2.3876500000000002e-08,23.876500000000004,-5.256141505278219,-0.13496884512116047,0.005215389498129618,191.7402334683972,0.22361477014721687,nan
2.3903e-08,23.903,-5.242219702975335,-0.13461135672840346,0.005288504887744125,189.0893591338935,0.22517676058164998,nan
2.39295e-08,23.9295,-5.228299356677651,-0.13425390572340323,0.005362637485807433,186.47540555306313,0.22674949673322783,nan
2.3956e-08,23.956,-5.2138183241499,-0.13388205724206576,0.005440859010980801,183.79450707724445,0.2283972382030311,nan
2.39825e-08,23.982499999999998,-5.198575653151423,-0.13349065116991943,0.005524427520469738,181.01423112072447,0.23014458026469806,nan
2.4009e-08,24.009,-5.18311027194194,-0.1330935262753354,0.0056105289778439794,178.23631317991715,0.23193111555851,nan
2.40355e-08,24.0355,-5.167679904388912,-0.13269730047237027,0.005697772873799588,175.50717133677972,0.23372742726570123,nan
2.4062e-08,24.062,-5.151722306368045,-0.1322875362805917,0.00578942497171508,172.7287260627123,0.2355997509453822,nan
2.40885e-08,24.0885,-5.1348586319135165,-0.13185450557482753,0.005887883805246881,169.84030817810432,0.23759468837065675,nan
2.4115e-08,24.115000000000002,-5.11760045070732,-0.1314113446013353,0.0059903798747682506,166.93432151307215,0.23965378575547905,nan
2.41415e-08,24.1415,-5.100385060594613,-0.13096928243092207,0.006094399400587276,164.08507783451748,0.24172555625484815,nan
2.4168000000000002e-08,24.168000000000003,-5.082692574990004,-0.1305149692532843,0.006203183971309248,161.2075354568179,0.24387340540773114,nan
2.4194500000000002e-08,24.1945,-5.063947944331325,-0.1300336387659517,0.006320556983971892,158.2139046504714,0.246169808360248,nan
2.4221e-08,24.221,-5.044585380584625,-0.12953644079956272,0.006444131672130691,155.1799452399084,0.2485646213887725,nan
2.42475e-08,24.2475,-5.0252347379576,-0.12903954894741243,0.0065700440751769165,152.20598044056078,0.250981235876763,nan
2.4274e-08,24.274,-5.005470357132538,-0.12853203299644064,0.006701188654960825,149.2272567583528,0.25347377583228764,nan
2.43005e-08,24.3005,-4.984506456040508,-0.1279937153889744,0.006843154591762571,146.1314349384635,0.25614464894088207,nan
2.4327e-08,24.327,-4.9626375141345385,-0.1274321578604896,0.00699445550752024,142.97038546100242,0.2589608237965113,nan
2.4353500000000004e-08,24.353500000000004,-4.9406930670404545,-0.12686866148617457,0.007149641473924906,139.86715328972076,0.26181784512052064,nan
2.4379999999999997e-08,24.38,-4.918405540585416,-0.1262963554127511,0.007310778297911962,136.78434213845753,0.26475179847371716,nan
2.4406499999999998e-08,24.406499999999998,-4.8947670163080055,-0.1256893579947998,0.00748565305583446,133.5888789583403,0.26789953469787225,nan
2.4432999999999998e-08,24.432999999999996,-4.869851818632577,-0.12504957775812978,0.007674502421905538,130.30160719549363,0.271257794123233,nan
2.4459499999999998e-08,24.4595,-4.844689564885945,-0.12440345353841116,0.007870060218848734,127.06383079572981,0.2746920811473716,nan
2.4486e-08,24.485999999999997,-4.819252412457088,-0.12375027038437199,0.008072820023449752,123.87245065481724,0.27820808520347745,nan
2.45125e-08,24.5125,-4.792299604851305,-0.12305816776276786,0.008293363976659187,120.57833260597224,0.2819827067362313,nan
2.4539e-08,24.538999999999998,-4.7635736831576825,-0.1223205345631792,0.008535053254964807,117.16388523039431,0.28606203882766107,nan
2.45655e-08,24.5655,-4.734296590424659,-0.12156874822129454,0.008788628663585738,113.78339423343012,0.2902803710450576,nan
2.4592e-08,24.592,-4.704793277245061,-0.12081115292004561,0.009051785234486062,110.47544479846218,0.29459422742905067,nan
2.46185e-08,24.6185,-4.673573285488038,-0.12000947620949545,0.009338839495409186,107.07968591724732,0.29922892177314614,nan
2.4645e-08,24.645,-4.63987079943835,-0.11914405323424442,0.009658945488105902,103.53097045960219,0.3043140258847984,nan
2.46715e-08,24.6715,-4.60507970099559,-0.11825067652956467,0.010000904890863914,99.99095191011425,0.309654047143013,nan
2.4698e-08,24.698,-4.570057506167908,-0.1173513656596511,0.010357364088169342,96.54966181426855,0.3151241835944214,nan
2.47245e-08,24.7245,-4.533019706002753,-0.11640029744562007,0.010748170703522122,93.03908800706942,0.32101430784149954,nan
2.4751e-08,24.751,-4.492346760945493,-0.11535588484437215,0.011194342514410358,89.33083820802433,0.3276094400614909,nan
2.47775e-08,24.7775,-4.449550032813809,-0.11425693707725113,0.011683823124773672,85.58842335430947,0.33469528853784875,nan
2.4804e-08,24.804000000000002,-4.406376168082279,-0.11314830507859198,0.012199306561467902,81.97187233236258,0.34199888055008093,nan
2.4830500000000002e-08,24.8305,-4.360584421833066,-0.11197245029973356,0.012770921862598938,78.30288296795636,0.3499195731006666,nan
2.4857000000000002e-08,24.857000000000003,-4.308734277991167,-0.1106410260930832,0.01345056349878878,74.3463275787702,0.35910987812413847,nan
2.4883500000000002e-08,24.8835,-4.252198938737344,-0.10918929397362656,0.014232902193384746,70.25973946935335,0.36940591440701875,nan
2.4910000000000003e-08,24.910000000000004,-4.1946377222222555,-0.10771121905707248,0.015076203246277882,66.3296974486522,0.3801921134744044,nan
2.4936500000000003e-08,24.936500000000002,-4.13226305093427,-0.10610954274373552,0.01604652360101809,62.31879408051685,0.3922361266659505,nan
2.4963000000000003e-08,24.963000000000005,-4.053299660894833,-0.1040818961231542,0.01736498145230175,57.58716199880816,0.4080320468030937,nan
2.4989499999999997e-08,24.989499999999996,-3.952487912941468,-0.10149322053627215,0.01920685729478569,52.064738371929366,0.4291264331101397,nan
2.5015999999999997e-08,25.016,-3.8424965154458786,-0.09866882703805023,0.02144000916203557,46.64177111317323,nan,nan
2.5042499999999997e-08,25.042499999999997,-3.744487118866372,-0.09615211110601643,0.023647754425071284,42.28731329093146,nan,nan
2.5068999999999998e-08,25.069,-3.6680005241939977,-0.09418806441134239,0.025527460492154815,39.17350103459462,nan,nan
2.5095499999999998e-08,25.095499999999998,-3.6054082204957876,-0.09258079966492397,0.02717634860585623,36.79670195960432,nan,nan
2.5121999999999998e-08,25.122,-3.5457424641253743,-0.09104868371589399,0.02884719654811084,34.66541361591993,nan,nan
2.51485e-08,25.1485,-3.487286520368735,-0.08954763371345813,0.03058374805675251,32.697104296842795,nan,nan
2.5175e-08,25.174999999999997,-3.4341457513275957,-0.08818306842937466,0.03225295050727216,31.004915341761595,nan,nan
2.52015e-08,25.2015,-3.3866589871765687,-0.08696368845081645,0.03382148636535564,29.567003330295083,nan,nan
2.5228e-08,25.227999999999998,-3.340998865504453,-0.08579121356900657,0.03540157863936176,28.24732789989584,nan,nan
2.52545e-08,25.2545,-3.2957113554084527,-0.0846283067237605,0.037041685869357806,26.996611426566723,nan,nan
2.5281e-08,25.281,-3.253057209974693,-0.0835330202397411,0.03865584795446459,25.869307049685457,nan,nan
2.53075e-08,25.3075,-3.21407295213905,-0.08253197027700732,0.04019257700038733,24.8802160655278,nan,nan
2.5334e-08,25.334,-3.1766829216838532,-0.08157185738344933,0.041723827032872265,23.967120734446205,nan,nan
2.53605e-08,25.360500000000002,-3.1394531042756517,-0.08061585849060926,0.043306475553089245,23.091234907216215,nan,nan
2.5387e-08,25.387,-3.1037186572906394,-0.07969825818708487,0.044881990942369554,22.28065152644507,nan,nan
2.54135e-08,25.413500000000003,-3.070686790381858,-0.07885005557983066,0.04638928420024358,21.556702528183205,nan,nan
2.544e-08,25.44,-3.0391711546503126,-0.07804078723085749,0.04787455365536549,20.88792320025998,nan,nan
2.5466500000000002e-08,25.466500000000003,-3.0077904215966864,-0.07723498295503078,0.0494007130048092,20.24262281199563,nan,nan
2.5493000000000002e-08,25.493000000000002,-2.9772771599655368,-0.07645145388164103,0.05093132308284156,19.63428278455412,nan,nan
2.5519500000000002e-08,25.5195,-2.9488467572760237,-0.07572140911144605,0.05240010115196335,19.08393262638829,nan,nan
2.5546000000000003e-08,25.546000000000003,-2.9218925383078034,-0.07502927024843593,0.05383171225733369,18.576410782173593,nan,nan
2.5572500000000003e-08,25.5725,-2.8951299892377707,-0.07434205314500494,0.05529183728374902,18.08585225461323,nan,nan
2.5599e-08,25.599,-2.868851129541282,-0.07366725636855317,0.05676410373452035,17.616767185771014,nan,nan
2.56255e-08,25.6255,-2.844196183853266,-0.07303415896379442,0.05818101478800639,17.18773733396866,nan,nan
2.5652e-08,25.652,-2.820979138659265,-0.07243798441753964,0.059547608789269506,16.79328557992744,nan,nan
2.56785e-08,25.6785,-2.7980517187540546,-0.07184924696001369,0.06092865321619544,16.412639164231354,nan,nan
2.5705e-08,25.705000000000002,-2.775369065743596,-0.0712667947033476,0.06232646987947004,16.044547395895336,nan,nan
2.57315e-08,25.7315,-2.7539423775472702,-0.07071659350390781,0.0636763295841343,15.704422766370655,nan,nan
2.5758e-08,25.758000000000003,-2.733902578775046,-0.07020200528476808,0.06496526225594425,15.392841732252089,nan,nan
2.5784500000000002e-08,25.7845,-2.714270110980104,-0.06969787663783178,0.06625329291457362,15.093589405275155,nan,nan
2.5811e-08,25.811,-2.6947423295379167,-0.06919643615979598,0.06755978769334578,14.801704299886273,nan,nan
2.58375e-08,25.8375,-2.6761638027402865,-0.0687193709393466,0.06882668108582743,14.529249183946439,nan,nan
2.5864e-08,25.864,-2.6589023829932437,-0.06827612680558985,0.07002504025337312,14.280605857300165,nan,nan
2.58905e-08,25.8905,-2.6421719693641412,-0.06784651801297045,0.07120644326496968,14.043672933906452,nan,nan
2.5917e-08,25.916999999999998,-2.6254798242809114,-0.0674178918920382,0.07240500701754071,13.81119954532622,nan,nan
2.59435e-08,25.9435,-2.6094783011146996,-0.06700699977664247,0.07357291666124813,13.59195809246358,nan,nan
2.597e-08,25.97,-2.594703570671201,-0.06662760962838772,0.07466800658128155,13.392616808531342,nan,nan
2.59965e-08,25.9965,-2.5805794315393378,-0.06626492556726725,0.07573011089281274,13.204787213574596,nan,nan
2.6023e-08,26.023,-2.5664847893513727,-0.06590299893789563,0.07680505740635614,13.01997594649598,nan,nan
2.60495e-08,26.049500000000002,-2.5528647291856714,-0.06555325877408927,0.07785830326332623,12.843845268729769,nan,nan
2.6076e-08,26.076,-2.540361497892283,-0.06523219689128859,0.07883789490591699,12.68425547375882,nan,nan
2.61025e-08,26.102500000000003,-2.528616532682663,-0.06493060600208997,0.07976930220512034,12.536150779263188,nan,nan
2.6129000000000002e-08,26.129,-2.5169382145766885,-0.06463072649805872,0.08070633432133875,12.390601164196354,nan,nan
2.6155500000000002e-08,26.155500000000004,-2.50555924561307,-0.0643385337749087,0.0816299340352973,12.250408037419138,nan,nan
2.6182000000000002e-08,26.182000000000002,-2.4951702295490312,-0.06407176137186353,0.08248240925325526,12.123797171462154,nan,nan
2.6208500000000003e-08,26.208500000000004,-2.4856290832804087,-0.06382676083454639,0.0832731522833198,12.008672334124032,nan,nan
2.6235e-08,26.235,-2.4762280052632795,-0.0635853570135892,0.08405970109509844,11.896306874428207,nan,nan
2.62615e-08,26.2615,-2.466991763607404,-0.06334818591225914,0.08483969336149698,11.786935576712406,nan,nan
2.6288e-08,26.288,-2.4586058138503875,-0.06313284887218669,0.08555414626356105,11.688504224206335,nan,nan
2.63145e-08,26.3145,-2.4511345521683428,-0.06294099947851817,0.08619573744161992,11.601501764252516,nan,nan
2.6341e-08,26.341,-2.443904430567427,-0.06275534215525523,0.08682120147063935,11.517923998531323,nan,nan
2.63675e-08,26.3675,-2.4367458688286465,-0.06257152236850834,0.08744494629587402,11.435766643579994,nan,nan
2.6394e-08,26.394000000000002,-2.4302903371984863,-0.06240575520872185,0.08801127592524063,11.36218046480123,nan,nan
2.64205e-08,26.4205,-2.4247901950161586,-0.06226452083791858,0.08849668413988017,11.29985840395301,nan,nan
2.6447000000000002e-08,26.447000000000003,-2.4196518581497237,-0.0621325770171501,0.0889525801852158,11.241944842047461,nan,nan
2.6473500000000002e-08,26.4735,-2.4145335322693935,-0.06200114704474007,0.08940903562585775,11.184551907981799,nan,nan
2.6500000000000002e-08,26.500000000000004,-2.4099693440897214,-0.061883946393481465,0.08981804798406365,11.133619828583107,nan,nan
2.6526500000000003e-08,26.526500000000002,-2.4063731720974957,-0.06179160276457415,0.09014163061328817,11.093653323069415,nan,nan
2.6553000000000003e-08,26.553000000000004,-2.4032714070758745,-0.06171195467245467,0.09042166284268885,11.059296727817875,nan,nan
2.6579500000000003e-08,26.579500000000003,-2.400179946728268,-0.06163257118697671,0.09070163035919591,11.025160143646895,nan,nan
2.6606000000000003e-08,26.606000000000005,-2.3974986243514067,-0.06156371935255805,0.09094515701112371,10.995637732283948,nan,nan
2.6632500000000004e-08,26.632500000000004,-2.3957692856808723,-0.06151931285342727,0.09110256805731594,10.97663898311696,nan,nan
2.6659000000000004e-08,26.659000000000002,-2.394671642608735,-0.06149112723139771,0.09120262106119577,10.964597161401898,nan,nan
2.66855e-08,26.6855,-2.393616016822164,-0.06146402054236536,0.09129894773330523,10.953028756926262,nan,nan
2.6712e-08,26.712,-2.392838304831887,-0.061444050210695426,0.09136997963725856,10.944513766666347,nan,nan
2.67385e-08,26.738500000000002,-2.3929686600539686,-0.06144739751284895,0.09135806985953908,10.945940534180252,nan,nan
2.6765000000000002e-08,26.765,-2.3938659491151286,-0.061470438381935714,0.09127613202926235,10.955766614643666,nan,nan
2.6791500000000002e-08,26.791500000000003,-2.3948774154481027,-0.06149641113071034,0.09118385596964151,10.966853609842262,nan,nan
2.6818000000000002e-08,26.818,-2.396053451920828,-0.06152660976299311,0.09107668346103916,10.979758616570406,nan,nan
2.68445e-08,26.8445,-2.398067857084393,-0.061578336288669676,0.09089340278234444,11.001898590975019,nan,nan
2.6871e-08,26.871,-2.4009763191745597,-0.061653020687671166,0.09062942683420902,11.033943774457807,nan,nan
2.68975e-08,26.8975,-2.4041101841174415,-0.061733493051606136,0.09034585102688615,11.068576903464097,nan,nan
2.6924e-08,26.924,-2.407321435126371,-0.06181595255914301,0.0900561931526098,11.104178013669681,nan,nan
2.69505e-08,26.9505,-2.4112789545946374,-0.061917574981530235,0.08970049831383475,11.148210085760105,nan,nan
2.6977e-08,26.977,-2.416244340734793,-0.06204507771946917,0.08925620466035691,11.203702911245895,nan,nan
2.70035e-08,27.003500000000003,-2.4215839364255833,-0.06218218952726129,0.08878088275730468,11.263686155651818,nan,nan
2.703e-08,27.03,-2.426947447874519,-0.06231991545136931,0.08830598018734455,11.324261368012237,nan,nan
2.70565e-08,27.0565,-2.432947337439158,-0.062473982491722126,0.08777774033337729,11.392409923085616,nan,nan
2.7083000000000002e-08,27.083000000000002,-2.4400514791915615,-0.06265640486504219,0.08715636460730303,11.473631380859679,nan,nan
2.7109500000000002e-08,27.1095,-2.447715174613709,-0.06285319563246138,0.0864909776928111,11.561899595489454,nan,nan
2.7136000000000002e-08,27.136000000000003,-2.4553912186946567,-0.06305030349260256,0.08582961072384027,11.650990742781469,nan,nan
2.7162500000000003e-08,27.1625,-2.4635817942704037,-0.0632606236533566,0.0851294879289064,11.746810938591842,nan,nan
2.7189000000000003e-08,27.189000000000004,-2.4729528211231413,-0.06350125581111783,0.08433546343466575,11.857408014063918,nan,nan
2.7215500000000003e-08,27.215500000000002,-2.4831056125388873,-0.06376196236377879,0.08348355500756827,11.978407003742763,nan,nan
2.7242000000000003e-08,27.242000000000004,-2.4933107539936223,-0.0640240131771103,0.08263592596306363,12.101274213917288,nan,nan
2.7268500000000004e-08,27.268500000000003,-2.5039037852890917,-0.06429602434706189,0.08176518106950365,12.230144750122431,nan,nan
2.7295000000000004e-08,27.295000000000005,-2.515732222303682,-0.06459975865136941,0.0808037242508604,12.375667201866033,nan,nan
2.7321500000000004e-08,27.321500000000004,-2.52860487949736,-0.06493030676795392,0.07977023177699664,12.536004694026353,nan,nan
2.7348000000000004e-08,27.348000000000006,-2.5416344082079663,-0.06526488308040242,0.07873760517967963,12.700411673913559,nan,nan
2.7374500000000005e-08,27.374500000000005,-2.5549292676414153,-0.06560627263811863,0.07769772761647449,12.870389272336542,nan,nan
2.7401000000000005e-08,27.401000000000003,-2.569494485129921,-0.06598028284720224,0.0765742450610098,13.059221141563455,nan,nan
2.7427500000000005e-08,27.427500000000006,-2.585416348012468,-0.06638912942092498,0.075364695127123,13.268812383745848,nan,nan
2.7454e-08,27.454,-2.601684350004258,-0.06680686426292946,0.07414858081179189,13.486434791493265,nan,nan
2.74805e-08,27.4805,-2.6181108949247633,-0.06722867021983248,0.07294052507337859,13.709799853976842,nan,nan
2.7507e-08,27.506999999999998,-2.6358275459687137,-0.06768360392517798,0.07165964321553807,13.95485597091514,nan,nan
2.75335e-08,27.5335,-2.6552866637715136,-0.06818328123681107,0.0702786894231705,14.229064432016932,nan,nan
2.756e-08,27.56,-2.6754030012141152,-0.06869983483986172,0.06887906445398535,14.518199512829472,nan,nan
2.75865e-08,27.5865,-2.695604384303727,-0.06921857227162931,0.06750157255231265,14.814469681058405,nan,nan
2.7613e-08,27.613,-2.7171120123189016,-0.06977085186904665,0.06606527488362932,15.136544905950213,nan,nan
2.76395e-08,27.6395,-2.7408777453735382,-0.07038111579375662,0.06451369543632952,15.5005846934769,nan,nan
2.7666e-08,27.666,-2.765814061682404,-0.07102143832129965,0.06292485377998529,15.891971771543046,nan,nan
2.76925e-08,27.692500000000003,-2.790827779156878,-0.07166374838017582,0.0613703917519968,16.294502470199127,nan,nan
2.7719e-08,27.719,-2.8171891395931556,-0.07234066363642114,0.05977372238546943,16.729759501193335,nan,nan
2.7745500000000002e-08,27.745500000000003,-2.8466069359031216,-0.0730960630087513,0.058040923717608654,17.22922269234348,nan,nan
2.7772000000000002e-08,27.772000000000002,-2.8781279848668273,-0.07390547036039255,0.05623994638153507,17.780955785696197,nan,nan
2.7798500000000002e-08,27.7985,-2.909867538348852,-0.07472048853937961,0.05448294629225494,18.354367156207843,nan,nan
2.7825000000000003e-08,27.825000000000003,-2.943114581303762,-0.07557421650442996,0.05270133027709622,18.97485309653741,nan,nan
2.7851500000000003e-08,27.8515,-2.981050125473722,-0.07654833726973291,0.050739523012615556,19.708502181846807,nan,nan
2.7878000000000003e-08,27.878000000000004,-3.023288892936659,-0.07763295754833252,0.04864098002744419,20.558796295547097,nan,nan
2.7904500000000003e-08,27.904500000000002,-3.066383792364583,-0.07873956185123392,0.046589327282009235,21.464143363713184,nan,nan
2.7931000000000004e-08,27.931000000000004,-3.111843332825032,-0.07990688614597066,0.04451881666298613,22.46241196324117,nan,nan
2.7957500000000004e-08,27.957500000000003,-3.1687920865546655,-0.08136923405160819,0.0420543652692247,23.778744337197214,nan,nan
2.7984000000000004e-08,27.984000000000005,-3.2434019651496175,-0.08328508984401377,0.03903088726502394,25.620734502136525,nan,nan
2.8010500000000005e-08,28.010500000000004,-3.327585923829787,-0.08544679185857712,0.03587961673051481,27.870977761853357,nan,-0.09425420889765254
2.8037000000000005e-08,28.037000000000006,-3.4038172361382255,-0.08740428333288548,0.03324611914492248,30.078698678811815,nan,-0.09791611455863737
2.80635e-08,28.063499999999998,-3.4617708653820713,-0.08889243474619256,0.031374153393069606,31.873370014850984,nan,-0.10079491952669631
2.809e-08,28.09,-3.505952038482473,-0.09002693272412393,0.03001818127221134,33.313144155263245,nan,-0.10304631417969345
2.81165e-08,28.1165,-3.5461692276906494,-0.0910596422841683,0.028834888242218838,34.68021070863184,nan,-0.10513940476305475
2.8143e-08,28.143,-3.5855879510851185,-0.09207184858937513,0.02772036461950578,36.07456156245281,nan,-0.10723219131737381
2.81695e-08,28.1695,-3.621208616596549,-0.09298652717664244,0.02675032605890273,37.38272190769023,nan,-0.1091591411994461
2.8196e-08,28.196,-3.651893009044201,-0.09377445060064943,0.025941973876923843,38.5475679200159,nan,-0.11084679521929403
2.82225e-08,28.2225,-3.6804722623199027,-0.0945083176027408,0.025211065786935414,39.665121992510464,nan,-0.11244212572941521
2.8249e-08,28.249,-3.7088196040404853,-0.09523622950740315,0.024506433500623388,40.80561130915122,nan,-0.11404719137598678
2.82755e-08,28.2755,-3.735523694539694,-0.09592194549337305,0.02386067209252161,41.90996783839208,nan,-0.11558016603487828
2.8302e-08,28.302,-3.759324733155159,-0.09653311600531372,0.023299468422512952,42.919434120383485,nan,-0.11696384696319423
2.83285e-08,28.328500000000002,-3.781529511330394,-0.09710329724253373,0.022787810542121114,43.883110145733156,nan,-0.1182696605132332
2.8355e-08,28.355,-3.8036235012590733,-0.0976706336245162,0.022289858020402814,44.86345310430687,nan,-0.11958342808869041
2.8381500000000002e-08,28.381500000000003,-3.8249353600151856,-0.09821788619768403,0.021819845919967436,45.829837830563946,nan,-0.12086451411215723
2.8408000000000002e-08,28.408,-3.8443082996359657,-0.09871535059901206,0.02140119966023758,46.72635253517834,nan,-0.1220409531513377
2.8434500000000002e-08,28.434500000000003,-3.8623363317724237,-0.09917828004541708,0.021018835140891808,47.57637582182259,nan,-0.12314600526041718
2.8461000000000003e-08,28.461000000000002,-3.8802508257120962,-0.09963829402250267,0.02064564607333491,48.43636263296986,nan,-0.12425400936797017
2.8487500000000003e-08,28.487500000000004,-3.897822178917915,-0.1000894967245273,0.02028604274488698,49.29497648091303,nan,-0.1253504744518786
2.8514000000000003e-08,28.514000000000003,-3.9140449149430676,-0.10050606921288621,0.01995960266334367,50.10119774761478,nan,-0.1263713731256964
2.8540500000000003e-08,28.540500000000005,-3.929091570387957,-0.1008924419363552,0.019661525554771724,50.860753262216036,nan,-0.127325691704933
2.8567000000000004e-08,28.567000000000004,-3.9439763495206606,-0.1012746579492626,0.019371035393736327,51.62346666938374,nan,-0.1282768341002816
2.8593500000000004e-08,28.593500000000002,-3.9587595074148574,-0.10165426450023157,0.019086776616975346,52.392293369778464,nan,-0.12922851532712182
2.8620000000000004e-08,28.620000000000005,-3.972604156220184,-0.1020097717213531,0.018824347707656952,53.12269065202413,nan,-0.1301261804121861
2.8646500000000004e-08,28.646500000000003,-3.9854112563653157,-0.10233863644354592,0.018584799633734547,53.80741356957281,nan,-0.13096212356962345
2.8673000000000005e-08,28.673000000000005,-3.9979928389752786,-0.10266171025595335,0.0183524382440159,54.48867266048781,nan,-0.13178857575145328
2.86995e-08,28.699499999999997,-4.0106027445255155,-0.10298551135367746,0.018122468725371356,55.1801200572638,nan,-0.13262212146977417
2.8726e-08,28.726,-4.022578159128077,-0.10329301979444752,0.017906738953646698,55.84489742038433,nan,-0.1334186060935371
2.87525e-08,28.752499999999998,-4.033643655213666,-0.10357716306301532,0.01770968426846918,56.4662805299374,nan,-0.13415882345510227
2.8779e-08,28.779,-4.044419617321157,-0.10385387158755884,0.0175198699346787,57.078049307923656,nan,-0.13488361949431263
2.88055e-08,28.8055,-4.055283742049832,-0.10413284397945678,0.01733056207655393,57.701533024879446,nan,-0.1356183093613627
2.8832e-08,28.832,-4.065745240593126,-0.10440147761026887,0.017150203482133756,58.308346081243364,nan,-0.13632955328190713
2.88585e-08,28.8585,-4.075420875997375,-0.10464993160166419,0.016985064566429783,58.875254556079526,nan,-0.13699068874506024
2.8885e-08,28.885,-4.084750948393081,-0.10488951211807164,0.01682732966762871,59.427135484469225,nan,-0.13763124822171321
2.89115e-08,28.9115,-4.094182628657073,-0.10513170175309283,0.016669365777949585,59.99028477273026,nan,-0.13828182799490105
2.8938e-08,28.938000000000002,-4.103389068685674,-0.10536810759891903,0.016516604534198176,60.54513189617557,nan,-0.1389198369944415
2.89645e-08,28.9645,-4.111932126184522,-0.10558747890071242,0.016376103241812393,61.06458815225001,nan,-0.13951450624122835
2.8991e-08,28.991,-4.120086439650173,-0.1057968679116646,0.016243110332490523,61.56456365378096,nan,-0.14008448991648667
2.90175e-08,29.017500000000002,-4.128324859416299,-0.10600841663049966,0.016109842483262814,62.073853362560286,nan,-0.1406627174344597
2.9044000000000002e-08,29.044,-4.136471309455095,-0.1062176037219182,0.015979137569712084,62.58160026705486,nan,-0.14123683679931534
2.9070500000000002e-08,29.070500000000003,-4.144074690069546,-0.10641284570684548,0.01585810282459464,63.059245551686075,nan,-0.1417747974447624
2.9097000000000002e-08,29.097,-4.151261628816762,-0.10659739416728821,0.015744540183631393,63.51408096627915,nan,-0.14228517730531645
2.9123500000000003e-08,29.123500000000003,-4.158495315672951,-0.10678314304029088,0.015631060044973888,63.975187679068924,nan,-0.14280073229258053
2.9150000000000003e-08,29.150000000000002,-4.165733101210664,-0.10696899716051933,0.015518334219416062,64.43990610466624,nan,-0.14331844904575072
2.9176500000000003e-08,29.176500000000004,-4.172544096245565,-0.10714389202076298,0.0154129980513652,64.88030405683632,nan,-0.14380735167402386
2.9203000000000003e-08,29.203000000000003,-4.178927469883657,-0.10730780628506599,0.015314924479068652,65.29578395027208,nan,-0.1442670729557617
2.9229500000000004e-08,29.229500000000005,-4.185308866014333,-0.10747166977031522,0.015217505045847813,65.71379454037744,nan,-0.1447281207673704
2.9256000000000004e-08,29.256000000000004,-4.191758514069971,-0.10763728584983537,0.01511967332324006,66.13899511062357,nan,-0.14519559684764413
2.9282500000000004e-08,29.282500000000006,-4.197891208218989,-0.10779476308783269,0.015027232735764076,66.54585162709625,nan,-0.14564150023916633
2.9308999999999998e-08,29.308999999999997,-4.2036014206859935,-0.107941391709093,0.01494166857132671,66.92692956120143,nan,-0.1460579163676253
2.9335499999999998e-08,29.3355,-4.209256283628687,-0.10808659904796075,0.014857413932159863,67.30646427205163,nan,-0.14647146948804834
2.9362e-08,29.362,-4.21501619788404,-0.10823450392728359,0.014772082488670442,67.6952623820614,nan,-0.1468939090525376
2.93885e-08,29.3885,-4.220560056155687,-0.10837686085349804,0.014690414743345977,68.07159753287088,nan,-0.14730165341707896
2.9415e-08,29.415,-4.225701717336607,-0.10850889003705334,0.014615075458642919,68.42249996106793,nan,-0.14768082820194112
2.94415e-08,29.441499999999998,-4.2307353696447905,-0.10863814573500112,0.014541693095920679,68.76778332507415,nan,-0.1480529833012126
2.9468e-08,29.468,-4.235887794331706,-0.10877045130722904,0.014466960808993163,69.12301852496658,nan,-0.14843489095065662
2.94945e-08,29.4945,-4.240913837770222,-0.10889951162224226,0.014394431655562237,69.47130834537563,nan,-0.14880838015219167
2.9521e-08,29.521,-4.245571179040539,-0.10901910428769059,0.014327547746442399,69.79561455297225,nan,-0.14915530964280146
2.95475e-08,29.5475,-4.250072764997887,-0.1091346974195092,0.014263196009810837,70.11051375246875,nan,-0.14949140546564615
2.9574e-08,29.574,-4.254687947284115,-0.10925320751338134,0.014197520429203095,70.4348343773526,nan,-0.1498367688343414
2.96005e-08,29.6005,-4.259253329856639,-0.10937043883463309,0.014132851049416046,70.75713148772759,nan,-0.150179190593817
2.9627e-08,29.627000000000002,-4.263494218365517,-0.10947933769585212,0.014073042114953622,71.05784178229864,nan,-0.1504979750585459
2.96535e-08,29.6535,-4.267539668430825,-0.10958321802760528,0.014016225328034813,71.34588497231358,nan,-0.15080269916270117
2.9680000000000002e-08,29.680000000000003,-4.271678779122876,-0.10968950340621882,0.013958330519084324,71.64180548904216,nan,-0.15111511686630416
2.9706500000000002e-08,29.706500000000002,-4.275830254775968,-0.10979610629616837,0.013900502967666019,71.9398429197923,nan,-0.1514291180098277
2.9733000000000002e-08,29.733,-4.279709287226893,-0.10989571330438212,0.013846686910167326,72.21944184104585,nan,-0.15172310224265276
2.9759500000000003e-08,29.759500000000003,-4.283363433157119,-0.10998954560619732,0.013796181428945809,72.48382497361894,nan,-0.1520005648159412
2.9786000000000003e-08,29.786,-4.287080607452996,-0.11008499637009415,0.013744993813540898,72.75376137418473,nan,-0.1522833338061946
2.98125e-08,29.812500000000004,-4.290857192152821,-0.11018197269292064,0.013693182576548144,73.02904159860299,nan,-0.15257116092578982
2.9839e-08,29.839,-4.294418165857758,-0.11027341248920078,0.013644508228926856,73.28955966913952,nan,-0.15284305385094527
2.9865500000000004e-08,29.865500000000004,-4.297736296456961,-0.11035861648427699,0.013599308998606226,73.53314790497727,nan,-0.15309684092432557
2.9892e-08,29.892,-4.301080039657608,-0.11044447816774192,0.013553912341287645,73.77943539990449,nan,-0.1533530132687298
2.99185e-08,29.918499999999998,-4.304515064922713,-0.11053268382060108,0.013507434182480375,74.03330539985424,nan,-0.15361662531997156
2.9945e-08,29.945,-4.307793012881223,-0.11061685599326485,0.013463230005254385,74.27638089891678,nan,-0.15386860540965064
2.99715e-08,29.9715,-4.310822064989063,-0.11069463694044757,0.013422510881336397,74.50170902006646,nan,-0.15410181998161782
2.9998e-08,29.998,-4.3138361965192775,-0.11077203475237249,0.013382114578542615,74.72660573415187,nan,-0.15433423664846413
3.00245e-08,30.0245,-4.316958885896149,-0.11085222014662895,0.013340391569410892,74.96031842820636,nan,-0.15457539380483057
3.0051e-08,30.051000000000002,-4.319981793150198,-0.11092984330433459,0.013300125693630208,75.18725935642301,nan,-0.15480920399656534
3.00775e-08,30.0775,-4.322761310297887,-0.1110012166147832,0.013263209095124899,75.39653434006146,nan,-0.15502450098589543
3.0104e-08,30.104000000000003,-4.325485573829106,-0.11107117110559077,0.013227125790811487,75.60221440508806,nan,-0.15523580866491526
3.01305e-08,30.1305,-4.328322234234497,-0.11114401175847884,0.013189658093494388,75.81697667305234,nan,-0.15545614051560774
3.0157e-08,30.157000000000004,-4.3311125083388955,-0.11121566128942545,0.013152906629244173,76.02882223588512,nan,-0.15567317449810522
3.01835e-08,30.1835,-4.333675457163826,-0.11128147349076328,0.013119239564565342,76.22393013547591,nan,-0.1558727935639769
3.0210000000000004e-08,30.210000000000004,-4.336145894329974,-0.11134491014879931,0.013086869308358586,76.41246935669326,nan,-0.15606544949678128
3.02365e-08,30.2365,-4.33872079013252,-0.11141102912836408,0.0130532153298461,76.60947703157136,nan,-0.15626650502868725
3.0263000000000004e-08,30.263000000000005,-4.341296529988641,-0.11147716978180047,0.013019636906077173,76.80705746357874,nan,-0.15646788560943958
3.02895e-08,30.2895,-4.3436700345626456,-0.11153811737442548,0.012988771382549497,76.98957588425237,nan,-0.15665368445732653
3.0316000000000005e-08,30.316000000000006,-4.345919198542848,-0.11159587211040267,0.01295959033459137,77.16293294633152,nan,-0.15682995346544915
3.03425e-08,30.3425,-4.3482551617117355,-0.11165585570308824,0.012929352539823281,77.34339340813334,nan,-0.15701323497686526
3.0369000000000005e-08,30.369000000000007,-4.350631250794832,-0.11171686966154587,0.012898667715776316,77.5273867065281,nan,-0.15719988454567715
3.03955e-08,30.395500000000002,-4.35283728319914,-0.11177351685143037,0.0128702441999485,77.69860341919554,nan,-0.1573733742286838
3.0422000000000006e-08,30.422000000000008,-4.354894352673853,-0.11182633892462934,0.012843796425253908,77.85859934947008,nan,-0.15753532148072336
3.04485e-08,30.448500000000003,-4.357013173612289,-0.11188074667122296,0.0128166115305914,78.02374267279184,nan,-0.15770230448572578
3.0475000000000007e-08,30.475000000000005,-4.359202212432457,-0.11193695749454016,0.01278858615591569,78.19472675151226,nan,-0.15787500721500397
3.0501500000000003e-08,30.501500000000004,-4.361258261690301,-0.11198975337029136,0.01276231920516652,78.35566435253978,nan,-0.15803739006319484
3.0528e-08,30.528,-4.363149103206014,-0.11203830698998116,0.012738210482246654,78.5039626557991,nan,-0.15818687254306357
3.05545e-08,30.554499999999997,-4.365071741674743,-0.1120876771017731,0.01271374303731322,78.65504258385018,nan,-0.1583390137426774
3.0581e-08,30.581,-4.367084827998882,-0.1121393697618785,0.012688174919125321,78.81354145683046,nan,-0.1584984690301011
3.06075e-08,30.607499999999998,-4.36900455734812,-0.11218866517239048,0.012663840422641811,78.96498744662715,nan,-0.1586506791503766
3.0634e-08,30.634,-4.370751773683535,-0.11223353073979027,0.012641733272397291,79.10307696362011,nan,-0.15878933823753166
3.06605e-08,30.6605,-4.372498425970948,-0.11227838182338905,0.012619671832501173,79.24136326782784,nan,-0.15892807368978729
3.0687e-08,30.687,-4.374345788442694,-0.11232581897459235,0.012596380244978427,79.38788608724732,nan,-0.15907494038787257
3.07135e-08,30.7135,-4.3761396819699705,-0.11237188313352027,0.012573803935791624,79.53042731591168,nan,-0.15921768614893353
3.074e-08,30.740000000000002,-4.377762674958431,-0.11241355885497342,0.012553413291577779,79.65960944430236,nan,-0.15934694318178408
3.07665e-08,30.7665,-4.37935273116139,-0.1124543888153494,0.01253346851976143,79.78637345466717,nan,-0.15947367885203262
3.0793e-08,30.793000000000003,-4.381044221444091,-0.11249782343174254,0.012512286199446672,79.92144553440784,nan,-0.15960860999173004
3.08195e-08,30.8195,-4.382720214720843,-0.11254086011117115,0.012491333255301013,80.05550565033758,nan,-0.15974241752766127
3.0846000000000004e-08,30.846000000000004,-4.38423528277146,-0.11257976450232318,0.01247242236463681,80.17688711659657,nan,-0.15986347369051557
3.08725e-08,30.872500000000002,-4.385687206042524,-0.11261704744208104,0.012454326504438278,80.29338235541164,nan,-0.15997957057518117
3.0899000000000004e-08,30.899000000000004,-4.387232655700288,-0.11265673198164143,0.012435093835193334,80.41756767205388,nan,-0.1601032385359768
3.09255e-08,30.9255,-4.3887967408502,-0.11269689504919637,0.012415659492033666,80.5434460120009,nan,-0.1602284950564824
3.0952000000000005e-08,30.952000000000005,-4.390217223959278,-0.11273337065864368,0.012398035777494971,80.65793791426294,nan,-0.16034233641453874
3.09785e-08,30.9785,-4.391548381425988,-0.11276755253631494,0.012381543019261754,80.76537782442117,nan,-0.16044909238702418
3.1005000000000005e-08,31.005000000000006,-4.392957831831932,-0.11280374484456138,0.012364104140931044,80.8792928789338,nan,-0.16056220475811134
3.10315e-08,31.0315,-4.39441462511828,-0.1128411528380945,0.012346105310497662,80.99720315440034,nan,-0.16067920033349717
3.1058000000000006e-08,31.058000000000007,-4.395751103439803,-0.11287547134633943,0.012329616029632543,81.1055265303183,nan,-0.1607866083506046
3.10845e-08,31.084500000000002,-4.3969775759611185,-0.1129069650912488,0.012314503363902865,81.20506125576043,nan,-0.1608852387678566
3.1111000000000006e-08,31.111000000000008,-4.398261392090706,-0.11293993132326223,0.012298703949797785,81.30938057228721,nan,-0.16098854545327798
3.1137500000000003e-08,31.137500000000003,-4.3996146513746375,-0.11297468073830713,0.012282071870793271,81.41948773138162,nan,-0.16109751193596733
3.1164e-08,31.164,-4.40087519746921,-0.11300704943508509,0.012266599506925975,81.52218546267687,nan,-0.1611990793599681
3.11905e-08,31.190499999999997,-4.402011592344813,-0.11303623013804139,0.012252667723608099,81.6148795150323,nan,-0.1612906982901922
3.1217e-08,31.217000000000002,-4.403180473972116,-0.11306624504596613,0.012238354172473698,81.71033342450436,nan,-0.16138499070862022
3.12435e-08,31.243499999999997,-4.404433554018089,-0.11309842202721361,0.012223028139443126,81.8127871908474,nan,-0.16148613654705773
3.127e-08,31.270000000000003,-4.405624033802006,-0.11312899153935746,0.012208485529603914,81.91024165734039,nan,-0.16158228815132508
3.12965e-08,31.296499999999998,-4.406683320979525,-0.11315619224673144,0.012195560084513231,81.99705409757027,nan,-0.16166789184202335
3.1323e-08,31.323,-4.407748227224335,-0.11318353724227238,0.01218257986900321,82.08441978241025,nan,-0.16175399533683038
3.13495e-08,31.3495,-4.408904462568879,-0.11321322741499407,0.012168502079758049,82.17938357946875,nan,-0.16184753521601855
3.1376e-08,31.376,-4.410028875824642,-0.11324210045016955,0.01215482734418452,82.2718391371022,nan,-0.16193855255590175
3.14025e-08,31.4025,-4.411022264122185,-0.11326760898549754,0.012142758876272,82.35360762652435,nan,-0.16201900646625603
3.1429e-08,31.429000000000002,-4.411994269243856,-0.11329256843694914,0.01213096178679756,82.4336946711287,nan,-0.16209776725572508
3.14555e-08,31.4555,-4.413057276946764,-0.11331986468113747,0.012118073332451273,82.52136891448548,nan,-0.16218394574340395
3.1482000000000004e-08,31.482000000000003,-4.414118125110203,-0.11334710547199603,0.012105224713034267,82.60895800829314,nan,-0.16226999483313173
3.15085e-08,31.5085,-4.415054990608194,-0.11337116259720294,0.012093889056477085,82.68638775584213,nan,-0.16234602521906197
3.1535000000000004e-08,31.535000000000004,-4.415945090224536,-0.11339401885347758,0.01208312907990375,82.7600196428561,nan,-0.16241829336671282
3.15615e-08,31.561500000000002,-4.41691898803332,-0.1134190269059407,0.012071367075394454,82.84065870537063,nan,-0.1624974020360977
3.1588000000000005e-08,31.588000000000005,-4.417917654880428,-0.11344467098551497,0.012059317818894912,82.92343024853106,nan,-0.1625785626816002
3.16145e-08,31.614500000000003,-4.418805529099581,-0.11346747009734474,0.012048615413400984,82.99708851921336,nan,-0.16265075336167145
3.1641000000000005e-08,31.641000000000005,-4.419624416509986,-0.11348849774432793,0.012038752992583382,83.06508162565193,nan,-0.16271736332436626
3.16675e-08,31.6675,-4.420513955527216,-0.11351133960536328,0.012028048813675913,83.13900413032896,nan,-0.16278975114284905
3.1694000000000006e-08,31.694000000000006,-4.421451085360429,-0.11353540351825267,0.012016782250238167,83.2169526896587,nan,-0.1628660465823049
3.17205e-08,31.7205,-4.422295706316305,-0.11355709195926311,0.012006636909214363,83.28726916298776,nan,-0.16293484114558696
3.1747000000000006e-08,31.747000000000007,-4.423053538269892,-0.11357655180513461,0.011997541343000104,83.35041083925451,nan,-0.16299659145842454
3.1773499999999997e-08,31.773499999999995,-4.423864152871186,-0.1135973670203386,0.011987819901511378,83.4180032913177,nan,-0.16306266855678384
3.18e-08,31.8,-4.424740010813636,-0.11361985757445782,0.011977324870986817,83.49109761749409,nan,-0.16313409406197762
3.18265e-08,31.826499999999996,-4.425545435712726,-0.11364053952686583,0.011967681919169271,83.55837051436393,nan,-0.16319980342270238
3.1853e-08,31.853,-4.42625160579286,-0.11365867278299661,0.011959233683566077,83.61739777475557,nan,-0.1632574370060121
3.18795e-08,31.879499999999997,-4.426989387062662,-0.11367761776114021,0.011950413638985084,83.67911188762227,nan,-0.1633176722550281
3.1906e-08,31.906000000000002,-4.427804187036818,-0.11369854044965728,0.0119406804081175,83.74732141061082,nan,-0.16338422142774
3.19325e-08,31.932499999999997,-4.428572961441279,-0.11371828127920396,0.011931504246298992,83.81172896201984,nan,-0.16344703630334698
3.1959e-08,31.959000000000003,-4.4292358972912975,-0.11373530435325485,0.011923597045662456,83.86730918282568,nan,-0.16350122273335496
3.19855e-08,31.9855,-4.42990749941435,-0.1137525499625746,0.01191559182103599,83.92365356411275,nan,-0.16355613583693288
3.2012e-08,32.012,-4.43066168719383,-0.11377191623220388,0.011906608615237119,83.9869716318953,nan,-0.16361782348667334
3.20385e-08,32.0385,-4.4313950620956,-0.11379074806225134,0.011897879808448635,84.04858816021188,nan,-0.16367783109063233
3.2065e-08,32.065000000000005,-4.43202206009591,-0.11380684831296,0.011890422199797974,84.10130298123397,nan,-0.16372915197112886
3.20915e-08,32.091499999999996,-4.432634551783119,-0.11382257606602483,0.011883141644910479,84.1528301085511,nan,-0.16377930102197413
3.2118000000000003e-08,32.118,-4.4333290330116135,-0.11384040917216821,0.011874891891083705,84.21129296771558,nan,-0.16383618172213507
3.21445e-08,32.1445,-4.434027218563191,-0.11385833739907801,0.011866603906750936,84.27010860547034,nan,-0.16389338573375975
3.2171000000000004e-08,32.17100000000001,-4.434624326425324,-0.11387367012147216,0.011859520379286835,84.32044197559145,nan,-0.1639423240533467
3.21975e-08,32.1975,-4.435185001424642,-0.11388806730942275,0.011852872906416321,84.36773159515357,nan,-0.16398828967720314
3.2224000000000005e-08,32.224000000000004,-4.4358213075219926,-0.11390440657635775,0.011845333250133875,84.42143238044385,nan,-0.16404047135195027
3.22505e-08,32.2505,-4.436483750266804,-0.11392141698829898,0.011837488993534743,84.47737527326683,nan,-0.1640948140612381
3.2277000000000005e-08,32.27700000000001,-4.437055704508433,-0.11393610380816052,0.011830720427334249,84.52570628662252,nan,-0.1641417481344196
3.23035e-08,32.3035,-4.437571866457748,-0.11394935797609428,0.011824615435334498,84.56934650168704,nan,-0.1641841154636258
3.2330000000000006e-08,32.330000000000005,-4.438152254680496,-0.11396426136636022,0.01181775455897582,84.61844380077095,nan,-0.16423176764097067
3.23565e-08,32.356500000000004,-4.438777924072973,-0.11398032750066149,0.01181036286428016,84.67140353701147,nan,-0.16428315307326732
3.2383e-08,32.383,-4.439328145665524,-0.1139944562627644,0.0118038663350456,84.71800439073142,nan,-0.16432835535985738
3.2409499999999996e-08,32.409499999999994,-4.4398068829367165,-0.11400674942811097,0.011798216736731378,84.75857176675699,nan,-0.16436769512223443
3.2436e-08,32.436,-4.440334370329239,-0.11402029441431677,0.011791994967245248,84.80329263858329,nan,-0.16441105178296359
3.24625e-08,32.4625,-4.440922040147967,-0.11403538478368119,0.011785067203518611,84.85314362071986,nan,-0.164459368587697
3.2489e-08,32.489,-4.441452687977073,-0.1140490109245658,0.011778815142159305,84.89818270606452,nan,-0.16450300938037252
3.25155e-08,32.515499999999996,-4.441900653735194,-0.11406051392937776,0.011773539817974887,84.93622270451584,nan,-0.16453985936475646
3.2542e-08,32.542,-4.442378988098204,-0.114072796748722,0.011767909476006063,84.97686033691281,nan,-0.1645792166054585
3.25685e-08,32.5685,-4.442927499001101,-0.11408688158320107,0.011761456419301939,85.02348385688714,nan,-0.16462435954287302
3.2595e-08,32.595,-4.443439577338154,-0.11410003089086225,0.011755435174063623,85.06703369062258,nan,-0.164666515223532
3.26215e-08,32.6215,-4.443862788845017,-0.11411089824826996,0.0117504611912274,85.10304265730224,nan,-0.16470136329244675
3.2648e-08,32.648,-4.4442963629697605,-0.11412203170021988,0.01174536759960564,85.13994913480407,nan,-0.16473707228764775
3.26745e-08,32.6745,-4.444804853851043,-0.11413508888807002,0.011739396705485194,85.18325303145717,nan,-0.1647789612619962
3.2701e-08,32.701,-4.445298366972336,-0.11414776147231576,0.011733604588535384,85.22530245966149,nan,-0.16481962656875343
3.27275e-08,32.7275,-4.44570203628048,-0.11415812701903405,0.01172886904834952,85.2597122431612,nan,-0.16485289623843938
3.2754000000000003e-08,32.754000000000005,-4.4460957543878585,-0.11416823703570747,0.011724252089175964,85.29328714479088,nan,-0.16488535221811274
3.27805e-08,32.7805,-4.446563852257622,-0.11418025699917729,0.01171876527603141,85.33322209681228,nan,-0.16492394797564877
3.2807000000000004e-08,32.807,-4.447037996813149,-0.1141924322313349,0.01171321020433585,85.37369197300262,nan,-0.16496305150665155
3.28335e-08,32.8335,-4.44742640255032,-0.114202405835305,0.011708661609699106,85.40685804529784,nan,-0.1649950909154366
3.2860000000000004e-08,32.86000000000001,-4.447785509995018,-0.11421162710855964,0.01170445769702096,85.43753379146493,nan,-0.16502471905802182
3.28865e-08,32.8865,-4.448213470677313,-0.11422261641677911,0.011699449721003903,85.47410552179306,nan,-0.1650600348820149
3.2913000000000005e-08,32.913000000000004,-4.4486668545182795,-0.11423425854881653,0.011694146581821848,85.51286688628188,nan,-0.16509745689979163
3.29395e-08,32.9395,-4.449043261600037,-0.11424392404756105,0.011689745650556145,85.54506059354888,nan,-0.16512853174987693
3.2966000000000005e-08,32.96600000000001,-4.449373150351935,-0.11425239503408555,0.011685889970961113,85.57328560211955,nan,-0.16515577101891812
3.29925e-08,32.9925,-4.4497619452213275,-0.1142623786303145,0.011681347440009704,85.60656252504799,nan,-0.16518787999797996
3.3019e-08,33.019,-4.4501928202211225,-0.11427344277329002,0.01167631532361831,85.64345620036882,nan,-0.16522347149559408
3.3045499999999996e-08,33.0455,-4.450559451217819,-0.11428285723866544,0.011672035209152732,85.67486150280295,nan,-0.16525376229491176
3.3072e-08,33.072,-4.450865454358947,-0.11429071488300778,0.011668464076132198,85.70108229115574,nan,-0.16527904831443552
3.30985e-08,33.098499999999994,-4.451216801432594,-0.11429973688302797,0.01166436511554617,85.73119840592166,nan,-0.16530808601991925
3.3125e-08,33.125,-4.451623297416328,-0.11431017501400596,0.01165962456154725,85.76605487778231,nan,-0.16534168797109106
3.31515e-08,33.1515,-4.451981356118745,-0.11431936935732841,0.011655450478833982,85.79676965862245,nan,-0.16537129163609968
3.3178e-08,33.178000000000004,-4.452268544571719,-0.11432674387222516,0.011652103648650743,85.82141303864861,nan,-0.16539503970380723
3.32045e-08,33.204499999999996,-4.452584885367438,-0.11433486697009457,0.011648418195871,85.84856614733052,nan,-0.16542120237206642
3.3231e-08,33.231,-4.452965232593787,-0.11434463364510394,0.011643988594765498,85.88122462173705,nan,-0.16545266411131868
3.32575e-08,33.2575,-4.453314977241021,-0.11435361449751766,0.01163991688415302,85.91126637351115,nan,-0.16548159973308643
3.3284e-08,33.284,-4.453587971203728,-0.11436062452185482,0.01163673969081427,85.93472283214972,nan,-0.16550418901356875
3.33105e-08,33.3105,-4.453872397687707,-0.11436792811404807,0.01163343036451136,85.95916841953805,nan,-0.1655277275745591
3.3337e-08,33.337,-4.454225126359036,-0.11437698559116558,0.011629327643692058,85.9894940308451,nan,-0.16555692333673677
3.33635e-08,33.3635,-4.454565987179878,-0.1143857383219073,0.011625364337031947,86.01880947632378,nan,-0.1655851416756923
3.339e-08,33.39,-4.454828793341548,-0.11439248674070379,0.011622309521082324,86.04141872026786,nan,-0.16560690150307186
3.34165e-08,33.4165,-4.455084931869802,-0.11439906394592454,0.011619332981046247,86.06346006532608,nan,-0.16562811201526006
3.3443000000000004e-08,33.443000000000005,-4.455409038796963,-0.11440738646494554,0.01161556768495033,86.09135834967813,nan,-0.1656549547994028
3.34695e-08,33.469500000000004,-4.455739772115651,-0.11441587913852015,0.011611726664913112,86.11983633938587,nan,-0.16568235087101768
3.3496000000000004e-08,33.496,-4.4559956557700975,-0.11442244979901157,0.011608755793974525,86.14187581747957,nan,-0.16570354992982103
3.35225e-08,33.5225,-4.456227517037444,-0.11442840360513545,0.01160606448516101,86.16185109763563,nan,-0.1657227611609299
3.3549000000000005e-08,33.54900000000001,-4.456522591743436,-0.11443598062570315,0.011602640334310323,86.18727903190161,nan,-0.16574721326219757
3.35755e-08,33.575500000000005,-4.456841461030097,-0.11444416865095361,0.01159894119846529,86.21476589021027,nan,-0.16577364121673677
3.3602000000000005e-08,33.602000000000004,-4.457092859808945,-0.11445062414740705,0.011596025605315695,86.23644290174673,nan,-0.1657944801719149
3.3628499999999996e-08,33.628499999999995,-4.457304665358478,-0.11445606295653765,0.011593569762829676,86.2547101934139,nan,-0.16581203919716442
3.3655e-08,33.655,-4.457570970429945,-0.114462901221434,0.0115904827474676,86.27768331897043,nan,-0.16583411896059425
3.3681499999999996e-08,33.6815,-4.457875943421005,-0.11447073241326078,0.011586948502228338,86.3039996948019,nan,-0.1658594083523302
3.3708e-08,33.708,-4.458124426689764,-0.11447711304433449,0.01158406969707183,86.32544745934804,nan,-0.16588001627645574
3.37345e-08,33.7345,-4.458320423435511,-0.11448214591005822,0.011581799479593584,86.34236862431769,nan,-0.16589627304469845
3.3761e-08,33.761,-4.458558926668269,-0.11448827027064681,0.011579037512358694,86.36296401429449,nan,-0.16591605762305833
3.37875e-08,33.787499999999994,-4.45884787709112,-0.11449569002995699,0.011575692227907245,86.38792223493564,nan,-0.16594003011223582
3.3814e-08,33.814,-4.459094152241233,-0.11450201396026964,0.011572841773578596,86.40920005344343,nan,-0.1659604648232632
3.38405e-08,33.8405,-4.459278426683888,-0.1145067458170291,0.011570709391088674,86.42512452781524,nan,-0.1659757566638052
3.3867e-08,33.867000000000004,-4.45949078536092,-0.11451219882954061,0.011568252511429147,86.44347960178297,nan,-0.16599338079550027
3.38935e-08,33.893499999999996,-4.45976168788091,-0.11451915514915771,0.011565119067120063,86.46690053049485,nan,-0.16601586633089252
3.392e-08,33.92,-4.460005651972608,-0.11452541973538974,0.011562297937492628,86.48799792274316,nan,-0.16603611852108766
3.39465e-08,33.9465,-4.460181955355173,-0.11452994690877574,0.01156025964494024,86.50324739355537,nan,-0.1660507555308784
3.3973e-08,33.973,-4.460370455678804,-0.11453478727902831,0.011558080737624727,86.51955482061354,nan,-0.16606640657900207
3.39995e-08,33.9995,-4.460621563418867,-0.1145412353020968,0.011555178778458694,86.54128327847357,nan,-0.16608725816800174
3.4026e-08,34.026,-4.46086239603563,-0.11454741947733624,0.011552396249591618,86.56212775209735,nan,-0.1661072589866877
3.40525e-08,34.0525,-4.461033990632874,-0.11455182573706038,0.01155041409087869,86.57698262001668,nan,-0.1661215111521802
3.4079000000000004e-08,34.079,-4.461201447763324,-0.11455612575361844,0.011548480053618203,86.59148176704815,nan,-0.1661354208502734
3.41055e-08,34.1055,-4.461431443062992,-0.11456203164484079,0.011545824262908963,86.6113996912725,nan,-0.16615452713179302
3.4132000000000004e-08,34.132000000000005,-4.46166773397055,-0.11456809919665113,0.011543096411911254,86.63186759560509,nan,-0.16617415869346552
3.41585e-08,34.158500000000004,-4.461837269113703,-0.11457245257306914,0.011541139617286053,86.64655598674355,nan,-0.1661882454703992
3.4185000000000005e-08,34.185,-4.461986895312556,-0.11457629472139007,0.011539412889619755,86.65952155152945,nan,-0.1662006789932205
3.42115e-08,34.2115,-4.4621950062039275,-0.11458163865793312,0.011537011661986871,86.6775582185537,nan,-0.16621797397874952
3.4238e-08,34.238,-4.462424909578127,-0.11458754218866456,0.011534359568951852,86.69748797252657,nan,-0.16623708211351979
3.42645e-08,34.264500000000005,-4.4625943339891965,-0.1145918927216695,0.011532405532410238,86.7121778877475,nan,-0.1662511650198759
3.4291e-08,34.291,-4.462729583923512,-0.1145953657117743,0.01153084588079325,86.72390649724011,nan,-0.16626240812960347
3.43175e-08,34.3175,-4.462915660986518,-0.1146001438567828,0.011528700454471283,86.7400453285401,nan,-0.16627787765952
3.4344e-08,34.344,-4.463137066678918,-0.11460582918138384,0.01152614821711505,86.75925219451119,nan,-0.16629628611275235
3.43705e-08,34.3705,-4.463307581354023,-0.11461020771052961,0.011524183007249918,86.77404718155684,nan,-0.1663104646957567
3.4397e-08,34.397,-4.4634319846141,-0.11461340217634167,0.011522749450485505,86.78484282740918,nan,-0.1663208097994911
3.44235e-08,34.4235,-4.463596535298068,-0.11461762756025812,0.01152085353017401,86.79912450765235,nan,-0.16633449446394388
3.445e-08,34.45,-4.463807246898453,-0.11462303827862044,0.011518426208430273,86.8174160171383,nan,-0.16635201969088367
3.44765e-08,34.476499999999994,-4.463979300279043,-0.1146274563191268,0.011516444594738594,86.83235453213227,nan,-0.16636633102013088
3.4503e-08,34.503,-4.46409629155634,-0.11463046045772735,0.011515097349985015,86.8425137544583,nan,-0.16637606300955018
3.45295e-08,34.5295,-4.464240471575218,-0.11463416275733593,0.011513437222713172,86.85503561241005,nan,-0.1663880574938391
3.4556e-08,34.556000000000004,-4.464438380931275,-0.11463924473566525,0.011511158831231353,86.87222673766458,nan,-0.16640452318516133
3.45825e-08,34.582499999999996,-4.464611705580401,-0.11464369542020257,0.01150916383656177,86.88728514084116,nan,-0.16641894481285519
3.4609e-08,34.609,-4.464724462740511,-0.11464659083381805,0.011507866169094341,86.89708285673426,nan,-0.16642832754114797
3.46355e-08,34.6355,-4.4648500266171265,-0.11464981510230447,0.011506421287520942,86.90799467637517,nan,-0.16643877656214176
3.4662e-08,34.662000000000006,-4.4650332749708745,-0.11465452061083214,0.01150431294794325,86.92392188259974,nan,-0.16645402707669144
3.46885e-08,34.6885,-4.465206962572678,-0.11465898061538182,0.01150231496493439,86.9390208013404,nan,-0.16646848320478164
3.4715000000000003e-08,34.715,-4.465318262068283,-0.11466183859863234,0.011501034834320764,86.94869760900596,nan,-0.16647774739166152
3.47415e-08,34.7415,-4.465427477182786,-0.11466464305849312,0.011499778816073775,86.95819423954951,nan,-0.1664868385830049
3.4768000000000004e-08,34.768,-4.465594594131694,-0.11466893433976318,0.011497857168699305,86.97272764200854,nan,-0.1665007505504769
3.47945e-08,34.7945,-4.465767203490744,-0.11467336665685826,0.011495872702216643,86.98774124448849,nan,-0.16651512096450186
3.4821000000000005e-08,34.821000000000005,-4.4658793012536275,-0.11467624513826556,0.011494584112829671,86.99749292224072,nan,-0.16652445421233167
3.48475e-08,34.847500000000004,-4.465974831714281,-0.11467869819930573,0.01149348608236287,87.00580422980045,nan,-0.16653240848120937
3.4874e-08,34.873999999999995,-4.466124844732812,-0.11468255028050332,0.0114917620391399,87.0188572121569,nan,-0.16654489996431457
3.49005e-08,34.9005,-4.4662945356754005,-0.11468690765758795,0.011489812156650858,87.03362477698573,nan,-0.16655903114431853
3.4927e-08,34.927,-4.466409079892813,-0.11468984895981962,0.011488496140481618,87.0435945464032,nan,-0.1665685706044261
3.49535e-08,34.953500000000005,-4.4664938480951015,-0.11469202566422425,0.01148752232259177,87.0509733881748,nan,-0.1665756306131851
3.498e-08,34.98,-4.466626357252219,-0.11469542827579514,0.01148600022153983,87.0625092035684,nan,-0.1665866673770035
3.50065e-08,35.0065,-4.466791042020182,-0.11469965710276235,0.011484108808006295,87.07684825337401,nan,-0.1666003850851015
3.5033e-08,35.033,-4.466909022150849,-0.11470268663344897,0.011482753991270824,87.08712219735777,nan,-0.16661021314257835
3.5059500000000004e-08,35.05950000000001,-4.466986056941835,-0.11470466475689998,0.011481869453787688,87.09383119402352,nan,-0.16661663065764326
3.5086e-08,35.086,-4.467101271608518,-0.11470762327513769,0.011480546650230315,87.10386625883696,nan,-0.16662622927389853
3.5112500000000004e-08,35.112500000000004,-4.467258774545645,-0.11471166768480699,0.011478738572805578,87.11758645406495,nan,-0.16663935185085932
3.5139e-08,35.139,-4.4673805086880805,-0.11471479361218163,0.01147734130345859,87.12819228427574,nan,-0.16664949500884516
3.5165500000000005e-08,35.1655,-4.467452789564469,-0.11471664966312711,0.011476511741151676,87.13449021397936,nan,-0.16665551790345398
3.5192e-08,35.192,-4.4675515261883305,-0.11471918505302871,0.011475378645068606,87.14309400411261,nan,-0.16666374560813912
3.5218500000000005e-08,35.218500000000006,-4.4676997422825995,-0.1147229909922432,0.011473677935304969,87.15601097037592,nan,-0.16667609719052442
3.5245e-08,35.245000000000005,-4.467824902708571,-0.11472620490079785,0.011472241974751714,87.16692013651867,nan,-0.16668652814256846
3.52715e-08,35.271499999999996,-4.4678952094309174,-0.11472801025879854,0.01147143542737369,87.17304877241011,nan,-0.16669238783728832
3.5298e-08,35.298,-4.467978851730724,-0.11473015805192717,0.011470475970258626,87.18034043163188,nan,-0.16669935925040302
3.53245e-08,35.3245,-4.468115894890978,-0.11473367708904836,0.011468904127689635,87.19228871969358,nan,-0.166710782145258
3.5351000000000003e-08,35.351000000000006,-4.468243569330825,-0.11473695555323742,0.011467439935251435,87.20342165699549,nan,-0.16672142483781777
3.53775e-08,35.3775,-4.468314345753154,-0.11473877297234111,0.011466628339600812,87.20959382161445,nan,-0.16672732491520148
3.5404000000000004e-08,35.404,-4.46838477082278,-0.11474058136930028,0.01146582082993641,87.21573577960281,nan,-0.16673319591030009
3.54305e-08,35.4305,-4.468509103601232,-0.1147437740252631,0.01146439534119472,87.22658022850324,nan,-0.16674356143324412
3.5457000000000004e-08,35.45700000000001,-4.4686378878430055,-0.11474708098729307,0.01146291900279991,87.23781436087458,nan,-0.16675429875050468
3.54835e-08,35.4835,-4.4687111276811855,-0.11474896166275929,0.011462079491210296,87.2442038782623,nan,-0.16676040539124448
3.551e-08,35.51,-4.468770603372052,-0.11475048889814687,0.011461397796386125,87.24939294187209,nan,-0.16676536456014152
3.55365e-08,35.536500000000004,-4.468881141136988,-0.11475332732143909,0.011460130949109195,87.25903782781215,nan,-0.1667745817501847
3.5563e-08,35.563,-4.469009256786254,-0.11475661711514157,0.011458662821039071,87.27021779224673,nan,-0.16678526530927482
3.55895e-08,35.5895,-4.469086417556463,-0.11475859847352647,0.011457778695900563,87.27695188926859,nan,-0.16679170007316724
3.5616e-08,35.616,-4.469137478028646,-0.11475990962029733,0.011457193671246129,87.28140840541766,nan,-0.1667959583590055
3.56425e-08,35.642500000000005,-4.469233662253847,-0.11476237946890801,0.011456091722945748,87.28980390381041,nan,-0.16680398012190645
3.5669e-08,35.669,-4.469359092187769,-0.11476560029797207,0.011454654876231615,87.30075334482561,nan,-0.16681444155604958
3.5695500000000004e-08,35.6955,-4.469441041733463,-0.11476770462403128,0.011453716210930555,87.30790789505298,nan,-0.16682127687993686
3.5722e-08,35.722,-4.469486349149562,-0.11476886804202913,0.011453197284399997,87.3118636803773,nan,-0.16682505604324566
3.5748500000000004e-08,35.74850000000001,-4.469568186416607,-0.11477096948496208,0.01145226002438724,87.31900933706801,nan,-0.16683188243623864
3.5775e-08,35.775,-4.46968881962,-0.11477406714207973,0.01145087858489982,87.32954354425623,nan,-0.1668419454719228
3.5801500000000005e-08,35.801500000000004,-4.469775817624136,-0.11477630110403343,0.011449882424649938,87.33714137073974,nan,-0.16684920308790227
3.5828e-08,35.828,-4.469818018554909,-0.11477738475272968,0.011449399239149886,87.34082715716791,nan,-0.16685272372088017
3.5854500000000005e-08,35.85450000000001,-4.469886083943656,-0.11477913255706537,0.011448619957861093,87.34677224684701,nan,-0.16685840226525953
3.5881e-08,35.881,-4.469999861070482,-0.1147820541617051,0.011447317440875892,87.35671087701444,nan,-0.16686789487006554
3.5907500000000006e-08,35.907500000000006,-4.470091575841096,-0.11478440924226331,0.01144626760092631,87.36472314513013,nan,-0.16687554717087183
3.5934e-08,35.934000000000005,-4.47013316103766,-0.114785477079944,0.011445791615535238,87.36835629985713,nan,-0.16687901698316038
3.5960500000000006e-08,35.9605,-4.470188566683458,-0.11478689980344166,0.011445157471626853,87.37319713416373,nan,-0.1668836400670493
3.5987e-08,35.987,-4.47029361785577,-0.11478959734029286,0.011443955207567892,87.38237627308254,nan,-0.16689240595827848
3.601350000000001e-08,36.01350000000001,-4.470389176600305,-0.1147920511276154,0.011442861689824165,87.39072682223133,nan,-0.1669003801631711
3.6040000000000004e-08,36.040000000000006,-4.4704323523685225,-0.11479315980849236,0.011442367646145533,87.39450006545273,nan,-0.1669039832281269
3.606650000000001e-08,36.066500000000005,-4.470476683972354,-0.11479429816927764,0.011441860398879776,87.39837448968576,nan,-0.16690768282976026
3.6093e-08,36.092999999999996,-4.470571450984714,-0.11479673162625383,0.011440776139330764,87.40665736498676,nan,-0.16691559168835438
3.61195e-08,36.1195,-4.470669519871551,-0.1147992498697953,0.0114396542101643,87.41522965890748,nan,-0.16692377650215795
3.6146e-08,36.146,-4.470716098399079,-0.11480044592778983,0.011439121380325077,87.41930142641618,nan,-0.16692766407928655
3.61725e-08,36.1725,-4.470751324274989,-0.11480135046884628,0.011438718434351914,87.4223809021187,nan,-0.16693060419176894
3.6199e-08,36.199,-4.470834660467668,-0.11480349040166038,0.011437765214827861,87.42966665407722,nan,-0.1669375600171834
3.62255e-08,36.225500000000004,-4.470933549116468,-0.11480602969530587,0.011436634205603381,87.43831288317762,nan,-0.1669458143361184
3.6252e-08,36.252,-4.470984863813275,-0.11480734737013612,0.01143604735324384,87.44279986881565,nan,-0.1669500977779919
3.62785e-08,36.2785,-4.471013222545494,-0.11480807557452957,0.011435723046037793,87.4452796709235,nan,-0.16695246504133346
3.6305e-08,36.305,-4.471084465071424,-0.1148099049623873,0.011434908365262458,87.45150971544734,nan,-0.16695841220491547
3.6331500000000003e-08,36.331500000000005,-4.4711822488094715,-0.11481241588378899,0.011433790271844844,87.4600614690696,nan,-0.16696657531329057
3.6358e-08,36.358,-4.471239099110559,-0.11481387570359688,0.01143314027590173,87.46503374123346,nan,-0.16697132143078386
3.6384500000000004e-08,36.3845,-4.471262972995431,-0.11481448874467778,0.011432867325685256,87.46712189630546,nan,-0.16697331456973225
3.6411e-08,36.411,-4.47132198393845,-0.11481600404612484,0.011432192681308849,87.47228356594773,nan,-0.16697824126879007
3.6437500000000005e-08,36.43750000000001,-4.471416636273201,-0.1148184345583735,0.011431110648789506,87.48056341366048,nan,-0.16698614389598343
3.6464e-08,36.464,-4.471479264521443,-0.11482004274611517,0.011430394760771746,87.48604233966833,nan,-0.16699137300269193
3.6490500000000005e-08,36.490500000000004,-4.471501046627472,-0.11482060207384483,0.011430145785412736,87.48794799067304,nan,-0.1669931917244921
3.6517e-08,36.517,-4.471548221330149,-0.11482181344061129,0.011429606584402171,87.49207530595903,nan,-0.16699713069803127
3.6543500000000006e-08,36.54350000000001,-4.471637748661022,-0.11482411235140785,0.011428583368035337,87.49990858857494,nan,-0.16700460626903443
3.657e-08,36.57,-4.471705849746389,-0.1148258610723725,0.011427805095604673,87.5058676302256,nan,-0.16701029296332545
3.6596500000000006e-08,36.596500000000006,-4.4717278126151,-0.11482642504178285,0.011427554110977881,87.50778953121296,nan,-0.16701212698596446
3.6623e-08,36.623000000000005,-4.471764055525435,-0.11482735569856728,0.011427139950664121,87.51096112565614,nan,-0.16701515351615853
3.6649500000000007e-08,36.6495,-4.471846626165664,-0.11482947597328619,0.011426196443355944,87.51818726007252,nan,-0.16702204893257422
3.6676000000000004e-08,36.676,-4.471919388660288,-0.11483134439137531,0.011425365075045251,87.52455553338538,nan,-0.16702812551357904
3.67025e-08,36.7025,-4.471943562389212,-0.11483196513194553,0.011425088884705354,87.52667135383861,nan,-0.16703014437209432
3.6729e-08,36.729,-4.47197023262709,-0.1148326499786533,0.011424784178930331,87.52900574211347,nan,-0.16703237175378705
3.67555e-08,36.7555,-4.472044292713177,-0.11483455171670177,0.01142393808976162,87.53548838786352,nan,-0.16703855708422358
3.6782e-08,36.782,-4.472120468423842,-0.1148365077804197,0.011423067896303256,87.54215671987916,nan,-0.16704491934578244
3.68085e-08,36.8085,-4.472148535146426,-0.11483722848649842,0.011422747292724727,87.54461377578676,nan,-0.16704726356393618
3.6835e-08,36.835,-4.472167365710009,-0.11483771202359826,0.011422532197980721,87.54626230572414,nan,-0.16704883636839932
3.68615e-08,36.8615,-4.472231735506593,-0.11483936493136282,0.011421796955570614,87.55189782219708,nan,-0.16705421290472885
3.6888e-08,36.888,-4.472309732765435,-0.1148413677693644,0.011420906121458792,87.55872689655469,nan,-0.16706072791710858
3.69145e-08,36.914500000000004,-4.472342943424891,-0.1148422205630626,0.011420526831933172,87.56163482790296,nan,-0.1670635020386128
3.6941e-08,36.941,-4.47235593941271,-0.11484255427810153,0.01142037841187002,87.56277278523697,nan,-0.16706458761975856
3.69675e-08,36.9675,-4.472409884807622,-0.11484393950482033,0.011419762351663502,87.56749652100521,nan,-0.1670690938631085
3.6994e-08,36.994,-4.4724878795307035,-0.11484594227770788,0.011418871705194539,87.57432658999853,nan,-0.16707560924400472
3.7020500000000004e-08,37.020500000000006,-4.472526997407703,-0.11484694675878529,0.01141842503191221,87.57775237873878,nan,-0.16707887709752853
3.7047e-08,37.047000000000004,-4.472536319742554,-0.1148471861406146,0.011418318586026757,87.57856881167746,nan,-0.16707965588196294
3.7073500000000004e-08,37.0735,-4.472579595289158,-0.11484829738363217,0.011417824462740454,87.58235890412215,nan,-0.16708327115279334
3.71e-08,37.1,-4.472655652917059,-0.11485025041518394,0.011416956083119897,87.58902046391434,nan,-0.1670896252522449
3.7126500000000005e-08,37.12650000000001,-4.472700926704505,-0.1148514129696547,0.011416439205977489,87.5929860403771,nan,-0.16709340768514505
3.7153e-08,37.153,-4.4727087685529785,-0.11485161433509188,0.01141634968034215,87.59367293399424,nan,-0.1670940628470215
3.7179500000000005e-08,37.179500000000004,-4.4727416301611616,-0.11485245816574234,0.011415974526896182,87.59655145024959,nan,-0.16709680835938842
3.7206e-08,37.206,-4.472813831100318,-0.11485431216403458,0.011415150312568838,87.60287623185599,nan,-0.16710284074152046
3.7232500000000006e-08,37.23250000000001,-4.472864998525402,-0.1148556260571755,0.011414566243663169,87.6073587601415,nan,-0.16710711590725005
3.7259e-08,37.259,-4.472873461882273,-0.11485584338189964,0.01141446963852433,87.60810021562077,nan,-0.167107823052325
3.7285500000000007e-08,37.285500000000006,-4.472896649074766,-0.1148564387898789,0.011414204972088062,87.61013162505567,nan,-0.1671097604441858
3.7312000000000004e-08,37.312000000000005,-4.472963210206043,-0.1148581479674209,0.01141344525497659,87.61596324860552,nan,-0.16711532204408314
3.73385e-08,37.3385,-4.473019531384141,-0.11485959420024325,0.011412802454395483,87.62089802184072,nan,-0.16712002817625446
3.7365e-08,37.364999999999995,-4.473030511123353,-0.11485987614142,0.011412677145488785,87.6218600817321,nan,-0.16712094564593608
3.73915e-08,37.3915,-4.473045200559465,-0.11486025334135373,0.011412509500928297,87.62314720690132,nan,-0.16712217310667077
3.7418e-08,37.418,-4.473104585760833,-0.11486177825312369,0.011411831786876762,87.62835087965175,nan,-0.16712713547229469
3.74445e-08,37.444500000000005,-4.473164903737876,-0.11486332711699909,0.011411143469028197,87.63363660391894,nan,-0.16713217593366225
3.7471e-08,37.471,-4.473179985842187,-0.11486371439998962,0.011410971366269937,87.63495831353436,nan,-0.16713343629087
3.74975e-08,37.4975,-4.4731877194599505,-0.11486391298624479,0.011410883118520312,87.6356360514254,nan,-0.16713408256517542
3.7524e-08,37.524,-4.47323873287694,-0.11486522292471768,0.011410301025228982,87.64010675870246,nan,-0.16713834565986746
3.75505e-08,37.5505,-4.473301557269435,-0.1148668361491128,0.011409584202516093,87.64561286812499,nan,-0.1671435959248426
3.7577e-08,37.577,-4.473321936981771,-0.11486735946573871,0.011409351680841548,87.64739907870387,nan,-0.16714529910272197
3.76035e-08,37.603500000000004,-4.473324529528812,-0.1148674260379723,0.011409322101598951,87.64762630900356,nan,-0.1671455157688877
3.763e-08,37.63,-4.473366386462354,-0.11486850085340009,0.011408844552356424,87.65129504665363,nan,-0.1671490139048656
3.7656500000000004e-08,37.6565,-4.473429994830111,-0.11487013420895713,0.011408118877456198,87.65687057978674,nan,-0.16715433002737598
3.7683e-08,37.683,-4.473456419183673,-0.11487081274177055,0.011407817429272306,87.6591868865304,nan,-0.16715653851452345
3.7709500000000004e-08,37.709500000000006,-4.473455851021331,-0.11487079815232028,0.011407823910766416,87.65913708189564,nan,-0.16715649102850497
3.7736e-08,37.736000000000004,-4.4734882227159005,-0.11487162940281577,0.011407454626152292,87.66197480263813,nan,-0.1671591966198375
3.7762500000000005e-08,37.7625,-4.473550773364334,-0.11487323559792527,0.011406741104784297,87.66745828750096,nan,-0.16716442465966147
3.7789e-08,37.789,-4.473583511028506,-0.11487407624590266,0.011406367680837253,87.67032836228874,nan,-0.16716716096845455
3.7815500000000005e-08,37.81550000000001,-4.47358181284104,-0.1148740326393139,0.011406387051004331,87.67017948176237,nan,-0.16716701902792605
3.7842e-08,37.842,-4.473604843059853,-0.11487462401647391,0.011406124362439582,87.67219856842912,nan,-0.16716894398552234
3.7868500000000006e-08,37.868500000000004,-4.473664492419342,-0.1148761557113787,0.011405444014718463,87.6774283148927,nan,-0.16717392982009002
3.7895e-08,37.895,-4.473703332135804,-0.11487715304976284,0.011405001039109392,87.68083374748112,nan,-0.16717717634563045
3.7921500000000006e-08,37.92150000000001,-4.473702468522243,-0.11487713087362378,0.011405010888627207,87.68075802515675,nan,-0.16717710415740775
3.7948e-08,37.94799999999999,-4.473716761491872,-0.1148774978929672,0.011404847878317909,87.6820112525244,nan,-0.167178298890313
3.79745e-08,37.9745,-4.473771779082675,-0.11487891065186735,0.011404220428324719,87.68683543824662,nan,-0.1671828978271881
3.8001e-08,38.001,-4.473816056260723,-0.11488004761509035,0.011403715492804951,87.69071804982673,nan,-0.1671865990616249
3.80275e-08,38.0275,-4.4738178151183305,-0.11488009277958597,0.011403695435310848,87.69087228544889,nan,-0.16718674609040032
3.8054e-08,38.053999999999995,-4.473824396113919,-0.11488026176844851,0.011403620387888438,87.69144938059148,nan,-0.16718729621892464
3.80805e-08,38.0805,-4.473873270377716,-0.11488151677707684,0.011403063057957017,87.69573534035695,nan,-0.1671913818468544
3.8107e-08,38.107,-4.473921919770968,-0.11488276601140898,0.011402508319351995,87.70000178845123,nan,-0.1671954487759595
3.81335e-08,38.133500000000005,-4.473927813907801,-0.11488291736289764,0.01140244111160578,87.70051870578548,nan,-0.16719594151311207
3.816e-08,38.16,-4.473928065331723,-0.11488292381903972,0.011402438244759679,87.7005407557966,nan,-0.16719596253164304
3.81865e-08,38.1865,-4.47396959427212,-0.11488399021215696,0.011401964723413921,87.70418294195396,nan,-0.16719943430326895
3.8213e-08,38.213,-4.474021225163272,-0.11488531600632448,0.011401376045011496,87.70871130397767,nan,-0.16720375068687998
3.82395e-08,38.2395,-4.474032411737658,-0.11488560325867953,0.011401248503383634,87.70969246948897,nan,-0.16720468590809284
3.8266e-08,38.266,-4.47402798893142,-0.11488548968847796,0.011401298929008154,87.70930454737179,nan,-0.16720431615153772
3.8292500000000004e-08,38.292500000000004,-4.474061350508713,-0.11488634635749155,0.01140091857003742,87.71223071692528,nan,-0.16720710527465854
3.8319e-08,38.319,-4.474114339570644,-0.11488770702719303,0.011400314462062938,87.71687862889402,nan,-0.1672115354071738
3.8345500000000004e-08,38.3455,-4.474131561804599,-0.11488814926510177,0.011400118124870795,87.71838932250833,nan,-0.1672129752914647
3.8372e-08,38.372,-4.474124293945843,-0.11488796263875205,0.011400200979620214,87.71775179996116,nan,-0.16721236765242548
3.8398500000000005e-08,38.398500000000006,-4.474149092452489,-0.11488859942255997,0.011399918275165798,87.71992709618404,nan,-0.1672144409737845
3.8425e-08,38.425000000000004,-4.474201688501768,-0.11488995000035968,0.011399318700270191,87.72454093912627,nan,-0.16721883844109545
3.8451500000000005e-08,38.4515,-4.474225242723978,-0.11489055483304278,0.011399050201346636,87.72660724679186,nan,-0.16722080780753132
3.8478e-08,38.478,-4.4742170249402236,-0.11489034381422189,0.011399143876661102,87.72588633146613,nan,-0.16722012071672396
3.8504500000000006e-08,38.50450000000001,-4.474233311062033,-0.11489076201435024,0.011398958230327137,87.72731505757093,nan,-0.1672214824058956
3.8531e-08,38.531000000000006,-4.474283745323969,-0.11489205708109859,0.011398383346778982,87.73173963153165,nan,-0.16722569930508696
3.85575e-08,38.5575,-4.474313474853746,-0.11489282048526035,0.01139804448323902,87.7343478936684,nan,-0.1672281850942657
3.8583999999999997e-08,38.583999999999996,-4.474306158090627,-0.1148926326031291,0.01139812788033562,87.73370596457589,nan,-0.1672275733108762
3.86105e-08,38.6105,-4.47431442194595,-0.11489284480499011,0.011398033688245063,87.73443098622464,nan,-0.16722826428453963
3.8637e-08,38.637,-4.474361017238497,-0.11489404129348207,0.011397502605903963,87.73851909294542,nan,-0.16723216035487232
3.86635e-08,38.6635,-4.474396333015516,-0.11489494814304729,0.011397100101350779,87.74161770163626,nan,-0.16723511334778682
3.869e-08,38.69,-4.474391618214138,-0.11489482707490324,0.011397153836540715,87.74120401831145,nan,-0.1672347191080801
3.87165e-08,38.7165,-4.474392756263946,-0.11489485629810205,0.011397140866019369,87.7413038722286,nan,-0.1672348142688271
3.8743e-08,38.742999999999995,-4.474434028684444,-0.11489591610422112,0.011396670488135953,87.74492524294791,nan,-0.1672382653972243
3.87695e-08,38.7695,-4.474473954977729,-0.11489694134406468,0.01139621547041122,87.74842864250584,nan,-0.16724160403256536
3.8796e-08,38.796,-4.474473297747572,-0.11489692446750321,0.011396222960350158,87.74837097161131,nan,-0.1672415490744616
3.88225e-08,38.822500000000005,-4.474468555989933,-0.11489680270716786,0.011396276998605553,87.74795489108942,nan,-0.16724115256548522
3.8849e-08,38.849,-4.474503303240432,-0.11489769495793133,0.011395881016193616,87.7510039442316,nan,-0.1672440581758366
3.88755e-08,38.8755,-4.474546545321775,-0.11489880534161748,0.011395388245234034,87.7547985623251,nan,-0.1672476742055115
3.8902e-08,38.902,-4.474551076571641,-0.11489892169646841,0.01139533660999956,87.75519620214524,nan,-0.16724805312644145
3.8928500000000003e-08,38.92850000000001,-4.474541973787355,-0.11489868795232715,0.011395440339762706,87.75439738915992,nan,-0.16724729191669876
3.8955e-08,38.955,-4.474569345158789,-0.11489939080296162,0.011395128435201156,87.75679938023859,nan,-0.1672495808262356
3.8981500000000004e-08,38.981500000000004,-4.474614374585643,-0.11490054708266467,0.011394615330651281,87.76075110758856,nan,-0.16725334644500942
3.9008e-08,39.008,-4.4746248415434895,-0.11490081585648118,0.01139449606431712,87.76166970047838,nan,-0.16725422176416335
3.9034500000000005e-08,39.0345,-4.474613077469897,-0.11490051377492094,0.011394630110795835,87.76063727181021,nan,-0.16725323797156993
3.9061e-08,39.061,-4.474632621666707,-0.11490101563691793,0.011394407414078591,87.76235249973857,nan,-0.16725487239465583
3.9087500000000005e-08,39.087500000000006,-4.474677773856236,-0.11490217506895933,0.011393892943250295,87.76631525157491,nan,-0.16725864839912838
3.9114e-08,39.114000000000004,-4.474694504634318,-0.1149026046871105,0.011393702316150644,87.76778366260226,nan,-0.16726004758864507
3.9140500000000006e-08,39.1405,-4.474681858748305,-0.1149022799620952,0.011393846400522436,87.76667376823225,nan,-0.1672589900162404
3.9166999999999996e-08,39.166999999999994,-4.474693547103298,-0.11490258009932956,0.011393713225979266,87.76769962226709,nan,-0.1672599675103223
3.91935e-08,39.1935,-4.474737125241852,-0.11490369911239784,0.011393216719984145,87.77152445858079,nan,-0.16726361198904638
3.9219999999999996e-08,39.22,-4.474760018665275,-0.11490428697688308,0.011392955893235237,87.77353387225585,nan,-0.16726552661835076
3.92465e-08,39.2465,-4.4747482457171355,-0.11490398466743945,0.011393090022703677,87.7725005250763,nan,-0.16726454201706345
3.9273e-08,39.272999999999996,-4.474752469832609,-0.11490409313559742,0.011393041897077466,87.77287128703698,nan,-0.16726489528980656
3.92995e-08,39.2995,-4.474792848889701,-0.11490513000165159,0.011392581866076126,87.77641554437419,nan,-0.16726827232327499
3.9326e-08,39.326,-4.474821389790865,-0.11490586288383617,0.011392256716163139,87.77892079812572,nan,-0.16727065933392093
3.93525e-08,39.3525,-4.474812118320312,-0.1149056248081162,0.011392362339625458,87.7781069622191,nan,-0.16726988391322206
3.9379e-08,39.379,-4.474809662693257,-0.11490556175175684,0.011392390315052984,87.77789141218949,nan,-0.16726967853712196
3.94055e-08,39.4055,-4.4748453874016025,-0.11490647910198853,0.011391983332501332,87.7810273077735,nan,-0.16727266639404734
3.9432e-08,39.432,-4.474878686080524,-0.11490733415587809,0.011391604000821717,87.78395034868367,nan,-0.16727545139663683
3.94585e-08,39.4585,-4.474873325871366,-0.11490719651475123,0.011391665062365462,87.78347980961016,nan,-0.16727500308153434
3.9485e-08,39.485,-4.474865317523184,-0.11490699087388247,0.011391756291150948,87.78277681175416,nan,-0.1672743332846419
3.95115e-08,39.511500000000005,-4.474895188639184,-0.11490775791373956,0.011391416011759617,87.78539902042708,nan,-0.16727683163880572
3.9538e-08,39.538,-4.474932041786248,-0.11490870424037351,0.011390996209965627,87.78863424826103,nan,-0.16727991400604275
3.9564500000000003e-08,39.5645,-4.4749317055955,-0.11490869560756237,0.011391000039513807,87.78860473453936,nan,-0.16727988588706538
3.9591e-08,39.591,-4.4749195440482055,-0.11490838331954813,0.011391138572541907,87.78753709576304,nan,-0.16727886869903622
3.9617500000000004e-08,39.61750000000001,-4.474942687986115,-0.11490897761682266,0.01139087493978883,87.78956886858232,nan,-0.1672808044561118
3.9644e-08,39.644,-4.474981657142264,-0.11490997827899957,0.011390431055653578,87.79299002065909,nan,-0.1672840638837608
3.9670500000000004e-08,39.670500000000004,-4.474987101114424,-0.11491011807101897,0.011390369046632806,87.79346796455359,nan,-0.16728451922927384
3.9697e-08,39.697,-4.474972373161387,-0.1149097398820356,0.011390536804688559,87.79217495600217,nan,-0.1672832873545381
3.9723500000000005e-08,39.72350000000001,-4.474988291148426,-0.11491014862908419,0.01139035549171441,87.79357244182778,nan,-0.16728461876643638
3.975e-08,39.75,-4.47502779380504,-0.11491116299065286,0.011389905551299687,87.79704058967296,nan,-0.1672879228924927
3.9776500000000005e-08,39.776500000000006,-4.475039379814582,-0.11491146049982873,0.01138977358850975,87.79805781291576,nan,-0.16728889199503516
3.9803e-08,39.803000000000004,-4.475023764359424,-0.11491105952128836,0.011389951446397147,87.79668681698539,nan,-0.16728758585403844
3.98295e-08,39.829499999999996,-4.4750323585244765,-0.1149112802049459,0.011389853559695105,87.79744135944529,nan,-0.16728830470414496
3.9855999999999996e-08,39.855999999999995,-4.4750707662947065,-0.11491226645167962,0.011389416109217431,87.80081352815813,nan,-0.16729151732037684
3.98825e-08,39.8825,-4.4750884481179884,-0.11491272049106681,0.011389214725354925,87.80236602035235,nan,-0.16729299633643768
3.9909e-08,39.909,-4.4750736168606515,-0.11491233964940331,0.01138938364298201,87.80106381052384,nan,-0.16729175575829786
3.99355e-08,39.9355,-4.47507519206593,-0.11491238009801699,0.01138936570237891,87.80120211533192,nan,-0.16729188751777807
3.9962e-08,39.961999999999996,-4.475110930026856,-0.11491329778855261,0.011388958676945633,87.80434000733302,nan,-0.16729487687995614
3.99885e-08,39.9885,-4.475134263811709,-0.11491389696077632,0.011388692932534592,87.8063888388153,nan,-0.167296828702674
4.0015e-08,40.015,-4.4751217837186825,-0.11491357649304518,0.011388835065368755,87.80529301375228,nan,-0.1672957847659385
4.00415e-08,40.0415,-4.475117025390849,-0.1149134543072152,0.011388889257308564,87.80487520837666,nan,-0.16729538674231748
4.0068e-08,40.068,-4.475148666712965,-0.11491426680297843,0.011388528903496105,87.80765351467083,nan,-0.1672980334868642
4.00945e-08,40.094500000000004,-4.475176844776563,-0.11491499036810653,0.011388208001325595,87.81012779917607,nan,-0.16730039057078236
4.0121e-08,40.121,-4.475168088078764,-0.11491476551088231,0.011388307724858158,87.80935887578987,nan,-0.167299658072905
4.01475e-08,40.1475,-4.475158017704924,-0.11491450692067394,0.011388422409951809,87.80847460717183,nan,-0.16729881568997576
4.0174e-08,40.174,-4.4751843680503445,-0.11491518355308315,0.011388122325041201,87.81078842129332,nan,-0.16730101989528703
4.02005e-08,40.200500000000005,-4.475216273674164,-0.11491600283566819,0.011387758985690605,87.81359012397078,nan,-0.16730368883827826
4.0227e-08,40.227,-4.4752123406083335,-0.11491590184117396,0.011387803774584435,87.81324474801922,nan,-0.16730335983039082
4.0253500000000004e-08,40.2535,-4.475198251854563,-0.11491554006574921,0.011387964215678009,87.81200757755127,nan,-0.16730218128662105
4.028e-08,40.28,-4.475218418707451,-0.11491605791650367,0.011387734558594714,87.81377848724667,nan,-0.16730386827436527
4.0306500000000004e-08,40.30650000000001,-4.475252698394806,-0.11491693816103453,0.01138734419730513,87.81678876771414,nan,-0.1673067358610891
4.0333e-08,40.333,-4.475254357078256,-0.11491698075322682,0.011387325309321433,87.81693442808913,nan,-0.16730687461560356
4.0359500000000005e-08,40.359500000000004,-4.475237736587545,-0.11491655396706925,0.011387514573828798,87.81547487967536,nan,-0.1673054842602029
4.0386e-08,40.386,-4.4752511796364,-0.11491689916188128,0.011387361491942987,87.81665539532929,nan,-0.16730660881188159
4.04125e-08,40.4125,-4.475286328319218,-0.11491780172074935,0.011386961248219838,87.81974208934217,nan,-0.1673095491411819
4.0439e-08,40.439,-4.475293975075072,-0.11491799807653724,0.011386874175240164,87.82041362803666,nan,-0.16731018883004198
4.04655e-08,40.4655,-4.475276412845719,-0.11491754710812038,0.011387074155892086,87.81887131933392,nan,-0.1673087196665378
4.0492e-08,40.492000000000004,-4.475282972709813,-0.1149177155543618,0.011386999458478202,87.81944740108415,nan,-0.1673092684286691
4.05185e-08,40.5185,-4.475317426690898,-0.11491860027446155,0.011386607137772786,87.82247318278861,nan,-0.16731215068868027
4.0545000000000003e-08,40.545,-4.475331068888888,-0.11491895058308732,0.011386451800483354,87.82367128252808,nan,-0.1673132919453155
4.05715e-08,40.5715,-4.475314163680832,-0.11491851648586875,0.01138664429244712,87.82218661764207,nan,-0.16731187771828696
4.0598000000000004e-08,40.598000000000006,-4.4753140675857495,-0.11491851401830917,0.01138664538664769,87.82217817836225,nan,-0.16731186967936285
4.06245e-08,40.6245,-4.475346299619854,-0.11491934168255959,0.01138627837782,87.82500891142435,nan,-0.1673145661020354
4.0651000000000004e-08,40.651,-4.4753655617415955,-0.11491983630134475,0.011386059056052016,87.82670062373086,nan,-0.1673161775265659
4.06775e-08,40.6775,-4.475350827174697,-0.11491945794252857,0.01138622682593689,87.82540654486894,nan,-0.16731494486540113
4.0704e-08,40.704,-4.475344671560414,-0.11491929987674021,0.011386296915373092,87.8248659272059,nan,-0.16731442990306142
4.07305e-08,40.7305,-4.475373282427206,-0.11492003455552406,0.011385971148209053,87.82737870869225,nan,-0.16731682342561477
4.0757e-08,40.757,-4.475397434686217,-0.11492065474478312,0.011385696154605666,87.82949996390748,nan,-0.16731884397744304
4.07835e-08,40.783500000000004,-4.475386211576819,-0.11492036655427063,0.011385823938236249,87.8285142493524,nan,-0.16731790506123226
4.081e-08,40.81,-4.4753749229814055,-0.11492007668218777,0.011385952468921597,87.82752279438537,nan,-0.16731696067182966
4.08365e-08,40.8365,-4.4753987241872615,-0.11492068785699416,0.011385681472748047,87.82961322021247,nan,-0.16731895185638987
4.0863e-08,40.863,-4.4754267317126,-0.11492140704298752,0.011385362592451244,87.83207314477828,nan,-0.16732129496768794
4.0889500000000004e-08,40.889500000000005,-4.475420111751646,-0.11492123705356012,0.011385437963356535,87.83149170180806,nan,-0.16732074113838474
4.0916e-08,40.916000000000004,-4.475404888575989,-0.11492084614809546,0.01138561128719785,87.83015463775888,nan,-0.16731946756671498
4.0942500000000004e-08,40.9425,-4.475422971415949,-0.11492131048491429,0.011385405404872574,87.83174287074867,nan,-0.16732098037913104
4.0969e-08,40.969,-4.475453560822965,-0.11492209596927268,0.011385057137399273,87.83442963277331,nan,-0.16732353952348725
4.0995500000000005e-08,40.99550000000001,-4.475452325961916,-0.11492206426012454,0.011385071196371553,87.83432116952436,nan,-0.1673234362128584
4.1022e-08,41.022,-4.475434564813694,-0.11492160818380676,0.011385273410104353,87.83276114498109,nan,-0.16732195029128055
4.10485e-08,41.0485,-4.475446351891922,-0.11492191085608719,0.011385139211786934,87.83379644270919,nan,-0.16732293641264503
4.1075e-08,41.075,-4.475478091079653,-0.11492272586487431,0.01138477786245064,87.83658426030493,nan,-0.16732559178076006
4.11015e-08,41.1015,-4.4754826720070575,-0.11492284349536062,0.01138472570972919,87.8369866342425,nan,-0.16732597503439342
4.1128e-08,41.128,-4.475463883182664,-0.11492236103005275,0.011384939617350846,87.83533629602941,nan,-0.1673244031125964
4.11545e-08,41.1545,-4.47546915957523,-0.11492249651891094,0.01138487954609857,87.83579975096752,nan,-0.167324844547797
4.1181e-08,41.181000000000004,-4.475500545863948,-0.11492330246584685,0.011384522222589672,87.83855663400225,nan,-0.1673274704213414
4.12075e-08,41.2075,-4.47551100178568,-0.11492357095627456,0.011384403187538668,87.839475071877,nan,-0.16732834520509524
4.1234000000000004e-08,41.234,-4.475492719029974,-0.11492310148595669,0.011384611327703685,87.83786913889342,nan,-0.16732681560045756
4.12605e-08,41.2605,-4.475491641509997,-0.11492307381706178,0.011384623594856433,87.83777449188567,nan,-0.1673267254514886
4.1287000000000004e-08,41.287000000000006,-4.475521192804168,-0.11492383264443393,0.011384287169466484,87.8403702501528,nan,-0.1673291978303973
4.13135e-08,41.313500000000005,-4.475537213454597,-0.11492424402770517,0.0113841047872423,87.84177752129084,nan,-0.1673305381970582
4.1340000000000005e-08,41.34,-4.4755209034102705,-0.11492382521328695,0.011384290464010193,87.8403448296894,nan,-0.16732917361837468
4.13665e-08,41.3665,-4.475513987469821,-0.11492364762360553,0.01138436919735736,87.83973733319618,nan,-0.167328595000075
4.1393000000000005e-08,41.39300000000001,-4.475540331019138,-0.11492432408150229,0.01138406929661621,87.84205137412852,nan,-0.16733079902913772
4.14195e-08,41.4195,-4.47556126050894,-0.11492486151548588,0.011383831036347304,87.84388988268636,nan,-0.16733255011242593
4.1446000000000006e-08,41.446000000000005,-4.475548237217042,-0.11492452709932427,0.011383979292267189,87.84274587351642,nan,-0.16733146050565145
4.14725e-08,41.472500000000004,-4.475536322932209,-0.11492422116059282,0.011384114925046996,87.84169929625615,nan,-0.16733046369127952
4.1499000000000007e-08,41.49900000000001,-4.475558276474398,-0.11492478489051385,0.011383865006143013,87.84362775387582,nan,-0.16733230044955746
4.1525500000000003e-08,41.5255,-4.475583157296189,-0.11492542378803579,0.0113835817697501,87.84581340271365,nan,-0.16733438214507965
4.155200000000001e-08,41.55200000000001,-4.475574506744213,-0.1149252016564572,0.011383680244441802,87.84505349122576,nan,-0.16733365837925981
4.1578500000000004e-08,41.578500000000005,-4.4755587057651205,-0.11492479591397524,0.011383860119156432,87.8436654643383,nan,-0.16733233636666336
4.1605e-08,41.605000000000004,-4.475575346347123,-0.11492522321604326,0.011383670686674757,87.84512724621923,nan,-0.1673337286261878
4.16315e-08,41.631499999999996,-4.475602980692331,-0.11492593281940053,0.011383356110735831,87.84755482233254,nan,-0.16733604072117203
4.1658e-08,41.658,-4.475599499752372,-0.1149258434347358,0.011383395735583954,87.84724903080084,nan,-0.1673357494780701
4.16845e-08,41.6845,-4.475581126784874,-0.11492537164793133,0.011383604884265151,87.84563503097668,nan,-0.16733421225798775
4.1711e-08,41.711,-4.475591843343624,-0.11492564683107788,0.011383482891848297,87.84657643892972,nan,-0.16733510888384817
4.17375e-08,41.7375,-4.475620867897325,-0.11492639213264352,0.011383152496132616,87.84912618360742,nan,-0.1673375373148961
4.1764e-08,41.764,-4.4756230210947585,-0.11492644742312051,0.011383127985984261,87.84931534032413,nan,-0.16733771747037102
4.17905e-08,41.7905,-4.475603514114617,-0.11492594651678478,0.011383350038601612,87.84760168218854,nan,-0.16733608535156466
4.1817e-08,41.817,-4.4756080409037065,-0.11492606275709051,0.01138329850869349,87.84799935065344,nan,-0.167336464099576
4.18435e-08,41.8435,-4.475637010534843,-0.11492680664833738,0.011382968743511185,87.85054431165383,nan,-0.16733888795495086
4.1870000000000004e-08,41.870000000000005,-4.475644906994747,-0.11492700941610394,0.011382878858709804,87.85123802269344,nan,-0.16733954864866465
4.18965e-08,41.8965,-4.475625741048768,-0.11492651726695008,0.011383097024441761,87.84955428674658,nan,-0.16733794504597357
4.1923000000000004e-08,41.923,-4.475624170162115,-0.11492647692923141,0.01138311490601099,87.84941628516269,nan,-0.167337813611553
4.19495e-08,41.9495,-4.4756516454565585,-0.1149271824484334,0.011382802155873737,87.85183000690049,nan,-0.16734011245519353
4.1976000000000005e-08,41.976000000000006,-4.475665037156585,-0.11492752632469413,0.011382649721822485,87.85300650013231,nan,-0.16734123294323902
4.20025e-08,42.002500000000005,-4.4756476369265545,-0.11492707951614653,0.01138284778426916,87.85147785090982,nan,-0.16733977706159883
4.2029000000000005e-08,42.029,-4.47564040942385,-0.1149268939260721,0.01138293005412961,87.85084290641058,nan,-0.16733917233834583
4.20555e-08,42.0555,-4.47566504283926,-0.11492752647061566,0.01138264965713858,87.85300699937245,nan,-0.16734123341871202
4.2082000000000006e-08,42.08200000000001,-4.475683344027633,-0.11492799641425332,0.011382441343029227,87.85461482851521,nan,-0.1673427646974357
4.21085e-08,42.1085,-4.475669000345059,-0.11492762809268704,0.011382604610325694,87.85335467884505,nan,-0.16734156454599042
4.2135000000000006e-08,42.135000000000005,-4.475656876751847,-0.1149273167792696,0.011382742609230202,87.85228958696699,nan,-0.1673405501585369
4.2161500000000003e-08,42.161500000000004,-4.475677492316139,-0.1149278461521758,0.011382507949986947,87.85410073015998,nan,-0.16734227507736216
4.218800000000001e-08,42.18800000000001,-4.475699818705763,-0.11492841945618983,0.011382253822516439,87.85606221693935,nan,-0.16734414316220603
4.2214500000000004e-08,42.2145,-4.475689613912444,-0.11492815741431602,0.011382369976656873,87.85516566855709,nan,-0.16734328930818726
4.224100000000001e-08,42.24100000000001,-4.475673626076029,-0.1149277468736533,0.01138255195758081,87.85376106576851,nan,-0.1673419515849668
4.22675e-08,42.2675,-4.475689287989532,-0.11492814904516557,0.011382373686432645,87.85513703455035,nan,-0.16734326203768343
4.2294e-08,42.294000000000004,-4.4757145131877785,-0.11492879678569384,0.011382086567421219,87.85735322575086,nan,-0.16734537268447383
4.23205e-08,42.320499999999996,-4.475709259659894,-0.11492866188396209,0.011382146363687458,87.85689166590821,nan,-0.1673449331082603
4.2347e-08,42.347,-4.475690647019961,-0.1149281839427739,0.011382358217450955,87.85525643243611,nan,-0.1673433757500147
4.23735e-08,42.3735,-4.47570071322837,-0.11492844242602104,0.01138224364083763,87.85614080620832,nan,-0.16734421800878238
4.24e-08,42.400000000000006,-4.475727538874326,-0.11492913126334602,0.011381938308894925,87.85849763554818,nan,-0.16734646258220787
4.24265e-08,42.4265,-4.475727734202005,-0.11492913627903124,0.011381936085687546,87.8585147967463,nan,-0.16734647892590676
4.2453e-08,42.453,-4.475707868419782,-0.11492862615926348,0.01138216219899705,87.85676943596147,nan,-0.16734481669980908
4.24795e-08,42.4795,-4.475712026156229,-0.11492873292292004,0.011382114875064813,87.85713472201323,nan,-0.16734516458799248
4.2506000000000004e-08,42.506,-4.47573906146633,-0.11492942714406651,0.011381807160219163,87.85950999900304,nan,-0.167347426717491
4.25325e-08,42.5325,-4.475744862759107,-0.11492957611147647,0.011381741131215015,87.8600196992223,nan,-0.16734791213390404
4.2559000000000004e-08,42.559000000000005,-4.475725165293115,-0.11492907031378549,0.011381965324881898,87.85828909651649,nan,-0.16734626397711608
4.25855e-08,42.5855,-4.475723446684503,-0.11492902618281617,0.011381984886042334,87.85813810263397,nan,-0.16734612017581266
4.2612000000000005e-08,42.612,-4.475749292600055,-0.1149296898623175,0.011381690712023773,87.86040890599728,nan,-0.16734828279663133
4.26385e-08,42.6385,-4.4757605112325844,-0.11492997793787155,0.011381563025734344,87.86139458516767,nan,-0.16734922150870868
4.2665000000000005e-08,42.665000000000006,-4.475742368814576,-0.11492951207118896,0.011381769516681467,87.85980058147985,nan,-0.16734770345582894
4.26915e-08,42.691500000000005,-4.475735145844405,-0.11492932659750235,0.011381851727160074,87.85916597505295,nan,-0.1673470990831852
4.2718000000000006e-08,42.718,-4.4757584787544165,-0.11492992574726162,0.01138158615853622,87.86121600898284,nan,-0.1673490514419755
4.27445e-08,42.7445,-4.47577459564647,-0.11493033960185539,0.0113814027242189,87.8626320701282,nan,-0.16735040002070795
4.2771000000000006e-08,42.77100000000001,-4.475759278681803,-0.11492994628804717,0.01138157705409739,87.86128629160385,nan,-0.1673491183755336
4.27975e-08,42.79750000000001,-4.475747238028193,-0.11492963710437877,0.011381714096549275,87.86022839065879,nan,-0.16734811088218315
4.282400000000001e-08,42.824000000000005,-4.475766888119981,-0.11493014168558012,0.011381490447019943,87.8619548691739,nan,-0.16734975509313008
4.2850500000000004e-08,42.850500000000004,-4.475787088431169,-0.11493066039548724,0.011381260539693246,87.86372972593004,nan,-0.16735144536023105
4.2877e-08,42.877,-4.4757756771224795,-0.11493036737233452,0.011381390415511559,87.86272709150826,nan,-0.1673504905134538
4.29035e-08,42.9035,-4.475759776571643,-0.11492995907301817,0.011381571387327228,87.86133003685647,nan,-0.16734916003625164
4.293e-08,42.93,-4.475774796230635,-0.11493034475251827,0.011381400441289975,87.8626496939826,nan,-0.16735041680462887
4.29565e-08,42.9565,-4.475798021216258,-0.11493094113096136,0.011381136111497889,87.86469032645533,nan,-0.1673523601714247
4.2983e-08,42.983000000000004,-4.475791343701879,-0.11493076966365913,0.01138121210945167,87.86410361068111,nan,-0.1673518014234617
4.30095e-08,43.009499999999996,-4.475772752908174,-0.1149302922834452,0.01138142369718489,87.86247016244046,nan,-0.16735024582928348
4.3036e-08,43.036,-4.475782471223596,-0.11493054183338744,0.011381313089456913,87.86332404178836,nan,-0.1673510590124966
4.30625e-08,43.0625,-4.475807484008159,-0.11493118411949074,0.011381028414684824,87.86552177566925,nan,-0.16735315198357711
4.3089e-08,43.089000000000006,-4.475806070054116,-0.11493114781153667,0.011381044506947349,87.86539753794727,nan,-0.16735303366878596
4.31155e-08,43.1155,-4.475786099312467,-0.11493063499658794,0.01138127179711646,87.86364281831476,nan,-0.16735136259502936
4.3142000000000003e-08,43.142,-4.475790159606069,-0.11493073925807666,0.011381225585905218,87.86399957122579,nan,-0.16735170234320762
4.31685e-08,43.1685,-4.475815620842665,-0.1149313930596715,0.011380935809516867,87.86623672578742,nan,-0.167353832847413
4.3195000000000004e-08,43.19500000000001,-4.4758196736721665,-0.11493149712949471,0.011380889684617933,87.86659283338541,nan,-0.16735417197603206
4.32215e-08,43.2215,-4.47579969503869,-0.11493098411189716,0.01138111706151291,87.86483739646805,nan,-0.16735250023055054
4.3248000000000005e-08,43.248000000000005,-4.475798073367333,-0.11493094247011297,0.011381135517959426,87.86469490869347,nan,-0.16735236453522745
4.32745e-08,43.2745,-4.475822622208193,-0.1149315728429248,0.011380856127704151,87.86685191158189,nan,-0.1673544187011166
4.3301000000000005e-08,43.301,-4.475832009955255,-0.1149318139044293,0.011380749287606975,87.86767678723459,nan,-0.1673552042434364
4.33275e-08,43.3275,-4.4758133754614065,-0.11493133540206942,0.01138096136408553,87.8660394328077,nan,-0.16735364496093852
4.3354000000000006e-08,43.354000000000006,-4.475806379188105,-0.11493115574957592,0.011381040988680199,87.86542470013237,nan,-0.16735305953604343
4.33805e-08,43.380500000000005,-4.475828714723313,-0.11493172928843312,0.011380786789877336,87.86738724333647,nan,-0.16735492850655626
4.3407000000000006e-08,43.407000000000004,-4.475842981824746,-0.1149320956435249,0.011380624420196096,87.86864086520565,nan,-0.16735612234568453
4.34335e-08,43.4335,-4.475826943653381,-0.11493168381034559,0.011380806946064477,87.86723162418667,nan,-0.1673547803079809
4.3460000000000007e-08,43.46000000000001,-4.475815190366861,-0.11493138200577918,0.011380940708735417,87.86619890150664,nan,-0.16735379682652898
4.34865e-08,43.4865,-4.47583414870844,-0.11493186882400236,0.011380724947019217,87.86786471470916,nan,-0.16735538320927015
4.3513e-08,43.513,-4.475852546367044,-0.11493234124483277,0.011380515570253005,87.86948129255698,nan,-0.16735692268995372
4.35395e-08,43.5395,-4.475840183696116,-0.11493202379230298,0.011380656264691667,87.86839499778993,nan,-0.16735588820386965
4.3566e-08,43.566,-4.475824561916552,-0.11493162265136254,0.011380834052183805,87.86702234781427,nan,-0.16735458101057768
4.35925e-08,43.5925,-4.475839184409468,-0.11493199813230796,0.011380667637235201,87.8683071921199,nan,-0.16735580458563826
4.3619e-08,43.619,-4.475860718143904,-0.11493255108227424,0.011380422571599191,87.87019934528485,nan,-0.16735760649306486
4.36455e-08,43.6455,-4.475852874924216,-0.11493234968162658,0.011380511831103602,87.86951016271006,nan,-0.16735695018311467
4.3672e-08,43.672000000000004,-4.475834489095025,-0.11493187756455552,0.01138072107317378,87.86789462375663,nan,-0.16735541169203624
4.36985e-08,43.698499999999996,-4.475844077702591,-0.11493212378381888,0.011380611948428761,87.86873715855523,nan,-0.16735621404664305
4.3725e-08,43.725,-4.4758675690096865,-0.11493272700094799,0.011380344606118673,87.87080133428888,nan,-0.16735817976629658
4.37515e-08,43.7515,-4.475864806256691,-0.11493265605811269,0.011380376047243254,87.87055856930465,nan,-0.16735794858180003
4.3778e-08,43.778000000000006,-4.475844909425199,-0.11493214514105206,0.011380602482920455,87.86881024100079,nan,-0.16735628364363087
4.38045e-08,43.8045,-4.475849066132771,-0.11493225187828886,0.01138055517718226,87.86917548670877,nan,-0.16735663146955804
4.3831000000000004e-08,43.831,-4.475873224481905,-0.11493287222393203,0.011380280245077912,87.8712982865699,nan,-0.16735865301173378
4.38575e-08,43.8575,-4.475875789771095,-0.11493293809623,0.011380251051405466,87.87152370215063,nan,-0.16735886767354316
4.3884000000000004e-08,43.88400000000001,-4.475855708057274,-0.11493242243170314,0.011380479588644991,87.86975910907674,nan,-0.1673571872555366
4.39105e-08,43.9105,-4.475854356109696,-0.11493238771597049,0.011380494974467206,87.86964031384905,nan,-0.16735707412650286
4.3937000000000005e-08,43.937000000000005,-4.475877856914753,-0.11493299117699123,0.011380227526815993,87.87170534540131,nan,-0.1673590406510435
4.39635e-08,43.9635,-4.475885672728701,-0.11493319187390572,0.011380138581422547,87.8723921369855,nan,-0.16735969467588357
4.3990000000000005e-08,43.99,-4.475866726127537,-0.11493270535715659,0.011380354198412044,87.87072726959016,nan,-0.16735810923470024
4.40165e-08,44.0165,-4.475860112009645,-0.11493253551776919,0.011380429469665287,87.8701460841628,nan,-0.16735755577248312
4.4043000000000006e-08,44.043000000000006,-4.47588167590999,-0.1149330892423451,0.011380184065864257,87.87204092766632,nan,-0.1673593602230382
4.40695e-08,44.069500000000005,-4.475894347357551,-0.11493341462373781,0.011380039863372264,87.87315440067961,nan,-0.16736042056907566
4.4096e-08,44.096,-4.475877771595838,-0.11493298898614546,0.011380228497764695,87.8716978482831,nan,-0.1673590335115978
4.41225e-08,44.122499999999995,-4.475866447812351,-0.11493269821049222,0.01138035736573788,87.87070281383576,nan,-0.16735808594555024
4.4149e-08,44.149,-4.47588491655975,-0.11493317245676293,0.01138014718673326,87.872325690636,nan,-0.16735963139979312
4.41755e-08,44.1755,-4.475901757838136,-0.11493360491237545,0.011379955532120272,87.87380558539701,nan,-0.16736104068079813
4.4202e-08,44.202,-4.4758886319021265,-0.11493326786048624,0.011380104905668705,87.87265216701788,nan,-0.16735994229924725
4.42285e-08,44.2285,-4.475873421746115,-0.11493287728934411,0.011380278000156138,87.87131562043388,nan,-0.16735866951867087
4.4255e-08,44.255,-4.475887826236722,-0.11493324717235806,0.011380114074229222,87.87258137109053,nan,-0.16735987488120302
4.42815e-08,44.2815,-4.475907904106647,-0.11493376273818016,0.011379885588072876,87.87434568306102,nan,-0.1673615550045356
4.4308e-08,44.308,-4.475899087680569,-0.11493353634723451,0.011379985918435217,87.87357094880335,nan,-0.16736081724077267
4.43345e-08,44.3345,-4.475881034233964,-0.11493307276518745,0.011380191368257887,87.87198454230239,nan,-0.16735930652780223
4.4361e-08,44.361000000000004,-4.475890650727434,-0.11493331970051376,0.011380081931248107,87.87282956673101,nan,-0.16736011123457603
4.43875e-08,44.3875,-4.475912842280991,-0.1149338895421651,0.011379829392352579,87.87477962297181,nan,-0.1673619682353143
4.4414e-08,44.414,-4.475908926714517,-0.11493378899702482,0.01137987395091826,87.87443554410447,nan,-0.16736164057717914
4.44405e-08,44.4405,-4.475889229235063,-0.11493328319898818,0.01138009810795925,87.87270465626294,nan,-0.16735999228405762
4.4467000000000004e-08,44.467000000000006,-4.475893620535135,-0.11493339596016455,0.011380048134643333,87.87309053252449,nan,-0.16736035974843413
4.44935e-08,44.4935,-4.47591668171577,-0.1149339881323719,0.011379785700323707,87.87511701310459,nan,-0.16736228952330345
4.4520000000000004e-08,44.52,-4.475917957308299,-0.11493402088743575,0.01137977118436334,87.87522910601886,nan,-0.16736239626638058
4.45465e-08,44.5465,-4.475897898875685,-0.11493350582073097,0.011379999447026097,87.87346648433513,nan,-0.1673607177611238
4.4573000000000005e-08,44.57300000000001,-4.475896938162174,-0.11493348115122905,0.011380010379950567,87.87338206314921,nan,-0.16736063736829176
4.45995e-08,44.5995,-4.475919578891267,-0.11493406252695024,0.011379752731135175,87.87537160310917,nan,-0.16736253196244116
4.4626000000000005e-08,44.626000000000005,-4.47592602029251,-0.11493422793126554,0.011379679429817864,87.87593764546014,nan,-0.16736307098791997
4.46525e-08,44.6525,-4.475906891070018,-0.11493373672510884,0.011379897116319647,87.8742566631752,nan,-0.1673614702328643
4.4679000000000006e-08,44.67900000000001,-4.475900767116851,-0.11493357947232452,0.01137996680649002,87.87371852699059,nan,-0.16736095777674606
4.47055e-08,44.7055,-4.47592172852511,-0.11493411772592024,0.011379728268859867,87.875560503185,nan,-0.16736271184661927
4.4732e-08,44.732,-4.475932998967602,-0.11493440713186671,0.011379600015009577,87.87655090521724,nan,-0.16736365497518624
4.47585e-08,44.7585,-4.47591601965828,-0.11493397113185266,0.011379793234398555,87.87505883474446,nan,-0.16736223412158396
4.4785e-08,44.785000000000004,-4.475905223281291,-0.11493369389910842,0.011379916095599595,87.87411010760279,nan,-0.16736133067113582
4.48115e-08,44.811499999999995,-4.475923352457286,-0.11493415942575845,0.01137970978896798,87.87570320725108,nan,-0.1673628477395209
4.4838e-08,44.838,-4.475938826416765,-0.11493455677092852,0.011379533701162212,87.87706300284239,nan,-0.16736414262749225
4.48645e-08,44.8645,-4.475925076443783,-0.11493420369482278,0.011379690170518878,87.8758547039074,nan,-0.16736299200522783
4.4891e-08,44.891,-4.475910369133416,-0.11493382603590833,0.011379857536384843,87.87456229594245,nan,-0.16736176128001934
4.49175e-08,44.9175,-4.475924686984344,-0.11493419369416154,0.01137969460244749,87.87582047983298,nan,-0.16736295941468252
4.4944e-08,44.944,-4.4759434897793255,-0.11493467651821053,0.011379480634394534,87.87747280640342,nan,-0.16736453286778552
4.49705e-08,44.9705,-4.475933844404592,-0.1149344288412621,0.011379590394278863,87.87662519933532,nan,-0.16736372572291353
4.4997e-08,44.997,-4.4759162111423425,-0.1149339760488403,0.011379791055349725,87.87507566141933,nan,-0.16736225014518497
4.50235e-08,45.0235,-4.475925969405457,-0.11493422662457188,0.011379680008896225,87.87593317371278,nan,-0.16736306672961332
4.505e-08,45.050000000000004,-4.475947031258221,-0.11493476745741299,0.011379440334275391,87.8777840231698,nan,-0.16736482922702836
4.50765e-08,45.0765,-4.47594211129166,-0.11493464112097322,0.011379496320879038,87.87735166847459,nan,-0.1673644175128532
4.5103000000000004e-08,45.103,-4.475922700468143,-0.11493414268377734,0.011379717208417637,87.87564591326529,nan,-0.16736279318014988
4.51295e-08,45.1295,-4.475927424582917,-0.1149342639910737,0.01137966344945443,87.876061048883,nan,-0.1673631885011387
4.5156000000000004e-08,45.156000000000006,-4.475949545829037,-0.1149348320273487,0.011379411719902796,87.87800499835875,nan,-0.1673650396525183
4.51825e-08,45.182500000000005,-4.475949682808409,-0.11493483554474784,0.011379410161158234,87.8780170358335,nan,-0.16736505111529767
4.5209000000000005e-08,45.209,-4.475929736899671,-0.11493432336746635,0.011379637136098403,87.87626424640617,nan,-0.16736338199960296
4.52355e-08,45.2355,-4.475929252312138,-0.11493431092407616,0.011379642650530023,87.87622166267441,nan,-0.1673633414485037
4.5262000000000005e-08,45.26200000000001,-4.475951175813586,-0.11493487388260164,0.011379393171652631,87.87814823826584,nan,-0.16736517605378823
4.52885e-08,45.2885,-4.475956394597759,-0.1149350078921735,0.011379333785210614,87.87860685655171,nan,-0.16736561277572395
4.5315000000000006e-08,45.315000000000005,-4.475937175775114,-0.11493451438523605,0.01137955248471002,87.87691794942168,nan,-0.16736400449843683
4.5341499999999996e-08,45.341499999999996,-4.475931616243313,-0.11493437162584007,0.011379615749869794,87.8764293962599,nan,-0.16736353926633082
4.5368e-08,45.368,-4.475952102663204,-0.11493489768253592,0.01137938262467131,87.87822968813167,nan,-0.1673652536149809
4.5394499999999997e-08,45.394499999999994,-4.475962122339171,-0.11493515497090848,0.011379268607515914,87.87911020392895,nan,-0.1673660920898859
4.5421e-08,45.421,-4.4759448374544615,-0.11493471112423408,0.011379465298561757,87.87759123676834,nan,-0.16736464564433332
4.54475e-08,45.4475,-4.475934634997916,-0.11493444914236468,0.011379581397654222,87.87669467403602,nan,-0.16736379188124872
4.5474e-08,45.474000000000004,-4.475952536460266,-0.11493490882171253,0.011379377688329627,87.87826780945781,nan,-0.1673652899162625
4.55005e-08,45.500499999999995,-4.475966789374278,-0.11493527481249528,0.01137921550019376,87.87952033977848,nan,-0.1673664826420553
4.5527e-08,45.527,-4.475952518766835,-0.11493490836737509,0.01137937788966986,87.87826625458979,nan,-0.16736528843562942
4.55535e-08,45.5535,-4.475938375990786,-0.11493454520474938,0.011379538826800976,87.87702342073916,nan,-0.16736410493491757
4.558e-08,45.58,-4.475952703776162,-0.11493491311810244,0.01137937578437901,87.87828251289018,nan,-0.16736530391769983
4.56065e-08,45.6065,-4.475970371430227,-0.11493536679364803,0.011379174739280178,87.87983512970096,nan,-0.16736678240037622
4.5633e-08,45.633,-4.475960005742813,-0.11493510062028536,0.01137929269285989,87.87892419952121,nan,-0.16736591496674916
4.56595e-08,45.6595,-4.475942852303783,-0.11493466014891422,0.011379487888537437,87.87741678668162,nan,-0.16736447952239583
4.5686e-08,45.686,-4.475952834616093,-0.11493491647785109,0.011379374295502367,87.87829401087934,nan,-0.1673653148667326
4.57125e-08,45.7125,-4.475972898183906,-0.1149354316764191,0.011379145986944865,87.88005718067824,nan,-0.16736699384782638
4.5739000000000003e-08,45.739000000000004,-4.475967086871616,-0.11493528245172498,0.011379212114907934,87.87954648370581,nan,-0.16736650753759874
4.57655e-08,45.7655,-4.475948022774848,-0.11493479291788698,0.011379429051376688,87.877871155497,nan,-0.1673649121995544
4.5792000000000004e-08,45.792,-4.475953149230417,-0.11493492455661608,0.01137937071538878,87.87832165865376,nan,-0.16736534119449736
4.58185e-08,45.8185,-4.475974451598134,-0.11493547156547537,0.011379128310431322,87.8801936949154,nan,-0.1673671238430116
4.5845000000000005e-08,45.845000000000006,-4.475973566096664,-0.11493544882729176,0.011379138386670623,87.8801158769092,nan,-0.16736704974111094
4.58715e-08,45.871500000000005,-4.475953795275874,-0.11493494114597334,0.011379363363800398,87.87837843206258,nan,-0.16736539525731528
4.5898000000000005e-08,45.898,-4.475953845573406,-0.11493494243752908,0.011379362791446525,87.8783828521282,nan,-0.16736539946634843
4.59245e-08,45.9245,-4.475975161152492,-0.11493548978563406,0.011379120236324099,87.88025605071198,nan,-0.1673671832210582
4.5951e-08,45.951,-4.475979274784933,-0.11493559541677417,0.011379073426902224,87.88061755852773,nan,-0.16736752746494946
4.59775e-08,45.9775,-4.475960032964164,-0.11493510131928371,0.011379292383100181,87.87892659170424,nan,-0.16736591724471228
4.6004e-08,46.004,-4.475955088147213,-0.11493497434472785,0.011379348651757161,87.8784920475728,nan,-0.16736550344831155
4.60305e-08,46.0305,-4.4759751962724295,-0.11493549068745479,0.011379119836690118,87.8802591370611,nan,-0.16736718616002072
4.6057e-08,46.057,-4.475984081970571,-0.11493571885719016,0.011379018725715352,87.88104001798574,nan,-0.16736792974882006
4.6083500000000004e-08,46.0835,-4.475966563118506,-0.11493526900262883,0.011379218074807232,87.87950045653206,nan,-0.16736646370824004
4.611e-08,46.11,-4.475956998882122,-0.11493502340917632,0.011379326908859223,87.87865996023572,nan,-0.16736566334394296
4.6136500000000004e-08,46.136500000000005,-4.475974756424618,-0.11493547939290516,0.011379124841772175,87.88022048312995,nan,-0.1673671493519795
4.6163e-08,46.163000000000004,-4.475987902280309,-0.11493581695629818,0.011378975254422344,87.88137575142,nan,-0.16736824944779133
4.61895e-08,46.189499999999995,-4.475973188021781,-0.11493543911896668,0.011379142688837855,87.88008265165092,nan,-0.16736701810247503
4.6216e-08,46.216,-4.475959650578593,-0.11493509150026747,0.01137929673437822,87.87889298807721,nan,-0.1673658852455595
4.62425e-08,46.2425,-4.4759740594804995,-0.11493546149655615,0.011379132772389071,87.8801592355485,nan,-0.16736709102921446
4.6269e-08,46.269000000000005,-4.475990701088396,-0.11493588882496739,0.011378943406898951,87.88162171486933,nan,-0.1673684836637602
4.62955e-08,46.2955,-4.475979697233228,-0.1149356062645336,0.011379068619833071,87.88065468355263,nan,-0.1673675628170165
4.6322e-08,46.322,-4.475963063283519,-0.11493517913277167,0.011379257900262467,87.87919289331992,nan,-0.16736617083099364
4.63485e-08,46.3485,-4.475973329047701,-0.11493544274027435,0.011379141084083904,87.88009504502128,nan,-0.16736702990401928
4.6375000000000003e-08,46.375,-4.475992496615689,-0.11493593493107868,0.011378922975713841,87.88177950886133,nan,-0.16736863392116785
4.64015e-08,46.4015,-4.475985880517854,-0.11493576504084967,0.011378998260030549,87.8811980763336,nan,-0.16736808025845537
4.6428000000000004e-08,46.428000000000004,-4.475967203795761,-0.11493528545413974,0.011379210784403364,87.87955675894725,nan,-0.16736651732219193
4.64545e-08,46.4545,-4.47597278152597,-0.11493542868084013,0.011379147314412634,87.88004692877269,nan,-0.1673669840854826
4.6481000000000004e-08,46.481,-4.475993358869337,-0.11493595707229746,0.011378913164200224,87.88185528527897,nan,-0.167368706078291
4.65075e-08,46.5075,-4.475991540664804,-0.11493591038387294,0.011378933853410525,87.88169549823662,nan,-0.16736855392309016
4.6534000000000005e-08,46.534000000000006,-4.475971988311452,-0.11493540831242971,0.011379156340521066,87.87997722107127,nan,-0.16736691770653495
4.65605e-08,46.560500000000005,-4.475972613654832,-0.11493542437019258,0.011379149224643196,87.8800321762505,nan,-0.1673669700374402
4.6587e-08,46.586999999999996,-4.475993405506655,-0.1149359582698651,0.011378912633518245,87.88185938385311,nan,-0.1673687099811048
4.66135e-08,46.6135,-4.475996505438509,-0.11493603787088458,0.011378877359719177,87.88213181205067,nan,-0.1673689693971036
4.664e-08,46.64,-4.4759772880334925,-0.11493554440034945,0.011379096034315207,87.88044296175764,nan,-0.16736736120619386
4.66665e-08,46.666500000000006,-4.475972991287238,-0.11493543406715556,0.011379144927508515,87.8800653626047,nan,-0.16736700163903892
4.6693e-08,46.693,-4.475992794887253,-0.11493594259018915,0.011378919581705196,87.88180572150105,nan,-0.1673686588818218
4.6719500000000004e-08,46.719500000000004,-4.476000637962798,-0.11493614398713548,0.01137883033632927,87.88249498784538,nan,-0.16736931522562654
4.6746e-08,46.746,-4.475982937396385,-0.1149356894664563,0.011379031749853908,87.88093943167341,nan,-0.16736783396634147
4.6772500000000004e-08,46.7725,-4.475974040045347,-0.11493546099749424,0.01137913299354425,87.88015752758425,nan,-0.16736708940281206
4.6799e-08,46.799,-4.475991716742536,-0.114935914905252,0.011378931849833837,87.8817109722476,nan,-0.1673685686580285
4.6825500000000005e-08,46.825500000000005,-4.476003844933972,-0.11493622633674407,0.011378793844806901,87.88277682492541,nan,-0.16736958360012635
4.6852e-08,46.852000000000004,-4.475988744404518,-0.11493583858062693,0.011378965671915847,87.88144975848516,nan,-0.16736831992023346
4.6878500000000005e-08,46.8785,-4.47597583840024,-0.1149355071762135,0.011379112529843157,87.8803155674376,nan,-0.16736723989559174
4.6905e-08,46.905,-4.475990381028861,-0.11493588060637859,0.011378947048838864,87.88159358752289,nan,-0.16736845687982288
4.6931500000000006e-08,46.93150000000001,-4.47600608219118,-0.11493628378573423,0.011378768387546832,87.88297344152127,nan,-0.16736977082463472
4.6958e-08,46.958000000000006,-4.475994502461273,-0.11493598643780878,0.011378900151374332,87.88195578631745,nan,-0.16736880177906965
4.6984500000000006e-08,46.984500000000004,-4.475978413571426,-0.11493557330226443,0.011379083226718184,87.88054187458543,nan,-0.16736745539537728
4.7011e-08,47.011,-4.475989005634551,-0.11493584528857341,0.011378962699388656,87.8814727157622,nan,-0.16736834178105078
4.70375e-08,47.0375,-4.476007357331262,-0.11493631652917999,0.011378753878032423,87.8830855046947,nan,-0.16736987753462043
4.7064000000000004e-08,47.06400000000001,-4.476000002981449,-0.11493612768188582,0.011378837561676604,87.88243918411784,nan,-0.16736926208743816
4.70905e-08,47.0905,-4.475981740471729,-0.11493565873145073,0.011379045369705715,87.88083424487323,nan,-0.16736773380302794
4.7117000000000004e-08,47.117000000000004,-4.4759878036751815,-0.11493581442428488,0.011378976376447705,87.88136708586616,nan,-0.16736824119610771
4.71435e-08,47.1435,-4.476007729230609,-0.1149363260789277,0.011378749646282075,87.88311818836289,nan,-0.16736990865699738
4.7170000000000005e-08,47.17,-4.476005048037427,-0.11493625723041079,0.011378780154948948,87.88288255706146,nan,-0.1673696842816188
4.71965e-08,47.1965,-4.475985743743999,-0.11493576152872786,0.011378999816380107,87.88118605648422,nan,-0.16736806881266703
4.7223e-08,47.223,-4.47598697113054,-0.11493579304594326,0.011378985849957455,87.88129392073539,nan,-0.16736817152535607
4.72495e-08,47.249500000000005,-4.476007304521277,-0.11493631517310865,0.01137875447894427,87.88308086359034,nan,-0.16736987311522006
4.7276e-08,47.275999999999996,-4.476009462291874,-0.11493637058101676,0.011378729926228915,87.88327049532279,nan,-0.16737005368821298
4.73025e-08,47.3025,-4.4759903027518195,-0.11493587859635623,0.011378947939549211,87.88158670841199,nan,-0.16736845032926914
4.7329e-08,47.329,-4.4759866755532265,-0.11493578545601657,0.011378989213328023,87.88126794502244,nan,-0.16736814679024062
4.7355500000000003e-08,47.355500000000006,-4.476006231246215,-0.11493628761321602,0.011378766691484238,87.88298654092192,nan,-0.16736978329828872
4.7382e-08,47.382,-4.476013103516054,-0.11493646408150986,0.011378688493797792,87.883590498595,nan,-0.16737035840443368
4.7408500000000004e-08,47.408500000000004,-4.475995259213624,-0.11493600586993229,0.011378891540368143,87.8820222912193,nan,-0.16736886510744878
4.7435e-08,47.435,-4.475987046511108,-0.11493579498158904,0.011378984992203075,87.88130054527744,nan,-0.16736817783351007
4.7461500000000004e-08,47.46150000000001,-4.476004690085544,-0.1149362480388104,0.011378784228005461,87.88285109922377,nan,-0.16736965432647463
4.7488e-08,47.488,-4.476015871080078,-0.11493653514788424,0.011378657002592461,87.88383372239487,nan,-0.16737059000868518
4.7514500000000005e-08,47.514500000000005,-4.47600042701511,-0.11493613857035478,0.011378832736667472,87.88247644923823,nan,-0.16736929757254243
4.7541e-08,47.541000000000004,-4.475988168319347,-0.11493582378773179,0.011378972227171118,87.88139913129977,nan,-0.16736827171103683
4.7567500000000006e-08,47.5675,-4.476002883685524,-0.11493620165350585,0.011378804782660082,87.88269234778319,nan,-0.16736950315826946
4.7594e-08,47.594,-4.476017711924408,-0.11493658241766057,0.011378636056275511,87.88399550300082,nan,-0.1673707440603569
4.7620500000000006e-08,47.62050000000001,-4.47600560360859,-0.11493627149654081,0.011378773833228587,87.88293138227024,nan,-0.16736973077451028
4.7647e-08,47.647000000000006,-4.475990075480871,-0.11493587276042175,0.011378950525653799,87.88156673548268,nan,-0.16736843131027698
4.7673500000000007e-08,47.673500000000004,-4.476001024731874,-0.11493615391871273,0.011378825935350433,87.88252897808329,nan,-0.16736934759226732
4.7700000000000004e-08,47.7,-4.476018623673214,-0.1149366058298315,0.0113786256818224,87.88407563116533,nan,-0.16737082036041234
4.772650000000001e-08,47.72650000000001,-4.476010582317505,-0.11493639934138514,0.011378717181766883,87.88336892689343,nan,-0.16737014741761425
4.7753000000000004e-08,47.75300000000001,-4.475992751090624,-0.11493594146556563,0.01137892008006352,87.88180187257433,nan,-0.16736865521673036
4.777950000000001e-08,47.779500000000006,-4.475999323479568,-0.11493611023342407,0.011378845293620753,87.88237946785544,nan,-0.16736920522358364
4.7806e-08,47.806,-4.47601865472047,-0.11493660662707264,0.011378625328547307,87.88407835972471,nan,-0.16737082295861466
4.78325e-08,47.8325,-4.476015164814587,-0.11493651701217812,0.01137866503894807,87.88377165309785,nan,-0.16737053090465967
4.7859e-08,47.859,-4.4759961282837395,-0.11493602818618646,0.011378881651317856,87.88209866689175,nan,-0.16736893783510404
4.78855e-08,47.8855,-4.475997975479343,-0.11493607561905278,0.01137886063231711,87.88226100246797,nan,-0.16736909241675849
4.7912e-08,47.912,-4.476017901299711,-0.11493658728049881,0.011378633901443065,87.88401214606067,nan,-0.16737075990830033
4.79385e-08,47.938500000000005,-4.476019173034931,-0.11493661993651345,0.011378619430842776,87.88412391132528,nan,-0.16737086633397927
4.7965e-08,47.964999999999996,-4.476000094627064,-0.1149361300351906,0.01137883651885608,87.88244723815845,nan,-0.16736926975676786
4.79915e-08,47.9915,-4.475997150226545,-0.11493605442795339,0.011378870022757556,87.88218847741615,nan,-0.16736902335586687
4.8018e-08,48.018,-4.476016501725253,-0.11493655134178823,0.011378649826699587,87.88388914592807,nan,-0.16737064278442101
4.8044500000000004e-08,48.044500000000006,-4.476022459823277,-0.11493670433569234,0.011378582031790504,87.8844127683142,nan,-0.1673711413905117
4.8071e-08,48.071,-4.476004499180739,-0.11493624313669712,0.011378786400270251,87.88283432196684,nan,-0.16736963835063978
4.8097500000000004e-08,48.097500000000004,-4.475996981398987,-0.11493605009274656,0.011378871943824557,87.88217364048211,nan,-0.1673690092276157
4.8124e-08,48.124,-4.47601462816022,-0.11493650323179948,0.011378671145359993,87.88372448990066,nan,-0.16737048599460252
4.8150500000000005e-08,48.15050000000001,-4.476024917691811,-0.11493676744960912,0.01137855406476613,87.88462877691248,nan,-0.1673713470787691
4.8177e-08,48.177,-4.476009161799432,-0.11493636286487788,0.011378733345451766,87.88324408706822,nan,-0.16737002854149682
4.8203500000000005e-08,48.203500000000005,-4.475997559254456,-0.11493606493109997,0.011378865368483081,87.8822244236914,nan,-0.1673690575851713
4.823e-08,48.230000000000004,-4.476012476409636,-0.11493644797847515,0.011378695629448618,87.88353538624861,nan,-0.1673703059249289
4.8256500000000006e-08,48.2565,-4.476026485180139,-0.11493680770006454,0.011378536229029429,87.88476653515023,nan,-0.16737147825513696
4.8283e-08,48.283,-4.476013884113517,-0.11493648412593557,0.011378679611625898,87.8836591003295,nan,-0.16737042372888494
4.8309500000000007e-08,48.30950000000001,-4.475998925627152,-0.11493610001724533,0.011378849820722743,87.88234450364541,nan,-0.16736917192946563
4.8336000000000003e-08,48.336000000000006,-4.476010254351872,-0.11493639091978106,0.011378720913595682,87.88334010417341,nan,-0.1673701199717883
4.836250000000001e-08,48.362500000000004,-4.476027150452355,-0.11493682478313252,0.011378528659207935,87.88482500246306,nan,-0.16737153392894336
4.8389000000000004e-08,48.389,-4.476018461533174,-0.11493660166634886,0.011378627526753374,87.88406138163894,nan,-0.16737080679165714
4.84155e-08,48.4155,-4.476001071808312,-0.11493615512755624,0.011378825399675843,87.88253311527987,nan,-0.16736935153184376
4.8442e-08,48.442,-4.476008169699083,-0.11493633738941492,0.011378744634302685,87.88315689811438,nan,-0.1673699455175856
4.84685e-08,48.4685,-4.476026951931551,-0.11493681968545326,0.011378530918082809,87.88480755549874,nan,-0.16737151731557848
4.8495e-08,48.495,-4.476022695561477,-0.11493671038905157,0.011378579349424368,87.88443348602996,nan,-0.16737116111839873
4.85215e-08,48.5215,-4.4760039394229825,-0.11493622876306242,0.011378792769635982,87.88278512888243,nan,-0.16736959150741973
4.8548e-08,48.548,-4.476006417813618,-0.11493629240395214,0.011378764568577482,87.88300293702405,nan,-0.16736979891116238
4.85745e-08,48.5745,-4.476025975947332,-0.11493679462382529,0.011378542023354848,87.88472178135527,nan,-0.16737143563961854
4.8601e-08,48.601,-4.4760264056869286,-0.11493680565881303,0.011378537133545837,87.88475954890829,nan,-0.16737147160268903
4.86275e-08,48.627500000000005,-4.476007424239285,-0.11493631824726509,0.011378753116702531,87.88309138477835,nan,-0.16736988313381426
4.8654e-08,48.654,-4.476005170301384,-0.11493626036994291,0.011378778763734342,87.88289330197111,nan,-0.16736969451325906
4.8680500000000004e-08,48.6805,-4.476024351548359,-0.11493675291200053,0.011378560506661833,87.88457902161944,nan,-0.16737129970067968
4.870700000000001e-08,48.70700000000001,-4.476029440154408,-0.1149368835788178,0.011378502605797333,87.88502623275767,nan,-0.16737172554452545
4.8733500000000004e-08,48.73350000000001,-4.476011382672116,-0.11493641989314111,0.011378708074761762,87.88343926478113,nan,-0.16737021439536226
4.8759999999999995e-08,48.76,-4.47600456505338,-0.1149362448281954,0.01137878565071957,87.8828401110414,nan,-0.1673696438631799
4.8786500000000005e-08,48.786500000000004,-4.476022242799257,-0.11493669876288169,0.011378584501216387,87.88439369528771,nan,-0.1673711232287337
4.8812999999999995e-08,48.812999999999995,-4.476031684982299,-0.11493694122221035,0.011378477063045988,87.88522351973724,nan,-0.16737191340498975
4.8839500000000005e-08,48.83950000000001,-4.476015640586093,-0.11493652922918762,0.011378659625304759,87.88381346570218,nan,-0.16737057071972916
4.8865999999999996e-08,48.86599999999999,-4.476004698319022,-0.11493624825023221,0.011378784134318493,87.88285182280529,nan,-0.1673696550154918
4.8892500000000006e-08,48.892500000000005,-4.476019839027964,-0.11493663703809082,0.011378611852764032,87.88418244155902,nan,-0.16737092206790402
4.8918999999999996e-08,48.919,-4.476033070699637,-0.11493697680509346,0.011378461295703964,87.88534530389963,nan,-0.1673720293701111
4.8945500000000006e-08,48.94550000000001,-4.4760200038678,-0.11493664127089967,0.011378609977115674,87.88419692837444,nan,-0.16737093586260227
4.8972e-08,48.971999999999994,-4.476005619272389,-0.11493627189876075,0.011378773654993759,87.88293275885084,nan,-0.1673697320853332
4.899850000000001e-08,48.99850000000001,-4.4760173436084365,-0.11493657295992787,0.011378640247209677,87.8839631339276,nan,-0.16737071323770064
4.9025e-08,49.025,-4.476033576414485,-0.11493698979099745,0.011378455541448597,87.88538974883488,nan,-0.16737207169137663
4.905150000000001e-08,49.051500000000004,-4.476024270135616,-0.11493675082145866,0.011378561433021695,87.88457186669507,nan,-0.16737129288760152
4.9078e-08,49.077999999999996,-4.476007327382813,-0.11493631576015434,0.011378754218808459,87.88308287273264,nan,-0.16736987502838632
4.910450000000001e-08,49.10450000000001,-4.476014961948616,-0.11493651180292229,0.011378667347292237,87.88375382447299,nan,-0.1673705139277679
4.9131e-08,49.131,-4.47603323098282,-0.11493698092089513,0.011378459471928124,87.88535939044357,nan,-0.16737204278357237
4.915750000000001e-08,49.157500000000006,-4.476028240889875,-0.11493685278372813,0.011378516251640129,87.88492083542592,nan,-0.1673716251830684
4.9184e-08,49.184,-4.476009772735495,-0.11493637855268513,0.011378726393775343,87.88329777812774,nan,-0.16737007966769776
4.921050000000001e-08,49.21050000000001,-4.476012889397333,-0.11493645858330238,0.011378690930188281,87.88357168107503,nan,-0.1673703404858711
4.9237e-08,49.237,-4.47603211122051,-0.1149369521672884,0.011378472213105315,87.88526097978567,nan,-0.16737194907514602
4.926350000000001e-08,49.26350000000001,-4.47603173338363,-0.11493694246507485,0.011378476512312568,87.88522777349914,nan,-0.16737191745550148
4.929e-08,49.29,-4.476012859272011,-0.11493645780973492,0.01137869127297502,87.88356903355411,nan,-0.16737033796482836
4.931650000000001e-08,49.31650000000001,-4.476011299785807,-0.11493641776476053,0.01137870901790092,87.8834319804475,nan,-0.16737020745901274
4.9343e-08,49.343,-4.476030337274683,-0.11493690661535275,0.011378492397916525,87.88510507623192,nan,-0.16737180062082652
4.93695e-08,49.369499999999995,-4.47603459151266,-0.11493701585700579,0.011378443991205012,87.88547896117885,nan,-0.1673721566409404
4.9396e-08,49.396,-4.476016450748885,-0.11493655003280112,0.011378650406741842,87.8838846659267,nan,-0.16737063851844733
4.94225e-08,49.4225,-4.476010335279934,-0.11493639299787715,0.011378719992737882,87.88334721640213,nan,-0.16737012674425822
4.9449e-08,49.449,-4.476028065438857,-0.11493684827844204,0.011378518248012556,87.88490541592851,nan,-0.16737161050030808
4.94755e-08,49.4755,-4.476036695084376,-0.1149370698731781,0.011378420055857225,87.88566383478117,nan,-0.16737233268070043
4.9502e-08,49.502,-4.476020379052542,-0.11493665090501079,0.011378605708035627,87.88422990119037,nan,-0.1673709672601159
4.95285e-08,49.5285,-4.47601009813893,-0.11493638690849631,0.011378722691099281,87.88332637565944,nan,-0.16737010689909945
4.9555e-08,49.555,-4.476025478846065,-0.11493678185910351,0.011378547679643908,87.88467809375959,nan,-0.1673713940393474
4.95815e-08,49.5815,-4.476037966922922,-0.11493710253184597,0.011378405584353213,87.88577561122712,nan,-0.16737243911602634
4.9608e-08,49.608000000000004,-4.4760244543703855,-0.11493675555229668,0.011378559336695243,87.88458805809042,nan,-0.16737130830540803
4.96345e-08,49.6345,-4.476010644862114,-0.11493640094742519,0.011378716470089482,87.88337442352459,nan,-0.16737015265166458
4.9661000000000004e-08,49.661,-4.476022776597485,-0.11493671246991952,0.011378578427349757,87.88444060783392,nan,-0.16737116789994425
4.96875e-08,49.6875,-4.476038377397321,-0.11493711307213594,0.011378400913809974,87.88581168609548,nan,-0.16737247346708056
4.9714000000000004e-08,49.714000000000006,-4.476028476610786,-0.1149368588366434,0.011378513569486225,87.88494155174199,nan,-0.16737164490956555
4.97405e-08,49.740500000000004,-4.476011983062019,-0.11493643531014078,0.011378701243102375,87.88349202912656,nan,-0.1673702646390632
4.9767000000000005e-08,49.767,-4.4760201619756845,-0.11493664533084336,0.011378608178067868,87.88421082355995,nan,-0.16737094909393505
4.97935e-08,49.7935,-4.476037946113774,-0.11493710199750215,0.011378405821128144,87.885773782399,nan,-0.1673724373745874
4.9820000000000005e-08,49.82000000000001,-4.476032247392322,-0.11493695566395076,0.011378470663678246,87.88527294728168,nan,-0.16737196047081718
4.98465e-08,49.8465,-4.476014071240542,-0.11493648893104183,0.011378677482367632,87.88367554573871,nan,-0.1673704393886504
4.9873000000000006e-08,49.873000000000005,-4.476017830442149,-0.1149365854609962,0.011378634707705346,87.88400591881408,nan,-0.16737075397855847
4.98995e-08,49.8995,-4.47603674068046,-0.11493707104400859,0.011378419537045848,87.88566784202331,nan,-0.16737233649646188
4.9926000000000006e-08,49.92600000000001,-4.476035581890775,-0.11493704128824472,0.011378432722248675,87.885566001077,nan,-0.16737223952182145
4.9952500000000003e-08,49.9525,-4.47601682147247,-0.11493655955235726,0.01137864618840855,87.88391724656154,nan,-0.1673706695425718
4.9978999999999994e-08,49.97899999999999,-4.476015958130921,-0.114936537383203,0.011378656012070821,87.88384137275702,nan,-0.1673705972935608
5.0005500000000004e-08,50.005500000000005,-4.476034872627391,-0.11493702307555777,0.011378440792557233,87.88550366708515,nan,-0.16737218016633149
5.0031999999999994e-08,50.032,-4.476038319844442,-0.1149371115942751,0.011378401568669733,87.88580662801407,nan,-0.16737246865069672
5.0058500000000005e-08,50.0585,-4.476020104829459,-0.1149366438634247,0.011378608828312396,87.88420580130916,nan,-0.16737094431162614
5.0084999999999995e-08,50.084999999999994,-4.476014691517408,-0.11493650485870516,0.011378670424439411,87.88373005796647,nan,-0.1673704912966643
5.0111500000000005e-08,50.11150000000001,-4.476032490731038,-0.11493696191247842,0.011378467894856139,87.88529433317379,nan,-0.1673719808348574
5.0137999999999995e-08,50.138,-4.4760403350681806,-0.11493716334182041,0.011378378638667884,87.88598373775636,nan,-0.16737263729726773
5.0164500000000006e-08,50.164500000000004,-4.476023759214845,-0.11493673770187535,0.011378567246566556,87.88452696465336,nan,-0.167371250130872
5.0190999999999996e-08,50.190999999999995,-4.476014138870248,-0.11493649066765858,0.011378676712831043,87.88368148928608,nan,-0.16737044504825732
5.0217500000000006e-08,50.21750000000001,-4.476029772146532,-0.11493689210381539,0.011378498828224707,87.88505540989908,nan,-0.16737175332757512
5.0243999999999996e-08,50.244,-4.476041542918084,-0.11493719435736792,0.011378364895302641,87.88608989089745,nan,-0.16737273837781017
5.0270500000000007e-08,50.270500000000006,-4.476027599139929,-0.11493683630467236,0.011378523553804658,87.88486443530086,nan,-0.16737157147771134
5.0297e-08,50.297,-4.476014363988165,-0.11493649644830685,0.01137867415128733,87.88370127347963,nan,-0.16737046388730137
5.032350000000001e-08,50.32350000000001,-4.476026911877957,-0.11493681865694455,0.011378531373833878,87.88480403539639,nan,-0.1673715139636631
5.035e-08,50.349999999999994,-4.476041905270677,-0.11493720366197109,0.011378360772323372,87.88612173665574,nan,-0.16737276870178575
5.037650000000001e-08,50.37650000000001,-4.476031426857707,-0.11493693459400636,0.011378480000111116,87.88520083440271,nan,-0.16737189180358772
5.0403e-08,50.403,-4.476015382585258,-0.11493652260416151,0.01137866256100882,87.88379079160785,nan,-0.16737054912885707
5.042950000000001e-08,50.42950000000001,-4.476024111214944,-0.11493674674064394,0.01137856324131047,87.88455790002094,nan,-0.16737127958822284
5.0456e-08,50.455999999999996,-4.476041432728396,-0.11493719152788265,0.011378366149081194,87.88608020675713,nan,-0.16737272915643547
5.048250000000001e-08,50.48250000000001,-4.4760350441916135,-0.11493702748103751,0.011378438840424054,87.88551874509453,nan,-0.16737219452387106
5.0509e-08,50.509,-4.476017161533035,-0.11493656828453877,0.01137864231898036,87.88394713242114,nan,-0.1673706980006564
5.053550000000001e-08,50.535500000000006,-4.476021565822114,-0.11493668137925094,0.011378592204260619,87.88433419958211,nan,-0.1673710665755309
5.0562e-08,50.562,-4.476040183928477,-0.11493715946080785,0.011378380358392786,87.88597045469585,nan,-0.1673726246489428
5.0588499999999997e-08,50.588499999999996,-4.476038264357866,-0.11493711016947347,0.011378402200018286,87.88580175153177,nan,-0.16737246400723424
5.0615e-08,50.615,-4.476019620996439,-0.11493663143940913,0.0113786143336604,87.88416328003876,nan,-0.1673709038218363
5.06415e-08,50.6415,-4.476019454187632,-0.11493662715604043,0.011378616231713637,87.88414862018757,nan,-0.1673708898623665
5.0668e-08,50.668,-4.476038262002453,-0.11493711010899042,0.01137840222681913,87.88580154452436,nan,-0.16737246381011855
5.06945e-08,50.6945,-4.476040923081694,-0.11493717844101528,0.01137837194802945,87.88603541591763,nan,-0.1673726865059612
5.0721e-08,50.721000000000004,-4.476022639330674,-0.11493670894513942,0.01137857998925104,87.88442854421783,nan,-0.1673711564126914
5.07475e-08,50.747499999999995,-4.476017927113714,-0.11493658794335886,0.011378633607714975,87.88401441469888,nan,-0.16737076206855503
5.0774e-08,50.774,-4.476035808403617,-0.11493704710471231,0.01137843014488783,87.88558590828859,nan,-0.16737225847780338
5.08005e-08,50.8005,-4.476042888351186,-0.11493722890581981,0.011378349586484166,87.88620813583154,nan,-0.1673728509722593
5.0827e-08,50.827000000000005,-4.476026060443228,-0.11493679679353734,0.01137854106191478,87.88472920725394,nan,-0.16737144271071844
5.08535e-08,50.8535,-4.476017098868802,-0.11493656667542701,0.011378643032014276,87.88394162524118,nan,-0.1673706927565783
5.088e-08,50.88,-4.476032994472945,-0.11493697484772061,0.011378462163046468,87.88533860469069,nan,-0.1673720229910031
5.09065e-08,50.9065,-4.476044068234762,-0.11493725920323922,0.01137833616136429,87.88631183138622,nan,-0.16737294971252736
5.0933000000000004e-08,50.93300000000001,-4.476029703179492,-0.11493689033285817,0.011378499612966117,87.88504934872715,nan,-0.167371747556008
5.09595e-08,50.9595,-4.4760170405216115,-0.11493656517716962,0.011378643695926146,87.88393649746027,nan,-0.16737068787377352
5.0986000000000004e-08,50.986000000000004,-4.47603001124803,-0.11493689824353841,0.01137849610760892,87.88507642334996,nan,-0.16737177333699477
5.10125e-08,51.0125,-4.476044416303509,-0.11493726814105734,0.011378332200921767,87.88634242187,nan,-0.16737297884117636
5.1039000000000005e-08,51.039,-4.476033372172559,-0.1149369845464094,0.011378457865406514,87.8853717989554,nan,-0.1673720545991803
5.10655e-08,51.0655,-4.476017775847289,-0.1149365840590923,0.011378635328920333,87.8840011207992,nan,-0.16737074940976707
5.1092000000000005e-08,51.092000000000006,-4.476027058122002,-0.11493682241224484,0.011378529709791552,87.8848168880265,nan,-0.1673715262022071
5.11185e-08,51.118500000000004,-4.476043934342407,-0.11493725576510945,0.011378337684836615,87.88630006408175,nan,-0.16737293850754856
5.1145000000000006e-08,51.145,-4.476036869512157,-0.1149370743521892,0.011378418071144841,87.88567916448379,nan,-0.16737234727789332
5.11715e-08,51.1715,-4.476019280042976,-0.1149366226842995,0.01137861821323902,87.88413331563407,nan,-0.16737087528899414
5.1198e-08,51.198,-4.4760243310258545,-0.11493675238501724,0.011378560740178395,87.88457721800779,nan,-0.16737129798324057
5.12245e-08,51.224500000000006,-4.476042672195549,-0.11493722335530777,0.011378352045978838,87.88618913873425,nan,-0.16737283288296764
5.1251e-08,51.251,-4.4760400065402095,-0.11493715490577644,0.011378382376784147,87.88595486475718,nan,-0.1673726098039735
5.1277500000000004e-08,51.2775,-4.476021481323476,-0.1149366792094685,0.011378593165736197,87.88432677347593,nan,-0.16737105950421752
5.1304e-08,51.304,-4.476022010834978,-0.1149366928064304,0.011378587140641843,87.88437330925007,nan,-0.1673711038166739
5.1330500000000004e-08,51.33050000000001,-4.47604072475915,-0.11493717334842697,0.011378374204617347,87.88601798613722,nan,-0.16737266990907354
5.1357e-08,51.357,-4.476042615074807,-0.1149372218885435,0.011378352695918768,87.88618411861006,nan,-0.16737282810273751
5.1383500000000005e-08,51.383500000000005,-4.476024265297793,-0.11493675069723153,0.011378561488069157,87.8845714415251,nan,-0.1673712924827452
5.141e-08,51.410000000000004,-4.476020252685755,-0.1149366476601249,0.011378607145913565,87.88421879554328,nan,-0.16737095668505053
5.1436500000000005e-08,51.4365,-4.476038226306255,-0.11493710919237228,0.011378402632984836,87.88579840733543,nan,-0.16737246082283827
5.1463e-08,51.463,-4.476044557399145,-0.11493727176415522,0.011378330595488855,87.8863548222503,nan,-0.16737299064897526
5.1489500000000006e-08,51.48950000000001,-4.476027481862518,-0.11493683329318632,0.011378524888248517,87.88485412839209,nan,-0.16737156166325934
5.1516e-08,51.516000000000005,-4.47601917683332,-0.11493662003404968,0.01137861938762235,87.88412424514338,nan,-0.1673708666518491
5.1542500000000006e-08,51.542500000000004,-4.476035342482904,-0.11493703514065454,0.011378435446335357,87.88554496058323,nan,-0.16737221948670686
5.1569000000000003e-08,51.569,-4.476045734426002,-0.11493730198821887,0.011378317202896044,87.8864582669111,nan,-0.16737308915025678
5.159550000000001e-08,51.59550000000001,-4.476030954200157,-0.11493692245695798,0.011378485378236871,87.88515929480879,nan,-0.1673718522487982
5.1622e-08,51.622,-4.476018861589388,-0.11493661193911742,0.011378622974663636,87.88409654021083,nan,-0.16737084027052612
5.164850000000001e-08,51.648500000000006,-4.476032260453586,-0.11493695599934199,0.011378470515061037,87.88527409517445,nan,-0.16737196156386186
5.1675e-08,51.675,-4.476046091557212,-0.11493731115874575,0.01137831313934458,87.8864896539139,nan,-0.16737311903733637
5.170150000000001e-08,51.70150000000001,-4.476034489346496,-0.11493701323355109,0.01137844515369704,87.88546998225709,nan,-0.16737214809105505
5.1728e-08,51.728,-4.4760193387554335,-0.11493662419193633,0.011378617545172406,87.88413847552764,nan,-0.16737088020237187
5.175450000000001e-08,51.75450000000001,-4.476029177782273,-0.11493687684154409,0.011378505591199743,87.88500317417875,nan,-0.1673717035876884
5.1781e-08,51.781,-4.476045621894514,-0.11493729909860013,0.011378318483315084,87.88644837691773,nan,-0.16737307973288565
5.1807499999999996e-08,51.8075,-4.476037889699214,-0.11493710054887143,0.011378406463035921,87.88576882436188,nan,-0.16737243265346627
5.1834e-08,51.833999999999996,-4.476020591817733,-0.11493665636846187,0.011378603287064675,87.88424859989726,nan,-0.1673709850654747
5.1860499999999996e-08,51.860499999999995,-4.47602629070883,-0.11493680270636947,0.011378538441828472,87.88474944408635,nan,-0.16737146198066258
5.1887e-08,51.887,-4.476044366615643,-0.11493726686515678,0.011378332766286829,87.88633805498527,nan,-0.16737297468297332
5.19135e-08,51.9135,-4.476040964784984,-0.1149371795118854,0.011378371473513919,87.8860390810545,nan,-0.16737268999595706
5.194e-08,51.94,-4.476022557008447,-0.11493670683124353,0.011378580925961126,87.88442130937624,nan,-0.16737114952350834
5.19665e-08,51.966499999999996,-4.476023782516224,-0.11493673830021543,0.011378566981430256,87.88452901248402,nan,-0.16737125208086245
5.1993e-08,51.993,-4.4760424124960245,-0.11493721668666218,0.011378355000931834,87.88616631473572,nan,-0.16737281114964653
5.20195e-08,52.0195,-4.476043542588238,-0.11493724570552341,0.011378342142348709,87.88626563426406,nan,-0.16737290572302857
5.2046e-08,52.046,-4.476025127165862,-0.11493677282854929,0.01137855168125457,87.88464718646358,nan,-0.16737136460874702
5.20725e-08,52.0725,-4.476021812676985,-0.11493668771806749,0.011378589395400058,87.88435589426075,nan,-0.1673710872337137
5.2099e-08,52.099000000000004,-4.476039886727214,-0.11493715182918089,0.0113783837400623,87.88594433487833,nan,-0.16737259977726698
5.21255e-08,52.1255,-4.476045479771027,-0.11493729544910881,0.011378320100441491,87.88643588619017,nan,-0.16737306783906325
5.2152e-08,52.152,-4.476028158162531,-0.11493685065942955,0.011378517192954588,87.8849135649402,nan,-0.1673716182599636
5.21785e-08,52.1785,-4.476020507420971,-0.11493665420129544,0.011378604247381985,87.8842411827516,nan,-0.1673709780026903
5.2205e-08,52.205000000000005,-4.476036949341031,-0.11493707640205998,0.011378417162818573,87.8856861802989,nan,-0.16737235395846647
5.22315e-08,52.2315,-4.476046670180054,-0.11493732601680402,0.0113783065555946,87.88654050705902,nan,-0.1673731674602983
5.2258000000000004e-08,52.258,-4.476031477517942,-0.11493693589487572,0.011378479423674658,87.88520528668776,nan,-0.16737189604313746
5.22845e-08,52.2845,-4.476019952281904,-0.11493663994626088,0.011378610564091484,87.88419239478947,nan,-0.16737093154561244
5.2311000000000004e-08,52.31100000000001,-4.476033783690552,-0.1149369951134971,0.011378453182967334,87.88540796537467,nan,-0.16737208903748985
5.23375e-08,52.3375,-4.476047051138769,-0.11493733579918104,0.011378302220930378,87.88657398820897,nan,-0.16737319934143474
5.2364000000000005e-08,52.364000000000004,-4.476034894683966,-0.1149370236419334,0.0113784405415878,87.8855056055384,nan,-0.16737218201216003
5.23905e-08,52.3905,-4.476020187061845,-0.11493664597501363,0.011378607892622279,87.88421302823741,nan,-0.16737095119328232
5.2417000000000005e-08,52.41700000000001,-4.4760305855535805,-0.11493691299073593,0.011378489572877324,87.88512689625166,nan,-0.16737182139827086
5.24435e-08,52.4435,-4.476046607153457,-0.11493732439838736,0.011378307272730566,87.88653496786961,nan,-0.16737316218581774
5.247e-08,52.47,-4.476038212392234,-0.11493710883508372,0.01137840279130416,87.88579718449067,nan,-0.16737245965842637
5.24965e-08,52.496500000000005,-4.476021203510589,-0.11493667207570231,0.011378596326856458,87.88430235808076,nan,-0.1673710362553005
5.2523e-08,52.523,-4.476027551504858,-0.11493683508148411,0.011378524095821447,87.88486024889919,nan,-0.16737156749133303
5.2549500000000003e-08,52.5495,-4.476045370816228,-0.11493729265133341,0.011378321340164137,87.88642631054175,nan,-0.16737305872101405
5.2576e-08,52.576,-4.476041238390916,-0.11493718653762408,0.011378368360324406,87.88606312719948,nan,-0.1673727128930391
5.2602500000000004e-08,52.602500000000006,-4.476022945855304,-0.1149367168161747,0.011378576501436559,87.88445548296387,nan,-0.16737118206438423
5.2629e-08,52.629,-4.476024867246297,-0.11493676615425343,0.01137855463876316,87.88462434352728,nan,-0.1673713428572023
5.2655500000000005e-08,52.6555,-4.476043420852639,-0.11493724257955863,0.011378343527498095,87.8862549353775,nan,-0.16737289553540838
5.2682e-08,52.682,-4.4760437968755,-0.11493725223519123,0.011378339248981614,87.88628798262472,nan,-0.16737292700342885
5.2708500000000005e-08,52.70850000000001,-4.476025314147073,-0.1149367776299113,0.011378549553679397,87.88466361924287,nan,-0.167371380256398
5.2735e-08,52.735,-4.476022696586467,-0.11493671041537158,0.011378579337761438,87.88443357611062,nan,-0.1673711612041756
5.2761500000000006e-08,52.761500000000005,-4.476040877431743,-0.11493717726880155,0.011378372467451589,87.88603140392448,nan,-0.16737268268568375
5.2788e-08,52.788000000000004,-4.476045738936406,-0.11493730210403845,0.011378317151575232,87.88645866331458,nan,-0.16737308952771696
5.2814500000000006e-08,52.81450000000001,-4.476028170225597,-0.11493685096918871,0.011378517055694792,87.88491462510166,nan,-0.16737161926947097
5.2841e-08,52.841,-4.476021171721866,-0.11493667125942154,0.011378596688567508,87.88429956435108,nan,-0.16737103359504477
5.286750000000001e-08,52.86750000000001,-4.4760378950172495,-0.11493710068542962,0.011378406402525148,87.88576929174154,nan,-0.16737243309851255
5.2894000000000004e-08,52.894000000000005,-4.476046951405337,-0.11493733323819479,0.011378303355727567,87.88656522297974,nan,-0.16737319099508316
5.292050000000001e-08,52.920500000000004,-4.47603134594652,-0.1149369325163436,0.011378480920757477,87.88519372350707,nan,-0.16737188503245864
5.2947000000000004e-08,52.947,-4.47602038539531,-0.11493665106788237,0.01137860563586377,87.88423045861965,nan,-0.1673709677909135
5.297350000000001e-08,52.97350000000001,-4.476034653184287,-0.11493701744062913,0.01137844328947787,87.88548438121957,nan,-0.16737216180199713
5.3000000000000005e-08,53.00000000000001,-4.476047363576479,-0.11493734382205424,0.01137829866592025,87.88660144729313,nan,-0.16737322548828631
