coordinate_system,x_nm,segment_id,material,phi_tilde_with,phi_tilde_no,phi_RP_with_V,phi_RP_no_V,c_R1_with,c_O2_with,c_R1_no,c_O2_no,eta_Au_with_V,eta_Pd_with_V,eta_Au_no_V,eta_Pd_no_V,eta_with_V,eta_no_V,j_Au_with_A_per_m2,j_Pd_with_A_per_m2,j_Au_no_A_per_m2,j_Pd_no_A_per_m2,current_density_with_A_per_m2,current_density_no_A_per_m2,sigma_with_C_per_m2
continuous_Neumann_computational_halfcell,0.0,Au,Au,-7.527735131811358,0.0,-0.1932995365703698,0.0,0.0005379552757623071,1858.890590082892,1.0,1.0,0.690900005177918,nan,0.36699999999999966,nan,0.690900005177918,0.36699999999999966,0.06935530029522177,nan,0.235120708157447,nan,0.06935530029522177,0.235120708157447,-0.06954999741104101
continuous_Neumann_computational_halfcell,0.005,Au,Au,-7.527703838754393,0.0,-0.193298733017468,0.0,0.0005379721102907968,1858.8324206239192,1.0,1.0,0.6908992016250163,nan,0.36699999999999966,nan,0.6908992016250163,0.36699999999999966,0.06935638547339287,nan,0.235120708157447,nan,0.06935638547339287,0.235120708157447,-0.06955039918749191
continuous_Neumann_computational_halfcell,0.01,Au,Au,-7.5276326985693665,0.0,-0.19329690625755197,0.0,0.0005380103830876127,1858.700187645178,1.0,1.0,0.6908973748651002,nan,0.36699999999999966,nan,0.6908973748651002,0.36699999999999966,0.06935885253031701,nan,0.235120708157447,nan,0.06935885253031701,0.235120708157447,-0.06955131256744992
continuous_Neumann_computational_halfcell,0.015,Au,Au,-7.527566068158874,0.0,-0.19329519530103662,0.0,0.0005380462321345921,1858.5763458145552,1.0,1.0,0.6908956639085848,nan,0.36699999999999966,nan,0.6908956639085848,0.36699999999999966,0.06936116327321591,nan,0.235120708157447,nan,0.06936116327321591,0.235120708157447,-0.0695521680457076
continuous_Neumann_computational_halfcell,0.02,Au,Au,-7.527523376860554,0.0,-0.19329409906052916,0.0,0.0005380692025171125,1858.497002470972,1.0,1.0,0.6908945676680774,nan,0.36699999999999966,nan,0.6908945676680774,0.36699999999999966,0.06936264384807435,nan,0.235120708157447,nan,0.06936264384807435,0.235120708157447,-0.06955271616596133
continuous_Neumann_computational_halfcell,0.025,Au,Au,-7.5274787338536875,0.0,-0.19329295270343938,0.0,0.0005380932240804085,1858.4140354284923,1.0,1.0,0.6908934213109876,nan,0.36699999999999966,nan,0.6908934213109876,0.36699999999999966,0.0693641921438472,nan,0.235120708157447,nan,0.0693641921438472,0.235120708157447,-0.06955328934450622
continuous_Neumann_computational_halfcell,0.03,Au,Au,-7.527388089042013,0.0,-0.19329062509762138,0.0,0.000538142001650052,1858.2455874728198,1.0,1.0,0.6908910937051697,nan,0.36699999999999966,nan,0.6908910937051697,0.36699999999999966,0.0693673359671564,nan,0.235120708157447,nan,0.0693673359671564,0.235120708157447,-0.06955445314741522
continuous_Neumann_computational_halfcell,0.035,Au,Au,-7.52723545305558,0.0,-0.19328670566303383,0.0,0.0005382241477543813,1857.9619739699046,1.0,1.0,0.6908871742705821,nan,0.36699999999999966,nan,0.6908871742705821,0.36699999999999966,0.06937263014505014,nan,0.235120708157447,nan,0.06937263014505014,0.235120708157447,-0.069556412864709
continuous_Neumann_computational_halfcell,0.04,Au,Au,-7.527049678759539,0.0,-0.19328193529257012,0.0,0.0005383241452547376,1857.6168444512093,1.0,1.0,0.6908824039001183,nan,0.36699999999999966,nan,0.6908824039001183,0.36699999999999966,0.06937907427009857,nan,0.235120708157447,nan,0.06937907427009857,0.235120708157447,-0.06955879804994085
continuous_Neumann_computational_halfcell,0.045,Au,Au,-7.52687418814511,0.0,-0.19327742898969846,0.0,0.000538418624379608,1857.2908787326005,1.0,1.0,0.6908778975972467,nan,0.36699999999999966,nan,0.6908778975972467,0.36699999999999966,0.06938516222537551,nan,0.235120708157447,nan,0.06938516222537551,0.235120708157447,-0.06956105120137668
continuous_Neumann_computational_halfcell,0.05,Au,Au,-7.526721401246016,0.0,-0.19327350567992843,0.0,0.0005385008939763393,1857.0071306955679,1.0,1.0,0.6908739742874767,nan,0.36699999999999966,nan,0.6908739742874767,0.36699999999999966,0.0693904629997349,nan,0.235120708157447,nan,0.0693904629997349,0.235120708157447,-0.0695630128562617
continuous_Neumann_computational_halfcell,0.055,Au,Au,-7.526559685416014,0.0,-0.19326935309027854,0.0,0.0005385879851371852,1856.7068475270337,1.0,1.0,0.6908698216978268,nan,0.36699999999999966,nan,0.6908698216978268,0.36699999999999966,0.06939607399473763,nan,0.235120708157447,nan,0.06939607399473763,0.235120708157447,-0.06956508915108664
continuous_Neumann_computational_halfcell,0.06,Au,Au,-7.526346531263227,0.0,-0.19326387965129188,0.0,0.0005387027996390176,1856.3111249284311,1.0,1.0,0.6908643482588401,nan,0.36699999999999966,nan,0.6908643482588401,0.36699999999999966,0.06940347041955484,nan,0.235120708157447,nan,0.06940347041955484,0.235120708157447,-0.06956782587057997
continuous_Neumann_computational_halfcell,0.065,Au,Au,-7.526073155442591,0.0,-0.19325685982148738,0.0,0.0005388500880905816,1855.8037237100689,1.0,1.0,0.6908573284290356,nan,0.36699999999999966,nan,0.6908573284290356,0.36699999999999966,0.0694129576832777,nan,0.235120708157447,nan,0.0694129576832777,0.235120708157447,-0.06957133578548222
continuous_Neumann_computational_halfcell,0.07,Au,Au,-7.525773725574111,0.0,-0.1932491709676955,0.0,0.0005390114600601774,1855.2481238309033,1.0,1.0,0.6908496395752437,nan,0.36699999999999966,nan,0.6908496395752437,0.36699999999999966,0.06942335061764199,nan,0.235120708157447,nan,0.06942335061764199,0.235120708157447,-0.06957518021237816
continuous_Neumann_computational_halfcell,0.075,Au,Au,-7.525489510381854,0.0,-0.19324187280111718,0.0,0.0005391646770781972,1854.7209090534802,1.0,1.0,0.6908423414086654,nan,0.36699999999999966,nan,0.6908423414086654,0.36699999999999966,0.06943321690413393,nan,0.235120708157447,nan,0.06943321690413393,0.235120708157447,-0.06957882929566732
continuous_Neumann_computational_halfcell,0.08,Au,Au,-7.525225558485947,0.0,-0.19323509496179866,0.0,0.0005393070094005355,1854.2314165572332,1.0,1.0,0.6908355635693469,nan,0.36699999999999966,nan,0.6908355635693469,0.36699999999999966,0.06944238102346273,nan,0.235120708157447,nan,0.06944238102346273,0.235120708157447,-0.06958221821532658
continuous_Neumann_computational_halfcell,0.085,Au,Au,-7.524945368990235,0.0,-0.193227900168315,0.0,0.0005394581387309699,1853.711953169186,1.0,1.0,0.6908283687758633,nan,0.36699999999999966,nan,0.6908283687758633,0.36699999999999966,0.06945211021781131,nan,0.235120708157447,nan,0.06945211021781131,0.235120708157447,-0.0695858156120684
continuous_Neumann_computational_halfcell,0.09,Au,Au,-7.524609168274381,0.0,-0.19321926710120635,0.0,0.0005396395354345265,1853.0888386351896,1.0,1.0,0.6908197357087547,nan,0.36699999999999966,nan,0.6908197357087547,0.36699999999999966,0.06946378612373219,nan,0.235120708157447,nan,0.06946378612373219,0.235120708157447,-0.06959013214562274
continuous_Neumann_computational_halfcell,0.095,Au,Au,-7.524215644366992,0.0,-0.193209162071261,0.0,0.0005398519382831509,1852.3597473415068,1.0,1.0,0.6908096306788092,nan,0.36699999999999966,nan,0.6908096306788092,0.36699999999999966,0.06947745529874362,nan,0.235120708157447,nan,0.06947745529874362,0.235120708157447,-0.06959518466059542
continuous_Neumann_computational_halfcell,0.1,Au,Au,-7.523803336930923,0.0,-0.19319857471199275,0.0,0.0005400745691447069,1851.5961630699578,1.0,1.0,0.690799043319541,nan,0.36699999999999966,nan,0.690799043319541,0.36699999999999966,0.069491779810948,nan,0.235120708157447,nan,0.069491779810948,0.235120708157447,-0.06960047834022953
continuous_Neumann_computational_halfcell,0.105,Au,Au,-7.523410197100521,0.0,-0.19318847954449636,0.0,0.0005402869357113678,1850.8683699400428,1.0,1.0,0.6907889481520446,nan,0.36699999999999966,nan,0.6907889481520446,0.36699999999999966,0.06950544114687245,nan,0.235120708157447,nan,0.06950544114687245,0.235120708157447,-0.06960552592397773
continuous_Neumann_computational_halfcell,0.11,Au,Au,-7.523033735207862,0.0,-0.1931788126383004,0.0,0.0005404903714442622,1850.1717196698007,1.0,1.0,0.6907792812458486,nan,0.36699999999999966,nan,0.6907792812458486,0.36699999999999966,0.0695185254532316,nan,0.235120708157447,nan,0.0695185254532316,0.235120708157447,-0.06961035937707571
continuous_Neumann_computational_halfcell,0.115,Au,Au,-7.52263358802484,0.0,-0.1931685375338123,0.0,0.0005407066904206744,1849.4315267709958,1.0,1.0,0.6907690061413605,nan,0.36699999999999966,nan,0.6907690061413605,0.36699999999999966,0.06953243566578228,nan,0.235120708157447,nan,0.06953243566578228,0.235120708157447,-0.06961549692931976
continuous_Neumann_computational_halfcell,0.12,Au,Au,-7.522173843775131,0.0,-0.19315673207721035,0.0,0.0005409553343643062,1848.5814566837237,1.0,1.0,0.6907572006847587,nan,0.36699999999999966,nan,0.6907572006847587,0.36699999999999966,0.06954842107174428,nan,0.235120708157447,nan,0.06954842107174428,0.235120708157447,-0.06962139965762074
continuous_Neumann_computational_halfcell,0.125,Au,Au,-7.5216607288882695,0.0,-0.19314355615269904,0.0,0.000541232977824901,1847.6331653307327,1.0,1.0,0.6907440247602473,nan,0.36699999999999966,nan,0.6907440247602473,0.36699999999999966,0.0695662665259433,nan,0.235120708157447,nan,0.0695662665259433,0.235120708157447,-0.06962798761987639
continuous_Neumann_computational_halfcell,0.13,Au,Au,-7.521136092005943,0.0,-0.1931300843627854,0.0,0.0005415170031055537,1846.6640830575689,1.0,1.0,0.6907305529703336,nan,0.36699999999999966,nan,0.6907305529703336,0.36699999999999966,0.0695845174342062,nan,0.235120708157447,nan,0.0695845174342062,0.235120708157447,-0.06963472351483321
continuous_Neumann_computational_halfcell,0.135,Au,Au,-7.520633485872837,0.0,-0.19311717828533903,0.0,0.0005417892412810528,1845.7361715701743,1.0,1.0,0.6907176468928873,nan,0.36699999999999966,nan,0.6907176468928873,0.36699999999999966,0.06960200643424963,nan,0.235120708157447,nan,0.06960200643424963,0.235120708157447,-0.0696411765535564
continuous_Neumann_computational_halfcell,0.14,Au,Au,-7.520142915848233,0.0,-0.19310458127485036,0.0,0.0005420550920463552,1844.8309307912239,1.0,1.0,0.6907050498823986,nan,0.36699999999999966,nan,0.6907050498823986,0.36699999999999966,0.06961908085721853,nan,0.235120708157447,nan,0.06961908085721853,0.235120708157447,-0.06964747505880073
continuous_Neumann_computational_halfcell,0.145,Au,Au,-7.519621269859908,0.0,-0.1930911862860481,0.0,0.0005423379266739332,1843.868833096057,1.0,1.0,0.6906916548935964,nan,0.36699999999999966,nan,0.6906916548935964,0.36699999999999966,0.06963724148258994,nan,0.235120708157447,nan,0.06963724148258994,0.235120708157447,-0.06965417255320186
continuous_Neumann_computational_halfcell,0.15,Au,Au,-7.519037526400126,0.0,-0.19307619673895646,0.0,0.0005426546053121699,1842.792800818,1.0,1.0,0.6906766653465047,nan,0.36699999999999966,nan,0.6906766653465047,0.36699999999999966,0.06965756959118209,nan,0.235120708157447,nan,0.06965756959118209,0.235120708157447,-0.06966166732674768
continuous_Neumann_computational_halfcell,0.155,Au,Au,-7.5184053163889155,0.0,-0.19305996265260214,0.0,0.0005429977854558092,1841.6281369556032,1.0,1.0,0.6906604312601504,nan,0.36699999999999966,nan,0.6906604312601504,0.36699999999999966,0.0696795921781498,nan,0.235120708157447,nan,0.0696795921781498,0.235120708157447,-0.06966978436992484
continuous_Neumann_computational_halfcell,0.16,Au,Au,-7.51776864020696,0.0,-0.19304361388251892,0.0,0.0005433436092898804,1840.455989363607,1.0,1.0,0.6906440824900671,nan,0.36699999999999966,nan,0.6906440824900671,0.36699999999999966,0.06970177737751353,nan,0.235120708157447,nan,0.06970177737751353,0.235120708157447,-0.06967795875496645
continuous_Neumann_computational_halfcell,0.165,Au,Au,-7.517155682589403,0.0,-0.1930278741651489,0.0,0.0005436767579867306,1839.3282135198556,1.0,1.0,0.6906283427726971,nan,0.36699999999999966,nan,0.6906283427726971,0.36699999999999966,0.06972314276906659,nan,0.235120708157447,nan,0.06972314276906659,0.235120708157447,-0.06968582861365145
continuous_Neumann_computational_halfcell,0.17,Au,Au,-7.516549177683142,0.0,-0.19301230014251727,0.0,0.0005440066006233469,1838.2129901625378,1.0,1.0,0.6906127687500655,nan,0.36699999999999966,nan,0.6906127687500655,0.36699999999999966,0.06974428968941691,nan,0.235120708157447,nan,0.06974428968941691,0.235120708157447,-0.06969361562496727
continuous_Neumann_computational_halfcell,0.175,Au,Au,-7.5159044581881975,0.0,-0.19299574483372803,0.0,0.0005443574453702187,1837.0282403686017,1.0,1.0,0.6905962134412763,nan,0.36699999999999966,nan,0.6905962134412763,0.36699999999999966,0.06976677606518533,nan,0.235120708157447,nan,0.06976677606518533,0.235120708157447,-0.0697018932793619
continuous_Neumann_computational_halfcell,0.18,Au,Au,-7.515196297133535,0.0,-0.19297756045273076,0.0,0.0005447430746405449,1835.7277890313,1.0,1.0,0.690578029060279,nan,0.36699999999999966,nan,0.690578029060279,0.36699999999999966,0.0697914834959966,nan,0.235120708157447,nan,0.0697914834959966,0.235120708157447,-0.06971098546986053
continuous_Neumann_computational_halfcell,0.185,Au,Au,-7.514445397194234,0.0,-0.19295827860928966,0.0,0.0005451522757975622,1834.349858554643,1.0,1.0,0.690558747216838,nan,0.36699999999999966,nan,0.690558747216838,0.36699999999999966,0.06981769162597001,nan,0.235120708157447,nan,0.06981769162597001,0.235120708157447,-0.06972062639158108
continuous_Neumann_computational_halfcell,0.19,Au,Au,-7.513696687633518,0.0,-0.19293905301107478,0.0,0.0005455605893535555,1832.976977286644,1.0,1.0,0.690539521618623,nan,0.36699999999999966,nan,0.690539521618623,0.36699999999999966,0.06984383310537234,nan,0.235120708157447,nan,0.06984383310537234,0.235120708157447,-0.06973023919068852
continuous_Neumann_computational_halfcell,0.195,Au,Au,-7.512972151945499,0.0,-0.19292044815712198,0.0,0.0005459560107016596,1831.6494010475417,1.0,1.0,0.6905209167646702,nan,0.36699999999999966,nan,0.6905209167646702,0.36699999999999966,0.06986913986384441,nan,0.235120708157447,nan,0.06986913986384441,0.235120708157447,-0.06973954161766492
continuous_Neumann_computational_halfcell,0.2,Au,Au,-7.512247682791738,0.0,-0.19290184501165666,0.0,0.0005463516822993513,1830.3229081156019,1.0,1.0,0.6905023136192049,nan,0.36699999999999966,nan,0.6905023136192049,0.36699999999999966,0.0698944534666143,nan,0.235120708157447,nan,0.0698944534666143,0.235120708157447,-0.06974884319039758
continuous_Neumann_computational_halfcell,0.205,Au,Au,-7.511478301862303,0.0,-0.19288208860757206,0.0,0.0005467721966115802,1828.9152341635743,1.0,1.0,0.6904825572151203,nan,0.36699999999999966,nan,0.6904825572151203,0.36699999999999966,0.06992134636878944,nan,0.235120708157447,nan,0.06992134636878944,0.235120708157447,-0.06975872139243988
continuous_Neumann_computational_halfcell,0.21,Au,Au,-7.510645333068451,0.0,-0.1928606993744216,0.0,0.0005472278305267748,1827.392439155325,1.0,1.0,0.6904611679819699,nan,0.36699999999999966,nan,0.6904611679819699,0.36699999999999966,0.0699504735836583,nan,0.235120708157447,nan,0.0699504735836583,0.235120708157447,-0.06976941600901511
continuous_Neumann_computational_halfcell,0.215,Au,Au,-7.509776026107724,0.0,-0.19283837703845952,0.0,0.0005477037463174395,1825.8045644632448,1.0,1.0,0.6904388456460078,nan,0.36699999999999966,nan,0.6904388456460078,0.36699999999999966,0.06998088440906128,nan,0.235120708157447,nan,0.06998088440906128,0.235120708157447,-0.06978057717699615
continuous_Neumann_computational_halfcell,0.22,Au,Au,-7.508914980987361,0.0,-0.1928162668526177,0.0,0.0005481755470473194,1824.233140982625,1.0,1.0,0.690416735460166,nan,0.36699999999999966,nan,0.690416735460166,0.36699999999999966,0.07001101924497874,nan,0.235120708157447,nan,0.07001101924497874,0.235120708157447,-0.06979163226991705
continuous_Neumann_computational_halfcell,0.225,Au,Au,-7.50807730530318,0.0,-0.19279475675446558,0.0,0.0005486349327549995,1822.705665092171,1.0,1.0,0.6903952253620138,nan,0.36699999999999966,nan,0.6903952253620138,0.36699999999999966,0.07004034865090565,nan,0.235120708157447,nan,0.07004034865090565,0.235120708157447,-0.06980238731899312
continuous_Neumann_computational_halfcell,0.23,Au,Au,-7.5072326667719,0.0,-0.19277306786214843,0.0,0.0005490985267159106,1821.166787645333,1.0,1.0,0.6903735364696967,nan,0.36699999999999966,nan,0.6903735364696967,0.36699999999999966,0.07006993428636527,nan,0.235120708157447,nan,0.07006993428636527,0.235120708157447,-0.0698132317651517
continuous_Neumann_computational_halfcell,0.235,Au,Au,-7.506337039912291,0.0,-0.19275006967559283,0.0,0.0005495905343997692,1819.5364319586433,1.0,1.0,0.6903505382831411,nan,0.36699999999999966,nan,0.6903505382831411,0.36699999999999966,0.07010131957081568,nan,0.235120708157447,nan,0.07010131957081568,0.235120708157447,-0.0698247308584295
continuous_Neumann_computational_halfcell,0.24,Au,Au,-7.505378887462541,0.0,-0.19272546593738243,0.0,0.0005501173782747321,1817.7938736205376,1.0,1.0,0.6903259345449306,nan,0.36699999999999966,nan,0.6903259345449306,0.36699999999999966,0.07013491149225738,nan,0.235120708157447,nan,0.07013491149225738,0.235120708157447,-0.06983703272753469
continuous_Neumann_computational_halfcell,0.245,Au,Au,-7.504391300850195,0.0,-0.19270010637954105,0.0,0.0005506609351933246,1815.9995309072046,1.0,1.0,0.6903005749870893,nan,0.36699999999999966,nan,0.6903005749870893,0.36699999999999966,0.07016955219405077,nan,0.235120708157447,nan,0.07016955219405077,0.235120708157447,-0.06984971250645539
continuous_Neumann_computational_halfcell,0.25,Au,Au,-7.50341728886385,0.0,-0.19267509539519082,0.0,0.0005511975468352772,1814.2315867360808,1.0,1.0,0.690275564002739,nan,0.36699999999999966,nan,0.690275564002739,0.36699999999999966,0.07020373350908458,nan,0.235120708157447,nan,0.07020373350908458,0.235120708157447,-0.0698622179986305
continuous_Neumann_computational_halfcell,0.255,Au,Au,-7.502464585764304,0.0,-0.19265063158709891,0.0,0.000551722924671417,1812.50398575618,1.0,1.0,0.6902511001946472,nan,0.36699999999999966,nan,0.6902511001946472,0.36699999999999966,0.07023718313259893,nan,0.235120708157447,nan,0.07023718313259893,0.235120708157447,-0.06987444990267645
continuous_Neumann_computational_halfcell,0.26,Au,Au,-7.501497424004571,0.0,-0.1926257965050096,0.0,0.0005522567881106646,1810.7518486483752,1.0,1.0,0.6902262651125579,nan,0.36699999999999966,nan,0.6902262651125579,0.36699999999999966,0.07027115670524058,nan,0.235120708157447,nan,0.07027115670524058,0.235120708157447,-0.0698868674437211
continuous_Neumann_computational_halfcell,0.265,Au,Au,-7.500473982624078,0.0,-0.1925995162572203,0.0,0.0005528222798847567,1808.8995982731803,1.0,1.0,0.6901999848647685,nan,0.36699999999999966,nan,0.6901999848647685,0.36699999999999966,0.07030712511215832,nan,0.235120708157447,nan,0.07030712511215832,0.235120708157447,-0.06990000756761576
continuous_Neumann_computational_halfcell,0.27,Au,Au,-7.499390266027844,0.0,-0.1925716882435937,0.0,0.0005534217073102944,1806.940325597522,1.0,1.0,0.690172156851142,nan,0.36699999999999966,nan,0.690172156851142,0.36699999999999966,0.07034523193463371,nan,0.235120708157447,nan,0.07034523193463371,0.235120708157447,-0.06991392157442906
continuous_Neumann_computational_halfcell,0.275,Au,Au,-7.4982843373647565,0.0,-0.1925432898615689,0.0,0.000554034090802996,1804.9430831063808,1.0,1.0,0.6901437584691171,nan,0.36699999999999966,nan,0.6901437584691171,0.36699999999999966,0.07038414109548534,nan,0.235120708157447,nan,0.07038414109548534,0.235120708157447,-0.06992812076544146
continuous_Neumann_computational_halfcell,0.28,Au,Au,-7.497196380319034,0.0,-0.19251535296035435,0.0,0.0005546371841059722,1802.9804503856242,1.0,1.0,0.6901158215679026,nan,0.36699999999999966,nan,0.6901158215679026,0.36699999999999966,0.07042243897225814,nan,0.235120708157447,nan,0.07042243897225814,0.235120708157447,-0.06994208921604873
continuous_Neumann_computational_halfcell,0.285,Au,Au,-7.496126450254829,0.0,-0.1924878789616081,0.0,0.0005552309246777765,1801.0524190098765,1.0,1.0,0.6900883475691564,nan,0.36699999999999966,nan,0.6900883475691564,0.36699999999999966,0.07046012259339474,nan,0.235120708157447,nan,0.07046012259339474,0.235120708157447,-0.06995582621542186
continuous_Neumann_computational_halfcell,0.29,Au,Au,-7.495034289239115,0.0,-0.19245983410953757,0.0,0.0005558376575130934,1799.0864535414169,1.0,1.0,0.6900603027170858,nan,0.36699999999999966,nan,0.6900603027170858,0.36699999999999966,0.07049861000057922,nan,0.235120708157447,nan,0.07049861000057922,0.235120708157447,-0.06996984864145712
continuous_Neumann_computational_halfcell,0.295,Au,Au,-7.493881488514674,0.0,-0.19243023213206487,0.0,0.0005564787970494035,1797.0136603627348,1.0,1.0,0.6900307007396131,nan,0.36699999999999966,nan,0.6900307007396131,0.36699999999999966,0.07053925713830667,nan,0.235120708157447,nan,0.07053925713830667,0.235120708157447,-0.06998464963019348
continuous_Neumann_computational_halfcell,0.3,Au,Au,-7.492671799374676,0.0,-0.192399169356069,0.0,0.0005571523707320783,1794.841146751356,1.0,1.0,0.6899996379636173,nan,0.36699999999999966,nan,0.6899996379636173,0.36699999999999966,0.07058193533049383,nan,0.235120708157447,nan,0.07058193533049383,0.235120708157447,-0.07000018101819142
continuous_Neumann_computational_halfcell,0.305,Au,Au,-7.491447241920882,0.0,-0.19236772478686226,0.0,0.0005578350537275232,1792.6446058164966,1.0,1.0,0.6899681933944105,nan,0.36699999999999966,nan,0.6899681933944105,0.36699999999999966,0.07062516438076334,nan,0.235120708157447,nan,0.07062516438076334,0.235120708157447,-0.07001590330279478
continuous_Neumann_computational_halfcell,0.31,Au,Au,-7.490244000568822,0.0,-0.1923368275791812,0.0,0.0005585066679077445,1790.488918863154,1.0,1.0,0.6899372961867294,nan,0.36699999999999966,nan,0.6899372961867294,0.36699999999999966,0.07066766672376504,nan,0.235120708157447,nan,0.07066766672376504,0.235120708157447,-0.07003135190663531
continuous_Neumann_computational_halfcell,0.315,Au,Au,-7.489054348385099,0.0,-0.1923062793184139,0.0,0.0005591714919611298,1788.3601263233102,1.0,1.0,0.6899067479259622,nan,0.36699999999999966,nan,0.6899067479259622,0.36699999999999966,0.07070971420001157,nan,0.235120708157447,nan,0.07070971420001157,0.235120708157447,-0.07004662603701896
continuous_Neumann_computational_halfcell,0.32,Au,Au,-7.487834615248431,0.0,-0.19227495862953087,0.0,0.0005598539480815162,1786.1801339916556,1.0,1.0,0.6898754272370791,nan,0.36699999999999966,nan,0.6898754272370791,0.36699999999999966,0.07075285084321983,nan,0.235120708157447,nan,0.07075285084321983,0.235120708157447,-0.07006228638146048
continuous_Neumann_computational_halfcell,0.325,Au,Au,-7.486550937024868,0.0,-0.19224199593871147,0.0,0.0005605730818724873,1783.8887244811883,1.0,1.0,0.6898424645462597,nan,0.36699999999999966,nan,0.6898424645462597,0.36699999999999966,0.07079827736686138,nan,0.235120708157447,nan,0.07079827736686138,0.235120708157447,-0.07007876772687018
continuous_Neumann_computational_halfcell,0.33,Au,Au,-7.485214811510698,0.0,-0.19220768648996406,0.0,0.0005613225784689946,1781.506816860096,1.0,1.0,0.6898081550975124,nan,0.36699999999999966,nan,0.6898081550975124,0.36699999999999966,0.07084559086166815,nan,0.235120708157447,nan,0.07084559086166815,0.235120708157447,-0.07009592245124388
continuous_Neumann_computational_halfcell,0.335,Au,Au,-7.483871079918768,0.0,-0.1921731817299736,0.0,0.0005620773523441274,1779.1145575062378,1.0,1.0,0.6897736503375218,nan,0.36699999999999966,nan,0.6897736503375218,0.36699999999999966,0.07089320558452371,nan,0.235120708157447,nan,0.07089320558452371,0.235120708157447,-0.0701131748312391
continuous_Neumann_computational_halfcell,0.34,Au,Au,-7.482550843635786,0.0,-0.19213928028987307,0.0,0.000562819917331295,1776.7672557532571,1.0,1.0,0.6897397488974213,nan,0.36699999999999966,nan,0.6897397488974213,0.36699999999999966,0.07094001892510626,nan,0.235120708157447,nan,0.07094001892510626,0.235120708157447,-0.07013012555128938
continuous_Neumann_computational_halfcell,0.345,Au,Au,-7.481238697813934,0.0,-0.19210558659916324,0.0,0.0005635589038572903,1774.4374069072103,1.0,1.0,0.6897060552067115,nan,0.36699999999999966,nan,0.6897060552067115,0.36699999999999966,0.07098657602057824,nan,0.235120708157447,nan,0.07098657602057824,0.235120708157447,-0.07014697239664429
continuous_Neumann_computational_halfcell,0.35,Au,Au,-7.479888746277643,0.0,-0.19207092212149654,0.0,0.0005643201948026707,1772.0436185163921,1.0,1.0,0.6896713907290448,nan,0.36699999999999966,nan,0.6896713907290448,0.36699999999999966,0.07103450641336287,nan,0.235120708157447,nan,0.07103450641336287,0.235120708157447,-0.07016430463547764
continuous_Neumann_computational_halfcell,0.355,Au,Au,-7.478472696731678,0.0,-0.19203456035846916,0.0,0.0005651198662118428,1769.5360927643208,1.0,1.0,0.6896350289660174,nan,0.36699999999999966,nan,0.6896350289660174,0.36699999999999966,0.07108481841260922,nan,0.235120708157447,nan,0.07108481841260922,0.235120708157447,-0.07018248551699133
continuous_Neumann_computational_halfcell,0.36,Au,Au,-7.477009584272048,0.0,-0.19199699009922855,0.0,0.0005659473052998935,1766.9489555570965,1.0,1.0,0.6895974587067768,nan,0.36699999999999966,nan,0.6895974587067768,0.36699999999999966,0.0711368399803952,nan,0.235120708157447,nan,0.0711368399803952,0.235120708157447,-0.07020127064661164
continuous_Neumann_computational_halfcell,0.365,Au,Au,-7.475545841258027,0.0,-0.19195940364841513,0.0,0.0005667763132936446,1764.364488326639,1.0,1.0,0.6895598722559634,nan,0.36699999999999966,nan,0.6895598722559634,0.36699999999999966,0.07118892206304703,nan,0.235120708157447,nan,0.07118892206304703,0.235120708157447,-0.07022006387201835
continuous_Neumann_computational_halfcell,0.37,Au,Au,-7.474106521715219,0.0,-0.1919224443511325,0.0,0.0005675926728779868,1761.826830726136,1.0,1.0,0.6895229129586807,nan,0.36699999999999966,nan,0.6895229129586807,0.36699999999999966,0.07124017230558241,nan,0.235120708157447,nan,0.07124017230558241,0.235120708157447,-0.07023854352065965
continuous_Neumann_computational_halfcell,0.375,Au,Au,-7.472668855805924,0.0,-0.1918855275163683,0.0,0.0005684092683692482,1759.2957322264901,1.0,1.0,0.6894859961239166,nan,0.36699999999999966,nan,0.6894859961239166,0.36699999999999966,0.07129140049918141,nan,0.235120708157447,nan,0.07129140049918141,0.235120708157447,-0.07025700193804175
continuous_Neumann_computational_halfcell,0.38,Au,Au,-7.471185986984089,0.0,-0.19184744994708136,0.0,0.0005692527699979236,1756.688860738697,1.0,1.0,0.6894479185546296,nan,0.36699999999999966,nan,0.6894479185546296,0.36699999999999966,0.07134427799688986,nan,0.235120708157447,nan,0.07134427799688986,0.235120708157447,-0.07027604072268523
continuous_Neumann_computational_halfcell,0.385,Au,Au,-7.46963608886327,0.0,-0.19180765117849563,0.0,0.0005701357378747868,1753.9682808300292,1.0,1.0,0.6894081197860439,nan,0.36699999999999966,nan,0.6894081197860439,0.36699999999999966,0.07139958760638611,nan,0.235120708157447,nan,0.07139958760638611,0.235120708157447,-0.0702959401069781
continuous_Neumann_computational_halfcell,0.39,Au,Au,-7.4680453175363555,0.0,-0.19176680285494307,0.0,0.0005710434152211857,1751.1803364594687,1.0,1.0,0.6893672714624913,nan,0.36699999999999966,nan,0.6893672714624913,0.36699999999999966,0.07145640040579293,nan,0.235120708157447,nan,0.07145640040579293,0.235120708157447,-0.07031636426875437
continuous_Neumann_computational_halfcell,0.395,Au,Au,-7.466460402094533,0.0,-0.19172610490063904,0.0,0.0005719491883452204,1748.4070619860977,1.0,1.0,0.6893265735081873,nan,0.36699999999999966,nan,0.6893265735081873,0.36699999999999966,0.0715130490248562,nan,0.235120708157447,nan,0.0715130490248562,0.235120708157447,-0.07033671324590639
continuous_Neumann_computational_halfcell,0.4,Au,Au,-7.464899530985093,0.0,-0.19168602436422033,0.0,0.0005728426243972458,1745.6801526461409,1.0,1.0,0.6892864929717686,nan,0.36699999999999966,nan,0.6892864929717686,0.36699999999999966,0.07156888213517995,nan,0.235120708157447,nan,0.07156888213517995,0.235120708157447,-0.07035675351411574
continuous_Neumann_computational_halfcell,0.405,Au,Au,-7.463333086631472,0.0,-0.19164580071629486,0.0,0.0005737406536645557,1742.9477824394535,1.0,1.0,0.6892462693238431,nan,0.36699999999999966,nan,0.6892462693238431,0.36699999999999966,0.07162495842806925,nan,0.235120708157447,nan,0.07162495842806925,0.235120708157447,-0.07037686533807848
continuous_Neumann_computational_halfcell,0.41,Au,Au,-7.461714566538639,0.0,-0.19160423985125427,0.0,0.0005746700163337836,1740.1290681210232,1.0,1.0,0.6892047084588026,nan,0.36699999999999966,nan,0.6892047084588026,0.36699999999999966,0.07168294510523723,nan,0.235120708157447,nan,0.07168294510523723,0.235120708157447,-0.07039764577059877
continuous_Neumann_computational_halfcell,0.415,Au,Au,-7.460029345875176,0.0,-0.1915609662281044,0.0,0.0005756392786009927,1737.1990362269128,1.0,1.0,0.6891614348356526,nan,0.36699999999999966,nan,0.6891614348356526,0.36699999999999966,0.07174337134970561,nan,0.235120708157447,nan,0.07174337134970561,0.235120708157447,-0.07041928258217371
continuous_Neumann_computational_halfcell,0.42,Au,Au,-7.45831008503527,0.0,-0.19151681851065974,0.0,0.0005766298039123047,1734.2149039387539,1.0,1.0,0.689117287118208,nan,0.36699999999999966,nan,0.689117287118208,0.36699999999999966,0.07180507064964588,nan,0.235120708157447,nan,0.07180507064964588,0.235120708157447,-0.07044135644089604
continuous_Neumann_computational_halfcell,0.425,Au,Au,-7.456602482762952,0.0,-0.19147297016555911,0.0,0.0005776152994534972,1731.25608159295,1.0,1.0,0.6890734387731073,nan,0.36699999999999966,nan,0.6890734387731073,0.36699999999999966,0.07186640408009898,nan,0.235120708157447,nan,0.07186640408009898,0.235120708157447,-0.07046328061344635
continuous_Neumann_computational_halfcell,0.43,Au,Au,-7.454917213533671,0.0,-0.19142969529532097,0.0,0.0005785895574569602,1728.3409061083642,1.0,1.0,0.6890301639028692,nan,0.36699999999999966,nan,0.6890301639028692,0.36699999999999966,0.07192698672073698,nan,0.235120708157447,nan,0.07192698672073698,0.235120708157447,-0.07048491804856542
continuous_Neumann_computational_halfcell,0.435,Au,Au,-7.453218524416415,0.0,-0.1913860758250031,0.0,0.0005795732364874652,1725.4074844113813,1.0,1.0,0.6889865444325514,nan,0.36699999999999966,nan,0.6889865444325514,0.36699999999999966,0.07198810346644041,nan,0.235120708157447,nan,0.07198810346644041,0.235120708157447,-0.07050672778372435
continuous_Neumann_computational_halfcell,0.44,Au,Au,-7.45146159752816,0.0,-0.19134096090699113,0.0,0.000580592399325497,1722.3787310370399,1.0,1.0,0.6889414295145394,nan,0.36699999999999966,nan,0.6889414295145394,0.36699999999999966,0.0720513701684216,nan,0.235120708157447,nan,0.0720513701684216,0.235120708157447,-0.07052928524273035
continuous_Neumann_computational_halfcell,0.445,Au,Au,-7.449639564819307,0.0,-0.1912941741813598,0.0,0.0005816512219794103,1719.2433578956682,1.0,1.0,0.688894642788908,nan,0.36699999999999966,nan,0.688894642788908,0.36699999999999966,0.07211704005363169,nan,0.235120708157447,nan,0.07211704005363169,0.235120708157447,-0.07055267860554601
continuous_Neumann_computational_halfcell,0.45,Au,Au,-7.447790785545479,0.0,-0.19124670064906962,0.0,0.0005827275613535901,1716.067792772917,1.0,1.0,0.6888471692566178,nan,0.36699999999999966,nan,0.6888471692566178,0.36699999999999966,0.07218373511946681,nan,0.235120708157447,nan,0.07218373511946681,0.235120708157447,-0.0705764153716911
continuous_Neumann_computational_halfcell,0.455,Au,Au,-7.44595860159108,0.0,-0.19119965325658098,0.0,0.0005837962041174067,1712.9265194723514,1.0,1.0,0.6888001218641292,nan,0.36699999999999966,nan,0.6888001218641292,0.36699999999999966,0.07224989235852528,nan,0.235120708157447,nan,0.07224989235852528,0.235120708157447,-0.07059993906793542
continuous_Neumann_computational_halfcell,0.46,Au,Au,-7.4441457150238,0.0,-0.1911531013884329,0.0,0.0005848555203338241,1709.8239911101796,1.0,1.0,0.6887535699959811,nan,0.36699999999999966,nan,0.6887535699959811,0.36699999999999966,0.0723154124788477,nan,0.235120708157447,nan,0.0723154124788477,0.235120708157447,-0.07062321500200947
continuous_Neumann_computational_halfcell,0.465,Au,Au,-7.442311131002781,0.0,-0.1911059923662831,0.0,0.0005859294717518723,1706.690050954592,1.0,1.0,0.6887064609738314,nan,0.36699999999999966,nan,0.6887064609738314,0.36699999999999966,0.0723817772622406,nan,0.235120708157447,nan,0.0723817772622406,0.235120708157447,-0.07064676951308436
continuous_Neumann_computational_halfcell,0.47,Au,Au,-7.440413029265295,0.0,-0.1910572523163484,0.0,0.0005870426816588566,1703.4536520823572,1.0,1.0,0.6886577209238967,nan,0.36699999999999966,nan,0.6886577209238967,0.36699999999999966,0.07245050385819182,nan,0.235120708157447,nan,0.07245050385819182,0.235120708157447,-0.07067113953805171
continuous_Neumann_computational_halfcell,0.475,Au,Au,-7.43845265520477,0.0,-0.19100691321823074,0.0,0.0005881946336638976,1700.117516834425,1.0,1.0,0.688607381825779,nan,0.36699999999999966,nan,0.688607381825779,0.36699999999999966,0.07252155371779653,nan,0.235120708157447,nan,0.07252155371779653,0.235120708157447,-0.07069630908711054
continuous_Neumann_computational_halfcell,0.48,Au,Au,-7.436473089194028,0.0,-0.19095608130321423,0.0,0.0005893601570029838,1696.755350896476,1.0,1.0,0.6885565499107624,nan,0.36699999999999966,nan,0.6885565499107624,0.36699999999999966,0.07259336985452235,nan,0.235120708157447,nan,0.07259336985452235,0.235120708157447,-0.0707217250446188
continuous_Neumann_computational_halfcell,0.485,Au,Au,-7.434514024274588,0.0,-0.1909057758216307,0.0,0.0005905158835134819,1693.4345509051313,1.0,1.0,0.688506244429179,nan,0.36699999999999966,nan,0.688506244429179,0.36699999999999966,0.0726645122541118,nan,0.235120708157447,nan,0.0726645122541118,0.235120708157447,-0.07074687778541056
continuous_Neumann_computational_halfcell,0.49,Au,Au,-7.43256993765338,0.0,-0.19085585495747276,0.0,0.0005916650141850879,1690.1455655229506,1.0,1.0,0.688456323565021,nan,0.36699999999999966,nan,0.688456323565021,0.36699999999999966,0.07273517964748594,nan,0.235120708157447,nan,0.07273517964748594,0.235120708157447,-0.07077183821748953
continuous_Neumann_computational_halfcell,0.495,Au,Au,-7.430595648333733,0.0,-0.1908051585389802,0.0,0.0005928342859639936,1686.8120209578028,1.0,1.0,0.6884056271465284,nan,0.36699999999999966,nan,0.6884056271465284,0.36699999999999966,0.07280701524188454,nan,0.235120708157447,nan,0.07280701524188454,0.235120708157447,-0.07079718642673581
continuous_Neumann_computational_halfcell,0.5,Au,Au,-7.428553595074449,0.0,-0.19075272205685645,0.0,0.0005940461220456609,1683.3709755673412,1.0,1.0,0.6883531906644047,nan,0.36699999999999966,nan,0.6883531906644047,0.36699999999999966,0.07288139110667918,nan,0.235120708157447,nan,0.07288139110667918,0.235120708157447,-0.07082340466779768
continuous_Neumann_computational_halfcell,0.505,Au,Au,-7.426453281010797,0.0,-0.19069878953558048,0.0,0.0005952951166515767,1679.839078178253,1.0,1.0,0.6882992581431288,nan,0.36699999999999966,nan,0.6882992581431288,0.36699999999999966,0.07295796821399535,nan,0.235120708157447,nan,0.07295796821399535,0.235120708157447,-0.07085037092843567
continuous_Neumann_computational_halfcell,0.51,Au,Au,-7.424341378560778,0.0,-0.1906445594440958,0.0,0.0005965536503493489,1676.2951654296107,1.0,1.0,0.6882450280516441,nan,0.36699999999999966,nan,0.6882450280516441,0.36699999999999966,0.07303504895949667,nan,0.235120708157447,nan,0.07303504895949667,0.235120708157447,-0.070877485974178
continuous_Neumann_computational_halfcell,0.515,Au,Au,-7.422252708416109,0.0,-0.19059092591901244,0.0,0.0005978009563004256,1672.7975916743915,1.0,1.0,0.6881913945265608,nan,0.36699999999999966,nan,0.6881913945265608,0.36699999999999966,0.07311136186382018,nan,0.235120708157447,nan,0.07311136186382018,0.235120708157447,-0.07090430273671969
continuous_Neumann_computational_halfcell,0.52,Au,Au,-7.420173487906904,0.0,-0.19053753504462337,0.0,0.0005990452093992094,1669.3230899933471,1.0,1.0,0.6881380036521716,nan,0.36699999999999966,nan,0.6881380036521716,0.36699999999999966,0.07318740870803205,nan,0.235120708157447,nan,0.07318740870803205,0.235120708157447,-0.07093099817391423
continuous_Neumann_computational_halfcell,0.525,Au,Au,-7.418055544822467,0.0,-0.19048314983983924,0.0,0.0006003152975701833,1665.7913000844183,1.0,1.0,0.6880836184473875,nan,0.36699999999999966,nan,0.6880836184473875,0.36699999999999966,0.0732649531425306,nan,0.235120708157447,nan,0.0732649531425306,0.235120708157447,-0.07095819077630629
continuous_Neumann_computational_halfcell,0.53,Au,Au,-7.415866753079937,0.0,-0.1904269453610589,0.0,0.0006016307017842059,1662.1492171765565,1.0,1.0,0.6880274139686071,nan,0.36699999999999966,nan,0.6880274139686071,0.36699999999999966,0.07334517789557034,nan,0.235120708157447,nan,0.07334517789557034,0.235120708157447,-0.07098629301569646
continuous_Neumann_computational_halfcell,0.535,Au,Au,-7.4136247964669035,0.0,-0.19036937569810955,0.0,0.0006029810448543529,1658.4269249152685,1.0,1.0,0.6879698443056578,nan,0.36699999999999966,nan,0.6879698443056578,0.36699999999999966,0.0734274423485981,nan,0.235120708157447,nan,0.0734274423485981,0.235120708157447,-0.07101507784717113
continuous_Neumann_computational_halfcell,0.54,Au,Au,-7.411378684201548,0.0,-0.19031169932502046,0.0,0.0006043369301402237,1654.7060921264087,1.0,1.0,0.6879121679325687,nan,0.36699999999999966,nan,0.6879121679325687,0.36699999999999966,0.07350995181074117,nan,0.235120708157447,nan,0.07350995181074117,0.235120708157447,-0.07104391603371568
continuous_Neumann_computational_halfcell,0.545,Au,Au,-7.409157242760269,0.0,-0.19025465645706635,0.0,0.000605680921487676,1651.03433924218,1.0,1.0,0.6878551250646145,nan,0.36699999999999966,nan,0.6878551250646145,0.36699999999999966,0.07359164619881647,nan,0.235120708157447,nan,0.07359164619881647,0.235120708157447,-0.07107243746769273
continuous_Neumann_computational_halfcell,0.55,Au,Au,-7.406938618522101,0.0,-0.19019768593013464,0.0,0.0006070261916333426,1647.375374873482,1.0,1.0,0.6877981545376829,nan,0.36699999999999966,nan,0.6877981545376829,0.36699999999999966,0.07367332760051631,nan,0.235120708157447,nan,0.07367332760051631,0.235120708157447,-0.07110092273115859
continuous_Neumann_computational_halfcell,0.555,Au,Au,-7.40467295510698,0.0,-0.19013950751650838,0.0,0.0006084030678477947,1643.64720174319,1.0,1.0,0.6877399761240566,nan,0.36699999999999966,nan,0.6877399761240566,0.36699999999999966,0.07375683437265293,nan,0.235120708157447,nan,0.07375683437265293,0.235120708157447,-0.07113001193797172
continuous_Neumann_computational_halfcell,0.56,Au,Au,-7.402334619973621,0.0,-0.1900794630157774,0.0,0.0006098273827303619,1639.808293820343,1.0,1.0,0.6876799316233256,nan,0.36699999999999966,nan,0.6876799316233256,0.36699999999999966,0.07384311890193006,nan,0.235120708157447,nan,0.07384311890193006,0.235120708157447,-0.0711600341883372
continuous_Neumann_computational_halfcell,0.565,Au,Au,-7.399949175160232,0.0,-0.1900182088179519,0.0,0.000611283828742711,1635.9012834623823,1.0,1.0,0.6876186774255002,nan,0.36699999999999966,nan,0.6876186774255002,0.36699999999999966,0.0739312457894339,nan,0.235120708157447,nan,0.0739312457894339,0.235120708157447,-0.07119066128724996
continuous_Neumann_computational_halfcell,0.57,Au,Au,-7.397566614145202,0.0,-0.18995702867120232,0.0,0.0006127419861469037,1632.0082883307623,1.0,1.0,0.6875574972787506,nan,0.36699999999999966,nan,0.6875574972787506,0.36699999999999966,0.07401937112201272,nan,0.235120708157447,nan,0.07401937112201272,0.235120708157447,-0.07122125136062475
continuous_Neumann_computational_halfcell,0.575,Au,Au,-7.39520878057507,0.0,-0.18989648348351493,0.0,0.0006141884343436152,1628.1648173149051,1.0,1.0,0.6874969520910632,nan,0.36699999999999966,nan,0.6874969520910632,0.36699999999999966,0.07410668525898656,nan,0.235120708157447,nan,0.07410668525898656,0.235120708157447,-0.07125152395446845
continuous_Neumann_computational_halfcell,0.58,Au,Au,-7.392846164017971,0.0,-0.1898358154767926,0.0,0.0006156412416452742,1624.3226287562281,1.0,1.0,0.6874362840843409,nan,0.36699999999999966,nan,0.6874362840843409,0.36699999999999966,0.07419427982768699,nan,0.235120708157447,nan,0.07419427982768699,0.235120708157447,-0.07128185795782961
continuous_Neumann_computational_halfcell,0.585,Au,Au,-7.390428612527577,0.0,-0.18977373683367543,0.0,0.0006171313865718364,1620.4004880630005,1.0,1.0,0.6873742054412237,nan,0.36699999999999966,nan,0.6873742054412237,0.36699999999999966,0.07428401829949242,nan,0.235120708157447,nan,0.07428401829949242,0.235120708157447,-0.0713128972793882
continuous_Neumann_computational_halfcell,0.59,Au,Au,-7.387937897181657,0.0,-0.1897097794661984,0.0,0.0006186704010146373,1616.3695537397152,1.0,1.0,0.6873102480737466,nan,0.36699999999999966,nan,0.6873102480737466,0.36699999999999966,0.07437658609970636,nan,0.235120708157447,nan,0.07437658609970636,0.235120708157447,-0.0713448759631267
continuous_Neumann_computational_halfcell,0.595,Au,Au,-7.3854069319668145,0.0,-0.1896447885500014,0.0,0.0006202382174866109,1612.2837513178345,1.0,1.0,0.6872452571575496,nan,0.36699999999999966,nan,0.6872452571575496,0.36699999999999966,0.07447076795599655,nan,0.235120708157447,nan,0.07447076795599655,0.235120708157447,-0.07137737142122522
continuous_Neumann_computational_halfcell,0.6,Au,Au,-7.382885276837004,0.0,-0.18958003670107904,0.0,0.0006218042179962329,1608.2232494699133,1.0,1.0,0.6871805053086273,nan,0.36699999999999966,nan,0.6871805053086273,0.36699999999999966,0.0745647219704743,nan,0.235120708157447,nan,0.0745647219704743,0.235120708157447,-0.07140974734568639
continuous_Neumann_computational_halfcell,0.605,Au,Au,-7.380386966539006,0.0,-0.18951588430804767,0.0,0.0006233596200068114,1604.210423493702,1.0,1.0,0.6871163529155959,nan,0.36699999999999966,nan,0.6871163529155959,0.36699999999999966,0.0746579230760587,nan,0.235120708157447,nan,0.0746579230760587,0.235120708157447,-0.07144182354220208
continuous_Neumann_computational_halfcell,0.61,Au,Au,-7.377875469044739,0.0,-0.18945139329006697,0.0,0.0006249271537350513,1600.186508176547,1.0,1.0,0.6870518618976152,nan,0.36699999999999966,nan,0.6870518618976152,0.36699999999999966,0.07475173355829534,nan,0.235120708157447,nan,0.07475173355829534,0.235120708157447,-0.07147406905119243
continuous_Neumann_computational_halfcell,0.615,Au,Au,-7.375301773591602,0.0,-0.18938530513344967,0.0,0.000626537597415998,1596.0734106368984,1.0,1.0,0.6869857737409979,nan,0.36699999999999966,nan,0.6869857737409979,0.36699999999999966,0.07484798957681804,nan,0.235120708157447,nan,0.07484798957681804,0.235120708157447,-0.07150711312950107
continuous_Neumann_computational_halfcell,0.62,Au,Au,-7.372655788783967,0.0,-0.18931736070818336,0.0,0.0006281976015845709,1591.855806958816,1.0,1.0,0.6869178293157316,nan,0.36699999999999966,nan,0.6869178293157316,0.36699999999999966,0.07494707843091677,nan,0.235120708157447,nan,0.07494707843091677,0.235120708157447,-0.07154108534213423
continuous_Neumann_computational_halfcell,0.625,Au,Au,-7.369977037225807,0.0,-0.18924857488805116,0.0,0.0006298826427844046,1587.5973269869553,1.0,1.0,0.6868490434955994,nan,0.36699999999999966,nan,0.6868490434955994,0.36699999999999966,0.07504752798731482,nan,0.235120708157447,nan,0.07504752798731482,0.235120708157447,-0.07157547825220033
continuous_Neumann_computational_halfcell,0.63,Au,Au,-7.367313196907126,0.0,-0.18918017196338896,0.0,0.0006315627863878957,1583.3738490504031,1.0,1.0,0.6867806405709372,nan,0.36699999999999966,nan,0.6867806405709372,0.36699999999999966,0.0751475518998956,nan,0.235120708157447,nan,0.0751475518998956,0.235120708157447,-0.07160967971453143
continuous_Neumann_computational_halfcell,0.635,Au,Au,-7.3646698563909005,0.0,-0.18911229543906427,0.0,0.0006332344302783583,1579.1939796457661,1.0,1.0,0.6867127640466125,nan,0.36699999999999966,nan,0.6867127640466125,0.36699999999999966,0.0752469378474698,nan,0.235120708157447,nan,0.0752469378474698,0.235120708157447,-0.07164361797669377
continuous_Neumann_computational_halfcell,0.64,Au,Au,-7.362004308720179,0.0,-0.18904384867248247,0.0,0.0006349245984501835,1574.99016803089,1.0,1.0,0.6866443172800307,nan,0.36699999999999966,nan,0.6866443172800307,0.36699999999999966,0.07534729185716835,nan,0.235120708157447,nan,0.07534729185716835,0.235120708157447,-0.07167784135998467
continuous_Neumann_computational_halfcell,0.645,Au,Au,-7.359270133607578,0.0,-0.1889736396689889,0.0,0.0006366629689073019,1570.689750836757,1.0,1.0,0.6865741082765371,nan,0.36699999999999966,nan,0.6865741082765371,0.36699999999999966,0.07545036864370977,nan,0.235120708157447,nan,0.07545036864370977,0.235120708157447,-0.07171294586173146
continuous_Neumann_computational_halfcell,0.65,Au,Au,-7.356465910461112,0.0,-0.18890163195017834,0.0,0.0006384508195356784,1566.2913562038545,1.0,1.0,0.6865021005577265,nan,0.36699999999999966,nan,0.6865021005577265,0.36699999999999966,0.07555623267804035,nan,0.235120708157447,nan,0.07555623267804035,0.235120708157447,-0.07174894972113674
continuous_Neumann_computational_halfcell,0.655,Au,Au,-7.353636822486406,0.0,-0.18882898574453325,0.0,0.0006402596104795974,1561.8664423497414,1.0,1.0,0.6864294543520815,nan,0.36699999999999966,nan,0.6864294543520815,0.36699999999999966,0.07566318591988079,nan,0.235120708157447,nan,0.07566318591988079,0.235120708157447,-0.07178527282395929
continuous_Neumann_computational_halfcell,0.66,Au,Au,-7.350827223034786,0.0,-0.18875683997127782,0.0,0.0006420610129547988,1557.48438204953,1.0,1.0,0.686357308578826,nan,0.36699999999999966,nan,0.686357308578826,0.36699999999999966,0.07576955223690897,nan,0.235120708157447,nan,0.07576955223690897,0.235120708157447,-0.071821345710587
continuous_Neumann_computational_halfcell,0.665,Au,Au,-7.348033828483617,0.0,-0.1886851103125233,0.0,0.0006438570500421307,1553.1397845757303,1.0,1.0,0.6862855789200716,nan,0.36699999999999966,nan,0.6862855789200716,0.36699999999999966,0.07587545330273991,nan,0.235120708157447,nan,0.07587545330273991,0.235120708157447,-0.07185721053996426
continuous_Neumann_computational_halfcell,0.67,Au,Au,-7.345208800010216,0.0,-0.1886125683480221,0.0,0.0006456785362050293,1548.7583122671113,1.0,1.0,0.6862130369555703,nan,0.36699999999999966,nan,0.6862130369555703,0.36699999999999966,0.07598270418961624,nan,0.235120708157447,nan,0.07598270418961624,0.235120708157447,-0.07189348152221486
continuous_Neumann_computational_halfcell,0.675,Au,Au,-7.3423097325768865,0.0,-0.18853812518795648,0.0,0.0006475531177780114,1544.2748595379496,1.0,1.0,0.6861385937955047,nan,0.36699999999999966,nan,0.6861385937955047,0.36699999999999966,0.07609292354525964,nan,0.235120708157447,nan,0.07609292354525964,0.235120708157447,-0.07193070310224767
continuous_Neumann_computational_halfcell,0.68,Au,Au,-7.339344188650825,0.0,-0.18846197502372392,0.0,0.0006494763152470712,1539.702028425138,1.0,1.0,0.6860624436312721,nan,0.36699999999999966,nan,0.6860624436312721,0.36699999999999966,0.07620583568967107,nan,0.235120708157447,nan,0.07620583568967107,0.235120708157447,-0.07196877818436395
continuous_Neumann_computational_halfcell,0.685,Au,Au,-7.336361877049347,0.0,-0.1883853942938789,0.0,0.0006514161471507455,1535.116997596604,1.0,1.0,0.6859858629014272,nan,0.36699999999999966,nan,0.6859858629014272,0.36699999999999966,0.07631955522931379,nan,0.235120708157447,nan,0.07631955522931379,0.235120708157447,-0.07200706854928646
continuous_Neumann_computational_halfcell,0.69,Au,Au,-7.33340242705367,0.0,-0.18830940061149626,0.0,0.000653346836144245,1530.5806115195167,1.0,1.0,0.6859098692190445,nan,0.36699999999999966,nan,0.6859098692190445,0.36699999999999966,0.07643257077835561,nan,0.235120708157447,nan,0.07643257077835561,0.235120708157447,-0.07204506539047778
continuous_Neumann_computational_halfcell,0.695,Au,Au,-7.330453486252681,0.0,-0.18823367678750094,0.0,0.0006552763609154074,1526.0736685251713,1.0,1.0,0.6858341453950492,nan,0.36699999999999966,nan,0.6858341453950492,0.36699999999999966,0.07654535146706293,nan,0.235120708157447,nan,0.07654535146706293,0.235120708157447,-0.07208292730247544
continuous_Neumann_computational_halfcell,0.7,Au,Au,-7.327463303090163,0.0,-0.18815689392925014,0.0,0.0006572386896556621,1521.5172444031193,1.0,1.0,0.6857573625367984,nan,0.36699999999999966,nan,0.6857573625367984,0.36699999999999966,0.0766598793711448,nan,0.235120708157447,nan,0.0766598793711448,0.235120708157447,-0.07212131873160084
continuous_Neumann_computational_halfcell,0.705,Au,Au,-7.324394850322056,0.0,-0.18807810123959287,0.0,0.0006592584927827195,1516.8556961306879,1.0,1.0,0.6856785698471412,nan,0.36699999999999966,nan,0.6856785698471412,0.36699999999999966,0.07677758324978429,nan,0.235120708157447,nan,0.07677758324978429,0.235120708157447,-0.07216071507642947
continuous_Neumann_computational_halfcell,0.71,Au,Au,-7.321264748986499,0.0,-0.1879977255187436,0.0,0.0006613252715975761,1512.1152070663818,1.0,1.0,0.6855981941262919,nan,0.36699999999999966,nan,0.6855981941262919,0.36699999999999966,0.07689783813566865,nan,0.235120708157447,nan,0.07689783813566865,0.235120708157447,-0.0722009029368541
continuous_Neumann_computational_halfcell,0.715,Au,Au,-7.318125934398824,0.0,-0.18791712605628194,0.0,0.0006634043101586293,1507.3763988070655,1.0,1.0,0.6855175946638302,nan,0.36699999999999966,nan,0.6855175946638302,0.36699999999999966,0.07701861691447709,nan,0.235120708157447,nan,0.07701861691447709,0.235120708157447,-0.07224120266808494
continuous_Neumann_computational_halfcell,0.72,Au,Au,-7.315011993299782,0.0,-0.1878371653030391,0.0,0.0006654733318392586,1502.6898181421707,1.0,1.0,0.6854376339105873,nan,0.36699999999999966,nan,0.6854376339105873,0.36699999999999966,0.0771386260338666,nan,0.235120708157447,nan,0.0771386260338666,0.235120708157447,-0.07228118304470636
continuous_Neumann_computational_halfcell,0.725,Au,Au,-7.311901550461883,0.0,-0.18775729437923977,0.0,0.0006675464711172575,1498.0230489816277,1.0,1.0,0.685357762986788,nan,0.36699999999999966,nan,0.685357762986788,0.36699999999999966,0.07725868701380718,nan,0.235120708157447,nan,0.07725868701380718,0.235120708157447,-0.07232111850660602
continuous_Neumann_computational_halfcell,0.73,Au,Au,-7.308740311486075,0.0,-0.1876761190963277,0.0,0.0006696600840975964,1493.2949174468936,1.0,1.0,0.685276587703876,nan,0.36699999999999966,nan,0.685276587703876,0.36699999999999966,0.07738090016090775,nan,0.235120708157447,nan,0.07738090016090775,0.235120708157447,-0.07236170614806206
continuous_Neumann_computational_halfcell,0.735,Au,Au,-7.305497889704418,0.0,-0.1875928591759419,0.0,0.0006718349285166398,1488.4608667309449,1.0,1.0,0.6851933277834902,nan,0.36699999999999966,nan,0.6851933277834902,0.36699999999999966,0.07750645266503485,nan,0.235120708157447,nan,0.07750645266503485,0.235120708157447,-0.07240333610825496
continuous_Neumann_computational_halfcell,0.74,Au,Au,-7.302199792958938,0.0,-0.187508169616426,0.0,0.0006740543630509737,1483.559865221698,1.0,1.0,0.6851086382239743,nan,0.36699999999999966,nan,0.6851086382239743,0.36699999999999966,0.07763436999662496,nan,0.235120708157447,nan,0.07763436999662496,0.235120708157447,-0.07244568088801291
continuous_Neumann_computational_halfcell,0.745,Au,Au,-7.298900747471229,0.0,-0.18742345569481045,0.0,0.00067628177119606,1478.6735981829256,1.0,1.0,0.6850239243023587,nan,0.36699999999999966,nan,0.6850239243023587,0.36699999999999966,0.07776253533239672,nan,0.235120708157447,nan,0.07776253533239672,0.235120708157447,-0.07248803784882069
continuous_Neumann_computational_halfcell,0.75,Au,Au,-7.295627097035782,0.0,-0.18733939387528772,0.0,0.0006784993090522981,1473.8408523904936,1.0,1.0,0.684939862482836,nan,0.36699999999999966,nan,0.684939862482836,0.36699999999999966,0.07788992323865011,nan,0.235120708157447,nan,0.07788992323865011,0.235120708157447,-0.07253006875858205
continuous_Neumann_computational_halfcell,0.755,Au,Au,-7.292348739919126,0.0,-0.18725521119613317,0.0,0.0006807273222066791,1469.0169872399877,1.0,1.0,0.6848556798036814,nan,0.36699999999999966,nan,0.6848556798036814,0.36699999999999966,0.07801770342939604,nan,0.235120708157447,nan,0.07801770342939604,0.235120708157447,-0.07257216009815932
continuous_Neumann_computational_halfcell,0.76,Au,Au,-7.289010329637761,0.0,-0.18716948645303713,0.0,0.0006830036668700016,1464.1209828092085,1.0,1.0,0.6847699550605854,nan,0.36699999999999966,nan,0.6847699550605854,0.36699999999999966,0.07814803972977348,nan,0.235120708157447,nan,0.07814803972977348,0.235120708157447,-0.07261502246970734
continuous_Neumann_computational_halfcell,0.765,Au,Au,-7.285589246635872,0.0,-0.18708163881397244,0.0,0.0006853442805389361,1459.1206615361657,1.0,1.0,0.6846821074215207,nan,0.36699999999999966,nan,0.6846821074215207,0.36699999999999966,0.07828182958888004,nan,0.235120708157447,nan,0.07828182958888004,0.235120708157447,-0.07265894628923969
continuous_Neumann_computational_halfcell,0.77,Au,Au,-7.282119461587927,0.0,-0.18699254058854042,0.0,0.0006877264082218033,1454.0665998061882,1.0,1.0,0.6845930091960887,nan,0.36699999999999966,nan,0.6845930091960887,0.36699999999999966,0.07841775802631794,nan,0.235120708157447,nan,0.07841775802631794,0.235120708157447,-0.0727034954019557
continuous_Neumann_computational_halfcell,0.775,Au,Au,-7.2786559515309275,0.0,-0.18690360349428806,0.0,0.0006901124852688063,1449.0391368741707,1.0,1.0,0.6845040721018363,nan,0.36699999999999966,nan,0.6845040721018363,0.36699999999999966,0.07855367602747679,nan,0.235120708157447,nan,0.07855367602747679,0.235120708157447,-0.07274796394908188
continuous_Neumann_computational_halfcell,0.78,Au,Au,-7.275216770592591,0.0,-0.1868152911307522,0.0,0.0006924899929696107,1444.064188872523,1.0,1.0,0.6844157597383005,nan,0.36699999999999966,nan,0.6844157597383005,0.36699999999999966,0.07868887238796371,nan,0.235120708157447,nan,0.07868887238796371,0.235120708157447,-0.0727921201308498
continuous_Neumann_computational_halfcell,0.785,Au,Au,-7.271763639161884,0.0,-0.1867266205421111,0.0,0.0006948853853519017,1439.0862451274368,1.0,1.0,0.6843270891496593,nan,0.36699999999999966,nan,0.6843270891496593,0.36699999999999966,0.07882485125165087,nan,0.235120708157447,nan,0.07882485125165087,0.235120708157447,-0.07283645542517037
continuous_Neumann_computational_halfcell,0.79,Au,Au,-7.26824173634359,0.0,-0.1866361840202753,0.0,0.0006973370188222478,1434.026837825028,1.0,1.0,0.6842366526278235,nan,0.36699999999999966,nan,0.6842366526278235,0.36699999999999966,0.07896378027226457,nan,0.235120708157447,nan,0.07896378027226457,0.235120708157447,-0.07288167368608826
continuous_Neumann_computational_halfcell,0.795,Au,Au,-7.264637165414078,0.0,-0.18654362472083005,0.0,0.0006998551552425389,1428.8670912961186,1.0,1.0,0.6841440933283783,nan,0.36699999999999966,nan,0.6841440933283783,0.36699999999999966,0.07910622386914609,nan,0.235120708157447,nan,0.07910622386914609,0.235120708157447,-0.07292795333581088
continuous_Neumann_computational_halfcell,0.8,Au,Au,-7.260991684703903,0.0,-0.18645001492724483,0.0,0.0007024111197398974,1423.667666836339,1.0,1.0,0.6840504835347931,nan,0.36699999999999966,nan,0.6840504835347931,0.36699999999999966,0.07925054546617283,nan,0.235120708157447,nan,0.07925054546617283,0.235120708157447,-0.07297475823260349
continuous_Neumann_computational_halfcell,0.805,Au,Au,-7.257358913215078,0.0,-0.1863567314850195,0.0,0.0007049674593165479,1418.5051902530088,1.0,1.0,0.6839572000925678,nan,0.36699999999999966,nan,0.6839572000925678,0.36699999999999966,0.07939462584035023,nan,0.235120708157447,nan,0.07939462584035023,0.235120708157447,-0.07302139995371616
continuous_Neumann_computational_halfcell,0.81,Au,Au,-7.25374775564403,0.0,-0.18626400305173332,0.0,0.0007075178099821802,1413.391982351916,1.0,1.0,0.6838644716592815,nan,0.36699999999999966,nan,0.6838644716592815,0.36699999999999966,0.07953810858817408,nan,0.235120708157447,nan,0.07953810858817408,0.235120708157447,-0.07306776417035925
continuous_Neumann_computational_halfcell,0.815,Au,Au,-7.250112551387854,0.0,-0.18617065714014727,0.0,0.0007100944622274764,1408.2633412787457,1.0,1.0,0.6837711257476955,nan,0.36699999999999966,nan,0.6837711257476955,0.36699999999999966,0.07968280868737526,nan,0.235120708157447,nan,0.07968280868737526,0.235120708157447,-0.07311443712615227
continuous_Neumann_computational_halfcell,0.82,Au,Au,-7.246400632335476,0.0,-0.18607534132203626,0.0,0.0007127351734118341,1403.045671526271,1.0,1.0,0.6836758099295845,nan,0.36699999999999966,nan,0.6836758099295845,0.36699999999999966,0.07983083407730789,nan,0.235120708157447,nan,0.07983083407730789,0.235120708157447,-0.07316209503520778
continuous_Neumann_computational_halfcell,0.825,Au,Au,-7.242607577704112,0.0,-0.18597794207915772,0.0,0.0007154437505053075,1397.733922888717,1.0,1.0,0.683578410686706,nan,0.36699999999999966,nan,0.683578410686706,0.36699999999999966,0.07998237909397772,nan,0.235120708157447,nan,0.07998237909397772,0.235120708157447,-0.07321079465664705
continuous_Neumann_computational_halfcell,0.83,Au,Au,-7.238782014219288,0.0,-0.18587970806377477,0.0,0.0007181859679117277,1392.3970178750556,1.0,1.0,0.683480176671323,nan,0.36699999999999966,nan,0.683480176671323,0.36699999999999966,0.08013551433888357,nan,0.235120708157447,nan,0.08013551433888357,0.235120708157447,-0.07325991166433853
continuous_Neumann_computational_halfcell,0.835,Au,Au,-7.234974564063611,0.0,-0.18578193916812158,0.0,0.0007209256374549979,1387.1056154004825,1.0,1.0,0.6833824077756698,nan,0.36699999999999966,nan,0.6833824077756698,0.36699999999999966,0.08028821563167828,nan,0.235120708157447,nan,0.08028821563167828,0.235120708157447,-0.07330879611216512
continuous_Neumann_computational_halfcell,0.84,Au,Au,-7.23118433976896,0.0,-0.18568461260351415,0.0,0.0007236632922061078,1381.8581248628377,1.0,1.0,0.6832850812110625,nan,0.36699999999999966,nan,0.6832850812110625,0.36699999999999966,0.08044051507108646,nan,0.235120708157447,nan,0.08044051507108646,0.235120708157447,-0.07335745939446883
continuous_Neumann_computational_halfcell,0.845,Au,Au,-7.227359334647831,0.0,-0.18558639292596876,0.0,0.0007264366085981829,1376.582606333286,1.0,1.0,0.683186861533517,nan,0.36699999999999966,nan,0.683186861533517,0.36699999999999966,0.08059450496823238,nan,0.235120708157447,nan,0.08059450496823238,0.235120708157447,-0.07340656923324153
continuous_Neumann_computational_halfcell,0.85,Au,Au,-7.223450669984927,0.0,-0.1854860250125501,0.0,0.0007292815620625687,1371.212508337356,1.0,1.0,0.6830864936200983,nan,0.36699999999999966,nan,0.6830864936200983,0.36699999999999966,0.08075216742726819,nan,0.235120708157447,nan,0.08075216742726819,0.235120708157447,-0.07345675318995086
continuous_Neumann_computational_halfcell,0.855,Au,Au,-7.219463923241985,0.0,-0.18538365208306465,0.0,0.0007321948263195498,1365.7567139972834,1.0,1.0,0.6829841206906129,nan,0.36699999999999966,nan,0.6829841206906129,0.36699999999999966,0.08091329719004094,nan,0.235120708157447,nan,0.08091329719004094,0.235120708157447,-0.07350793965469359
continuous_Neumann_computational_halfcell,0.86,Au,Au,-7.215453439503628,0.0,-0.18528066962758857,0.0,0.0007351371779467643,1360.2903376387476,1.0,1.0,0.6828811382351369,nan,0.36699999999999966,nan,0.6828811382351369,0.36699999999999966,0.08107571070610896,nan,0.235120708157447,nan,0.08107571070610896,0.235120708157447,-0.07355943088243162
continuous_Neumann_computational_halfcell,0.865,Au,Au,-7.211465216559697,0.0,-0.1851782587917525,0.0,0.0007380749232043471,1354.8760004722922,1.0,1.0,0.6827787273993008,nan,0.36699999999999966,nan,0.6827787273993008,0.36699999999999966,0.08123754601612201,nan,0.235120708157447,nan,0.08123754601612201,0.235120708157447,-0.07361063630034965
continuous_Neumann_computational_halfcell,0.87,Au,Au,-7.20748817514913,0.0,-0.18507613507882656,0.0,0.0007410161224970132,1349.4983032626672,1.0,1.0,0.6826766036863748,nan,0.36699999999999966,nan,0.6826766036863748,0.36699999999999966,0.0813992492802818,nan,0.235120708157447,nan,0.0813992492802818,0.235120708157447,-0.07366169815681263
continuous_Neumann_computational_halfcell,0.875,Au,Au,-7.203465219015454,0.0,-0.1849728323532835,0.0,0.0007440032022689931,1344.0802364160413,1.0,1.0,0.6825733009608317,nan,0.36699999999999966,nan,0.6825733009608317,0.36699999999999966,0.08156314686780604,nan,0.235120708157447,nan,0.08156314686780604,0.235120708157447,-0.07371334951958416
continuous_Neumann_computational_halfcell,0.88,Au,Au,-7.199352862849199,0.0,-0.18486723398574925,0.0,0.000747069108153294,1338.564249393118,1.0,1.0,0.6824677025932975,nan,0.36699999999999966,nan,0.6824677025932975,0.36699999999999966,0.08173102776014403,nan,0.235120708157447,nan,0.08173102776014403,0.235120708157447,-0.07376614870335128
continuous_Neumann_computational_halfcell,0.885,Au,Au,-7.195166950041111,0.0,-0.18475974680776552,0.0,0.0007502028284659192,1332.9728468831397,1.0,1.0,0.6823602154153138,nan,0.36699999999999966,nan,0.6823602154153138,0.36699999999999966,0.08190226637307076,nan,0.235120708157447,nan,0.08190226637307076,0.235120708157447,-0.07381989229234315
continuous_Neumann_computational_halfcell,0.89,Au,Au,-7.1909661826600075,0.0,-0.184651878189411,0.0,0.0007533608845223476,1327.385082693839,1.0,1.0,0.6822523467969592,nan,0.36699999999999966,nan,0.6822523467969592,0.36699999999999966,0.08207447334462803,nan,0.235120708157447,nan,0.08207447334462803,0.235120708157447,-0.0738738266015204
continuous_Neumann_computational_halfcell,0.895,Au,Au,-7.186790360360829,0.0,-0.18454465011867027,0.0,0.0007565133632177394,1321.8537155069134,1.0,1.0,0.6821451187262185,nan,0.36699999999999966,nan,0.6821451187262185,0.36699999999999966,0.08224601657381295,nan,0.235120708157447,nan,0.08224601657381295,0.235120708157447,-0.07392744063689077
continuous_Neumann_computational_halfcell,0.9,Au,Au,-7.182618076892565,0.0,-0.1844375129191363,0.0,0.0007596763452570324,1316.350056498936,1.0,1.0,0.6820379815266846,nan,0.36699999999999966,nan,0.6820379815266846,0.36699999999999966,0.08241777251277993,nan,0.235120708157447,nan,0.08241777251277993,0.235120708157447,-0.07398100923665776
continuous_Neumann_computational_halfcell,0.905,Au,Au,-7.178388602093902,0.0,-0.18432890714273714,0.0,0.0007628961815227846,1310.7943442631242,1.0,1.0,0.6819293757502853,nan,0.36699999999999966,nan,0.6819293757502853,0.36699999999999966,0.08259224887950813,nan,0.235120708157447,nan,0.08259224887950813,0.235120708157447,-0.07403531212485734
continuous_Neumann_computational_halfcell,0.91,Au,Au,-7.174065372419557,0.0,-0.18421789389932391,0.0,0.0007662014966031942,1305.1397112030008,1.0,1.0,0.6818183625068721,nan,0.36699999999999966,nan,0.6818183625068721,0.36699999999999966,0.08277097460862293,nan,0.235120708157447,nan,0.08277097460862293,0.235120708157447,-0.07409081874656395
continuous_Neumann_computational_halfcell,0.915,Au,Au,-7.169674491528274,0.0,-0.1841051434868082,0.0,0.0007695731930551181,1299.4215612294313,1.0,1.0,0.6817056120943564,nan,0.36699999999999966,nan,0.6817056120943564,0.36699999999999966,0.08295289297640515,nan,0.235120708157447,nan,0.08295289297640515,0.235120708157447,-0.07414719395282181
continuous_Neumann_computational_halfcell,0.92,Au,Au,-7.165277471119085,0.0,-0.18399223542183193,0.0,0.0007729644723897159,1293.7205210847214,1.0,1.0,0.6815927040293802,nan,0.36699999999999966,nan,0.6815927040293802,0.36699999999999966,0.08313546637932091,nan,0.235120708157447,nan,0.08313546637932091,0.235120708157447,-0.07420364798530994
continuous_Neumann_computational_halfcell,0.925,Au,Au,-7.160906435991035,0.0,-0.18387999461503013,0.0,0.0007763505221313088,1288.0779641323718,1.0,1.0,0.6814804632225784,nan,0.36699999999999966,nan,0.6814804632225784,0.36699999999999966,0.08331735909374667,nan,0.235120708157447,nan,0.08331735909374667,0.235120708157447,-0.07425976838871085
continuous_Neumann_computational_halfcell,0.93,Au,Au,-7.156529798048383,0.0,-0.183767609937403,0.0,0.0007797557736240922,1282.4528318043388,1.0,1.0,0.6813680785449512,nan,0.36699999999999966,nan,0.6813680785449512,0.36699999999999966,0.0834998836894716,nan,0.235120708157447,nan,0.0834998836894716,0.235120708157447,-0.07431596072752442
continuous_Neumann_computational_halfcell,0.935,Au,Au,-7.152084819800914,0.0,-0.1836534703960594,0.0,0.000783229485643956,1276.7650073564578,1.0,1.0,0.6812539390036076,nan,0.36699999999999966,nan,0.6812539390036076,0.36699999999999966,0.08368566764774515,nan,0.235120708157447,nan,0.08368566764774515,0.235120708157447,-0.07437303049819621
continuous_Neumann_computational_halfcell,0.94,Au,Au,-7.147543269019748,0.0,-0.18353685103499812,0.0,0.0007867946516898048,1270.9796614050342,1.0,1.0,0.6811373196425463,nan,0.36699999999999966,nan,0.6811373196425463,0.36699999999999966,0.08387591492505231,nan,0.235120708157447,nan,0.08387591492505231,0.235120708157447,-0.07443134017872685
continuous_Neumann_computational_halfcell,0.945,Au,Au,-7.1429412176084535,0.0,-0.18341867811983845,0.0,0.0007904238656363734,1265.1439859990767,1.0,1.0,0.6810191467273867,nan,0.36699999999999966,nan,0.6810191467273867,0.36699999999999966,0.08406913778150424,nan,0.235120708157447,nan,0.08406913778150424,0.235120708157447,-0.07449042663630669
continuous_Neumann_computational_halfcell,0.95,Au,Au,-7.138341284509423,0.0,-0.18330055959936342,0.0,0.0007940681378164127,1259.3377726373383,1.0,1.0,0.6809010282069117,nan,0.36699999999999966,nan,0.6809010282069117,0.36699999999999966,0.08426271651321868,nan,0.235120708157447,nan,0.08426271651321868,0.235120708157447,-0.0745494858965442
continuous_Neumann_computational_halfcell,0.955,Au,Au,-7.133766582775742,0.0,-0.1831830889777775,0.0,0.0007977090844758625,1253.589835518864,1.0,1.0,0.6807835575853257,nan,0.36699999999999966,nan,0.6807835575853257,0.36699999999999966,0.0844556755092112,nan,0.235120708157447,nan,0.0844556755092112,0.235120708157447,-0.07460822120733716
continuous_Neumann_computational_halfcell,0.96,Au,Au,-7.129175777877773,0.0,-0.18306520485410363,0.0,0.0008013796301810862,1247.8480389800175,1.0,1.0,0.6806656734616519,nan,0.36699999999999966,nan,0.6806656734616519,0.36699999999999966,0.08464975793702946,nan,0.235120708157447,nan,0.08464975793702946,0.235120708157447,-0.0746671632691741
continuous_Neumann_computational_halfcell,0.965,Au,Au,-7.124505888874886,0.0,-0.18294528998405482,0.0,0.0008051307359099382,1242.0343124397375,1.0,1.0,0.680545758591603,nan,0.36699999999999966,nan,0.680545758591603,0.36699999999999966,0.08484764135737072,nan,0.235120708157447,nan,0.08484764135737072,0.235120708157447,-0.0747271207041985
continuous_Neumann_computational_halfcell,0.97,Au,Au,-7.119738263305362,0.0,-0.18282286540388654,0.0,0.0008089784627654283,1236.1268513645962,1.0,1.0,0.6804233340114347,nan,0.36699999999999966,nan,0.6804233340114347,0.36699999999999966,0.08505014351731997,nan,0.235120708157447,nan,0.08505014351731997,0.235120708157447,-0.07478833299428264
continuous_Neumann_computational_halfcell,0.975,Au,Au,-7.114918356141651,0.0,-0.18269909832059472,0.0,0.0008128870758626219,1230.1831702008758,1.0,1.0,0.680299566928143,nan,0.36699999999999966,nan,0.680299566928143,0.36699999999999966,0.08525535759420519,nan,0.235120708157447,nan,0.08525535759420519,0.235120708157447,-0.07485021653592855
continuous_Neumann_computational_halfcell,0.98,Au,Au,-7.110108072210256,0.0,-0.18257557834567142,0.0,0.0008168067132280174,1224.2798495717589,1.0,1.0,0.6801760469532196,nan,0.36699999999999966,nan,0.6801760469532196,0.36699999999999966,0.08546065561903729,nan,0.235120708157447,nan,0.08546065561903729,0.235120708157447,-0.0749119765233902
continuous_Neumann_computational_halfcell,0.985,Au,Au,-7.1053203572157475,0.0,-0.18245263790296662,0.0,0.0008207267274440268,1218.4323558150475,1.0,1.0,0.6800531065105149,nan,0.36699999999999966,nan,0.6800531065105149,0.36699999999999966,0.08566548131416044,nan,0.235120708157447,nan,0.08566548131416044,0.235120708157447,-0.0749734467447426
continuous_Neumann_computational_halfcell,0.99,Au,Au,-7.1005048593471765,0.0,-0.18232898404293416,0.0,0.0008246884664678922,1212.5791018794773,1.0,1.0,0.6799294526504824,nan,0.36699999999999966,nan,0.6799294526504824,0.36699999999999966,0.08587199079722792,nan,0.235120708157447,nan,0.08587199079722792,0.235120708157447,-0.07503527367475883
continuous_Neumann_computational_halfcell,0.995,Au,Au,-7.09560021694845,0.0,-0.18220304110178168,0.0,0.0008287432038765455,1206.646395798337,1.0,1.0,0.6798035097093299,nan,0.36699999999999966,nan,0.6798035097093299,0.36699999999999966,0.0860828349237862,nan,0.235120708157447,nan,0.0860828349237862,0.235120708157447,-0.07509824514533507
continuous_Neumann_computational_halfcell,1.0,Au,Au,-7.090598404213468,0.0,-0.18207460299035053,0.0,0.0008328988062964973,1200.626045373413,1.0,1.0,0.6796750715978988,nan,0.36699999999999966,nan,0.6796750715978988,0.36699999999999966,0.08629838946228831,nan,0.235120708157447,nan,0.08629838946228831,0.235120708157447,-0.07516246420105065
continuous_Neumann_computational_halfcell,1.005,Au,Au,-7.085553380687504,0.0,-0.1819450552987169,0.0,0.0008371114177960339,1194.5841123907053,1.0,1.0,0.6795455239062651,nan,0.36699999999999966,nan,0.6795455239062651,0.36699999999999966,0.08651635295699667,nan,0.235120708157447,nan,0.08651635295699667,0.235120708157447,-0.07522723804686746
continuous_Neumann_computational_halfcell,1.01,Au,Au,-7.08052443732425,0.0,-0.1818159205185295,0.0,0.0008413318068590859,1188.5916969349637,1.0,1.0,0.6794163891260777,nan,0.36699999999999966,nan,0.6794163891260777,0.36699999999999966,0.08673416960864247,nan,0.235120708157447,nan,0.08673416960864247,0.235120708157447,-0.07529180543696117
continuous_Neumann_computational_halfcell,1.015,Au,Au,-7.075513417293568,0.0,-0.1816872459792803,0.0,0.0008455583181179116,1182.6505381980664,1.0,1.0,0.6792877145868286,nan,0.36699999999999966,nan,0.6792877145868286,0.36699999999999966,0.08695175540714188,nan,0.235120708157447,nan,0.08695175540714188,0.235120708157447,-0.07535614270658576
continuous_Neumann_computational_halfcell,1.02,Au,Au,-7.070461971092412,0.0,-0.1815575333641848,0.0,0.0008498404167617269,1176.6915061658851,1.0,1.0,0.679158001971733,nan,0.36699999999999966,nan,0.679158001971733,0.36699999999999966,0.08717164904273018,nan,0.235120708157447,nan,0.08717164904273018,0.235120708157447,-0.07542099901413352
continuous_Neumann_computational_halfcell,1.025,Au,Au,-7.065312275316687,0.0,-0.18142529786579173,0.0,0.0008542281243489804,1170.6474786955937,1.0,1.0,0.67902576647334,nan,0.36699999999999966,nan,0.67902576647334,0.36699999999999966,0.08739639199443908,nan,0.235120708157447,nan,0.08739639199443908,0.235120708157447,-0.07548711676333004
continuous_Neumann_computational_halfcell,1.03,Au,Au,-7.0600677384813455,0.0,-0.18129062700901388,0.0,0.0008587199236206463,1164.524046191534,1.0,1.0,0.6788910956165621,nan,0.36699999999999966,nan,0.6788910956165621,0.36699999999999966,0.08762586953734496,nan,0.235120708157447,nan,0.08762586953734496,0.235120708157447,-0.07555445219171897
continuous_Neumann_computational_halfcell,1.035,Au,Au,-7.054789659608609,0.0,-0.1811550948493115,0.0,0.0008632642973387591,1158.3937886493916,1.0,1.0,0.6787555634568597,nan,0.36699999999999966,nan,0.6787555634568597,0.36699999999999966,0.08785742306776083,nan,0.235120708157447,nan,0.08785742306776083,0.235120708157447,-0.07562221827157016
continuous_Neumann_computational_halfcell,1.04,Au,Au,-7.049532781996183,0.0,-0.18102010710220082,0.0,0.0008678143210777805,1152.3202322336092,1.0,1.0,0.6786205757097491,nan,0.36699999999999966,nan,0.6786205757097491,0.36699999999999966,0.08808865468391697,nan,0.235120708157447,nan,0.08808865468391697,0.235120708157447,-0.0756897121451255
continuous_Neumann_computational_halfcell,1.045,Au,Au,-7.0442871673555905,0.0,-0.18088540856920274,0.0,0.0008723785010846342,1146.291430562185,1.0,1.0,0.678485877176751,nan,0.36699999999999966,nan,0.678485877176751,0.36699999999999966,0.0883199975034577,nan,0.235120708157447,nan,0.0883199975034577,0.235120708157447,-0.07575706141162454
continuous_Neumann_computational_halfcell,1.05,Au,Au,-7.038987768236458,0.0,-0.18074932894154674,0.0,0.0008770138543903211,1140.2328423821489,1.0,1.0,0.678349797549095,nan,0.36699999999999966,nan,0.678349797549095,0.36699999999999966,0.08855432927924328,nan,0.235120708157447,nan,0.08855432927924328,0.235120708157447,-0.07582510122545254
continuous_Neumann_computational_halfcell,1.055,Au,Au,-7.033582228654396,0.0,-0.18061052380589449,0.0,0.0008817674237229573,1134.0858973649158,1.0,1.0,0.6782109924134427,nan,0.36699999999999966,nan,0.6782109924134427,0.36699999999999966,0.08879399497999645,nan,0.235120708157447,nan,0.08879399497999645,0.235120708157447,-0.07589450379327867
continuous_Neumann_computational_halfcell,1.06,Au,Au,-7.028085925961047,0.0,-0.1804693880266898,0.0,0.0008866272276312438,1127.8697166470383,1.0,1.0,0.678069856634238,nan,0.36699999999999966,nan,0.678069856634238,0.36699999999999966,0.08903834992527575,nan,0.235120708157447,nan,0.08903834992527575,0.235120708157447,-0.07596507168288101
continuous_Neumann_computational_halfcell,1.065,Au,Au,-7.0225660606876446,0.0,-0.18032764720018665,0.0,0.0008915348226463982,1121.661178675711,1.0,1.0,0.6779281158077349,nan,0.36699999999999966,nan,0.6779281158077349,0.36699999999999966,0.08928442919805717,nan,0.235120708157447,nan,0.08928442919805717,0.235120708157447,-0.07603594209613258
continuous_Neumann_computational_halfcell,1.07,Au,Au,-7.017070908012252,0.0,-0.18018654095150263,0.0,0.000896447428008484,1115.5143835055278,1.0,1.0,0.6777870095590509,nan,0.36699999999999966,nan,0.6777870095590509,0.36699999999999966,0.08953008230383695,nan,0.235120708157447,nan,0.08953008230383695,0.235120708157447,-0.0761064952204746
continuous_Neumann_computational_halfcell,1.075,Au,Au,-7.011578357180969,0.0,-0.18004550151378523,0.0,0.0009013847579296867,1109.4041597694797,1.0,1.0,0.6776459701213335,nan,0.36699999999999966,nan,0.6776459701213335,0.36699999999999966,0.08977629449632904,nan,0.235120708157447,nan,0.08977629449632904,0.235120708157447,-0.07617701493933329
continuous_Neumann_computational_halfcell,1.08,Au,Au,-7.006018225390795,0.0,-0.17990272671107346,0.0,0.0009064105350212397,1103.25284334495,1.0,1.0,0.6775031953186217,nan,0.36699999999999966,nan,0.6775031953186217,0.36699999999999966,0.0900262257625686,nan,0.235120708157447,nan,0.0900262257625686,0.235120708157447,-0.07624840234068918
continuous_Neumann_computational_halfcell,1.085,Au,Au,-7.000345514871087,0.0,-0.17975706107654235,0.0,0.0009115669511989469,1097.0121269586843,1.0,1.0,0.6773575296840906,nan,0.36699999999999966,nan,0.6773575296840906,0.36699999999999966,0.09028193459064526,nan,0.235120708157447,nan,0.09028193459064526,0.235120708157447,-0.07632123515795473
continuous_Neumann_computational_halfcell,1.09,Au,Au,-6.994587803859391,0.0,-0.17960921277279907,0.0,0.0009168306290984213,1090.713996960774,1.0,1.0,0.6772096813803473,nan,0.36699999999999966,nan,0.6772096813803473,0.36699999999999966,0.090542217714107,nan,0.235120708157447,nan,0.090542217714107,0.235120708157447,-0.07639515930982638
continuous_Neumann_computational_halfcell,1.095,Au,Au,-6.988816504261325,0.0,-0.17946101553708596,0.0,0.0009221372316067871,1084.4372895100876,1.0,1.0,0.6770614841446342,nan,0.36699999999999966,nan,0.6770614841446342,0.36699999999999966,0.09080386818070288,nan,0.235120708157447,nan,0.09080386818070288,0.235120708157447,-0.07646925792768293
continuous_Neumann_computational_halfcell,1.1,Au,Au,-6.983071565400978,0.0,-0.17931349520063877,0.0,0.0009274501000631502,1078.2251249225267,1.0,1.0,0.676913963808187,nan,0.36699999999999966,nan,0.676913963808187,0.36699999999999966,0.09106507449016,nan,0.235120708157447,nan,0.09106507449016,0.235120708157447,-0.07654301809590652
continuous_Neumann_computational_halfcell,1.105,Au,Au,-6.97731862758671,0.0,-0.1791657694645516,0.0,0.00093280103986861,1072.0399712899714,1.0,1.0,0.6767662380720998,nan,0.36699999999999966,nan,0.6767662380720998,0.36699999999999966,0.09132739744649732,nan,0.235120708157447,nan,0.09132739744649732,0.235120708157447,-0.07661688096395011
continuous_Neumann_computational_halfcell,1.11,Au,Au,-6.971484173882859,0.0,-0.1790159505379624,0.0,0.0009382593319431002,1065.803414850175,1.0,1.0,0.6766164191455106,nan,0.36699999999999966,nan,0.6766164191455106,0.36699999999999966,0.0915942091685861,nan,0.235120708157447,nan,0.0915942091685861,0.235120708157447,-0.07669179042724471
continuous_Neumann_computational_halfcell,1.115,Au,Au,-6.965532366981057,0.0,-0.17886311817926093,0.0,0.0009438603217815129,1059.4787988465548,1.0,1.0,0.6764635867868092,nan,0.36699999999999966,nan,0.6764635867868092,0.36699999999999966,0.09186719067357445,nan,0.235120708157447,nan,0.09186719067357445,0.235120708157447,-0.07676820660659545
continuous_Neumann_computational_halfcell,1.12,Au,Au,-6.959502891678623,0.0,-0.17870829142708183,0.0,0.0009495684956341003,1053.109917396978,1.0,1.0,0.67630876003463,nan,0.36699999999999966,nan,0.67630876003463,0.36699999999999966,0.09214456404610545,nan,0.235120708157447,nan,0.09214456404610545,0.235120708157447,-0.07684561998268499
continuous_Neumann_computational_halfcell,1.125,Au,Au,-6.953469456451256,0.0,-0.17855336299071203,0.0,0.0009553149737160099,1046.775176264822,1.0,1.0,0.6761538315982603,nan,0.36699999999999966,nan,0.6761538315982603,0.36699999999999966,0.09242295788213402,nan,0.235120708157447,nan,0.09242295788213402,0.235120708157447,-0.07692308420086989
continuous_Neumann_computational_halfcell,1.13,Au,Au,-6.947461940258832,0.0,-0.17839910011142618,0.0,0.0009610713172406278,1040.5055088639435,1.0,1.0,0.6759995687189744,nan,0.36699999999999966,nan,0.6759995687189744,0.36699999999999966,0.09270099145389654,nan,0.235120708157447,nan,0.09270099145389654,0.235120708157447,-0.07700021564051282
continuous_Neumann_computational_halfcell,1.135,Au,Au,-6.941433993365864,0.0,-0.17824431260622325,0.0,0.0009668821000512936,1034.2522629666528,1.0,1.0,0.6758447812137716,nan,0.36699999999999966,nan,0.6758447812137716,0.36699999999999966,0.0929808112534998,nan,0.235120708157447,nan,0.0929808112534998,0.235120708157447,-0.07707760939311428
continuous_Neumann_computational_halfcell,1.14,Au,Au,-6.935310773664469,0.0,-0.17808707865605458,0.0,0.0009728206946800308,1027.9386586537498,1.0,1.0,0.6756875472636028,nan,0.36699999999999966,nan,0.6756875472636028,0.36699999999999966,0.09326591844194446,nan,0.235120708157447,nan,0.09326591844194446,0.235120708157447,-0.07715622636819862
continuous_Neumann_computational_halfcell,1.145,Au,Au,-6.92906726724254,0.0,-0.17792675594586344,0.0,0.000978913507400154,1021.5407106352517,1.0,1.0,0.6755272245534116,nan,0.36699999999999966,nan,0.6755272245534116,0.36699999999999966,0.09355752654976927,nan,0.235120708157447,nan,0.09355752654976927,0.235120708157447,-0.07723638772329419
continuous_Neumann_computational_halfcell,1.15,Au,Au,-6.922754826948381,0.0,-0.1777646631301462,0.0,0.0009851123849070134,1015.1126057504515,1.0,1.0,0.6753651317376944,nan,0.36699999999999966,nan,0.6753651317376944,0.36699999999999966,0.0938532811878313,nan,0.235120708157447,nan,0.0938532811878313,0.235120708157447,-0.07731743413115282
continuous_Neumann_computational_halfcell,1.155,Au,Au,-6.91644735230151,0.0,-0.1776026978238727,0.0,0.000991345593536559,1008.7299590777087,1.0,1.0,0.675203166431421,nan,0.36699999999999966,nan,0.675203166431421,0.36699999999999966,0.09414973700982164,nan,0.235120708157447,nan,0.09414973700982164,0.235120708157447,-0.07739841678428956
continuous_Neumann_computational_halfcell,1.16,Au,Au,-6.910163071167993,0.0,-0.1774413280878875,0.0,0.0009975951042206345,1002.4106932453767,1.0,1.0,0.6750417966954357,nan,0.36699999999999966,nan,0.6750417966954357,0.36699999999999966,0.09444603397741123,nan,0.235120708157447,nan,0.09444603397741123,0.235120708157447,-0.07747910165228215
continuous_Neumann_computational_halfcell,1.165,Au,Au,-6.903844252432913,0.0,-0.1772790714845698,0.0,0.001003918684593909,996.0966115542574,1.0,1.0,0.674879540092118,nan,0.36699999999999966,nan,0.674879540092118,0.36699999999999966,0.09474489953260083,nan,0.235120708157447,nan,0.09474489953260083,0.235120708157447,-0.077560229953941
continuous_Neumann_computational_halfcell,1.17,Au,Au,-6.897416908385516,0.0,-0.1771140281343475,0.0,0.0010103919961910195,989.7148866675554,1.0,1.0,0.6747144967418958,nan,0.36699999999999966,nan,0.6747144967418958,0.36699999999999966,0.0950498683380074,nan,0.235120708157447,nan,0.0950498683380074,0.235120708157447,-0.07764275162905215
continuous_Neumann_computational_halfcell,1.175,Au,Au,-6.890868321794883,0.0,-0.17694587148018856,0.0,0.0010170303478556745,983.2548282442293,1.0,1.0,0.6745463400877368,nan,0.36699999999999966,nan,0.6745463400877368,0.36699999999999966,0.09536159955583974,nan,0.235120708157447,nan,0.09536159955583974,0.235120708157447,-0.07772682995613163
continuous_Neumann_computational_halfcell,1.18,Au,Au,-6.88426071973275,0.0,-0.1767761994082988,0.0,0.0010237727306393637,976.7792890669033,1.0,1.0,0.6743766680158471,nan,0.36699999999999966,nan,0.6743766680158471,0.36699999999999966,0.09567717632115177,nan,0.235120708157447,nan,0.09567717632115177,0.235120708157447,-0.0778116659920765
continuous_Neumann_computational_halfcell,1.185,Au,Au,-6.8776659364202875,0.0,-0.1766068565002714,0.0,0.0010305466015141645,970.3588353313835,1.0,1.0,0.6742073251078197,nan,0.36699999999999966,nan,0.6742073251078197,0.36699999999999966,0.09599318215522318,nan,0.235120708157447,nan,0.09599318215522318,0.235120708157447,-0.07789633744609022
continuous_Neumann_computational_halfcell,1.19,Au,Au,-6.871089181254829,0.0,-0.17643797652464,0.0,0.0010373465906202794,963.9979627272423,1.0,1.0,0.6740384451321882,nan,0.36699999999999966,nan,0.6740384451321882,0.36699999999999966,0.09630936356052287,nan,0.235120708157447,nan,0.09630936356052287,0.235120708157447,-0.07798077743390591
continuous_Neumann_computational_halfcell,1.195,Au,Au,-6.864462307649831,0.0,-0.1762678095920465,0.0,0.0010442437835326316,957.6307905966586,1.0,1.0,0.6738682781995947,nan,0.36699999999999966,nan,0.6738682781995947,0.36699999999999966,0.09662900781824905,nan,0.235120708157447,nan,0.09662900781824905,0.235120708157447,-0.07806586090020266
continuous_Neumann_computational_halfcell,1.2,Au,Au,-6.857714489650476,0.0,-0.1760945370114765,0.0,0.0010513139778959878,951.1906252795351,1.0,1.0,0.6736950056190247,nan,0.36699999999999966,nan,0.6736950056190247,0.36699999999999966,0.09695557589305612,nan,0.235120708157447,nan,0.09695557589305612,0.235120708157447,-0.07815249719048765
continuous_Neumann_computational_halfcell,1.205,Au,Au,-6.850846541478795,0.0,-0.17591817969077786,0.0,0.001058559199231697,944.6802793134297,1.0,1.0,0.6735186482983261,nan,0.36699999999999966,nan,0.6735186482983261,0.36699999999999966,0.0972890911417721,nan,0.235120708157447,nan,0.0972890911417721,0.235120708157447,-0.07824067585083698
continuous_Neumann_computational_halfcell,1.21,Au,Au,-6.843930411243116,0.0,-0.1757405851359738,0.0,0.0010659057079375675,938.1692888528675,1.0,1.0,0.673341053743522,nan,0.36699999999999966,nan,0.673341053743522,0.36699999999999966,0.09762610552720019,nan,0.235120708157447,nan,0.09762610552720019,0.235120708157447,-0.07832947312823901
continuous_Neumann_computational_halfcell,1.215,Au,Au,-6.837033505935752,0.0,-0.17556348424489043,0.0,0.0010732825681836614,931.7210859879341,1.0,1.0,0.6731639528524387,nan,0.36699999999999966,nan,0.6731639528524387,0.36699999999999966,0.09796334567401371,nan,0.235120708157447,nan,0.09796334567401371,0.235120708157447,-0.07841802357378069
continuous_Neumann_computational_halfcell,1.22,Au,Au,-6.830146910023233,0.0,-0.17538664808167156,0.0,0.0010806993403754187,925.3267422672943,1.0,1.0,0.6729871166892198,nan,0.36699999999999966,nan,0.6729871166892198,0.36699999999999966,0.09830124407053845,nan,0.235120708157447,nan,0.09830124407053845,0.235120708157447,-0.07850644165539013
continuous_Neumann_computational_halfcell,1.225,Au,Au,-6.823193384786772,0.0,-0.17520809328634432,0.0,0.0010882401978989959,918.9147781258621,1.0,1.0,0.6728085618938926,nan,0.36699999999999966,nan,0.6728085618938926,0.36699999999999966,0.09864360897713095,nan,0.235120708157447,nan,0.09864360897713095,0.235120708157447,-0.07859571905305375
continuous_Neumann_computational_halfcell,1.23,Au,Au,-6.816107653363769,0.0,-0.17502614365921937,0.0,0.0010959785592631508,912.4266086667981,1.0,1.0,0.6726266122667677,nan,0.36699999999999966,nan,0.6726266122667677,0.36699999999999966,0.09899370985102315,nan,0.235120708157447,nan,0.09899370985102315,0.235120708157447,-0.07868669386661623
continuous_Neumann_computational_halfcell,1.235,Au,Au,-6.8089050113041685,0.0,-0.17484119196421094,0.0,0.001103900997524009,905.8783371361623,1.0,1.0,0.6724416605717591,nan,0.36699999999999966,nan,0.6724416605717591,0.36699999999999966,0.09935086070155598,nan,0.235120708157447,nan,0.09935086070155598,0.235120708157447,-0.07877916971412044
continuous_Neumann_computational_halfcell,1.24,Au,Au,-6.801665618521454,0.0,-0.17465529657264275,0.0,0.001111921567437276,899.3440088627567,1.0,1.0,0.672255765180191,nan,0.36699999999999966,nan,0.672255765180191,0.36699999999999966,0.09971113229705021,nan,0.235120708157447,nan,0.09971113229705021,0.235120708157447,-0.07887211740990453
continuous_Neumann_computational_halfcell,1.245,Au,Au,-6.794450037042667,0.0,-0.1744700126151824,0.0,0.0011199737437361317,892.8780746806527,1.0,1.0,0.6720704812227307,nan,0.36699999999999966,nan,0.6720704812227307,0.36699999999999966,0.10007151890559654,nan,0.235120708157447,nan,0.10007151890559654,0.235120708157447,-0.0789647593886347
continuous_Neumann_computational_halfcell,1.25,Au,Au,-6.787234425401322,0.0,-0.17428472788319846,0.0,0.001128084265316874,886.4586013165465,1.0,1.0,0.6718851964907467,nan,0.36699999999999966,nan,0.6718851964907467,0.36699999999999966,0.10043320957652001,nan,0.235120708157447,nan,0.10043320957652001,0.235120708157447,-0.07905740175462668
continuous_Neumann_computational_halfcell,1.255,Au,Au,-6.779934126239024,0.0,-0.17409726851857046,0.0,0.0011363497514862244,880.0107525804503,1.0,1.0,0.6716977371261187,nan,0.36699999999999966,nan,0.6716977371261187,0.36699999999999966,0.10080047569474775,nan,0.235120708157447,nan,0.10080047569474775,0.235120708157447,-0.07915113143694068
continuous_Neumann_computational_halfcell,1.26,Au,Au,-6.772491827110944,0.0,-0.17390616283441898,0.0,0.001144838354431658,873.4857599144977,1.0,1.0,0.6715066314419672,nan,0.36699999999999966,nan,0.6715066314419672,0.36699999999999966,0.10117626809716991,nan,0.235120708157447,nan,0.10117626809716991,0.235120708157447,-0.07924668427901642
continuous_Neumann_computational_halfcell,1.265,Au,Au,-6.764937926919508,0.0,-0.173712191423266,0.0,0.0011535190945406494,866.9123941968353,1.0,1.0,0.6713126600308142,nan,0.36699999999999966,nan,0.6713126600308142,0.36699999999999966,0.1015591283795978,nan,0.235120708157447,nan,0.1015591283795978,0.235120708157447,-0.07934366998459291
continuous_Neumann_computational_halfcell,1.27,Au,Au,-6.757358942857037,0.0,-0.17351757590062905,0.0,0.0011622948108739228,860.3669143529133,1.0,1.0,0.6711180445081772,nan,0.36699999999999966,nan,0.6711180445081772,0.36699999999999966,0.10194471601650242,nan,0.235120708157447,nan,0.10194471601650242,0.235120708157447,-0.07944097774591138
continuous_Neumann_computational_halfcell,1.275,Au,Au,-6.749806171897896,0.0,-0.17332363348625604,0.0,0.0011711065921618687,853.8932379792988,1.0,1.0,0.6709241020938043,nan,0.36699999999999966,nan,0.6709241020938043,0.36699999999999966,0.1023304263989425,nan,0.235120708157447,nan,0.1023304263989425,0.235120708157447,-0.07953794895309789
continuous_Neumann_computational_halfcell,1.28,Au,Au,-6.742240391715762,0.0,-0.17312935701698715,0.0,0.001180000529570904,847.457246789237,1.0,1.0,0.6707298256245354,nan,0.36699999999999966,nan,0.6707298256245354,0.36699999999999966,0.10271826426648986,nan,0.235120708157447,nan,0.10271826426648986,0.235120708157447,-0.07963508718773234
continuous_Neumann_computational_halfcell,1.285,Au,Au,-6.734571535216723,0.0,-0.1729324337218217,0.0,0.0011890845718890953,840.9830752503187,1.0,1.0,0.67053290232937,nan,0.36699999999999966,nan,0.67053290232937,0.36699999999999966,0.10311288617192087,nan,0.235120708157447,nan,0.10311288617192087,0.235120708157447,-0.07973354883531505
continuous_Neumann_computational_halfcell,1.29,Au,Au,-6.726752642439282,0.0,-0.17273165774818444,0.0,0.0011984183389703437,834.4331586741065,1.0,1.0,0.6703321263557327,nan,0.36699999999999966,nan,0.6703321263557327,0.36699999999999966,0.10351678947712488,nan,0.235120708157447,nan,0.10351678947712488,0.235120708157447,-0.07983393682213369
continuous_Neumann_computational_halfcell,1.295,Au,Au,-6.718829471145057,0.0,-0.17252820407818625,0.0,0.0012079513286364762,827.8479242444232,1.0,1.0,0.6701286726857345,nan,0.36699999999999966,nan,0.6701286726857345,0.36699999999999966,0.10392769348285903,nan,0.235120708157447,nan,0.10392769348285903,0.235120708157447,-0.07993566365713278
continuous_Neumann_computational_halfcell,1.3,Au,Au,-6.710892714051488,0.0,-0.17232440154778433,0.0,0.0012175766914693132,821.3035014601404,1.0,1.0,0.6699248701553326,nan,0.36699999999999966,nan,0.6699248701553326,0.36699999999999966,0.10434093732377514,nan,0.235120708157447,nan,0.10434093732377514,0.235120708157447,-0.08003756492233374
continuous_Neumann_computational_halfcell,1.305,Au,Au,-6.70298203679563,0.0,-0.17212126870361014,0.0,0.001227246745620174,814.8320650014535,1.0,1.0,0.6697217373111584,nan,0.36699999999999966,nan,0.6697217373111584,0.36699999999999966,0.10475445833233782,nan,0.235120708157447,nan,0.10475445833233782,0.235120708157447,-0.08013913134442084
continuous_Neumann_computational_halfcell,1.31,Au,Au,-6.695042763212145,0.0,-0.17191740155399327,0.0,0.0012370289737981923,808.3885027604366,1.0,1.0,0.6695178701615415,nan,0.36699999999999966,nan,0.6695178701615415,0.36699999999999966,0.10517112193867448,nan,0.235120708157447,nan,0.10517112193867448,0.235120708157447,-0.08024106491922928
continuous_Neumann_computational_halfcell,1.315,Au,Au,-6.686981738781995,0.0,-0.17171040804806534,0.0,0.0012470409939311,801.898257448344,1.0,1.0,0.6693108766556136,nan,0.36699999999999966,nan,0.6693108766556136,0.36699999999999966,0.10559587083312047,nan,0.235120708157447,nan,0.10559587083312047,0.235120708157447,-0.08034456167219324
continuous_Neumann_computational_halfcell,1.32,Au,Au,-6.678764659314032,0.0,-0.17149940731207944,0.0,0.0012573302447795249,795.3359939856946,1.0,1.0,0.6690998759196277,nan,0.36699999999999966,nan,0.6690998759196277,0.36699999999999966,0.10603060812035811,nan,0.235120708157447,nan,0.10603060812035811,0.235120708157447,-0.08045006204018619
continuous_Neumann_computational_halfcell,1.325,Au,Au,-6.670452496756699,0.0,-0.17128596500279306,0.0,0.0012678249345210474,788.7524316421297,1.0,1.0,0.6688864336103413,nan,0.36699999999999966,nan,0.6688864336103413,0.36699999999999966,0.1064721969496353,nan,0.235120708157447,nan,0.1064721969496353,0.235120708157447,-0.08055678319482938
continuous_Neumann_computational_halfcell,1.33,Au,Au,-6.662137635430959,0.0,-0.17107245339368765,0.0,0.0012784106715157766,782.2212550950685,1.0,1.0,0.668672922001236,nan,0.36699999999999966,nan,0.668672922001236,0.36699999999999966,0.10691576914740482,nan,0.235120708157447,nan,0.10691576914740482,0.235120708157447,-0.08066353899938208
continuous_Neumann_computational_halfcell,1.335,Au,Au,-6.653845854966252,0.0,-0.17085953446214902,0.0,0.0012890550415509672,775.7620642768043,1.0,1.0,0.6684600030696972,nan,0.36699999999999966,nan,0.6684600030696972,0.36699999999999966,0.10735995031735417,nan,0.235120708157447,nan,0.10735995031735417,0.235120708157447,-0.0807699984651514
continuous_Neumann_computational_halfcell,1.34,Au,Au,-6.645507364793913,0.0,-0.17064541610413209,0.0,0.0012998487534359139,769.3202746524792,1.0,1.0,0.6682458847116803,nan,0.36699999999999966,nan,0.6682458847116803,0.36699999999999966,0.10780849465857265,nan,0.235120708157447,nan,0.10780849465857265,0.235120708157447,-0.08087705764415987
continuous_Neumann_computational_halfcell,1.345,Au,Au,-6.6370285298275995,0.0,-0.17042769392861093,0.0,0.0013109168123123613,762.8249104808361,1.0,1.0,0.6680281625361592,nan,0.36699999999999966,nan,0.6680281625361592,0.36699999999999966,0.10826651004890829,nan,0.235120708157447,nan,0.10826651004890829,0.235120708157447,-0.08098591873192044
continuous_Neumann_computational_halfcell,1.35,Au,Au,-6.628389861400777,0.0,-0.1702058674995123,0.0,0.0013222904437733838,756.26350073765,1.0,1.0,0.6678063361070605,nan,0.36699999999999966,nan,0.6678063361070605,0.36699999999999966,0.10873516069068415,nan,0.235120708157447,nan,0.10873516069068415,0.235120708157447,-0.08109683194646976
continuous_Neumann_computational_halfcell,1.355,Au,Au,-6.619666972684794,0.0,-0.1699818784354937,0.0,0.0013338750884929406,749.6953864921755,1.0,1.0,0.667582347043042,nan,0.36699999999999966,nan,0.667582347043042,0.36699999999999966,0.1092104387397742,nan,0.235120708157447,nan,0.1092104387397742,0.235120708157447,-0.08120882647847906
continuous_Neumann_computational_halfcell,1.36,Au,Au,-6.610951185018031,0.0,-0.1697580717144374,0.0,0.001345551671931691,743.1895934285358,1.0,1.0,0.6673585403219857,nan,0.36699999999999966,nan,0.6673585403219857,0.36699999999999966,0.10968740476610384,nan,0.235120708157447,nan,0.10968740476610384,0.235120708157447,-0.0813207298390072
continuous_Neumann_computational_halfcell,1.365,Au,Au,-6.602252307361503,0.0,-0.16953469921391154,0.0,0.0013573075185111545,736.7527154766747,1.0,1.0,0.6671351678214598,nan,0.36699999999999966,nan,0.6671351678214598,0.36699999999999966,0.11016552244141871,nan,0.235120708157447,nan,0.11016552244141871,0.235120708157447,-0.08143241608927014
continuous_Neumann_computational_halfcell,1.37,Au,Au,-6.59348621118606,0.0,-0.1693096006552383,0.0,0.0013692581102483893,730.3224954560216,1.0,1.0,0.6669100692627865,nan,0.36699999999999966,nan,0.6669100692627865,0.36699999999999966,0.11064944297264731,nan,0.235120708157447,nan,0.11064944297264731,0.235120708157447,-0.08154496536860675
continuous_Neumann_computational_halfcell,1.375,Au,Au,-6.584561637158069,0.0,-0.16908043265271278,0.0,0.0013815328475461337,723.8336763227824,1.0,1.0,0.666680901260261,nan,0.36699999999999966,nan,0.666680901260261,0.36699999999999966,0.11114429581170295,nan,0.235120708157447,nan,0.11114429581170295,0.235120708157447,-0.08165954936986952
continuous_Neumann_computational_halfcell,1.38,Au,Au,-6.575475869407262,0.0,-0.1688471254673689,0.0,0.001394142330813409,717.2868780309916,1.0,1.0,0.6664475940749172,nan,0.36699999999999966,nan,0.6664475940749172,0.36699999999999966,0.11165036006622275,nan,0.235120708157447,nan,0.11165036006622275,0.235120708157447,-0.08177620296254146
continuous_Neumann_computational_halfcell,1.385,Au,Au,-6.566318138823046,0.0,-0.16861197039788664,0.0,0.0014069681487322875,710.7481437309183,1.0,1.0,0.6662124390054349,nan,0.36699999999999966,nan,0.6662124390054349,0.36699999999999966,0.11216276424437925,nan,0.235120708157447,nan,0.11216276424437925,0.235120708157447,-0.08189378049728259
continuous_Neumann_computational_halfcell,1.39,Au,Au,-6.557175715674347,0.0,-0.16837720839752007,0.0,0.001419890226449619,704.2797966857349,1.0,1.0,0.6659776770050683,nan,0.36699999999999966,nan,0.6659776770050683,0.36699999999999966,0.1126766576333497,nan,0.235120708157447,nan,0.1126766576333497,0.235120708157447,-0.08201116149746587
continuous_Neumann_computational_halfcell,1.395,Au,Au,-6.548040581508561,0.0,-0.16814263356593592,0.0,0.0014329205403863596,697.8754032867511,1.0,1.0,0.6657431021734842,nan,0.36699999999999966,nan,0.6657431021734842,0.36699999999999966,0.11319249298524477,nan,0.235120708157447,nan,0.11319249298524477,0.235120708157447,-0.08212844891325795
continuous_Neumann_computational_halfcell,1.4,Au,Au,-6.538815501777599,0.0,-0.16790574908400402,0.0,0.0014462005068148396,691.4670512752299,1.0,1.0,0.6655062176915523,nan,0.36699999999999966,nan,0.6655062176915523,0.36699999999999966,0.11371580383989288,nan,0.235120708157447,nan,0.11371580383989288,0.235120708157447,-0.0822468911542239
continuous_Neumann_computational_halfcell,1.405,Au,Au,-6.529414658227189,0.0,-0.1676643512837566,0.0,0.0014598601168522224,684.9971366819847,1.0,1.0,0.6652648198913048,nan,0.36699999999999966,nan,0.6652648198913048,0.36699999999999966,0.11425157426749832,nan,0.235120708157447,nan,0.11425157426749832,0.235120708157447,-0.08236759005434761
continuous_Neumann_computational_halfcell,1.41,Au,Au,-6.519853804427481,0.0,-0.16741884469029386,0.0,0.0014738845620013577,678.4791874352225,1.0,1.0,0.6650193132978421,nan,0.36699999999999966,nan,0.6650193132978421,0.36699999999999966,0.11479905311517886,nan,0.235120708157447,nan,0.11479905311517886,0.235120708157447,-0.08249034335107898
continuous_Neumann_computational_halfcell,1.415,Au,Au,-6.510234298577942,0.0,-0.1671718320111556,0.0,0.0014881310152294908,671.9838440070317,1.0,1.0,0.6647723006187038,nan,0.36699999999999966,nan,0.6647723006187038,0.36699999999999966,0.11535253819288221,nan,0.235120708157447,nan,0.11535253819288221,0.235120708157447,-0.08261384969064811
continuous_Neumann_computational_halfcell,1.42,Au,Au,-6.50063618007875,0.0,-0.1669253685230872,0.0,0.0015024830390886644,665.5649175291543,1.0,1.0,0.6645258371306355,nan,0.36699999999999966,nan,0.6645258371306355,0.36699999999999966,0.11590745232614594,nan,0.235120708157447,nan,0.11590745232614594,0.235120708157447,-0.08273708143468231
continuous_Neumann_computational_halfcell,1.425,Au,Au,-6.491032030627027,0.0,-0.16667875017033387,0.0,0.0015169826273983564,659.2033303077518,1.0,1.0,0.6642792187778821,nan,0.36699999999999966,nan,0.6642792187778821,0.36699999999999966,0.11646538712363456,nan,0.235120708157447,nan,0.11646538712363456,0.235120708157447,-0.08286039061105897
continuous_Neumann_computational_halfcell,1.43,Au,Au,-6.481313209564618,0.0,-0.16642918724410458,0.0,0.0015317977864344318,652.8276831680907,1.0,1.0,0.6640296558516529,nan,0.36699999999999966,nan,0.6640296558516529,0.36699999999999966,0.1170327175817401,nan,0.235120708157447,nan,0.1170327175817401,0.235120708157447,-0.08298517207417362
continuous_Neumann_computational_halfcell,1.435,Au,Au,-6.4714025693211585,0.0,-0.1661746987249641,0.0,0.0015470543595494056,646.3896978327637,1.0,1.0,0.6637751673325123,nan,0.36699999999999966,nan,0.6637751673325123,0.36699999999999966,0.11761409141916575,nan,0.235120708157447,nan,0.11761409141916575,0.235120708157447,-0.08311241633374386
continuous_Neumann_computational_halfcell,1.44,Au,Au,-6.461335712487679,0.0,-0.16591619882737754,0.0,0.001562706988499633,639.9152287404229,1.0,1.0,0.6635166674349258,nan,0.36699999999999966,nan,0.6635166674349258,0.36699999999999966,0.11820758593216289,nan,0.235120708157447,nan,0.11820758593216289,0.235120708157447,-0.08324166628253714
continuous_Neumann_computational_halfcell,1.445,Au,Au,-6.4512241564476565,0.0,-0.16565655112958835,0.0,0.0015785885461024728,633.4772936678116,1.0,1.0,0.6632570197371366,nan,0.36699999999999966,nan,0.6632570197371366,0.36699999999999966,0.1188067305417693,nan,0.235120708157447,nan,0.1188067305417693,0.235120708157447,-0.08337149013143173
continuous_Neumann_computational_halfcell,1.45,Au,Au,-6.441137383321214,0.0,-0.16539753981520347,0.0,0.0015945919864768963,627.1196697842485,1.0,1.0,0.6629980084227517,nan,0.36699999999999966,nan,0.6629980084227517,0.36699999999999966,0.11940743232257442,nan,0.235120708157447,nan,0.11940743232257442,0.235120708157447,-0.08350099578862417
continuous_Neumann_computational_halfcell,1.455,Au,Au,-6.431027340781082,0.0,-0.16513793098153773,0.0,0.0016107951486093585,620.8114053877839,1.0,1.0,0.662738399589086,nan,0.36699999999999966,nan,0.662738399589086,0.36699999999999966,0.12001256763009764,nan,0.235120708157447,nan,0.12001256763009764,0.235120708157447,-0.08363080020545705
continuous_Neumann_computational_halfcell,1.46,Au,Au,-6.4207761568418515,0.0,-0.16487469787489226,0.0,0.0016273926325488222,614.4798618350632,1.0,1.0,0.6624751664824405,nan,0.36699999999999966,nan,0.6624751664824405,0.36699999999999966,0.1206292822465607,nan,0.235120708157447,nan,0.1206292822465607,0.235120708157447,-0.08376241675877978
continuous_Neumann_computational_halfcell,1.465,Au,Au,-6.410318700855399,0.0,-0.1646061680501188,0.0,0.0016445003148885015,608.0874481728517,1.0,1.0,0.6622066366576671,nan,0.36699999999999966,nan,0.6622066366576671,0.36699999999999966,0.1212616718071729,nan,0.235120708157447,nan,0.1212616718071729,0.235120708157447,-0.08389668167116651
continuous_Neumann_computational_halfcell,1.47,Au,Au,-6.399711432961334,0.0,-0.16433379130833684,0.0,0.001662036813022197,601.6713902874573,1.0,1.0,0.6619342599158851,nan,0.36699999999999966,nan,0.6619342599158851,0.36699999999999966,0.12190650780175537,nan,0.235120708157447,nan,0.12190650780175537,0.235120708157447,-0.08403287004205749
continuous_Neumann_computational_halfcell,1.475,Au,Au,-6.389073577804801,0.0,-0.16406062913726482,0.0,0.0016798116955943712,595.3048205478578,1.0,1.0,0.6616610977448131,nan,0.36699999999999966,nan,0.6616610977448131,0.36699999999999966,0.12255664717744331,nan,0.235120708157447,nan,0.12255664717744331,0.235120708157447,-0.0841694511275935
continuous_Neumann_computational_halfcell,1.48,Au,Au,-6.378460633986592,0.0,-0.16378810664732785,0.0,0.0016977343807443141,589.0202915968421,1.0,1.0,0.661388575254876,nan,0.36699999999999966,nan,0.661388575254876,0.36699999999999966,0.12320871915365554,nan,0.235120708157447,nan,0.12320871915365554,0.235120708157447,-0.08430571237256199
continuous_Neumann_computational_halfcell,1.485,Au,Au,-6.367803069999905,0.0,-0.1635144383867524,0.0,0.0017159248544300508,582.7761031715767,1.0,1.0,0.6611149069943006,nan,0.36699999999999966,nan,0.6611149069943006,0.36699999999999966,0.12386702398139715,nan,0.235120708157447,nan,0.12386702398139715,0.235120708157447,-0.08444254650284971
continuous_Neumann_computational_halfcell,1.49,Au,Au,-6.356976434481243,0.0,-0.1632364286545117,0.0,0.001734603478280086,576.5006311364782,1.0,1.0,0.66083689726206,nan,0.36699999999999966,nan,0.66083689726206,0.36699999999999966,0.12453937372162796,nan,0.235120708157447,nan,0.12453937372162796,0.235120708157447,-0.08458155136897005
continuous_Neumann_computational_halfcell,1.495,Au,Au,-6.345931027669433,0.0,-0.16295280124459774,0.0,0.0017538690817003023,570.167984847844,1.0,1.0,0.660553269852146,nan,0.36699999999999966,nan,0.660553269852146,0.36699999999999966,0.12522907048739543,nan,0.235120708157447,nan,0.12522907048739543,0.235120708157447,-0.08472336507392704
continuous_Neumann_computational_halfcell,1.5,Au,Au,-6.334744753663623,0.0,-0.1626655566028283,0.0,0.0017735984853436745,563.825470231064,1.0,1.0,0.6602660252103766,nan,0.36699999999999966,nan,0.6602660252103766,0.36699999999999966,0.1259314562742745,nan,0.235120708157447,nan,0.1259314562742745,0.235120708157447,-0.08486698739481176
continuous_Neumann_computational_halfcell,1.505,Au,Au,-6.323541605884569,0.0,-0.16237787867103326,0.0,0.0017935800907232795,557.5441014160342,1.0,1.0,0.6599783472785815,nan,0.36699999999999966,nan,0.6599783472785815,0.36699999999999966,0.12663885004114353,nan,0.235120708157447,nan,0.12663885004114353,0.235120708157447,-0.08501082636070928
continuous_Neumann_computational_halfcell,1.51,Au,Au,-6.312359619803225,0.0,-0.16209074413592905,0.0,0.0018137484292254401,551.3443782427144,1.0,1.0,0.6596912127434773,nan,0.36699999999999966,nan,0.6596912127434773,0.36699999999999966,0.12734886997911446,nan,0.235120708157447,nan,0.12734886997911446,0.235120708157447,-0.08515439362826138
continuous_Neumann_computational_halfcell,1.515,Au,Au,-6.30110737564479,0.0,-0.16180180549195225,0.0,0.0018342724233395885,545.1752898183678,1.0,1.0,0.6594022740995005,nan,0.36699999999999966,nan,0.6594022740995005,0.36699999999999966,0.1280673695561984,nan,0.235120708157447,nan,0.1280673695561984,0.235120708157447,-0.08529886295024978
continuous_Neumann_computational_halfcell,1.52,Au,Au,-6.2896569710526595,0.0,-0.16150777842239603,0.0,0.001855396292343864,538.9684156028636,1.0,1.0,0.6591082470299443,nan,0.36699999999999966,nan,0.6591082470299443,0.36699999999999966,0.12880268405806292,nan,0.235120708157447,nan,0.12880268405806292,0.235120708157447,-0.0854458764850279
continuous_Neumann_computational_halfcell,1.525,Au,Au,-6.277977570674505,0.0,-0.1612078711274413,0.0,0.0018771932484173792,532.7102048992975,1.0,1.0,0.6588083397349895,nan,0.36699999999999966,nan,0.6588083397349895,0.36699999999999966,0.129557053618746,nan,0.235120708157447,nan,0.129557053618746,0.235120708157447,-0.08559583013250525
continuous_Neumann_computational_halfcell,1.53,Au,Au,-6.266168638816322,0.0,-0.1609046376826391,0.0,0.0018994923004308597,526.4564640631453,1.0,1.0,0.6585051062901873,nan,0.36699999999999966,nan,0.6585051062901873,0.36699999999999966,0.13032428163458112,nan,0.235120708157447,nan,0.13032428163458112,0.235120708157447,-0.08574744685490636
continuous_Neumann_computational_halfcell,1.535,Au,Au,-6.2543555109013464,0.0,-0.16060129649017849,0.0,0.0019220643064535915,520.2739557892858,1.0,1.0,0.6582017650977268,nan,0.36699999999999966,nan,0.6582017650977268,0.36699999999999966,0.13109632816581393,nan,0.235120708157447,nan,0.13109632816581393,0.235120708157447,-0.08589911745113667
continuous_Neumann_computational_halfcell,1.54,Au,Au,-6.2425552699116675,0.0,-0.16029828621221526,0.0,0.0019448794759744715,514.170678622106,1.0,1.0,0.6578987548197635,nan,0.36699999999999966,nan,0.6578987548197635,0.36699999999999966,0.13187209861752255,nan,0.235120708157447,nan,0.13187209861752255,0.235120708157447,-0.08605062259011828
continuous_Neumann_computational_halfcell,1.545,Au,Au,-6.2306546779727245,0.0,-0.159992699091198,0.0,0.0019681629618292827,508.08800866294285,1.0,1.0,0.6575931676987463,nan,0.36699999999999966,nan,0.6575931676987463,0.36699999999999966,0.13265911580491688,nan,0.235120708157447,nan,0.13265911580491688,0.235120708157447,-0.0862034161506269
continuous_Neumann_computational_halfcell,1.55,Au,Au,-6.2185259852664565,0.0,-0.15968125472735228,0.0,0.001992179556122106,501.9627858979532,1.0,1.0,0.6572817233349005,nan,0.36699999999999966,nan,0.6572817233349005,0.36699999999999966,0.13346605092407635,nan,0.235120708157447,nan,0.13346605092407635,0.235120708157447,-0.08635913833254977
continuous_Neumann_computational_halfcell,1.555,Au,Au,-6.206160628953529,0.0,-0.15936373324141218,0.0,0.0020169665000392264,495.79405507258144,1.0,1.0,0.6569642018489604,nan,0.36699999999999966,nan,0.6569642018489604,0.36699999999999966,0.134293784730907,nan,0.235120708157447,nan,0.134293784730907,0.235120708157447,-0.08651789907551982
continuous_Neumann_computational_halfcell,1.56,Au,Au,-6.193679234115248,0.0,-0.1590432320819338,0.0,0.002042298817765797,489.6443122333904,1.0,1.0,0.6566437006894821,nan,0.36699999999999966,nan,0.6566437006894821,0.36699999999999966,0.13513449217854767,nan,0.235120708157447,nan,0.13513449217854767,0.235120708157447,-0.08667814965525901
continuous_Neumann_computational_halfcell,1.565,Au,Au,-6.181204558980627,0.0,-0.15872290347310722,0.0,0.0020679354036277106,483.57409919368524,1.0,1.0,0.6563233720806555,nan,0.36699999999999966,nan,0.6563233720806555,0.36699999999999966,0.13598000575888147,nan,0.235120708157447,nan,0.13598000575888147,0.235120708157447,-0.0868383139596723
continuous_Neumann_computational_halfcell,1.57,Au,Au,-6.16872927252169,0.0,-0.15840255916650367,0.0,0.002093895080689907,477.5788477761335,1.0,1.0,0.656003027774052,nan,0.36699999999999966,nan,0.656003027774052,0.36699999999999966,0.13683085139818002,nan,0.235120708157447,nan,0.13683085139818002,0.235120708157447,-0.08699848611297407
continuous_Neumann_computational_halfcell,1.575,Au,Au,-6.15611890789447,0.0,-0.15807874628045726,0.0,0.002120467050135516,471.5942178569063,1.0,1.0,0.6556792148880055,nan,0.36699999999999966,nan,0.6556792148880055,0.36699999999999966,0.13769632046525096,nan,0.235120708157447,nan,0.13769632046525096,0.235120708157447,-0.08716039255599728
continuous_Neumann_computational_halfcell,1.58,Au,Au,-6.143249948363055,0.0,-0.15774829311360056,0.0,0.0021479315958220593,465.56417436435106,1.0,1.0,0.6553487617211489,nan,0.36699999999999966,nan,0.6553487617211489,0.36699999999999966,0.13858518126475644,nan,0.235120708157447,nan,0.13858518126475644,0.235120708157447,-0.08732561913942563
continuous_Neumann_computational_halfcell,1.585,Au,Au,-6.130139447589599,0.0,-0.15741163757520296,0.0,0.002176277462908097,459.5002324123362,1.0,1.0,0.6550121061827512,nan,0.36699999999999966,nan,0.6550121061827512,0.36699999999999966,0.13949662593803203,nan,0.235120708157447,nan,0.13949662593803203,0.235120708157447,-0.08749394690862443
continuous_Neumann_computational_halfcell,1.59,Au,Au,-6.116928231988487,0.0,-0.15707239584996818,0.0,0.002205219492422872,453.46959948249923,1.0,1.0,0.6546728644575164,nan,0.36699999999999966,nan,0.6546728644575164,0.36699999999999966,0.1404211360524166,nan,0.235120708157447,nan,0.1404211360524166,0.235120708157447,-0.08766356777124182
continuous_Neumann_computational_halfcell,1.595,Au,Au,-6.103732059194629,0.0,-0.15673354039864182,0.0,0.002234512804606861,447.5248465519264,1.0,1.0,0.6543340090061901,nan,0.36699999999999966,nan,0.6543340090061901,0.36699999999999966,0.1413507101728296,nan,0.235120708157447,nan,0.1413507101728296,0.235120708157447,-0.087832995496905
continuous_Neumann_computational_halfcell,1.6,Au,Au,-6.0905157777893955,0.0,-0.15639416859210475,0.0,0.002264240768490023,441.6491452306461,1.0,1.0,0.653994637199653,nan,0.36699999999999966,nan,0.653994637199653,0.36699999999999966,0.14228786858109793,nan,0.235120708157447,nan,0.14228786858109793,0.235120708157447,-0.08800268140017353
continuous_Neumann_computational_halfcell,1.605,Au,Au,-6.077124837410302,0.0,-0.15605031183782264,0.0,0.0022947649995786086,435.7744693611902,1.0,1.0,0.6536507804453708,nan,0.36699999999999966,nan,0.6536507804453708,0.36699999999999966,0.14324374922774993,nan,0.235120708157447,nan,0.14324374922774993,0.235120708157447,-0.08817460977731459
continuous_Neumann_computational_halfcell,1.61,Au,Au,-6.063444522554645,0.0,-0.1556990244352465,0.0,0.002326373823658312,429.85352991440624,1.0,1.0,0.6532994930427948,nan,0.36699999999999966,nan,0.6532994930427948,0.36699999999999966,0.14422691770324467,nan,0.235120708157447,nan,0.14422691770324467,0.235120708157447,-0.08835025347860266
continuous_Neumann_computational_halfcell,1.615,Au,Au,-6.04952075486821,0.0,-0.15534148557475608,0.0,0.002358992271193571,423.9098246362772,1.0,1.0,0.6529419541823043,nan,0.36699999999999966,nan,0.6529419541823043,0.36699999999999966,0.14523451205913762,nan,0.235120708157447,nan,0.14523451205913762,0.235120708157447,-0.08852902290884787
continuous_Neumann_computational_halfcell,1.62,Au,Au,-6.035512996808059,0.0,-0.15498178998318637,0.0,0.002392268986159914,418.01319407865026,1.0,1.0,0.6525822585907346,nan,0.36699999999999966,nan,0.6525822585907346,0.36699999999999966,0.14625528753377856,nan,0.235120708157447,nan,0.14625528753377856,0.235120708157447,-0.08870887070463272
continuous_Neumann_computational_halfcell,1.625,Au,Au,-6.02152505039345,0.0,-0.1546226031212458,0.0,0.0024259670504538865,412.20675268977993,1.0,1.0,0.652223071728794,nan,0.36699999999999966,nan,0.652223071728794,0.36699999999999966,0.1472817785372171,nan,0.235120708157447,nan,0.1472817785372171,0.235120708157447,-0.08888846413560302
continuous_Neumann_computational_halfcell,1.63,Au,Au,-6.007490603672475,0.0,-0.15426222220989813,0.0,0.002460254193530956,406.4620650294677,1.0,1.0,0.6518626908174464,nan,0.36699999999999966,nan,0.6518626908174464,0.36699999999999966,0.14831892235318309,nan,0.235120708157447,nan,0.14831892235318309,0.235120708157447,-0.08906865459127684
continuous_Neumann_computational_halfcell,1.635,Au,Au,-5.993236761836734,0.0,-0.1538962076021906,0.0,0.002495573386791256,400.7095144117458,1.0,1.0,0.6514966762097388,nan,0.36699999999999966,nan,0.6514966762097388,0.36699999999999966,0.14937975532954564,nan,0.235120708157447,nan,0.14937975532954564,0.235120708157447,-0.0892516618951306
continuous_Neumann_computational_halfcell,1.64,Au,Au,-5.978662694204358,0.0,-0.15352197013634533,0.0,0.0025322103685541317,394.9118969017533,1.0,1.0,0.6511224387438936,nan,0.36699999999999966,nan,0.6511224387438936,0.36699999999999966,0.1504722664062304,nan,0.235120708157447,nan,0.1504722664062304,0.235120708157447,-0.08943878062805324
continuous_Neumann_computational_halfcell,1.645,Au,Au,-5.963846336838468,0.0,-0.15314151107896107,0.0,0.002570007821129809,389.10387422882894,1.0,1.0,0.6507419796865093,nan,0.36699999999999966,nan,0.6507419796865093,0.36699999999999966,0.15159113110034328,nan,0.235120708157447,nan,0.15159113110034328,0.235120708157447,-0.08962901015674538
continuous_Neumann_computational_halfcell,1.65,Au,Au,-5.948963564913721,0.0,-0.1527593466077672,0.0,0.0026085427030286116,383.35580967831737,1.0,1.0,0.6503598152153154,nan,0.36699999999999966,nan,0.6503598152153154,0.36699999999999966,0.1527233867662326,nan,0.235120708157447,nan,0.1527233867662326,0.235120708157447,-0.08982009239234232
continuous_Neumann_computational_halfcell,1.655,Au,Au,-5.934100682604482,0.0,-0.15237769286833966,0.0,0.0026476027193911345,377.7001710551078,1.0,1.0,0.6499781614758879,nan,0.36699999999999966,nan,0.6499781614758879,0.36699999999999966,0.15386256926905395,nan,0.235120708157447,nan,0.15386256926905395,0.235120708157447,-0.09001091926205608
continuous_Neumann_computational_halfcell,1.66,Au,Au,-5.919156929652624,0.0,-0.15199396250726344,0.0,0.0026874649441446657,372.0978769151045,1.0,1.0,0.6495944311148116,nan,0.36699999999999966,nan,0.6495944311148116,0.36699999999999966,0.15501651709005537,nan,0.235120708157447,nan,0.15501651709005537,0.235120708157447,-0.09020278444259419
continuous_Neumann_computational_halfcell,1.665,Au,Au,-5.903943440835988,0.0,-0.15160330578430742,0.0,0.0027286632524083933,366.47981355609653,1.0,1.0,0.6492037743918557,nan,0.36699999999999966,nan,0.6492037743918557,0.36699999999999966,0.15620018433422658,nan,0.235120708157447,nan,0.15620018433422658,0.235120708157447,-0.0903981128040722
continuous_Neumann_computational_halfcell,1.67,Au,Au,-5.888378927713929,0.0,-0.1512036353494746,0.0,0.002771465803754696,360.8198948892788,1.0,1.0,0.6488041039570228,nan,0.36699999999999966,nan,0.6488041039570228,0.36699999999999966,0.15742051655384554,nan,0.235120708157447,nan,0.15742051655384554,0.235120708157447,-0.09059794802148861
continuous_Neumann_computational_halfcell,1.675,Au,Au,-5.87257639355945,0.0,-0.15079785293614423,0.0,0.002815609862137309,355.1628417869325,1.0,1.0,0.6483983215436925,nan,0.36699999999999966,nan,0.6483983215436925,0.36699999999999966,0.15866926494925776,nan,0.235120708157447,nan,0.15866926494925776,0.235120708157447,-0.0908008392281538
continuous_Neumann_computational_halfcell,1.68,Au,Au,-5.856725177891569,0.0,-0.15039082046369043,0.0,0.002860596304255668,349.57746345134905,1.0,1.0,0.6479912890712387,nan,0.36699999999999966,nan,0.6479912890712387,0.36699999999999966,0.15993181193576086,nan,0.235120708157447,nan,0.15993181193576086,0.235120708157447,-0.0910043554643807
continuous_Neumann_computational_halfcell,1.685,Au,Au,-5.840887853505409,0.0,-0.14998414469591234,0.0,0.002906261145848169,344.08470189562337,1.0,1.0,0.6475846133034606,nan,0.36699999999999966,nan,0.6475846133034606,0.36699999999999966,0.161203285469112,nan,0.235120708157447,nan,0.161203285469112,0.235120708157447,-0.09120769334826974
continuous_Neumann_computational_halfcell,1.69,Au,Au,-5.824925923785155,0.0,-0.14957426927340245,0.0,0.0029530228930298723,338.63604727221605,1.0,1.0,0.6471747378809507,nan,0.36699999999999966,nan,0.6471747378809507,0.36699999999999966,0.16249499089725014,nan,0.235120708157447,nan,0.16249499089725014,0.235120708157447,-0.09141263105952468
continuous_Neumann_computational_halfcell,1.695,Au,Au,-5.808637614508308,0.0,-0.14915601297458236,0.0,0.0030015165105887606,333.16491729170787,1.0,1.0,0.6467564815821306,nan,0.36699999999999966,nan,0.6467564815821306,0.36699999999999966,0.16382377881365992,nan,0.235120708157447,nan,0.16382377881365992,0.235120708157447,-0.09162175920893473
continuous_Neumann_computational_halfcell,1.7,Au,Au,-5.791967521406939,0.0,-0.14872795311133577,0.0,0.003051971446088492,327.65706287378055,1.0,1.0,0.646328421718884,nan,0.36699999999999966,nan,0.646328421718884,0.36699999999999966,0.16519496414460827,nan,0.235120708157447,nan,0.16519496414460827,0.235120708157447,-0.09183578914055802
continuous_Neumann_computational_halfcell,1.705,Au,Au,-5.775066722124912,0.0,-0.1482939691026425,0.0,0.003103990546894924,322.1659295967733,1.0,1.0,0.6458944377101907,nan,0.36699999999999966,nan,0.6458944377101907,0.36699999999999966,0.16659684248417456,nan,0.235120708157447,nan,0.16659684248417456,0.235120708157447,-0.09205278114490466
continuous_Neumann_computational_halfcell,1.71,Au,Au,-5.75813425032604,0.0,-0.147859171797158,0.0,0.003156996271838524,316.7567883815191,1.0,1.0,0.6454596404047063,nan,0.36699999999999966,nan,0.6454596404047063,0.36699999999999966,0.16801327813141378,nan,0.235120708157447,nan,0.16801327813141378,0.235120708157447,-0.09227017979764691
continuous_Neumann_computational_halfcell,1.715,Au,Au,-5.741201835443057,0.0,-0.14742437595317745,0.0,0.003210906973641765,311.4384839576384,1.0,1.0,0.6450248445607257,nan,0.36699999999999966,nan,0.6450248445607257,0.36699999999999966,0.16944175174161147,nan,0.235120708157447,nan,0.16944175174161147,0.235120708157447,-0.09248757771963718
continuous_Neumann_computational_halfcell,1.72,Au,Au,-5.724089841445806,0.0,-0.14698496882054793,0.0,0.003266324796948122,306.1544892701259,1.0,1.0,0.6445854374280962,nan,0.36699999999999966,nan,0.6445854374280962,0.36699999999999966,0.17089771458583788,nan,0.235120708157447,nan,0.17089771458583788,0.235120708157447,-0.09270728128595195
continuous_Neumann_computational_halfcell,1.725,Au,Au,-5.706587409543423,0.0,-0.14653553590130403,0.0,0.003323996650890567,300.84266171931296,1.0,1.0,0.6441360045088522,nan,0.36699999999999966,nan,0.6441360045088522,0.36699999999999966,0.17239984051943083,nan,0.235120708157447,nan,0.17239984051943083,0.235120708157447,-0.0929319977455739
continuous_Neumann_computational_halfcell,1.73,Au,Au,-5.688672246093146,0.0,-0.1460755047323158,0.0,0.0033840832174579292,295.5010074342038,1.0,1.0,0.643675973339864,nan,0.36699999999999966,nan,0.643675973339864,0.36699999999999966,0.1739510634109238,nan,0.235120708157447,nan,0.1739510634109238,0.235120708157447,-0.09316201333006802
continuous_Neumann_computational_halfcell,1.735,Au,Au,-5.67053657041706,0.0,-0.145609811181441,0.0,0.003446015749838876,290.1902001018877,1.0,1.0,0.6432102797889893,nan,0.36699999999999966,nan,0.6432102797889893,0.36699999999999966,0.1755355967338703,nan,0.235120708157447,nan,0.1755355967338703,0.235120708157447,-0.0933948601055054
continuous_Neumann_computational_halfcell,1.74,Au,Au,-5.652384364640926,0.0,-0.1451436931654884,0.0,0.003509139723231843,284.97012911159356,1.0,1.0,0.6427441617730366,nan,0.36699999999999966,nan,0.6427441617730366,0.36699999999999966,0.17713602772213993,nan,0.235120708157447,nan,0.17713602772213993,0.235120708157447,-0.09362791911348171
continuous_Neumann_computational_halfcell,1.745,Au,Au,-5.634208192397542,0.0,-0.14467695973109562,0.0,0.003573505642227546,279.83725230013897,1.0,1.0,0.6422774283386439,nan,0.36699999999999966,nan,0.6422774283386439,0.36699999999999966,0.17875319253330416,nan,0.235120708157447,nan,0.17875319253330416,0.235120708157447,-0.0938612858306781
continuous_Neumann_computational_halfcell,1.75,Au,Au,-5.615783541262607,0.0,-0.1442038457780285,0.0,0.0036399565243576426,274.7285560440791,1.0,1.0,0.6418043143855767,nan,0.36699999999999966,nan,0.6418043143855767,0.36699999999999966,0.18040753360352518,nan,0.235120708157447,nan,0.18040753360352518,0.235120708157447,-0.09409784280721166
continuous_Neumann_computational_halfcell,1.755,Au,Au,-5.596895175538281,0.0,-0.14371882441673556,0.0,0.0037093627762494817,269.5880829998232,1.0,1.0,0.6413192930242838,nan,0.36699999999999966,nan,0.6413192930242838,0.36699999999999966,0.1821194062358329,nan,0.235120708157447,nan,0.1821194062358329,0.235120708157447,-0.09434035348785813
continuous_Neumann_computational_halfcell,1.76,Au,Au,-5.577562379283458,0.0,-0.14322239082931104,0.0,0.003781772820050325,264.4262486361338,1.0,1.0,0.6408228594368592,nan,0.36699999999999966,nan,0.6408228594368592,0.36699999999999966,0.18388838095591212,nan,0.235120708157447,nan,0.18388838095591212,0.235120708157447,-0.09458857028157039
continuous_Neumann_computational_halfcell,1.765,Au,Au,-5.558021842493043,0.0,-0.142720622815455,0.0,0.0038563974188390894,259.30937385105784,1.0,1.0,0.6403210914230033,nan,0.36699999999999966,nan,0.6403210914230033,0.36699999999999966,0.18569382526835657,nan,0.235120708157447,nan,0.18569382526835657,0.235120708157447,-0.09483945428849841
continuous_Neumann_computational_halfcell,1.77,Au,Au,-5.53847651242317,0.0,-0.14221873171827018,0.0,0.003932513412241472,254.29029609590458,1.0,1.0,0.6398192003258184,nan,0.36699999999999966,nan,0.6398192003258184,0.36699999999999966,0.1875174451210374,nan,0.235120708157447,nan,0.1875174451210374,0.235120708157447,-0.09509039983709082
continuous_Neumann_computational_halfcell,1.775,Au,Au,-5.518869659383027,0.0,-0.1417152608150171,0.0,0.004010378474764953,249.35302398325624,1.0,1.0,0.6393157294225653,nan,0.36699999999999966,nan,0.6393157294225653,0.36699999999999966,0.189364799019306,nan,0.235120708157447,nan,0.189364799019306,0.235120708157447,-0.09534213528871736
continuous_Neumann_computational_halfcell,1.78,Au,Au,-5.4989274185685275,0.0,-0.14120317771962132,0.0,0.004091157185238454,244.42962094151724,1.0,1.0,0.6388036463271696,nan,0.36699999999999966,nan,0.6388036463271696,0.36699999999999966,0.1912624232286585,nan,0.235120708157447,nan,0.1912624232286585,0.235120708157447,-0.09559817683641525
continuous_Neumann_computational_halfcell,1.785,Au,Au,-5.478435972130034,0.0,-0.14067699195048095,0.0,0.004175855747882408,239.47187364101447,1.0,1.0,0.6382774605580293,nan,0.36699999999999966,nan,0.6382774605580293,0.36699999999999966,0.19323211832401554,nan,0.235120708157447,nan,0.19323211832401554,0.235120708157447,-0.09586126972098544
continuous_Neumann_computational_halfcell,1.79,Au,Au,-5.4574665299800245,0.0,-0.14013853205799523,0.0,0.004264345662968759,234.50256593500873,1.0,1.0,0.6377390006655435,nan,0.36699999999999966,nan,0.6377390006655435,0.36699999999999966,0.1952687613471816,nan,0.235120708157447,nan,0.1952687613471816,0.235120708157447,-0.0961304996672283
continuous_Neumann_computational_halfcell,1.795,Au,Au,-5.4363042142510505,0.0,-0.13959511949743902,0.0,0.004355550743849197,229.59209037161963,1.0,1.0,0.6371955881049873,nan,0.36699999999999966,nan,0.6371955881049873,0.36699999999999966,0.19734590082754183,nan,0.235120708157447,nan,0.19734590082754183,0.235120708157447,-0.0964022059475064
continuous_Neumann_computational_halfcell,1.8,Au,Au,-5.415143240749325,0.0,-0.1390517414030138,0.0,0.004448700531912478,224.78474170750803,1.0,1.0,0.636652210010562,nan,0.36699999999999966,nan,0.636652210010562,0.36699999999999966,0.19944500168876217,nan,0.235120708157447,nan,0.19944500168876217,0.235120708157447,-0.09667389499471901
continuous_Neumann_computational_halfcell,1.805,Au,Au,-5.393864554949779,0.0,-0.13850534065539757,0.0,0.0045443773613040965,220.05214807095837,1.0,1.0,0.6361058092629458,nan,0.36699999999999966,nan,0.6361058092629458,0.36699999999999966,0.20157829374096112,nan,0.235120708157447,nan,0.20157829374096112,0.235120708157447,-0.09694709536852712
continuous_Neumann_computational_halfcell,1.81,Au,Au,-5.372138959994842,0.0,-0.1379474640347447,0.0,0.004644186948687059,215.32294264827263,1.0,1.0,0.6355479326422929,nan,0.36699999999999966,nan,0.6355479326422929,0.36699999999999966,0.2037799342597696,nan,0.235120708157447,nan,0.2037799342597696,0.235120708157447,-0.09722603367885356
continuous_Neumann_computational_halfcell,1.815,Au,Au,-5.349761300486463,0.0,-0.13737284349659376,0.0,0.004749284516024784,210.55803176791218,1.0,1.0,0.634973312104142,nan,0.36699999999999966,nan,0.634973312104142,0.36699999999999966,0.20607279655423436,nan,0.235120708157447,nan,0.20607279655423436,0.235120708157447,-0.09751334394792903
continuous_Neumann_computational_halfcell,1.82,Au,Au,-5.326868132116947,0.0,-0.1367849855607115,0.0,0.004859264781127963,205.79244907248577,1.0,1.0,0.6343854541682598,nan,0.36699999999999966,nan,0.6343854541682598,0.36699999999999966,0.20844517809746335,nan,0.235120708157447,nan,0.20844517809746335,0.235120708157447,-0.09780727291587016
continuous_Neumann_computational_halfcell,1.825,Au,Au,-5.303798297586253,0.0,-0.1361925911359006,0.0,0.0049726703093005975,201.0991957640259,1.0,1.0,0.6337930597434489,nan,0.36699999999999966,nan,0.6337930597434489,0.36699999999999966,0.21086349671987548,nan,0.235120708157447,nan,0.21086349671987548,0.235120708157447,-0.09810347012827561
continuous_Neumann_computational_halfcell,1.83,Au,Au,-5.280726950368582,0.0,-0.13560015786784047,0.0,0.005088730193496407,196.51267840414067,1.0,1.0,0.6332006264753887,nan,0.36699999999999966,nan,0.6332006264753887,0.36699999999999966,0.2133100332873595,nan,0.235120708157447,nan,0.2133100332873595,0.235120708157447,-0.09839968676230568
continuous_Neumann_computational_halfcell,1.835,Au,Au,-5.257454629341472,0.0,-0.13500256393145887,0.0,0.005208545539147415,191.99217756358325,1.0,1.0,0.6326030325390071,nan,0.36699999999999966,nan,0.6326030325390071,0.36699999999999966,0.21580664036415087,nan,0.235120708157447,nan,0.21580664036415087,0.235120708157447,-0.09869848373049647
continuous_Neumann_computational_halfcell,1.84,Au,Au,-5.2335877924515355,0.0,-0.1343897038308518,0.0,0.005334352379790448,187.4641809919733,1.0,1.0,0.6319901724384,nan,0.36699999999999966,nan,0.6319901724384,0.36699999999999966,0.21839737874465315,nan,0.235120708157447,nan,0.21839737874465315,0.235120708157447,-0.09900491378080001
continuous_Neumann_computational_halfcell,1.845,Au,Au,-5.208939316686958,0.0,-0.13375677256281018,0.0,0.005467469867194588,182.89995633997154,1.0,1.0,0.6313572411703584,nan,0.36699999999999966,nan,0.6313572411703584,0.36699999999999966,0.22110561418337457,nan,0.235120708157447,nan,0.22110561418337457,0.235120708157447,-0.09932137941482082
continuous_Neumann_computational_halfcell,1.85,Au,Au,-5.183729941553327,0.0,-0.13310943834538178,0.0,0.005607053380504845,178.34679503442902,1.0,1.0,0.63070990695293,nan,0.36699999999999966,nan,0.63070990695293,0.36699999999999966,0.22391021982591336,nan,0.235120708157447,nan,0.22391021982591336,0.235120708157447,-0.09964504652353502
continuous_Neumann_computational_halfcell,1.855,Au,Au,-5.158360222706744,0.0,-0.1324579867719541,0.0,0.005751122517985286,173.87909871033608,1.0,1.0,0.6300584553795023,nan,0.36699999999999966,nan,0.6300584553795023,0.36699999999999966,0.22676858010994289,nan,0.235120708157447,nan,0.22676858010994289,0.235120708157447,-0.09997077231024885
continuous_Neumann_computational_halfcell,1.86,Au,Au,-5.132971347002828,0.0,-0.1318060432827537,0.0,0.005899006411970916,169.52007340942865,1.0,1.0,0.629406511890302,nan,0.36699999999999966,nan,0.629406511890302,0.36699999999999966,0.22966562905627955,nan,0.235120708157447,nan,0.22966562905627955,0.235120708157447,-0.10029674405484906
continuous_Neumann_computational_halfcell,1.865,Au,Au,-5.107255749948963,0.0,-0.13114571014056642,0.0,0.006052670193869601,165.2163372477889,1.0,1.0,0.6287461787481147,nan,0.36699999999999966,nan,0.6287461787481147,0.36699999999999966,0.2326376895752146,nan,0.235120708157447,nan,0.2326376895752146,0.235120708157447,-0.1006269106259427
continuous_Neumann_computational_halfcell,1.87,Au,Au,-5.080740125927038,0.0,-0.13046483365573203,0.0,0.006215307203186589,160.89309302158063,1.0,1.0,0.6280653022632803,nan,0.36699999999999966,nan,0.6280653022632803,0.36699999999999966,0.23574249229832858,nan,0.235120708157447,nan,0.23574249229832858,0.235120708157447,-0.1009673488683599
continuous_Neumann_computational_halfcell,1.875,Au,Au,-5.053268202689026,0.0,-0.12975940102060066,0.0,0.0063884206377154175,156.5332116824438,1.0,1.0,0.6273598696281489,nan,0.36699999999999966,nan,0.6273598696281489,0.36699999999999966,0.23900298385321397,nan,0.235120708157447,nan,0.23900298385321397,0.235120708157447,-0.10132006518592558
continuous_Neumann_computational_halfcell,1.88,Au,Au,-5.025174215876068,0.0,-0.12903799484247813,0.0,0.006570441719953122,152.19676889655673,1.0,1.0,0.6266384634500264,nan,0.36699999999999966,nan,0.6266384634500264,0.36699999999999966,0.24238394778699407,nan,0.235120708157447,nan,0.24238394778699407,0.235120708157447,-0.10168076827498684
continuous_Neumann_computational_halfcell,1.885,Au,Au,-4.996934136483924,0.0,-0.1283128372534254,0.0,0.006758636324080748,147.9588414066667,1.0,1.0,0.6259133058609736,nan,0.36699999999999966,nan,0.6259133058609736,0.36699999999999966,0.24583069559312154,nan,0.235120708157447,nan,0.24583069559312154,0.235120708157447,-0.10204334706951321
continuous_Neumann_computational_halfcell,1.89,Au,Au,-4.968631111695432,0.0,-0.12758606333280276,0.0,0.006952658937084079,143.8298655304666,1.0,1.0,0.625186531940351,nan,0.36699999999999966,nan,0.625186531940351,0.36699999999999966,0.24933430393640402,nan,0.235120708157447,nan,0.24933430393640402,0.235120708157447,-0.10240673402982453
continuous_Neumann_computational_halfcell,1.895,Au,Au,-4.9398011296635165,0.0,-0.12684575803930867,0.0,0.0071560213511897425,139.74245616717485,1.0,1.0,0.6244462266468569,nan,0.36699999999999966,nan,0.6244462266468569,0.36699999999999966,0.25295448544272664,nan,0.235120708157447,nan,0.25295448544272664,0.235120708157447,-0.10277688667657157
continuous_Neumann_computational_halfcell,1.9,Au,Au,-4.9098606820330986,0.0,-0.12607693786294355,0.0,0.007373515523004808,135.62051871730333,1.0,1.0,0.6236774064704917,nan,0.36699999999999966,nan,0.6236774064704917,0.36699999999999966,0.25676975718848977,nan,0.235120708157447,nan,0.25676975718848977,0.235120708157447,-0.10316129676475413
continuous_Neumann_computational_halfcell,1.905,Au,Au,-4.878703338937343,0.0,-0.1252768698643071,0.0,0.0076068711691643295,131.46009413879128,1.0,1.0,0.6228773384718553,nan,0.36699999999999966,nan,0.6228773384718553,0.36699999999999966,0.2608012097023245,nan,0.235120708157447,nan,0.2608012097023245,0.235120708157447,-0.10356133076407235
continuous_Neumann_computational_halfcell,1.91,Au,Au,-4.846829080241127,0.0,-0.12445839268270892,0.0,0.007853240104027477,127.33597683931215,1.0,1.0,0.6220588612902571,nan,0.36699999999999966,nan,0.6220588612902571,0.36699999999999966,0.2649909296909189,nan,0.235120708157447,nan,0.2649909296909189,0.235120708157447,-0.10397056935487145
continuous_Neumann_computational_halfcell,1.915,Au,Au,-4.814816312195026,0.0,-0.12363635881471373,0.0,0.008108711412512746,123.32415708578262,1.0,1.0,0.6212368274222619,nan,0.36699999999999966,nan,0.6212368274222619,0.36699999999999966,0.26926660403009217,nan,0.235120708157447,nan,0.26926660403009217,0.235120708157447,-0.10438158628886904
continuous_Neumann_computational_halfcell,1.92,Au,Au,-4.782643853580916,0.0,-0.12281022436237941,0.0,0.008373830493568546,119.41966114170116,1.0,1.0,0.6204106929699277,nan,0.36699999999999966,nan,0.6204106929699277,0.36699999999999966,0.27363311455344685,nan,0.235120708157447,nan,0.27363311455344685,0.235120708157447,-0.1047946535150362
continuous_Neumann_computational_halfcell,1.925,Au,Au,-4.749589735148016,0.0,-0.12196145037353101,0.0,0.008655245417786906,115.53687408388865,1.0,1.0,0.6195619189810793,nan,0.36699999999999966,nan,0.6195619189810793,0.36699999999999966,0.27819304254876476,nan,0.235120708157447,nan,0.27819304254876476,0.235120708157447,-0.1052190405094604
continuous_Neumann_computational_halfcell,1.93,Au,Au,-4.714887021106151,0.0,-0.12107034323113446,0.0,0.008960878399821215,111.59620244595126,1.0,1.0,0.6186708118386827,nan,0.36699999999999966,nan,0.6186708118386827,0.36699999999999966,0.2830621903496265,nan,0.235120708157447,nan,0.2830621903496265,0.235120708157447,-0.10566459408065867
continuous_Neumann_computational_halfcell,1.935,Au,Au,-4.678509737940567,0.0,-0.12013623597915622,0.0,0.009292852358322787,107.60958653393308,1.0,1.0,0.6177367045867045,nan,0.36699999999999966,nan,0.6177367045867045,0.36699999999999966,0.28825781451157373,nan,0.235120708157447,nan,0.28825781451157373,0.235120708157447,-0.10613164770664779
continuous_Neumann_computational_halfcell,1.94,Au,Au,-4.641236663079026,0.0,-0.11917912630790307,0.0,0.00964576169134038,103.67247626465458,1.0,1.0,0.6167795949154513,nan,0.36699999999999966,nan,0.6167795949154513,0.36699999999999966,0.29368031341883444,nan,0.235120708157447,nan,0.29368031341883444,0.235120708157447,-0.10661020254227438
continuous_Neumann_computational_halfcell,1.945,Au,Au,-4.603813298530154,0.0,-0.11821815745106443,0.0,0.010013578084462361,99.864403269762,1.0,1.0,0.6158186260586127,nan,0.36699999999999966,nan,0.6158186260586127,0.36699999999999966,0.299227301023681,nan,0.235120708157447,nan,0.299227301023681,0.235120708157447,-0.1070906869706937
continuous_Neumann_computational_halfcell,1.95,Au,Au,-4.565995271634874,0.0,-0.1172470543310873,0.0,0.010399523703386327,96.15824998546584,1.0,1.0,0.6148475229386355,nan,0.36699999999999966,nan,0.6148475229386355,0.36699999999999966,0.3049392273374119,nan,0.235120708157447,nan,0.3049392273374119,0.235120708157447,-0.10757623853068227
continuous_Neumann_computational_halfcell,1.955,Au,Au,-4.52651267757893,0.0,-0.11623320793506332,0.0,0.010818337396547393,92.43564545501641,1.0,1.0,0.6138336765426116,nan,0.36699999999999966,nan,0.6138336765426116,0.36699999999999966,0.31101893642442596,nan,0.235120708157447,nan,0.31101893642442596,0.235120708157447,-0.10808316172869425
continuous_Neumann_computational_halfcell,1.96,Au,Au,-4.484163649501747,0.0,-0.1151457563499336,0.0,0.01128632289632782,88.60281680629264,1.0,1.0,0.6127462249574819,nan,0.36699999999999966,nan,0.6127462249574819,0.36699999999999966,0.3176748302339215,nan,0.235120708157447,nan,0.3176748302339215,0.235120708157447,-0.10862688752125911
continuous_Neumann_computational_halfcell,1.965,Au,Au,-4.439042561226836,0.0,-0.11398712293624808,0.0,0.01180723781698571,84.69381370140741,1.0,1.0,0.6115875915437963,nan,0.36699999999999966,nan,0.6115875915437963,0.36699999999999966,0.324923203448665,nan,0.235120708157447,nan,0.324923203448665,0.235120708157447,-0.10920620422810187
continuous_Neumann_computational_halfcell,1.97,Au,Au,-4.392546573587962,0.0,-0.11279318442677592,0.0,0.01236919002642279,80.84603744172594,1.0,1.0,0.6103936530343241,nan,0.36699999999999966,nan,0.6103936530343241,0.36699999999999966,0.3325655059758525,nan,0.235120708157447,nan,0.3325655059758525,0.235120708157447,-0.10980317348283794
continuous_Neumann_computational_halfcell,1.975,Au,Au,-4.345809133618596,0.0,-0.11159304582886141,0.0,0.012961016809420868,77.15444048133155,1.0,1.0,0.6091935144364097,nan,0.36699999999999966,nan,0.6091935144364097,0.36699999999999966,0.34042865418228846,nan,0.235120708157447,nan,0.34042865418228846,0.235120708157447,-0.1104032427817952
continuous_Neumann_computational_halfcell,1.98,Au,Au,-4.297789114786296,0.0,-0.11035997276985347,0.0,0.013598590724793986,73.53703190557268,1.0,1.0,0.6079604413774017,nan,0.36699999999999966,nan,0.6079604413774017,0.36699999999999966,0.34870126469005525,nan,0.235120708157447,nan,0.34870126469005525,0.235120708157447,-0.11101977931129917
continuous_Neumann_computational_halfcell,1.985,Au,Au,-4.244909879752193,0.0,-0.10900212323778204,0.0,0.014337025677099862,69.74947402077075,1.0,1.0,0.6066025918453303,nan,0.36699999999999966,nan,0.6066025918453303,0.36699999999999966,0.3580437544488706,nan,0.235120708157447,nan,0.3580437544488706,0.235120708157447,-0.1116987040773349
continuous_Neumann_computational_halfcell,1.99,Au,Au,-4.183087046447083,0.0,-0.10741461719272419,0.0,0.015251353184627706,65.56795242325971,1.0,1.0,0.6050150858002724,nan,0.36699999999999966,nan,0.6050150858002724,0.36699999999999966,0.3692842285890574,nan,0.235120708157447,nan,0.3692842285890574,0.235120708157447,-0.11249245709986382
continuous_Neumann_computational_halfcell,1.995,Au,Au,-4.110947243396012,0.0,-0.10556218877250499,0.0,0.016392239729008006,61.004476296816335,1.0,1.0,0.6031626573800533,nan,0.36699999999999966,nan,0.6031626573800533,0.36699999999999966,0.3828474152667944,nan,0.235120708157447,nan,0.3828474152667944,0.235120708157447,-0.1134186713099734
continuous_Neumann_computational_halfcell,2.0,C,C,-4.031773166518722,0.0,-0.10352913206942138,0.0,0.0177428410326935,56.36075970907757,1.0,1.0,nan,nan,nan,nan,nan,nan,nan,nan,nan,nan,nan,nan,0.040225920135393924
continuous_Neumann_computational_halfcell,2.01,C,C,-3.8798404224546825,0.0,-0.09962775555932936,0.0,0.020654120852654386,48.41648827049852,1.0,1.0,nan,nan,nan,nan,nan,nan,nan,nan,nan,nan,nan,nan,0.039445644833375516
continuous_Neumann_computational_halfcell,2.02,C,C,-3.7636344740070538,0.0,-0.09664378287852624,0.0,0.023199269821716165,43.104804922089784,1.0,1.0,nan,nan,nan,nan,nan,nan,nan,nan,nan,nan,nan,nan,0.038848850297214896
continuous_Neumann_computational_halfcell,2.03,C,C,-3.6669225480454757,0.0,-0.09416038380272711,0.0,0.02555499332289896,39.13129568709118,1.0,1.0,nan,nan,nan,nan,nan,nan,nan,nan,nan,nan,nan,nan,0.038352170482055074
continuous_Neumann_computational_halfcell,2.04,C,C,-3.5729405004732406,0.0,-0.09174708339781819,0.0,0.028073182985405384,35.62118340908751,1.0,1.0,nan,nan,nan,nan,nan,nan,nan,nan,nan,nan,nan,nan,0.03786951040107328
continuous_Neumann_computational_halfcell,2.05,C,C,-3.4883888962799574,0.0,-0.08957594086680963,0.0,0.03055005184597777,32.73316867158314,1.0,1.0,nan,nan,nan,nan,nan,nan,nan,nan,nan,nan,nan,nan,0.037435281894871573
continuous_Neumann_computational_halfcell,2.06,C,C,-3.4101790175466515,0.0,-0.08756764314516342,0.0,0.03303528595066597,30.270662754164558,1.0,1.0,nan,nan,nan,nan,nan,nan,nan,nan,nan,nan,nan,nan,0.037033622350542326
continuous_Neumann_computational_halfcell,2.07,C,C,-3.3333007573229825,0.0,-0.08559353913999292,0.0,0.035675155482557695,28.03071175089679,1.0,1.0,nan,nan,nan,nan,nan,nan,nan,nan,nan,nan,nan,nan,0.03663880154950823
continuous_Neumann_computational_halfcell,2.08,C,C,-3.262094955975149,0.0,-0.08376509430756347,0.0,0.03830806019523173,26.104166979576576,1.0,1.0,nan,nan,nan,nan,nan,nan,nan,nan,nan,nan,nan,nan,0.03627311258302234
continuous_Neumann_computational_halfcell,2.09,C,C,-3.194290298079544,0.0,-0.08202398510020761,0.0,0.040995609717202376,24.392855891112283,1.0,1.0,nan,nan,nan,nan,nan,nan,nan,nan,nan,nan,nan,nan,0.03592489074155117
continuous_Neumann_computational_halfcell,2.1,C,C,-3.12745323487818,0.0,-0.08030772209196872,0.0,0.04382927811152296,22.81579900667117,1.0,1.0,nan,nan,nan,nan,nan,nan,nan,nan,nan,nan,nan,nan,0.03558163813990339
continuous_Neumann_computational_halfcell,2.11,C,C,-3.064724447684996,0.0,-0.0786969526796892,0.0,0.04666669920995548,21.428556485234942,1.0,1.0,nan,nan,nan,nan,nan,nan,nan,nan,nan,nan,nan,nan,0.03525948425744748
continuous_Neumann_computational_halfcell,2.12,C,C,-3.0040958128814808,0.0,-0.07714011163717051,0.0,0.04958356688839181,20.167972228599666,1.0,1.0,nan,nan,nan,nan,nan,nan,nan,nan,nan,nan,nan,nan,0.034948116048943746
continuous_Neumann_computational_halfcell,2.13,C,C,-2.9443035909205513,0.0,-0.07560474826516259,0.0,0.052638705126910074,18.99742779745503,1.0,1.0,nan,nan,nan,nan,nan,nan,nan,nan,nan,nan,nan,nan,0.034641043374542164
continuous_Neumann_computational_halfcell,2.14,C,C,-2.887735198693692,0.0,-0.07415216740112895,0.0,0.055702224332297254,17.952604442407882,1.0,1.0,nan,nan,nan,nan,nan,nan,nan,nan,nan,nan,nan,nan,0.03435052720173544
continuous_Neumann_computational_halfcell,2.15,C,C,-2.83253971561102,0.0,-0.07273484052739623,0.0,0.05886316796375246,16.988552172655627,1.0,1.0,nan,nan,nan,nan,nan,nan,nan,nan,nan,nan,nan,nan,0.0340670618269889
continuous_Neumann_computational_halfcell,2.16,C,C,-2.778135634221117,0.0,-0.0713378355137947,0.0,0.06215427773309689,16.0889971933099,1.0,1.0,nan,nan,nan,nan,nan,nan,nan,nan,nan,nan,nan,nan,0.03378766082426859
continuous_Neumann_computational_halfcell,2.17,C,C,-2.7263677001409157,0.0,-0.07000852231511145,0.0,0.06545661644487465,15.277294402196397,1.0,1.0,nan,nan,nan,nan,nan,nan,nan,nan,nan,nan,nan,nan,0.03352179818453194
continuous_Neumann_computational_halfcell,2.18,C,C,-2.6755168254904067,0.0,-0.06870275765522017,0.0,0.06887122479050271,14.519852130434293,1.0,1.0,nan,nan,nan,nan,nan,nan,nan,nan,nan,nan,nan,nan,0.03326064525255368
continuous_Neumann_computational_halfcell,2.19,C,C,-2.625450464330509,0.0,-0.06741713797805118,0.0,0.07240713285616274,13.810794055145186,1.0,1.0,nan,nan,nan,nan,nan,nan,nan,nan,nan,nan,nan,nan,0.03300352131711989
continuous_Neumann_computational_halfcell,2.2,C,C,-2.577588049108385,0.0,-0.0661881119138266,0.0,0.07595698778462417,13.165345666885806,1.0,1.0,nan,nan,nan,nan,nan,nan,nan,nan,nan,nan,nan,nan,0.03275771610427497
continuous_Neumann_computational_halfcell,2.21,C,C,-2.5303393224198754,0.0,-0.06497484433566311,0.0,0.07963199477980909,12.55776654553369,1.0,1.0,nan,nan,nan,nan,nan,nan,nan,nan,nan,nan,nan,nan,0.03251506258864227
continuous_Neumann_computational_halfcell,2.22,C,C,-2.483885590463723,0.0,-0.06378199088082487,0.0,0.0834184650652345,11.987753541353044,1.0,1.0,nan,nan,nan,nan,nan,nan,nan,nan,nan,nan,nan,nan,0.03227649189767462
continuous_Neumann_computational_halfcell,2.23,C,C,-2.439295393517119,0.0,-0.06263698986067259,0.0,0.0872222872044443,11.464959611252274,1.0,1.0,nan,nan,nan,nan,nan,nan,nan,nan,nan,nan,nan,nan,0.03204749169364417
continuous_Neumann_computational_halfcell,2.24,C,C,-2.39511147513811,0.0,-0.06150242138861873,0.0,0.09116251600209009,10.969420808625696,1.0,1.0,nan,nan,nan,nan,nan,nan,nan,nan,nan,nan,nan,nan,0.03182057799923339
continuous_Neumann_computational_halfcell,2.25,C,C,-2.3517397784254346,0.0,-0.06038870939848744,0.0,0.0952033852540806,10.503828170933009,1.0,1.0,nan,nan,nan,nan,nan,nan,nan,nan,nan,nan,nan,nan,0.03159783560120714
continuous_Neumann_computational_halfcell,2.26,C,C,-2.309950516590625,0.0,-0.05931563166596329,0.0,0.09926616346631958,10.07392615046812,1.0,1.0,nan,nan,nan,nan,nan,nan,nan,nan,nan,nan,nan,nan,0.03138322005470231
continuous_Neumann_computational_halfcell,2.27,C,C,-2.2684255147347585,0.0,-0.05824933968381018,0.0,0.10347497171124083,9.664172731456437,1.0,1.0,nan,nan,nan,nan,nan,nan,nan,nan,nan,nan,nan,nan,0.031169961658271683
continuous_Neumann_computational_halfcell,2.28,C,C,-2.227730624152823,0.0,-0.05720436355851747,0.0,0.10777272965689977,9.278785117381302,1.0,1.0,nan,nan,nan,nan,nan,nan,nan,nan,nan,nan,nan,nan,0.03096096643321314
continuous_Neumann_computational_halfcell,2.29,C,C,-2.1883784290570993,0.0,-0.05619386558776863,0.0,0.11209837678659235,8.920735773933224,1.0,1.0,nan,nan,nan,nan,nan,nan,nan,nan,nan,nan,nan,nan,0.03075886683906337
continuous_Neumann_computational_halfcell,2.3,C,C,-2.149195619741464,0.0,-0.055187717158046316,0.0,0.11657789302478086,8.577955683136517,1.0,1.0,nan,nan,nan,nan,nan,nan,nan,nan,nan,nan,nan,nan,0.030557637153118912
continuous_Neumann_computational_halfcell,2.31,C,C,-2.1108577373066684,0.0,-0.05420326502497131,0.0,0.12113402069203011,8.255319143928935,1.0,1.0,nan,nan,nan,nan,nan,nan,nan,nan,nan,nan,nan,nan,0.030360746726503907
continuous_Neumann_computational_halfcell,2.32,C,C,-2.0736537099365506,0.0,-0.053247928376793485,0.0,0.12572557670033338,7.953831083897095,1.0,1.0,nan,nan,nan,nan,nan,nan,nan,nan,nan,nan,nan,nan,0.030169679396868345
continuous_Neumann_computational_halfcell,2.33,C,C,-2.0365595235768037,0.0,-0.05229541226042627,0.0,0.1304768420428552,7.664195303497224,1.0,1.0,nan,nan,nan,nan,nan,nan,nan,nan,nan,nan,nan,nan,0.029979176173594902
continuous_Neumann_computational_halfcell,2.34,C,C,-2.00031963400307,0.0,-0.05136483304406129,0.0,0.1352920323908639,7.391418270005445,1.0,1.0,nan,nan,nan,nan,nan,nan,nan,nan,nan,nan,nan,nan,0.029793060330321905
continuous_Neumann_computational_halfcell,2.35,C,C,-1.9650293458821757,0.0,-0.050458637990734245,0.0,0.1401517736780297,7.1351219735349005,1.0,1.0,nan,nan,nan,nan,nan,nan,nan,nan,nan,nan,nan,nan,0.029611821319656496
continuous_Neumann_computational_halfcell,2.36,C,C,-1.929816474115075,0.0,-0.04955443085874731,0.0,0.14517483937976797,6.888245954135791,1.0,1.0,nan,nan,nan,nan,nan,nan,nan,nan,nan,nan,nan,nan,0.02943097989325911
continuous_Neumann_computational_halfcell,2.37,C,C,-1.8954603319961105,0.0,-0.048672223098556955,0.0,0.1502491546313773,6.65561149048332,1.0,1.0,nan,nan,nan,nan,nan,nan,nan,nan,nan,nan,nan,nan,0.029254538341221038
continuous_Neumann_computational_halfcell,2.38,C,C,-1.8618902305633434,0.0,-0.047810199536894686,0.0,0.15537865113599594,6.435890598153957,1.0,1.0,nan,nan,nan,nan,nan,nan,nan,nan,nan,nan,nan,nan,0.029082133628888587
continuous_Neumann_computational_halfcell,2.39,C,C,-1.8283861723317525,0.0,-0.046949871853203345,0.0,0.16067265663536442,6.223834353280356,1.0,1.0,nan,nan,nan,nan,nan,nan,nan,nan,nan,nan,nan,nan,0.028910068092150316
continuous_Neumann_computational_halfcell,2.4,C,C,-1.7957334683917292,0.0,-0.04611140551122178,0.0,0.16600564778689614,6.02389143581256,1.0,1.0,nan,nan,nan,nan,nan,nan,nan,nan,nan,nan,nan,nan,0.028742374823754004
continuous_Neumann_computational_halfcell,2.41,C,C,-1.76372149665856,0.0,-0.04528939209119907,0.0,0.1714057893315766,5.834108660504728,1.0,1.0,nan,nan,nan,nan,nan,nan,nan,nan,nan,nan,nan,nan,0.02857797213974946
continuous_Neumann_computational_halfcell,2.42,C,C,-1.7317805145460277,0.0,-0.04446920156485289,0.0,0.17696903334879124,5.650706121161226,1.0,1.0,nan,nan,nan,nan,nan,nan,nan,nan,nan,nan,nan,nan,0.028413934034480226
continuous_Neumann_computational_halfcell,2.43,C,C,-1.700677300781404,0.0,-0.04367052351610701,0.0,0.18255983425147204,5.47765615640581,1.0,1.0,nan,nan,nan,nan,nan,nan,nan,nan,nan,nan,nan,nan,0.02825419842473105
continuous_Neumann_computational_halfcell,2.44,C,C,-1.6700862056342043,0.0,-0.04288499580935427,0.0,0.18823083838051688,5.312625755714142,1.0,1.0,nan,nan,nan,nan,nan,nan,nan,nan,nan,nan,nan,nan,0.028097092883380505
continuous_Neumann_computational_halfcell,2.45,C,C,-1.639583511025199,0.0,-0.04210173807926335,0.0,0.19406084966635986,5.153022888023294,1.0,1.0,nan,nan,nan,nan,nan,nan,nan,nan,nan,nan,nan,nan,0.027940441337362315
continuous_Neumann_computational_halfcell,2.46,C,C,-1.6098967587407529,0.0,-0.04133943237132036,0.0,0.199908251789443,5.002294757963609,1.0,1.0,nan,nan,nan,nan,nan,nan,nan,nan,nan,nan,nan,nan,0.02778798019577372
continuous_Neumann_computational_halfcell,2.47,C,C,-1.5806091783977598,0.0,-0.0405873767253075,0.0,0.20584966083532769,4.857914246455641,1.0,1.0,nan,nan,nan,nan,nan,nan,nan,nan,nan,nan,nan,nan,0.027637569066571145
continuous_Neumann_computational_halfcell,2.48,C,C,-1.551436625669897,0.0,-0.03983827479436408,0.0,0.2119432718628974,4.718243665913034,1.0,1.0,nan,nan,nan,nan,nan,nan,nan,nan,nan,nan,nan,nan,0.027487748680382465
continuous_Neumann_computational_halfcell,2.49,C,C,-1.5230502256817873,0.0,-0.03910935993929499,0.0,0.21804578273825687,4.586192805207356,1.0,1.0,nan,nan,nan,nan,nan,nan,nan,nan,nan,nan,nan,nan,0.027341965709368643
continuous_Neumann_computational_halfcell,2.5,C,C,-1.4949649913143475,0.0,-0.03838817850920527,0.0,0.22425645551686843,4.459180440068896,1.0,1.0,nan,nan,nan,nan,nan,nan,nan,nan,nan,nan,nan,nan,0.027197729423350706
continuous_Neumann_computational_halfcell,2.51,C,C,-1.4670278254262321,0.0,-0.03767079922782734,0.0,0.23060988043491587,4.33632764612714,1.0,1.0,nan,nan,nan,nan,nan,nan,nan,nan,nan,nan,nan,nan,0.027054253567075116
continuous_Neumann_computational_halfcell,2.52,C,C,-1.439839590198119,0.0,-0.036972651222120886,0.0,0.23696576726534524,4.2200188303158495,1.0,1.0,nan,nan,nan,nan,nan,nan,nan,nan,nan,nan,nan,nan,0.026914623965933828
continuous_Neumann_computational_halfcell,2.53,C,C,-1.4128688784245345,0.0,-0.03628008885169747,0.0,0.24344386950197858,4.107723074093975,1.0,1.0,nan,nan,nan,nan,nan,nan,nan,nan,nan,nan,nan,nan,0.026776111491849143
continuous_Neumann_computational_halfcell,2.54,C,C,-1.38608323783143,0.0,-0.03559227879691654,0.0,0.2500527863941376,3.9991555959859713,1.0,1.0,nan,nan,nan,nan,nan,nan,nan,nan,nan,nan,nan,nan,0.026638549480892955
continuous_Neumann_computational_halfcell,2.55,C,C,-1.3600026155709095,0.0,-0.03492257242333264,0.0,0.256660105639972,3.8962034925784,1.0,1.0,nan,nan,nan,nan,nan,nan,nan,nan,nan,nan,nan,nan,0.026504608206176172
continuous_Neumann_computational_halfcell,2.56,C,C,-1.3340697113421562,0.0,-0.03425665919955857,0.0,0.26340310243060344,3.796462497109203,1.0,1.0,nan,nan,nan,nan,nan,nan,nan,nan,nan,nan,nan,nan,0.026371425561421358
continuous_Neumann_computational_halfcell,2.57,C,C,-1.3083606855390393,0.0,-0.03359649479600278,0.0,0.27026273905388914,3.700103105225337,1.0,1.0,nan,nan,nan,nan,nan,nan,nan,nan,nan,nan,nan,nan,0.026239392680710207
continuous_Neumann_computational_halfcell,2.58,C,C,-1.2833069897095548,0.0,-0.03295315816042578,0.0,0.2771193526203118,3.608553464579304,1.0,1.0,nan,nan,nan,nan,nan,nan,nan,nan,nan,nan,nan,nan,0.0261107253535948
continuous_Neumann_computational_halfcell,2.59,C,C,-1.2583444964467798,0.0,-0.032312163452874965,0.0,0.2841240056672778,3.519589967948874,1.0,1.0,nan,nan,nan,nan,nan,nan,nan,nan,nan,nan,nan,nan,0.02598252641208464
continuous_Neumann_computational_halfcell,2.6,C,C,-1.2336445994570298,0.0,-0.031677911774534405,0.0,0.29122922723123496,3.4337212975056364,1.0,1.0,nan,nan,nan,nan,nan,nan,nan,nan,nan,nan,nan,nan,0.02585567607641653
continuous_Neumann_computational_halfcell,2.61,C,C,-1.2095456171119263,0.0,-0.031059090570339738,0.0,0.2983328059590665,3.3519612326416675,1.0,1.0,nan,nan,nan,nan,nan,nan,nan,nan,nan,nan,nan,nan,0.025731911835577593
continuous_Neumann_computational_halfcell,2.62,C,C,-1.1854940011049688,0.0,-0.03044148565378701,0.0,0.3055951778487612,3.272302943519937,1.0,1.0,nan,nan,nan,nan,nan,nan,nan,nan,nan,nan,nan,nan,0.02560839085226705
continuous_Neumann_computational_halfcell,2.63,C,C,-1.1617419627848964,0.0,-0.029831573386753397,0.0,0.31294057497249095,3.195494863802513,1.0,1.0,nan,nan,nan,nan,nan,nan,nan,nan,nan,nan,nan,nan,0.02548640839886033
continuous_Neumann_computational_halfcell,2.64,C,C,-1.138532844700885,0.0,-0.02923560239530767,0.0,0.3202885903696846,3.1221842740191796,1.0,1.0,nan,nan,nan,nan,nan,nan,nan,nan,nan,nan,nan,nan,0.025367214200571184
continuous_Neumann_computational_halfcell,2.65,C,C,-1.1153392341297774,0.0,-0.028640029610627362,0.0,0.32780405771138843,3.050602872281829,1.0,1.0,nan,nan,nan,nan,nan,nan,nan,nan,nan,nan,nan,nan,0.02524809964363512
continuous_Neumann_computational_halfcell,2.66,C,C,-1.0924790382870704,0.0,-0.028053018353598733,0.0,0.3353840324241191,2.9816565588173933,1.0,1.0,nan,nan,nan,nan,nan,nan,nan,nan,nan,nan,nan,nan,0.025130697392229395
continuous_Neumann_computational_halfcell,2.67,C,C,-1.070101400671449,0.0,-0.02747839837761687,0.0,0.3429737378880913,2.915675136404436,1.0,1.0,nan,nan,nan,nan,nan,nan,nan,nan,nan,nan,nan,nan,0.025015773397033023
continuous_Neumann_computational_halfcell,2.68,C,C,-1.0477185822845545,0.0,-0.02690364536817027,0.0,0.35073701467391527,2.8511390533722625,1.0,1.0,nan,nan,nan,nan,nan,nan,nan,nan,nan,nan,nan,nan,0.024900822795143704
continuous_Neumann_computational_halfcell,2.69,C,C,-1.0256986991259147,0.0,-0.026338211923001408,0.0,0.35854586218751094,2.789043482189243,1.0,1.0,nan,nan,nan,nan,nan,nan,nan,nan,nan,nan,nan,nan,0.02478773610610993
continuous_Neumann_computational_halfcell,2.7,C,C,-1.004099885254071,0.0,-0.025783590826643513,0.0,0.3663742653078535,2.729449349177758,1.0,1.0,nan,nan,nan,nan,nan,nan,nan,nan,nan,nan,nan,nan,0.02467681188683835
continuous_Neumann_computational_halfcell,2.71,C,C,-0.982485457438539,0.0,-0.025228568790557248,0.0,0.3743794373710827,2.671086871175582,1.0,1.0,nan,nan,nan,nan,nan,nan,nan,nan,nan,nan,nan,nan,0.0245658074796211
continuous_Neumann_computational_halfcell,2.72,C,C,-0.9612582307311435,0.0,-0.024683489425600048,0.0,0.38241142133956113,2.6149846584002856,1.0,1.0,nan,nan,nan,nan,nan,nan,nan,nan,nan,nan,nan,nan,0.024456791606629655
continuous_Neumann_computational_halfcell,2.73,C,C,-0.9403906940457976,0.0,-0.024147646293500906,0.0,0.3904752491983168,2.560981783232346,1.0,1.0,nan,nan,nan,nan,nan,nan,nan,nan,nan,nan,nan,nan,0.02434962298020983
continuous_Neumann_computational_halfcell,2.74,C,C,-0.9195063460685748,0.0,-0.023611371475792207,0.0,0.3987158201422749,2.508051974569675,1.0,1.0,nan,nan,nan,nan,nan,nan,nan,nan,nan,nan,nan,nan,0.024242368016668087
continuous_Neumann_computational_halfcell,2.75,C,C,-0.8990275044949315,0.0,-0.02308550937831286,0.0,0.40696523922565314,2.4572123208919137,1.0,1.0,nan,nan,nan,nan,nan,nan,nan,nan,nan,nan,nan,nan,0.024137195597172218
continuous_Neumann_computational_halfcell,2.76,C,C,-0.8788482842369144,0.0,-0.022567341050665084,0.0,0.4152608988990945,2.4081246335764277,1.0,1.0,nan,nan,nan,nan,nan,nan,nan,nan,nan,nan,nan,nan,0.024033561931642664
continuous_Neumann_computational_halfcell,2.77,C,C,-0.8586591792963549,0.0,-0.02204891890104813,0.0,0.4237298473492118,2.3599942422178772,1.0,1.0,nan,nan,nan,nan,nan,nan,nan,nan,nan,nan,nan,nan,0.023929877501719272
continuous_Neumann_computational_halfcell,2.78,C,C,-0.8388874480127875,0.0,-0.02154121420270444,0.0,0.4321910911085152,2.313791331133474,1.0,1.0,nan,nan,nan,nan,nan,nan,nan,nan,nan,nan,nan,nan,0.023828336562050537
continuous_Neumann_computational_halfcell,2.79,C,C,-0.8193577154971265,0.0,-0.021039723624393915,0.0,0.4407146277972153,2.2690419988966806,1.0,1.0,nan,nan,nan,nan,nan,nan,nan,nan,nan,nan,nan,nan,0.02372803844638843
continuous_Neumann_computational_halfcell,2.8,C,C,-0.7998319608697191,0.0,-0.02053833519154181,0.0,0.44940447530980177,2.225166981950145,1.0,1.0,nan,nan,nan,nan,nan,nan,nan,nan,nan,nan,nan,nan,0.02362776075981801
continuous_Neumann_computational_halfcell,2.81,C,C,-0.780728754045068,0.0,-0.02004779707329582,0.0,0.4580720677663331,2.183062601647454,1.0,1.0,nan,nan,nan,nan,nan,nan,nan,nan,nan,nan,nan,nan,0.02352965313616881
continuous_Neumann_computational_halfcell,2.82,C,C,-0.7618134129943163,0.0,-0.01956208303113597,0.0,0.46681912312229823,2.142157316331743,1.0,1.0,nan,nan,nan,nan,nan,nan,nan,nan,nan,nan,nan,nan,0.02343251032773684
continuous_Neumann_computational_halfcell,2.83,C,C,-0.7429216046334481,0.0,-0.019076973268745415,0.0,0.4757220115813466,2.1020679633382993,1.0,1.0,nan,nan,nan,nan,nan,nan,nan,nan,nan,nan,nan,nan,0.02333548837525873
continuous_Neumann_computational_halfcell,2.84,C,C,-0.7244507832850554,0.0,-0.018602673742500093,0.0,0.48459064116305484,2.0635974264792303,1.0,1.0,nan,nan,nan,nan,nan,nan,nan,nan,nan,nan,nan,nan,0.023240628470009666
continuous_Neumann_computational_halfcell,2.85,C,C,-0.7061181116840096,0.0,-0.018131921668665337,0.0,0.4935564144317967,2.026110837099023,1.0,1.0,nan,nan,nan,nan,nan,nan,nan,nan,nan,nan,nan,nan,0.023146478055242715
continuous_Neumann_computational_halfcell,2.86,C,C,-0.6878329435676473,0.0,-0.017662389404164203,0.0,0.5026641912981499,1.9893997171699482,1.0,1.0,nan,nan,nan,nan,nan,nan,nan,nan,nan,nan,nan,nan,0.02305257160234249
continuous_Neumann_computational_halfcell,2.87,C,C,-0.6699606256926316,0.0,-0.01720345843725496,0.0,0.5117287263540327,1.9541603754098484,1.0,1.0,nan,nan,nan,nan,nan,nan,nan,nan,nan,nan,nan,nan,0.02296078540896064
continuous_Neumann_computational_halfcell,2.88,C,C,-0.6521819497738655,0.0,-0.016746932037779296,0.0,0.520907940898244,1.919725006064639,1.0,1.0,nan,nan,nan,nan,nan,nan,nan,nan,nan,nan,nan,nan,0.022869480129065506
continuous_Neumann_computational_halfcell,2.89,C,C,-0.6344778804101736,0.0,-0.016292321408753637,0.0,0.5302122502624925,1.8860371473969704,1.0,1.0,nan,nan,nan,nan,nan,nan,nan,nan,nan,nan,nan,nan,0.022778558003260375
continuous_Neumann_computational_halfcell,2.9,C,C,-0.6171722924875453,0.0,-0.015847943110773206,0.0,0.5394677398337187,1.8536789619861833,1.0,1.0,nan,nan,nan,nan,nan,nan,nan,nan,nan,nan,nan,nan,0.022689682343664287
continuous_Neumann_computational_halfcell,2.91,C,C,-0.5999216859270327,0.0,-0.01540497664140136,0.0,0.5488546174515414,1.821976108433287,1.0,1.0,nan,nan,nan,nan,nan,nan,nan,nan,nan,nan,nan,nan,0.02260108904978992
continuous_Neumann_computational_halfcell,2.92,C,C,-0.5827746559294518,0.0,-0.014964669843399945,0.0,0.5583469944998688,1.7910009543361751,1.0,1.0,nan,nan,nan,nan,nan,nan,nan,nan,nan,nan,nan,nan,0.022513027690189636
continuous_Neumann_computational_halfcell,2.93,C,C,-0.5660060165202232,0.0,-0.014534079477245608,0.0,0.567788654573954,1.7612187068978338,1.0,1.0,nan,nan,nan,nan,nan,nan,nan,nan,nan,nan,nan,nan,0.02242690961695877
continuous_Neumann_computational_halfcell,2.94,C,C,-0.5492600198776163,0.0,-0.014104070539132773,0.0,0.5773768997711226,1.731970919509265,1.0,1.0,nan,nan,nan,nan,nan,nan,nan,nan,nan,nan,nan,nan,0.022340907829336204
continuous_Neumann_computational_halfcell,2.95,C,C,-0.5326472155704458,0.0,-0.01367748175545733,0.0,0.5870488660174331,1.7034357067820378,1.0,1.0,nan,nan,nan,nan,nan,nan,nan,nan,nan,nan,nan,nan,0.02225559007260111
continuous_Neumann_computational_halfcell,2.96,C,C,-0.5163876430946264,0.0,-0.01325996336919977,0.0,0.5966720520377258,1.6759625267931486,1.0,1.0,nan,nan,nan,nan,nan,nan,nan,nan,nan,nan,nan,nan,0.0221720863953496
continuous_Neumann_computational_halfcell,2.97,C,C,-0.5001250000867596,0.0,-0.012842366136860168,0.0,0.6064548480658769,1.6489273738831975,1.0,1.0,nan,nan,nan,nan,nan,nan,nan,nan,nan,nan,nan,nan,0.022088566948881682
continuous_Neumann_computational_halfcell,2.98,C,C,-0.48402465881560097,0.0,-0.012428936539266064,0.0,0.6162980045460665,1.6225916563474008,1.0,1.0,nan,nan,nan,nan,nan,nan,nan,nan,nan,nan,nan,nan,0.02200588102936286
continuous_Neumann_computational_halfcell,2.99,C,C,-0.4682480967256879,0.0,-0.01202382104473085,0.0,0.626098171480866,1.5971936120413357,1.0,1.0,nan,nan,nan,nan,nan,nan,nan,nan,nan,nan,nan,nan,0.021924857930455816
continuous_Neumann_computational_halfcell,3.0,C,C,-0.45244950515489,0.0,-0.011618139870297053,0.0,0.6360681895250622,1.572158483112758,1.0,1.0,nan,nan,nan,nan,nan,nan,nan,nan,nan,nan,nan,nan,0.021843721695569057
continuous_Neumann_computational_halfcell,3.01,C,C,-0.4368407584411198,0.0,-0.011217333591464809,0.0,0.6460743050990202,1.5478095818200595,1.0,1.0,nan,nan,nan,nan,nan,nan,nan,nan,nan,nan,nan,nan,0.02176356043980261
continuous_Neumann_computational_halfcell,3.02,C,C,-0.4215229120037023,0.0,-0.010823997140890674,0.0,0.656046956871051,1.5242811349501535,1.0,1.0,nan,nan,nan,nan,nan,nan,nan,nan,nan,nan,nan,nan,0.021684893149687783
continuous_Neumann_computational_halfcell,3.03,C,C,-0.4061707881316696,0.0,-0.010429780503632243,0.0,0.6661963792733888,1.5010588936113494,1.0,1.0,nan,nan,nan,nan,nan,nan,nan,nan,nan,nan,nan,nan,0.021606049822236097
continuous_Neumann_computational_halfcell,3.04,C,C,-0.3910335390947228,0.0,-0.010041081489578593,0.0,0.6763574712415831,1.478508100404819,1.0,1.0,nan,nan,nan,nan,nan,nan,nan,nan,nan,nan,nan,nan,0.021528310019425366
continuous_Neumann_computational_halfcell,3.05,C,C,-0.37615181887801263,0.0,-0.009658944024472566,0.0,0.6864981017587961,1.4566682667264736,1.0,1.0,nan,nan,nan,nan,nan,nan,nan,nan,nan,nan,nan,nan,0.021451882526404162
continuous_Neumann_computational_halfcell,3.06,C,C,-0.36123007478546576,0.0,-0.009275778813767694,0.0,0.6968186596189966,1.4350936017511005,1.0,1.0,nan,nan,nan,nan,nan,nan,nan,nan,nan,nan,nan,nan,0.021375249484263184
continuous_Neumann_computational_halfcell,3.07,C,C,-0.3465449064133015,0.0,-0.008898688468385927,0.0,0.7071270640340752,1.414172997841604,1.0,1.0,nan,nan,nan,nan,nan,nan,nan,nan,nan,nan,nan,nan,0.021299831415186835
continuous_Neumann_computational_halfcell,3.08,C,C,-0.33207837438928145,0.0,-0.008527212335517446,0.0,0.7174310924272389,1.3938620873215346,1.0,1.0,nan,nan,nan,nan,nan,nan,nan,nan,nan,nan,nan,nan,0.02122553618861314
continuous_Neumann_computational_halfcell,3.09,C,C,-0.3175722084220585,0.0,-0.00815471846986222,0.0,0.7279141173467657,1.3737884403794538,1.0,1.0,nan,nan,nan,nan,nan,nan,nan,nan,nan,nan,nan,nan,0.02115103741548209
continuous_Neumann_computational_halfcell,3.1,C,C,-0.3033203193420828,0.0,-0.0077887540056278464,0.0,0.7383625466816132,1.3543482188990372,1.0,1.0,nan,nan,nan,nan,nan,nan,nan,nan,nan,nan,nan,nan,0.021077844522635215
continuous_Neumann_computational_halfcell,3.11,C,C,-0.2892496342645554,0.0,-0.007427442554429218,0.0,0.7488252496278852,1.3354250547733686,1.0,1.0,nan,nan,nan,nan,nan,nan,nan,nan,nan,nan,nan,nan,0.02100558223239549
continuous_Neumann_computational_halfcell,3.12,C,C,-0.2751453350652273,0.0,-0.007065267949300154,0.0,0.7594617387824542,1.3167220268438664,1.0,1.0,nan,nan,nan,nan,nan,nan,nan,nan,nan,nan,nan,nan,0.02093314731136968
continuous_Neumann_computational_halfcell,3.13,C,C,-0.26130849948757096,0.0,-0.006709961358681869,0.0,0.7700433249968855,1.2986282297869987,1.0,1.0,nan,nan,nan,nan,nan,nan,nan,nan,nan,nan,nan,nan,0.020862085993246023
continuous_Neumann_computational_halfcell,3.14,C,C,-0.24761585891527815,0.0,-0.0063583574524998035,0.0,0.7806597691771546,1.2809677653224507,1.0,1.0,nan,nan,nan,nan,nan,nan,nan,nan,nan,nan,nan,nan,0.020791765212009608
continuous_Neumann_computational_halfcell,3.15,C,C,-0.2339006237951402,0.0,-0.006006173356453056,0.0,0.7914404623372462,1.2635189222532863,1.0,1.0,nan,nan,nan,nan,nan,nan,nan,nan,nan,nan,nan,nan,0.020721328392800258
continuous_Neumann_computational_halfcell,3.16,C,C,-0.22046117229613138,0.0,-0.005661070918464744,0.0,0.8021487838524198,1.2466515191824825,1.0,1.0,nan,nan,nan,nan,nan,nan,nan,nan,nan,nan,nan,nan,0.020652307905202595
continuous_Neumann_computational_halfcell,3.17,C,C,-0.2071302492960374,0.0,-0.005318755309207462,0.0,0.8129137616465861,1.2301427865785712,1.0,1.0,nan,nan,nan,nan,nan,nan,nan,nan,nan,nan,nan,nan,0.020583844783351138
continuous_Neumann_computational_halfcell,3.18,C,C,-0.19379201783482536,0.0,-0.0049762520310003,0.0,0.8238292282384173,1.21384379883958,1.0,1.0,nan,nan,nan,nan,nan,nan,nan,nan,nan,nan,nan,nan,0.02051534412770971
continuous_Neumann_computational_halfcell,3.19,C,C,-0.18073283564139334,0.0,-0.004640914267147413,0.0,0.834658319865507,1.1980950482361876,1.0,1.0,nan,nan,nan,nan,nan,nan,nan,nan,nan,nan,nan,nan,0.02044827657493913
continuous_Neumann_computational_halfcell,3.2,C,C,-0.16774870883565107,0.0,-0.004307503799008776,0.0,0.845566291327184,1.1826393864760383,1.0,1.0,nan,nan,nan,nan,nan,nan,nan,nan,nan,nan,nan,nan,0.020381594481311403
continuous_Neumann_computational_halfcell,3.21,C,C,-0.1547760126200437,0.0,-0.003974386849137865,0.0,0.8566070251603001,1.1673964497464473,1.0,1.0,nan,nan,nan,nan,nan,nan,nan,nan,nan,nan,nan,nan,0.02031497109133722
continuous_Neumann_computational_halfcell,3.22,C,C,-0.14208055206358594,0.0,-0.0036483888432117194,0.0,0.8675513706180563,1.1526694947039107,1.0,1.0,nan,nan,nan,nan,nan,nan,nan,nan,nan,nan,nan,nan,0.02024977149015199
continuous_Neumann_computational_halfcell,3.23,C,C,-0.12942962826982018,0.0,-0.003323534466204228,0.0,0.878596414590638,1.1381790130180844,1.0,1.0,nan,nan,nan,nan,nan,nan,nan,nan,nan,nan,nan,nan,0.020184800614750493
continuous_Neumann_computational_halfcell,3.24,C,C,-0.11681145761376399,0.0,-0.002999521134508457,0.0,0.8897529334910745,1.123907505509822,1.0,1.0,nan,nan,nan,nan,nan,nan,nan,nan,nan,nan,nan,nan,0.020119997948411336
continuous_Neumann_computational_halfcell,3.25,C,C,-0.10446376145714177,0.0,-0.002682453131584118,0.0,0.900807440764455,1.1101151641813338,1.0,1.0,nan,nan,nan,nan,nan,nan,nan,nan,nan,nan,nan,nan,0.02005658434782647
continuous_Neumann_computational_halfcell,3.26,C,C,-0.09213369071479603,0.0,-0.002365837719558881,0.0,0.9119832177064375,1.0965114056757728,1.0,1.0,nan,nan,nan,nan,nan,nan,nan,nan,nan,nan,nan,nan,0.019993261265421423
continuous_Neumann_computational_halfcell,3.27,C,C,-0.07985937905792541,0.0,-0.002050654106765843,0.0,0.9232461650043033,1.0831347455370572,1.0,1.0,nan,nan,nan,nan,nan,nan,nan,nan,nan,nan,nan,nan,0.019930224542862817
continuous_Neumann_computational_halfcell,3.28,C,C,-0.06784411147242331,0.0,-0.0017421223086381797,0.0,0.9344061254192433,1.070198463811789,1.0,1.0,nan,nan,nan,nan,nan,nan,nan,nan,nan,nan,nan,nan,0.019868518183237285
continuous_Neumann_computational_halfcell,3.29,C,C,-0.05582369474104176,0.0,-0.0014334582891325318,0.0,0.945705854108822,1.0574112401390827,1.0,1.0,nan,nan,nan,nan,nan,nan,nan,nan,nan,nan,nan,nan,0.019806785379336153
continuous_Neumann_computational_halfcell,3.3,C,C,-0.04388282121094278,0.0,-0.001126836804821868,0.0,0.9570660987491281,1.0448599122954894,1.0,1.0,nan,nan,nan,nan,nan,nan,nan,nan,nan,nan,nan,nan,0.01974546108247402
continuous_Neumann_computational_halfcell,3.31,C,C,-0.03218530329628777,0.0,-0.0008264642820997076,0.0,0.9683271312439911,1.0327088519303589,1.0,1.0,nan,nan,nan,nan,nan,nan,nan,nan,nan,nan,nan,nan,0.01968538657792959
continuous_Neumann_computational_halfcell,3.32,C,C,-0.02046439355122942,0.0,-0.0005254910966420332,0.0,0.979743581043083,1.0206752249760604,1.0,1.0,nan,nan,nan,nan,nan,nan,nan,nan,nan,nan,nan,nan,0.019625191940838053
continuous_Neumann_computational_halfcell,3.33,C,C,-0.008846703915601495,0.0,-0.0002271684294303221,0.0,0.991192313027596,1.0088859516530158,1.0,1.0,nan,nan,nan,nan,nan,nan,nan,nan,nan,nan,nan,nan,0.019565527407395714
continuous_Neumann_computational_halfcell,3.34,C,C,0.0025470491798174066,0.0,6.540392527894047e-05,0.0,1.0025502956653138,0.9974561917977178,1.0,1.0,nan,nan,nan,nan,nan,nan,nan,nan,nan,nan,nan,nan,0.01950701293645386
continuous_Neumann_computational_halfcell,3.35,C,C,0.01397765134932527,0.0,0.00035892250203503666,0.0,1.0140757954595339,0.9861195824586709,1.0,1.0,nan,nan,nan,nan,nan,nan,nan,nan,nan,nan,nan,nan,0.01944830922110264
continuous_Neumann_computational_halfcell,3.36,C,C,0.025282305410064154,0.0,0.0006492069438713112,0.0,1.025604613390752,0.9750346156243384,1.0,1.0,nan,nan,nan,nan,nan,nan,nan,nan,nan,nan,nan,nan,0.019390252332735385
continuous_Neumann_computational_halfcell,3.37,C,C,0.03638554849966269,0.0,0.0009343194918112276,0.0,1.0370556046553332,0.9642684495517975,1.0,1.0,nan,nan,nan,nan,nan,nan,nan,nan,nan,nan,nan,nan,0.0193332298231474
continuous_Neumann_computational_halfcell,3.38,C,C,0.04753420336919412,0.0,0.0012205981376361198,0.0,1.0486820689678533,0.9535778569993404,1.0,1.0,nan,nan,nan,nan,nan,nan,nan,nan,nan,nan,nan,nan,0.019275974093982424
continuous_Neumann_computational_halfcell,3.39,C,C,0.058535907055633274,0.0,0.0015031033250312426,0.0,1.0602830566537875,0.9431443742541369,1.0,1.0,nan,nan,nan,nan,nan,nan,nan,nan,nan,nan,nan,nan,0.0192194730565034
continuous_Neumann_computational_halfcell,3.4,C,C,0.06936113252843157,0.0,0.00178107684967333,0.0,1.0718232094906093,0.9329896863077414,1.0,1.0,nan,nan,nan,nan,nan,nan,nan,nan,nan,nan,nan,nan,0.019163878351574983
continuous_Neumann_computational_halfcell,3.41,C,C,0.08023547212517457,0.0,0.002060311542147619,0.0,1.0835421816178905,0.9228990038088324,1.0,1.0,nan,nan,nan,nan,nan,nan,nan,nan,nan,nan,nan,nan,0.019108031413080123
continuous_Neumann_computational_halfcell,3.42,C,C,0.0909442730912051,0.0,0.002335295481900018,0.0,1.0952079710031446,0.9130685919716784,1.0,1.0,nan,nan,nan,nan,nan,nan,nan,nan,nan,nan,nan,nan,0.019053034625129642
continuous_Neumann_computational_halfcell,3.43,C,C,0.10150318430038043,0.0,0.0026064305056066966,0.0,1.1068334428764774,0.9034783023913382,1.0,1.0,nan,nan,nan,nan,nan,nan,nan,nan,nan,nan,nan,nan,0.018998807620388306
continuous_Neumann_computational_halfcell,3.44,C,C,0.11211022385219495,0.0,0.002878801383944969,0.0,1.1186361542360974,0.8939457179290682,1.0,1.0,nan,nan,nan,nan,nan,nan,nan,nan,nan,nan,nan,nan,0.018944333444720653
continuous_Neumann_computational_halfcell,3.45,C,C,0.12253614158929516,0.0,0.0031465213596898294,0.0,1.1303599723416498,0.884673930843821,1.0,1.0,nan,nan,nan,nan,nan,nan,nan,nan,nan,nan,nan,nan,0.01889078944957168
continuous_Neumann_computational_halfcell,3.46,C,C,0.1328396338487572,0.0,0.0034110976557385404,0.0,1.142066834781914,0.8756054983340421,1.0,1.0,nan,nan,nan,nan,nan,nan,nan,nan,nan,nan,nan,nan,0.01883787419036194
continuous_Neumann_computational_halfcell,3.47,C,C,0.14318588184378456,0.0,0.0036767718469344355,0.0,1.1539442790218788,0.8665929700241963,1.0,1.0,nan,nan,nan,nan,nan,nan,nan,nan,nan,nan,nan,nan,0.01878473935212276
continuous_Neumann_computational_halfcell,3.48,C,C,0.15333890221588575,0.0,0.003937484278808276,0.0,1.1657199770894215,0.8578389490217089,1.0,1.0,nan,nan,nan,nan,nan,nan,nan,nan,nan,nan,nan,nan,0.01873259686574799
continuous_Neumann_computational_halfcell,3.49,C,C,0.1633970528698505,0.0,0.004195760616394893,0.0,1.1775041282768026,0.8492539227556103,1.0,1.0,nan,nan,nan,nan,nan,nan,nan,nan,nan,nan,nan,nan,0.018680941598230666
continuous_Neumann_computational_halfcell,3.5,C,C,0.17348861774100222,0.0,0.004454894974698765,0.0,1.1894471480970545,0.8407267204766997,1.0,1.0,nan,nan,nan,nan,nan,nan,nan,nan,nan,nan,nan,nan,0.018629114726569893
continuous_Neumann_computational_halfcell,3.51,C,C,0.18337867428597043,0.0,0.004708854939193039,0.0,1.2012692117251818,0.8324528675498705,1.0,1.0,nan,nan,nan,nan,nan,nan,nan,nan,nan,nan,nan,nan,0.01857832273367104
continuous_Neumann_computational_halfcell,3.52,C,C,0.19320074292717493,0.0,0.004961069089035256,0.0,1.2131262956012534,0.824316481825478,1.0,1.0,nan,nan,nan,nan,nan,nan,nan,nan,nan,nan,nan,nan,0.018527879903702596
continuous_Neumann_computational_halfcell,3.53,C,C,0.20304343441047834,0.0,0.005213812798665468,0.0,1.2251256797035466,0.8162427876313703,1.0,1.0,nan,nan,nan,nan,nan,nan,nan,nan,nan,nan,nan,nan,0.018477331161776554
continuous_Neumann_computational_halfcell,3.54,C,C,0.21268037826524025,0.0,0.00546127325635454,0.0,1.2369892194124754,0.8084144827672495,1.0,1.0,nan,nan,nan,nan,nan,nan,nan,nan,nan,nan,nan,nan,0.01842783907023874
continuous_Neumann_computational_halfcell,3.55,C,C,0.22227481777530933,0.0,0.005707642274189861,0.0,1.2489145546260403,0.8006952887977415,1.0,1.0,nan,nan,nan,nan,nan,nan,nan,nan,nan,nan,nan,nan,0.018378565266671674
continuous_Neumann_computational_halfcell,3.56,C,C,0.2318742410925907,0.0,0.00595413926778517,0.0,1.2609611417611968,0.7930458496153896,1.0,1.0,nan,nan,nan,nan,nan,nan,nan,nan,nan,nan,nan,nan,0.018329265867952613
continuous_Neumann_computational_halfcell,3.57,C,C,0.2412678015949279,0.0,0.006195350051646875,0.0,1.2728618641062748,0.7856312049242974,1.0,1.0,nan,nan,nan,nan,nan,nan,nan,nan,nan,nan,nan,nan,0.01828102371118027
continuous_Neumann_computational_halfcell,3.58,C,C,0.25064228027646074,0.0,0.00643607084654725,0.0,1.2848503857896858,0.7783007352917491,1.0,1.0,nan,nan,nan,nan,nan,nan,nan,nan,nan,nan,nan,nan,0.018232879552200196
continuous_Neumann_computational_halfcell,3.59,C,C,0.2600039214539347,0.0,0.006676461996004228,0.0,1.2969351725273353,0.7710485621662199,1.0,1.0,nan,nan,nan,nan,nan,nan,nan,nan,nan,nan,nan,nan,0.0181848013223088
continuous_Neumann_computational_halfcell,3.6,C,C,0.2691636596183802,0.0,0.006911668616759387,0.0,1.3088693325742153,0.7640182064876199,1.0,1.0,nan,nan,nan,nan,nan,nan,nan,nan,nan,nan,nan,nan,0.018137759998157768
continuous_Neumann_computational_halfcell,3.61,C,C,0.27832509429203434,0.0,0.007146918801008489,0.0,1.3209155495207296,0.7570506686538984,1.0,1.0,nan,nan,nan,nan,nan,nan,nan,nan,nan,nan,nan,nan,0.01809070996130795
continuous_Neumann_computational_halfcell,3.62,C,C,0.28745439514247373,0.0,0.007381343842897123,0.0,1.3330297981429393,0.7501707774223146,1.0,1.0,nan,nan,nan,nan,nan,nan,nan,nan,nan,nan,nan,nan,0.01804382495293022
continuous_Neumann_computational_halfcell,3.63,C,C,0.296389652295602,0.0,0.007610786170050466,0.0,1.3449941347930088,0.7434976659982964,1.0,1.0,nan,nan,nan,nan,nan,nan,nan,nan,nan,nan,nan,nan,0.017997936487499554
continuous_Neumann_computational_halfcell,3.64,C,C,0.30534425185724956,0.0,0.007840725177617967,0.0,1.357092104078693,0.7368696619739624,1.0,1.0,nan,nan,nan,nan,nan,nan,nan,nan,nan,nan,nan,nan,0.01795194868598605
continuous_Neumann_computational_halfcell,3.65,C,C,0.31424667341492457,0.0,0.008069324342083862,0.0,1.369227446903716,0.7303388507594823,1.0,1.0,nan,nan,nan,nan,nan,nan,nan,nan,nan,nan,nan,nan,0.017906228853092874
continuous_Neumann_computational_halfcell,3.66,C,C,0.3229665173046427,0.0,0.008293235220101553,0.0,1.3812191031929315,0.7239980953697525,1.0,1.0,nan,nan,nan,nan,nan,nan,nan,nan,nan,nan,nan,nan,0.017861446677489335
continuous_Neumann_computational_halfcell,3.67,C,C,0.3317198358867213,0.0,0.008518005671736911,0.0,1.3933624236756512,0.7176883652151519,1.0,1.0,nan,nan,nan,nan,nan,nan,nan,nan,nan,nan,nan,nan,0.017816492587162263
continuous_Neumann_computational_halfcell,3.68,C,C,0.3404009093835665,0.0,0.008740920991483252,0.0,1.4055109601586027,0.7114850245544557,1.0,1.0,nan,nan,nan,nan,nan,nan,nan,nan,nan,nan,nan,nan,0.017771909523212996
continuous_Neumann_computational_halfcell,3.69,C,C,0.348914080045148,0.0,0.008959524849723972,0.0,1.4175273912201185,0.7054537402196249,1.0,1.0,nan,nan,nan,nan,nan,nan,nan,nan,nan,nan,nan,nan,0.017728188751564854
continuous_Neumann_computational_halfcell,3.7,C,C,0.3574710786119386,0.0,0.009179254134619246,0.0,1.429709216675049,0.6994429275105419,1.0,1.0,nan,nan,nan,nan,nan,nan,nan,nan,nan,nan,nan,nan,0.017684242894585797
continuous_Neumann_computational_halfcell,3.71,C,C,0.36593644340933906,0.0,0.009396630418931056,0.0,1.4418635998076916,0.6935468792841257,1.0,1.0,nan,nan,nan,nan,nan,nan,nan,nan,nan,nan,nan,nan,0.017640767637723435
continuous_Neumann_computational_halfcell,3.72,C,C,0.374251300980605,0.0,0.009610141931627916,0.0,1.453902471668975,0.6878040442782055,1.0,1.0,nan,nan,nan,nan,nan,nan,nan,nan,nan,nan,nan,nan,0.017598065335184064
continuous_Neumann_computational_halfcell,3.73,C,C,0.3826164159170915,0.0,0.00982494396866394,0.0,1.466115543608636,0.6820744820279591,1.0,1.0,nan,nan,nan,nan,nan,nan,nan,nan,nan,nan,nan,nan,0.017555104927776857
continuous_Neumann_computational_halfcell,3.74,C,C,0.3908718441510217,0.0,0.010036929436253669,0.0,1.4782690524477062,0.6764668436670631,1.0,1.0,nan,nan,nan,nan,nan,nan,nan,nan,nan,nan,nan,nan,0.01751270783425891
continuous_Neumann_computational_halfcell,3.75,C,C,0.3989963206811762,0.0,0.010245552285046412,0.0,1.4903281352049536,0.6709931701467057,1.0,1.0,nan,nan,nan,nan,nan,nan,nan,nan,nan,nan,nan,nan,0.017470983264500365
continuous_Neumann_computational_halfcell,3.76,C,C,0.40717353771556297,0.0,0.01045552942099832,0.0,1.502564834707035,0.6655286859518289,1.0,1.0,nan,nan,nan,nan,nan,nan,nan,nan,nan,nan,nan,nan,0.01742898783730998
continuous_Neumann_computational_halfcell,3.77,C,C,0.4152249457617945,0.0,0.010662275994413025,0.0,1.5147114302888562,0.6601917566630493,1.0,1.0,nan,nan,nan,nan,nan,nan,nan,nan,nan,nan,nan,nan,0.017387638522627043
continuous_Neumann_computational_halfcell,3.78,C,C,0.42316650285880897,0.0,0.010866201780804323,0.0,1.5267884894521888,0.6549695697265832,1.0,1.0,nan,nan,nan,nan,nan,nan,nan,nan,nan,nan,nan,nan,0.01734685336534878
continuous_Neumann_computational_halfcell,3.79,C,C,0.4311594344956369,0.0,0.01107144677869331,0.0,1.539040906607898,0.6497553091061343,1.0,1.0,nan,nan,nan,nan,nan,nan,nan,nan,nan,nan,nan,nan,0.017305804365770984
continuous_Neumann_computational_halfcell,3.8,C,C,0.43901288170630437,0.0,0.011273110051871814,0.0,1.5511752690432574,0.6446724750948264,1.0,1.0,nan,nan,nan,nan,nan,nan,nan,nan,nan,nan,nan,nan,0.017265471711135284
continuous_Neumann_computational_halfcell,3.81,C,C,0.44677847562119055,0.0,0.011472517400650301,0.0,1.5632679589629,0.6396855985351468,1.0,1.0,nan,nan,nan,nan,nan,nan,nan,nan,nan,nan,nan,nan,0.017225590241379585
continuous_Neumann_computational_halfcell,3.82,C,C,0.4545904401580679,0.0,0.011673115468759957,0.0,1.5755279778874145,0.634707865575878,1.0,1.0,nan,nan,nan,nan,nan,nan,nan,nan,nan,nan,nan,nan,0.017185470627757656
continuous_Neumann_computational_halfcell,3.83,C,C,0.4622521156503207,0.0,0.011869854367787702,0.0,1.5876455230561586,0.6298635214711135,1.0,1.0,nan,nan,nan,nan,nan,nan,nan,nan,nan,nan,nan,nan,0.017146122847952108
continuous_Neumann_computational_halfcell,3.84,C,C,0.4698481711114777,0.0,0.012064908255138167,0.0,1.5997512863179708,0.6250971688865624,1.0,1.0,nan,nan,nan,nan,nan,nan,nan,nan,nan,nan,nan,nan,0.017107112070482013
continuous_Neumann_computational_halfcell,3.85,C,C,0.47748227127008747,0.0,0.012260939066126063,0.0,1.6120106830586685,0.6203432833972139,1.0,1.0,nan,nan,nan,nan,nan,nan,nan,nan,nan,nan,nan,nan,0.017067905908284435
continuous_Neumann_computational_halfcell,3.86,C,C,0.4849584698520051,0.0,0.012452915231053241,0.0,1.6241075580163735,0.615722767290957,1.0,1.0,nan,nan,nan,nan,nan,nan,nan,nan,nan,nan,nan,nan,0.017029510675299
continuous_Neumann_computational_halfcell,3.87,C,C,0.49239086364658213,0.0,0.01264376656295372,0.0,1.636223534532327,0.611163437571398,1.0,1.0,nan,nan,nan,nan,nan,nan,nan,nan,nan,nan,nan,nan,0.016991340408918903
continuous_Neumann_computational_halfcell,3.88,C,C,0.4998500628676812,0.0,0.012835306212978253,0.0,1.64847408469245,0.6066216079985064,1.0,1.0,nan,nan,nan,nan,nan,nan,nan,nan,nan,nan,nan,nan,0.016953032478913995
continuous_Neumann_computational_halfcell,3.89,C,C,0.5071471514572679,0.0,0.013022683135516256,0.0,1.6605471416374968,0.6022111477147714,1.0,1.0,nan,nan,nan,nan,nan,nan,nan,nan,nan,nan,nan,nan,0.016915557094406394
continuous_Neumann_computational_halfcell,3.9,C,C,0.5144212064193034,0.0,0.013209468593363595,0.0,1.672670090858335,0.5978465242281265,1.0,1.0,nan,nan,nan,nan,nan,nan,nan,nan,nan,nan,nan,nan,0.016878200002836928
continuous_Neumann_computational_halfcell,3.91,C,C,0.5217084009501871,0.0,0.013396591453168441,0.0,1.6849036833436712,0.5935057356011662,1.0,1.0,nan,nan,nan,nan,nan,nan,nan,nan,nan,nan,nan,nan,0.01684077543087596
continuous_Neumann_computational_halfcell,3.92,C,C,0.5288327770724184,0.0,0.013579533410964044,0.0,1.6969504327460114,0.589292404010762,1.0,1.0,nan,nan,nan,nan,nan,nan,nan,nan,nan,nan,nan,nan,0.016804187039316836
continuous_Neumann_computational_halfcell,3.93,C,C,0.5359532667884626,0.0,0.013762375572406331,0.0,1.7090766719972517,0.5851112570809275,1.0,1.0,nan,nan,nan,nan,nan,nan,nan,nan,nan,nan,nan,nan,0.01676761860702838
continuous_Neumann_computational_halfcell,3.94,C,C,0.5430713518267112,0.0,0.01394515598578026,0.0,1.721285425007985,0.5809611732437466,1.0,1.0,nan,nan,nan,nan,nan,nan,nan,nan,nan,nan,nan,nan,0.016731062524353593
continuous_Neumann_computational_halfcell,3.95,C,C,0.5500293959544837,0.0,0.01412382681861162,0.0,1.7333039692430958,0.5769328506393965,1.0,1.0,nan,nan,nan,nan,nan,nan,nan,nan,nan,nan,nan,nan,0.016695328357787323
continuous_Neumann_computational_halfcell,3.96,C,C,0.557000560147257,0.0,0.014302834552574594,0.0,1.7454293306465207,0.5729249431310932,1.0,1.0,nan,nan,nan,nan,nan,nan,nan,nan,nan,nan,nan,nan,0.016659526810994727
continuous_Neumann_computational_halfcell,3.97,C,C,0.5639524884912817,0.0,0.014481348342398524,0.0,1.7576057058872068,0.568955822486488,1.0,1.0,nan,nan,nan,nan,nan,nan,nan,nan,nan,nan,nan,nan,0.01662382405302994
continuous_Neumann_computational_halfcell,3.98,C,C,0.5707505121236682,0.0,0.01465591011891238,0.0,1.7695946554228474,0.5651011642330308,1.0,1.0,nan,nan,nan,nan,nan,nan,nan,nan,nan,nan,nan,nan,0.016588911697727173
continuous_Neumann_computational_halfcell,3.99,C,C,0.5775760823332359,0.0,0.01483117924504866,0.0,1.7817144632319655,0.561257160244429,1.0,1.0,nan,nan,nan,nan,nan,nan,nan,nan,nan,nan,nan,nan,0.016553857872499914
continuous_Neumann_computational_halfcell,4.0,C,C,0.5843649142216734,0.0,0.015005504993087213,0.0,1.7938513743064746,0.5574597841956737,1.0,1.0,nan,nan,nan,nan,nan,nan,nan,nan,nan,nan,nan,nan,0.016518992722892204
continuous_Neumann_computational_halfcell,4.01,C,C,0.5910091056646465,0.0,0.015176116618539353,0.0,1.805809749131331,0.5537681920706439,1.0,1.0,nan,nan,nan,nan,nan,nan,nan,nan,nan,nan,nan,nan,0.016484870397801776
continuous_Neumann_computational_halfcell,4.02,C,C,0.597692340523432,0.0,0.015347730813031254,0.0,1.817918818601088,0.5500795688827914,1.0,1.0,nan,nan,nan,nan,nan,nan,nan,nan,nan,nan,nan,nan,0.016450547558903395
continuous_Neumann_computational_halfcell,4.03,C,C,0.6043212836148371,0.0,0.015517950886543806,0.0,1.830009729699424,0.5464451821052604,1.0,1.0,nan,nan,nan,nan,nan,nan,nan,nan,nan,nan,nan,nan,0.016416503544200885
continuous_Neumann_computational_halfcell,4.04,C,C,0.610817653442755,0.0,0.015684766702342055,0.0,1.8419368492355055,0.5429067779468385,1.0,1.0,nan,nan,nan,nan,nan,nan,nan,nan,nan,nan,nan,nan,0.016383140381041234
continuous_Neumann_computational_halfcell,4.05,C,C,0.617361382546056,0.0,0.015852798624422418,0.0,1.8540295073908462,0.5393657414909692,1.0,1.0,nan,nan,nan,nan,nan,nan,nan,nan,nan,nan,nan,nan,0.016349533996625164
continuous_Neumann_computational_halfcell,4.06,C,C,0.6238338212877963,0.0,0.016018999930306765,0.0,1.86606851865565,0.5358860031144078,1.0,1.0,nan,nan,nan,nan,nan,nan,nan,nan,nan,nan,nan,nan,0.01631629373544829
continuous_Neumann_computational_halfcell,4.07,C,C,0.6301881494198867,0.0,0.01618216835502438,0.0,1.8779638838415882,0.5324916035948394,1.0,1.0,nan,nan,nan,nan,nan,nan,nan,nan,nan,nan,nan,nan,0.01628366005050477
continuous_Neumann_computational_halfcell,4.08,C,C,0.6365948245343933,0.0,0.01634668096192492,0.0,1.8900340117307994,0.5290910077772883,1.0,1.0,nan,nan,nan,nan,nan,nan,nan,nan,nan,nan,nan,nan,0.016250757529124662
continuous_Neumann_computational_halfcell,4.09,C,C,0.6429143384870084,0.0,0.01650895541725589,0.0,1.9020159281066602,0.5257579525085463,1.0,1.0,nan,nan,nan,nan,nan,nan,nan,nan,nan,nan,nan,nan,0.016218302638058468
continuous_Neumann_computational_halfcell,4.1,C,C,0.6491321247126419,0.0,0.01666861767620407,0.0,1.9138790996576929,0.522499044050826,1.0,1.0,nan,nan,nan,nan,nan,nan,nan,nan,nan,nan,nan,nan,0.016186370186268836
continuous_Neumann_computational_halfcell,4.11,C,C,0.6554038768496628,0.0,0.016829665688699518,0.0,1.9259201949038365,0.5192323143223134,1.0,1.0,nan,nan,nan,nan,nan,nan,nan,nan,nan,nan,nan,nan,0.01615416058376974
continuous_Neumann_computational_halfcell,4.12,C,C,0.6615742478594857,0.0,0.016988110404909797,0.0,1.9378405758072401,0.5160383224938064,1.0,1.0,nan,nan,nan,nan,nan,nan,nan,nan,nan,nan,nan,nan,0.016122471640527686
continuous_Neumann_computational_halfcell,4.13,C,C,0.6676606674938022,0.0,0.017144399391448975,0.0,1.9496710528386951,0.5129070355453107,1.0,1.0,nan,nan,nan,nan,nan,nan,nan,nan,nan,nan,nan,nan,0.01609121384321985
continuous_Neumann_computational_halfcell,4.14,C,C,0.6737993682069465,0.0,0.017302030867878126,0.0,1.9616763105630965,0.5097680971194231,1.0,1.0,nan,nan,nan,nan,nan,nan,nan,nan,nan,nan,nan,nan,0.01605968754793402
continuous_Neumann_computational_halfcell,4.15,C,C,0.6798245766456539,0.0,0.01745674805419626,0.0,1.9735314983472332,0.5067058726133667,1.0,1.0,nan,nan,nan,nan,nan,nan,nan,nan,nan,nan,nan,nan,0.016028744110670397
continuous_Neumann_computational_halfcell,4.16,C,C,0.6857844427972459,0.0,0.017609787360833892,0.0,1.9853286015820522,0.5036949546806148,1.0,1.0,nan,nan,nan,nan,nan,nan,nan,nan,nan,nan,nan,nan,0.01599813624934287
continuous_Neumann_computational_halfcell,4.17,C,C,0.6917917679504892,0.0,0.017764045334555938,0.0,1.9972910110946818,0.5006781657981411,1.0,1.0,nan,nan,nan,nan,nan,nan,nan,nan,nan,nan,nan,nan,0.015967284654598457
continuous_Neumann_computational_halfcell,4.18,C,C,0.6976759785560276,0.0,0.01791514193442519,0.0,2.00907813700044,0.4977407207730622,1.0,1.0,nan,nan,nan,nan,nan,nan,nan,nan,nan,nan,nan,nan,0.01593706533462461
continuous_Neumann_computational_halfcell,4.19,C,C,0.7035137122483466,0.0,0.01806504508558388,0.0,2.0208409006668124,0.4948435078041187,1.0,1.0,nan,nan,nan,nan,nan,nan,nan,nan,nan,nan,nan,nan,0.015907084704392872
continuous_Neumann_computational_halfcell,4.2,C,C,0.7093912064423833,0.0,0.01821596921933843,0.0,2.032753354724438,0.49194359840845575,1.0,1.0,nan,nan,nan,nan,nan,nan,nan,nan,nan,nan,nan,nan,0.01587689987764196
continuous_Neumann_computational_halfcell,4.21,C,C,0.715138744591183,0.0,0.01836355630112729,0.0,2.0444703217803584,0.4891242437450418,1.0,1.0,nan,nan,nan,nan,nan,nan,nan,nan,nan,nan,nan,nan,0.015847382461284188
continuous_Neumann_computational_halfcell,4.22,C,C,0.7208583537058767,0.0,0.018510426212445214,0.0,2.0561973980437998,0.4863346296184247,1.0,1.0,nan,nan,nan,nan,nan,nan,nan,nan,nan,nan,nan,nan,0.015818008479020606
continuous_Neumann_computational_halfcell,4.23,C,C,0.7266074935493984,0.0,0.018658054423051976,0.0,2.0680528109901615,0.4835466457557294,1.0,1.0,nan,nan,nan,nan,nan,nan,nan,nan,nan,nan,nan,nan,0.01578848283689925
continuous_Neumann_computational_halfcell,4.24,C,C,0.7322228130568291,0.0,0.018802246353224174,0.0,2.0796982541239672,0.48083898614476195,1.0,1.0,nan,nan,nan,nan,nan,nan,nan,nan,nan,nan,nan,nan,0.015759644450864814
continuous_Neumann_computational_halfcell,4.25,C,C,0.7378278807696576,0.0,0.018946175034608922,0.0,2.091387833498481,0.478151390183425,1.0,1.0,nan,nan,nan,nan,nan,nan,nan,nan,nan,nan,nan,nan,0.01573085871458786
continuous_Neumann_computational_halfcell,4.26,C,C,0.7434501352368557,0.0,0.019090545042846525,0.0,2.103179264239764,0.4754706443729939,1.0,1.0,nan,nan,nan,nan,nan,nan,nan,nan,nan,nan,nan,nan,0.015701984712940344
continuous_Neumann_computational_halfcell,4.27,C,C,0.748937779013394,0.0,0.0192314584756778,0.0,2.1147524886633877,0.47286857698985,1.0,1.0,nan,nan,nan,nan,nan,nan,nan,nan,nan,nan,nan,nan,0.015673802026374088
continuous_Neumann_computational_halfcell,4.28,C,C,0.7544314620804116,0.0,0.019372526987298435,0.0,2.1264022393206057,0.4702779095640457,1.0,1.0,nan,nan,nan,nan,nan,nan,nan,nan,nan,nan,nan,nan,0.01564558832404996
continuous_Neumann_computational_halfcell,4.29,C,C,0.759928348304209,0.0,0.01951367775058046,0.0,2.1381230148683374,0.46769993730298937,1.0,1.0,nan,nan,nan,nan,nan,nan,nan,nan,nan,nan,nan,nan,0.015617358171393553
continuous_Neumann_computational_halfcell,4.3,C,C,0.7652929033823473,0.0,0.01965143047332548,0.0,2.149623914568886,0.4651976530511167,1.0,1.0,nan,nan,nan,nan,nan,nan,nan,nan,nan,nan,nan,nan,0.01558980762684455
continuous_Neumann_computational_halfcell,4.31,C,C,0.770677940315597,0.0,0.019789709135550546,0.0,2.1612309428304006,0.46269927946264533,1.0,1.0,nan,nan,nan,nan,nan,nan,nan,nan,nan,nan,nan,nan,0.015562151894399537
continuous_Neumann_computational_halfcell,4.32,C,C,0.7760510733237354,0.0,0.01992768212506435,0.0,2.1728747780716153,0.46021980193791046,1.0,1.0,nan,nan,nan,nan,nan,nan,nan,nan,nan,nan,nan,nan,0.015534557296496776
continuous_Neumann_computational_halfcell,4.33,C,C,0.7812971219098745,0.0,0.02006239180105189,0.0,2.184303736954392,0.45781178829749897,1.0,1.0,nan,nan,nan,nan,nan,nan,nan,nan,nan,nan,nan,nan,0.015507615361299269
continuous_Neumann_computational_halfcell,4.34,C,C,0.7865758507674396,0.0,0.020197940651267936,0.0,2.1958645705320667,0.4554014912484771,1.0,1.0,nan,nan,nan,nan,nan,nan,nan,nan,nan,nan,nan,nan,0.015480505591256058
continuous_Neumann_computational_halfcell,4.35,C,C,0.7918269858705465,0.0,0.020332780940428685,0.0,2.2074256799679564,0.4530163842320237,1.0,1.0,nan,nan,nan,nan,nan,nan,nan,nan,nan,nan,nan,nan,0.015453537533423909
continuous_Neumann_computational_halfcell,4.36,C,C,0.7969590541633681,0.0,0.020464563794803797,0.0,2.2187834588287254,0.45069742881889446,1.0,1.0,nan,nan,nan,nan,nan,nan,nan,nan,nan,nan,nan,nan,0.015427180962548886
continuous_Neumann_computational_halfcell,4.37,C,C,0.8021334393778901,0.0,0.020597433276326453,0.0,2.2302940535957054,0.4483713698594088,1.0,1.0,nan,nan,nan,nan,nan,nan,nan,nan,nan,nan,nan,nan,0.015400607066244354
continuous_Neumann_computational_halfcell,4.38,C,C,0.807264506157205,0.0,0.020729190413524577,0.0,2.2417672510212583,0.4460766386628409,1.0,1.0,nan,nan,nan,nan,nan,nan,nan,nan,nan,nan,nan,nan,0.01537425563880473
continuous_Neumann_computational_halfcell,4.39,C,C,0.8122870127073583,0.0,0.02085815990721247,0.0,2.2530548640505876,0.4438418326849705,1.0,1.0,nan,nan,nan,nan,nan,nan,nan,nan,nan,nan,nan,nan,0.015348461740067152
continuous_Neumann_computational_halfcell,4.4,C,C,0.8173586800986711,0.0,0.020988391768351815,0.0,2.26451063430841,0.4415965131050947,1.0,1.0,nan,nan,nan,nan,nan,nan,nan,nan,nan,nan,nan,nan,0.015322415367839282
continuous_Neumann_computational_halfcell,4.41,C,C,0.8223718072101107,0.0,0.021117120413879552,0.0,2.2758914167833777,0.43938827337085623,1.0,1.0,nan,nan,nan,nan,nan,nan,nan,nan,nan,nan,nan,nan,0.015296669638733735
continuous_Neumann_computational_halfcell,4.42,C,C,0.827289012575017,0.0,0.021243385950805927,0.0,2.287110001706495,0.43723301426423045,1.0,1.0,nan,nan,nan,nan,nan,nan,nan,nan,nan,nan,nan,nan,0.015271416531348461
continuous_Neumann_computational_halfcell,4.43,C,C,0.8322592914449541,0.0,0.0213710143257901,0.0,2.2985058730905914,0.4350652359462502,1.0,1.0,nan,nan,nan,nan,nan,nan,nan,nan,nan,nan,nan,nan,0.015245890856351627
continuous_Neumann_computational_halfcell,4.44,C,C,0.8371568217452091,0.0,0.021496774640254145,0.0,2.3097904860604737,0.43293969995762577,1.0,1.0,nan,nan,nan,nan,nan,nan,nan,nan,nan,nan,nan,nan,0.015220738793458817
continuous_Neumann_computational_halfcell,4.45,C,C,0.84197278111834,0.0,0.021620440350944993,0.0,2.320941172275771,0.43085969258732315,1.0,1.0,nan,nan,nan,nan,nan,nan,nan,nan,nan,nan,nan,nan,0.015196005651320649
continuous_Neumann_computational_halfcell,4.46,C,C,0.8468427521159203,0.0,0.02174549298901741,0.0,2.3322716556411467,0.4287665193637564,1.0,1.0,nan,nan,nan,nan,nan,nan,nan,nan,nan,nan,nan,nan,0.015170995123706163
continuous_Neumann_computational_halfcell,4.47,C,C,0.8516272479175625,0.0,0.021868350768281197,0.0,2.3434571366918124,0.42671998746760514,1.0,1.0,nan,nan,nan,nan,nan,nan,nan,nan,nan,nan,nan,nan,0.015146423567853408
continuous_Neumann_computational_halfcell,4.48,C,C,0.8563457682871114,0.0,0.021989514409769758,0.0,2.354540915880896,0.42471124339152694,1.0,1.0,nan,nan,nan,nan,nan,nan,nan,nan,nan,nan,nan,nan,0.015122190839555695
continuous_Neumann_computational_halfcell,4.49,C,C,0.861116315566397,0.0,0.022112014014514892,0.0,2.365800199760821,0.42268996346398935,1.0,1.0,nan,nan,nan,nan,nan,nan,nan,nan,nan,nan,nan,nan,0.015097690918606669
continuous_Neumann_computational_halfcell,4.5,C,C,0.865790554132353,0.0,0.02223204057400427,0.0,2.376884399209063,0.42071882012131595,1.0,1.0,nan,nan,nan,nan,nan,nan,nan,nan,nan,nan,nan,nan,0.015073685606708792
continuous_Neumann_computational_halfcell,4.51,C,C,0.8704151573537562,0.0,0.022350792581595693,0.0,2.3879020028451063,0.41877765453043425,1.0,1.0,nan,nan,nan,nan,nan,nan,nan,nan,nan,nan,nan,nan,0.015049935205190507
continuous_Neumann_computational_halfcell,4.52,C,C,0.875087023428744,0.0,0.022470758219520135,0.0,2.3990840614040057,0.41682574449466114,1.0,1.0,nan,nan,nan,nan,nan,nan,nan,nan,nan,nan,nan,nan,0.01502594207760562
continuous_Neumann_computational_halfcell,4.53,C,C,0.8796539831126378,0.0,0.022588030038330768,0.0,2.41006563871413,0.41492645840697584,1.0,1.0,nan,nan,nan,nan,nan,nan,nan,nan,nan,nan,nan,nan,0.015002487713843493
continuous_Neumann_computational_halfcell,4.54,C,C,0.8841878760689337,0.0,0.022704452759370473,0.0,2.421017426694322,0.41304948447455353,1.0,1.0,nan,nan,nan,nan,nan,nan,nan,nan,nan,nan,nan,nan,0.014979203169635552
continuous_Neumann_computational_halfcell,4.55,C,C,0.8887617177035292,0.0,0.022821901295063153,0.0,2.4321161395272664,0.411164575468987,1.0,1.0,nan,nan,nan,nan,nan,nan,nan,nan,nan,nan,nan,nan,0.014955713462497017
continuous_Neumann_computational_halfcell,4.56,C,C,0.893224555422906,0.0,0.02293649943751091,0.0,2.4429945353749716,0.40933370317445733,1.0,1.0,nan,nan,nan,nan,nan,nan,nan,nan,nan,nan,nan,nan,0.014932793834007464
continuous_Neumann_computational_halfcell,4.57,C,C,0.8976706082030184,0.0,0.023050666571039734,0.0,2.4538803996522587,0.40751782366480077,1.0,1.0,nan,nan,nan,nan,nan,nan,nan,nan,nan,nan,nan,nan,0.0149099604073017
continuous_Neumann_computational_halfcell,4.58,C,C,0.9021470516606254,0.0,0.02316561408588816,0.0,2.464889679337886,0.4056976701158561,1.0,1.0,nan,nan,nan,nan,nan,nan,nan,nan,nan,nan,nan,nan,0.014886970904332015
continuous_Neumann_computational_halfcell,4.59,C,C,0.9065090726452478,0.0,0.023277623424696397,0.0,2.4756650639854434,0.40393186241039913,1.0,1.0,nan,nan,nan,nan,nan,nan,nan,nan,nan,nan,nan,nan,0.014864569036570366
continuous_Neumann_computational_halfcell,4.6,C,C,0.910869805401207,0.0,0.023389599683966204,0.0,2.4864843505865384,0.40217425851246935,1.0,1.0,nan,nan,nan,nan,nan,nan,nan,nan,nan,nan,nan,nan,0.014842173784716407
continuous_Neumann_computational_halfcell,4.61,C,C,0.9152494994171788,0.0,0.023502062836399634,0.0,2.4973982735936073,0.4004167098910738,1.0,1.0,nan,nan,nan,nan,nan,nan,nan,nan,nan,nan,nan,nan,0.01481968115422972
continuous_Neumann_computational_halfcell,4.62,C,C,0.9195141203981426,0.0,0.02361157110745781,0.0,2.508071473068092,0.3987127204061345,1.0,1.0,nan,nan,nan,nan,nan,nan,nan,nan,nan,nan,nan,nan,0.014797779500018083
continuous_Neumann_computational_halfcell,4.63,C,C,0.9237916992565793,0.0,0.023721412114945554,0.0,2.518822925275184,0.3970108378661628,1.0,1.0,nan,nan,nan,nan,nan,nan,nan,nan,nan,nan,nan,nan,0.014775811298520536
continuous_Neumann_computational_halfcell,4.64,C,C,0.9280753641863324,0.0,0.023831409402475617,0.0,2.529635861668067,0.39531381379950475,1.0,1.0,nan,nan,nan,nan,nan,nan,nan,nan,nan,nan,nan,nan,0.014753811841014522
continuous_Neumann_computational_halfcell,4.65,C,C,0.9322460713760741,0.0,0.02393850612583679,0.0,2.5402082640156,0.39366850906121564,1.0,1.0,nan,nan,nan,nan,nan,nan,nan,nan,nan,nan,nan,nan,0.01473239249634229
continuous_Neumann_computational_halfcell,4.66,C,C,0.9364423134855552,0.0,0.024046258542851574,0.0,2.5508899887774934,0.3920200417891197,1.0,1.0,nan,nan,nan,nan,nan,nan,nan,nan,nan,nan,nan,nan,0.014710842012939332
continuous_Neumann_computational_halfcell,4.67,C,C,0.9406307852182643,0.0,0.024153811429701876,0.0,2.5615967261695793,0.39038151079124983,1.0,1.0,nan,nan,nan,nan,nan,nan,nan,nan,nan,nan,nan,nan,0.01468933143556927
continuous_Neumann_computational_halfcell,4.68,C,C,0.9447110885719372,0.0,0.024258586735092,0.0,2.5720701707667653,0.38879188109470897,1.0,1.0,nan,nan,nan,nan,nan,nan,nan,nan,nan,nan,nan,nan,0.014668376374491247
continuous_Neumann_computational_halfcell,4.69,C,C,0.9488274760756461,0.0,0.02436428862056994,0.0,2.5826796296171657,0.3871947525091339,1.0,1.0,nan,nan,nan,nan,nan,nan,nan,nan,nan,nan,nan,nan,0.014647235997395659
continuous_Neumann_computational_halfcell,4.7,C,C,0.9529217434825695,0.0,0.024469422499285867,0.0,2.5932754869824137,0.38561271450709605,1.0,1.0,nan,nan,nan,nan,nan,nan,nan,nan,nan,nan,nan,nan,0.014626209221652474
continuous_Neumann_computational_halfcell,4.71,C,C,0.9569151288236545,0.0,0.024571965896770267,0.0,2.6036521404957247,0.38407588496426565,1.0,1.0,nan,nan,nan,nan,nan,nan,nan,nan,nan,nan,nan,nan,0.014605700542155592
continuous_Neumann_computational_halfcell,4.72,C,C,0.960952831265379,0.0,0.024675647282622455,0.0,2.614186165418499,0.3825282274186897,1.0,1.0,nan,nan,nan,nan,nan,nan,nan,nan,nan,nan,nan,nan,0.014584964264985158
continuous_Neumann_computational_halfcell,4.73,C,C,0.9649540661679694,0.0,0.024778392243601684,0.0,2.6246670926882465,0.38100070015956816,1.0,1.0,nan,nan,nan,nan,nan,nan,nan,nan,nan,nan,nan,nan,0.014564415272789311
continuous_Neumann_computational_halfcell,4.74,C,C,0.9688639468029692,0.0,0.02487879138113205,0.0,2.6349493157608728,0.3795139413189199,1.0,1.0,nan,nan,nan,nan,nan,nan,nan,nan,nan,nan,nan,nan,0.014544335445283236
continuous_Neumann_computational_halfcell,4.75,C,C,0.9728238512114284,0.0,0.024980475044759302,0.0,2.6454041495819762,0.378014074015125,1.0,1.0,nan,nan,nan,nan,nan,nan,nan,nan,nan,nan,nan,nan,0.014523998712557785
continuous_Neumann_computational_halfcell,4.76,C,C,0.976733430099479,0.0,0.025080866433937154,0.0,2.6557668094143274,0.37653908334690295,1.0,1.0,nan,nan,nan,nan,nan,nan,nan,nan,nan,nan,nan,nan,0.014503920434722215
continuous_Neumann_computational_halfcell,4.77,C,C,0.9805630995374308,0.0,0.0251792058832684,0.0,2.665957018510396,0.3750998208361027,1.0,1.0,nan,nan,nan,nan,nan,nan,nan,nan,nan,nan,nan,nan,0.014484252544855967
continuous_Neumann_computational_halfcell,4.78,C,C,0.9844458471989075,0.0,0.025278908291820404,0.0,2.6763283785469305,0.3736462266797522,1.0,1.0,nan,nan,nan,nan,nan,nan,nan,nan,nan,nan,nan,nan,0.014464312063145565
continuous_Neumann_computational_halfcell,4.79,C,C,0.9882653641954793,0.0,0.025376987043587314,0.0,2.6865702072453397,0.37222180060775134,1.0,1.0,nan,nan,nan,nan,nan,nan,nan,nan,nan,nan,nan,nan,0.014444696312792183
continuous_Neumann_computational_halfcell,4.8,C,C,0.992017951528803,0.0,0.025473347154533033,0.0,2.696670736280899,0.3708276233156834,1.0,1.0,nan,nan,nan,nan,nan,nan,nan,nan,nan,nan,nan,nan,0.01442542429060304
continuous_Neumann_computational_halfcell,4.81,C,C,0.9958239802559188,0.0,0.025571079550299188,0.0,2.7069538991640623,0.3694189252017965,1.0,1.0,nan,nan,nan,nan,nan,nan,nan,nan,nan,nan,nan,nan,0.014405877811449808
continuous_Neumann_computational_halfcell,4.82,C,C,0.9995552511053827,0.0,0.02566689228990688,0.0,2.717073144420948,0.3680430915352174,1.0,1.0,nan,nan,nan,nan,nan,nan,nan,nan,nan,nan,nan,nan,0.014386715263528272
continuous_Neumann_computational_halfcell,4.83,C,C,1.003233680501003,0.0,0.02576134815013972,0.0,2.7270861108501414,0.36669175792482045,1.0,1.0,nan,nan,nan,nan,nan,nan,nan,nan,nan,nan,nan,nan,0.014367824091481702
continuous_Neumann_computational_halfcell,4.84,C,C,1.0069632710446221,0.0,0.025857117742328514,0.0,2.7372760156955147,0.365326694957326,1.0,1.0,nan,nan,nan,nan,nan,nan,nan,nan,nan,nan,nan,nan,0.014348670173043943
continuous_Neumann_computational_halfcell,4.85,C,C,1.0106083281830553,0.0,0.025950716659306098,0.0,2.7472717496197263,0.3639974822797995,1.0,1.0,nan,nan,nan,nan,nan,nan,nan,nan,nan,nan,nan,nan,0.014329950389648427
continuous_Neumann_computational_halfcell,4.86,C,C,1.0142152837817182,0.0,0.026043337193031448,0.0,2.7571989295238106,0.3626869245059179,1.0,1.0,nan,nan,nan,nan,nan,nan,nan,nan,nan,nan,nan,nan,0.014311426282903356
continuous_Neumann_computational_halfcell,4.87,C,C,1.0178686089154194,0.0,0.026137148418176853,0.0,2.7672902959690493,0.36136432865631835,1.0,1.0,nan,nan,nan,nan,nan,nan,nan,nan,nan,nan,nan,nan,0.014292664037874277
continuous_Neumann_computational_halfcell,4.88,C,C,1.021429687961282,0.0,0.02622859091943421,0.0,2.7771624026994717,0.3600797702820602,1.0,1.0,nan,nan,nan,nan,nan,nan,nan,nan,nan,nan,nan,nan,0.014274375537622806
continuous_Neumann_computational_halfcell,4.89,C,C,1.0249675852924192,0.0,0.026319438153372125,0.0,2.7870051191456997,0.3588080958769569,1.0,1.0,nan,nan,nan,nan,nan,nan,nan,nan,nan,nan,nan,nan,0.014256206090835222
continuous_Neumann_computational_halfcell,4.9,C,C,1.0285447600301687,0.0,0.026411293964838732,0.0,2.79699257624139,0.3575268695721045,1.0,1.0,nan,nan,nan,nan,nan,nan,nan,nan,nan,nan,nan,nan,0.0142378349285419
continuous_Neumann_computational_halfcell,4.91,C,C,1.032024278297511,0.0,0.026500642122921917,0.0,2.8067417143199562,0.35628501008768076,1.0,1.0,nan,nan,nan,nan,nan,nan,nan,nan,nan,nan,nan,nan,0.014219965296925263
continuous_Neumann_computational_halfcell,4.92,C,C,1.0354952430946334,0.0,0.026589770642322194,0.0,2.816500742829446,0.3550505010680039,1.0,1.0,nan,nan,nan,nan,nan,nan,nan,nan,nan,nan,nan,nan,0.014202139593045207
continuous_Neumann_computational_halfcell,4.93,C,C,1.0389963744822914,0.0,0.026679673788867077,0.0,2.8263789643687347,0.3538095961676348,1.0,1.0,nan,nan,nan,nan,nan,nan,nan,nan,nan,nan,nan,nan,0.014184158963736232
continuous_Neumann_computational_halfcell,4.94,C,C,1.042396902361757,0.0,0.026766993607070768,0.0,2.8360065049176204,0.35260850010957495,1.0,1.0,nan,nan,nan,nan,nan,nan,nan,nan,nan,nan,nan,nan,0.014166695000095493
continuous_Neumann_computational_halfcell,4.95,C,C,1.0458027574149007,0.0,0.026854450218105928,0.0,2.8456819993160325,0.3514096094505123,1.0,1.0,nan,nan,nan,nan,nan,nan,nan,nan,nan,nan,nan,nan,0.014149203677888461
continuous_Neumann_computational_halfcell,4.96,C,C,1.0492279923661556,0.0,0.026942404472224707,0.0,2.85544584094007,0.3502080080323919,1.0,1.0,nan,nan,nan,nan,nan,nan,nan,nan,nan,nan,nan,nan,0.014131612827064705
continuous_Neumann_computational_halfcell,4.97,C,C,1.0525522186325524,0.0,0.027027764993749186,0.0,2.8649537835274312,0.3490457702144029,1.0,1.0,nan,nan,nan,nan,nan,nan,nan,nan,nan,nan,nan,nan,0.014114540722759809
continuous_Neumann_computational_halfcell,4.98,C,C,1.055894479049618,0.0,0.027113588601833657,0.0,2.874545224773452,0.34788111572633607,1.0,1.0,nan,nan,nan,nan,nan,nan,nan,nan,nan,nan,nan,nan,0.014097376001142914
continuous_Neumann_computational_halfcell,4.99,C,C,1.0592440487745591,0.0,0.02719959990061131,0.0,2.8841898580998033,0.3467178130425963,1.0,1.0,nan,nan,nan,nan,nan,nan,nan,nan,nan,nan,nan,nan,0.014080173741387383
continuous_Neumann_computational_halfcell,5.0,C,C,1.062494741057785,0.0,0.0272830721935225,0.0,2.8935807269579104,0.3455925700235513,1.0,1.0,nan,nan,nan,nan,nan,nan,nan,nan,nan,nan,nan,nan,0.014063479282805148
continuous_Neumann_computational_halfcell,5.01,C,C,1.0657746180323429,0.0,0.02736729390006351,0.0,2.903086896770068,0.3444609257520281,1.0,1.0,nan,nan,nan,nan,nan,nan,nan,nan,nan,nan,nan,nan,0.014046634941496945
continuous_Neumann_computational_halfcell,5.02,C,C,1.0690488777299034,0.0,0.02745137136440931,0.0,2.9126079358658976,0.3433349156561668,1.0,1.0,nan,nan,nan,nan,nan,nan,nan,nan,nan,nan,nan,nan,0.014029819448627785
continuous_Neumann_computational_halfcell,5.03,C,C,1.072228839523067,0.0,0.027533027417679892,0.0,2.921884659816975,0.3422448578318075,1.0,1.0,nan,nan,nan,nan,nan,nan,nan,nan,nan,nan,nan,nan,0.014013488237973668
continuous_Neumann_computational_halfcell,5.04,C,C,1.0754472524326513,0.0,0.02761567083074124,0.0,2.9313036400799923,0.341145143180292,1.0,1.0,nan,nan,nan,nan,nan,nan,nan,nan,nan,nan,nan,nan,0.013996959555361399
continuous_Neumann_computational_halfcell,5.05,C,C,1.078646715082126,0.0,0.027697827633097923,0.0,2.940697255838887,0.34005540625253244,1.0,1.0,nan,nan,nan,nan,nan,nan,nan,nan,nan,nan,nan,nan,0.013980528194890063
continuous_Neumann_computational_halfcell,5.06,C,C,1.0817587407528855,0.0,0.02777773920137439,0.0,2.9498630358630327,0.33899879005990285,1.0,1.0,nan,nan,nan,nan,nan,nan,nan,nan,nan,nan,nan,nan,0.01396454588123477
continuous_Neumann_computational_halfcell,5.07,C,C,1.0849163371462023,0.0,0.027858820948914242,0.0,2.959192233915584,0.33793005690502453,1.0,1.0,nan,nan,nan,nan,nan,nan,nan,nan,nan,nan,nan,nan,0.013948329531726797
continuous_Neumann_computational_halfcell,5.08,C,C,1.0880417004317948,0.0,0.027939075004634946,0.0,2.9684552522872254,0.3368755514267866,1.0,1.0,nan,nan,nan,nan,nan,nan,nan,nan,nan,nan,nan,nan,0.013932278720582659
continuous_Neumann_computational_halfcell,5.09,C,C,1.0910885297480757,0.0,0.028017312440534792,0.0,2.9775134211137533,0.3358507111702439,1.0,1.0,nan,nan,nan,nan,nan,nan,nan,nan,nan,nan,nan,nan,0.013916631233402688
continuous_Neumann_computational_halfcell,5.1,C,C,1.0941857125315053,0.0,0.028096842868509164,0.0,2.9867496201341357,0.3348121292989701,1.0,1.0,nan,nan,nan,nan,nan,nan,nan,nan,nan,nan,nan,nan,0.013900725147807814
continuous_Neumann_computational_halfcell,5.11,C,C,1.0972378781618009,0.0,0.028175217331948898,0.0,2.9958796006897455,0.33379178514709623,1.0,1.0,nan,nan,nan,nan,nan,nan,nan,nan,nan,nan,nan,nan,0.013885050255119866
continuous_Neumann_computational_halfcell,5.12,C,C,1.1002221518395725,0.0,0.02825184844460251,0.0,3.004833479090483,0.332797143987721,1.0,1.0,nan,nan,nan,nan,nan,nan,nan,nan,nan,nan,nan,nan,0.013869724032589143
continuous_Neumann_computational_halfcell,5.13,C,C,1.1032591127492157,0.0,0.028329832476470952,0.0,3.0139729119320915,0.3317879852340661,1.0,1.0,nan,nan,nan,nan,nan,nan,nan,nan,nan,nan,nan,nan,0.013854127226215457
continuous_Neumann_computational_halfcell,5.14,C,C,1.1062391976821218,0.0,0.028406356029224127,0.0,3.0229682039049703,0.33080070068492057,1.0,1.0,nan,nan,nan,nan,nan,nan,nan,nan,nan,nan,nan,nan,0.01383882251566482
continuous_Neumann_computational_halfcell,5.15,C,C,1.1091634154119845,0.0,0.028481445006468376,0.0,3.031820958506261,0.32983478037987013,1.0,1.0,nan,nan,nan,nan,nan,nan,nan,nan,nan,nan,nan,nan,0.013823804720215972
continuous_Neumann_computational_halfcell,5.16,C,C,1.1121401736652494,0.0,0.0285578831357015,0.0,3.040859402524126,0.3288544018739999,1.0,1.0,nan,nan,nan,nan,nan,nan,nan,nan,nan,nan,nan,nan,0.013808517094369347
continuous_Neumann_computational_halfcell,5.17,C,C,1.115049513011023,0.0,0.02863259006114677,0.0,3.0497191762236824,0.3278990432287116,1.0,1.0,nan,nan,nan,nan,nan,nan,nan,nan,nan,nan,nan,nan,0.013793575709280293
continuous_Neumann_computational_halfcell,5.18,C,C,1.1179159953237487,0.0,0.028706196490296428,0.0,3.058473683626978,0.3269604722621388,1.0,1.0,nan,nan,nan,nan,nan,nan,nan,nan,nan,nan,nan,nan,0.01377885442345036
continuous_Neumann_computational_halfcell,5.19,C,C,1.1208324401891172,0.0,0.02878108587349569,0.0,3.067406573305906,0.3260082992266158,1.0,1.0,nan,nan,nan,nan,nan,nan,nan,nan,nan,nan,nan,nan,0.013763876546810508
continuous_Neumann_computational_halfcell,5.2,C,C,1.1236725818306201,0.0,0.028854015918653192,0.0,3.0761308256378963,0.3250837030940094,1.0,1.0,nan,nan,nan,nan,nan,nan,nan,nan,nan,nan,nan,nan,0.013749290537779008
continuous_Neumann_computational_halfcell,5.21,C,C,1.126483437022891,0.0,0.028926193937209705,0.0,3.084789547446844,0.3241712229048687,1.0,1.0,nan,nan,nan,nan,nan,nan,nan,nan,nan,nan,nan,nan,0.013734854934067706
continuous_Neumann_computational_halfcell,5.22,C,C,1.1293393729328933,0.0,0.02899952955253246,0.0,3.0936121010173103,0.32324673144094496,1.0,1.0,nan,nan,nan,nan,nan,nan,nan,nan,nan,nan,nan,nan,0.013720187811003155
continuous_Neumann_computational_halfcell,5.23,C,C,1.1321120641651792,0.0,0.029070727584990946,0.0,3.1022016347253993,0.3223517094460296,1.0,1.0,nan,nan,nan,nan,nan,nan,nan,nan,nan,nan,nan,nan,0.013705948204511457
continuous_Neumann_computational_halfcell,5.24,C,C,1.1348691613304442,0.0,0.029141525188120344,0.0,3.1107665077265674,0.3214641785284062,1.0,1.0,nan,nan,nan,nan,nan,nan,nan,nan,nan,nan,nan,nan,0.013691788683885578
continuous_Neumann_computational_halfcell,5.25,C,C,1.1376643540943903,0.0,0.02921330102194483,0.0,3.119473863458871,0.3205668788297526,1.0,1.0,nan,nan,nan,nan,nan,nan,nan,nan,nan,nan,nan,nan,0.01367743351712068
continuous_Neumann_computational_halfcell,5.26,C,C,1.1403715208363323,0.0,0.02928281649605134,0.0,3.1279302406013056,0.3197002244550577,1.0,1.0,nan,nan,nan,nan,nan,nan,nan,nan,nan,nan,nan,nan,0.013663530422299378
continuous_Neumann_computational_halfcell,5.27,C,C,1.1430764698381672,0.0,0.029352275022333913,0.0,3.1364025858485047,0.3188366201813552,1.0,1.0,nan,nan,nan,nan,nan,nan,nan,nan,nan,nan,nan,nan,0.013649638717042865
continuous_Neumann_computational_halfcell,5.28,C,C,1.1458106924892189,0.0,0.029422485246534683,0.0,3.144989943365362,0.31796604059405326,1.0,1.0,nan,nan,nan,nan,nan,nan,nan,nan,nan,nan,nan,nan,0.01363559667220271
continuous_Neumann_computational_halfcell,5.29,C,C,1.148454411850743,0.0,0.029490371498967393,0.0,3.1533154144258866,0.31712653781006767,1.0,1.0,nan,nan,nan,nan,nan,nan,nan,nan,nan,nan,nan,nan,0.013622019421716168
continuous_Neumann_computational_halfcell,5.3,C,C,1.1511085508435386,0.0,0.02955852530995002,0.0,3.1616958683490224,0.3162859559044751,1.0,1.0,nan,nan,nan,nan,nan,nan,nan,nan,nan,nan,nan,nan,0.013608388659519645
continuous_Neumann_computational_halfcell,5.31,C,C,1.153781627679745,0.0,0.029627165412797443,0.0,3.1701586301049374,0.31544162822126615,1.0,1.0,nan,nan,nan,nan,nan,nan,nan,nan,nan,nan,nan,nan,0.013594660638950158
continuous_Neumann_computational_halfcell,5.32,C,C,1.156364094871991,0.0,0.029693478812874423,0.0,3.1783560409779157,0.3146280615221196,1.0,1.0,nan,nan,nan,nan,nan,nan,nan,nan,nan,nan,nan,nan,0.01358139795893476
continuous_Neumann_computational_halfcell,5.33,C,C,1.1589684857244613,0.0,0.029760355175553973,0.0,3.1866445108995998,0.3138097131887789,1.0,1.0,nan,nan,nan,nan,nan,nan,nan,nan,nan,nan,nan,nan,0.013568022686398852
continuous_Neumann_computational_halfcell,5.34,C,C,1.1615803331744523,0.0,0.029827423011076274,0.0,3.194978418950015,0.3129911595235864,1.0,1.0,nan,nan,nan,nan,nan,nan,nan,nan,nan,nan,nan,nan,0.013554609119294393
continuous_Neumann_computational_halfcell,5.35,C,C,1.1641038239203958,0.0,0.029892221995523688,0.0,3.203051098806275,0.3122023249559408,1.0,1.0,nan,nan,nan,nan,nan,nan,nan,nan,nan,nan,nan,nan,0.01354164932240491
continuous_Neumann_computational_halfcell,5.36,C,C,1.1666592556390487,0.0,0.02995784117025599,0.0,3.211246744427063,0.31140553174104213,1.0,1.0,nan,nan,nan,nan,nan,nan,nan,nan,nan,nan,nan,nan,0.013528525487458448
continuous_Neumann_computational_halfcell,5.37,C,C,1.169209918696927,0.0,0.030023337893825802,0.0,3.219448007751129,0.3106122532783273,1.0,1.0,nan,nan,nan,nan,nan,nan,nan,nan,nan,nan,nan,nan,0.013515426142744487
continuous_Neumann_computational_halfcell,5.38,C,C,1.171676748431981,0.0,0.030086681919118206,0.0,3.2273996414580397,0.3098469700356758,1.0,1.0,nan,nan,nan,nan,nan,nan,nan,nan,nan,nan,nan,nan,0.013502757337686007
continuous_Neumann_computational_halfcell,5.39,C,C,1.174183748422653,0.0,0.030151057448795242,0.0,3.235500882992237,0.3090711565731936,1.0,1.0,nan,nan,nan,nan,nan,nan,nan,nan,nan,nan,nan,nan,0.013489882231750598
continuous_Neumann_computational_halfcell,5.4,C,C,1.1766734315498333,0.0,0.030214988310636716,0.0,3.243566290937504,0.30830262442731365,1.0,1.0,nan,nan,nan,nan,nan,nan,nan,nan,nan,nan,nan,nan,0.013477096059382306
continuous_Neumann_computational_halfcell,5.41,C,C,1.1790859127915567,0.0,0.030276936758323086,0.0,3.25140078025016,0.3075597465788456,1.0,1.0,nan,nan,nan,nan,nan,nan,nan,nan,nan,nan,nan,nan,0.01346470636984503
continuous_Neumann_computational_halfcell,5.42,C,C,1.1815447655455298,0.0,0.030340075948200956,0.0,3.259405332988289,0.3068044314338713,1.0,1.0,nan,nan,nan,nan,nan,nan,nan,nan,nan,nan,nan,nan,0.013452078531869456
continuous_Neumann_computational_halfcell,5.43,C,C,1.1839738571244496,0.0,0.030402450921319758,0.0,3.267332350863349,0.30606007978826005,1.0,1.0,nan,nan,nan,nan,nan,nan,nan,nan,nan,nan,nan,nan,0.013439603537245695
continuous_Neumann_computational_halfcell,5.44,C,C,1.186334256434911,0.0,0.030463061992889624,0.0,3.275053669003449,0.3053385077210919,1.0,1.0,nan,nan,nan,nan,nan,nan,nan,nan,nan,nan,nan,nan,0.013427481322931723
continuous_Neumann_computational_halfcell,5.45,C,C,1.1887450289901906,0.0,0.030524966564391198,0.0,3.2829586031764206,0.30460329260090324,1.0,1.0,nan,nan,nan,nan,nan,nan,nan,nan,nan,nan,nan,nan,0.013415100408631406
continuous_Neumann_computational_halfcell,5.46,C,C,1.1911141186294767,0.0,0.03058580078894201,0.0,3.290745446612438,0.3038825142277173,1.0,1.0,nan,nan,nan,nan,nan,nan,nan,nan,nan,nan,nan,nan,0.013402933563721246
continuous_Neumann_computational_halfcell,5.47,C,C,1.1934246145929865,0.0,0.030645130426764523,0.0,3.2983574910964624,0.3031812054028059,1.0,1.0,nan,nan,nan,nan,nan,nan,nan,nan,nan,nan,nan,nan,0.013391067636156743
continuous_Neumann_computational_halfcell,5.48,C,C,1.1957871879083282,0.0,0.030705797323111492,0.0,3.3061593150509396,0.302465763052496,1.0,1.0,nan,nan,nan,nan,nan,nan,nan,nan,nan,nan,nan,nan,0.013378934256887349
continuous_Neumann_computational_halfcell,5.49,C,C,1.1980970761345162,0.0,0.030765111355265023,0.0,3.313805000466523,0.30176790724234476,1.0,1.0,nan,nan,nan,nan,nan,nan,nan,nan,nan,nan,nan,nan,0.013367071450456642
continuous_Neumann_computational_halfcell,5.5,C,C,1.200359719726297,0.0,0.030823212224923263,0.0,3.3213114491217395,0.3010858858974011,1.0,1.0,nan,nan,nan,nan,nan,nan,nan,nan,nan,nan,nan,nan,0.013355451276524995
continuous_Neumann_computational_halfcell,5.51,C,C,1.202673824921872,0.0,0.03088263454173532,0.0,3.329006213014986,0.3003899470329701,1.0,1.0,nan,nan,nan,nan,nan,nan,nan,nan,nan,nan,nan,nan,0.013343566813162584
continuous_Neumann_computational_halfcell,5.52,C,C,1.2049255250409345,0.0,0.030940454401479175,0.0,3.3365105823251344,0.2997143198937867,1.0,1.0,nan,nan,nan,nan,nan,nan,nan,nan,nan,nan,nan,nan,0.013332002841213811
continuous_Neumann_computational_halfcell,5.53,C,C,1.2071422036722783,0.0,0.030997374968510485,0.0,3.343914757342697,0.29905068536934487,1.0,1.0,nan,nan,nan,nan,nan,nan,nan,nan,nan,nan,nan,nan,0.01332061872780755
continuous_Neumann_computational_halfcell,5.54,C,C,1.2094074619424742,0.0,0.031055542978698655,0.0,3.3514981738572938,0.29837402502567495,1.0,1.0,nan,nan,nan,nan,nan,nan,nan,nan,nan,nan,nan,nan,0.013308985125769916
continuous_Neumann_computational_halfcell,5.55,C,C,1.2116021941079307,0.0,0.031111899997516443,0.0,3.358861892441117,0.2977198920415364,1.0,1.0,nan,nan,nan,nan,nan,nan,nan,nan,nan,nan,nan,nan,0.013297713722006358
continuous_Neumann_computational_halfcell,5.56,C,C,1.2137746005023278,0.0,0.031167683728203898,0.0,3.366166637058307,0.29707382545799926,1.0,1.0,nan,nan,nan,nan,nan,nan,nan,nan,nan,nan,nan,nan,0.013286556975868866
continuous_Neumann_computational_halfcell,5.57,C,C,1.2159905653973713,0.0,0.031224585967691308,0.0,3.3736342150464362,0.2964162491416502,1.0,1.0,nan,nan,nan,nan,nan,nan,nan,nan,nan,nan,nan,nan,0.013275176527971383
continuous_Neumann_computational_halfcell,5.58,C,C,1.2181297431714988,0.0,0.03127951644347719,0.0,3.3808587428970007,0.2957828398187133,1.0,1.0,nan,nan,nan,nan,nan,nan,nan,nan,nan,nan,nan,nan,0.013264190432814208
continuous_Neumann_computational_halfcell,5.59,C,C,1.220259350059548,0.0,0.03133420115505762,0.0,3.388066314886877,0.2951536088907365,1.0,1.0,nan,nan,nan,nan,nan,nan,nan,nan,nan,nan,nan,nan,0.013253253490498124
continuous_Neumann_computational_halfcell,5.6,C,C,1.22242555076655,0.0,0.03138982553416368,0.0,3.3954135014008546,0.29451493892788827,1.0,1.0,nan,nan,nan,nan,nan,nan,nan,nan,nan,nan,nan,nan,0.01324212861467691
continuous_Neumann_computational_halfcell,5.61,C,C,1.2245107607002017,0.0,0.031443370206866564,0.0,3.402501038295891,0.2939014532970841,1.0,1.0,nan,nan,nan,nan,nan,nan,nan,nan,nan,nan,nan,nan,0.013231419680136334
continuous_Neumann_computational_halfcell,5.62,C,C,1.226598802124153,0.0,0.031496987587462735,0.0,3.4096130238851754,0.29328841513531145,1.0,1.0,nan,nan,nan,nan,nan,nan,nan,nan,nan,nan,nan,nan,0.013220696204017099
continuous_Neumann_computational_halfcell,5.63,C,C,1.228714786356706,0.0,0.031551322492235655,0.0,3.416835349751889,0.2926684775936348,1.0,1.0,nan,nan,nan,nan,nan,nan,nan,nan,nan,nan,nan,nan,0.013209829223062514
continuous_Neumann_computational_halfcell,5.64,C,C,1.230747761333168,0.0,0.03160352585937441,0.0,3.423788756172391,0.2920740942901937,1.0,1.0,nan,nan,nan,nan,nan,nan,nan,nan,nan,nan,nan,nan,0.013199388549634764
continuous_Neumann_computational_halfcell,5.65,C,C,1.2327952211307789,0.0,0.0316561011722799,0.0,3.4308060073245645,0.29147669610728794,1.0,1.0,nan,nan,nan,nan,nan,nan,nan,nan,nan,nan,nan,nan,0.013188873487053665
continuous_Neumann_computational_halfcell,5.66,C,C,1.2348605962596153,0.0,0.03170913652066257,0.0,3.437899231286625,0.29087530864764544,1.0,1.0,nan,nan,nan,nan,nan,nan,nan,nan,nan,nan,nan,nan,0.013178266417377134
continuous_Neumann_computational_halfcell,5.67,C,C,1.2368431835424085,0.0,0.03176004601684751,0.0,3.4447219276428087,0.2902991942470929,1.0,1.0,nan,nan,nan,nan,nan,nan,nan,nan,nan,nan,nan,nan,0.013168084518140145
continuous_Neumann_computational_halfcell,5.68,C,C,1.2388507913427027,0.0,0.03181159799770454,0.0,3.451644524859554,0.28971697195286633,1.0,1.0,nan,nan,nan,nan,nan,nan,nan,nan,nan,nan,nan,nan,0.013157774121968738
continuous_Neumann_computational_halfcell,5.69,C,C,1.2408652624671141,0.0,0.031863326217144355,0.0,3.4586047713406165,0.28913393293341877,1.0,1.0,nan,nan,nan,nan,nan,nan,nan,nan,nan,nan,nan,nan,0.013147428478080776
continuous_Neumann_computational_halfcell,5.7,C,C,1.242799387554456,0.0,0.0319129912859208,0.0,3.465300618812013,0.28857525219350916,1.0,1.0,nan,nan,nan,nan,nan,nan,nan,nan,nan,nan,nan,nan,0.013137495464325487
continuous_Neumann_computational_halfcell,5.71,C,C,1.244767622371251,0.0,0.031963532234995956,0.0,3.472127860744225,0.28800782693113647,1.0,1.0,nan,nan,nan,nan,nan,nan,nan,nan,nan,nan,nan,nan,0.013127387274510455
continuous_Neumann_computational_halfcell,5.72,C,C,1.2467310261398126,0.0,0.032013949130903954,0.0,3.4789517465002957,0.28744290604374295,1.0,1.0,nan,nan,nan,nan,nan,nan,nan,nan,nan,nan,nan,nan,0.013117303895328856
continuous_Neumann_computational_halfcell,5.73,C,C,1.2486186536541055,0.0,0.032062420220460276,0.0,3.485524913431507,0.2869008326827588,1.0,1.0,nan,nan,nan,nan,nan,nan,nan,nan,nan,nan,nan,nan,0.013107609677417593
continuous_Neumann_computational_halfcell,5.74,C,C,1.2505477549164947,0.0,0.032111956285888685,0.0,3.4922553336859683,0.2863479054220617,1.0,1.0,nan,nan,nan,nan,nan,nan,nan,nan,nan,nan,nan,nan,0.013097702464331909
continuous_Neumann_computational_halfcell,5.75,C,C,1.2524600880515209,0.0,0.03216106177409942,0.0,3.498940078969314,0.28580083609050283,1.0,1.0,nan,nan,nan,nan,nan,nan,nan,nan,nan,nan,nan,nan,0.013087881366689764
continuous_Neumann_computational_halfcell,5.76,C,C,1.254303180978086,0.0,0.0322083892905865,0.0,3.505394897267064,0.2852745637245142,1.0,1.0,nan,nan,nan,nan,nan,nan,nan,nan,nan,nan,nan,nan,0.013078415863392347
continuous_Neumann_computational_halfcell,5.77,C,C,1.2561931665965724,0.0,0.032256920932279665,0.0,3.5120263078713765,0.2847359080878,1.0,1.0,nan,nan,nan,nan,nan,nan,nan,nan,nan,nan,nan,nan,0.013068709535053714
continuous_Neumann_computational_halfcell,5.78,C,C,1.2580546082558435,0.0,0.03230471961326265,0.0,3.5185698282505973,0.28420638180063956,1.0,1.0,nan,nan,nan,nan,nan,nan,nan,nan,nan,nan,nan,nan,0.013059149798857118
continuous_Neumann_computational_halfcell,5.79,C,C,1.259855086887402,0.0,0.03235095286655744,0.0,3.5249106445792315,0.2836951346661356,1.0,1.0,nan,nan,nan,nan,nan,nan,nan,nan,nan,nan,nan,nan,0.013049903148198158
continuous_Neumann_computational_halfcell,5.8,C,C,1.2617057777292313,0.0,0.03239847548468847,0.0,3.531440204662268,0.283170588214911,1.0,1.0,nan,nan,nan,nan,nan,nan,nan,nan,nan,nan,nan,nan,0.013040398624571953
continuous_Neumann_computational_halfcell,5.81,C,C,1.263516705043786,0.0,0.03244497704253245,0.0,3.5378411802900995,0.28265825090486424,1.0,1.0,nan,nan,nan,nan,nan,nan,nan,nan,nan,nan,nan,nan,0.013031098313003156
continuous_Neumann_computational_halfcell,5.82,C,C,1.265276406986045,0.0,0.03249016321924889,0.0,3.5440722070535173,0.2821612940079975,1.0,1.0,nan,nan,nan,nan,nan,nan,nan,nan,nan,nan,nan,nan,0.01302206107765987
continuous_Neumann_computational_halfcell,5.83,C,C,1.2670874569296782,0.0,0.03253666792600069,0.0,3.5504965144391734,0.2816507482638544,1.0,1.0,nan,nan,nan,nan,nan,nan,nan,nan,nan,nan,nan,nan,0.01301276013630951
continuous_Neumann_computational_halfcell,5.84,C,C,1.2688484532820077,0.0,0.03258188734098368,0.0,3.5567544343198936,0.2811551987820085,1.0,1.0,nan,nan,nan,nan,nan,nan,nan,nan,nan,nan,nan,nan,0.013003716253312909
continuous_Neumann_computational_halfcell,5.85,C,C,1.2705690958302238,0.0,0.03262607053836637,0.0,3.562879605436973,0.28067184714128274,1.0,1.0,nan,nan,nan,nan,nan,nan,nan,nan,nan,nan,nan,nan,0.012994879613836371
continuous_Neumann_computational_halfcell,5.86,C,C,1.2723400263935059,0.0,0.03267154504712454,0.0,3.5691948080657347,0.28017523665006483,1.0,1.0,nan,nan,nan,nan,nan,nan,nan,nan,nan,nan,nan,nan,0.012985784712084739
continuous_Neumann_computational_halfcell,5.87,C,C,1.2740518822383553,0.0,0.032715502616790654,0.0,3.5753099877189918,0.27969602731929516,1.0,1.0,nan,nan,nan,nan,nan,nan,nan,nan,nan,nan,nan,nan,0.012976993198151515
continuous_Neumann_computational_halfcell,5.88,C,C,1.2757350283478726,0.0,0.032758722968895634,0.0,3.581332824050027,0.27922565400362,1.0,1.0,nan,nan,nan,nan,nan,nan,nan,nan,nan,nan,nan,nan,0.01296834912773052
continuous_Neumann_computational_halfcell,5.89,C,C,1.2774652667430733,0.0,0.03280315257143773,0.0,3.5875347474639607,0.27874294477758105,1.0,1.0,nan,nan,nan,nan,nan,nan,nan,nan,nan,nan,nan,nan,0.0129594632072221
continuous_Neumann_computational_halfcell,5.9,C,C,1.2791289730155633,0.0,0.032845873741328864,0.0,3.593508319282681,0.27827958394698116,1.0,1.0,nan,nan,nan,nan,nan,nan,nan,nan,nan,nan,nan,nan,0.012950918973243875
continuous_Neumann_computational_halfcell,5.91,C,C,1.2807760019633072,0.0,0.03288816666566031,0.0,3.599431808248341,0.2778216266546382,1.0,1.0,nan,nan,nan,nan,nan,nan,nan,nan,nan,nan,nan,nan,0.012942460388377586
continuous_Neumann_computational_halfcell,5.92,C,C,1.2824649213285575,0.0,0.032931535265231245,0.0,3.6055160948216387,0.27735280434227794,1.0,1.0,nan,nan,nan,nan,nan,nan,nan,nan,nan,nan,nan,nan,0.012933786668463398
continuous_Neumann_computational_halfcell,5.93,C,C,1.2840816557240409,0.0,0.03297305027657691,0.0,3.6113499713492963,0.27690476080510507,1.0,1.0,nan,nan,nan,nan,nan,nan,nan,nan,nan,nan,nan,nan,0.012925483666194266
continuous_Neumann_computational_halfcell,5.94,C,C,1.2856937393973915,0.0,0.033014445865225416,0.0,3.6171764648125255,0.2764587267798197,1.0,1.0,nan,nan,nan,nan,nan,nan,nan,nan,nan,nan,nan,nan,0.012917204548464562
continuous_Neumann_computational_halfcell,5.95,C,C,1.2873406998915087,0.0,0.03305673703178323,0.0,3.623138720001991,0.276003784917032,1.0,1.0,nan,nan,nan,nan,nan,nan,nan,nan,nan,nan,nan,nan,0.012908746315153
continuous_Neumann_computational_halfcell,5.96,C,C,1.288911806530452,0.0,0.033097080399329064,0.0,3.6288355312759824,0.2755704940004203,1.0,1.0,nan,nan,nan,nan,nan,nan,nan,nan,nan,nan,nan,nan,0.012900677641643833
continuous_Neumann_computational_halfcell,5.97,C,C,1.2904898920903172,0.0,0.03313760297378858,0.0,3.634566665147438,0.2751359631367319,1.0,1.0,nan,nan,nan,nan,nan,nan,nan,nan,nan,nan,nan,nan,0.012892573126751931
continuous_Neumann_computational_halfcell,5.98,C,C,1.292094281518544,0.0,0.033178800987204875,0.0,3.6404026057900807,0.2746948918258366,1.0,1.0,nan,nan,nan,nan,nan,nan,nan,nan,nan,nan,nan,nan,0.01288433352406867
continuous_Neumann_computational_halfcell,5.99,C,C,1.29362124472031,0.0,0.033218010825767606,0.0,3.645965612781317,0.2742757629129563,1.0,1.0,nan,nan,nan,nan,nan,nan,nan,nan,nan,nan,nan,nan,0.012876491556356125
continuous_Neumann_computational_halfcell,6.0,C,C,1.2951660441723583,0.0,0.03325767866914233,0.0,3.6516022510790647,0.2738523889628164,1.0,1.0,nan,nan,nan,nan,nan,nan,nan,nan,nan,nan,nan,nan,0.012868557987681179
continuous_Neumann_computational_halfcell,6.01,C,C,1.296727316834417,0.0,0.033297769516754734,0.0,3.657307850685746,0.2734251643083586,1.0,1.0,nan,nan,nan,nan,nan,nan,nan,nan,nan,nan,nan,nan,0.012860539818158701
continuous_Neumann_computational_halfcell,6.02,C,C,1.2982117299098839,0.0,0.033335886739869314,0.0,3.6627408376811545,0.2730195895140346,1.0,1.0,nan,nan,nan,nan,nan,nan,nan,nan,nan,nan,nan,nan,0.012852916373535785
continuous_Neumann_computational_halfcell,6.03,C,C,1.2997237168896607,0.0,0.033374712014320886,0.0,3.668283042953292,0.27260709936791344,1.0,1.0,nan,nan,nan,nan,nan,nan,nan,nan,nan,nan,nan,nan,0.01284515131864547
continuous_Neumann_computational_halfcell,6.04,C,C,1.301241429407055,0.0,0.033413684310917714,0.0,3.673854669038756,0.27219367397068117,1.0,1.0,nan,nan,nan,nan,nan,nan,nan,nan,nan,nan,nan,nan,0.012837356859326104
continuous_Neumann_computational_halfcell,6.05,C,C,1.3026849595355776,0.0,0.03345075172893693,0.0,3.6791618185348463,0.2718010376608633,1.0,1.0,nan,nan,nan,nan,nan,nan,nan,nan,nan,nan,nan,nan,0.012829943375722259
continuous_Neumann_computational_halfcell,6.06,C,C,1.3041643733760164,0.0,0.03348874058013125,0.0,3.6846088496635447,0.27139922873802835,1.0,1.0,nan,nan,nan,nan,nan,nan,nan,nan,nan,nan,nan,nan,0.012822345605483397
continuous_Neumann_computational_halfcell,6.07,C,C,1.3056382163615705,0.0,0.03352658638117188,0.0,3.690043388415794,0.2709995235121935,1.0,1.0,nan,nan,nan,nan,nan,nan,nan,nan,nan,nan,nan,nan,0.01281477644527527
continuous_Neumann_computational_halfcell,6.08,C,C,1.3070425667375023,0.0,0.03356264772925291,0.0,3.6952291426912245,0.27061921233704683,1.0,1.0,nan,nan,nan,nan,nan,nan,nan,nan,nan,nan,nan,nan,0.012807564175659064
continuous_Neumann_computational_halfcell,6.09,C,C,1.308489423649684,0.0,0.03359980057346318,0.0,3.7005794801714416,0.27022794817898943,1.0,1.0,nan,nan,nan,nan,nan,nan,nan,nan,nan,nan,nan,nan,0.012800133606817012
continuous_Neumann_computational_halfcell,6.1,C,C,1.3099192482242896,0.0,0.03363651605598331,0.0,3.705874444185222,0.26984184571311376,1.0,1.0,nan,nan,nan,nan,nan,nan,nan,nan,nan,nan,nan,nan,0.012792790510312985
continuous_Neumann_computational_halfcell,6.11,C,C,1.311286118739309,0.0,0.03367161498447621,0.0,3.7109433581806814,0.26947325881316003,1.0,1.0,nan,nan,nan,nan,nan,nan,nan,nan,nan,nan,nan,nan,0.012785770724614405
continuous_Neumann_computational_halfcell,6.12,C,C,1.3127002297065928,0.0,0.03370792696807403,0.0,3.716194756036999,0.26909246302968626,1.0,1.0,nan,nan,nan,nan,nan,nan,nan,nan,nan,nan,nan,nan,0.012778508327894839
continuous_Neumann_computational_halfcell,6.13,C,C,1.3140860680412985,0.0,0.0337435129581719,0.0,3.721348371403202,0.2687198026619937,1.0,1.0,nan,nan,nan,nan,nan,nan,nan,nan,nan,nan,nan,nan,0.012771391129875265
continuous_Neumann_computational_halfcell,6.14,C,C,1.3154171158080388,0.0,0.03377769201893304,0.0,3.726304961839742,0.2683623617070468,1.0,1.0,nan,nan,nan,nan,nan,nan,nan,nan,nan,nan,nan,nan,0.012764555317723037
continuous_Neumann_computational_halfcell,6.15,C,C,1.316798110577114,0.0,0.03381315363443812,0.0,3.7314545244411153,0.2679920104747295,1.0,1.0,nan,nan,nan,nan,nan,nan,nan,nan,nan,nan,nan,nan,0.01275746299462202
continuous_Neumann_computational_halfcell,6.16,C,C,1.3181401898378748,0.0,0.033847615965352164,0.0,3.7364657941792507,0.2676325851979756,1.0,1.0,nan,nan,nan,nan,nan,nan,nan,nan,nan,nan,nan,nan,0.012750570528439215
continuous_Neumann_computational_halfcell,6.17,C,C,1.319436990857385,0.0,0.03388091562742927,0.0,3.741314389983011,0.2672857439292988,1.0,1.0,nan,nan,nan,nan,nan,nan,nan,nan,nan,nan,nan,nan,0.012743910596023792
continuous_Neumann_computational_halfcell,6.18,C,C,1.3207843472145733,0.0,0.03391551346527548,0.0,3.7463586711696535,0.2669258572852527,1.0,1.0,nan,nan,nan,nan,nan,nan,nan,nan,nan,nan,nan,nan,0.01273699102845455
continuous_Neumann_computational_halfcell,6.19,C,C,1.3220830965051424,0.0,0.03394886315566605,0.0,3.7512274127890533,0.26657941253860046,1.0,1.0,nan,nan,nan,nan,nan,nan,nan,nan,nan,nan,nan,nan,0.012730321090376435
continuous_Neumann_computational_halfcell,6.2,C,C,1.323347109735012,0.0,0.03398132088262832,0.0,3.7559720118533466,0.26624266550552916,1.0,1.0,nan,nan,nan,nan,nan,nan,nan,nan,nan,nan,nan,nan,0.012723829544983984
continuous_Neumann_computational_halfcell,6.21,C,C,1.324660187088348,0.0,0.034015038493494874,0.0,3.7609071330307184,0.2658932977146267,1.0,1.0,nan,nan,nan,nan,nan,nan,nan,nan,nan,nan,nan,nan,0.01271708602281067
continuous_Neumann_computational_halfcell,6.22,C,C,1.3259162372166564,0.0,0.03404729174144526,0.0,3.765633988880217,0.26555953206099275,1.0,1.0,nan,nan,nan,nan,nan,nan,nan,nan,nan,nan,nan,nan,0.012710635373220595
continuous_Neumann_computational_halfcell,6.23,C,C,1.3271487722110162,0.0,0.03407894116043315,0.0,3.7702781259902904,0.2652324222731825,1.0,1.0,nan,nan,nan,nan,nan,nan,nan,nan,nan,nan,nan,nan,0.012704305489423019
continuous_Neumann_computational_halfcell,6.24,C,C,1.3284268483637387,0.0,0.03411175999952578,0.0,3.7750999091989597,0.26489365157283756,1.0,1.0,nan,nan,nan,nan,nan,nan,nan,nan,nan,nan,nan,nan,0.01269774172160449
continuous_Neumann_computational_halfcell,6.25,C,C,1.3296410244916501,0.0,0.034142937993800346,0.0,3.7796863291865694,0.26457221920190693,1.0,1.0,nan,nan,nan,nan,nan,nan,nan,nan,nan,nan,nan,nan,0.012691506122749578
continuous_Neumann_computational_halfcell,6.26,C,C,1.330843213660593,0.0,0.03417380818319431,0.0,3.7842329595608266,0.2642543444566514,1.0,1.0,nan,nan,nan,nan,nan,nan,nan,nan,nan,nan,nan,nan,0.012685332084870785
continuous_Neumann_computational_halfcell,6.27,C,C,1.3320855235633076,0.0,0.03420570860533545,0.0,3.7889370710177896,0.2639262624996246,1.0,1.0,nan,nan,nan,nan,nan,nan,nan,nan,nan,nan,nan,nan,0.012678952000442556
continuous_Neumann_computational_halfcell,6.28,C,C,1.3332588310308218,0.0,0.034235837161369076,0.0,3.7933852682183518,0.26361677744103024,1.0,1.0,nan,nan,nan,nan,nan,nan,nan,nan,nan,nan,nan,nan,0.01267292628923583
continuous_Neumann_computational_halfcell,6.29,C,C,1.3344316074102345,0.0,0.03426595207995636,0.0,3.797836670598507,0.263307795130223,1.0,1.0,nan,nan,nan,nan,nan,nan,nan,nan,nan,nan,nan,nan,0.012666903305518375
continuous_Neumann_computational_halfcell,6.3,C,C,1.3356373826208578,0.0,0.034296914352849914,0.0,3.8024187698455965,0.26299049645197464,1.0,1.0,nan,nan,nan,nan,nan,nan,nan,nan,nan,nan,nan,nan,0.012660710850939665
continuous_Neumann_computational_halfcell,6.31,C,C,1.3367709864565551,0.0,0.03432602338661077,0.0,3.806731650435152,0.26269253833158657,1.0,1.0,nan,nan,nan,nan,nan,nan,nan,nan,nan,nan,nan,nan,0.012654889044187493
continuous_Neumann_computational_halfcell,6.32,C,C,1.3379150676942686,0.0,0.03435540146237679,0.0,3.811089353000973,0.26239216858365394,1.0,1.0,nan,nan,nan,nan,nan,nan,nan,nan,nan,nan,nan,nan,0.01264901342903429
continuous_Neumann_computational_halfcell,6.33,C,C,1.3390835752583428,0.0,0.03438540676498899,0.0,3.8155452426006584,0.2620857404165923,1.0,1.0,nan,nan,nan,nan,nan,nan,nan,nan,nan,nan,nan,nan,0.012643012368511848
continuous_Neumann_computational_halfcell,6.34,C,C,1.3401787740906332,0.0,0.03441352962306347,0.0,3.819726312428384,0.2617988615431067,1.0,1.0,nan,nan,nan,nan,nan,nan,nan,nan,nan,nan,nan,nan,0.012637387796896955
continuous_Neumann_computational_halfcell,6.35,C,C,1.3412946531478391,0.0,0.03444218351441984,0.0,3.8239910440444973,0.26150688860984783,1.0,1.0,nan,nan,nan,nan,nan,nan,nan,nan,nan,nan,nan,nan,0.012631657018625678
continuous_Neumann_computational_halfcell,6.36,C,C,1.342425232637048,0.0,0.03447121488806588,0.0,3.8283168147388515,0.2612114013526895,1.0,1.0,nan,nan,nan,nan,nan,nan,nan,nan,nan,nan,nan,nan,0.012625850743896473
continuous_Neumann_computational_halfcell,6.37,C,C,1.3434834278993382,0.0,0.0344983875568992,0.0,3.8323700656419777,0.26093513488303627,1.0,1.0,nan,nan,nan,nan,nan,nan,nan,nan,nan,nan,nan,nan,0.012620416210129807
continuous_Neumann_computational_halfcell,6.38,C,C,1.344571370744493,0.0,0.03452632409346712,0.0,3.8365417340918277,0.26065140673797893,1.0,1.0,nan,nan,nan,nan,nan,nan,nan,nan,nan,nan,nan,nan,0.012614828902816223
continuous_Neumann_computational_halfcell,6.39,C,C,1.3456634682573492,0.0,0.03455436731489141,0.0,3.8407339004881877,0.2603669053648554,1.0,1.0,nan,nan,nan,nan,nan,nan,nan,nan,nan,nan,nan,nan,0.012609220258531366
continuous_Neumann_computational_halfcell,6.4,C,C,1.3466861297291783,0.0,0.03458062753594217,0.0,3.8446636801463976,0.26010077426640393,1.0,1.0,nan,nan,nan,nan,nan,nan,nan,nan,nan,nan,nan,nan,0.012603968214321214
continuous_Neumann_computational_halfcell,6.41,C,C,1.3477461800711463,0.0,0.03460784784009152,0.0,3.8487413780959963,0.2598252004385673,1.0,1.0,nan,nan,nan,nan,nan,nan,nan,nan,nan,nan,nan,nan,0.012598524153491343
continuous_Neumann_computational_halfcell,6.42,C,C,1.3487993781047773,0.0,0.03463489218852474,0.0,3.8527970002591214,0.2595516971002481,1.0,1.0,nan,nan,nan,nan,nan,nan,nan,nan,nan,nan,nan,nan,0.012593115283804699
continuous_Neumann_computational_halfcell,6.43,C,C,1.3497880069449373,0.0,0.034660278509017796,0.0,3.8566078699463073,0.2592952236064182,1.0,1.0,nan,nan,nan,nan,nan,nan,nan,nan,nan,nan,nan,nan,0.012588038019706089
continuous_Neumann_computational_halfcell,6.44,C,C,1.3508199978220752,0.0,0.034686778293455296,0.0,3.860589908445084,0.25902777132906263,1.0,1.0,nan,nan,nan,nan,nan,nan,nan,nan,nan,nan,nan,nan,0.012582738062818588
continuous_Neumann_computational_halfcell,6.45,C,C,1.351834040063821,0.0,0.03471281718722082,0.0,3.86450669524831,0.25876523935889983,1.0,1.0,nan,nan,nan,nan,nan,nan,nan,nan,nan,nan,nan,nan,0.012577530284065481
continuous_Neumann_computational_halfcell,6.46,C,C,1.3527901305674792,0.0,0.034737367978134745,0.0,3.868203280254281,0.25851795460301247,1.0,1.0,nan,nan,nan,nan,nan,nan,nan,nan,nan,nan,nan,nan,0.012572620125882698
continuous_Neumann_computational_halfcell,6.47,C,C,1.353793702385806,0.0,0.034763138009093704,0.0,3.8720872486485347,0.25825864340970817,1.0,1.0,nan,nan,nan,nan,nan,nan,nan,nan,nan,nan,nan,nan,0.012567466119690908
continuous_Neumann_computational_halfcell,6.48,C,C,1.3547685126434423,0.0,0.034788169491703776,0.0,3.8758636393501322,0.2580070129009158,1.0,1.0,nan,nan,nan,nan,nan,nan,nan,nan,nan,nan,nan,nan,0.012562459823168892
continuous_Neumann_computational_halfcell,6.49,C,C,1.3556935139909836,0.0,0.03481192196554562,0.0,3.8794504770985427,0.25776846641122847,1.0,1.0,nan,nan,nan,nan,nan,nan,nan,nan,nan,nan,nan,nan,0.012557709328400524
continuous_Neumann_computational_halfcell,6.5,C,C,1.356668138395385,0.0,0.034836948675758206,0.0,3.8832333273388286,0.25751736135961156,1.0,1.0,nan,nan,nan,nan,nan,nan,nan,nan,nan,nan,nan,nan,0.012552703986358006
continuous_Neumann_computational_halfcell,6.51,C,C,1.3576038330797626,0.0,0.03486097573644705,0.0,3.886868548584789,0.2572765164296849,1.0,1.0,nan,nan,nan,nan,nan,nan,nan,nan,nan,nan,nan,nan,0.012547898574220236
continuous_Neumann_computational_halfcell,6.52,C,C,1.3584991123390342,0.0,0.034883964997212476,0.0,3.8903499395558816,0.25704628517663863,1.0,1.0,nan,nan,nan,nan,nan,nan,nan,nan,nan,nan,nan,nan,0.012543300722067153
continuous_Neumann_computational_halfcell,6.53,C,C,1.359444121113528,0.0,0.034908231228019754,0.0,3.8940280920540773,0.25680348892206006,1.0,1.0,nan,nan,nan,nan,nan,nan,nan,nan,nan,nan,nan,nan,0.012538447475905696
continuous_Neumann_computational_halfcell,6.54,C,C,1.3603410149003068,0.0,0.034931261947127354,0.0,3.89752218833778,0.25657326672628417,1.0,1.0,nan,nan,nan,nan,nan,nan,nan,nan,nan,nan,nan,nan,0.012533841332084177
continuous_Neumann_computational_halfcell,6.55,C,C,1.361207822497196,0.0,0.03495352010364329,0.0,3.9009020548150213,0.256350963430539,1.0,1.0,nan,nan,nan,nan,nan,nan,nan,nan,nan,nan,nan,nan,0.012529389700780989
continuous_Neumann_computational_halfcell,6.56,C,C,1.3621224405287882,0.0,0.03497700595145142,0.0,3.904471522274651,0.2561166074064293,1.0,1.0,nan,nan,nan,nan,nan,nan,nan,nan,nan,nan,nan,nan,0.012524692531219362
continuous_Neumann_computational_halfcell,6.57,C,C,1.3629810450505229,0.0,0.034999053466838514,0.0,3.9078253587822185,0.25589679890700806,1.0,1.0,nan,nan,nan,nan,nan,nan,nan,nan,nan,nan,nan,nan,0.012520283028141944
continuous_Neumann_computational_halfcell,6.58,C,C,1.363820483836479,0.0,0.03502060883846932,0.0,3.911107116181637,0.25568207934337706,1.0,1.0,nan,nan,nan,nan,nan,nan,nan,nan,nan,nan,nan,nan,0.01251597195381578
continuous_Neumann_computational_halfcell,6.59,C,C,1.3647038650484953,0.0,0.03504329257745692,0.0,3.914563641216115,0.25545631433120236,1.0,1.0,nan,nan,nan,nan,nan,nan,nan,nan,nan,nan,nan,nan,0.012511435206018263
continuous_Neumann_computational_halfcell,6.6,C,C,1.3655248806964764,0.0,0.035064374873990056,0.0,3.917778878920197,0.25524666677350005,1.0,1.0,nan,nan,nan,nan,nan,nan,nan,nan,nan,nan,nan,nan,0.012507218746711636
continuous_Neumann_computational_halfcell,6.61,C,C,1.3663378796187045,0.0,0.03508525131453255,0.0,3.920965324039,0.2550392358404987,1.0,1.0,nan,nan,nan,nan,nan,nan,nan,nan,nan,nan,nan,nan,0.012503043458603137
continuous_Neumann_computational_halfcell,6.62,C,C,1.3671891446862965,0.0,0.03510711036512118,0.0,3.924304525921905,0.25482222222932055,1.0,1.0,nan,nan,nan,nan,nan,nan,nan,nan,nan,nan,nan,nan,0.01249867164848541
continuous_Neumann_computational_halfcell,6.63,C,C,1.367973445826367,0.0,0.03512724989503989,0.0,3.9273835697265187,0.25462244322360256,1.0,1.0,nan,nan,nan,nan,nan,nan,nan,nan,nan,nan,nan,nan,0.01249464374250167
continuous_Neumann_computational_halfcell,6.64,C,C,1.3687607390517729,0.0,0.03514746625666144,0.0,3.930476789680318,0.25442205958970543,1.0,1.0,nan,nan,nan,nan,nan,nan,nan,nan,nan,nan,nan,nan,0.01249060047017736
continuous_Neumann_computational_halfcell,6.65,C,C,1.3695790136587913,0.0,0.03516847816788764,0.0,3.933694315260999,0.25421395763276294,1.0,1.0,nan,nan,nan,nan,nan,nan,nan,nan,nan,nan,nan,nan,0.01248639808793212
continuous_Neumann_computational_halfcell,6.66,C,C,1.3703276277794403,0.0,0.035187701315362634,0.0,3.9366402369134144,0.254023720690328,1.0,1.0,nan,nan,nan,nan,nan,nan,nan,nan,nan,nan,nan,nan,0.01248255345843712
continuous_Neumann_computational_halfcell,6.67,C,C,1.3710897399409918,0.0,0.03520727106975263,0.0,3.939641541833841,0.2538301998751175,1.0,1.0,nan,nan,nan,nan,nan,nan,nan,nan,nan,nan,nan,nan,0.01247863950755912
continuous_Neumann_computational_halfcell,6.68,C,C,1.3718741923240432,0.0,0.0352274144833359,0.0,3.942733215506548,0.2536311602486966,1.0,1.0,nan,nan,nan,nan,nan,nan,nan,nan,nan,nan,nan,nan,0.012474610824842467
continuous_Neumann_computational_halfcell,6.69,C,C,1.3725882738313189,0.0,0.03524575089156665,0.0,3.9455496538474537,0.2534501115769415,1.0,1.0,nan,nan,nan,nan,nan,nan,nan,nan,nan,nan,nan,nan,0.012470943543196316
continuous_Neumann_computational_halfcell,6.7,C,C,1.3733255118623262,0.0,0.03526468192025462,0.0,3.9484595356114505,0.2532633273763921,1.0,1.0,nan,nan,nan,nan,nan,nan,nan,nan,nan,nan,nan,nan,0.012467157337458722
continuous_Neumann_computational_halfcell,6.71,C,C,1.37407538841601,0.0,0.03528393748487983,0.0,3.951421503256623,0.2530734823343536,1.0,1.0,nan,nan,nan,nan,nan,nan,nan,nan,nan,nan,nan,nan,0.01246330622453368
continuous_Neumann_computational_halfcell,6.72,C,C,1.374756187962113,0.0,0.03530141926850462,0.0,3.9541125451486128,0.25290124865740654,1.0,1.0,nan,nan,nan,nan,nan,nan,nan,nan,nan,nan,nan,nan,0.012459809867808723
continuous_Neumann_computational_halfcell,6.73,C,C,1.3754686397662326,0.0,0.03531971382870813,0.0,3.9569306635326553,0.2527211328760619,1.0,1.0,nan,nan,nan,nan,nan,nan,nan,nan,nan,nan,nan,nan,0.01245615095576802
continuous_Neumann_computational_halfcell,6.74,C,C,1.3761832975510657,0.0,0.035338065034774206,0.0,3.959759525549125,0.2525405882725476,1.0,1.0,nan,nan,nan,nan,nan,nan,nan,nan,nan,nan,nan,nan,0.012452480714554806
continuous_Neumann_computational_halfcell,6.75,C,C,1.3768321279262299,0.0,0.035354725904031145,0.0,3.962329571479418,0.25237678541379616,1.0,1.0,nan,nan,nan,nan,nan,nan,nan,nan,nan,nan,nan,nan,0.012449148540703418
continuous_Neumann_computational_halfcell,6.76,C,C,1.3775196679059718,0.0,0.035372380770618585,0.0,3.965054768206222,0.2522033259208666,1.0,1.0,nan,nan,nan,nan,nan,nan,nan,nan,nan,nan,nan,nan,0.012445617567385929
continuous_Neumann_computational_halfcell,6.77,C,C,1.3781986030058455,0.0,0.035389814678410104,0.0,3.9677476971198167,0.2520321543443649,1.0,1.0,nan,nan,nan,nan,nan,nan,nan,nan,nan,nan,nan,nan,0.012442130785827626
continuous_Neumann_computational_halfcell,6.78,C,C,1.378816802731887,0.0,0.03540568900428094,0.0,3.9702013159942933,0.25187639628535086,1.0,1.0,nan,nan,nan,nan,nan,nan,nan,nan,nan,nan,nan,nan,0.012438955920653458
continuous_Neumann_computational_halfcell,6.79,C,C,1.3794791039734449,0.0,0.03542269578265737,0.0,3.9728316561977546,0.25170963346507913,1.0,1.0,nan,nan,nan,nan,nan,nan,nan,nan,nan,nan,nan,nan,0.012435554564978173
continuous_Neumann_computational_halfcell,6.8,C,C,1.380121974788981,0.0,0.03543920362047868,0.0,3.9753864948521778,0.2515478686902327,1.0,1.0,nan,nan,nan,nan,nan,nan,nan,nan,nan,nan,nan,nan,0.012432252997413911
continuous_Neumann_computational_halfcell,6.81,C,C,1.3807108706238314,0.0,0.03545432547186845,0.0,3.977728272864898,0.25139977680772174,1.0,1.0,nan,nan,nan,nan,nan,nan,nan,nan,nan,nan,nan,nan,0.012429228627135957
continuous_Neumann_computational_halfcell,6.82,C,C,1.3813474233183456,0.0,0.03547067107100254,0.0,3.9802611125724807,0.25123979852509987,1.0,1.0,nan,nan,nan,nan,nan,nan,nan,nan,nan,nan,nan,nan,0.01242595950730914
continuous_Neumann_computational_halfcell,6.83,C,C,1.381954068051055,0.0,0.03548624868414146,0.0,3.9826764495628884,0.25108743144569357,1.0,1.0,nan,nan,nan,nan,nan,nan,nan,nan,nan,nan,nan,nan,0.012422843984681355
continuous_Neumann_computational_halfcell,6.84,C,C,1.3825149376453432,0.0,0.035500650868962515,0.0,3.9849108382290948,0.25094664362538227,1.0,1.0,nan,nan,nan,nan,nan,nan,nan,nan,nan,nan,nan,nan,0.012419963547717143
continuous_Neumann_computational_halfcell,6.85,C,C,1.3831250731233882,0.0,0.03551631811855168,0.0,3.9873429155812343,0.2507935788748759,1.0,1.0,nan,nan,nan,nan,nan,nan,nan,nan,nan,nan,nan,nan,0.01241683009779931
continuous_Neumann_computational_halfcell,6.86,C,C,1.383695520898316,0.0,0.03553096625489022,0.0,3.9896181353606344,0.250650555033535,1.0,1.0,nan,nan,nan,nan,nan,nan,nan,nan,nan,nan,nan,nan,0.012413900470531604
continuous_Neumann_computational_halfcell,6.87,C,C,1.3842295568356597,0.0,0.03554467939667761,0.0,3.9917493038308214,0.2505167343651354,1.0,1.0,nan,nan,nan,nan,nan,nan,nan,nan,nan,nan,nan,nan,0.012411157842174125
continuous_Neumann_computational_halfcell,6.88,C,C,1.3848124764096994,0.0,0.03555964778777356,0.0,3.9940768509551656,0.2503707458109762,1.0,1.0,nan,nan,nan,nan,nan,nan,nan,nan,nan,nan,nan,nan,0.012408164163954934
continuous_Neumann_computational_halfcell,6.89,C,C,1.3853469516938566,0.0,0.035573372211245805,0.0,3.996212156898318,0.25023696459002703,1.0,1.0,nan,nan,nan,nan,nan,nan,nan,nan,nan,nan,nan,nan,0.012405419279260485
continuous_Neumann_computational_halfcell,6.9,C,C,1.3858552280972845,0.0,0.03558642389166653,0.0,3.9982438535287503,0.25010980736390676,1.0,1.0,nan,nan,nan,nan,nan,nan,nan,nan,nan,nan,nan,nan,0.01240280894317634
continuous_Neumann_computational_halfcell,6.91,C,C,1.386410035751103,0.0,0.035600670416084695,0.0,4.0004627252871225,0.24997108301470994,1.0,1.0,nan,nan,nan,nan,nan,nan,nan,nan,nan,nan,nan,nan,0.012399959638292707
continuous_Neumann_computational_halfcell,6.92,C,C,1.3869089559461223,0.0,0.0356134818448603,0.0,4.002459134913317,0.24984639849962076,1.0,1.0,nan,nan,nan,nan,nan,nan,nan,nan,nan,nan,nan,nan,0.012397397352537587
continuous_Neumann_computational_halfcell,6.93,C,C,1.3873923987452077,0.0,0.03562589584022347,0.0,4.004394562757357,0.24972564124935215,1.0,1.0,nan,nan,nan,nan,nan,nan,nan,nan,nan,nan,nan,nan,0.012394914553464953
continuous_Neumann_computational_halfcell,6.94,C,C,1.3879181365859772,0.0,0.03563939590089229,0.0,4.006500378013249,0.24959438553600785,1.0,1.0,nan,nan,nan,nan,nan,nan,nan,nan,nan,nan,nan,nan,0.012392214541331189
continuous_Neumann_computational_halfcell,6.95,C,C,1.3883821028967755,0.0,0.035651309772899105,0.0,4.008359690508674,0.24947860901003543,1.0,1.0,nan,nan,nan,nan,nan,nan,nan,nan,nan,nan,nan,nan,0.012389831766929826
continuous_Neumann_computational_halfcell,6.96,C,C,1.3888414647266352,0.0,0.035663105409604594,0.0,4.010201400924189,0.24936403437731094,1.0,1.0,nan,nan,nan,nan,nan,nan,nan,nan,nan,nan,nan,nan,0.012387472639588728
continuous_Neumann_computational_halfcell,6.97,C,C,1.3893371500272345,0.0,0.03567583377174976,0.0,4.012189691553578,0.24924045892077087,1.0,1.0,nan,nan,nan,nan,nan,nan,nan,nan,nan,nan,nan,nan,0.012384926967159695
continuous_Neumann_computational_halfcell,6.98,C,C,1.389766931929138,0.0,0.03568686984581581,0.0,4.013914428673864,0.24913336289791926,1.0,1.0,nan,nan,nan,nan,nan,nan,nan,nan,nan,nan,nan,nan,0.012382719752346484
continuous_Neumann_computational_halfcell,6.99,C,C,1.3902027724776715,0.0,0.03569806149570451,0.0,4.015664236631154,0.24902480413524966,1.0,1.0,nan,nan,nan,nan,nan,nan,nan,nan,nan,nan,nan,nan,0.012380481422368745
continuous_Neumann_computational_halfcell,7.0,C,C,1.3906674350877903,0.0,0.035709993247503,0.0,4.017530599237587,0.24890911849925212,1.0,1.0,nan,nan,nan,nan,nan,nan,nan,nan,nan,nan,nan,nan,0.012378095072009047
continuous_Neumann_computational_halfcell,7.01,C,C,1.391063948922941,0.0,0.035720175053748346,0.0,4.019123921569625,0.24881044215463277,1.0,1.0,nan,nan,nan,nan,nan,nan,nan,nan,nan,nan,nan,nan,0.012376058710759977
continuous_Neumann_computational_halfcell,7.02,C,C,1.3914766213617558,0.0,0.035730771785671224,0.0,4.02078284551279,0.24870778612577998,1.0,1.0,nan,nan,nan,nan,nan,nan,nan,nan,nan,nan,nan,nan,0.012373939364375402
continuous_Neumann_computational_halfcell,7.03,C,C,1.391909340256893,0.0,0.0357418832767679,0.0,4.022523090714622,0.24860018884872198,1.0,1.0,nan,nan,nan,nan,nan,nan,nan,nan,nan,nan,nan,nan,0.012371717066156066
continuous_Neumann_computational_halfcell,7.04,C,C,1.3922736226822643,0.0,0.035751237434794456,0.0,4.023988692112429,0.2485096446618097,1.0,1.0,nan,nan,nan,nan,nan,nan,nan,nan,nan,nan,nan,nan,0.012369846234550756
continuous_Neumann_computational_halfcell,7.05,C,C,1.392663266615088,0.0,0.03576124283353969,0.0,4.0255569203975385,0.24841283324873376,1.0,1.0,nan,nan,nan,nan,nan,nan,nan,nan,nan,nan,nan,nan,0.012367845154801708
continuous_Neumann_computational_halfcell,7.06,C,C,1.393063204383731,0.0,0.03577151256061988,0.0,4.027167214637107,0.24831350343869724,1.0,1.0,nan,nan,nan,nan,nan,nan,nan,nan,nan,nan,nan,nan,0.01236579120938567
continuous_Neumann_computational_halfcell,7.07,C,C,1.393396381559823,0.0,0.035780067988329105,0.0,4.028509198384093,0.24823078482757788,1.0,1.0,nan,nan,nan,nan,nan,nan,nan,nan,nan,nan,nan,nan,0.012364080123843825
continuous_Neumann_computational_halfcell,7.08,C,C,1.3937629227072748,0.0,0.035789480146527525,0.0,4.029986083421222,0.24813981470403954,1.0,1.0,nan,nan,nan,nan,nan,nan,nan,nan,nan,nan,nan,nan,0.012362197692204141
continuous_Neumann_computational_halfcell,7.09,C,C,1.394129356846733,0.0,0.03579888955694122,0.0,4.031463078497912,0.24804890446189853,1.0,1.0,nan,nan,nan,nan,nan,nan,nan,nan,nan,nan,nan,nan,0.012360315810121402
continuous_Neumann_computational_halfcell,7.1,C,C,1.3944326103938636,0.0,0.035806676596349125,0.0,4.032685819367475,0.247973694156231,1.0,1.0,nan,nan,nan,nan,nan,nan,nan,nan,nan,nan,nan,nan,0.012358758402239822
continuous_Neumann_computational_halfcell,7.11,C,C,1.3947757670114722,0.0,0.0358154882792781,0.0,4.034069899657701,0.24788861494067121,1.0,1.0,nan,nan,nan,nan,nan,nan,nan,nan,nan,nan,nan,nan,0.012356996065654026
continuous_Neumann_computational_halfcell,7.12,C,C,1.3951081170097357,0.0,0.03582402246645639,0.0,4.035410845601195,0.24780624284886665,1.0,1.0,nan,nan,nan,nan,nan,nan,nan,nan,nan,nan,nan,nan,0.012355289228218368
continuous_Neumann_computational_halfcell,7.13,C,C,1.3953826478621831,0.0,0.03583107195552889,0.0,4.036518842463316,0.24773822172715104,1.0,1.0,nan,nan,nan,nan,nan,nan,nan,nan,nan,nan,nan,nan,0.012353879330403869
continuous_Neumann_computational_halfcell,7.14,C,C,1.395701943667465,0.0,0.03583927093305787,0.0,4.037807891780724,0.2476591325792341,1.0,1.0,nan,nan,nan,nan,nan,nan,nan,nan,nan,nan,nan,nan,0.012352239534898073
continuous_Neumann_computational_halfcell,7.15,C,C,1.3959997929887553,0.0,0.035846919201064795,0.0,4.03901072924406,0.24758537845903658,1.0,1.0,nan,nan,nan,nan,nan,nan,nan,nan,nan,nan,nan,nan,0.012350709881296688
continuous_Neumann_computational_halfcell,7.16,C,C,1.3962467843439974,0.0,0.035853261522316694,0.0,4.040008453187436,0.24752423456219066,1.0,1.0,nan,nan,nan,nan,nan,nan,nan,nan,nan,nan,nan,nan,0.012349441417046308
continuous_Neumann_computational_halfcell,7.17,C,C,1.396541567514669,0.0,0.035860831056749275,0.0,4.0411995552386015,0.24745127933702293,1.0,1.0,nan,nan,nan,nan,nan,nan,nan,nan,nan,nan,nan,nan,0.012347927510159791
continuous_Neumann_computational_halfcell,7.18,C,C,1.3968046797753182,0.0,0.03586758733565108,0.0,4.04226298428379,0.24738618043605112,1.0,1.0,nan,nan,nan,nan,nan,nan,nan,nan,nan,nan,nan,nan,0.01234657625437943
continuous_Neumann_computational_halfcell,7.19,C,C,1.3970252603623852,0.0,0.03587325147293937,0.0,4.043154727372933,0.24733161786508148,1.0,1.0,nan,nan,nan,nan,nan,nan,nan,nan,nan,nan,nan,nan,0.012345443426921773
continuous_Neumann_computational_halfcell,7.2,C,C,1.397294727969248,0.0,0.03588017094640852,0.0,4.0442443734070554,0.24726497898482688,1.0,1.0,nan,nan,nan,nan,nan,nan,nan,nan,nan,nan,nan,nan,0.012344059532227943
continuous_Neumann_computational_halfcell,7.21,C,C,1.3975230567820915,0.0,0.0358860340450611,0.0,4.045167896353122,0.24720852771068896,1.0,1.0,nan,nan,nan,nan,nan,nan,nan,nan,nan,nan,nan,nan,0.012342886912497427
continuous_Neumann_computational_halfcell,7.22,C,C,1.397718265660508,0.0,0.035891046679681154,0.0,4.045957626119798,0.24716027512107974,1.0,1.0,nan,nan,nan,nan,nan,nan,nan,nan,nan,nan,nan,nan,0.012341884385573416
continuous_Neumann_computational_halfcell,7.23,C,C,1.397961492720766,0.0,0.035897292340189395,0.0,4.046941832187049,0.24710016636428395,1.0,1.0,nan,nan,nan,nan,nan,nan,nan,nan,nan,nan,nan,nan,0.012340635253471767
continuous_Neumann_computational_halfcell,7.24,C,C,1.3981551848952167,0.0,0.035902266028410755,0.0,4.04772576906917,0.24705230963064076,1.0,1.0,nan,nan,nan,nan,nan,nan,nan,nan,nan,nan,nan,nan,0.012339640515827496
continuous_Neumann_computational_halfcell,7.25,C,C,1.3983259389433798,0.0,0.03590665070425276,0.0,4.0484169936431105,0.24701012805010356,1.0,1.0,nan,nan,nan,nan,nan,nan,nan,nan,nan,nan,nan,nan,0.012338763580659095
continuous_Neumann_computational_halfcell,7.26,C,C,1.3985419111295376,0.0,0.0359121965055815,0.0,4.049291433535656,0.24695678649309907,1.0,1.0,nan,nan,nan,nan,nan,nan,nan,nan,nan,nan,nan,nan,0.012337654420393347
continuous_Neumann_computational_halfcell,7.27,C,C,1.3987013031327802,0.0,0.03591628942328122,0.0,4.049936909649458,0.24691742669308767,1.0,1.0,nan,nan,nan,nan,nan,nan,nan,nan,nan,nan,nan,nan,0.012336835836853403
continuous_Neumann_computational_halfcell,7.28,C,C,1.3988483682943595,0.0,0.03592006580848622,0.0,4.050532558073954,0.24688111641188842,1.0,1.0,nan,nan,nan,nan,nan,nan,nan,nan,nan,nan,nan,nan,0.012336080559812402
continuous_Neumann_computational_halfcell,7.29,C,C,1.3990360172149414,0.0,0.035924884316145066,0.0,4.051292707454632,0.2468347937832133,1.0,1.0,nan,nan,nan,nan,nan,nan,nan,nan,nan,nan,nan,nan,0.012335116858280634
continuous_Neumann_computational_halfcell,7.3,C,C,1.39916162502122,0.0,0.03592810971267113,0.0,4.05180161340482,0.24680379135336727,1.0,1.0,nan,nan,nan,nan,nan,nan,nan,nan,nan,nan,nan,nan,0.01233447177897542
continuous_Neumann_computational_halfcell,7.31,C,C,1.3992855922528111,0.0,0.035931292982007375,0.0,4.052303935168866,0.24677319766695346,1.0,1.0,nan,nan,nan,nan,nan,nan,nan,nan,nan,nan,nan,nan,0.012333835125108172
continuous_Neumann_computational_halfcell,7.32,C,C,1.3994438321379867,0.0,0.03593535631525912,0.0,4.052945222015504,0.2467341513939106,1.0,1.0,nan,nan,nan,nan,nan,nan,nan,nan,nan,nan,nan,nan,0.012333022458457823
continuous_Neumann_computational_halfcell,7.33,C,C,1.399536334809623,0.0,0.03593773162778616,0.0,4.053320147617079,0.24671132888131073,1.0,1.0,nan,nan,nan,nan,nan,nan,nan,nan,nan,nan,nan,nan,0.012332547395952416
continuous_Neumann_computational_halfcell,7.34,C,C,1.3996376015171705,0.0,0.03594033198596776,0.0,4.053730634787055,0.24668634650228322,1.0,1.0,nan,nan,nan,nan,nan,nan,nan,nan,nan,nan,nan,nan,0.012332027324316095
continuous_Neumann_computational_halfcell,7.35,C,C,1.3997653660973821,0.0,0.03594361276480928,0.0,4.054248591067428,0.2466548307381205,1.0,1.0,nan,nan,nan,nan,nan,nan,nan,nan,nan,nan,nan,nan,0.012331371168547791
continuous_Neumann_computational_halfcell,7.36,C,C,1.3998255836467417,0.0,0.03594515904987122,0.0,4.054492735332887,0.24663997823587092,1.0,1.0,nan,nan,nan,nan,nan,nan,nan,nan,nan,nan,nan,nan,0.012331061911535402
continuous_Neumann_computational_halfcell,7.37,C,C,1.3999043412165708,0.0,0.03594718141137609,0.0,4.054812069902455,0.2466205542354659,1.0,1.0,nan,nan,nan,nan,nan,nan,nan,nan,nan,nan,nan,nan,0.012330657439234428
continuous_Neumann_computational_halfcell,7.38,C,C,1.4000006195771046,0.0,0.03594965367722326,0.0,4.055202479354507,0.24659681115582088,1.0,1.0,nan,nan,nan,nan,nan,nan,nan,nan,nan,nan,nan,nan,0.012330162986064994
continuous_Neumann_computational_halfcell,7.39,C,C,1.4000294858455913,0.0,0.03595039491429169,0.0,4.0553195396075825,0.24658969292880092,1.0,1.0,nan,nan,nan,nan,nan,nan,nan,nan,nan,nan,nan,nan,0.012330014738651309
continuous_Neumann_computational_halfcell,7.4,C,C,1.4000857136749614,0.0,0.035951838750076195,0.0,4.055547567833403,0.24657582811542028,1.0,1.0,nan,nan,nan,nan,nan,nan,nan,nan,nan,nan,nan,nan,0.012329725971494407
continuous_Neumann_computational_halfcell,7.41,C,C,1.4001495839039941,0.0,0.03595347882978895,0.0,4.055806604857703,0.24656007976373537,1.0,1.0,nan,nan,nan,nan,nan,nan,nan,nan,nan,nan,nan,nan,0.012329397955551857
continuous_Neumann_computational_halfcell,7.42,C,C,1.4001481153572721,0.0,0.035953441119987016,0.0,4.05580064872058,0.24656044184899825,1.0,1.0,nan,nan,nan,nan,nan,nan,nan,nan,nan,nan,nan,nan,0.012329405497512243
continuous_Neumann_computational_halfcell,7.43,C,C,1.4001815815748044,0.0,0.0359543004759854,0.0,4.055936383298606,0.24655219054168728,1.0,1.0,nan,nan,nan,nan,nan,nan,nan,nan,nan,nan,nan,nan,0.012329233626312566
continuous_Neumann_computational_halfcell,7.44,C,C,1.4002122410958986,0.0,0.03595508776075502,0.0,4.05606073827203,0.24654463148547962,1.0,1.0,nan,nan,nan,nan,nan,nan,nan,nan,nan,nan,nan,nan,0.012329076169358643
continuous_Neumann_computational_halfcell,7.45,C,C,1.4001815025677544,0.0,0.03595429844721767,0.0,4.0559360628510515,0.24655221002104924,1.0,1.0,nan,nan,nan,nan,nan,nan,nan,nan,nan,nan,nan,nan,0.012329234032066113
continuous_Neumann_computational_halfcell,7.46,C,C,1.4001917714140504,0.0,0.03595456213386383,0.0,4.055977712848915,0.24654967822729992,1.0,1.0,nan,nan,nan,nan,nan,nan,nan,nan,nan,nan,nan,nan,0.01232918129473688
continuous_Neumann_computational_halfcell,7.47,C,C,1.4001885630037822,0.0,0.035954479747301725,0.0,4.05596469962925,0.24655046926108815,1.0,1.0,nan,nan,nan,nan,nan,nan,nan,nan,nan,nan,nan,nan,0.012329197772049301
continuous_Neumann_computational_halfcell,7.48,C,C,1.400129631520091,0.0,0.03595296648623615,0.0,4.055725682654583,0.24656499927417985,1.0,1.0,nan,nan,nan,nan,nan,nan,nan,nan,nan,nan,nan,nan,0.012329500424262417
continuous_Neumann_computational_halfcell,7.49,C,C,1.4001160771396979,0.0,0.03595261843261808,0.0,4.05567071017847,0.24656834133262137,1.0,1.0,nan,nan,nan,nan,nan,nan,nan,nan,nan,nan,nan,nan,0.012329570034986031
continuous_Neumann_computational_halfcell,7.5,C,C,1.400078509773019,0.0,0.035951653766029525,0.0,4.055518352171635,0.24657760442990562,1.0,1.0,nan,nan,nan,nan,nan,nan,nan,nan,nan,nan,nan,nan,0.012329762968303742
continuous_Neumann_computational_halfcell,7.51,C,C,1.3999924376500097,0.0,0.0359494435791409,0.0,4.055169300119201,0.2465988288012057,1.0,1.0,nan,nan,nan,nan,nan,nan,nan,nan,nan,nan,nan,nan,0.012330205005681466
continuous_Neumann_computational_halfcell,7.52,C,C,1.3999542638348978,0.0,0.03594846333997985,0.0,4.055014501790732,0.24660824259898226,1.0,1.0,nan,nan,nan,nan,nan,nan,nan,nan,nan,nan,nan,nan,0.012330401053513677
continuous_Neumann_computational_halfcell,7.53,C,C,1.3998820276716268,0.0,0.03594660843719177,0.0,4.054721593680519,0.2466260572756829,1.0,1.0,nan,nan,nan,nan,nan,nan,nan,nan,nan,nan,nan,nan,0.012330772034071293
continuous_Neumann_computational_halfcell,7.54,C,C,1.3997698061051762,0.0,0.03594372677671777,0.0,4.054266592002735,0.24665373559118073,1.0,1.0,nan,nan,nan,nan,nan,nan,nan,nan,nan,nan,nan,nan,0.012331348366166093
continuous_Neumann_computational_halfcell,7.55,C,C,1.3997060713342648,0.0,0.03594209017534101,0.0,4.054008202484565,0.24666945651149244,1.0,1.0,nan,nan,nan,nan,nan,nan,nan,nan,nan,nan,nan,nan,0.012331675686441446
continuous_Neumann_computational_halfcell,7.56,C,C,1.399599046352261,0.0,0.035939341954387354,0.0,4.05357434554683,0.24669585771840563,1.0,1.0,nan,nan,nan,nan,nan,nan,nan,nan,nan,nan,nan,nan,0.012332225330632177
continuous_Neumann_computational_halfcell,7.57,C,C,1.3994615706986089,0.0,0.035935811811565466,0.0,4.05301711606767,0.24672977472402657,1.0,1.0,nan,nan,nan,nan,nan,nan,nan,nan,nan,nan,nan,nan,0.012332931359196553
continuous_Neumann_computational_halfcell,7.58,C,C,1.3993712176436421,0.0,0.03593349169756743,0.0,4.052650930132659,0.24675206852006526,1.0,1.0,nan,nan,nan,nan,nan,nan,nan,nan,nan,nan,nan,nan,0.01233339538199616
continuous_Neumann_computational_halfcell,7.59,C,C,1.3992294756335113,0.0,0.03592985200190983,0.0,4.052076539952034,0.24678704613310126,1.0,1.0,nan,nan,nan,nan,nan,nan,nan,nan,nan,nan,nan,nan,0.01233412332112768
continuous_Neumann_computational_halfcell,7.6,C,C,1.399067513525285,0.0,0.035925693088250686,0.0,4.051420310236538,0.24682701952037558,1.0,1.0,nan,nan,nan,nan,nan,nan,nan,nan,nan,nan,nan,nan,0.01233495510385951
continuous_Neumann_computational_halfcell,7.61,C,C,1.3989494020465525,0.0,0.035922660184767384,0.0,4.050941819250924,0.2468561743463682,1.0,1.0,nan,nan,nan,nan,nan,nan,nan,nan,nan,nan,nan,nan,0.01233556168455617
continuous_Neumann_computational_halfcell,7.62,C,C,1.3987732019004948,0.0,0.0359181356623207,0.0,4.050228105590773,0.2468996742725774,1.0,1.0,nan,nan,nan,nan,nan,nan,nan,nan,nan,nan,nan,nan,0.012336466589045506
continuous_Neumann_computational_halfcell,7.63,C,C,1.398587365248586,0.0,0.03591336369066352,0.0,4.049475494693674,0.24694556154503805,1.0,1.0,nan,nan,nan,nan,nan,nan,nan,nan,nan,nan,nan,nan,0.012337420983376942
continuous_Neumann_computational_halfcell,7.64,C,C,1.3984403077889382,0.0,0.03590958750323113,0.0,4.048880032899141,0.24698187940233063,1.0,1.0,nan,nan,nan,nan,nan,nan,nan,nan,nan,nan,nan,nan,0.01233817622086342
continuous_Neumann_computational_halfcell,7.65,C,C,1.398230084236774,0.0,0.03590418931712362,0.0,4.048028952418052,0.24703380626827268,1.0,1.0,nan,nan,nan,nan,nan,nan,nan,nan,nan,nan,nan,nan,0.012339255858084923
continuous_Neumann_computational_halfcell,7.66,C,C,1.3980208060404866,0.0,0.035898815406159926,0.0,4.0471818768606855,0.2470855104677626,1.0,1.0,nan,nan,nan,nan,nan,nan,nan,nan,nan,nan,nan,nan,0.01234033064027766
continuous_Neumann_computational_halfcell,7.67,C,C,1.3978436042468358,0.0,0.03589426516309314,0.0,4.04646477251084,0.24712929834293307,1.0,1.0,nan,nan,nan,nan,nan,nan,nan,nan,nan,nan,nan,nan,0.012341240688891019
continuous_Neumann_computational_halfcell,7.68,C,C,1.397599950407674,0.0,0.03588800854362276,0.0,4.045478955937858,0.24718951968152592,1.0,1.0,nan,nan,nan,nan,nan,nan,nan,nan,nan,nan,nan,nan,0.012342492012785096
continuous_Neumann_computational_halfcell,7.69,C,C,1.3973674671373857,0.0,0.035882038765512846,0.0,4.044538559077804,0.24724699379006793,1.0,1.0,nan,nan,nan,nan,nan,nan,nan,nan,nan,nan,nan,nan,0.012343685968407077
continuous_Neumann_computational_halfcell,7.7,C,C,1.3971589484983244,0.0,0.03587668435869711,0.0,4.043695285324037,0.24729855477225113,1.0,1.0,nan,nan,nan,nan,nan,nan,nan,nan,nan,nan,nan,nan,0.012344756849770225
continuous_Neumann_computational_halfcell,7.71,C,C,1.3968825928192512,0.0,0.03586958801115591,0.0,4.042577941566754,0.24736690657655866,1.0,1.0,nan,nan,nan,nan,nan,nan,nan,nan,nan,nan,nan,nan,0.012346176119278464
continuous_Neumann_computational_halfcell,7.72,C,C,1.3966269329524474,0.0,0.03586302309715356,0.0,4.041544548732833,0.2474301564518286,1.0,1.0,nan,nan,nan,nan,nan,nan,nan,nan,nan,nan,nan,nan,0.012347489102078935
continuous_Neumann_computational_halfcell,7.73,C,C,1.3963859862392223,0.0,0.035856835992109475,0.0,4.040570869164621,0.24748978111767356,1.0,1.0,nan,nan,nan,nan,nan,nan,nan,nan,nan,nan,nan,nan,0.012348726523087751
continuous_Neumann_computational_halfcell,7.74,C,C,1.396077764577294,0.0,0.03584892137989631,0.0,4.039325669604785,0.2475660745863658,1.0,1.0,nan,nan,nan,nan,nan,nan,nan,nan,nan,nan,nan,nan,0.012350309445530385
continuous_Neumann_computational_halfcell,7.75,C,C,1.3957987436664148,0.0,0.0358417565936994,0.0,4.038198770498632,0.2476351603357358,1.0,1.0,nan,nan,nan,nan,nan,nan,nan,nan,nan,nan,nan,nan,0.012351742402769768
continuous_Neumann_computational_halfcell,7.76,C,C,1.3955243520031875,0.0,0.03583471067877122,0.0,4.037090874427227,0.2477031186824294,1.0,1.0,nan,nan,nan,nan,nan,nan,nan,nan,nan,nan,nan,nan,0.012353151585755402
continuous_Neumann_computational_halfcell,7.77,C,C,1.3951851757666223,0.0,0.03582600120531131,0.0,4.035721821326031,0.24778714794356826,1.0,1.0,nan,nan,nan,nan,nan,nan,nan,nan,nan,nan,nan,nan,0.012354893480447384
continuous_Neumann_computational_halfcell,7.78,C,C,1.3948823982024638,0.0,0.035818226388343005,0.0,4.034500080270573,0.24786218369164967,1.0,1.0,nan,nan,nan,nan,nan,nan,nan,nan,nan,nan,nan,nan,0.012356448443841046
continuous_Neumann_computational_halfcell,7.79,C,C,1.3945736686688157,0.0,0.03581029873484101,0.0,4.033254703194522,0.2479387178816043,1.0,1.0,nan,nan,nan,nan,nan,nan,nan,nan,nan,nan,nan,nan,0.012358033974541445
continuous_Neumann_computational_halfcell,7.8,C,C,1.3942044900632897,0.0,0.03580081885116945,0.0,4.031765986665519,0.24803026844994347,1.0,1.0,nan,nan,nan,nan,nan,nan,nan,nan,nan,nan,nan,nan,0.012359929951275756
continuous_Neumann_computational_halfcell,7.81,C,C,1.393877357477022,0.0,0.03579241863832783,0.0,4.030447280338741,0.24811142050615148,1.0,1.0,nan,nan,nan,nan,nan,nan,nan,nan,nan,nan,nan,nan,0.01236160999384408
continuous_Neumann_computational_halfcell,7.82,C,C,1.3935335462587286,0.0,0.035783590146357784,0.0,4.0290618055335585,0.2481967386617373,1.0,1.0,nan,nan,nan,nan,nan,nan,nan,nan,nan,nan,nan,nan,0.012363375692238089
continuous_Neumann_computational_halfcell,7.83,C,C,1.393135321780477,0.0,0.03577336441368399,0.0,4.027457653925624,0.24829559636096604,1.0,1.0,nan,nan,nan,nan,nan,nan,nan,nan,nan,nan,nan,nan,0.012365420838772848
continuous_Neumann_computational_halfcell,7.84,C,C,1.392783047808928,0.0,0.035764318612489625,0.0,4.026039135290897,0.24838307984498673,1.0,1.0,nan,nan,nan,nan,nan,nan,nan,nan,nan,nan,nan,nan,0.012367229999011721
continuous_Neumann_computational_halfcell,7.85,C,C,1.392403580058437,0.0,0.035754574520936326,0.0,4.024511673106486,0.2484773510988747,1.0,1.0,nan,nan,nan,nan,nan,nan,nan,nan,nan,nan,nan,nan,0.012369178817322381
continuous_Neumann_computational_halfcell,7.86,C,C,1.3919772334339875,0.0,0.035743626658998925,0.0,4.022796201858274,0.248583311165021,1.0,1.0,nan,nan,nan,nan,nan,nan,nan,nan,nan,nan,nan,nan,0.012371368389709862
continuous_Neumann_computational_halfcell,7.87,C,C,1.3915988643629686,0.0,0.03573391077968067,0.0,4.021274388118261,0.2486773851977671,1.0,1.0,nan,nan,nan,nan,nan,nan,nan,nan,nan,nan,nan,nan,0.012373311565573513
continuous_Neumann_computational_halfcell,7.88,C,C,1.3911833481037998,0.0,0.035723241023249495,0.0,4.019603830323416,0.24878073616512109,1.0,1.0,nan,nan,nan,nan,nan,nan,nan,nan,nan,nan,nan,nan,0.012375445516859748
continuous_Neumann_computational_halfcell,7.89,C,C,1.3907297338955633,0.0,0.03571159297576928,0.0,4.017780894400575,0.2488936122409415,1.0,1.0,nan,nan,nan,nan,nan,nan,nan,nan,nan,nan,nan,nan,0.012377775126355791
continuous_Neumann_computational_halfcell,7.9,C,C,1.390324174501803,0.0,0.035701178894841486,0.0,4.016151775991247,0.24899457385501444,1.0,1.0,nan,nan,nan,nan,nan,nan,nan,nan,nan,nan,nan,nan,0.01237985794254135
continuous_Neumann_computational_halfcell,7.91,C,C,1.3898724081062035,0.0,0.03568957829607196,0.0,4.014337823351501,0.24910708664900486,1.0,1.0,nan,nan,nan,nan,nan,nan,nan,nan,nan,nan,nan,nan,0.012382178062295255
continuous_Neumann_computational_halfcell,7.92,C,C,1.3893922771822549,0.0,0.035677249344074145,0.0,4.012410878253316,0.24922671938206892,1.0,1.0,nan,nan,nan,nan,nan,nan,nan,nan,nan,nan,nan,nan,0.012384643852694818
continuous_Neumann_computational_halfcell,7.93,C,C,1.388958320922569,0.0,0.03566610607954367,0.0,4.01067004518629,0.2493348963473637,1.0,1.0,nan,nan,nan,nan,nan,nan,nan,nan,nan,nan,nan,nan,0.012386872505600912
continuous_Neumann_computational_halfcell,7.94,C,C,1.3884702939021327,0.0,0.03565357436911121,0.0,4.0087132073678875,0.24945660821084228,1.0,1.0,nan,nan,nan,nan,nan,nan,nan,nan,nan,nan,nan,nan,0.012389378847687406
continuous_Neumann_computational_halfcell,7.95,C,C,1.3879642619082322,0.0,0.03564058032134013,0.0,4.00668518339637,0.24958287318004957,1.0,1.0,nan,nan,nan,nan,nan,nan,nan,nan,nan,nan,nan,nan,0.01239197765724162
continuous_Neumann_computational_halfcell,7.96,C,C,1.3875006244601433,0.0,0.035628674893972805,0.0,4.004827964673988,0.24969861597573134,1.0,1.0,nan,nan,nan,nan,nan,nan,nan,nan,nan,nan,nan,nan,0.012394358742715085
continuous_Neumann_computational_halfcell,7.97,C,C,1.3869765115284842,0.0,0.03561521655822822,0.0,4.002729532504387,0.2498295205507753,1.0,1.0,nan,nan,nan,nan,nan,nan,nan,nan,nan,nan,nan,nan,0.012397050409864004
continuous_Neumann_computational_halfcell,7.98,C,C,1.386445031403115,0.0,0.03560156904537989,0.0,4.000602726538246,0.2499623352667432,1.0,1.0,nan,nan,nan,nan,nan,nan,nan,nan,nan,nan,nan,nan,0.01239977991243367
continuous_Neumann_computational_halfcell,7.99,C,C,1.3859503864492722,0.0,0.03558886739758404,0.0,3.9986243379275432,0.25008600845917234,1.0,1.0,nan,nan,nan,nan,nan,nan,nan,nan,nan,nan,nan,nan,0.012402320241992839
continuous_Neumann_computational_halfcell,8.0,C,C,1.3853905350367839,0.0,0.03557449135795362,0.0,3.9963863289786365,0.25022605866424624,1.0,1.0,nan,nan,nan,nan,nan,nan,nan,nan,nan,nan,nan,nan,0.012405195449918922
continuous_Neumann_computational_halfcell,8.01,C,C,1.3848338744782058,0.0,0.03556019725406765,0.0,3.994162317399647,0.25036538841792444,1.0,1.0,nan,nan,nan,nan,nan,nan,nan,nan,nan,nan,nan,nan,0.012408054270696117
continuous_Neumann_computational_halfcell,8.02,C,C,1.3843068905510252,0.0,0.03554666519600233,0.0,3.9920580125719383,0.25049736172439446,1.0,1.0,nan,nan,nan,nan,nan,nan,nan,nan,nan,nan,nan,nan,0.012410760682309181
continuous_Neumann_computational_halfcell,8.03,C,C,1.3837118021668804,0.0,0.03553138433039542,0.0,3.989683091933752,0.2506464741577537,1.0,1.0,nan,nan,nan,nan,nan,nan,nan,nan,nan,nan,nan,nan,0.012413816855430563
continuous_Neumann_computational_halfcell,8.04,C,C,1.3831300267995683,0.0,0.035516445320597605,0.0,3.987362667635781,0.25079233652777516,1.0,1.0,nan,nan,nan,nan,nan,nan,nan,nan,nan,nan,nan,nan,0.012416804657390125
continuous_Neumann_computational_halfcell,8.05,C,C,1.3825694039654177,0.0,0.03550204947216052,0.0,3.9851278875691643,0.25093297585738883,1.0,1.0,nan,nan,nan,nan,nan,nan,nan,nan,nan,nan,nan,nan,0.012419683827077543
continuous_Neumann_computational_halfcell,8.06,C,C,1.3819397100050355,0.0,0.03548587999374613,0.0,3.982619266521663,0.25109103659647064,1.0,1.0,nan,nan,nan,nan,nan,nan,nan,nan,nan,nan,nan,nan,0.01242291772276042
continuous_Neumann_computational_halfcell,8.07,C,C,1.38133267280638,0.0,0.035470292302743935,0.0,3.980202402116319,0.25124350446808646,1.0,1.0,nan,nan,nan,nan,nan,nan,nan,nan,nan,nan,nan,nan,0.012426035260960859
continuous_Neumann_computational_halfcell,8.08,C,C,1.3807371779713886,0.0,0.0354550010001651,0.0,3.977832917721519,0.25139316323341065,1.0,1.0,nan,nan,nan,nan,nan,nan,nan,nan,nan,nan,nan,nan,0.012429093521476628
continuous_Neumann_computational_halfcell,8.09,C,C,1.380073610750683,0.0,0.03543796171358026,0.0,3.9751942337567914,0.2515600348551878,1.0,1.0,nan,nan,nan,nan,nan,nan,nan,nan,nan,nan,nan,nan,0.012432501378793594
continuous_Neumann_computational_halfcell,8.1,C,C,1.3794409480936913,0.0,0.03542171600404605,0.0,3.9726800722027287,0.2517192378508171,1.0,1.0,nan,nan,nan,nan,nan,nan,nan,nan,nan,nan,nan,nan,0.012435750520700437
continuous_Neumann_computational_halfcell,8.11,C,C,1.3788094477559287,0.0,0.03540550014090845,0.0,3.9701721153664504,0.25187824883700266,1.0,1.0,nan,nan,nan,nan,nan,nan,nan,nan,nan,nan,nan,nan,0.012438993693327956
continuous_Neumann_computational_halfcell,8.12,C,C,1.3781128077119629,0.0,0.03538761160002636,0.0,3.9674072976426356,0.2520537784447245,1.0,1.0,nan,nan,nan,nan,nan,nan,nan,nan,nan,nan,nan,nan,0.012442571401504374
continuous_Neumann_computational_halfcell,8.13,C,C,1.3774539421627772,0.0,0.03537069304443298,0.0,3.964794170598854,0.25221990271665407,1.0,1.0,nan,nan,nan,nan,nan,nan,nan,nan,nan,nan,nan,nan,0.012445955112623051
continuous_Neumann_computational_halfcell,8.14,C,C,1.3767854315165398,0.0,0.035353526819021576,0.0,3.9621445492343916,0.2523885707787291,1.0,1.0,nan,nan,nan,nan,nan,nan,nan,nan,nan,nan,nan,nan,0.012449388357705331
continuous_Neumann_computational_halfcell,8.15,C,C,1.3760565516420673,0.0,0.035334810413690625,0.0,3.9592576740331293,0.25257259878752525,1.0,1.0,nan,nan,nan,nan,nan,nan,nan,nan,nan,nan,nan,nan,0.012453131638771521
continuous_Neumann_computational_halfcell,8.16,C,C,1.3753707014285546,0.0,0.03531719893744879,0.0,3.9565431472978196,0.25274588517579166,1.0,1.0,nan,nan,nan,nan,nan,nan,nan,nan,nan,nan,nan,nan,0.012456653934019887
continuous_Neumann_computational_halfcell,8.17,C,C,1.3746643288439522,0.0,0.03529906048134496,0.0,3.9537493405391895,0.2529244810101254,1.0,1.0,nan,nan,nan,nan,nan,nan,nan,nan,nan,nan,nan,nan,0.012460281625240655
continuous_Neumann_computational_halfcell,8.18,C,C,1.373904037516006,0.0,0.03527953748288963,0.0,3.9507444816315336,0.25311685041879284,1.0,1.0,nan,nan,nan,nan,nan,nan,nan,nan,nan,nan,nan,nan,0.012464186224931721
continuous_Neumann_computational_halfcell,8.19,C,C,1.3731902323643101,0.0,0.03526120817100387,0.0,3.947925426115383,0.25329759102971816,1.0,1.0,nan,nan,nan,nan,nan,nan,nan,nan,nan,nan,nan,nan,0.012467852087308872
continuous_Neumann_computational_halfcell,8.2,C,C,1.372445318414405,0.0,0.03524208003767025,0.0,3.944985656465934,0.25348634623321736,1.0,1.0,nan,nan,nan,nan,nan,nan,nan,nan,nan,nan,nan,nan,0.012471677713975596
continuous_Neumann_computational_halfcell,8.21,C,C,1.371654401832588,0.0,0.035221770634369785,0.0,3.941866735460962,0.25368691209269406,1.0,1.0,nan,nan,nan,nan,nan,nan,nan,nan,nan,nan,nan,nan,0.01247573959463569
continuous_Neumann_computational_halfcell,8.22,C,C,1.3709115046576967,0.0,0.0352026942884156,0.0,3.9389394212807374,0.25387544540475626,1.0,1.0,nan,nan,nan,nan,nan,nan,nan,nan,nan,nan,nan,nan,0.012479554863826528
continuous_Neumann_computational_halfcell,8.23,C,C,1.3701275550425807,0.0,0.03518256378506459,0.0,3.935852701312012,0.2540745489958634,1.0,1.0,nan,nan,nan,nan,nan,nan,nan,nan,nan,nan,nan,nan,0.012483580964496728
continuous_Neumann_computational_halfcell,8.24,C,C,1.36930672050811,0.0,0.0351614861392208,0.0,3.932623343057894,0.2542831877772533,1.0,1.0,nan,nan,nan,nan,nan,nan,nan,nan,nan,nan,nan,nan,0.012487796493665486
continuous_Neumann_computational_halfcell,8.25,C,C,1.3685334542505476,0.0,0.035141629966465644,0.0,3.9295835535577988,0.25447989242896024,1.0,1.0,nan,nan,nan,nan,nan,nan,nan,nan,nan,nan,nan,nan,0.012491767728216517
continuous_Neumann_computational_halfcell,8.26,C,C,1.3677101661659243,0.0,0.03512048931759384,0.0,3.9263497056175205,0.25468948895949756,1.0,1.0,nan,nan,nan,nan,nan,nan,nan,nan,nan,nan,nan,nan,0.012495995857990879
continuous_Neumann_computational_halfcell,8.27,C,C,1.3668600074077515,0.0,0.03509865867516441,0.0,3.923013103549343,0.2549061075261897,1.0,1.0,nan,nan,nan,nan,nan,nan,nan,nan,nan,nan,nan,nan,0.012500361986476766
continuous_Neumann_computational_halfcell,8.28,C,C,1.366054986137014,0.0,0.035077987087251426,0.0,3.919856265387022,0.25511139498408786,1.0,1.0,nan,nan,nan,nan,nan,nan,nan,nan,nan,nan,nan,nan,0.01250449630405936
continuous_Neumann_computational_halfcell,8.29,C,C,1.3651922478489136,0.0,0.035055833423719006,0.0,3.91647591369211,0.2553315843214998,1.0,1.0,nan,nan,nan,nan,nan,nan,nan,nan,nan,nan,nan,nan,0.012508927036765843
continuous_Neumann_computational_halfcell,8.3,C,C,1.3643132135390186,0.0,0.035033261305843326,0.0,3.9130347096798808,0.25555612822095525,1.0,1.0,nan,nan,nan,nan,nan,nan,nan,nan,nan,nan,nan,nan,0.01251344146034098
continuous_Neumann_computational_halfcell,8.31,C,C,1.3634749768012675,0.0,0.03501173680078219,0.0,3.9097560345750715,0.2557704345633638,1.0,1.0,nan,nan,nan,nan,nan,nan,nan,nan,nan,nan,nan,nan,0.012517746361353208
continuous_Neumann_computational_halfcell,8.32,C,C,1.3625728604105645,0.0,0.03498857197401796,0.0,3.906230570001408,0.2560012733707216,1.0,1.0,nan,nan,nan,nan,nan,nan,nan,nan,nan,nan,nan,nan,0.012522379326706055
continuous_Neumann_computational_halfcell,8.33,C,C,1.3616652269085296,0.0,0.0349652654771438,0.0,3.902686752756314,0.2562337341816479,1.0,1.0,nan,nan,nan,nan,nan,nan,nan,nan,nan,nan,nan,nan,0.012527040626080888
continuous_Neumann_computational_halfcell,8.34,C,C,1.3607922761859594,0.0,0.03494284957552573,0.0,3.8992813861104203,0.2564575112640209,1.0,1.0,nan,nan,nan,nan,nan,nan,nan,nan,nan,nan,nan,nan,0.0125315238064045
continuous_Neumann_computational_halfcell,8.35,C,C,1.3598510237894939,0.0,0.03491867980216805,0.0,3.895612904915451,0.2566990161517867,1.0,1.0,nan,nan,nan,nan,nan,nan,nan,nan,nan,nan,nan,nan,0.012536357761076037
continuous_Neumann_computational_halfcell,8.36,C,C,1.3589148730206126,0.0,0.03489464102999871,0.0,3.8919677303819347,0.25693943765095556,1.0,1.0,nan,nan,nan,nan,nan,nan,nan,nan,nan,nan,nan,nan,0.012541165515509906
continuous_Neumann_computational_halfcell,8.37,C,C,1.3580057090964814,0.0,0.03487129523446741,0.0,3.88843090174971,0.2571731439409201,1.0,1.0,nan,nan,nan,nan,nan,nan,nan,nan,nan,nan,nan,nan,0.012545834674616164
continuous_Neumann_computational_halfcell,8.38,C,C,1.3570257127691685,0.0,0.03484613058233854,0.0,3.884622120347704,0.2574252962114349,1.0,1.0,nan,nan,nan,nan,nan,nan,nan,nan,nan,nan,nan,nan,0.012550867605041939
continuous_Neumann_computational_halfcell,8.39,C,C,1.356060915973602,0.0,0.03482135622853862,0.0,3.8808760567596603,0.25767377916081935,1.0,1.0,nan,nan,nan,nan,nan,nan,nan,nan,nan,nan,nan,nan,0.01255582247580192
continuous_Neumann_computational_halfcell,8.4,C,C,1.3551140759629237,0.0,0.034797042974675986,0.0,3.877203227098066,0.2579178705441398,1.0,1.0,nan,nan,nan,nan,nan,nan,nan,nan,nan,nan,nan,nan,0.01256068512657445
continuous_Neumann_computational_halfcell,8.41,C,C,1.3540958521885607,0.0,0.03477089670620839,0.0,3.873257375814907,0.2581806223991523,1.0,1.0,nan,nan,nan,nan,nan,nan,nan,nan,nan,nan,nan,nan,0.012565914380267967
continuous_Neumann_computational_halfcell,8.42,C,C,1.353102060089057,0.0,0.0347453778019274,0.0,3.869410075260566,0.25843732779670814,1.0,1.0,nan,nan,nan,nan,nan,nan,nan,nan,nan,nan,nan,nan,0.012571018161124166
continuous_Neumann_computational_halfcell,8.43,C,C,1.3521161529009476,0.0,0.03472006136886673,0.0,3.8655970759941725,0.2586922486593653,1.0,1.0,nan,nan,nan,nan,nan,nan,nan,nan,nan,nan,nan,nan,0.012576081447736299
continuous_Neumann_computational_halfcell,8.44,C,C,1.3510603122639893,0.0,0.03469294916283895,0.0,3.8615177754398453,0.25896553069371675,1.0,1.0,nan,nan,nan,nan,nan,nan,nan,nan,nan,nan,nan,nan,0.012581503888941857
continuous_Neumann_computational_halfcell,8.45,C,C,1.3500369519894841,0.0,0.03466667099771457,0.0,3.857568072878212,0.2592306813794939,1.0,1.0,nan,nan,nan,nan,nan,nan,nan,nan,nan,nan,nan,nan,0.012586759521966735
continuous_Neumann_computational_halfcell,8.46,C,C,1.349010691034117,0.0,0.03464031834799999,0.0,3.853611232105225,0.2594968562653116,1.0,1.0,nan,nan,nan,nan,nan,nan,nan,nan,nan,nan,nan,nan,0.012592030051909647
continuous_Neumann_computational_halfcell,8.47,C,C,1.3479179041424008,0.0,0.03461225742448978,0.0,3.849402356385965,0.25978058602812726,1.0,1.0,nan,nan,nan,nan,nan,nan,nan,nan,nan,nan,nan,nan,0.01259764223661169
continuous_Neumann_computational_halfcell,8.48,C,C,1.3468641830243229,0.0,0.034585199644130565,0.0,3.8453482961306267,0.2600544665892158,1.0,1.0,nan,nan,nan,nan,nan,nan,nan,nan,nan,nan,nan,nan,0.012603053792683533
continuous_Neumann_computational_halfcell,8.49,C,C,1.3457964150627593,0.0,0.03455778116453201,0.0,3.841244547734395,0.26033229271742414,1.0,1.0,nan,nan,nan,nan,nan,nan,nan,nan,nan,nan,nan,nan,0.012608537488603244
continuous_Neumann_computational_halfcell,8.5,C,C,1.3446673757981298,0.0,0.03452878934125433,0.0,3.836910079168,0.2606263840868643,1.0,1.0,nan,nan,nan,nan,nan,nan,nan,nan,nan,nan,nan,nan,0.01261433585325878
continuous_Neumann_computational_halfcell,8.51,C,C,1.3435822919303533,0.0,0.034500926218401506,0.0,3.8327489679246036,0.2609093390589288,1.0,1.0,nan,nan,nan,nan,nan,nan,nan,nan,nan,nan,nan,nan,0.012619908477829345
continuous_Neumann_computational_halfcell,8.52,C,C,1.3424720210872874,0.0,0.034472416336521455,0.0,3.8284959399401015,0.2611991799619475,1.0,1.0,nan,nan,nan,nan,nan,nan,nan,nan,nan,nan,nan,nan,0.012625610454205356
continuous_Neumann_computational_halfcell,8.53,C,C,1.3413074083725842,0.0,0.03444251104706929,0.0,3.824039820220761,0.2615035530519842,1.0,1.0,nan,nan,nan,nan,nan,nan,nan,nan,nan,nan,nan,nan,0.012631591512095789
continuous_Neumann_computational_halfcell,8.54,C,C,1.3401897676029453,0.0,0.03441381191791019,0.0,3.81976830486745,0.26179598346991917,1.0,1.0,nan,nan,nan,nan,nan,nan,nan,nan,nan,nan,nan,nan,0.012637331337927611
continuous_Neumann_computational_halfcell,8.55,C,C,1.3390361737170533,0.0,0.03438418957338972,0.0,3.8153643841618177,0.26209816397908375,1.0,1.0,nan,nan,nan,nan,nan,nan,nan,nan,nan,nan,nan,nan,0.012643255806831703
continuous_Neumann_computational_halfcell,8.56,C,C,1.3378366130407766,0.0,0.03435338687925235,0.0,3.81079036703493,0.2624127552778696,1.0,1.0,nan,nan,nan,nan,nan,nan,nan,nan,nan,nan,nan,nan,0.012649416345659177
continuous_Neumann_computational_halfcell,8.57,C,C,1.3366850518491553,0.0,0.03432381673089097,0.0,3.8064045345007864,0.262715113681723,1.0,1.0,nan,nan,nan,nan,nan,nan,nan,nan,nan,nan,nan,nan,0.012655330375331453
continuous_Neumann_computational_halfcell,8.58,C,C,1.3354875025170738,0.0,0.034293065684678777,0.0,3.801848905632462,0.26302991644893986,1.0,1.0,nan,nan,nan,nan,nan,nan,nan,nan,nan,nan,nan,nan,0.012661480584573892
continuous_Neumann_computational_halfcell,8.59,C,C,1.3342535284697234,0.0,0.03426137931323822,0.0,3.797160416083104,0.2633546888786787,1.0,1.0,nan,nan,nan,nan,nan,nan,nan,nan,nan,nan,nan,nan,0.012667817858862002
continuous_Neumann_computational_halfcell,8.6,C,C,1.333066541991668,0.0,0.034230899503294616,0.0,3.7926559119358427,0.2636674729318066,1.0,1.0,nan,nan,nan,nan,nan,nan,nan,nan,nan,nan,nan,nan,0.012673913820850724
continuous_Neumann_computational_halfcell,8.61,C,C,1.3318245978654915,0.0,0.03419900847367779,0.0,3.787948568936959,0.2639951366289637,1.0,1.0,nan,nan,nan,nan,nan,nan,nan,nan,nan,nan,nan,nan,0.012680292026774087
continuous_Neumann_computational_halfcell,8.62,C,C,1.3305566189132065,0.0,0.03416644891365529,0.0,3.7831485736688024,0.26433008921725354,1.0,1.0,nan,nan,nan,nan,nan,nan,nan,nan,nan,nan,nan,nan,0.012686803938778588
continuous_Neumann_computational_halfcell,8.63,C,C,1.3293325931954223,0.0,0.034135017998532094,0.0,3.778520735394767,0.26465383414007476,1.0,1.0,nan,nan,nan,nan,nan,nan,nan,nan,nan,nan,nan,nan,0.012693090121803228
continuous_Neumann_computational_halfcell,8.64,C,C,1.3280460063121282,0.0,0.03410198061823861,0.0,3.773662466141261,0.2649945534271762,1.0,1.0,nan,nan,nan,nan,nan,nan,nan,nan,nan,nan,nan,nan,0.012699697597861926
continuous_Neumann_computational_halfcell,8.65,C,C,1.3267442729647085,0.0,0.03406855430230314,0.0,3.768753359734147,0.2653397302896312,1.0,1.0,nan,nan,nan,nan,nan,nan,nan,nan,nan,nan,nan,nan,0.012706382861049019
continuous_Neumann_computational_halfcell,8.66,C,C,1.3254815203950958,0.0,0.03403612894696915,0.0,3.7639973602021928,0.26567500035289143,1.0,1.0,nan,nan,nan,nan,nan,nan,nan,nan,nan,nan,nan,nan,0.012712867932115818
continuous_Neumann_computational_halfcell,8.67,C,C,1.324150225543189,0.0,0.03400194354147784,0.0,3.758989703967056,0.2660289276516635,1.0,1.0,nan,nan,nan,nan,nan,nan,nan,nan,nan,nan,nan,nan,0.012719705013214079
continuous_Neumann_computational_halfcell,8.68,C,C,1.322814802967116,0.0,0.0339676521429947,0.0,3.753973214565267,0.2663844260049698,1.0,1.0,nan,nan,nan,nan,nan,nan,nan,nan,nan,nan,nan,nan,0.012726563292910706
continuous_Neumann_computational_halfcell,8.69,C,C,1.321511599712549,0.0,0.03393418808232388,0.0,3.7490842108292104,0.26673180535969426,1.0,1.0,nan,nan,nan,nan,nan,nan,nan,nan,nan,nan,nan,nan,0.012733256105044872
continuous_Neumann_computational_halfcell,8.7,C,C,1.320135699068686,0.0,0.03389885727535889,0.0,3.74392939052314,0.2670990544135956,1.0,1.0,nan,nan,nan,nan,nan,nan,nan,nan,nan,nan,nan,nan,0.012740322266437868
continuous_Neumann_computational_halfcell,8.71,C,C,1.318766445054475,0.0,0.03386369714262845,0.0,3.7388065082401982,0.2674650313665698,1.0,1.0,nan,nan,nan,nan,nan,nan,nan,nan,nan,nan,nan,nan,0.012747354292983957
continuous_Neumann_computational_halfcell,8.72,C,C,1.3174210692669348,0.0,0.033829150162468964,0.0,3.733779790659987,0.26782511451304386,1.0,1.0,nan,nan,nan,nan,nan,nan,nan,nan,nan,nan,nan,nan,0.012754263689015855
continuous_Neumann_computational_halfcell,8.73,C,C,1.3160008107565417,0.0,0.03379268032033691,0.0,3.7284806221217366,0.26820576565875726,1.0,1.0,nan,nan,nan,nan,nan,nan,nan,nan,nan,nan,nan,nan,0.012761557657442264
continuous_Neumann_computational_halfcell,8.74,C,C,1.3145973597778742,0.0,0.03375664206726006,0.0,3.7232515525733616,0.26858244356571614,1.0,1.0,nan,nan,nan,nan,nan,nan,nan,nan,nan,nan,nan,nan,0.012768765308057635
continuous_Neumann_computational_halfcell,8.75,C,C,1.3132081292978892,0.0,0.033720968972595015,0.0,3.718082689234433,0.2689558257796315,1.0,1.0,nan,nan,nan,nan,nan,nan,nan,nan,nan,nan,nan,nan,0.012775899926990643
continuous_Neumann_computational_halfcell,8.76,C,C,1.3117438793406822,0.0,0.03368336950433593,0.0,3.7126424707076993,0.2693499328012,1.0,1.0,nan,nan,nan,nan,nan,nan,nan,nan,nan,nan,nan,nan,0.012783419820642461
continuous_Neumann_computational_halfcell,8.77,C,C,1.3103056332465162,0.0,0.0336464377714032,0.0,3.7073066152316096,0.2697376030057676,1.0,1.0,nan,nan,nan,nan,nan,nan,nan,nan,nan,nan,nan,nan,0.012790806167229008
continuous_Neumann_computational_halfcell,8.78,C,C,1.3088709415416666,0.0,0.033609597309190754,0.0,3.701991586808676,0.270124871045981,1.0,1.0,nan,nan,nan,nan,nan,nan,nan,nan,nan,nan,nan,nan,0.012798174259671497
continuous_Neumann_computational_halfcell,8.79,C,C,1.3073631530297636,0.0,0.03357087984431007,0.0,3.6964139724110714,0.27053246943218506,1.0,1.0,nan,nan,nan,nan,nan,nan,nan,nan,nan,nan,nan,nan,0.012805917752647633
continuous_Neumann_computational_halfcell,8.8,C,C,1.305889278695302,0.0,0.0335330332382824,0.0,3.6909699356261454,0.2709314942795267,1.0,1.0,nan,nan,nan,nan,nan,nan,nan,nan,nan,nan,nan,nan,0.012813487073853167
continuous_Neumann_computational_halfcell,8.81,C,C,1.3044076278219414,0.0,0.03349498694385721,0.0,3.685505256170734,0.2713332176980822,1.0,1.0,nan,nan,nan,nan,nan,nan,nan,nan,nan,nan,nan,nan,0.012821096332738202
continuous_Neumann_computational_halfcell,8.82,C,C,1.3028568043380382,0.0,0.033455164413508855,0.0,3.67979411769788,0.27175433407823674,1.0,1.0,nan,nan,nan,nan,nan,nan,nan,nan,nan,nan,nan,nan,0.012829060838807877
continuous_Neumann_computational_halfcell,8.83,C,C,1.3013462383735952,0.0,0.03341637562833337,0.0,3.674239742129041,0.27216514712797407,1.0,1.0,nan,nan,nan,nan,nan,nan,nan,nan,nan,nan,nan,nan,0.012836818595842972
continuous_Neumann_computational_halfcell,8.84,C,C,1.2998162678398444,0.0,0.033377088566559555,0.0,3.6686225617456114,0.27258187048933646,1.0,1.0,nan,nan,nan,nan,nan,nan,nan,nan,nan,nan,nan,nan,0.012844676008197737
continuous_Neumann_computational_halfcell,8.85,C,C,1.2982229252508244,0.0,0.03333617421733467,0.0,3.662781843543146,0.27301653298375606,1.0,1.0,nan,nan,nan,nan,nan,nan,nan,nan,nan,nan,nan,nan,0.012852858878042711
continuous_Neumann_computational_halfcell,8.86,C,C,1.2966743856363259,0.0,0.03329641033289903,0.0,3.6571142701226913,0.27343963741292976,1.0,1.0,nan,nan,nan,nan,nan,nan,nan,nan,nan,nan,nan,nan,0.01286081165492984
continuous_Neumann_computational_halfcell,8.87,C,C,1.2950948961714435,0.0,0.0332558517085275,0.0,3.65134245612082,0.2738718737059789,1.0,1.0,nan,nan,nan,nan,nan,nan,nan,nan,nan,nan,nan,nan,0.012868923379804149
continuous_Neumann_computational_halfcell,8.88,C,C,1.2934595228240795,0.0,0.03321385808034721,0.0,3.645376027984499,0.2743201228963182,1.0,1.0,nan,nan,nan,nan,nan,nan,nan,nan,nan,nan,nan,nan,0.012877322105440204
continuous_Neumann_computational_halfcell,8.89,C,C,1.2918715271088619,0.0,0.03317308102981974,0.0,3.6395917803674442,0.27475608813992936,1.0,1.0,nan,nan,nan,nan,nan,nan,nan,nan,nan,nan,nan,nan,0.0128854775155457
continuous_Neumann_computational_halfcell,8.9,C,C,1.2902414985037645,0.0,0.03313122464560262,0.0,3.6336639742138774,0.2752043136339662,1.0,1.0,nan,nan,nan,nan,nan,nan,nan,nan,nan,nan,nan,nan,0.012893848792389124
continuous_Neumann_computational_halfcell,8.91,C,C,1.2885645153014824,0.0,0.033088162546556714,0.0,3.627575487338366,0.27566621383631706,1.0,1.0,nan,nan,nan,nan,nan,nan,nan,nan,nan,nan,nan,nan,0.012902461212198303
continuous_Neumann_computational_halfcell,8.92,C,C,1.286935404790876,0.0,0.03304632973745702,0.0,3.621670577165508,0.27611567057063696,1.0,1.0,nan,nan,nan,nan,nan,nan,nan,nan,nan,nan,nan,nan,0.012910827774018242
continuous_Neumann_computational_halfcell,8.93,C,C,1.2852540071627931,0.0,0.03300315428340504,0.0,3.6155862253881095,0.27658032132608223,1.0,1.0,nan,nan,nan,nan,nan,nan,nan,nan,nan,nan,nan,nan,0.012919462864828639
continuous_Neumann_computational_halfcell,8.94,C,C,1.2835357288128062,0.0,0.032959031794643746,0.0,3.60937897627263,0.2770559718372079,1.0,1.0,nan,nan,nan,nan,nan,nan,nan,nan,nan,nan,nan,nan,0.0129282873625809
continuous_Neumann_computational_halfcell,8.95,C,C,1.2818636979632139,0.0,0.03291609686365876,0.0,3.603349025812848,0.2775196054660341,1.0,1.0,nan,nan,nan,nan,nan,nan,nan,nan,nan,nan,nan,nan,0.012936874348777895
continuous_Neumann_computational_halfcell,8.96,C,C,1.2801302960071759,0.0,0.03287158602621227,0.0,3.5971083838962645,0.2780010756631231,1.0,1.0,nan,nan,nan,nan,nan,nan,nan,nan,nan,nan,nan,nan,0.012945776516267195
continuous_Neumann_computational_halfcell,8.97,C,C,1.27837089469622,0.0,0.032826407569200425,0.0,3.5907851908381816,0.27849062164773336,1.0,1.0,nan,nan,nan,nan,nan,nan,nan,nan,nan,nan,nan,nan,0.012954812207669562
continuous_Neumann_computational_halfcell,8.98,C,C,1.276654024763985,0.0,0.03278232124623057,0.0,3.584625568858833,0.27896916450282155,1.0,1.0,nan,nan,nan,nan,nan,nan,nan,nan,nan,nan,nan,nan,0.012963629472263533
continuous_Neumann_computational_halfcell,8.99,C,C,1.2748681747794117,0.0,0.03273646363190731,0.0,3.578229678092545,0.2794678066984991,1.0,1.0,nan,nan,nan,nan,nan,nan,nan,nan,nan,nan,nan,nan,0.012972800995128184
continuous_Neumann_computational_halfcell,9.0,C,C,1.2730676474638791,0.0,0.03269022912849021,0.0,3.5717927744652758,0.27997144939342333,1.0,1.0,nan,nan,nan,nan,nan,nan,nan,nan,nan,nan,nan,nan,0.012982047895811605
continuous_Neumann_computational_halfcell,9.01,C,C,1.2713039433070872,0.0,0.03264494018165753,0.0,3.56549874074002,0.28046567190553817,1.0,1.0,nan,nan,nan,nan,nan,nan,nan,nan,nan,nan,nan,nan,0.01299110568517814
continuous_Neumann_computational_halfcell,9.02,C,C,1.2694653830210125,0.0,0.03259772905573028,0.0,3.5589493788984394,0.2809817992717611,1.0,1.0,nan,nan,nan,nan,nan,nan,nan,nan,nan,nan,nan,nan,0.013000547910363591
continuous_Neumann_computational_halfcell,9.03,C,C,1.267623523405861,0.0,0.03255043320859933,0.0,3.5524003268337787,0.2814998052010908,1.0,1.0,nan,nan,nan,nan,nan,nan,nan,nan,nan,nan,nan,nan,0.013010007079789783
continuous_Neumann_computational_halfcell,9.04,C,C,1.2658109522270173,0.0,0.032503889439094116,0.0,3.5459671804148343,0.2820105063361056,1.0,1.0,nan,nan,nan,nan,nan,nan,nan,nan,nan,nan,nan,nan,0.013019315833690823
continuous_Neumann_computational_halfcell,9.05,C,C,1.263919583669832,0.0,0.032455322285868615,0.0,3.5392667880381463,0.282544396873317,1.0,1.0,nan,nan,nan,nan,nan,nan,nan,nan,nan,nan,nan,nan,0.013029029264335924
continuous_Neumann_computational_halfcell,9.06,C,C,1.2620359598036952,0.0,0.03240695400324155,0.0,3.53260641543524,0.2830771057966257,1.0,1.0,nan,nan,nan,nan,nan,nan,nan,nan,nan,nan,nan,nan,0.013038702920861338
continuous_Neumann_computational_halfcell,9.07,C,C,1.2601724905482907,0.0,0.03235910325701104,0.0,3.526029641699623,0.28360510308074954,1.0,1.0,nan,nan,nan,nan,nan,nan,nan,nan,nan,nan,nan,nan,0.01304827307010744
continuous_Neumann_computational_halfcell,9.08,C,C,1.2582283564649632,0.0,0.032309181174105944,0.0,3.519181226570062,0.28415700574040653,1.0,1.0,nan,nan,nan,nan,nan,nan,nan,nan,nan,nan,nan,nan,0.013058257486688457
continuous_Neumann_computational_halfcell,9.09,C,C,1.256302294700708,0.0,0.03225972315786104,0.0,3.5124095895570497,0.2847048370933613,1.0,1.0,nan,nan,nan,nan,nan,nan,nan,nan,nan,nan,nan,nan,0.013068149089937437
continuous_Neumann_computational_halfcell,9.1,C,C,1.2543859367951973,0.0,0.03221051432033529,0.0,3.5056850010898084,0.2852509565717203,1.0,1.0,nan,nan,nan,nan,nan,nan,nan,nan,nan,nan,nan,nan,0.01307799085744259
continuous_Neumann_computational_halfcell,9.11,C,C,1.2523891912880527,0.0,0.0321592412648383,0.0,3.4986920242353894,0.28582109916306275,1.0,1.0,nan,nan,nan,nan,nan,nan,nan,nan,nan,nan,nan,nan,0.013088245468541988
continuous_Neumann_computational_halfcell,9.12,C,C,1.250419767154641,0.0,0.032108669776119175,0.0,3.4918083963438535,0.2863845567950017,1.0,1.0,nan,nan,nan,nan,nan,nan,nan,nan,nan,nan,nan,nan,0.013098359766285811
continuous_Neumann_computational_halfcell,9.13,C,C,1.2484486072780996,0.0,0.032058053716445205,0.0,3.4849322629419617,0.2869496232778439,1.0,1.0,nan,nan,nan,nan,nan,nan,nan,nan,nan,nan,nan,nan,0.013108482978220605
continuous_Neumann_computational_halfcell,9.14,C,C,1.2463994815687194,0.0,0.032005435625736385,0.0,3.477798510120843,0.2875382219786083,1.0,1.0,nan,nan,nan,nan,nan,nan,nan,nan,nan,nan,nan,nan,0.013119006596362372
continuous_Neumann_computational_halfcell,9.15,C,C,1.244385517877241,0.0,0.0319537204363181,0.0,3.4708013985245842,0.2881178970439201,1.0,1.0,nan,nan,nan,nan,nan,nan,nan,nan,nan,nan,nan,nan,0.013129349634246027
continuous_Neumann_computational_halfcell,9.16,C,C,1.2423577535142467,0.0,0.03190165086894128,0.0,3.463770561986645,0.2887027249941319,1.0,1.0,nan,nan,nan,nan,nan,nan,nan,nan,nan,nan,nan,nan,0.01313976354772139
continuous_Neumann_computational_halfcell,9.17,C,C,1.240256517876352,0.0,0.031847694683193754,0.0,3.45650000509201,0.2893099952341474,1.0,1.0,nan,nan,nan,nan,nan,nan,nan,nan,nan,nan,nan,nan,0.013150554784870894
continuous_Neumann_computational_halfcell,9.18,C,C,1.238196590148771,0.0,0.03179479921488388,0.0,3.449387193345357,0.289906567151761,1.0,1.0,nan,nan,nan,nan,nan,nan,nan,nan,nan,nan,nan,nan,0.013161133878532872
continuous_Neumann_computational_halfcell,9.19,C,C,1.2361105587648673,0.0,0.031741233448724565,0.0,3.4421991632395725,0.2905119525561866,1.0,1.0,nan,nan,nan,nan,nan,nan,nan,nan,nan,nan,nan,nan,0.013171847031764734
continuous_Neumann_computational_halfcell,9.2,C,C,1.2339574818112808,0.0,0.03168594606546239,0.0,3.434795816399277,0.29113812099850167,1.0,1.0,nan,nan,nan,nan,nan,nan,nan,nan,nan,nan,nan,nan,0.013182904508417168
continuous_Neumann_computational_halfcell,9.21,C,C,1.231849930880669,0.0,0.031631827713653735,0.0,3.4275644322118786,0.29175235645524517,1.0,1.0,nan,nan,nan,nan,nan,nan,nan,nan,nan,nan,nan,nan,0.0131937281787789
continuous_Neumann_computational_halfcell,9.22,C,C,1.2297041336940102,0.0,0.03157672726252305,0.0,3.420217459471927,0.29237907000053664,1.0,1.0,nan,nan,nan,nan,nan,nan,nan,nan,nan,nan,nan,nan,0.013204748269005036
continuous_Neumann_computational_halfcell,9.23,C,C,1.227499440294114,0.0,0.03152011445601253,0.0,3.4126852347868164,0.2930243873084498,1.0,1.0,nan,nan,nan,nan,nan,nan,nan,nan,nan,nan,nan,nan,0.013216070830307142
continuous_Neumann_computational_halfcell,9.24,C,C,1.2253423916895958,0.0,0.031464725087455826,0.0,3.4053318405290627,0.2936571373451337,1.0,1.0,nan,nan,nan,nan,nan,nan,nan,nan,nan,nan,nan,nan,0.013227148704018483
continuous_Neumann_computational_halfcell,9.25,C,C,1.2231355111782525,0.0,0.03140805611961368,0.0,3.3978249664892934,0.2943059191872446,1.0,1.0,nan,nan,nan,nan,nan,nan,nan,nan,nan,nan,nan,nan,0.013238482497586912
continuous_Neumann_computational_halfcell,9.26,C,C,1.2208793403358111,0.0,0.03135012145923694,0.0,3.3901675343579547,0.29497067323824294,1.0,1.0,nan,nan,nan,nan,nan,nan,nan,nan,nan,nan,nan,nan,0.01325006942966226
continuous_Neumann_computational_halfcell,9.27,C,C,1.2186707298394577,0.0,0.03129340806829875,0.0,3.3826882372245612,0.2956228685208316,1.0,1.0,nan,nan,nan,nan,nan,nan,nan,nan,nan,nan,nan,nan,0.013261412107849896
continuous_Neumann_computational_halfcell,9.28,C,C,1.2164016403192193,0.0,0.031235141678073987,0.0,3.375021316549518,0.2962944248963614,1.0,1.0,nan,nan,nan,nan,nan,nan,nan,nan,nan,nan,nan,nan,0.013273065385894851
continuous_Neumann_computational_halfcell,9.29,C,C,1.214094004350228,0.0,0.031175885480085017,0.0,3.3672419753593106,0.2969789540869846,1.0,1.0,nan,nan,nan,nan,nan,nan,nan,nan,nan,nan,nan,nan,0.013284916625492645
continuous_Neumann_computational_halfcell,9.3,C,C,1.2118316089061167,0.0,0.03111779098244023,0.0,3.3596325534614473,0.29765159852665873,1.0,1.0,nan,nan,nan,nan,nan,nan,nan,nan,nan,nan,nan,nan,0.0132965355250216
continuous_Neumann_computational_halfcell,9.31,C,C,1.2094993797311133,0.0,0.031057903272417205,0.0,3.351806250316699,0.29834660040553174,1.0,1.0,nan,nan,nan,nan,nan,nan,nan,nan,nan,nan,nan,nan,0.013308513067026207
continuous_Neumann_computational_halfcell,9.32,C,C,1.207140126048916,0.0,0.030997321618648134,0.0,3.3439078099544925,0.2990513066846807,1.0,1.0,nan,nan,nan,nan,nan,nan,nan,nan,nan,nan,nan,nan,0.013320629397780021
continuous_Neumann_computational_halfcell,9.33,C,C,1.204821599021864,0.0,0.030937785756664744,0.0,3.3361638500802897,0.2997454696285176,1.0,1.0,nan,nan,nan,nan,nan,nan,nan,nan,nan,nan,nan,nan,0.013332536570176698
continuous_Neumann_computational_halfcell,9.34,C,C,1.2024254901945035,0.0,0.030876257724953893,0.0,3.3281796078063066,0.3004645535518821,1.0,1.0,nan,nan,nan,nan,nan,nan,nan,nan,nan,nan,nan,nan,0.013344842176518868
continuous_Neumann_computational_halfcell,9.35,C,C,1.2000142669332732,0.0,0.030814341580083986,0.0,3.320164290961042,0.3011899148251317,1.0,1.0,nan,nan,nan,nan,nan,nan,nan,nan,nan,nan,nan,nan,0.013357225405492848
continuous_Neumann_computational_halfcell,9.36,C,C,1.19763717656296,0.0,0.030753301910260104,0.0,3.3122813333603682,0.3019067220915931,1.0,1.0,nan,nan,nan,nan,nan,nan,nan,nan,nan,nan,nan,nan,0.013369433339457627
continuous_Neumann_computational_halfcell,9.37,C,C,1.1951766267819384,0.0,0.03069011914359103,0.0,3.304141318813236,0.30265049327828836,1.0,1.0,nan,nan,nan,nan,nan,nan,nan,nan,nan,nan,nan,nan,0.013382069892791441
continuous_Neumann_computational_halfcell,9.38,C,C,1.1927128533743367,0.0,0.03062685359963064,0.0,3.2960106834314735,0.30339707484166917,1.0,1.0,nan,nan,nan,nan,nan,nan,nan,nan,nan,nan,nan,nan,0.01339472300158352
continuous_Neumann_computational_halfcell,9.39,C,C,1.1902747231547792,0.0,0.03056424652947124,0.0,3.2879843687564168,0.3041376989204546,1.0,1.0,nan,nan,nan,nan,nan,nan,nan,nan,nan,nan,nan,nan,0.0134072444156154
continuous_Neumann_computational_halfcell,9.4,C,C,1.187749330573233,0.0,0.030499398709094534,0.0,3.2796913933400615,0.3049067366614615,1.0,1.0,nan,nan,nan,nan,nan,nan,nan,nan,nan,nan,nan,nan,0.01342021397969074
continuous_Neumann_computational_halfcell,9.41,C,C,1.1852321742445469,0.0,0.03043476238179417,0.0,3.271446278867688,0.30567520135043136,1.0,1.0,nan,nan,nan,nan,nan,nan,nan,nan,nan,nan,nan,nan,0.013433141245150812
continuous_Neumann_computational_halfcell,9.42,C,C,1.182730523882789,0.0,0.030370524221561168,0.0,3.2632724923414997,0.30644085112318303,1.0,1.0,nan,nan,nan,nan,nan,nan,nan,nan,nan,nan,nan,nan,0.013445988877197413
continuous_Neumann_computational_halfcell,9.43,C,C,1.1801400200852061,0.0,0.030304004455019375,0.0,3.2548299125463602,0.30723571641802544,1.0,1.0,nan,nan,nan,nan,nan,nan,nan,nan,nan,nan,nan,nan,0.013459292830505771
continuous_Neumann_computational_halfcell,9.44,C,C,1.1775683790413574,0.0,0.03023796905216618,0.0,3.2464704117771674,0.3080268331946955,1.0,1.0,nan,nan,nan,nan,nan,nan,nan,nan,nan,nan,nan,nan,0.013472499911076411
continuous_Neumann_computational_halfcell,9.45,C,C,1.1750007646160245,0.0,0.030172037046082324,0.0,3.238145419774892,0.3088187435601696,1.0,1.0,nan,nan,nan,nan,nan,nan,nan,nan,nan,nan,nan,nan,0.013485686312293183
continuous_Neumann_computational_halfcell,9.46,C,C,1.172344982544006,0.0,0.03010384104359764,0.0,3.2295570207285307,0.30963998888442534,1.0,1.0,nan,nan,nan,nan,nan,nan,nan,nan,nan,nan,nan,nan,0.013499325512790117
continuous_Neumann_computational_halfcell,9.47,C,C,1.1697174764188354,0.0,0.03003637111971775,0.0,3.2210824782067076,0.31045463963305153,1.0,1.0,nan,nan,nan,nan,nan,nan,nan,nan,nan,nan,nan,nan,0.013512819497566098
continuous_Neumann_computational_halfcell,9.48,C,C,1.167081528369284,0.0,0.02996868442146389,0.0,3.2126030527031366,0.31127406143705916,1.0,1.0,nan,nan,nan,nan,nan,nan,nan,nan,nan,nan,nan,nan,0.013526356837216869
continuous_Neumann_computational_halfcell,9.49,C,C,1.1643603651267007,0.0,0.029898809540837335,0.0,3.20387291880986,0.3121222424675537,1.0,1.0,nan,nan,nan,nan,nan,nan,nan,nan,nan,nan,nan,nan,0.013540331813342181
continuous_Neumann_computational_halfcell,9.5,C,C,1.161675333021721,0.0,0.029829862446860048,0.0,3.195281955829593,0.31296142682355854,1.0,1.0,nan,nan,nan,nan,nan,nan,nan,nan,nan,nan,nan,nan,0.013554121232137638
continuous_Neumann_computational_halfcell,9.51,C,C,1.1589687906534376,0.0,0.029760363005615575,0.0,3.1866454825999964,0.3138096174991189,1.0,1.0,nan,nan,nan,nan,nan,nan,nan,nan,nan,nan,nan,nan,0.013568021120386532
continuous_Neumann_computational_halfcell,9.52,C,C,1.156182166292881,0.0,0.02968880719393259,0.0,3.1777778597749116,0.3146853065653972,1.0,1.0,nan,nan,nan,nan,nan,nan,nan,nan,nan,nan,nan,nan,0.013582332282723129
continuous_Neumann_computational_halfcell,9.53,C,C,1.1534376724979403,0.0,0.02961833322408734,0.0,3.169068425118545,0.31555014466517656,1.0,1.0,nan,nan,nan,nan,nan,nan,nan,nan,nan,nan,nan,nan,0.013596427076692178
continuous_Neumann_computational_halfcell,9.54,C,C,1.1506584137863278,0.0,0.029546966549841115,0.0,3.160272992143728,0.3164283599821747,1.0,1.0,nan,nan,nan,nan,nan,nan,nan,nan,nan,nan,nan,nan,0.013610700411541424
continuous_Neumann_computational_halfcell,9.55,C,C,1.1478062273167424,0.0,0.0294737272138218,0.0,3.151272146422328,0.3173321609608711,1.0,1.0,nan,nan,nan,nan,nan,nan,nan,nan,nan,nan,nan,nan,0.013625348278745286
continuous_Neumann_computational_halfcell,9.56,C,C,1.145000074549797,0.0,0.0294016699456132,0.0,3.142441591107541,0.3182238940668915,1.0,1.0,nan,nan,nan,nan,nan,nan,nan,nan,nan,nan,nan,nan,0.013639759732387007
continuous_Neumann_computational_halfcell,9.57,C,C,1.1421461401613566,0.0,0.02932838572598697,0.0,3.1334860543227383,0.31913338137263125,1.0,1.0,nan,nan,nan,nan,nan,nan,nan,nan,nan,nan,nan,nan,0.01365441657631225
continuous_Neumann_computational_halfcell,9.58,C,C,1.1392282241155556,0.0,0.029253458565356535,0.0,3.124356131737198,0.32006594569742025,1.0,1.0,nan,nan,nan,nan,nan,nan,nan,nan,nan,nan,nan,nan,0.01366940200843834
continuous_Neumann_computational_halfcell,9.59,C,C,1.136357973872542,0.0,0.02917975538211475,0.0,3.115401305235029,0.3209859347236034,1.0,1.0,nan,nan,nan,nan,nan,nan,nan,nan,nan,nan,nan,nan,0.013684142645086696
continuous_Neumann_computational_halfcell,9.6,C,C,1.1334275844946688,0.0,0.02910450792736307,0.0,3.106285329544899,0.3219279280266599,1.0,1.0,nan,nan,nan,nan,nan,nan,nan,nan,nan,nan,nan,nan,0.013699192136037031
continuous_Neumann_computational_halfcell,9.61,C,C,1.130443659452295,0.0,0.029027885767078217,0.0,3.0970302221018877,0.32288997145185155,1.0,1.0,nan,nan,nan,nan,nan,nan,nan,nan,nan,nan,nan,nan,0.013714516568094005
continuous_Neumann_computational_halfcell,9.62,C,C,1.1275066588214226,0.0,0.02895246854650474,0.0,3.0879475867674766,0.32383969348612535,1.0,1.0,nan,nan,nan,nan,nan,nan,nan,nan,nan,nan,nan,nan,0.013729600012208699
continuous_Neumann_computational_halfcell,9.63,C,C,1.1244982250946887,0.0,0.028875217044559236,0.0,3.078671661100983,0.32481541069643777,1.0,1.0,nan,nan,nan,nan,nan,nan,nan,nan,nan,nan,nan,nan,0.013745050312597798
continuous_Neumann_computational_halfcell,9.64,C,C,1.1214478555686789,0.0,0.02879688870204698,0.0,3.069294883474449,0.3258077304282988,1.0,1.0,nan,nan,nan,nan,nan,nan,nan,nan,nan,nan,nan,nan,0.01376071598110025
continuous_Neumann_computational_halfcell,9.65,C,C,1.1184412696448902,0.0,0.0287196846485633,0.0,3.060080643325258,0.3267887734204753,1.0,1.0,nan,nan,nan,nan,nan,nan,nan,nan,nan,nan,nan,nan,0.013776156791796987
continuous_Neumann_computational_halfcell,9.66,C,C,1.1153533942186993,0.0,0.02864039321781843,0.0,3.0506460693956026,0.32779941600964585,1.0,1.0,nan,nan,nan,nan,nan,nan,nan,nan,nan,nan,nan,nan,0.01379201507794596
continuous_Neumann_computational_halfcell,9.67,C,C,1.1122359472808618,0.0,0.028560342440550755,0.0,3.041150650570391,0.3288229078070968,1.0,1.0,nan,nan,nan,nan,nan,nan,nan,nan,nan,nan,nan,nan,0.013808025233399496
continuous_Neumann_computational_halfcell,9.68,C,C,1.109156796123031,0.0,0.028481275034296837,0.0,3.0318008900737015,0.3298369636588142,1.0,1.0,nan,nan,nan,nan,nan,nan,nan,nan,nan,nan,nan,nan,0.013823838714650278
continuous_Neumann_computational_halfcell,9.69,C,C,1.1059882675998427,0.0,0.02839991256810776,0.0,3.0222097454088437,0.3308837189474155,1.0,1.0,nan,nan,nan,nan,nan,nan,nan,nan,nan,nan,nan,nan,0.013840111207888096
continuous_Neumann_computational_halfcell,9.7,C,C,1.1028028755437322,0.0,0.02831811707484724,0.0,3.0125981389884786,0.33193939379374504,1.0,1.0,nan,nan,nan,nan,nan,nan,nan,nan,nan,nan,nan,nan,0.013856470306540199
continuous_Neumann_computational_halfcell,9.71,C,C,1.0996480744557129,0.0,0.02823710710603088,0.0,3.003108967196873,0.33298825015111205,1.0,1.0,nan,nan,nan,nan,nan,nan,nan,nan,nan,nan,nan,nan,0.013872672300303472
continuous_Neumann_computational_halfcell,9.72,C,C,1.0963978532424754,0.0,0.028153646909402148,0.0,2.993364043882993,0.33407229636619795,1.0,1.0,nan,nan,nan,nan,nan,nan,nan,nan,nan,nan,nan,nan,0.013889364339629218
continuous_Neumann_computational_halfcell,9.73,C,C,1.0931433814627436,0.0,0.02807007756539786,0.0,2.9836380601300037,0.33516129632574393,1.0,1.0,nan,nan,nan,nan,nan,nan,nan,nan,nan,nan,nan,nan,0.013906078208430074
continuous_Neumann_computational_halfcell,9.74,C,C,1.0899097832548232,0.0,0.027987044219497527,0.0,2.97400575534051,0.33624682743275475,1.0,1.0,nan,nan,nan,nan,nan,nan,nan,nan,nan,nan,nan,nan,0.013922684877610142
continuous_Neumann_computational_halfcell,9.75,C,C,1.086576979595904,0.0,0.027901463445005784,0.0,2.964110476747197,0.33736934161016696,1.0,1.0,nan,nan,nan,nan,nan,nan,nan,nan,nan,nan,nan,nan,0.01393980103250849
continuous_Neumann_computational_halfcell,9.76,C,C,1.0832520007044195,0.0,0.027816083597338965,0.0,2.954271238674229,0.33849295450906675,1.0,1.0,nan,nan,nan,nan,nan,nan,nan,nan,nan,nan,nan,nan,0.013956877002041854
continuous_Neumann_computational_halfcell,9.77,C,C,1.079936438508108,0.0,0.027730945554515316,0.0,2.9444923887883343,0.3396171115291972,1.0,1.0,nan,nan,nan,nan,nan,nan,nan,nan,nan,nan,nan,nan,0.013973904610606583
continuous_Neumann_computational_halfcell,9.78,C,C,1.0765202832227008,0.0,0.0276432244508953,0.0,2.934450707288829,0.34077928026397514,1.0,1.0,nan,nan,nan,nan,nan,nan,nan,nan,nan,nan,nan,nan,0.013991448831330586
continuous_Neumann_computational_halfcell,9.79,C,C,1.0731230582292302,0.0,0.02755598944523097,0.0,2.9244986322943944,0.3419389528711994,1.0,1.0,nan,nan,nan,nan,nan,nan,nan,nan,nan,nan,nan,nan,0.014008895832463453
continuous_Neumann_computational_halfcell,9.8,C,C,1.0697223873993646,0.0,0.02746866595630221,0.0,2.9145702662241098,0.3431037541241104,1.0,1.0,nan,nan,nan,nan,nan,nan,nan,nan,nan,nan,nan,nan,0.014026360530249206
continuous_Neumann_computational_halfcell,9.81,C,C,1.066222196081,0.0,0.0273787869491506,0.0,2.9043865455638462,0.344306787100153,1.0,1.0,nan,nan,nan,nan,nan,nan,nan,nan,nan,nan,nan,nan,0.014044336331679525
continuous_Neumann_computational_halfcell,9.82,C,C,1.0627506632446106,0.0,0.027289643843460398,0.0,2.8943213532326153,0.34550413653380885,1.0,1.0,nan,nan,nan,nan,nan,nan,nan,nan,nan,nan,nan,nan,0.014062164952817566
continuous_Neumann_computational_halfcell,9.83,C,C,1.0592618008892138,0.0,0.02720005574496234,0.0,2.8842410590233114,0.3467116581228579,1.0,1.0,nan,nan,nan,nan,nan,nan,nan,nan,nan,nan,nan,nan,0.014080082572517178
continuous_Neumann_computational_halfcell,9.84,C,C,1.055676932537315,0.0,0.02710800237446588,0.0,2.873919945501474,0.3479568042823506,1.0,1.0,nan,nan,nan,nan,nan,nan,nan,nan,nan,nan,nan,nan,0.01409849324661647
continuous_Neumann_computational_halfcell,9.85,C,C,1.0521287042514693,0.0,0.027016889859042558,0.0,2.8637406912981036,0.34919362742536253,1.0,1.0,nan,nan,nan,nan,nan,nan,nan,nan,nan,nan,nan,nan,0.014116715749701135
continuous_Neumann_computational_halfcell,9.86,C,C,1.0485486649821354,0.0,0.026924960491238215,0.0,2.853506717111265,0.35044599474864585,1.0,1.0,nan,nan,nan,nan,nan,nan,nan,nan,nan,nan,nan,nan,0.014135101623262003
continuous_Neumann_computational_halfcell,9.87,C,C,1.0448784762194077,0.0,0.026830716236553562,0.0,2.84305300410829,0.35173456089456384,1.0,1.0,nan,nan,nan,nan,nan,nan,nan,nan,nan,nan,nan,nan,0.014153950474198936
continuous_Neumann_computational_halfcell,9.88,C,C,1.0412508440357868,0.0,0.026737564763014275,0.0,2.8327581378147833,0.3530128416721837,1.0,1.0,nan,nan,nan,nan,nan,nan,nan,nan,nan,nan,nan,nan,0.01417258076890679
continuous_Neumann_computational_halfcell,9.89,C,C,1.0375767706287515,0.0,0.026643220757218398,0.0,2.8223694725177464,0.3543122223143704,1.0,1.0,nan,nan,nan,nan,nan,nan,nan,nan,nan,nan,nan,nan,0.014191449570065968
continuous_Neumann_computational_halfcell,9.9,C,C,1.0338205668065719,0.0,0.026546767780940995,0.0,2.8117879631117755,0.3556455938780358,1.0,1.0,nan,nan,nan,nan,nan,nan,nan,nan,nan,nan,nan,nan,0.014210740165321449
continuous_Neumann_computational_halfcell,9.91,C,C,1.0301105144385652,0.0,0.026451499896134992,0.0,2.8013754100231414,0.35696750832539764,1.0,1.0,nan,nan,nan,nan,nan,nan,nan,nan,nan,nan,nan,nan,0.01422979374228265
continuous_Neumann_computational_halfcell,9.92,C,C,1.026339702235557,0.0,0.026354671801286762,0.0,2.7908318408447492,0.3583161068197189,1.0,1.0,nan,nan,nan,nan,nan,nan,nan,nan,nan,nan,nan,nan,0.014249159361252296
continuous_Neumann_computational_halfcell,9.93,C,C,1.0224966868385277,0.0,0.026255989650245164,0.0,2.7801272133085932,0.3596957704715652,1.0,1.0,nan,nan,nan,nan,nan,nan,nan,nan,nan,nan,nan,nan,0.014268895791460613
continuous_Neumann_computational_halfcell,9.94,C,C,1.0187009107223357,0.0,0.02615852052422821,0.0,2.7695944754359996,0.36106368960119206,1.0,1.0,nan,nan,nan,nan,nan,nan,nan,nan,nan,nan,nan,nan,0.014288389616664005
continuous_Neumann_computational_halfcell,9.95,C,C,1.0148308247772633,0.0,0.026059143247189238,0.0,2.7588966209435357,0.3624637445305952,1.0,1.0,nan,nan,nan,nan,nan,nan,nan,nan,nan,nan,nan,nan,0.0143082650720718
continuous_Neumann_computational_halfcell,9.96,C,C,1.0109000486026982,0.0,0.025958207547460064,0.0,2.7480733017962824,0.36389131226825294,1.0,1.0,nan,nan,nan,nan,nan,nan,nan,nan,nan,nan,nan,nan,0.014328452212017635
continuous_Neumann_computational_halfcell,9.97,C,C,1.00701498534168,0.0,0.025858445678218968,0.0,2.7374175756608254,0.36530780283260045,1.0,1.0,nan,nan,nan,nan,nan,nan,nan,nan,nan,nan,nan,nan,0.014348404585865854
continuous_Neumann_computational_halfcell,9.98,C,C,1.0030432695291491,0.0,0.025756458717664642,0.0,2.726566893167386,0.3667615867066898,1.0,1.0,nan,nan,nan,nan,nan,nan,nan,nan,nan,nan,nan,nan,0.014368801977976717
continuous_Neumann_computational_halfcell,9.99,C,C,0.999023581136198,0.0,0.025653239902189692,0.0,2.7156289421794817,0.3682388210214869,1.0,1.0,nan,nan,nan,nan,nan,nan,nan,nan,nan,nan,nan,nan,0.014389445741071708
continuous_Neumann_computational_halfcell,10.0,C,C,0.99504544091835,0.0,0.02555108797374678,0.0,2.7048472492299074,0.36970664435291434,1.0,1.0,nan,nan,nan,nan,nan,nan,nan,nan,nan,nan,nan,nan,0.014409876126760292
continuous_Neumann_computational_halfcell,10.01,C,C,0.9909699184561678,0.0,0.025446435433583298,0.0,2.693846016621631,0.371216466653913,1.0,1.0,nan,nan,nan,nan,nan,nan,nan,nan,nan,nan,nan,nan,0.014430806634792986
continuous_Neumann_computational_halfcell,10.02,C,C,0.9868599173501131,0.0,0.025340897540021293,0.0,2.6827970277454156,0.37274530635677117,1.0,1.0,nan,nan,nan,nan,nan,nan,nan,nan,nan,nan,nan,nan,0.014451914213505388
continuous_Neumann_computational_halfcell,10.03,C,C,0.982784722219602,0.0,0.025236253405182815,0.0,2.671886353025698,0.3742674155536518,1.0,1.0,nan,nan,nan,nan,nan,nan,nan,nan,nan,nan,nan,nan,0.014472843040473082
continuous_Neumann_computational_halfcell,10.04,C,C,0.9786033873125604,0.0,0.02512888377997362,0.0,2.66073762587443,0.37583562929146686,1.0,1.0,nan,nan,nan,nan,nan,nan,nan,nan,nan,nan,nan,nan,0.014494316965514923
continuous_Neumann_computational_halfcell,10.05,C,C,0.9744013812546157,0.0,0.025020983354487856,0.0,2.649580647513659,0.37741821557248706,1.0,1.0,nan,nan,nan,nan,nan,nan,nan,nan,nan,nan,nan,nan,0.014515897050612077
continuous_Neumann_computational_halfcell,10.06,C,C,0.9702250069398382,0.0,0.024913741108917954,0.0,2.638538081946512,0.3789977513844623,1.0,1.0,nan,nan,nan,nan,nan,nan,nan,nan,nan,nan,nan,nan,0.014537345499726058
continuous_Neumann_computational_halfcell,10.07,C,C,0.9659360075192165,0.0,0.02480360684066332,0.0,2.6272456276176634,0.3806267634392377,1.0,1.0,nan,nan,nan,nan,nan,nan,nan,nan,nan,nan,nan,nan,0.014559372353376981
continuous_Neumann_computational_halfcell,10.08,C,C,0.961639975230927,0.0,0.024693291980233595,0.0,2.615983104974267,0.3822654657434559,1.0,1.0,nan,nan,nan,nan,nan,nan,nan,nan,nan,nan,nan,nan,0.014581435325462928
continuous_Neumann_computational_halfcell,10.09,C,C,0.9573581950918939,0.0,0.024583343090948995,0.0,2.604805986529661,0.38390575158815693,1.0,1.0,nan,nan,nan,nan,nan,nan,nan,nan,nan,nan,nan,nan,0.014603425103319849
continuous_Neumann_computational_halfcell,10.1,C,C,0.9529598068947571,0.0,0.02447039990348611,0.0,2.5933741977748133,0.38559803705073786,1.0,1.0,nan,nan,nan,nan,nan,nan,nan,nan,nan,nan,nan,nan,0.014626013740812426
continuous_Neumann_computational_halfcell,10.11,C,C,0.9485673672636441,0.0,0.024357609465161644,0.0,2.5820079392470032,0.38729547837549727,1.0,1.0,nan,nan,nan,nan,nan,nan,nan,nan,nan,nan,nan,nan,0.014648571828477317
continuous_Neumann_computational_halfcell,10.12,C,C,0.9441758968235447,0.0,0.024244843914027085,0.0,2.5706939883286752,0.38900001499211706,1.0,1.0,nan,nan,nan,nan,nan,nan,nan,nan,nan,nan,nan,nan,0.014671124938704228
continuous_Neumann_computational_halfcell,10.13,C,C,0.9396664893207056,0.0,0.02412904993811763,0.0,2.5591277795442013,0.3907581356403028,1.0,1.0,nan,nan,nan,nan,nan,nan,nan,nan,nan,nan,nan,nan,0.014694283733886121
continuous_Neumann_computational_halfcell,10.14,C,C,0.9351748780137239,0.0,0.024013712938490108,0.0,2.5476589483211467,0.39251721689788144,1.0,1.0,nan,nan,nan,nan,nan,nan,nan,nan,nan,nan,nan,nan,0.014717351133811625
continuous_Neumann_computational_halfcell,10.15,C,C,0.9306694184875557,0.0,0.0238980203399601,0.0,2.536206392928505,0.3942896772077452,1.0,1.0,nan,nan,nan,nan,nan,nan,nan,nan,nan,nan,nan,nan,0.014740489653517624
continuous_Neumann_computational_halfcell,10.16,C,C,0.9260474134201182,0.0,0.02377933504857863,0.0,2.52451108284007,0.39611630418156135,1.0,1.0,nan,nan,nan,nan,nan,nan,nan,nan,nan,nan,nan,nan,0.01476422671179392
continuous_Neumann_computational_halfcell,10.17,C,C,0.921453467579921,0.0,0.023661370270808106,0.0,2.5129402139745918,0.39794022732373324,1.0,1.0,nan,nan,nan,nan,nan,nan,nan,nan,nan,nan,nan,nan,0.014787819667348025
continuous_Neumann_computational_halfcell,10.18,C,C,0.9168297468087676,0.0,0.023542640923050133,0.0,2.5013479005731662,0.39978445212313607,1.0,1.0,nan,nan,nan,nan,nan,nan,nan,nan,nan,nan,nan,nan,0.014811565536899619
continuous_Neumann_computational_halfcell,10.19,C,C,0.9120935703225026,0.0,0.02342102390227562,0.0,2.4895290855520766,0.40168239278804835,1.0,1.0,nan,nan,nan,nan,nan,nan,nan,nan,nan,nan,nan,nan,0.014835888941054521
continuous_Neumann_computational_halfcell,10.2,C,C,0.9073937217649704,0.0,0.023300339721414532,0.0,2.4778561279235234,0.4035746824566499,1.0,1.0,nan,nan,nan,nan,nan,nan,nan,nan,nan,nan,nan,nan,0.01486002577722674
continuous_Neumann_computational_halfcell,10.21,C,C,0.9026475310082827,0.0,0.023178465551072735,0.0,2.466123614470417,0.40549467761158564,1.0,1.0,nan,nan,nan,nan,nan,nan,nan,nan,nan,nan,nan,nan,0.014884400611295099
continuous_Neumann_computational_halfcell,10.22,C,C,0.8977955605756023,0.0,0.023053875137134437,0.0,2.454187036987365,0.4074669065270385,1.0,1.0,nan,nan,nan,nan,nan,nan,nan,nan,nan,nan,nan,nan,0.014909318694082758
continuous_Neumann_computational_halfcell,10.23,C,C,0.8929858376334358,0.0,0.022930369567467968,0.0,2.442411418722728,0.4094314300753455,1.0,1.0,nan,nan,nan,nan,nan,nan,nan,nan,nan,nan,nan,nan,0.014934019808016053
continuous_Neumann_computational_halfcell,10.24,C,C,0.8881130627625833,0.0,0.022805244930660922,0.0,2.430539046926159,0.41143136592052476,1.0,1.0,nan,nan,nan,nan,nan,nan,nan,nan,nan,nan,nan,nan,0.014959044735377462
continuous_Neumann_computational_halfcell,10.25,C,C,0.8831435702466965,0.0,0.02267763674792194,0.0,2.4184904637905777,0.4134810597651346,1.0,1.0,nan,nan,nan,nan,nan,nan,nan,nan,nan,nan,nan,nan,0.014984566371925257
continuous_Neumann_computational_halfcell,10.26,C,C,0.8782196081208813,0.0,0.022551197708776165,0.0,2.4066111789211115,0.41552204558789674,1.0,1.0,nan,nan,nan,nan,nan,nan,nan,nan,nan,nan,nan,nan,0.015009854179754412
continuous_Neumann_computational_halfcell,10.27,C,C,0.8732162538928048,0.0,0.02242272001440332,0.0,2.394600123542682,0.4176062592532376,1.0,1.0,nan,nan,nan,nan,nan,nan,nan,nan,nan,nan,nan,nan,0.015035549718628983
continuous_Neumann_computational_halfcell,10.28,C,C,0.8681273462323507,0.0,0.022292045452242084,0.0,2.382445178557938,0.41973683549994073,1.0,1.0,nan,nan,nan,nan,nan,nan,nan,nan,nan,nan,nan,nan,0.01506168463106123
continuous_Neumann_computational_halfcell,10.29,C,C,0.8630844054295466,0.0,0.022162551241425014,0.0,2.3704608919783765,0.42185888971380764,1.0,1.0,nan,nan,nan,nan,nan,nan,nan,nan,nan,nan,nan,nan,0.015087583473224642
continuous_Neumann_computational_halfcell,10.3,C,C,0.8579466116959917,0.0,0.02203062136739246,0.0,2.3583131857881323,0.42403189111025846,1.0,1.0,nan,nan,nan,nan,nan,nan,nan,nan,nan,nan,nan,nan,0.015113969448031154
continuous_Neumann_computational_halfcell,10.31,C,C,0.8527361707667342,0.0,0.021896826035952523,0.0,2.346057291275706,0.4262470501972414,1.0,1.0,nan,nan,nan,nan,nan,nan,nan,nan,nan,nan,nan,nan,0.015140728514319142
continuous_Neumann_computational_halfcell,10.32,C,C,0.8475691629245645,0.0,0.021764145992903966,0.0,2.3339664584675197,0.4284551718265048,1.0,1.0,nan,nan,nan,nan,nan,nan,nan,nan,nan,nan,nan,nan,0.015167264522928853
continuous_Neumann_computational_halfcell,10.33,C,C,0.8422932118442787,0.0,0.021628668471321486,0.0,2.321684992305496,0.43072165402032986,1.0,1.0,nan,nan,nan,nan,nan,nan,nan,nan,nan,nan,nan,nan,0.015194360027245349
continuous_Neumann_computational_halfcell,10.34,C,C,0.8369588350841113,0.0,0.02149169067686181,0.0,2.3093332236217288,0.4330254247291776,1.0,1.0,nan,nan,nan,nan,nan,nan,nan,nan,nan,nan,nan,nan,0.015221755586137285
continuous_Neumann_computational_halfcell,10.35,C,C,0.8316623552264115,0.0,0.021355686010913727,0.0,2.297134221121511,0.43532501967245874,1.0,1.0,nan,nan,nan,nan,nan,nan,nan,nan,nan,nan,nan,nan,0.015248956519326902
continuous_Neumann_computational_halfcell,10.36,C,C,0.8262446687890144,0.0,0.021216568964511955,0.0,2.2847227193770165,0.4376898743636924,1.0,1.0,nan,nan,nan,nan,nan,nan,nan,nan,nan,nan,nan,nan,0.015276779928607254
continuous_Neumann_computational_halfcell,10.37,C,C,0.8207836121522902,0.0,0.021076338244570388,0.0,2.272279726076938,0.4400866620970506,1.0,1.0,nan,nan,nan,nan,nan,nan,nan,nan,nan,nan,nan,nan,0.015304826072595569
continuous_Neumann_computational_halfcell,10.38,C,C,0.8153519761804233,0.0,0.020936862997660607,0.0,2.2599709883316903,0.4424835562770651,1.0,1.0,nan,nan,nan,nan,nan,nan,nan,nan,nan,nan,nan,nan,0.015332721121977526
continuous_Neumann_computational_halfcell,10.39,C,C,0.8097891036142677,0.0,0.02079401781644617,0.0,2.247433960993531,0.44495189507500654,1.0,1.0,nan,nan,nan,nan,nan,nan,nan,nan,nan,nan,nan,nan,0.015361290158220412
continuous_Neumann_computational_halfcell,10.4,C,C,0.8041982283506783,0.0,0.02065045357321083,0.0,2.2349038977035023,0.44744653272454354,1.0,1.0,nan,nan,nan,nan,nan,nan,nan,nan,nan,nan,nan,nan,0.015390003006867482
continuous_Neumann_computational_halfcell,10.41,C,C,0.7986255143715226,0.0,0.02050735568111605,0.0,2.2224840557657384,0.4499469849539408,1.0,1.0,nan,nan,nan,nan,nan,nan,nan,nan,nan,nan,nan,nan,0.015418622585286436
continuous_Neumann_computational_halfcell,10.42,C,C,0.7929141092852259,0.0,0.02036069643540463,0.0,2.2098267289926508,0.4525241671123464,1.0,1.0,nan,nan,nan,nan,nan,nan,nan,nan,nan,nan,nan,nan,0.015447954434428722
continuous_Neumann_computational_halfcell,10.43,C,C,0.7871898339193084,0.0,0.020213706702628686,0.0,2.1972132083602447,0.45512196822550904,1.0,1.0,nan,nan,nan,nan,nan,nan,nan,nan,nan,nan,nan,nan,0.015477352380983909
continuous_Neumann_computational_halfcell,10.44,C,C,0.7814699258432505,0.0,0.02006682911448737,0.0,2.184681225846669,0.4577326834547461,1.0,1.0,nan,nan,nan,nan,nan,nan,nan,nan,nan,nan,nan,nan,0.015506727898612172
continuous_Neumann_computational_halfcell,10.45,C,C,0.7756067132331825,0.0,0.01991627170771169,0.0,2.1719094537301613,0.46042435069405996,1.0,1.0,nan,nan,nan,nan,nan,nan,nan,nan,nan,nan,nan,nan,0.015536839379967308
continuous_Neumann_computational_halfcell,10.46,C,C,0.7697449719550029,0.0,0.019765752082256314,0.0,2.159215523048438,0.46313116468715143,1.0,1.0,nan,nan,nan,nan,nan,nan,nan,nan,nan,nan,nan,nan,0.015566943305058385
continuous_Neumann_computational_halfcell,10.47,C,C,0.7638716036712552,0.0,0.0196149338949163,0.0,2.1465708249118367,0.46585930843491813,1.0,1.0,nan,nan,nan,nan,nan,nan,nan,nan,nan,nan,nan,nan,0.015597106942526388
continuous_Neumann_computational_halfcell,10.48,C,C,0.7578533372071679,0.0,0.01946039496679315,0.0,2.1336909857307065,0.4686714274408104,1.0,1.0,nan,nan,nan,nan,nan,nan,nan,nan,nan,nan,nan,nan,0.015628014728151018
continuous_Neumann_computational_halfcell,10.49,C,C,0.751849545677489,0.0,0.01930622773056193,0.0,2.1209191280132056,0.4714936966676146,1.0,1.0,nan,nan,nan,nan,nan,nan,nan,nan,nan,nan,nan,nan,0.015658848175397262
continuous_Neumann_computational_halfcell,10.5,C,C,0.7458163440350916,0.0,0.01915130529226004,0.0,2.108161717957281,0.4743469115685098,1.0,1.0,nan,nan,nan,nan,nan,nan,nan,nan,nan,nan,nan,nan,0.015689832663057637
continuous_Neumann_computational_halfcell,10.51,C,C,0.7396397543028002,0.0,0.018992700889749674,0.0,2.095180598729402,0.4772858247190903,1.0,1.0,nan,nan,nan,nan,nan,nan,nan,nan,nan,nan,nan,nan,0.01572155354355971
continuous_Neumann_computational_halfcell,10.52,C,C,0.7334887836324792,0.0,0.018834754341523437,0.0,2.0823327581703657,0.4802306432900026,1.0,1.0,nan,nan,nan,nan,nan,nan,nan,nan,nan,nan,nan,nan,0.01575314285320496
continuous_Neumann_computational_halfcell,10.53,C,C,0.727289308424254,0.0,0.018675562278605957,0.0,2.069463320957378,0.48321706882796,1.0,1.0,nan,nan,nan,nan,nan,nan,nan,nan,nan,nan,nan,nan,0.015784981265788457
continuous_Neumann_computational_halfcell,10.54,C,C,0.7209510430510413,0.0,0.01851280631843348,0.0,2.056387994467146,0.48628955366913695,1.0,1.0,nan,nan,nan,nan,nan,nan,nan,nan,nan,nan,nan,nan,0.015817532457822952
continuous_Neumann_computational_halfcell,10.55,C,C,0.7146472024408617,0.0,0.018350934328090485,0.0,2.0434656253876637,0.489364728026825,1.0,1.0,nan,nan,nan,nan,nan,nan,nan,nan,nan,nan,nan,nan,0.01584990685589155
continuous_Neumann_computational_halfcell,10.56,C,C,0.7082749816062659,0.0,0.018187306448963044,0.0,2.030485610835678,0.4924930246555327,1.0,1.0,nan,nan,nan,nan,nan,nan,nan,nan,nan,nan,nan,nan,0.015882632431717038
continuous_Neumann_computational_halfcell,10.57,C,C,0.701771538411851,0.0,0.018020309001048108,0.0,2.0173233095392726,0.4957063626198745,1.0,1.0,nan,nan,nan,nan,nan,nan,nan,nan,nan,nan,nan,nan,0.015916031921300026
continuous_Neumann_computational_halfcell,10.58,C,C,0.6953085666428525,0.0,0.017854350791050064,0.0,2.0043274471231363,0.498920474015025,1.0,1.0,nan,nan,nan,nan,nan,nan,nan,nan,nan,nan,nan,nan,0.015949223563299635
continuous_Neumann_computational_halfcell,10.59,C,C,0.6887571249727191,0.0,0.01768612082326693,0.0,1.9912391332419546,0.5021998529990173,1.0,1.0,nan,nan,nan,nan,nan,nan,nan,nan,nan,nan,nan,nan,0.015982869556856263
continuous_Neumann_computational_halfcell,10.6,C,C,0.6820847794700492,0.0,0.01751478624906637,0.0,1.977997124523218,0.5055619078521375,1.0,1.0,nan,nan,nan,nan,nan,nan,nan,nan,nan,nan,nan,nan,0.016017136471696374
continuous_Neumann_computational_halfcell,10.61,C,C,0.6754558451236984,0.0,0.017344566400112057,0.0,1.9649284749136329,0.5089243770280006,1.0,1.0,nan,nan,nan,nan,nan,nan,nan,nan,nan,nan,nan,nan,0.016051180441487234
continuous_Neumann_computational_halfcell,10.62,C,C,0.6687187248636661,0.0,0.017171568519437456,0.0,1.9517350083640916,0.5123646374710374,1.0,1.0,nan,nan,nan,nan,nan,nan,nan,nan,nan,nan,nan,nan,0.016085780017622155
continuous_Neumann_computational_halfcell,10.63,C,C,0.6618734535719195,0.0,0.016995793502752633,0.0,1.9384204755276357,0.5158839439765003,1.0,1.0,nan,nan,nan,nan,nan,nan,nan,nan,nan,nan,nan,nan,0.016120935020959123
continuous_Neumann_computational_halfcell,10.64,C,C,0.6550711635425284,0.0,0.01682112217236243,0.0,1.925279522212588,0.5194050985649972,1.0,1.0,nan,nan,nan,nan,nan,nan,nan,nan,nan,nan,nan,nan,0.01615586928703716
continuous_Neumann_computational_halfcell,10.65,C,C,0.648141935447951,0.0,0.016643191286641972,0.0,1.9119849350647833,0.5230166732281901,1.0,1.0,nan,nan,nan,nan,nan,nan,nan,nan,nan,nan,nan,nan,0.016191455464181253
continuous_Neumann_computational_halfcell,10.66,C,C,0.6411193365708048,0.0,0.016462862796770502,0.0,1.8986048682164571,0.5267025365522193,1.0,1.0,nan,nan,nan,nan,nan,nan,nan,nan,nan,nan,nan,nan,0.016227521162155544
continuous_Neumann_computational_halfcell,10.67,C,C,0.6341357521178956,0.0,0.016283536131484054,0.0,1.885391991097963,0.5303936819088997,1.0,1.0,nan,nan,nan,nan,nan,nan,nan,nan,nan,nan,nan,nan,0.016263386495212834
continuous_Neumann_computational_halfcell,10.68,C,C,0.6270080157068811,0.0,0.016100507887142342,0.0,1.8720011936839527,0.5341876935623517,1.0,1.0,nan,nan,nan,nan,nan,nan,nan,nan,nan,nan,nan,nan,0.016299992144081177
continuous_Neumann_computational_halfcell,10.69,C,C,0.619803228767008,0.0,0.015915501115227586,0.0,1.8585622942689857,0.5380502999999376,1.0,1.0,nan,nan,nan,nan,nan,nan,nan,nan,nan,nan,nan,nan,0.01633699349846413
continuous_Neumann_computational_halfcell,10.7,C,C,0.6126298880508259,0.0,0.01573130182927772,0.0,1.8452778974067452,0.5419237944622577,1.0,1.0,nan,nan,nan,nan,nan,nan,nan,nan,nan,nan,nan,nan,0.016373833355654104
continuous_Neumann_computational_halfcell,10.71,C,C,0.6052972600263633,0.0,0.015543012314018107,0.0,1.8317966478816305,0.5459121246653899,1.0,1.0,nan,nan,nan,nan,nan,nan,nan,nan,nan,nan,nan,nan,0.016411491258706026
continuous_Neumann_computational_halfcell,10.72,C,C,0.5979048860308254,0.0,0.015353188623031188,0.0,1.818305250144477,0.5499626643659216,1.0,1.0,nan,nan,nan,nan,nan,nan,nan,nan,nan,nan,nan,nan,0.01644945599690341
continuous_Neumann_computational_halfcell,10.73,C,C,0.5905328317884511,0.0,0.01516388670901981,0.0,1.8049498939019861,0.5540320002114711,1.0,1.0,nan,nan,nan,nan,nan,nan,nan,nan,nan,nan,nan,nan,0.016487316379705685
continuous_Neumann_computational_halfcell,10.74,C,C,0.5829889218484379,0.0,0.014970171830666715,0.0,1.7913847459168204,0.5582273725838867,1.0,1.0,nan,nan,nan,nan,nan,nan,nan,nan,nan,nan,nan,nan,0.016526059355376304
continuous_Neumann_computational_halfcell,10.75,C,C,0.5754029454864433,0.0,0.014775376757576187,0.0,1.7778467579300157,0.5624781750955414,1.0,1.0,nan,nan,nan,nan,nan,nan,nan,nan,nan,nan,nan,nan,0.016565018369994407
continuous_Neumann_computational_halfcell,10.76,C,C,0.5678227562451816,0.0,0.014580730287981418,0.0,1.7644212911371444,0.5667580668081341,1.0,1.0,nan,nan,nan,nan,nan,nan,nan,nan,nan,nan,nan,nan,0.016603947663913363
continuous_Neumann_computational_halfcell,10.77,C,C,0.5600611297610865,0.0,0.014381424816131362,0.0,1.7507795217588498,0.5711741470424503,1.0,1.0,nan,nan,nan,nan,nan,nan,nan,nan,nan,nan,nan,nan,0.016643808758283373
continuous_Neumann_computational_halfcell,10.78,C,C,0.5522748450069432,0.0,0.014181486161512592,0.0,1.7372003879661633,0.5756388306882405,1.0,1.0,nan,nan,nan,nan,nan,nan,nan,nan,nan,nan,nan,nan,0.01668379648920713
continuous_Neumann_computational_halfcell,10.79,C,C,0.5444766680024298,0.0,0.013981242133970213,0.0,1.7237060757502178,0.5801453125149336,1.0,1.0,nan,nan,nan,nan,nan,nan,nan,nan,nan,nan,nan,nan,0.016723845294715604
continuous_Neumann_computational_halfcell,10.8,C,C,0.5364907953147124,0.0,0.013776178397983757,0.0,1.7099955964139162,0.584796827604194,1.0,1.0,nan,nan,nan,nan,nan,nan,nan,nan,nan,nan,nan,nan,0.016764858041912894
continuous_Neumann_computational_halfcell,10.81,C,C,0.5284967356249002,0.0,0.013570904433597505,0.0,1.6963802828685852,0.5894904639595294,1.0,1.0,nan,nan,nan,nan,nan,nan,nan,nan,nan,nan,nan,nan,0.016805912834790146
continuous_Neumann_computational_halfcell,10.82,C,C,0.5204703193985445,0.0,0.013364799607948289,0.0,1.6828189259931374,0.5942409991674161,1.0,1.0,nan,nan,nan,nan,nan,nan,nan,nan,nan,nan,nan,nan,0.016847133799919988
continuous_Neumann_computational_halfcell,10.83,C,C,0.5122535117388498,0.0,0.01315380585154009,0.0,1.6690481798171257,0.5991438785844804,1.0,1.0,nan,nan,nan,nan,nan,nan,nan,nan,nan,nan,nan,nan,0.01688933255120163
continuous_Neumann_computational_halfcell,10.84,C,C,0.5040433857961322,0.0,0.012942983670349741,0.0,1.6554011824972947,0.6040831736578962,1.0,1.0,nan,nan,nan,nan,nan,nan,nan,nan,nan,nan,nan,nan,0.0169314969874397
continuous_Neumann_computational_halfcell,10.85,C,C,0.49577811029336516,0.0,0.012730745341511668,0.0,1.6417752243763826,0.6090967783850212,1.0,1.0,nan,nan,nan,nan,nan,nan,nan,nan,nan,nan,nan,nan,0.016973944653207312
continuous_Neumann_computational_halfcell,10.86,C,C,0.48732344259022753,0.0,0.012513643740531225,0.0,1.6279530735924128,0.6142683202736886,1.0,1.0,nan,nan,nan,nan,nan,nan,nan,nan,nan,nan,nan,nan,0.017017364973403403
continuous_Neumann_computational_halfcell,10.87,C,C,0.47888807626370067,0.0,0.012297037766334762,0.0,1.614278449371794,0.6194718144129074,1.0,1.0,nan,nan,nan,nan,nan,nan,nan,nan,nan,nan,nan,nan,0.017060686168242696
continuous_Neumann_computational_halfcell,10.88,C,C,0.4703729781421231,0.0,0.012078384414173563,0.0,1.6005910673825434,0.6247691995653245,1.0,1.0,nan,nan,nan,nan,nan,nan,nan,nan,nan,nan,nan,nan,0.017104416838674932
continuous_Neumann_computational_halfcell,10.89,C,C,0.46167319918736466,0.0,0.011854988769829895,0.0,1.5867266749193416,0.6302282654010547,1.0,1.0,nan,nan,nan,nan,nan,nan,nan,nan,nan,nan,nan,nan,0.01714909596754367
continuous_Neumann_computational_halfcell,10.9,C,C,0.45300248404855203,0.0,0.01163233943524008,0.0,1.573028093987481,0.6357165544736663,1.0,1.0,nan,nan,nan,nan,nan,nan,nan,nan,nan,nan,nan,nan,0.01719362583446163
continuous_Neumann_computational_halfcell,10.91,C,C,0.4442262748346675,0.0,0.011406981190803512,0.0,1.5592832722716727,0.64132028976565,1.0,1.0,nan,nan,nan,nan,nan,nan,nan,nan,nan,nan,nan,nan,0.017238697483348945
continuous_Neumann_computational_halfcell,10.92,C,C,0.4352737054713245,0.0,0.0111770943153029,0.0,1.5453859816690583,0.6470875314398629,1.0,1.0,nan,nan,nan,nan,nan,nan,nan,nan,nan,nan,nan,nan,0.01728467485844907
continuous_Neumann_computational_halfcell,10.93,C,C,0.42635655383961435,0.0,0.010948116907389968,0.0,1.5316667994622852,0.6528835124917933,1.0,1.0,nan,nan,nan,nan,nan,nan,nan,nan,nan,nan,nan,nan,0.017330470340031653
continuous_Neumann_computational_halfcell,10.94,C,C,0.41730762854034253,0.0,0.010715755774036934,0.0,1.5178693810625494,0.6588182174805931,1.0,1.0,nan,nan,nan,nan,nan,nan,nan,nan,nan,nan,nan,nan,0.017376942566702257
continuous_Neumann_computational_halfcell,10.95,C,C,0.4080940486696729,0.0,0.010479166589113529,0.0,1.5039485988839747,0.6649163413843155,1.0,1.0,nan,nan,nan,nan,nan,nan,nan,nan,nan,nan,nan,nan,0.01742426040368694
continuous_Neumann_computational_halfcell,10.96,C,C,0.3989183547585675,0.0,0.010243550251706417,0.0,1.4902119449264026,0.6710454867877115,1.0,1.0,nan,nan,nan,nan,nan,nan,nan,nan,nan,nan,nan,nan,0.01747138367116836
continuous_Neumann_computational_halfcell,10.97,C,C,0.38958478853644074,0.0,0.010003880019731633,0.0,1.476367661824104,0.6773380546445084,1.0,1.0,nan,nan,nan,nan,nan,nan,nan,nan,nan,nan,nan,nan,0.01751931771756332
continuous_Neumann_computational_halfcell,10.98,C,C,0.38010131381983214,0.0,0.009760360390560493,0.0,1.4624327465767182,0.6837921281103786,1.0,1.0,nan,nan,nan,nan,nan,nan,nan,nan,nan,nan,nan,nan,0.017568021643397547
continuous_Neumann_computational_halfcell,10.99,C,C,0.3706539201266282,0.0,0.009517767261190552,0.0,1.4486816270673586,0.6902827932071949,1.0,1.0,nan,nan,nan,nan,nan,nan,nan,nan,nan,nan,nan,nan,0.017616540269271536
continuous_Neumann_computational_halfcell,11.0,C,C,0.3610234506770418,0.0,0.009270473055302065,0.0,1.4347971074476242,0.6969626540291196,1.0,1.0,nan,nan,nan,nan,nan,nan,nan,nan,nan,nan,nan,nan,0.01766599911044923
continuous_Neumann_computational_halfcell,11.01,C,C,0.35126039981984464,0.0,0.009019774382571925,0.0,1.4208572687203842,0.7038004604787602,1.0,1.0,nan,nan,nan,nan,nan,nan,nan,nan,nan,nan,nan,nan,0.01771613884499526
continuous_Neumann_computational_halfcell,11.02,C,C,0.34152706744627886,0.0,0.008769838830357176,0.0,1.407094679250251,0.7106842309522731,1.0,1.0,nan,nan,nan,nan,nan,nan,nan,nan,nan,nan,nan,nan,0.017766125955438212
continuous_Neumann_computational_halfcell,11.03,C,C,0.33158706076360817,0.0,0.008514596230608015,0.0,1.3931774320897188,0.717783662702628,1.0,1.0,nan,nan,nan,nan,nan,nan,nan,nan,nan,nan,nan,nan,0.017817174475388043
continuous_Neumann_computational_halfcell,11.04,C,C,0.32153381420016025,0.0,0.008256445821791154,0.0,1.3792416431906094,0.7250361130966818,1.0,1.0,nan,nan,nan,nan,nan,nan,nan,nan,nan,nan,nan,nan,0.017868804557151417
continuous_Neumann_computational_halfcell,11.05,C,C,0.3114991953166921,0.0,0.007998773740365523,0.0,1.365470687651932,0.7323481998135042,1.0,1.0,nan,nan,nan,nan,nan,nan,nan,nan,nan,nan,nan,nan,0.017920338973436544
continuous_Neumann_computational_halfcell,11.06,C,C,0.3012365925898255,0.0,0.00773524741852059,0.0,1.3515290654761924,0.7399026965414643,1.0,1.0,nan,nan,nan,nan,nan,nan,nan,nan,nan,nan,nan,nan,0.01797304423780553
continuous_Neumann_computational_halfcell,11.07,C,C,0.29088144323286436,0.0,0.007469344655369583,0.0,1.3376059923070156,0.7476043063138984,1.0,1.0,nan,nan,nan,nan,nan,nan,nan,nan,nan,nan,nan,nan,0.01802622479043573
continuous_Neumann_computational_halfcell,11.08,C,C,0.28052905340321743,0.0,0.00720351275222383,0.0,1.3238300038705775,0.7553839972475528,1.0,1.0,nan,nan,nan,nan,nan,nan,nan,nan,nan,nan,nan,nan,0.01807939117106488
continuous_Neumann_computational_halfcell,11.09,C,C,0.26993029682597935,0.0,0.006931354566696744,0.0,1.3098731452353556,0.7634327061650859,1.0,1.0,nan,nan,nan,nan,nan,nan,nan,nan,nan,nan,nan,nan,0.0181338228081703
continuous_Neumann_computational_halfcell,11.1,C,C,0.25926029328746836,0.0,0.006657366879419801,0.0,1.2959710935055473,0.7716221488359297,1.0,1.0,nan,nan,nan,nan,nan,nan,nan,nan,nan,nan,nan,nan,0.018188620345625687
continuous_Neumann_computational_halfcell,11.11,C,C,0.2485724808524541,0.0,0.006382921889729765,0.0,1.2821937534976706,0.7799133300034571,1.0,1.0,nan,nan,nan,nan,nan,nan,nan,nan,nan,nan,nan,nan,0.018243509343563693
continuous_Neumann_computational_halfcell,11.12,C,C,0.23762341615131,0.0,0.0061017683826587905,0.0,1.2682315073841646,0.7884995713933848,1.0,1.0,nan,nan,nan,nan,nan,nan,nan,nan,nan,nan,nan,nan,0.018299740044977888
continuous_Neumann_computational_halfcell,11.13,C,C,0.22662419847268286,0.0,0.005819327031749618,0.0,1.2543583895560815,0.797220322617606,1.0,1.0,nan,nan,nan,nan,nan,nan,nan,nan,nan,nan,nan,nan,0.018356228315159723
continuous_Neumann_computational_halfcell,11.14,C,C,0.21558210764751884,0.0,0.005535784770777619,0.0,1.240583840162095,0.8060720828584547,1.0,1.0,nan,nan,nan,nan,nan,nan,nan,nan,nan,nan,nan,nan,0.018412936767354122
continuous_Neumann_computational_halfcell,11.15,C,C,0.20426786109421965,0.0,0.005245254009917894,0.0,1.2266266750185433,0.8152439697961751,1.0,1.0,nan,nan,nan,nan,nan,nan,nan,nan,nan,nan,nan,nan,0.01847104291952607
continuous_Neumann_computational_halfcell,11.16,C,C,0.19292348852754415,0.0,0.0049539496638665555,0.0,1.2127899976206917,0.8245450588822854,1.0,1.0,nan,nan,nan,nan,nan,nan,nan,nan,nan,nan,nan,nan,0.018529303788736334
continuous_Neumann_computational_halfcell,11.17,C,C,0.18150701228410782,0.0,0.004660793817057175,0.0,1.1990229445697738,0.8340123969510976,1.0,1.0,nan,nan,nan,nan,nan,nan,nan,nan,nan,nan,nan,nan,0.018587934958098212
continuous_Neumann_computational_halfcell,11.18,C,C,0.1698118398474051,0.0,0.004360481522251284,0.0,1.1850818451597642,0.8438235756326072,1.0,1.0,nan,nan,nan,nan,nan,nan,nan,nan,nan,nan,nan,nan,0.01864799741705939
continuous_Neumann_computational_halfcell,11.19,C,C,0.15810460958494943,0.0,0.004059859602825334,0.0,1.1712887163255608,0.8537604657689276,1.0,1.0,nan,nan,nan,nan,nan,nan,nan,nan,nan,nan,nan,nan,0.01870812180094458
continuous_Neumann_computational_halfcell,11.2,C,C,0.14629232775269685,0.0,0.003756540136341448,0.0,1.157534518061095,0.8639051228252183,1.0,1.0,nan,nan,nan,nan,nan,nan,nan,nan,nan,nan,nan,nan,0.018768785694241355
continuous_Neumann_computational_halfcell,11.21,C,C,0.13419943381433974,0.0,0.003446015024452105,0.0,1.143620873576034,0.8744156591625157,1.0,1.0,nan,nan,nan,nan,nan,nan,nan,nan,nan,nan,nan,nan,0.018830890716619225
continuous_Neumann_computational_halfcell,11.22,C,C,0.12210968874844141,0.0,0.0031355707702943824,0.0,1.129878029890425,0.8850512830105914,1.0,1.0,nan,nan,nan,nan,nan,nan,nan,nan,nan,nan,nan,nan,0.01889297956745077
continuous_Neumann_computational_halfcell,11.23,C,C,0.10987878604826128,0.0,0.002821501826264837,0.0,1.116142770183018,0.8959427294736017,1.0,1.0,nan,nan,nan,nan,nan,nan,nan,nan,nan,nan,nan,nan,0.01895579335625668
continuous_Neumann_computational_halfcell,11.24,C,C,0.0973701087214387,0.0,0.0025003000985147155,0.0,1.1022682572310802,0.9072201738912631,1.0,1.0,nan,nan,nan,nan,nan,nan,nan,nan,nan,nan,nan,nan,0.0190200337018067
continuous_Neumann_computational_halfcell,11.25,C,C,0.08487603129322352,0.0,0.002179473271526293,0.0,1.0885821082170817,0.9186261582397633,1.0,1.0,nan,nan,nan,nan,nan,nan,nan,nan,nan,nan,nan,nan,0.01908419906720439
continuous_Neumann_computational_halfcell,11.26,C,C,0.0722021891794693,0.0,0.0018540303907317833,0.0,1.0748726497137273,0.9303427715518965,1.0,1.0,nan,nan,nan,nan,nan,nan,nan,nan,nan,nan,nan,nan,0.01914928764336329
continuous_Neumann_computational_halfcell,11.27,C,C,0.059258148664685706,0.0,0.0015216492709070083,0.0,1.0610491138005493,0.942463442072084,1.0,1.0,nan,nan,nan,nan,nan,nan,nan,nan,nan,nan,nan,nan,0.019215763867328248
continuous_Neumann_computational_halfcell,11.28,C,C,0.046335536582795094,0.0,0.0011898183970825394,0.0,1.0474258016756457,0.9547215644298861,1.0,1.0,nan,nan,nan,nan,nan,nan,nan,nan,nan,nan,nan,nan,0.01928213004209314
continuous_Neumann_computational_halfcell,11.29,C,C,0.03319279175350687,0.0,0.0008523348857368453,0.0,1.0337498184711826,0.9673520441134439,1.0,1.0,nan,nan,nan,nan,nan,nan,nan,nan,nan,nan,nan,nan,0.01934962674436228
continuous_Neumann_computational_halfcell,11.3,C,C,0.019791997274339224,0.0,0.0005082250947917208,0.0,1.0199891574353512,0.9804025785081758,1.0,1.0,nan,nan,nan,nan,nan,nan,nan,nan,nan,nan,nan,nan,0.019418448702551303
continuous_Neumann_computational_halfcell,11.31,C,C,0.006414015283258578,0.0,0.00016470109004895604,0.0,1.0064346291282242,0.9936065106048687,1.0,1.0,nan,nan,nan,nan,nan,nan,nan,nan,nan,nan,nan,nan,0.019487153503499857
continuous_Neumann_computational_halfcell,11.32,C,C,-0.007225423550531573,0.0,-0.00018553668525612906,0.0,0.9928006170663031,1.0072515899063106,1.0,1.0,nan,nan,nan,nan,nan,nan,nan,nan,nan,nan,nan,nan,0.019557201058560875
continuous_Neumann_computational_halfcell,11.33,C,C,-0.02110651397132912,0.0,-0.0005419796655746886,0.0,0.9791146696232755,1.0213308318470606,1.0,1.0,nan,nan,nan,nan,nan,nan,nan,nan,nan,nan,nan,nan,0.019628489654624586
continuous_Neumann_computational_halfcell,11.34,C,C,-0.03496961411676125,0.0,-0.0008979606859770161,0.0,0.9656347574767767,1.0355882410581618,1.0,1.0,nan,nan,nan,nan,nan,nan,nan,nan,nan,nan,nan,nan,0.01969968585870505
continuous_Neumann_computational_halfcell,11.35,C,C,-0.04913560124730232,0.0,-0.001261719333093033,0.0,0.952052021503474,1.0503627715855346,1.0,1.0,nan,nan,nan,nan,nan,nan,nan,nan,nan,nan,nan,nan,0.019772437588128255
continuous_Neumann_computational_halfcell,11.36,C,C,-0.06352307571843774,0.0,-0.0016311654013979502,0.0,0.9384524635859874,1.0655840746358414,1.0,1.0,nan,nan,nan,nan,nan,nan,nan,nan,nan,nan,nan,nan,0.019846326801789237
continuous_Neumann_computational_halfcell,11.37,C,C,-0.07790427750276585,0.0,-0.002000450397689616,0.0,0.9250529706860664,1.0810191758622743,1.0,1.0,nan,nan,nan,nan,nan,nan,nan,nan,nan,nan,nan,nan,0.01992018380104757
continuous_Neumann_computational_halfcell,11.38,C,C,-0.09262902923440741,0.0,-0.0023785571769534045,0.0,0.9115315891532122,1.0970546845545666,1.0,1.0,nan,nan,nan,nan,nan,nan,nan,nan,nan,nan,nan,nan,0.019995805156900328
continuous_Neumann_computational_halfcell,11.39,C,C,-0.10755198170478229,0.0,-0.002761753416761993,0.0,0.8980298401154648,1.1135487434041438,1.0,1.0,nan,nan,nan,nan,nan,nan,nan,nan,nan,nan,nan,nan,0.020072444404862045
continuous_Neumann_computational_halfcell,11.4,C,C,-0.1224878821167863,0.0,-0.0031452821378644396,0.0,0.8847166257712749,1.1303054230819092,1.0,1.0,nan,nan,nan,nan,nan,nan,nan,nan,nan,nan,nan,nan,0.020149150149082536
continuous_Neumann_computational_halfcell,11.41,C,C,-0.13780635489279724,0.0,-0.003538634671756827,0.0,0.8712673920788155,1.1477532719479295,1.0,1.0,nan,nan,nan,nan,nan,nan,nan,nan,nan,nan,nan,nan,0.020227820655861012
continuous_Neumann_computational_halfcell,11.42,C,C,-0.1532974232251263,0.0,-0.003936419168313444,0.0,0.8578745320535175,1.1656716252040644,1.0,1.0,nan,nan,nan,nan,nan,nan,nan,nan,nan,nan,nan,nan,0.020307377555172337
continuous_Neumann_computational_halfcell,11.43,C,C,-0.16882868527135386,0.0,-0.004335235771623763,0.0,0.8446535925929994,1.1839172990789077,1.0,1.0,nan,nan,nan,nan,nan,nan,nan,nan,nan,nan,nan,nan,0.0203871408758344
continuous_Neumann_computational_halfcell,11.44,C,C,-0.18477905205720369,0.0,-0.00474481427748842,0.0,0.8312879349218079,1.2029526208558066,1.0,1.0,nan,nan,nan,nan,nan,nan,nan,nan,nan,nan,nan,nan,0.02046905657700733
continuous_Neumann_computational_halfcell,11.45,C,C,-0.20087505296130814,0.0,-0.005158132421780113,0.0,0.8180146336748846,1.2224720180219228,1.0,1.0,nan,nan,nan,nan,nan,nan,nan,nan,nan,nan,nan,nan,0.020551720205865667
continuous_Neumann_computational_halfcell,11.46,C,C,-0.21704695665262896,0.0,-0.005573399621576072,0.0,0.8048921733754343,1.2424024398278743,1.0,1.0,nan,nan,nan,nan,nan,nan,nan,nan,nan,nan,nan,nan,0.02063477364582486
continuous_Neumann_computational_halfcell,11.47,C,C,-0.23367120632024194,0.0,-0.006000282302795818,0.0,0.7916220534389375,1.2632290821811167,1.0,1.0,nan,nan,nan,nan,nan,nan,nan,nan,nan,nan,nan,nan,0.02072015018206881
continuous_Neumann_computational_halfcell,11.48,C,C,-0.25041389254250035,0.0,-0.006430206234899805,0.0,0.7784785099330231,1.284556975228559,1.0,1.0,nan,nan,nan,nan,nan,nan,nan,nan,nan,nan,nan,nan,0.02080613496848961
continuous_Neumann_computational_halfcell,11.49,C,C,-0.2672770168259202,0.0,-0.0068632228131982045,0.0,0.7654609965169448,1.306402291625924,1.0,1.0,nan,nan,nan,nan,nan,nan,nan,nan,nan,nan,nan,nan,0.02089273828414929
continuous_Neumann_computational_halfcell,11.5,C,C,-0.28462170924065866,0.0,-0.007308605248554668,0.0,0.7522987881775561,1.329259086569181,1.0,1.0,nan,nan,nan,nan,nan,nan,nan,nan,nan,nan,nan,nan,0.020981814771220582
continuous_Neumann_computational_halfcell,11.51,C,C,-0.3020586842211941,0.0,-0.007756357344491603,0.0,0.73929467868405,1.3526406030407354,1.0,1.0,nan,nan,nan,nan,nan,nan,nan,nan,nan,nan,nan,nan,0.02107136519040797
continuous_Neumann_computational_halfcell,11.52,C,C,-0.3196697639373056,0.0,-0.00820858015626966,0.0,0.7263888772723852,1.3766730621688947,1.0,1.0,nan,nan,nan,nan,nan,nan,nan,nan,nan,nan,nan,nan,0.021161809752763577
continuous_Neumann_computational_halfcell,11.53,C,C,-0.3377869849259625,0.0,-0.008673799821910005,0.0,0.7133472254272546,1.4018418581512764,1.0,1.0,nan,nan,nan,nan,nan,nan,nan,nan,nan,nan,nan,nan,0.02125485368589165
continuous_Neumann_computational_halfcell,11.54,C,C,-0.3559728243025777,0.0,-0.009140781491972701,0.0,0.7004916563258908,1.427568752560228,1.0,1.0,nan,nan,nan,nan,nan,nan,nan,nan,nan,nan,nan,nan,0.02134825001990419
continuous_Neumann_computational_halfcell,11.55,C,C,-0.3743958429655567,0.0,-0.009613853525914498,0.0,0.6877046349009751,1.4541126368066333,1.0,1.0,nan,nan,nan,nan,nan,nan,nan,nan,nan,nan,nan,nan,0.02144286442669255
continuous_Neumann_computational_halfcell,11.56,C,C,-0.3933444201875371,0.0,-0.010100421016871811,0.0,0.6747962940914327,1.4819287076056515,1.0,1.0,nan,nan,nan,nan,nan,nan,nan,nan,nan,nan,nan,nan,0.02154017792488401
continuous_Neumann_computational_halfcell,11.57,C,C,-0.412342070357056,0.0,-0.010588248618320691,0.0,0.6620977532960951,1.5103509942780193,1.0,1.0,nan,nan,nan,nan,nan,nan,nan,nan,nan,nan,nan,nan,0.021637743445173788
continuous_Neumann_computational_halfcell,11.58,C,C,-0.43164967421874856,0.0,-0.011084035307596966,0.0,0.6494368513100167,1.5397955905687242,1.0,1.0,nan,nan,nan,nan,nan,nan,nan,nan,nan,nan,nan,nan,0.02173690078302904
continuous_Neumann_computational_halfcell,11.59,C,C,-0.4514967401771077,0.0,-0.011593674473276439,0.0,0.636674501810213,1.5706612989161157,1.0,1.0,nan,nan,nan,nan,nan,nan,nan,nan,nan,nan,nan,nan,0.021838828616164936
continuous_Neumann_computational_halfcell,11.6,C,C,-0.4713792954286564,0.0,-0.012104224944123616,0.0,0.6241407997575334,1.6022025805531068,1.0,1.0,nan,nan,nan,nan,nan,nan,nan,nan,nan,nan,nan,nan,0.021940938710334368
continuous_Neumann_computational_halfcell,11.61,C,C,-0.4916546516423246,0.0,-0.01262486188090146,0.0,0.611613549099126,1.6350193704389748,1.0,1.0,nan,nan,nan,nan,nan,nan,nan,nan,nan,nan,nan,nan,0.02204506609768994
continuous_Neumann_computational_halfcell,11.62,C,C,-0.5124776786671532,0.0,-0.013159562080020067,0.0,0.5990095853942147,1.6694223671594324,1.0,1.0,nan,nan,nan,nan,nan,nan,nan,nan,nan,nan,nan,nan,0.02215200613751366
continuous_Neumann_computational_halfcell,11.63,C,C,-0.5333306866549012,0.0,-0.013695032139679297,0.0,0.586647772175983,1.7046003537877912,1.0,1.0,nan,nan,nan,nan,nan,nan,nan,nan,nan,nan,nan,nan,0.022259100149445505
continuous_Neumann_computational_halfcell,11.64,C,C,-0.5546699665567107,0.0,-0.014242988841600693,0.0,0.5742617555095059,1.7413661808503402,1.0,1.0,nan,nan,nan,nan,nan,nan,nan,nan,nan,nan,nan,nan,0.022368691489829784
continuous_Neumann_computational_halfcell,11.65,C,C,-0.5765594592247858,0.0,-0.01480507407898089,0.0,0.5618280373775915,1.7799040515450875,1.0,1.0,nan,nan,nan,nan,nan,nan,nan,nan,nan,nan,nan,nan,0.022481108537305824
continuous_Neumann_computational_halfcell,11.66,C,C,-0.5984839811367042,0.0,-0.015368058808237824,0.0,0.5496442758760769,1.8193585267600614,1.0,1.0,nan,nan,nan,nan,nan,nan,nan,nan,nan,nan,nan,nan,0.022593705483157214
continuous_Neumann_computational_halfcell,11.67,C,C,-0.6209997432698149,0.0,-0.015946225588770086,0.0,0.5374069000082188,1.8607874219417475,1.0,1.0,nan,nan,nan,nan,nan,nan,nan,nan,nan,nan,nan,nan,0.022709338839263665
continuous_Neumann_computational_halfcell,11.68,C,C,-0.6440628718778836,0.0,-0.016538447816802943,0.0,0.5251544485831187,1.904201711892621,1.0,1.0,nan,nan,nan,nan,nan,nan,nan,nan,nan,nan,nan,nan,0.022827783284870236
continuous_Neumann_computational_halfcell,11.69,C,C,-0.6671796494047939,0.0,-0.01713204765854935,0.0,0.513153812454708,1.9487334513143892,1.0,1.0,nan,nan,nan,nan,nan,nan,nan,nan,nan,nan,nan,nan,0.02294650325321952
continuous_Neumann_computational_halfcell,11.7,C,C,-0.6910055529655459,0.0,-0.01774385666033014,0.0,0.5010719612583866,1.9957213281074657,1.0,1.0,nan,nan,nan,nan,nan,nan,nan,nan,nan,nan,nan,nan,0.023068865053575676
continuous_Neumann_computational_halfcell,11.71,C,C,-0.7153711762573014,0.0,-0.018369524754129188,0.0,0.48901056899344697,2.0449455766535807,1.0,1.0,nan,nan,nan,nan,nan,nan,nan,nan,nan,nan,nan,nan,0.023193998672335486
continuous_Neumann_computational_halfcell,11.72,C,C,-0.739826472196004,0.0,-0.018997495490196383,0.0,0.4771967152348692,2.0955718429616907,1.0,1.0,nan,nan,nan,nan,nan,nan,nan,nan,nan,nan,nan,nan,0.023319592819548925
continuous_Neumann_computational_halfcell,11.73,C,C,-0.7651240227674929,0.0,-0.019647093904089787,0.0,0.46527622255103873,2.149260915413111,1.0,1.0,nan,nan,nan,nan,nan,nan,nan,nan,nan,nan,nan,nan,0.023449512502327602
continuous_Neumann_computational_halfcell,11.74,C,C,-0.7909498357588838,0.0,-0.020310257205584385,0.0,0.45341392192866686,2.205490285226232,1.0,1.0,nan,nan,nan,nan,nan,nan,nan,nan,nan,nan,nan,nan,0.023582145162626522
continuous_Neumann_computational_halfcell,11.75,C,C,-0.8169238990792084,0.0,-0.0209772273253819,0.0,0.4417885526317991,2.263526282070582,1.0,1.0,nan,nan,nan,nan,nan,nan,nan,nan,nan,nan,nan,nan,0.02371553918658603
continuous_Neumann_computational_halfcell,11.76,C,C,-0.8438924233438581,0.0,-0.021669733524266873,0.0,0.43003338948506753,2.325400828055292,1.0,1.0,nan,nan,nan,nan,nan,nan,nan,nan,nan,nan,nan,nan,0.02385404042636302
continuous_Neumann_computational_halfcell,11.77,C,C,-0.8713754942504401,0.0,-0.022375452412717538,0.0,0.4183756799436888,2.390196294714346,1.0,1.0,nan,nan,nan,nan,nan,nan,nan,nan,nan,nan,nan,nan,0.023995184204053156
continuous_Neumann_computational_halfcell,11.78,C,C,-0.8990953260098422,0.0,-0.02308725092037992,0.0,0.4069376391625624,2.4573789784053925,1.0,1.0,nan,nan,nan,nan,nan,nan,nan,nan,nan,nan,nan,nan,0.02413754390558563
continuous_Neumann_computational_halfcell,11.79,C,C,-0.9279873294312413,0.0,-0.023829148818506705,0.0,0.3953486166861961,2.529413175596716,1.0,1.0,nan,nan,nan,nan,nan,nan,nan,nan,nan,nan,nan,nan,0.024285923485210987
continuous_Neumann_computational_halfcell,11.8,C,C,-0.9573803190933442,0.0,-0.024583911197976215,0.0,0.38389725815070674,2.6048636158985783,1.0,1.0,nan,nan,nan,nan,nan,nan,nan,nan,nan,nan,nan,nan,0.02443687596110489
continuous_Neumann_computational_halfcell,11.81,C,C,-0.9871398815307142,0.0,-0.025348086547793074,0.0,0.37264096562901877,2.683548219965558,1.0,1.0,nan,nan,nan,nan,nan,nan,nan,nan,nan,nan,nan,nan,0.024589711031068263
continuous_Neumann_computational_halfcell,11.82,C,C,-1.018285932661943,0.0,-0.0261478645878335,0.0,0.36121355420389145,2.768445392931013,1.0,1.0,nan,nan,nan,nan,nan,nan,nan,nan,nan,nan,nan,nan,0.024749666639076347
continuous_Neumann_computational_halfcell,11.83,C,C,-1.0499234493181557,0.0,-0.02696026263330136,0.0,0.34996453810979783,2.857432371294317,1.0,1.0,nan,nan,nan,nan,nan,nan,nan,nan,nan,nan,nan,nan,0.02491214624816992
continuous_Neumann_computational_halfcell,11.84,C,C,-1.082117680928265,0.0,-0.027786956179435184,0.0,0.33887713161010413,2.9509220502685096,1.0,1.0,nan,nan,nan,nan,nan,nan,nan,nan,nan,nan,nan,nan,0.025077484957396687
continuous_Neumann_computational_halfcell,11.85,C,C,-1.1159694920489898,0.0,-0.02865621357055293,0.0,0.3275975217003809,3.052526144915696,1.0,1.0,nan,nan,nan,nan,nan,nan,nan,nan,nan,nan,nan,nan,0.025251336435620234
continuous_Neumann_computational_halfcell,11.86,C,C,-1.150314006779885,0.0,-0.02953812275903667,0.0,0.3165373588953071,3.1591847593912106,1.0,1.0,nan,nan,nan,nan,nan,nan,nan,nan,nan,nan,nan,nan,0.025427718273316982
continuous_Neumann_computational_halfcell,11.87,C,C,-1.1855008892901466,0.0,-0.030441662530759882,0.0,0.3055930728598365,3.272325483826201,1.0,1.0,nan,nan,nan,nan,nan,nan,nan,nan,nan,nan,nan,nan,0.025608426227661626
continuous_Neumann_computational_halfcell,11.88,C,C,-1.2227128458726266,0.0,-0.031397202787732136,0.0,0.29443033838051136,3.396389127222465,1.0,1.0,nan,nan,nan,nan,nan,nan,nan,nan,nan,nan,nan,nan,0.025799534279056076
continuous_Neumann_computational_halfcell,11.89,C,C,-1.2604425363841527,0.0,-0.032366037578425225,0.0,0.28352852704361875,3.526981959900484,1.0,1.0,nan,nan,nan,nan,nan,nan,nan,nan,nan,nan,nan,nan,0.02599330123719469
continuous_Neumann_computational_halfcell,11.9,C,C,-1.2994698032239125,0.0,-0.03336819193981526,0.0,0.2726763268243496,3.6673517339998924,1.0,1.0,nan,nan,nan,nan,nan,nan,nan,nan,nan,nan,nan,nan,0.026193732109472703
continuous_Neumann_computational_halfcell,11.91,C,C,-1.341074038054783,0.0,-0.03443651849107597,0.0,0.26156458734078475,3.8231475069563974,1.0,1.0,nan,nan,nan,nan,nan,nan,nan,nan,nan,nan,nan,nan,0.026407397419724844
continuous_Neumann_computational_halfcell,11.92,C,C,-1.3832748696821895,0.0,-0.03552016464142863,0.0,0.25075601367343014,3.9879402505669956,1.0,1.0,nan,nan,nan,nan,nan,nan,nan,nan,nan,nan,nan,nan,0.02662412664979537
continuous_Neumann_computational_halfcell,11.93,C,C,-1.4275863778655484,0.0,-0.0366580094043748,0.0,0.23988722117225741,4.1686255529298215,1.0,1.0,nan,nan,nan,nan,nan,nan,nan,nan,nan,nan,nan,nan,0.02685169560238461
continuous_Neumann_computational_halfcell,11.94,C,C,-1.475449763142148,0.0,-0.03788706037796152,0.0,0.2286758539420892,4.373002145881323,1.0,1.0,nan,nan,nan,nan,nan,nan,nan,nan,nan,nan,nan,nan,0.02709750579710195
continuous_Neumann_computational_halfcell,11.95,C,C,-1.5241339322620586,0.0,-0.03913718769572859,0.0,0.21780961308112232,4.5911655865600105,1.0,1.0,nan,nan,nan,nan,nan,nan,nan,nan,nan,nan,nan,nan,0.027347531260655367
continuous_Neumann_computational_halfcell,11.96,C,C,-1.5767638398201298,0.0,-0.040488634918908,0.0,0.20664274634122057,4.8392697914919385,1.0,1.0,nan,nan,nan,nan,nan,nan,nan,nan,nan,nan,nan,nan,0.027617820705291247
continuous_Neumann_computational_halfcell,11.97,C,C,-1.635286992258587,0.0,-0.041991410726891144,0.0,0.19489642950564123,5.130930323026032,1.0,1.0,nan,nan,nan,nan,nan,nan,nan,nan,nan,nan,nan,nan,0.027918375866887876
continuous_Neumann_computational_halfcell,11.98,C,C,-1.6954999004859523,0.0,-0.04353757661239345,0.0,0.1835074706208534,5.4493694268508,1.0,1.0,nan,nan,nan,nan,nan,nan,nan,nan,nan,nan,nan,nan,0.028227609043988335
continuous_Neumann_computational_halfcell,11.99,C,C,-1.7678569448504255,0.0,-0.0453955834229876,0.0,0.17069841323673077,5.858285270719908,1.0,1.0,nan,nan,nan,nan,nan,nan,nan,nan,nan,nan,nan,nan,0.02859921040610717
continuous_Neumann_computational_halfcell,12.0,Pd,Pd,-1.862492199595419,0.0,-0.04782565708593067,0.0,0.1552851461461441,6.439765971298157,1.0,1.0,nan,-0.18857387430652106,nan,-0.3670000000000003,-0.18857387430652106,-0.3670000000000003,nan,-0.046914839369146435,nan,-0.23512070815744993,-0.046914839369146435,-0.23512070815744993,-0.06728693715326056
continuous_Neumann_computational_halfcell,12.005,Pd,Pd,-1.9118045213970163,0.0,-0.04909191430467584,0.0,0.14781341332131068,6.765285893413755,1.0,1.0,nan,-0.18730761708777588,nan,-0.3670000000000003,-0.18730761708777588,-0.3670000000000003,nan,-0.048085957507032324,nan,-0.23512070815744993,-0.048085957507032324,-0.23512070815744993,-0.06665380854388797
continuous_Neumann_computational_halfcell,12.01,Pd,Pd,-1.95672873758347,0.0,-0.05024549237531381,0.0,0.14131996027604496,7.076141247468984,1.0,1.0,nan,-0.18615403901713792,nan,-0.3670000000000003,-0.18615403901713792,-0.3670000000000003,nan,-0.04917829161838821,nan,-0.23512070815744993,-0.04917829161838821,-0.23512070815744993,-0.066077019508569
continuous_Neumann_computational_halfcell,12.015,Pd,Pd,-1.9952242550420642,0.0,-0.05123399230982098,0.0,0.13598315583894238,7.353851981376237,1.0,1.0,nan,-0.18516553908263075,nan,-0.3670000000000003,-0.18516553908263075,-0.3670000000000003,nan,-0.05013403193326653,nan,-0.23512070815744993,-0.05013403193326653,-0.23512070815744993,-0.06558276954131541
continuous_Neumann_computational_halfcell,12.02,Pd,Pd,-2.028151916375018,0.0,-0.052079519093714936,0.0,0.13157846459526296,7.600027885079923,1.0,1.0,nan,-0.1843200122987368,nan,-0.3670000000000003,-0.1843200122987368,-0.3670000000000003,nan,-0.05096626219625469,nan,-0.23512070815744993,-0.05096626219625469,-0.23512070815744993,-0.06516000614936843
continuous_Neumann_computational_halfcell,12.025,Pd,Pd,-2.0580566537980634,0.0,-0.0528474222922089,0.0,0.12770189791009406,7.830737180617549,1.0,1.0,nan,-0.18355210910024283,nan,-0.3670000000000003,-0.18355210910024283,-0.3670000000000003,nan,-0.05173405439169305,nan,-0.23512070815744993,-0.05173405439169305,-0.23512070815744993,-0.06477605455012145
continuous_Neumann_computational_halfcell,12.03,Pd,Pd,-2.0871619458857307,0.0,-0.053594797083401584,0.0,0.1240386651958922,8.0620022669602,1.0,1.0,nan,-0.18280473430905014,nan,-0.3670000000000003,-0.18280473430905014,-0.3670000000000003,nan,-0.05249242655054015,nan,-0.23512070815744993,-0.05249242655054015,-0.23512070815744993,-0.0644023671545251
continuous_Neumann_computational_halfcell,12.035,Pd,Pd,-2.1161117397114957,0.0,-0.054338178941602214,0.0,0.12049925125628799,8.298806752525918,1.0,1.0,nan,-0.18206135245084953,nan,-0.3670000000000003,-0.18206135245084953,-0.3670000000000003,nan,-0.05325777481910875,nan,-0.23512070815744993,-0.05325777481910875,-0.23512070815744993,-0.0640306762254248
continuous_Neumann_computational_halfcell,12.04,Pd,Pd,-2.144200405254642,0.0,-0.05505944847849462,0.0,0.11716168146520044,8.535213795962989,1.0,1.0,nan,-0.18134008291395712,nan,-0.3670000000000003,-0.18134008291395712,-0.3670000000000003,nan,-0.054011021775766534,nan,-0.23512070815744993,-0.054011021775766534,-0.23512070815744993,-0.06367004145697859
continuous_Neumann_computational_halfcell,12.045,Pd,Pd,-2.1705627473477005,0.0,-0.055736388942029716,0.0,0.11411338183550747,8.763214128922085,1.0,1.0,nan,-0.18066314245042203,nan,-0.3670000000000003,-0.18066314245042203,-0.3670000000000003,nan,-0.054727663001542914,nan,-0.23512070815744993,-0.054727663001542914,-0.23512070815744993,-0.06333157122521105
continuous_Neumann_computational_halfcell,12.05,Pd,Pd,-2.1951444305327588,0.0,-0.056367605089329,0.0,0.11134247908997104,8.981298136822904,1.0,1.0,nan,-0.18003192630312273,nan,-0.3670000000000003,-0.18003192630312273,-0.3670000000000003,nan,-0.05540446273736641,nan,-0.23512070815744993,-0.05540446273736641,-0.23512070815744993,-0.0630159631515614
continuous_Neumann_computational_halfcell,12.055,Pd,Pd,-2.2186931911419485,0.0,-0.05697229752773944,0.0,0.10875113294941566,9.195306502830995,1.0,1.0,nan,-0.1794272338647123,nan,-0.3670000000000003,-0.1794272338647123,-0.3670000000000003,nan,-0.05606067159738129,nan,-0.23512070815744993,-0.05606067159738129,-0.23512070815744993,-0.06271361693235618
continuous_Neumann_computational_halfcell,12.06,Pd,Pd,-2.241994751909562,0.0,-0.0575706422913207,0.0,0.10624635773466029,9.412087353595693,1.0,1.0,nan,-0.17882888910113104,nan,-0.3670000000000003,-0.17882888910113104,-0.3670000000000003,nan,-0.05671764184693011,nan,-0.23512070815744993,-0.05671764184693011,-0.23512070815744993,-0.06241444455056555
continuous_Neumann_computational_halfcell,12.065,Pd,Pd,-2.2651972707454266,0.0,-0.058166443825208976,0.0,0.10380955393266424,9.63302472765317,1.0,1.0,nan,-0.17823308756724277,nan,-0.3670000000000003,-0.17823308756724277,-0.3670000000000003,nan,-0.057379469517931145,nan,-0.23512070815744993,-0.057379469517931145,-0.23512070815744993,-0.062116543783621414
continuous_Neumann_computational_halfcell,12.07,Pd,Pd,-2.287837890064875,0.0,-0.05874781672761374,0.0,0.10148564794397806,9.853610044959444,1.0,1.0,nan,-0.17765171466483798,nan,-0.3670000000000003,-0.17765171466483798,-0.3670000000000003,nan,-0.05803271336625503,nan,-0.23512070815744993,-0.05803271336625503,-0.23512070815744993,-0.06182585733241903
continuous_Neumann_computational_halfcell,12.075,Pd,Pd,-2.3094370410608978,0.0,-0.05930244648075173,0.0,0.09931714730054492,10.068754763705476,1.0,1.0,nan,-0.1770970849117,nan,-0.3670000000000003,-0.1770970849117,-0.3670000000000003,nan,-0.0586628384530097,nan,-0.23512070815744993,-0.0586628384530097,-0.23512070815744993,-0.061548542455850036
continuous_Neumann_computational_halfcell,12.08,Pd,Pd,-2.330014627783415,0.0,-0.059830844187040585,0.0,0.09729432387882639,10.278091877645744,1.0,1.0,nan,-0.17656868720541113,nan,-0.3670000000000003,-0.17656868720541113,-0.3670000000000003,nan,-0.05926952395478828,nan,-0.23512070815744993,-0.05926952395478828,-0.23512070815744993,-0.061284343602705606
continuous_Neumann_computational_halfcell,12.085,Pd,Pd,-2.350046362478004,0.0,-0.060345225334273236,0.0,0.09536474076735958,10.486055872992727,1.0,1.0,nan,-0.1760543060581785,nan,-0.3670000000000003,-0.1760543060581785,-0.3670000000000003,nan,-0.05986614248287067,nan,-0.23512070815744993,-0.05986614248287067,-0.23512070815744993,-0.06102715302908928
continuous_Neumann_computational_halfcell,12.09,Pd,Pd,-2.369976333990188,0.0,-0.06085699337468765,0.0,0.09348293862002237,10.697139122515965,1.0,1.0,nan,-0.1755425380177641,nan,-0.3670000000000003,-0.1755425380177641,-0.3670000000000003,nan,-0.06046569002002389,nan,-0.23512070815744993,-0.06046569002002389,-0.23512070815744993,-0.06077126900888208
continuous_Neumann_computational_halfcell,12.095,Pd,Pd,-2.389814442162594,0.0,-0.0613664025195384,0.0,0.09164668806106833,10.911469046580873,1.0,1.0,nan,-0.17503312887291333,nan,-0.3670000000000003,-0.17503312887291333,-0.3670000000000003,nan,-0.06106843686708533,nan,-0.23512070815744993,-0.06106843686708533,-0.23512070815744993,-0.0605165644364567
continuous_Neumann_computational_halfcell,12.1,Pd,Pd,-2.409202928733265,0.0,-0.06186426614030713,0.0,0.08988691230128983,11.12509012044071,1.0,1.0,nan,-0.1745352652521446,nan,-0.3670000000000003,-0.1745352652521446,-0.3670000000000003,nan,-0.0616633280019246,nan,-0.23512070815744993,-0.0616633280019246,-0.23512070815744993,-0.060267632626072334
continuous_Neumann_computational_halfcell,12.105,Pd,Pd,-2.427836059752579,0.0,-0.06234273350503515,0.0,0.08822754529869442,11.33432871349304,1.0,1.0,nan,-0.17405679788741657,nan,-0.3670000000000003,-0.17405679788741657,-0.3670000000000003,nan,-0.062240502905884496,nan,-0.23512070815744993,-0.062240502905884496,-0.23512070815744993,-0.06002839894370832
continuous_Neumann_computational_halfcell,12.11,Pd,Pd,-2.4457830000016343,0.0,-0.06280358064859874,0.0,0.08665825491644365,11.539581554742885,1.0,1.0,nan,-0.17359595074385298,nan,-0.3670000000000003,-0.17359595074385298,-0.3670000000000003,nan,-0.06280152961281071,nan,-0.23512070815744993,-0.06280152961281071,-0.23512070815744993,-0.05979797537192653
continuous_Neumann_computational_halfcell,12.115,Pd,Pd,-2.463404227426969,0.0,-0.06325606403642732,0.0,0.08514460544550632,11.744725279630467,1.0,1.0,nan,-0.17314346735602443,nan,-0.3670000000000003,-0.17314346735602443,-0.3670000000000003,nan,-0.06335729434981309,nan,-0.23512070815744993,-0.06335729434981309,-0.23512070815744993,-0.05957173367801224
continuous_Neumann_computational_halfcell,12.12,Pd,Pd,-2.480983078532301,0.0,-0.06370745927186018,0.0,0.08366093987817717,11.95300939071626,1.0,1.0,nan,-0.17269207212059157,nan,-0.3670000000000003,-0.17269207212059157,-0.3670000000000003,nan,-0.063916623059887,nan,-0.23512070815744993,-0.063916623059887,-0.23512070815744993,-0.05934603606029581
continuous_Neumann_computational_halfcell,12.125,Pd,Pd,-2.4984653679413444,0.0,-0.06415637496586177,0.0,0.08221106560279376,12.163812653050167,1.0,1.0,nan,-0.17224315642658997,nan,-0.3670000000000003,-0.17224315642658997,-0.3670000000000003,nan,-0.06447777649975929,nan,-0.23512070815744993,-0.06447777649975929,-0.23512070815744993,-0.059121578213295015
continuous_Neumann_computational_halfcell,12.13,Pd,Pd,-2.515558055954102,0.0,-0.06459528635338464,0.0,0.08081779876616352,12.373511964776206,1.0,1.0,nan,-0.1718042450390671,nan,-0.3670000000000003,-0.1718042450390671,-0.3670000000000003,nan,-0.06503118720922034,nan,-0.23512070815744993,-0.06503118720922034,-0.23512070815744993,-0.05890212251953358
continuous_Neumann_computational_halfcell,12.135,Pd,Pd,-2.532058605734006,0.0,-0.06501899263020794,0.0,0.07949520244599749,12.579375474630911,1.0,1.0,nan,-0.1713805387622438,nan,-0.3670000000000003,-0.1713805387622438,-0.3670000000000003,nan,-0.06556993171937678,nan,-0.23512070815744993,-0.06556993171937678,-0.23512070815744993,-0.05869026938112193
continuous_Neumann_computational_halfcell,12.14,Pd,Pd,-2.5480662741343227,0.0,-0.06543004254484658,0.0,0.0782328006176986,12.782362284161536,1.0,1.0,nan,-0.17096948884760516,nan,-0.3670000000000003,-0.17096948884760516,-0.3670000000000003,nan,-0.06609684844551711,nan,-0.23512070815744993,-0.06609684844551711,-0.23512070815744993,-0.05848474442380261
continuous_Neumann_computational_halfcell,12.145,Pd,Pd,-2.563872036736452,0.0,-0.06583590785926523,0.0,0.07700599240334666,12.986002371895156,1.0,1.0,nan,-0.1705636235331865,nan,-0.3670000000000003,-0.1705636235331865,-0.3670000000000003,nan,-0.06662127349819345,nan,-0.23512070815744993,-0.06662127349819345,-0.23512070815744993,-0.058281811766593285
continuous_Neumann_computational_halfcell,12.15,Pd,Pd,-2.5796619215746652,0.0,-0.06624136545949719,0.0,0.07579962590966637,13.192677246082223,1.0,1.0,nan,-0.17015816593295455,nan,-0.3670000000000003,-0.17015816593295455,-0.3670000000000003,nan,-0.06714932634697016,nan,-0.23512070815744993,-0.06714932634697016,-0.23512070815744993,-0.058079082966477305
continuous_Neumann_computational_halfcell,12.155,Pd,Pd,-2.5953465779942153,0.0,-0.06664412097149074,0.0,0.07462000993900485,13.401231128452142,1.0,1.0,nan,-0.16975541042096098,nan,-0.3670000000000003,-0.16975541042096098,-0.3670000000000003,nan,-0.06767800372444219,nan,-0.23512070815744993,-0.06767800372444219,-0.23512070815744993,-0.05787770521048053
continuous_Neumann_computational_halfcell,12.16,Pd,Pd,-2.6106807296344634,0.0,-0.06703787611216165,0.0,0.07348450365378582,13.608311280312789,1.0,1.0,nan,-0.16936165528029007,nan,-0.3670000000000003,-0.16936165528029007,-0.3670000000000003,nan,-0.06819889039751025,nan,-0.23512070815744993,-0.06819889039751025,-0.23512070815744993,-0.05768082764014507
continuous_Neumann_computational_halfcell,12.165,Pd,Pd,-2.6255322910589847,0.0,-0.06741923915037147,0.0,0.07240120825976129,13.8119241934775,1.0,1.0,nan,-0.16898029224208028,nan,-0.3670000000000003,-0.16898029224208028,-0.3670000000000003,nan,-0.06870720538443527,nan,-0.23512070815744993,-0.06870720538443527,-0.23512070815744993,-0.05749014612104016
continuous_Neumann_computational_halfcell,12.17,Pd,Pd,-2.640018716724617,0.0,-0.06779122611838984,0.0,0.07135993391965487,14.01346589146108,1.0,1.0,nan,-0.1686083052740619,nan,-0.3670000000000003,-0.1686083052740619,-0.3670000000000003,nan,-0.06920667298758314,nan,-0.23512070815744993,-0.06920667298758314,-0.23512070815744993,-0.05730415263703098
continuous_Neumann_computational_halfcell,12.175,Pd,Pd,-2.654380578653818,0.0,-0.06816001449983414,0.0,0.07034239675552227,14.216177527694128,1.0,1.0,nan,-0.1682395168926176,nan,-0.3670000000000003,-0.1682395168926176,-0.3670000000000003,nan,-0.06970542995504199,nan,-0.23512070815744993,-0.06970542995504199,-0.23512070815744993,-0.05711975844630883
continuous_Neumann_computational_halfcell,12.18,Pd,Pd,-2.668736905407983,0.0,-0.06852866074732307,0.0,0.06933975268666105,14.421741659779107,1.0,1.0,nan,-0.16787087064512868,nan,-0.3670000000000003,-0.16787087064512868,-0.3670000000000003,nan,-0.07020758704617135,nan,-0.23512070815744993,-0.07020758704617135,-0.23512070815744993,-0.056935435322564364
continuous_Neumann_computational_halfcell,12.185,Pd,Pd,-2.682978224956077,0.0,-0.0688943538038128,0.0,0.06835926142741972,14.628595732587714,1.0,1.0,nan,-0.16750517758863892,nan,-0.3670000000000003,-0.16750517758863892,-0.3670000000000003,nan,-0.07070929551486442,nan,-0.23512070815744993,-0.07070929551486442,-0.23512070815744993,-0.0567525887943195
continuous_Neumann_computational_halfcell,12.19,Pd,Pd,-2.6968983423337356,0.0,-0.06925179893053302,0.0,0.06741428483597013,14.833651390549672,1.0,1.0,nan,-0.16714773246191872,nan,-0.3670000000000003,-0.16714773246191872,-0.3670000000000003,nan,-0.07120315300642029,nan,-0.23512070815744993,-0.07120315300642029,-0.23512070815744993,-0.05657386623095939
continuous_Neumann_computational_halfcell,12.195,Pd,Pd,-2.710417178776554,0.0,-0.06959893983993144,0.0,0.06650905476056136,15.035546717662593,1.0,1.0,nan,-0.1668005915525203,nan,-0.3670000000000003,-0.1668005915525203,-0.3670000000000003,nan,-0.07168607519407691,nan,-0.23512070815744993,-0.07168607519407691,-0.23512070815744993,-0.05640029577626018
continuous_Neumann_computational_halfcell,12.2,Pd,Pd,-2.723662372480103,0.0,-0.06993905406550524,0.0,0.06563393778794507,15.236020170401373,1.0,1.0,nan,-0.1664604773269465,nan,-0.3670000000000003,-0.1664604773269465,-0.3670000000000003,nan,-0.07216239867826366,nan,-0.23512070815744993,-0.07216239867826366,-0.23512070815744993,-0.05623023866347328
continuous_Neumann_computational_halfcell,12.205,Pd,Pd,-2.7368338538720245,0.0,-0.0702772754832919,0.0,0.06477511003092054,15.438028581080722,1.0,1.0,nan,-0.16612225590915983,nan,-0.3670000000000003,-0.16612225590915983,-0.3670000000000003,nan,-0.07263920987806609,nan,-0.23512070815744993,-0.07263920987806609,-0.23512070815744993,-0.056061127954579945
continuous_Neumann_computational_halfcell,12.21,Pd,Pd,-2.750001083159905,0.0,-0.0706153877142214,0.0,0.06392779196264901,15.642648827669012,1.0,1.0,nan,-0.16578414367823033,nan,-0.3670000000000003,-0.16578414367823033,-0.3670000000000003,nan,-0.07311901614065364,nan,-0.23512070815744993,-0.07311901614065364,-0.23512070815744993,-0.055892071839115195
continuous_Neumann_computational_halfcell,12.215,Pd,Pd,-2.7630437631748404,0.0,-0.07095030172997477,0.0,0.06309941609171582,15.848007191484735,1.0,1.0,nan,-0.16544922966247697,nan,-0.3670000000000003,-0.16544922966247697,-0.3670000000000003,nan,-0.07359740828943229,nan,-0.23512070815744993,-0.07359740828943229,-0.23512070815744993,-0.055724614831238514
continuous_Neumann_computational_halfcell,12.22,Pd,Pd,-2.7757896360357375,0.0,-0.07127759423881778,0.0,0.062300262729185395,16.051296675054576,1.0,1.0,nan,-0.16512193715363394,nan,-0.3670000000000003,-0.16512193715363394,-0.3670000000000003,nan,-0.07406793762817086,nan,-0.23512070815744993,-0.07406793762817086,-0.23512070815744993,-0.055560968576817006
continuous_Neumann_computational_halfcell,12.225,Pd,Pd,-2.788198726795864,0.0,-0.07159623875156845,0.0,0.06153195000482534,16.251719633809426,1.0,1.0,nan,-0.16480329264088328,nan,-0.3670000000000003,-0.16480329264088328,-0.3670000000000003,nan,-0.07452892413538587,nan,-0.23512070815744993,-0.07452892413538587,-0.23512070815744993,-0.05540164632044167
continuous_Neumann_computational_halfcell,12.23,Pd,Pd,-2.800403027046327,0.0,-0.07190962458957582,0.0,0.060785559463341306,16.451275744251106,1.0,1.0,nan,-0.1644899068028759,nan,-0.3670000000000003,-0.1644899068028759,-0.3670000000000003,nan,-0.07498510123417661,nan,-0.23512070815744993,-0.07498510123417661,-0.23512070815744993,-0.055244953401437986
continuous_Neumann_computational_halfcell,12.235,Pd,Pd,-2.812567614130245,0.0,-0.07222199066047467,0.0,0.06005060748844304,16.65262087802282,1.0,1.0,nan,-0.16417754073197705,nan,-0.3670000000000003,-0.16417754073197705,-0.3670000000000003,nan,-0.07544257245797353,nan,-0.23512070815744993,-0.07544257245797353,-0.23512070815744993,-0.05508877036598856
continuous_Neumann_computational_halfcell,12.24,Pd,Pd,-2.824723801842106,0.0,-0.07253414104967146,0.0,0.05932504003360344,16.856288667206474,1.0,1.0,nan,-0.16386539034278028,nan,-0.3670000000000003,-0.16386539034278028,-0.3670000000000003,nan,-0.07590251586773053,nan,-0.23512070815744993,-0.07590251586773053,-0.23512070815744993,-0.05493269517139017
continuous_Neumann_computational_halfcell,12.245,Pd,Pd,-2.836746879656612,0.0,-0.07284287340130167,0.0,0.058616041175870666,17.0601763602495,1.0,1.0,nan,-0.16355665799115005,nan,-0.3670000000000003,-0.16355665799115005,-0.3670000000000003,nan,-0.07636018105278024,nan,-0.23512070815744993,-0.07636018105278024,-0.23512070815744993,-0.05477832899557506
continuous_Neumann_computational_halfcell,12.25,Pd,Pd,-2.848495052398585,0.0,-0.07314454665451901,0.0,0.05793143908452229,17.261784202201405,1.0,1.0,nan,-0.1632549847379327,nan,-0.3670000000000003,-0.1632549847379327,-0.3670000000000003,nan,-0.07681004733473805,nan,-0.23512070815744993,-0.07681004733473805,-0.23512070815744993,-0.05462749236896639
continuous_Neumann_computational_halfcell,12.255,Pd,Pd,-2.859959942732953,0.0,-0.07343894569349399,0.0,0.05727105434143766,17.460827489541504,1.0,1.0,nan,-0.16296058569895774,nan,-0.3670000000000003,-0.16296058569895774,-0.3670000000000003,nan,-0.07725162115903099,nan,-0.23512070815744993,-0.07725162115903099,-0.23512070815744993,-0.054480292849478903
continuous_Neumann_computational_halfcell,12.26,Pd,Pd,-2.8712734240297433,0.0,-0.0737294568038578,0.0,0.056626770756509855,17.659491908869608,1.0,1.0,nan,-0.16267007458859395,nan,-0.3670000000000003,-0.16267007458859395,-0.3670000000000003,nan,-0.07768985185472292,nan,-0.23512070815744993,-0.07768985185472292,-0.23512070815744993,-0.054335037294297
continuous_Neumann_computational_halfcell,12.265,Pd,Pd,-2.882569630906891,0.0,-0.07401952433627246,0.0,0.05599070238296729,17.860108150816945,1.0,1.0,nan,-0.16238000705617928,nan,-0.3670000000000003,-0.16238000705617928,-0.3670000000000003,nan,-0.0781298937052538,nan,-0.23512070815744993,-0.0781298937052538,-0.23512070815744993,-0.05419000352808967
continuous_Neumann_computational_halfcell,12.27,Pd,Pd,-2.893849982824245,0.0,-0.07430918474007182,0.0,0.05536265650494725,18.062717057492343,1.0,1.0,nan,-0.16209034665237992,nan,-0.3670000000000003,-0.16209034665237992,-0.3670000000000003,nan,-0.078571805110936,nan,-0.23512070815744993,-0.078571805110936,-0.23512070815744993,-0.05404517332618999
continuous_Neumann_computational_halfcell,12.275,Pd,Pd,-2.9049900924111487,0.0,-0.07459524395745737,0.0,0.054749333032684755,18.265062688581263,1.0,1.0,nan,-0.16180428743499436,nan,-0.3670000000000003,-0.16180428743499436,-0.3670000000000003,nan,-0.0790106755020062,nan,-0.23512070815744993,-0.0790106755020062,-0.23512070815744993,-0.053902143717497214
continuous_Neumann_computational_halfcell,12.28,Pd,Pd,-2.915875970636172,0.0,-0.07487477494243668,0.0,0.05415657068339751,18.464980100864558,1.0,1.0,nan,-0.16152475645001507,nan,-0.3670000000000003,-0.16152475645001507,-0.3670000000000003,nan,-0.07944189829309815,nan,-0.23512070815744993,-0.07944189829309815,-0.23512070815744993,-0.05376237822500756
continuous_Neumann_computational_halfcell,12.285,Pd,Pd,-2.9265242708720507,0.0,-0.07514820532552219,0.0,0.053582954696644494,18.662651316289256,1.0,1.0,nan,-0.16125132606692955,nan,-0.3670000000000003,-0.16125132606692955,-0.3670000000000003,nan,-0.0798659868390179,nan,-0.23512070815744993,-0.0798659868390179,-0.23512070815744993,-0.053625663033464804
continuous_Neumann_computational_halfcell,12.29,Pd,Pd,-2.937063213008294,0.0,-0.07541882757712996,0.0,0.05302121232214922,18.860375992992097,1.0,1.0,nan,-0.16098070381532176,nan,-0.3670000000000003,-0.16098070381532176,-0.3670000000000003,nan,-0.08028794912863502,nan,-0.23512070815744993,-0.08028794912863502,-0.23512070815744993,-0.05349035190766092
continuous_Neumann_computational_halfcell,12.295,Pd,Pd,-2.947598968293935,0.0,-0.07568936799579148,0.0,0.05246552623069853,19.06013475597014,1.0,1.0,nan,-0.16071016339666025,nan,-0.3670000000000003,-0.16071016339666025,-0.3670000000000003,nan,-0.08071201219635016,nan,-0.23512070815744993,-0.08071201219635016,-0.23512070815744993,-0.053355081698330156
continuous_Neumann_computational_halfcell,12.3,Pd,Pd,-2.958109477144797,0.0,-0.0759592601286064,0.0,0.05191697468074735,19.261522963333135,1.0,1.0,nan,-0.16044027126384533,nan,-0.3670000000000003,-0.16044027126384533,-0.3670000000000003,nan,-0.08113729085062772,nan,-0.23512070815744993,-0.08113729085062772,-0.23512070815744993,-0.053220135631922696
continuous_Neumann_computational_halfcell,12.305,Pd,Pd,-2.9684743125165767,0.0,-0.07622541161227465,0.0,0.05138164289065821,19.462203692630695,1.0,1.0,nan,-0.1601741197801771,nan,-0.3670000000000003,-0.1601741197801771,-0.3670000000000003,nan,-0.08155886963685212,nan,-0.23512070815744993,-0.08155886963685212,-0.23512070815744993,-0.05308705989008857
continuous_Neumann_computational_halfcell,12.31,Pd,Pd,-2.978605026222432,0.0,-0.07648555124659755,0.0,0.050863737979420634,19.660371803672746,1.0,1.0,nan,-0.15991398014585417,nan,-0.3670000000000003,-0.15991398014585417,-0.3670000000000003,nan,-0.08197304249718768,nan,-0.23512070815744993,-0.08197304249718768,-0.23512070815744993,-0.052956990072927125
continuous_Neumann_computational_halfcell,12.315,Pd,Pd,-2.9885379366588634,0.0,-0.07674061162671683,0.0,0.05036101391549595,19.85662960793374,1.0,1.0,nan,-0.1596589197657349,nan,-0.3670000000000003,-0.1596589197657349,-0.3670000000000003,nan,-0.08238117057787289,nan,-0.23512070815744993,-0.08238117057787289,-0.23512070815744993,-0.05282945988286748
continuous_Neumann_computational_halfcell,12.32,Pd,Pd,-2.9983947827516957,0.0,-0.07699371880283655,0.0,0.049867051606813366,20.053321136462966,1.0,1.0,nan,-0.15940581258961517,nan,-0.3670000000000003,-0.15940581258961517,-0.3670000000000003,nan,-0.08278818197588003,nan,-0.23512070815744993,-0.08278818197588003,-0.23512070815744993,-0.052702906294807624
continuous_Neumann_computational_halfcell,12.325,Pd,Pd,-3.0082562909504365,0.0,-0.07724694569396957,0.0,0.04937770408655794,20.2520554266157,1.0,1.0,nan,-0.15915258569848217,nan,-0.3670000000000003,-0.15915258569848217,-0.3670000000000003,nan,-0.08319739818670839,nan,-0.23512070815744993,-0.08319739818670839,-0.23512070815744993,-0.05257629284924111
continuous_Neumann_computational_halfcell,12.33,Pd,Pd,-3.018082182474488,0.0,-0.07749925800899293,0.0,0.0488948999972813,20.45203078553393,1.0,1.0,nan,-0.1589002733834588,nan,-0.3670000000000003,-0.1589002733834588,-0.3670000000000003,nan,-0.08360714820717573,nan,-0.23512070815744993,-0.08360714820717573,-0.23512070815744993,-0.05245013669172943
continuous_Neumann_computational_halfcell,12.335,Pd,Pd,-3.027758827842357,0.0,-0.07774773793454987,0.0,0.04842404322087957,20.6508984687346,1.0,1.0,nan,-0.15865179345790187,nan,-0.3670000000000003,-0.15865179345790187,-0.3670000000000003,nan,-0.08401264674423228,nan,-0.23512070815744993,-0.08401264674423228,-0.23512070815744993,-0.052325896728950966
continuous_Neumann_computational_halfcell,12.34,Pd,Pd,-3.0372212209190526,0.0,-0.07799071622277928,0.0,0.047967996936902596,20.847232818902285,1.0,1.0,nan,-0.15840881516967245,nan,-0.3670000000000003,-0.15840881516967245,-0.3670000000000003,nan,-0.08441106885113543,nan,-0.23512070815744993,-0.08441106885113543,-0.23512070815744993,-0.05220440758483626
continuous_Neumann_computational_halfcell,12.345,Pd,Pd,-3.046520784486482,0.0,-0.07822951332395442,0.0,0.0475239832667842,21.04200724056157,1.0,1.0,nan,-0.15817001806849731,nan,-0.3670000000000003,-0.15817001806849731,-0.3670000000000003,nan,-0.08480447582090074,nan,-0.23512070815744993,-0.08480447582090074,-0.23512070815744993,-0.05208500903424869
continuous_Neumann_computational_halfcell,12.35,Pd,Pd,-3.055770526233049,0.0,-0.07846703108483462,0.0,0.04708642546284076,21.23754330829744,1.0,1.0,nan,-0.15793250030761713,nan,-0.3670000000000003,-0.15793250030761713,-0.3670000000000003,nan,-0.08519759393058238,nan,-0.23512070815744993,-0.08519759393058238,-0.23512070815744993,-0.05196625015380859
continuous_Neumann_computational_halfcell,12.355,Pd,Pd,-3.0650280317538137,0.0,-0.07870474820633631,0.0,0.04665253409379166,21.43506284116464,1.0,1.0,nan,-0.1576947831861154,nan,-0.3670000000000003,-0.1576947831861154,-0.3670000000000003,nan,-0.08559286663273427,nan,-0.23512070815744993,-0.08559286663273427,-0.23512070815744993,-0.05184739159305774
continuous_Neumann_computational_halfcell,12.36,Pd,Pd,-3.074239275615755,0.0,-0.07894127740649715,0.0,0.046224779326684624,21.633418581248268,1.0,1.0,nan,-0.1574582539859546,nan,-0.3670000000000003,-0.1574582539859546,-0.3670000000000003,nan,-0.08598798419906926,nan,-0.23512070815744993,-0.08598798419906926,-0.23512070815744993,-0.051729126992977326
continuous_Neumann_computational_halfcell,12.365,Pd,Pd,-3.083299630550192,0.0,-0.07917393203359589,0.0,0.045807857998910025,21.83031566382769,1.0,1.0,nan,-0.15722559935885583,nan,-0.3670000000000003,-0.15722559935885583,-0.3670000000000003,nan,-0.0863784087059841,nan,-0.23512070815744993,-0.0863784087059841,-0.23512070815744993,-0.05161279967942795
continuous_Neumann_computational_halfcell,12.37,Pd,Pd,-3.092165480766949,0.0,-0.07940159210773418,0.0,0.04540352740684793,22.024720481280852,1.0,1.0,nan,-0.15699793928471756,nan,-0.3670000000000003,-0.15699793928471756,-0.3670000000000003,nan,-0.08676216768172672,nan,-0.23512070815744993,-0.08676216768172672,-0.23512070815744993,-0.05149896964235881
continuous_Neumann_computational_halfcell,12.375,Pd,Pd,-3.1008993777943132,0.0,-0.07962586384661463,0.0,0.04500870435552142,22.21792460633952,1.0,1.0,nan,-0.1567736675458371,nan,-0.3670000000000003,-0.1567736675458371,-0.3670000000000003,nan,-0.08714188209413583,nan,-0.23512070815744993,-0.08714188209413583,-0.23512070815744993,-0.05138683377291858
continuous_Neumann_computational_halfcell,12.38,Pd,Pd,-3.1096038457009136,0.0,-0.07984937989532989,0.0,0.0446186277007356,22.412163966744178,1.0,1.0,nan,-0.15655015149712184,nan,-0.3670000000000003,-0.15655015149712184,-0.3670000000000003,nan,-0.08752197046893803,nan,-0.23512070815744993,-0.08752197046893803,-0.23512070815744993,-0.05127507574856095
continuous_Neumann_computational_halfcell,12.385,Pd,Pd,-3.1183155489335963,0.0,-0.08007308173501071,0.0,0.04423161168954747,22.608265034943628,1.0,1.0,nan,-0.15632644965744102,nan,-0.3670000000000003,-0.15632644965744102,-0.3670000000000003,nan,-0.08790403468890629,nan,-0.23512070815744993,-0.08790403468890629,-0.23512070815744993,-0.051163224828720544
continuous_Neumann_computational_halfcell,12.39,Pd,Pd,-3.126970606229307,0.0,-0.08029532900260927,0.0,0.04385043648220624,22.80479010524292,1.0,1.0,nan,-0.15610420238984246,nan,-0.3670000000000003,-0.15610420238984246,-0.3670000000000003,nan,-0.08828526621750592,nan,-0.23512070815744993,-0.08828526621750592,-0.23512070815744993,-0.05105210119492126
continuous_Neumann_computational_halfcell,12.395,Pd,Pd,-3.1354750651389267,0.0,-0.08051370915775904,0.0,0.04347909352059133,22.9995595360425,1.0,1.0,nan,-0.1558858222346927,nan,-0.3670000000000003,-0.1558858222346927,-0.3670000000000003,nan,-0.08866147472251856,nan,-0.23512070815744993,-0.08866147472251856,-0.23512070815744993,-0.050942911117346376
continuous_Neumann_computational_halfcell,12.4,Pd,Pd,-3.143804635521915,0.0,-0.08072759847063588,0.0,0.04311843549936345,23.191936080676278,1.0,1.0,nan,-0.15567193292181586,nan,-0.3670000000000003,-0.15567193292181586,-0.3670000000000003,nan,-0.08903150072404974,nan,-0.23512070815744993,-0.08903150072404974,-0.23512070815744993,-0.05083596646090796
continuous_Neumann_computational_halfcell,12.405,Pd,Pd,-3.1520294831163524,0.0,-0.08093879867900242,0.0,0.04276524738910047,23.383472820850997,1.0,1.0,nan,-0.15546073271344932,nan,-0.3670000000000003,-0.15546073271344932,-0.3670000000000003,nan,-0.08939838987108917,nan,-0.23512070815744993,-0.08939838987108917,-0.23512070815744993,-0.05073036635672469
continuous_Neumann_computational_halfcell,12.41,Pd,Pd,-3.1602403416062703,0.0,-0.08114963967076883,0.0,0.042415545634996846,23.576261604775993,1.0,1.0,nan,-0.1552498917216829,nan,-0.3670000000000003,-0.1552498917216829,-0.3670000000000003,nan,-0.08976616305215057,nan,-0.23512070815744993,-0.08976616305215057,-0.23512070815744993,-0.050624945860841486
continuous_Neumann_computational_halfcell,12.415,Pd,Pd,-3.168455155641942,0.0,-0.08136058223427597,0.0,0.04206853707222407,23.77073389272322,1.0,1.0,nan,-0.15503894915817576,nan,-0.3670000000000003,-0.15503894915817576,-0.3670000000000003,nan,-0.09013562747117929,nan,-0.23512070815744993,-0.09013562747117929,-0.23512070815744993,-0.05051947457908791
continuous_Neumann_computational_halfcell,12.42,Pd,Pd,-3.1766036136782976,0.0,-0.08156982088768376,0.0,0.04172713619759828,23.96522002527357,1.0,1.0,nan,-0.15482971050476796,nan,-0.3670000000000003,-0.15482971050476796,-0.3670000000000003,nan,-0.09050360977325882,nan,-0.23512070815744993,-0.09050360977325882,-0.23512070815744993,-0.05041485525238402
continuous_Neumann_computational_halfcell,12.425,Pd,Pd,-3.1846036443989156,0.0,-0.08177524817806613,0.0,0.04139464955110101,24.15771146378511,1.0,1.0,nan,-0.1546242832143856,nan,-0.3670000000000003,-0.1546242832143856,-0.3670000000000003,nan,-0.09086635060330324,nan,-0.23512070815744993,-0.09086635060330324,-0.23512070815744993,-0.050312141607192835
continuous_Neumann_computational_halfcell,12.43,Pd,Pd,-3.192448181036026,0.0,-0.08197668264275057,0.0,0.041071198028454985,24.347962757433546,1.0,1.0,nan,-0.15442284874970116,nan,-0.3670000000000003,-0.15442284874970116,-0.3670000000000003,nan,-0.09122345267876548,nan,-0.23512070815744993,-0.09122345267876548,-0.23512070815744993,-0.05021142437485061
continuous_Neumann_computational_halfcell,12.435,Pd,Pd,-3.2002118807335287,0.0,-0.08217604135122278,0.0,0.04075356816760032,24.53772871831661,1.0,1.0,nan,-0.15422349004122896,nan,-0.3670000000000003,-0.15422349004122896,-0.3670000000000003,nan,-0.09157825662703777,nan,-0.23512070815744993,-0.09157825662703777,-0.23512070815744993,-0.05011174502061451
continuous_Neumann_computational_halfcell,12.44,Pd,Pd,-3.20797278727445,0.0,-0.0823753283361469,0.0,0.04043850769267611,24.728904627237565,1.0,1.0,nan,-0.15402420305630482,nan,-0.3670000000000003,-0.15402420305630482,-0.3670000000000003,nan,-0.09193431215409871,nan,-0.23512070815744993,-0.09193431215409871,-0.23512070815744993,-0.05001210152815245
continuous_Neumann_computational_halfcell,12.445,Pd,Pd,-3.2157323363178882,0.0,-0.08257458046282617,0.0,0.040125937379663634,24.921536175920302,1.0,1.0,nan,-0.15382495092962556,nan,-0.3670000000000003,-0.15382495092962556,-0.3670000000000003,nan,-0.09229168937930302,nan,-0.23512070815744993,-0.09229168937930302,-0.23512070815744993,-0.04991247546481281
continuous_Neumann_computational_halfcell,12.45,Pd,Pd,-3.223416812144642,0.0,-0.08277190483597269,0.0,0.0398187722967078,25.1137828295796,1.0,1.0,nan,-0.15362762655647905,nan,-0.3670000000000003,-0.15362762655647905,-0.3670000000000003,nan,-0.09264697812217709,nan,-0.23512070815744993,-0.09264697812217709,-0.23512070815744993,-0.049813813278239555
continuous_Neumann_computational_halfcell,12.455,Pd,Pd,-3.2309568122623293,0.0,-0.08296551931668554,0.0,0.03951966778995866,25.303856432064556,1.0,1.0,nan,-0.15343401207576618,nan,-0.3670000000000003,-0.15343401207576618,-0.3670000000000003,nan,-0.09299691645444623,nan,-0.23512070815744993,-0.09299691645444623,-0.23512070815744993,-0.04971700603788313
continuous_Neumann_computational_halfcell,12.46,Pd,Pd,-3.2383603509410643,0.0,-0.08315562969789869,0.0,0.03922816281658333,25.49188970882061,1.0,1.0,nan,-0.15324390169455304,nan,-0.3670000000000003,-0.15324390169455304,-0.3670000000000003,nan,-0.09334180754823168,nan,-0.23512070815744993,-0.09334180754823168,-0.23512070815744993,-0.04962195084727655
continuous_Neumann_computational_halfcell,12.465,Pd,Pd,-3.245703807744494,0.0,-0.08334419727793069,0.0,0.038941147629083336,25.67977732770121,1.0,1.0,nan,-0.15305533411452105,nan,-0.3670000000000003,-0.15305533411452105,-0.3670000000000003,nan,-0.09368516328282686,nan,-0.23512070815744993,-0.09368516328282686,-0.23512070815744993,-0.049527667057260555
continuous_Neumann_computational_halfcell,12.47,Pd,Pd,-3.2530520124516435,0.0,-0.08353288677611902,0.0,0.03865604886964746,25.869172593715216,1.0,1.0,nan,-0.1528666446163327,nan,-0.3670000000000003,-0.1528666446163327,-0.3670000000000003,nan,-0.09403000526619146,nan,-0.23512070815744993,-0.09403000526619146,-0.23512070815744993,-0.04943332230816639
continuous_Neumann_computational_halfcell,12.475,Pd,Pd,-3.2603921164024428,0.0,-0.08372136826055276,0.0,0.03837334824784949,26.059753596196593,1.0,1.0,nan,-0.15267816313189897,nan,-0.3670000000000003,-0.15267816313189897,-0.3670000000000003,nan,-0.09437573430647907,nan,-0.23512070815744993,-0.09437573430647907,-0.23512070815744993,-0.049339081565949516
continuous_Neumann_computational_halfcell,12.48,Pd,Pd,-3.2676496630789043,0.0,-0.08390772981348113,0.0,0.03809586004159991,26.249571447081657,1.0,1.0,nan,-0.1524918015789706,nan,-0.3670000000000003,-0.1524918015789706,-0.3670000000000003,nan,-0.094718824576835,nan,-0.23512070815744993,-0.094718824576835,-0.23512070815744993,-0.04924590078948533
continuous_Neumann_computational_halfcell,12.485,Pd,Pd,-3.2747683265889624,0.0,-0.08409052508103507,0.0,0.03782563140735686,26.437099997899992,1.0,1.0,nan,-0.15230900631141667,nan,-0.3670000000000003,-0.15230900631141667,-0.3670000000000003,nan,-0.09505656099837463,nan,-0.23512070815744993,-0.09505656099837463,-0.23512070815744993,-0.049154503155708365
continuous_Neumann_computational_halfcell,12.49,Pd,Pd,-3.2817690314530417,0.0,-0.08427029136959295,0.0,0.037561750080950695,26.622827686272963,1.0,1.0,nan,-0.15212924002285877,nan,-0.3670000000000003,-0.15212924002285877,-0.3670000000000003,nan,-0.09538987548160063,nan,-0.23512070815744993,-0.09538987548160063,-0.23512070815744993,-0.04906462001142942
continuous_Neumann_computational_halfcell,12.495,Pd,Pd,-3.288727444547783,0.0,-0.08444897167687351,0.0,0.03730128716257342,26.80872634881509,1.0,1.0,nan,-0.15195055971557822,nan,-0.3670000000000003,-0.15195055971557822,-0.3670000000000003,nan,-0.09572233457248731,nan,-0.23512070815744993,-0.09572233457248731,-0.23512070815744993,-0.04897527985778914
continuous_Neumann_computational_halfcell,12.5,Pd,Pd,-3.2956950034658696,0.0,-0.08462788683346574,0.0,0.037042291577830566,26.996169983135974,1.0,1.0,nan,-0.151771644558986,nan,-0.3670000000000003,-0.151771644558986,-0.3670000000000003,nan,-0.09605639162813391,nan,-0.23512070815744993,-0.09605639162813391,-0.23512070815744993,-0.04888582227949303
continuous_Neumann_computational_halfcell,12.505,Pd,Pd,-3.302646803530621,0.0,-0.08480639732929438,0.0,0.03678567398341957,27.184495802652158,1.0,1.0,nan,-0.15159313406315736,nan,-0.3670000000000003,-0.15159313406315736,-0.3670000000000003,nan,-0.09639085498675809,nan,-0.23512070815744993,-0.09639085498675809,-0.23512070815744993,-0.04879656703157871
continuous_Neumann_computational_halfcell,12.51,Pd,Pd,-3.3095099682554228,0.0,-0.08498263181914831,0.0,0.036534072223121154,27.371709178566043,1.0,1.0,nan,-0.15141689957330343,nan,-0.3670000000000003,-0.15141689957330343,-0.3670000000000003,nan,-0.09672219633203605,nan,-0.23512070815744993,-0.09672219633203605,-0.23512070815744993,-0.048708449786651745
continuous_Neumann_computational_halfcell,12.515,Pd,Pd,-3.316241311030744,0.0,-0.08515548134376393,0.0,0.03628897470318563,27.55657904857298,1.0,1.0,nan,-0.1512440500486878,nan,-0.3670000000000003,-0.1512440500486878,-0.3670000000000003,nan,-0.09704827989803062,nan,-0.23512070815744993,-0.09704827989803062,-0.23512070815744993,-0.048622025024343936
continuous_Neumann_computational_halfcell,12.52,Pd,Pd,-3.3228724879028264,0.0,-0.08532575877699519,0.0,0.036049132191353396,27.739918805586562,1.0,1.0,nan,-0.15107377261545654,nan,-0.3670000000000003,-0.15107377261545654,-0.3670000000000003,nan,-0.09737058607465159,nan,-0.23512070815744993,-0.09737058607465159,-0.23512070815744993,-0.0485368863077283
continuous_Neumann_computational_halfcell,12.525,Pd,Pd,-3.3294763416497695,0.0,-0.08549533459847544,0.0,0.035811853334419455,27.923715387242495,1.0,1.0,nan,-0.1509041967939763,nan,-0.3670000000000003,-0.1509041967939763,-0.3670000000000003,nan,-0.09769262801637364,nan,-0.23512070815744993,-0.09769262801637364,-0.23512070815744993,-0.04845209839698818
continuous_Neumann_computational_halfcell,12.53,Pd,Pd,-3.3360910559208214,0.0,-0.08566518929988974,0.0,0.035575749896366624,28.109035028440275,1.0,1.0,nan,-0.15073434209256198,nan,-0.3670000000000003,-0.15073434209256198,-0.3670000000000003,nan,-0.09801626732711007,nan,-0.23512070815744993,-0.09801626732711007,-0.23512070815744993,-0.04836717104628103
continuous_Neumann_computational_halfcell,12.535,Pd,Pd,-3.3426818826364126,0.0,-0.0858344306091855,0.0,0.03534204728620902,28.294908665073695,1.0,1.0,nan,-0.15056510078326624,nan,-0.3670000000000003,-0.15056510078326624,-0.3670000000000003,nan,-0.0983398042448873,nan,-0.23512070815744993,-0.0983398042448873,-0.23512070815744993,-0.04828255039163315
continuous_Neumann_computational_halfcell,12.54,Pd,Pd,-3.34917951499774,0.0,-0.08600127884471141,0.0,0.03511315209974629,28.479357169623785,1.0,1.0,nan,-0.1503982525477403,nan,-0.3670000000000003,-0.1503982525477403,-0.3670000000000003,nan,-0.09865981173340664,nan,-0.23512070815744993,-0.09865981173340664,-0.23512070815744993,-0.04819912627387019
continuous_Neumann_computational_halfcell,12.545,Pd,Pd,-3.3555536570130364,0.0,-0.08616495605651762,0.0,0.03489004768665247,28.66146842162557,1.0,1.0,nan,-0.1502345753359341,nan,-0.3670000000000003,-0.1502345753359341,-0.3670000000000003,nan,-0.09897474915638792,nan,-0.23512070815744993,-0.09897474915638792,-0.23512070815744993,-0.048117287667967086
continuous_Neumann_computational_halfcell,12.55,Pd,Pd,-3.3618445354750737,0.0,-0.08632649520076748,0.0,0.03467124758114348,28.84234256813609,1.0,1.0,nan,-0.15007303619168427,nan,-0.3670000000000003,-0.15007303619168427,-0.3670000000000003,nan,-0.09928655834661329,nan,-0.23512070815744993,-0.09928655834661329,-0.23512070815744993,-0.04803651809584216
continuous_Neumann_computational_halfcell,12.555,Pd,Pd,-3.3681203757374707,0.0,-0.08648764818942464,0.0,0.03445433772735996,29.02392168768656,1.0,1.0,nan,-0.1499118832030271,nan,-0.3670000000000003,-0.1499118832030271,-0.3670000000000003,nan,-0.09959860096316564,nan,-0.23512070815744993,-0.09959860096316564,-0.23512070815744993,-0.04795594160151358
continuous_Neumann_computational_halfcell,12.56,Pd,Pd,-3.3744065314534137,0.0,-0.08664906606152352,0.0,0.034238431715694365,29.20694523346452,1.0,1.0,nan,-0.14975046533092823,nan,-0.3670000000000003,-0.14975046533092823,-0.3670000000000003,nan,-0.09991213960059331,nan,-0.23512070815744993,-0.09991213960059331,-0.23512070815744993,-0.04787523266546414
continuous_Neumann_computational_halfcell,12.565,Pd,Pd,-3.3806605834278045,0.0,-0.08680965956370827,0.0,0.034024970977259095,29.390179367628537,1.0,1.0,nan,-0.14958987182874345,nan,-0.3670000000000003,-0.14958987182874345,-0.3670000000000003,nan,-0.10022505645214135,nan,-0.23512070815744993,-0.10022505645214135,-0.23512070815744993,-0.04779493591437176
continuous_Neumann_computational_halfcell,12.57,Pd,Pd,-3.3868184604356912,0.0,-0.08696778345503008,0.0,0.03381609317274302,29.57171885266852,1.0,1.0,nan,-0.14943174793742164,nan,-0.3670000000000003,-0.14943174793742164,-0.3670000000000003,nan,-0.10053411878531496,nan,-0.23512070815744993,-0.10053411878531496,-0.23512070815744993,-0.04771587396871086
continuous_Neumann_computational_halfcell,12.575,Pd,Pd,-3.392862231239514,0.0,-0.08712297729156392,0.0,0.03361233281680333,29.750984718920922,1.0,1.0,nan,-0.1492765541008878,nan,-0.3670000000000003,-0.1492765541008878,-0.3670000000000003,nan,-0.10083838086229258,nan,-0.23512070815744993,-0.10083838086229258,-0.23512070815744993,-0.04763827705044394
continuous_Neumann_computational_halfcell,12.58,Pd,Pd,-3.398838579224442,0.0,-0.08727643982387169,0.0,0.03341205288669499,29.929319320520104,1.0,1.0,nan,-0.14912309156858006,nan,-0.3670000000000003,-0.14912309156858006,-0.3670000000000003,nan,-0.10114015414040908,nan,-0.23512070815744993,-0.10114015414040908,-0.23512070815744993,-0.04756154578429005
continuous_Neumann_computational_halfcell,12.585,Pd,Pd,-3.404809632717635,0.0,-0.08742976640256513,0.0,0.033213142175826535,30.108563492912403,1.0,1.0,nan,-0.14896976498988662,nan,-0.3670000000000003,-0.14896976498988662,-0.3670000000000003,nan,-0.10144256197446591,nan,-0.23512070815744993,-0.10144256197446591,-0.23512070815744993,-0.047484882494943335
continuous_Neumann_computational_halfcell,12.59,Pd,Pd,-3.410788592568915,0.0,-0.08758329600319378,0.0,0.03301515460190416,30.289120619242063,1.0,1.0,nan,-0.14881623538925795,nan,-0.3670000000000003,-0.14881623538925795,-0.3670000000000003,nan,-0.10174627622473033,nan,-0.23512070815744993,-0.10174627622473033,-0.23512070815744993,-0.04740811769462901
continuous_Neumann_computational_halfcell,12.595,Pd,Pd,-3.4167274731577546,0.0,-0.08773579643598906,0.0,0.03281966261746532,30.46953930196222,1.0,1.0,nan,-0.14866373495646268,nan,-0.3670000000000003,-0.14866373495646268,-0.3670000000000003,nan,-0.10204885473924176,nan,-0.23512070815744993,-0.10204885473924176,-0.23512070815744993,-0.04733186747823137
continuous_Neumann_computational_halfcell,12.6,Pd,Pd,-3.4225687874836024,0.0,-0.08788579153177513,0.0,0.032628511482501246,30.648042296882053,1.0,1.0,nan,-0.14851373986067662,nan,-0.3670000000000003,-0.14851373986067662,-0.3670000000000003,nan,-0.10234734013237555,nan,-0.23512070815744993,-0.10234734013237555,-0.23512070815744993,-0.047256869930338334
continuous_Neumann_computational_halfcell,12.605,Pd,Pd,-3.4283062012004706,0.0,-0.08803311863523504,0.0,0.03244184421887777,30.824388196097196,1.0,1.0,nan,-0.14836641275721668,nan,-0.3670000000000003,-0.14836641275721668,-0.3670000000000003,nan,-0.10264136618459202,nan,-0.23512070815744993,-0.10264136618459202,-0.23512070815744993,-0.04718320637860838
continuous_Neumann_computational_halfcell,12.61,Pd,Pd,-3.4339908162937576,0.0,-0.08817908995912896,0.0,0.032257948006384235,31.000111966269152,1.0,1.0,nan,-0.14822044143332277,nan,-0.3670000000000003,-0.14822044143332277,-0.3670000000000003,nan,-0.10293351951241532,nan,-0.23512070815744993,-0.10293351951241532,-0.23512070815744993,-0.04711022071666142
continuous_Neumann_computational_halfcell,12.615,Pd,Pd,-3.439677492929245,0.0,-0.08832511421994814,0.0,0.03207502808331676,31.176901775500916,1.0,1.0,nan,-0.14807441717250358,nan,-0.3670000000000003,-0.14807441717250358,-0.3670000000000003,nan,-0.10322661081402965,nan,-0.23512070815744993,-0.10322661081402965,-0.23512070815744993,-0.04703720858625183
continuous_Neumann_computational_halfcell,12.62,Pd,Pd,-3.4453681753433596,0.0,-0.08847124134240346,0.0,0.031893017658017206,31.35482539541447,1.0,1.0,nan,-0.14792829005004826,nan,-0.3670000000000003,-0.14792829005004826,-0.3670000000000003,nan,-0.10352074399963931,nan,-0.23512070815744993,-0.10352074399963931,-0.23512070815744993,-0.04696414502502417
continuous_Neumann_computational_halfcell,12.625,Pd,Pd,-3.4510113206753896,0.0,-0.08861614779280061,0.0,0.031713547588408574,31.5322654210248,1.0,1.0,nan,-0.14778338359965112,nan,-0.3670000000000003,-0.14778338359965112,-0.3670000000000003,nan,-0.10381324776753385,nan,-0.23512070815744993,-0.10381324776753385,-0.23512070815744993,-0.046891691799825594
continuous_Neumann_computational_halfcell,12.63,Pd,Pd,-3.4565570652049993,0.0,-0.08875855315493683,0.0,0.03153815913464455,31.70762109895957,1.0,1.0,nan,-0.1476409782375149,nan,-0.3670000000000003,-0.1476409782375149,-0.3670000000000003,nan,-0.10410150811284753,nan,-0.23512070815744993,-0.10410150811284753,-0.23512070815744993,-0.04682048911875748
continuous_Neumann_computational_halfcell,12.635,Pd,Pd,-3.462009697996942,0.0,-0.08889856756475804,0.0,0.03136666111671097,31.880983324273487,1.0,1.0,nan,-0.14750096382769368,nan,-0.3670000000000003,-0.14750096382769368,-0.3670000000000003,nan,-0.10438570899599067,nan,-0.23512070815744993,-0.10438570899599067,-0.23512070815744993,-0.04675048191384688
continuous_Neumann_computational_halfcell,12.64,Pd,Pd,-3.4674228066877912,0.0,-0.08903756706235254,0.0,0.031197328691705672,32.054026480346266,1.0,1.0,nan,-0.14736196433009918,nan,-0.3670000000000003,-0.14736196433009918,-0.3670000000000003,nan,-0.10466861727088218,nan,-0.23512070815744993,-0.10466861727088218,-0.23512070815744993,-0.04668098216504963
continuous_Neumann_computational_halfcell,12.645,Pd,Pd,-3.4728431131142,0.0,-0.0891767513856514,0.0,0.0310286870680363,32.22824084716539,1.0,1.0,nan,-0.14722278000680034,nan,-0.3670000000000003,-0.14722278000680034,-0.3670000000000003,nan,-0.10495266999964603,nan,-0.23512070815744993,-0.10495266999964603,-0.23512070815744993,-0.0466113900034002
continuous_Neumann_computational_halfcell,12.65,Pd,Pd,-3.478262384303674,0.0,-0.08931590912581254,0.0,0.03086098900921048,32.403368527870235,1.0,1.0,nan,-0.14708362226663918,nan,-0.3670000000000003,-0.14708362226663918,-0.3670000000000003,nan,-0.10523743912608623,nan,-0.23512070815744993,-0.10523743912608623,-0.23512070815744993,-0.04654181113331963
continuous_Neumann_computational_halfcell,12.655,Pd,Pd,-3.4836274068181616,0.0,-0.0894536738515343,0.0,0.03069586245826452,32.57768050530084,1.0,1.0,nan,-0.14694585754091744,nan,-0.3670000000000003,-0.14694585754091744,-0.3670000000000003,nan,-0.1055201187173079,nan,-0.23512070815744993,-0.1055201187173079,-0.23512070815744993,-0.04647292877045875
continuous_Neumann_computational_halfcell,12.66,Pd,Pd,-3.4888966796419827,0.0,-0.08958897988675904,0.0,0.030534542975847734,32.749794250759926,1.0,1.0,nan,-0.1468105515056927,nan,-0.3670000000000003,-0.1468105515056927,-0.3670000000000003,nan,-0.1057984924099799,nan,-0.23512070815744993,-0.1057984924099799,-0.23512070815744993,-0.04640527575284638
continuous_Neumann_computational_halfcell,12.665,Pd,Pd,-3.4940839735083298,0.0,-0.08972218084067969,0.0,0.03037656143095416,32.9201184364793,1.0,1.0,nan,-0.14667735055177206,nan,-0.3670000000000003,-0.14667735055177206,-0.3670000000000003,nan,-0.1060732525066685,nan,-0.23512070815744993,-0.1060732525066685,-0.23512070815744993,-0.04633867527588605
continuous_Neumann_computational_halfcell,12.67,Pd,Pd,-3.4992435608299424,0.0,-0.08985467033728105,0.0,0.030220234547625905,33.090411605642544,1.0,1.0,nan,-0.14654486105517067,nan,-0.3670000000000003,-0.14654486105517067,-0.3670000000000003,nan,-0.10634725289133035,nan,-0.23512070815744993,-0.10634725289133035,-0.23512070815744993,-0.046272430527585375
continuous_Neumann_computational_halfcell,12.675,Pd,Pd,-3.5044134453801643,0.0,-0.08998742424933849,0.0,0.030064402587640978,33.26192819181728,1.0,1.0,nan,-0.14641210714311326,nan,-0.3670000000000003,-0.14641210714311326,-0.3670000000000003,nan,-0.10662251000978143,nan,-0.23512070815744993,-0.10662251000978143,-0.23512070815744993,-0.04620605357155665
continuous_Neumann_computational_halfcell,12.68,Pd,Pd,-3.5095764427328415,0.0,-0.09012000130978381,0.0,0.029909580174444922,33.434103526949905,1.0,1.0,nan,-0.14627953008266792,nan,-0.3670000000000003,-0.14627953008266792,-0.3670000000000003,nan,-0.10689811145757214,nan,-0.23512070815744993,-0.10689811145757214,-0.23512070815744993,-0.04613976504133399
continuous_Neumann_computational_halfcell,12.685,Pd,Pd,-3.5146794080669004,0.0,-0.09025103684928358,0.0,0.029757341388642958,33.605152655930986,1.0,1.0,nan,-0.14614849454316814,nan,-0.3670000000000003,-0.14614849454316814,-0.3670000000000003,nan,-0.10717120838898125,nan,-0.23512070815744993,-0.10717120838898125,-0.23512070815744993,-0.04607424727158411
continuous_Neumann_computational_halfcell,12.69,Pd,Pd,-3.51968965583613,0.0,-0.09037969155816171,0.0,0.029608622605410275,33.7739452904261,1.0,1.0,nan,-0.14601983983429,nan,-0.3670000000000003,-0.14601983983429,-0.3670000000000003,nan,-0.10744002210811206,nan,-0.23512070815744993,-0.10744002210811206,-0.23512070815744993,-0.046009919917145044
continuous_Neumann_computational_halfcell,12.695,Pd,Pd,-3.524629166351218,0.0,-0.09050652985370908,0.0,0.0294627311156184,33.9411847488196,1.0,1.0,nan,-0.14589300153874266,nan,-0.3670000000000003,-0.14589300153874266,-0.3670000000000003,nan,-0.10770570061297993,nan,-0.23512070815744993,-0.10770570061297993,-0.23512070815744993,-0.04594650076937136
continuous_Neumann_computational_halfcell,12.7,Pd,Pd,-3.529551252240916,0.0,-0.09063292071427714,0.0,0.029318069333439792,34.10865799609163,1.0,1.0,nan,-0.1457666106781746,nan,-0.3670000000000003,-0.1457666106781746,-0.3670000000000003,nan,-0.10797109540763491,nan,-0.23512070815744993,-0.10797109540763491,-0.23512070815744993,-0.04588330533908733
continuous_Neumann_computational_halfcell,12.705,Pd,Pd,-3.5344848959611244,0.0,-0.09075960836043111,0.0,0.029173780651933448,34.277353762640516,1.0,1.0,nan,-0.1456399230320206,nan,-0.3670000000000003,-0.1456399230320206,-0.3670000000000003,nan,-0.10823776964974015,nan,-0.23512070815744993,-0.10823776964974015,-0.23512070815744993,-0.045819961516010345
continuous_Neumann_computational_halfcell,12.71,Pd,Pd,-3.5394052963716955,0.0,-0.09088595594073913,0.0,0.029030586544705826,34.44642768274916,1.0,1.0,nan,-0.14551357545171262,nan,-0.3670000000000003,-0.14551357545171262,-0.3670000000000003,nan,-0.10850438406079096,nan,-0.23512070815744993,-0.10850438406079096,-0.23512070815744993,-0.045756787725856334
continuous_Neumann_computational_halfcell,12.715,Pd,Pd,-3.5442609470294024,0.0,-0.09101064085664642,0.0,0.02888996583686114,34.61409423766383,1.0,1.0,nan,-0.1453888905358053,nan,-0.3670000000000003,-0.1453888905358053,-0.3670000000000003,nan,-0.10876813379229222,nan,-0.23512070815744993,-0.10876813379229222,-0.23512070815744993,-0.045694445267902686
continuous_Neumann_computational_halfcell,12.72,Pd,Pd,-3.5490281602429317,0.0,-0.09113305484820854,0.0,0.02875256897027453,34.779500956378435,1.0,1.0,nan,-0.14526647654424318,nan,-0.3670000000000003,-0.14526647654424318,-0.3670000000000003,nan,-0.10902770346770448,nan,-0.23512070815744993,-0.10902770346770448,-0.23512070815744993,-0.04563323827212163
continuous_Neumann_computational_halfcell,12.725,Pd,Pd,-3.5537357613809437,0.0,-0.09125393810225535,0.0,0.028617531444660105,34.94361496321847,1.0,1.0,nan,-0.14514559329019638,nan,-0.3670000000000003,-0.14514559329019638,-0.3670000000000003,nan,-0.10928463520257115,nan,-0.23512070815744993,-0.10928463520257115,-0.23512070815744993,-0.045572796645098224
continuous_Neumann_computational_halfcell,12.73,Pd,Pd,-3.5584346357676804,0.0,-0.09137459726805414,0.0,0.028483376694141867,35.10819699286807,1.0,1.0,nan,-0.1450249341243976,nan,-0.3670000000000003,-0.1450249341243976,-0.3670000000000003,nan,-0.10954169444320605,nan,-0.23512070815744993,-0.10954169444320605,-0.23512070815744993,-0.04551246706219883
continuous_Neumann_computational_halfcell,12.735,Pd,Pd,-3.563144700309792,0.0,-0.0914955437781617,0.0,0.02834953360377133,35.273948911348946,1.0,1.0,nan,-0.14490398761429002,nan,-0.3670000000000003,-0.14490398761429002,-0.3670000000000003,nan,-0.10979997267606117,nan,-0.23512070815744993,-0.10979997267606117,-0.23512070815744993,-0.04545199380714505
continuous_Neumann_computational_halfcell,12.74,Pd,Pd,-3.5678349436575374,0.0,-0.09161598131344242,0.0,0.028216878727382953,35.43978090778531,1.0,1.0,nan,-0.1447835500790093,nan,-0.3670000000000003,-0.1447835500790093,-0.3670000000000003,nan,-0.11005776913565887,nan,-0.23512070815744993,-0.11005776913565887,-0.23512070815744993,-0.045391775039504687
continuous_Neumann_computational_halfcell,12.745,Pd,Pd,-3.572456879771895,0.0,-0.09173466483422515,0.0,0.0280867630413832,35.60396043241417,1.0,1.0,nan,-0.14466486655822658,nan,-0.3670000000000003,-0.14466486655822658,-0.3670000000000003,nan,-0.11031240323688851,nan,-0.23512070815744993,-0.11031240323688851,-0.23512070815744993,-0.04533243327911332
continuous_Neumann_computational_halfcell,12.75,Pd,Pd,-3.5769957504231353,0.0,-0.09185121537407212,0.0,0.02795956973227791,35.76592950375594,1.0,1.0,nan,-0.1445483160183796,nan,-0.3670000000000003,-0.1445483160183796,-0.3670000000000003,nan,-0.11056303438967473,nan,-0.23512070815744993,-0.11056303438967473,-0.23512070815744993,-0.04527415800918984
continuous_Neumann_computational_halfcell,12.755,Pd,Pd,-3.5814858063996944,0.0,-0.09196651243543871,0.0,0.02783431111863357,35.92688160083667,1.0,1.0,nan,-0.14443301895701302,nan,-0.3670000000000003,-0.14443301895701302,-0.3670000000000003,nan,-0.11081153033215016,nan,-0.23512070815744993,-0.11081153033215016,-0.23512070815744993,-0.04521650947850654
continuous_Neumann_computational_halfcell,12.76,Pd,Pd,-3.585974231913717,0.0,-0.09208176762927846,0.0,0.027709658841942944,36.08849916572564,1.0,1.0,nan,-0.1443177637631733,nan,-0.3670000000000003,-0.1443177637631733,-0.3670000000000003,nan,-0.11106049424164434,nan,-0.23512070815744993,-0.11106049424164434,-0.23512070815744993,-0.04515888188158667
continuous_Neumann_computational_halfcell,12.765,Pd,Pd,-3.590472072298246,0.0,-0.09219726458110701,0.0,0.027585305090669872,36.25118506803204,1.0,1.0,nan,-0.14420226681134474,nan,-0.3670000000000003,-0.14420226681134474,-0.3670000000000003,nan,-0.1113105414924755,nan,-0.23512070815744993,-0.1113105414924755,-0.23512070815744993,-0.04510113340567239
continuous_Neumann_computational_halfcell,12.77,Pd,Pd,-3.5949435478633625,0.0,-0.09231208452885865,0.0,0.02746223343401219,36.413644301832065,1.0,1.0,nan,-0.1440874468635931,nan,-0.3670000000000003,-0.1440874468635931,-0.3670000000000003,nan,-0.11155968107730123,nan,-0.23512070815744993,-0.11155968107730123,-0.23512070815744993,-0.04504372343179657
continuous_Neumann_computational_halfcell,12.775,Pd,Pd,-3.5993443731143144,0.0,-0.09242509029575145,0.0,0.027341642488134383,36.57424752130294,1.0,1.0,nan,-0.14397444109670027,nan,-0.3670000000000003,-0.14397444109670027,-0.3670000000000003,nan,-0.11180542868194841,nan,-0.23512070815744993,-0.11180542868194841,-0.23512070815744993,-0.04498722054835017
continuous_Neumann_computational_halfcell,12.78,Pd,Pd,-3.6036684228288056,0.0,-0.09253612459641197,0.0,0.02722367110761017,36.73273880099358,1.0,1.0,nan,-0.14386340679603976,nan,-0.3670000000000003,-0.14386340679603976,-0.3670000000000003,nan,-0.1120474162952901,nan,-0.23512070815744993,-0.1120474162952901,-0.23512070815744993,-0.04493170339801991
continuous_Neumann_computational_halfcell,12.785,Pd,Pd,-3.607953934516779,0.0,-0.09264616930557708,0.0,0.027107253379829013,36.89049517440663,1.0,1.0,nan,-0.14375336208687467,nan,-0.3670000000000003,-0.14375336208687467,-0.3670000000000003,nan,-0.11228776396258369,nan,-0.23512070815744993,-0.11228776396258369,-0.23512070815744993,-0.04487668104343736
continuous_Neumann_computational_halfcell,12.79,Pd,Pd,-3.612243323443393,0.0,-0.09275631357568838,0.0,0.02699122884242683,37.04907271313729,1.0,1.0,nan,-0.14364321781676337,nan,-0.3670000000000003,-0.14364321781676337,-0.3670000000000003,nan,-0.11252884533878896,nan,-0.23512070815744993,-0.11252884533878896,-0.23512070815744993,-0.04482160890838171
continuous_Neumann_computational_halfcell,12.795,Pd,Pd,-3.616539171699234,0.0,-0.09286662371047535,0.0,0.02687552731511584,37.20857225515948,1.0,1.0,nan,-0.14353290768197638,nan,-0.3670000000000003,-0.14353290768197638,-0.3670000000000003,nan,-0.11277080852703791,nan,-0.23512070815744993,-0.11277080852703791,-0.23512070815744993,-0.04476645384098822
continuous_Neumann_computational_halfcell,12.8,Pd,Pd,-3.6208023735772983,0.0,-0.09297609554136554,0.0,0.026761195399774285,37.36753852215564,1.0,1.0,nan,-0.1434234358510862,nan,-0.3670000000000003,-0.1434234358510862,-0.3670000000000003,nan,-0.11301144727015867,nan,-0.23512070815744993,-0.11301144727015867,-0.23512070815744993,-0.044711717925543126
continuous_Neumann_computational_halfcell,12.805,Pd,Pd,-3.6249938126852363,0.0,-0.09308372462540485,0.0,0.026649262223218975,37.524490983045666,1.0,1.0,nan,-0.1433158067670469,nan,-0.3670000000000003,-0.1433158067670469,-0.3670000000000003,nan,-0.11324853591890846,nan,-0.23512070815744993,-0.11324853591890846,-0.23512070815744993,-0.044657903383523476
continuous_Neumann_computational_halfcell,12.81,Pd,Pd,-3.6291154977623084,0.0,-0.0931895625436281,0.0,0.026539648408789352,37.67947429434754,1.0,1.0,nan,-0.14320996884882364,nan,-0.3670000000000003,-0.14320996884882364,-0.3670000000000003,nan,-0.11348216397178558,nan,-0.23512070815744993,-0.11348216397178558,-0.23512070815744993,-0.044604984424411846
continuous_Neumann_computational_halfcell,12.815,Pd,Pd,-3.6332082294601413,0.0,-0.0932946569879258,0.0,0.026431250721132633,37.834002278237556,1.0,1.0,nan,-0.14310487440452593,nan,-0.3670000000000003,-0.14310487440452593,-0.3670000000000003,nan,-0.11371462776846353,nan,-0.23512070815744993,-0.11371462776846353,-0.23512070815744993,-0.044552437202263
continuous_Neumann_computational_halfcell,12.82,Pd,Pd,-3.63730879987906,0.0,-0.09339995271735464,0.0,0.026323089429345387,37.989461787307704,1.0,1.0,nan,-0.1429995786750971,nan,-0.3670000000000003,-0.1429995786750971,-0.3670000000000003,nan,-0.11394801436065875,nan,-0.23512070815744993,-0.11394801436065875,-0.23512070815744993,-0.04449978933754858
continuous_Neumann_computational_halfcell,12.825,Pd,Pd,-3.641411924116738,0.0,-0.09350531402454014,0.0,0.02621530380322462,38.145657494802514,1.0,1.0,nan,-0.14289421736791158,nan,-0.3670000000000003,-0.14289421736791158,-0.3670000000000003,nan,-0.11418202575281412,nan,-0.23512070815744993,-0.11418202575281412,-0.23512070815744993,-0.04444710868395583
continuous_Neumann_computational_halfcell,12.83,Pd,Pd,-3.6454765804341402,0.0,-0.09360968754044022,0.0,0.026108963867062178,38.301022020316644,1.0,1.0,nan,-0.14278984385201152,nan,-0.3670000000000003,-0.14278984385201152,-0.3670000000000003,nan,-0.11441431706510273,nan,-0.23512070815744993,-0.11441431706510273,-0.23512070815744993,-0.04439492192600579
continuous_Neumann_computational_halfcell,12.835,Pd,Pd,-3.6494695734250135,0.0,-0.0937122208630332,0.0,0.026004918821152637,38.454263475208045,1.0,1.0,nan,-0.14268731052941852,nan,-0.3670000000000003,-0.14268731052941852,-0.3670000000000003,nan,-0.11464297302761306,nan,-0.23512070815744993,-0.11464297302761306,-0.23512070815744993,-0.0443436552647093
continuous_Neumann_computational_halfcell,12.84,Pd,Pd,-3.653400371887784,0.0,-0.09381315713508588,0.0,0.02590289936654368,38.605716906409526,1.0,1.0,nan,-0.14258637425736587,nan,-0.3670000000000003,-0.14258637425736587,-0.3670000000000003,nan,-0.11486851380491894,nan,-0.23512070815744993,-0.11486851380491894,-0.23512070815744993,-0.04429318712868296
continuous_Neumann_computational_halfcell,12.845,Pd,Pd,-3.657310962864724,0.0,-0.0939135745129987,0.0,0.02580180152699226,38.75698365301591,1.0,1.0,nan,-0.14248595687945304,nan,-0.3670000000000003,-0.14248595687945304,-0.3670000000000003,nan,-0.1150933354164425,nan,-0.23512070815744993,-0.1150933354164425,-0.23512070815744993,-0.04424297843972655
continuous_Neumann_computational_halfcell,12.85,Pd,Pd,-3.66123187766339,0.0,-0.09401425698923398,0.0,0.025700832935529033,38.90924479017924,1.0,1.0,nan,-0.14238527440321774,nan,-0.3670000000000003,-0.14238527440321774,-0.3670000000000003,nan,-0.11531919231655102,nan,-0.23512070815744993,-0.11531919231655102,-0.23512070815744993,-0.04419263720160891
continuous_Neumann_computational_halfcell,12.855,Pd,Pd,-3.6651507200807707,0.0,-0.0941148862502146,0.0,0.025600312511753227,39.06202315072893,1.0,1.0,nan,-0.14228464514223715,nan,-0.3670000000000003,-0.14228464514223715,-0.3670000000000003,nan,-0.11554537270670674,nan,-0.23512070815744993,-0.11554537270670674,-0.23512070815744993,-0.0441423225711186
continuous_Neumann_computational_halfcell,12.86,Pd,Pd,-3.669025899895594,0.0,-0.09421439432923384,0.0,0.025501298669583488,39.213689191160434,1.0,1.0,nan,-0.1421851370632179,nan,-0.3670000000000003,-0.1421851370632179,-0.3670000000000003,nan,-0.11576946928823907,nan,-0.23512070815744993,-0.11576946928823907,-0.23512070815744993,-0.04409256853160898
continuous_Neumann_computational_halfcell,12.865,Pd,Pd,-3.67283067740755,0.0,-0.09431209459590588,0.0,0.025404456250635584,39.36317274946522,1.0,1.0,nan,-0.14208743679654584,nan,-0.3670000000000003,-0.14208743679654584,-0.3670000000000003,nan,-0.11598991744746322,nan,-0.23512070815744993,-0.11598991744746322,-0.23512070815744993,-0.04404371839827296
continuous_Neumann_computational_halfcell,12.87,Pd,Pd,-3.6765811621492825,0.0,-0.09440840071584726,0.0,0.02530935567320262,39.511080918539285,1.0,1.0,nan,-0.14199113067660446,nan,-0.3670000000000003,-0.14199113067660446,-0.3670000000000003,nan,-0.11620763072403481,nan,-0.23512070815744993,-0.11620763072403481,-0.23512070815744993,-0.04399556533830227
continuous_Neumann_computational_halfcell,12.875,Pd,Pd,-3.6803192263457767,0.0,-0.0945043878971442,0.0,0.02521492428218363,39.65905226638259,1.0,1.0,nan,-0.14189514349530752,nan,-0.3670000000000003,-0.14189514349530752,-0.3670000000000003,nan,-0.116425029615386,nan,-0.23512070815744993,-0.116425029615386,-0.23512070815744993,-0.0439475717476538
continuous_Neumann_computational_halfcell,12.88,Pd,Pd,-3.6840687178556006,0.0,-0.09460066851256606,0.0,0.025120558160707657,39.808032671987,1.0,1.0,nan,-0.1417988628798857,nan,-0.3670000000000003,-0.1417988628798857,-0.3670000000000003,nan,-0.11664350167121443,nan,-0.23512070815744993,-0.11664350167121443,-0.23512070815744993,-0.04389943143994287
continuous_Neumann_computational_halfcell,12.885,Pd,Pd,-3.687811014403506,0.0,-0.09469676437350596,0.0,0.025026725267386852,39.95728523472197,1.0,1.0,nan,-0.14170276701894577,nan,-0.3670000000000003,-0.14170276701894577,-0.3670000000000003,nan,-0.11686196328132693,nan,-0.23512070815744993,-0.11686196328132693,-0.23512070815744993,-0.043851383509472916
continuous_Neumann_computational_halfcell,12.89,Pd,Pd,-3.6915052154987453,0.0,-0.0947916252243733,0.0,0.02493444207278308,40.105168468619524,1.0,1.0,nan,-0.14160790616807845,nan,-0.3670000000000003,-0.14160790616807845,-0.3670000000000003,nan,-0.11707801855417842,nan,-0.23512070815744993,-0.11707801855417842,-0.23512070815744993,-0.04380395308403925
continuous_Neumann_computational_halfcell,12.895,Pd,Pd,-3.695131358685291,0.0,-0.0948847384629801,0.0,0.024844189948007297,40.250859540711566,1.0,1.0,nan,-0.14151479292947164,nan,-0.3670000000000003,-0.14151479292947164,-0.3670000000000003,nan,-0.11729048193127117,nan,-0.23512070815744993,-0.11729048193127117,-0.23512070815744993,-0.04375739646473585
continuous_Neumann_computational_halfcell,12.9,Pd,Pd,-3.6987112599949565,0.0,-0.09497666428821293,0.0,0.0247554092078344,40.39521187488703,1.0,1.0,nan,-0.1414228671042388,nan,-0.3670000000000003,-0.1414228671042388,-0.3670000000000003,nan,-0.11750061411322411,nan,-0.23512070815744993,-0.11750061411322411,-0.23512070815744993,-0.043711433552119434
continuous_Neumann_computational_halfcell,12.905,Pd,Pd,-3.70228547644119,0.0,-0.09506844413574496,0.0,0.024667085954350722,40.53985143809103,1.0,1.0,nan,-0.1413310872567068,nan,-0.3670000000000003,-0.1413310872567068,-0.3670000000000003,nan,-0.11771078817288523,nan,-0.23512070815744993,-0.11771078817288523,-0.23512070815744993,-0.04366554362835342
continuous_Neumann_computational_halfcell,12.91,Pd,Pd,-3.7058709587391174,0.0,-0.09516051327133951,0.0,0.024578800921112223,40.68546725324747,1.0,1.0,nan,-0.14123901812111223,nan,-0.3670000000000003,-0.14123901812111223,-0.3670000000000003,nan,-0.11792200241618349,nan,-0.23512070815744993,-0.11792200241618349,-0.23512070815744993,-0.043619509060556144
continuous_Neumann_computational_halfcell,12.915,Pd,Pd,-3.7094438426128686,0.0,-0.09525225890065865,0.0,0.02449114041332485,40.83109169779337,1.0,1.0,nan,-0.1411472724917931,nan,-0.3670000000000003,-0.1411472724917931,-0.3670000000000003,nan,-0.11813285150533283,nan,-0.23512070815744993,-0.11813285150533283,-0.23512070815744993,-0.04357363624589657
continuous_Neumann_computational_halfcell,12.92,Pd,Pd,-3.7129650628841855,0.0,-0.09534267789583974,0.0,0.02440505336790786,40.9751203951465,1.0,1.0,nan,-0.141056853496612,nan,-0.3670000000000003,-0.141056853496612,-0.3670000000000003,nan,-0.11834102059958335,nan,-0.23512070815744993,-0.11834102059958335,-0.23512070815744993,-0.04352842674830603
continuous_Neumann_computational_halfcell,12.925,Pd,Pd,-3.716421550904343,0.0,-0.09543143467603436,0.0,0.024320843212846836,41.116995461398176,1.0,1.0,nan,-0.14096809671641736,nan,-0.3670000000000003,-0.14096809671641736,-0.3670000000000003,nan,-0.11854571959353623,nan,-0.23512070815744993,-0.11854571959353623,-0.23512070815744993,-0.04348404835820872
continuous_Neumann_computational_halfcell,12.93,Pd,Pd,-3.719839811006766,0.0,-0.09551920982780386,0.0,0.024237850171547014,41.257784536266634,1.0,1.0,nan,-0.14088032156464786,nan,-0.3670000000000003,-0.14088032156464786,-0.3670000000000003,nan,-0.11874850288748387,nan,-0.23512070815744993,-0.11874850288748387,-0.23512070815744993,-0.04344016078232397
continuous_Neumann_computational_halfcell,12.935,Pd,Pd,-3.723258006879689,0.0,-0.09560698333026818,0.0,0.024155141889207494,41.399053029235134,1.0,1.0,nan,-0.14079254806218355,nan,-0.3670000000000003,-0.14079254806218355,-0.3670000000000003,nan,-0.11895162924069773,nan,-0.23512070815744993,-0.11895162924069773,-0.23512070815744993,-0.04339627403109181
continuous_Neumann_computational_halfcell,12.94,Pd,Pd,-3.7266861772682134,0.0,-0.09569501296146304,0.0,0.024072475724860827,41.54121958329574,1.0,1.0,nan,-0.1407045184309887,nan,-0.3670000000000003,-0.1407045184309887,-0.3670000000000003,nan,-0.11915569731227846,nan,-0.23512070815744993,-0.11915569731227846,-0.23512070815744993,-0.043352259215494376
continuous_Neumann_computational_halfcell,12.945,Pd,Pd,-3.7300962679839085,0.0,-0.09578257833716565,0.0,0.02399052620594846,41.68312072088063,1.0,1.0,nan,-0.1406169530552861,nan,-0.3670000000000003,-0.1406169530552861,-0.3670000000000003,nan,-0.1193590364828343,nan,-0.23512070815744993,-0.1193590364828343,-0.23512070815744993,-0.043308476527643074
continuous_Neumann_computational_halfcell,12.95,Pd,Pd,-3.733452062743476,0.0,-0.09586874948432896,0.0,0.02391015385580812,41.82323568600064,1.0,1.0,nan,-0.1405307819081228,nan,-0.3670000000000003,-0.1405307819081228,-0.3670000000000003,nan,-0.11955947680952621,nan,-0.23512070815744993,-0.11955947680952621,-0.23512070815744993,-0.04326539095406142
continuous_Neumann_computational_halfcell,12.955,Pd,Pd,-3.736747310374453,0.0,-0.09595336588339176,0.0,0.023831493651562993,41.96128092602432,1.0,1.0,nan,-0.14044616550905997,nan,-0.3670000000000003,-0.14044616550905997,-0.3670000000000003,nan,-0.11975662822196612,nan,-0.23512070815744993,-0.11975662822196612,-0.23512070815744993,-0.04322308275453002
continuous_Neumann_computational_halfcell,12.96,Pd,Pd,-3.7400121320896105,0.0,-0.09603720099627425,0.0,0.023753814946145344,42.098500904684165,1.0,1.0,nan,-0.1403623303961775,nan,-0.3670000000000003,-0.1403623303961775,-0.3670000000000003,nan,-0.11995227989064969,nan,-0.23512070815744993,-0.11995227989064969,-0.23512070815744993,-0.043181165198088775
continuous_Neumann_computational_halfcell,12.965,Pd,Pd,-3.743281359821573,0.0,-0.09612114924823396,0.0,0.023676285115971182,42.23635570790772,1.0,1.0,nan,-0.14027838214421778,nan,-0.3670000000000003,-0.14027838214421778,-0.3670000000000003,nan,-0.12014851589196478,nan,-0.23512070815744993,-0.12014851589196478,-0.23512070815744993,-0.043139191072108916
continuous_Neumann_computational_halfcell,12.97,Pd,Pd,-3.7465582906063353,0.0,-0.09620529530159216,0.0,0.023598826550898323,42.374988342881544,1.0,1.0,nan,-0.14019423609085957,nan,-0.3670000000000003,-0.14019423609085957,-0.3670000000000003,nan,-0.12034553643879727,nan,-0.23512070815744993,-0.12034553643879727,-0.23512070815744993,-0.043097118045429816
continuous_Neumann_computational_halfcell,12.975,Pd,Pd,-3.7498117701285008,0.0,-0.09628883916609639,0.0,0.023522173014938242,42.513079015485914,1.0,1.0,nan,-0.14011069222635536,nan,-0.3670000000000003,-0.14011069222635536,-0.3670000000000003,nan,-0.12054146662849885,nan,-0.23512070815744993,-0.12054146662849885,-0.23512070815744993,-0.043055346113177705
continuous_Neumann_computational_halfcell,12.98,Pd,Pd,-3.753009297353948,0.0,-0.0963709462700297,0.0,0.02344708034572848,42.649233305594784,1.0,1.0,nan,-0.14002858512242203,nan,-0.3670000000000003,-0.14002858512242203,-0.3670000000000003,nan,-0.1207343380760126,nan,-0.23512070815744993,-0.1207343380760126,-0.23512070815744993,-0.043014292561211045
continuous_Neumann_computational_halfcell,12.985,Pd,Pd,-3.756151184885166,0.0,-0.09645162464049656,0.0,0.02337352786366576,42.78344312560981,1.0,1.0,nan,-0.13994790675195518,nan,-0.3670000000000003,-0.13994790675195518,-0.3670000000000003,nan,-0.12092415398773293,nan,-0.23512070815744993,-0.12092415398773293,-0.23512070815744993,-0.04297395337597762
continuous_Neumann_computational_halfcell,12.99,Pd,Pd,-3.759270076071534,0.0,-0.0965317125036296,0.0,0.023300741938309957,42.91708833339114,1.0,1.0,nan,-0.13986781888882213,nan,-0.3670000000000003,-0.13986781888882213,-0.3670000000000003,nan,-0.12111287573918485,nan,-0.23512070815744993,-0.12111287573918485,-0.23512070815744993,-0.0429339094444111
continuous_Neumann_computational_halfcell,12.995,Pd,Pd,-3.7623966855218622,0.0,-0.09661199855875806,0.0,0.023228003390137798,43.051483298154785,1.0,1.0,nan,-0.13978753283369366,nan,-0.3670000000000003,-0.13978753283369366,-0.3670000000000003,nan,-0.12130236014244722,nan,-0.23512070815744993,-0.12130236014244722,-0.23512070815744993,-0.04289376641684687
continuous_Neumann_computational_halfcell,13.0,Pd,Pd,-3.765527906916777,0.0,-0.09669240304084172,0.0,0.02315538512023407,43.18649829434974,1.0,1.0,nan,-0.13970712835161003,nan,-0.3670000000000003,-0.13970712835161003,-0.3670000000000003,nan,-0.12149242115706975,nan,-0.23512070815744993,-0.12149242115706975,-0.23512070815744993,-0.04285356417580504
continuous_Neumann_computational_halfcell,13.005,Pd,Pd,-3.768630584096101,0.0,-0.09677207455563192,0.0,0.023083652773944887,43.32070014190847,1.0,1.0,nan,-0.13962745683681982,nan,-0.3670000000000003,-0.13962745683681982,-0.3670000000000003,nan,-0.12168104330894475,nan,-0.23512070815744993,-0.12168104330894475,-0.23512070815744993,-0.04281372841840994
continuous_Neumann_computational_halfcell,13.01,Pd,Pd,-3.771676639424175,0.0,-0.09685029211682057,0.0,0.02301344567206421,43.4528585701484,1.0,1.0,nan,-0.13954923927563118,nan,-0.3670000000000003,-0.13954923927563118,-0.3670000000000003,nan,-0.12186650810224807,nan,-0.23512070815744993,-0.12186650810224807,-0.23512070815744993,-0.04277461963781561
continuous_Neumann_computational_halfcell,13.015,Pd,Pd,-3.774672536672931,0.0,-0.09692722170316449,0.0,0.022944602927875767,43.583234067872404,1.0,1.0,nan,-0.13947230968928725,nan,-0.3670000000000003,-0.13947230968928725,-0.3670000000000003,nan,-0.12204919466379924,nan,-0.23512070815744993,-0.12204919466379924,-0.23512070815744993,-0.04273615484464365
continuous_Neumann_computational_halfcell,13.02,Pd,Pd,-3.7776523517512963,0.0,-0.0970037383265084,0.0,0.022876334018981218,43.71329773250681,1.0,1.0,nan,-0.13939579306594335,nan,-0.3670000000000003,-0.13939579306594335,-0.3670000000000003,nan,-0.12223117221027606,nan,-0.23512070815744993,-0.12223117221027606,-0.23512070815744993,-0.0426978965329717
continuous_Neumann_computational_halfcell,13.025,Pd,Pd,-3.7806420581353173,0.0,-0.09708050894189184,0.0,0.022808042633584772,43.84418321489382,1.0,1.0,nan,-0.13931902245055988,nan,-0.3670000000000003,-0.13931902245055988,-0.3670000000000003,nan,-0.12241402650433005,nan,-0.23512070815744993,-0.12241402650433005,-0.23512070815744993,-0.04265951122527998
continuous_Neumann_computational_halfcell,13.03,Pd,Pd,-3.7836326329178185,0.0,-0.097157301856283,0.0,0.022739935367143308,43.97549878021594,1.0,1.0,nan,-0.13924222953616872,nan,-0.3670000000000003,-0.13924222953616872,-0.3670000000000003,nan,-0.12259720757471564,nan,-0.23512070815744993,-0.12259720757471564,-0.23512070815744993,-0.042621114768084396
continuous_Neumann_computational_halfcell,13.035,Pd,Pd,-3.786589997352161,0.0,-0.09723324198496956,0.0,0.02267278443488053,44.10574285095608,1.0,1.0,nan,-0.13916628940748216,nan,-0.3670000000000003,-0.13916628940748216,-0.3670000000000003,nan,-0.12277862398098255,nan,-0.23512070815744993,-0.12277862398098255,-0.23512070815744993,-0.04258314470374112
continuous_Neumann_computational_halfcell,13.04,Pd,Pd,-3.78949104043053,0.0,-0.09730773587626625,0.0,0.022607105025989078,44.23388128866576,1.0,1.0,nan,-0.1390917955161855,nan,-0.3670000000000003,-0.1390917955161855,-0.3670000000000003,nan,-0.12295684624598699,nan,-0.23512070815744993,-0.12295684624598699,-0.23512070815744993,-0.042545897758092775
continuous_Neumann_computational_halfcell,13.045,Pd,Pd,-3.792347826444484,0.0,-0.09738109332082409,0.0,0.022542613527600956,44.36042869543985,1.0,1.0,nan,-0.13901843807162764,nan,-0.3670000000000003,-0.13901843807162764,-0.3670000000000003,nan,-0.1231326024399008,nan,-0.23512070815744993,-0.1231326024399008,-0.23512070815744993,-0.04250921903581385
continuous_Neumann_computational_halfcell,13.05,Pd,Pd,-3.7951948059869913,0.0,-0.09745419895174175,0.0,0.02247852643865585,44.48690187628674,1.0,1.0,nan,-0.13894533244071,nan,-0.3670000000000003,-0.13894533244071,-0.3670000000000003,nan,-0.12330800525241803,nan,-0.23512070815744993,-0.12330800525241803,-0.23512070815744993,-0.042472666220355025
continuous_Neumann_computational_halfcell,13.055,Pd,Pd,-3.7980527540100675,0.0,-0.09752758623473318,0.0,0.022414375691873368,44.61422498430609,1.0,1.0,nan,-0.13887194515771856,nan,-0.3670000000000003,-0.13887194515771856,-0.3670000000000003,nan,-0.1234843351427487,nan,-0.23512070815744993,-0.1234843351427487,-0.23512070815744993,-0.04243597257885931
continuous_Neumann_computational_halfcell,13.06,Pd,Pd,-3.8009073444055352,0.0,-0.097600887299513,0.0,0.02235048306732585,44.74176226919673,1.0,1.0,nan,-0.13879864409293874,nan,-0.3670000000000003,-0.13879864409293874,-0.3670000000000003,nan,-0.12366070958054531,nan,-0.23512070815744993,-0.12366070958054531,-0.23512070815744993,-0.0423993220464694
continuous_Neumann_computational_halfcell,13.065,Pd,Pd,-3.803724610736472,0.0,-0.09767322994529287,0.0,0.022287604418439258,44.867989453934655,1.0,1.0,nan,-0.13872630144715886,nan,-0.3670000000000003,-0.13872630144715886,-0.3670000000000003,nan,-0.12383502490167336,nan,-0.23512070815744993,-0.12383502490167336,-0.23512070815744993,-0.04236315072357946
continuous_Neumann_computational_halfcell,13.07,Pd,Pd,-3.806486784391513,0.0,-0.09774415790411412,0.0,0.02222612712924224,44.99209395254157,1.0,1.0,nan,-0.13865537348833762,nan,-0.3670000000000003,-0.13865537348833762,-0.3670000000000003,nan,-0.12400616997925334,nan,-0.23512070815744993,-0.12400616997925334,-0.23512070815744993,-0.04232768674416884
continuous_Neumann_computational_halfcell,13.075,Pd,Pd,-3.809210864159763,0.0,-0.0978141076761987,0.0,0.02216566377688994,45.11482309149732,1.0,1.0,nan,-0.13858542371625304,nan,-0.3670000000000003,-0.13858542371625304,-0.3670000000000003,nan,-0.12417518640607057,nan,-0.23512070815744993,-0.12417518640607057,-0.23512070815744993,-0.042292711858126546
continuous_Neumann_computational_halfcell,13.08,Pd,Pd,-3.8119306732663336,0.0,-0.09788394778489731,0.0,0.022105459312134958,45.23769381489588,1.0,1.0,nan,-0.13851558360755442,nan,-0.3670000000000003,-0.13851558360755442,-0.3670000000000003,nan,-0.12434416768062961,nan,-0.23512070815744993,-0.12434416768062961,-0.23512070815744993,-0.04225779180377724
continuous_Neumann_computational_halfcell,13.085,Pd,Pd,-3.814661497720053,0.0,-0.09795407074912439,0.0,0.022045175532957217,45.361398846882146,1.0,1.0,nan,-0.13844546064332736,nan,-0.3670000000000003,-0.13844546064332736,-0.3670000000000003,nan,-0.12451406469085133,nan,-0.23512070815744993,-0.12451406469085133,-0.23512070815744993,-0.0422227303216637
continuous_Neumann_computational_halfcell,13.09,Pd,Pd,-3.817384424900739,0.0,-0.09802399092470512,0.0,0.021985229776298753,45.485082947736714,1.0,1.0,nan,-0.1383755404677466,nan,-0.3670000000000003,-0.1383755404677466,-0.3670000000000003,nan,-0.12468370150738521,nan,-0.23512070815744993,-0.12468370150738521,-0.23512070815744993,-0.04218777023387334
continuous_Neumann_computational_halfcell,13.095,Pd,Pd,-3.820066568488416,0.0,-0.0980928638464319,0.0,0.02192634124228575,45.60724422510872,1.0,1.0,nan,-0.13830666754601983,nan,-0.3670000000000003,-0.13830666754601983,-0.3670000000000003,nan,-0.12485102347293538,nan,-0.23512070815744993,-0.12485102347293538,-0.23512070815744993,-0.04215333377300995
continuous_Neumann_computational_halfcell,13.1,Pd,Pd,-3.8226957120306135,0.0,-0.09816037581641822,0.0,0.021868769459208664,45.72730998263428,1.0,1.0,nan,-0.1382391555760335,nan,-0.3670000000000003,-0.1382391555760335,-0.3670000000000003,nan,-0.12501525702873284,nan,-0.23512070815744993,-0.12501525702873284,-0.23512070815744993,-0.04211957778801679
continuous_Neumann_computational_halfcell,13.105,Pd,Pd,-3.825293031308723,0.0,-0.09822707059300011,0.0,0.021812042982978924,45.84623277976998,1.0,1.0,nan,-0.1381724607994516,nan,-0.3670000000000003,-0.1381724607994516,-0.3670000000000003,nan,-0.12517771476312115,nan,-0.23512070815744993,-0.12517771476312115,-0.23512070815744993,-0.042086230399725845
continuous_Neumann_computational_halfcell,13.11,Pd,Pd,-3.827890797269715,0.0,-0.09829377683964474,0.0,0.021755453934553658,45.96548539084833,1.0,1.0,nan,-0.138105754552807,nan,-0.3670000000000003,-0.138105754552807,-0.3670000000000003,nan,-0.1253404116055704,nan,-0.23512070815744993,-0.1253404116055704,-0.23512070815744993,-0.04205287727640353
continuous_Neumann_computational_halfcell,13.115,Pd,Pd,-3.8304986802057837,0.0,-0.09836074287313887,0.0,0.02169879217320489,46.085514438673066,1.0,1.0,nan,-0.13803878851931287,nan,-0.3670000000000003,-0.13803878851931287,-0.3670000000000003,nan,-0.1255039547680669,nan,-0.23512070815744993,-0.1255039547680669,-0.23512070815744993,-0.042019394259656465
continuous_Neumann_computational_halfcell,13.12,Pd,Pd,-3.833093976733977,0.0,-0.09842738570891593,0.0,0.021642550386836573,46.20527535461901,1.0,1.0,nan,-0.1379721456835358,nan,-0.3670000000000003,-0.1379721456835358,-0.3670000000000003,nan,-0.12566692047032124,nan,-0.23512070815744993,-0.12566692047032124,-0.23512070815744993,-0.04198607284176793
continuous_Neumann_computational_halfcell,13.125,Pd,Pd,-3.83564576160488,0.0,-0.09849291123875137,0.0,0.021587393658174456,46.32333184054074,1.0,1.0,nan,-0.13790662015370037,nan,-0.3670000000000003,-0.13790662015370037,-0.3670000000000003,nan,-0.12582736027373653,nan,-0.23512070815744993,-0.12582736027373653,-0.23512070815744993,-0.041953310076850214
continuous_Neumann_computational_halfcell,13.13,Pd,Pd,-3.838147419470976,0.0,-0.09855714959168312,0.0,0.02153345687883446,46.439362041443246,1.0,1.0,nan,-0.13784238180076863,nan,-0.3670000000000003,-0.13784238180076863,-0.3670000000000003,nan,-0.12598484725063633,nan,-0.23512070815744993,-0.12598484725063633,-0.23512070815744993,-0.04192119090038434
continuous_Neumann_computational_halfcell,13.135,Pd,Pd,-3.8406234786286273,0.0,-0.09862073061297492,0.0,0.021480204720687495,46.55449112349028,1.0,1.0,nan,-0.1377788007794768,nan,-0.3670000000000003,-0.1377788007794768,-0.3670000000000003,nan,-0.12614091680744605,nan,-0.23512070815744993,-0.12614091680744605,-0.23512070815744993,-0.041889400389738436
continuous_Neumann_computational_halfcell,13.14,Pd,Pd,-3.8431038281857823,0.0,-0.09868442180448676,0.0,0.021426992324373565,46.67010585813684,1.0,1.0,nan,-0.13771510958796496,nan,-0.3670000000000003,-0.13771510958796496,-0.3670000000000003,nan,-0.12629745063560727,nan,-0.23512070815744993,-0.12629745063560727,-0.23512070815744993,-0.04185755479398252
continuous_Neumann_computational_halfcell,13.145,Pd,Pd,-3.8455925526806745,0.0,-0.09874832805026858,0.0,0.021373732745423098,46.78639954521452,1.0,1.0,nan,-0.13765120334218317,nan,-0.3670000000000003,-0.13765120334218317,-0.3670000000000003,nan,-0.12645470823754643,nan,-0.23512070815744993,-0.12645470823754643,-0.23512070815744993,-0.04182560167109161
continuous_Neumann_computational_halfcell,13.15,Pd,Pd,-3.848064008200227,0.0,-0.09881179085790177,0.0,0.021320973738280423,46.90217305622234,1.0,1.0,nan,-0.13758774053454997,nan,-0.3670000000000003,-0.13758774053454997,-0.3670000000000003,nan,-0.12661106842028202,nan,-0.23512070815744993,-0.12661106842028202,-0.23512070815744993,-0.04179387026727501
continuous_Neumann_computational_halfcell,13.155,Pd,Pd,-3.850490008127405,0.0,-0.09887408644262043,0.0,0.021269311748873202,47.01609585712041,1.0,1.0,nan,-0.13752544494983132,nan,-0.3670000000000003,-0.13752544494983132,-0.3670000000000003,nan,-0.12676474082513414,nan,-0.23512070815744993,-0.12676474082513414,-0.23512070815744993,-0.041762722474915685
continuous_Neumann_computational_halfcell,13.16,Pd,Pd,-3.8528694349433206,0.0,-0.09893518610842507,0.0,0.02121876314034832,47.128100416864555,1.0,1.0,nan,-0.13746434528402668,nan,-0.3670000000000003,-0.13746434528402668,-0.3670000000000003,nan,-0.1269156442850856,nan,-0.23512070815744993,-0.1269156442850856,-0.23512070815744993,-0.041732172642013364
continuous_Neumann_computational_halfcell,13.165,Pd,Pd,-3.8552293025653537,0.0,-0.09899578352713322,0.0,0.021168748705167693,47.239447826024836,1.0,1.0,nan,-0.1374037478653185,nan,-0.3670000000000003,-0.1374037478653185,-0.3670000000000003,nan,-0.12706548472844267,nan,-0.23512070815744993,-0.12706548472844267,-0.23512070815744993,-0.04170187393265929
continuous_Neumann_computational_halfcell,13.17,Pd,Pd,-3.8575963989272513,0.0,-0.09905656656768397,0.0,0.02111869949614148,47.3514006003403,1.0,1.0,nan,-0.13734296482476777,nan,-0.3670000000000003,-0.13734296482476777,-0.3670000000000003,nan,-0.12721596188266995,nan,-0.23512070815744993,-0.12721596188266995,-0.23512070815744993,-0.041671482412383914
continuous_Neumann_computational_halfcell,13.175,Pd,Pd,-3.859969399382795,0.0,-0.09911750121539752,0.0,0.021068644226694227,47.463898922028775,1.0,1.0,nan,-0.1372820301770542,nan,-0.3670000000000003,-0.1372820301770542,-0.3670000000000003,nan,-0.12736699323206688,nan,-0.23512070815744993,-0.12736699323206688,-0.23512070815744993,-0.04164101508852714
continuous_Neumann_computational_halfcell,13.18,Pd,Pd,-3.862320599857942,0.0,-0.09917787607639779,0.0,0.021019165810009784,47.575627360234165,1.0,1.0,nan,-0.13722165531605396,nan,-0.3670000000000003,-0.13722165531605396,-0.3670000000000003,nan,-0.12751681394694872,nan,-0.23512070815744993,-0.12751681394694872,-0.23512070815744993,-0.041610827658027004
continuous_Neumann_computational_halfcell,13.185,Pd,Pd,-3.8646252134055246,0.0,-0.09923705466370475,0.0,0.020970780531824443,47.68539723556969,1.0,1.0,nan,-0.13716247672874698,nan,-0.3670000000000003,-0.13716247672874698,-0.3670000000000003,nan,-0.12766383712706703,nan,-0.23512070815744993,-0.12766383712706703,-0.23512070815744993,-0.041581238364373524
continuous_Neumann_computational_halfcell,13.19,Pd,Pd,-3.866887376444188,0.0,-0.09929514319356977,0.0,0.020923394824518802,47.793391482923376,1.0,1.0,nan,-0.13710438819888196,nan,-0.3670000000000003,-0.13710438819888196,-0.3670000000000003,nan,-0.12780831702779794,nan,-0.23512070815744993,-0.12780831702779794,-0.23512070815744993,-0.04155219409944101
continuous_Neumann_computational_halfcell,13.195,Pd,Pd,-3.8691357032536042,0.0,-0.09935287643241374,0.0,0.020876405038982464,47.90096753405111,1.0,1.0,nan,-0.13704665496003798,nan,-0.3670000000000003,-0.13704665496003798,-0.3670000000000003,nan,-0.12795207524934438,nan,-0.23512070815744993,-0.12795207524934438,-0.23512070815744993,-0.04152332748001903
continuous_Neumann_computational_halfcell,13.2,Pd,Pd,-3.8713932828944646,0.0,-0.09941084726835679,0.0,0.020829328052010418,48.00922994265681,1.0,1.0,nan,-0.13698868412409493,nan,-0.3670000000000003,-0.13698868412409493,-0.3670000000000003,nan,-0.1280965877961902,nan,-0.23512070815744993,-0.1280965877961902,-0.23512070815744993,-0.0414943420620475
continuous_Neumann_computational_halfcell,13.205,Pd,Pd,-3.873653691779315,0.0,-0.09946889075451171,0.0,0.020782298426931987,48.117873175379394,1.0,1.0,nan,-0.13693064063794003,nan,-0.3670000000000003,-0.13693064063794003,-0.3670000000000003,nan,-0.1282414449724695,nan,-0.23512070815744993,-0.1282414449724695,-0.23512070815744993,-0.041465320318970045
continuous_Neumann_computational_halfcell,13.21,Pd,Pd,-3.8758880525907564,0.0,-0.09952626537009261,0.0,0.020735915111583122,48.22550606611029,1.0,1.0,nan,-0.1368732660223591,nan,-0.3670000000000003,-0.1368732660223591,-0.3670000000000003,nan,-0.128384793860369,nan,-0.23512070815744993,-0.128384793860369,-0.23512070815744993,-0.04143663301117959
continuous_Neumann_computational_halfcell,13.215,Pd,Pd,-3.8780755129293993,0.0,-0.09958243566066764,0.0,0.02069060569403506,48.33111291122291,1.0,1.0,nan,-0.13681709573178408,nan,-0.3670000000000003,-0.13681709573178408,-0.3670000000000003,nan,-0.12852528900057741,nan,-0.23512070815744993,-0.12852528900057741,-0.23512070815744993,-0.04140854786589208
continuous_Neumann_computational_halfcell,13.22,Pd,Pd,-3.8802250928304733,0.0,-0.09963763324552191,0.0,0.020646177352136984,48.435116241820666,1.0,1.0,nan,-0.13676189814692982,nan,-0.3670000000000003,-0.13676189814692982,-0.3670000000000003,nan,-0.12866350095068768,nan,-0.23512070815744993,-0.12866350095068768,-0.23512070815744993,-0.04138094907346494
continuous_Neumann_computational_halfcell,13.225,Pd,Pd,-3.8823661263549116,0.0,-0.09969261137384455,0.0,0.020602020481812422,48.53892854260608,1.0,1.0,nan,-0.13670692001860718,nan,-0.3670000000000003,-0.13670692001860718,-0.3670000000000003,nan,-0.12880131113603696,nan,-0.23512070815744993,-0.12880131113603696,-0.23512070815744993,-0.04135346000930362
continuous_Neumann_computational_halfcell,13.23,Pd,Pd,-3.884517535524145,0.0,-0.0997478559312186,0.0,0.02055774475072778,48.643468051844465,1.0,1.0,nan,-0.13665167546123314,nan,-0.3670000000000003,-0.13665167546123314,-0.3670000000000003,nan,-0.1289399378442559,nan,-0.23512070815744993,-0.1289399378442559,-0.23512070815744993,-0.0413258377306166
continuous_Neumann_computational_halfcell,13.235,Pd,Pd,-3.8866682264440495,0.0,-0.0998030820451618,0.0,0.020513578906322924,48.7481976970761,1.0,1.0,nan,-0.13659644934728993,nan,-0.3670000000000003,-0.13659644934728993,-0.3670000000000003,nan,-0.129078667398753,nan,-0.23512070815744993,-0.129078667398753,-0.23512070815744993,-0.041298224673644995
continuous_Neumann_computational_halfcell,13.24,Pd,Pd,-3.888789019672835,0.0,-0.09985754043684371,0.0,0.02047011994710247,48.851692251151135,1.0,1.0,nan,-0.13654199095560804,nan,-0.3670000000000003,-0.13654199095560804,-0.3670000000000003,nan,-0.1292156145769826,nan,-0.23512070815744993,-0.1292156145769826,-0.23512070815744993,-0.041270995477804044
continuous_Neumann_computational_halfcell,13.245,Pd,Pd,-3.8908633999467526,0.0,-0.0999108070221576,0.0,0.020427701145652823,48.953134416341705,1.0,1.0,nan,-0.13648872437029413,nan,-0.3670000000000003,-0.13648872437029413,-0.3670000000000003,nan,-0.1293497052647115,nan,-0.23512070815744993,-0.1293497052647115,-0.23512070815744993,-0.0412443621851471
continuous_Neumann_computational_halfcell,13.25,Pd,Pd,-3.892904790460113,0.0,-0.0999632264860843,0.0,0.020386042765302374,49.05316895057379,1.0,1.0,nan,-0.13643630490636743,nan,-0.3670000000000003,-0.13643630490636743,-0.3670000000000003,nan,-0.12948179929773648,nan,-0.23512070815744993,-0.12948179929773648,-0.23512070815744993,-0.04121815245318375
continuous_Neumann_computational_halfcell,13.255,Pd,Pd,-3.894942390730982,0.0,-0.10001554862297912,0.0,0.02034454644985073,49.153221599950534,1.0,1.0,nan,-0.1363839827694726,nan,-0.3670000000000003,-0.1363839827694726,-0.3670000000000003,nan,-0.12961378259328096,nan,-0.23512070815744993,-0.12961378259328096,-0.23512070815744993,-0.04119199138473634
continuous_Neumann_computational_halfcell,13.26,Pd,Pd,-3.8969906215223804,0.0,-0.10006814373370418,0.0,0.020302918769476673,49.254001917369436,1.0,1.0,nan,-0.13633138765874755,nan,-0.3670000000000003,-0.13633138765874755,-0.3670000000000003,nan,-0.1297465900570062,nan,-0.23512070815744993,-0.1297465900570062,-0.23512070815744993,-0.04116569382937381
continuous_Neumann_computational_halfcell,13.265,Pd,Pd,-3.8990342485094853,0.0,-0.10012062062650301,0.0,0.020261469544565442,49.35476164749468,1.0,1.0,nan,-0.13627891076594872,nan,-0.3670000000000003,-0.13627891076594872,-0.3670000000000003,nan,-0.12987923463093534,nan,-0.23512070815744993,-0.12987923463093534,-0.23512070815744993,-0.041139455382974394
continuous_Neumann_computational_halfcell,13.27,Pd,Pd,-3.9010446247650545,0.0,-0.10017224369662026,0.0,0.020220777284372143,49.45408309169506,1.0,1.0,nan,-0.13622728769583148,nan,-0.3670000000000003,-0.13622728769583148,-0.3670000000000003,nan,-0.1300098533328182,nan,-0.23512070815744993,-0.1300098533328182,-0.23512070815744993,-0.04111364384791577
continuous_Neumann_computational_halfcell,13.275,Pd,Pd,-3.9030098397626496,0.0,-0.10022270710183373,0.0,0.020181078131052355,49.55136655763269,1.0,1.0,nan,-0.136176824290618,nan,-0.3670000000000003,-0.136176824290618,-0.3670000000000003,nan,-0.13013766477357697,nan,-0.23512070815744993,-0.13013766477357697,-0.23512070815744993,-0.04108841214530903
continuous_Neumann_computational_halfcell,13.28,Pd,Pd,-3.904947147174287,0.0,-0.10027245388732853,0.0,0.02014201902577756,49.64745583450247,1.0,1.0,nan,-0.1361270775051232,nan,-0.3670000000000003,-0.1361270775051232,-0.3670000000000003,nan,-0.13026378417797932,nan,-0.23512070815744993,-0.13026378417797932,-0.23512070815744993,-0.041063538752561635
continuous_Neumann_computational_halfcell,13.285,Pd,Pd,-3.906884803629154,0.0,-0.10032220963566452,0.0,0.02010302849991946,49.74374880899196,1.0,1.0,nan,-0.13607732175678722,nan,-0.3670000000000003,-0.13607732175678722,-0.3670000000000003,nan,-0.13039004856347738,nan,-0.23512070815744993,-0.13039004856347738,-0.23512070815744993,-0.04103866087839364
continuous_Neumann_computational_halfcell,13.29,Pd,Pd,-3.908832529402,0.0,-0.10037222394709615,0.0,0.02006391142023637,49.84073040670447,1.0,1.0,nan,-0.13602730744535557,nan,-0.3670000000000003,-0.13602730744535557,-0.3670000000000003,nan,-0.1305170924441516,nan,-0.23512070815744993,-0.1305170924441516,-0.23512070815744993,-0.041013653722677824
continuous_Neumann_computational_halfcell,13.295,Pd,Pd,-3.9107715623302255,0.0,-0.10042201504094544,0.0,0.02002504452959172,49.937466981522284,1.0,1.0,nan,-0.1359775163515063,nan,-0.3670000000000003,-0.1359775163515063,-0.3670000000000003,nan,-0.13064369227451772,nan,-0.23512070815744993,-0.13064369227451772,-0.23512070815744993,-0.040988758175753176
continuous_Neumann_computational_halfcell,13.3,Pd,Pd,-3.9126745675073185,0.0,-0.10047088100293561,0.0,0.0199869730028261,50.03258871959265,1.0,1.0,nan,-0.13592865038951613,nan,-0.3670000000000003,-0.13592865038951613,-0.3670000000000003,nan,-0.13076805924425794,nan,-0.23512070815744993,-0.13076805924425794,-0.23512070815744993,-0.040964325194758094
continuous_Neumann_computational_halfcell,13.305,Pd,Pd,-3.914534372353611,0.0,-0.10051863765332311,0.0,0.01994983567836518,50.12572615244451,1.0,1.0,nan,-0.13588089373912862,nan,-0.3670000000000003,-0.13588089373912862,-0.3670000000000003,nan,-0.13088971733572968,nan,-0.23512070815744993,-0.13088971733572968,-0.23512070815744993,-0.04094044686956434
continuous_Neumann_computational_halfcell,13.31,Pd,Pd,-3.9163714151509073,0.0,-0.10056580981269901,0.0,0.019913220618438195,50.217893888750105,1.0,1.0,nan,-0.1358337215797527,nan,-0.3670000000000003,-0.1358337215797527,-0.3670000000000003,nan,-0.13100999757349516,nan,-0.23512070815744993,-0.13100999757349516,-0.23512070815744993,-0.04091686078987639
continuous_Neumann_computational_halfcell,13.315,Pd,Pd,-3.9182122648065754,0.0,-0.10061307972577455,0.0,0.019876597092664167,50.310422621036516,1.0,1.0,nan,-0.1357864516666772,nan,-0.3670000000000003,-0.1357864516666772,-0.3670000000000003,nan,-0.13113063793963337,nan,-0.23512070815744993,-0.13113063793963337,-0.23512070815744993,-0.040893225833338626
continuous_Neumann_computational_halfcell,13.32,Pd,Pd,-3.920061874712575,0.0,-0.10066057458729734,0.0,0.019839867120315643,50.40356338758031,1.0,1.0,nan,-0.1357389568051544,nan,-0.3670000000000003,-0.1357389568051544,-0.3670000000000003,nan,-0.13125196429605046,nan,-0.23512070815744993,-0.13125196429605046,-0.23512070815744993,-0.04086947840257723
continuous_Neumann_computational_halfcell,13.325,Pd,Pd,-3.92189863077442,0.0,-0.10070773938379066,0.0,0.019803459570245943,50.49622751281638,1.0,1.0,nan,-0.13569179200866108,nan,-0.3670000000000003,-0.13569179200866108,-0.3670000000000003,nan,-0.13137255858367164,nan,-0.23512070815744993,-0.13137255858367164,-0.23512070815744993,-0.04084589600433057
continuous_Neumann_computational_halfcell,13.33,Pd,Pd,-3.9236972181504584,0.0,-0.10075392407283482,0.0,0.01976787332993551,50.58713111468842,1.0,1.0,nan,-0.13564560731961692,nan,-0.3670000000000003,-0.13564560731961692,-0.3670000000000003,nan,-0.13149075423472065,nan,-0.23512070815744993,-0.13149075423472065,-0.23512070815744993,-0.04082280365980849
continuous_Neumann_computational_halfcell,13.335,Pd,Pd,-3.9254552047014233,0.0,-0.10079906620119723,0.0,0.01973315220305953,50.67614082685455,1.0,1.0,nan,-0.13560046519125452,nan,-0.3670000000000003,-0.13560046519125452,-0.3670000000000003,nan,-0.1316063845351644,nan,-0.23512070815744993,-0.1316063845351644,-0.23512070815744993,-0.04080023259562728
continuous_Neumann_computational_halfcell,13.34,Pd,Pd,-3.9271955139363808,0.0,-0.10084375440591166,0.0,0.019698840281382784,50.76440976807615,1.0,1.0,nan,-0.1355557769865401,nan,-0.3670000000000003,-0.1355557769865401,-0.3670000000000003,nan,-0.13172095227695318,nan,-0.23512070815744993,-0.13172095227695318,-0.23512070815744993,-0.04077788849327007
continuous_Neumann_computational_halfcell,13.345,Pd,Pd,-3.9289423608097174,0.0,-0.10088861048614865,0.0,0.019664459461585355,50.85316491681382,1.0,1.0,nan,-0.13551092090630307,nan,-0.3670000000000003,-0.13551092090630307,-0.3670000000000003,nan,-0.13183605070128573,nan,-0.23512070815744993,-0.13183605070128573,-0.23512070815744993,-0.04075546045315157
continuous_Neumann_computational_halfcell,13.35,Pd,Pd,-3.930695993159133,0.0,-0.10093364080596218,0.0,0.019630005448005614,50.942420910107224,1.0,1.0,nan,-0.13546589058648956,nan,-0.3670000000000003,-0.13546589058648956,-0.3670000000000003,nan,-0.13195169737597856,nan,-0.23512070815744993,-0.13195169737597856,-0.23512070815744993,-0.04073294529324481
continuous_Neumann_computational_halfcell,13.355,Pd,Pd,-3.9324326643757104,0.0,-0.10097823559250306,0.0,0.019595944167746144,51.03096801255157,1.0,1.0,nan,-0.13542129579994866,nan,-0.3670000000000003,-0.13542129579994866,-0.3670000000000003,nan,-0.13206632549401998,nan,-0.23512070815744993,-0.13206632549401998,-0.23512070815744993,-0.04071064789997437
continuous_Neumann_computational_halfcell,13.36,Pd,Pd,-3.9341297024840767,0.0,-0.10102181266769839,0.0,0.01956271730532421,51.117643034581846,1.0,1.0,nan,-0.13537771872475335,nan,-0.3670000000000003,-0.13537771872475335,-0.3670000000000003,nan,-0.13217843384392677,nan,-0.23512070815744993,-0.13217843384392677,-0.23512070815744993,-0.040688859362376706
continuous_Neumann_computational_halfcell,13.365,Pd,Pd,-3.935789294058516,0.0,-0.10106442817908634,0.0,0.01953027810986435,51.202547878461615,1.0,1.0,nan,-0.1353351032133654,nan,-0.3670000000000003,-0.1353351032133654,-0.3670000000000003,nan,-0.1322881604705419,nan,-0.23512070815744993,-0.1322881604705419,-0.23512070815744993,-0.04066755160668273
continuous_Neumann_computational_halfcell,13.37,Pd,Pd,-3.937436114772602,0.0,-0.1011067157563288,0.0,0.019498141712026854,51.286938764178714,1.0,1.0,nan,-0.13529281563612294,nan,-0.3670000000000003,-0.13529281563612294,-0.3670000000000003,nan,-0.13239713277029064,nan,-0.23512070815744993,-0.13239713277029064,-0.23512070815744993,-0.040646407818061496
continuous_Neumann_computational_halfcell,13.375,Pd,Pd,-3.9390914504508014,0.0,-0.10114922198348233,0.0,0.019465892441440397,51.371906169127286,1.0,1.0,nan,-0.1352503094089694,nan,-0.3670000000000003,-0.1352503094089694,-0.3670000000000003,nan,-0.13250675897985947,nan,-0.23512070815744993,-0.13250675897985947,-0.23512070815744993,-0.04062515470448473
continuous_Neumann_computational_halfcell,13.38,Pd,Pd,-3.9407510246450044,0.0,-0.10119183704857515,0.0,0.019433614140203698,51.45723244196915,1.0,1.0,nan,-0.13520769434387658,nan,-0.3670000000000003,-0.13520769434387658,-0.3670000000000003,nan,-0.1326167570099012,nan,-0.23512070815744993,-0.1326167570099012,-0.23512070815744993,-0.04060384717193832
continuous_Neumann_computational_halfcell,13.385,Pd,Pd,-3.942389701422822,0.0,-0.10123391550327558,0.0,0.01940179480592543,51.5416233396404,1.0,1.0,nan,-0.13516561588917614,nan,-0.3670000000000003,-0.13516561588917614,-0.3670000000000003,nan,-0.13272545953592713,nan,-0.23512070815744993,-0.13272545953592713,-0.23512070815744993,-0.04058280794458811
continuous_Neumann_computational_halfcell,13.39,Pd,Pd,-3.9439879781562297,0.0,-0.10127495655300292,0.0,0.01937081013633486,51.62406698335486,1.0,1.0,nan,-0.1351245748394488,nan,-0.3670000000000003,-0.1351245748394488,-0.3670000000000003,nan,-0.13283156793488005,nan,-0.23512070815744993,-0.13283156793488005,-0.23512070815744993,-0.04056228741972444
continuous_Neumann_computational_halfcell,13.395,Pd,Pd,-3.9455524231919394,0.0,-0.1013151288618179,0.0,0.01934052926113784,51.704893206276616,1.0,1.0,nan,-0.13508440253063383,nan,-0.3670000000000003,-0.13508440253063383,-0.3670000000000003,nan,-0.13293551242696178,nan,-0.23512070815744993,-0.13293551242696178,-0.23512070815744993,-0.04054220126531695
continuous_Neumann_computational_halfcell,13.4,Pd,Pd,-3.9471087171752615,0.0,-0.1013550918653609,0.0,0.01931045312154251,51.78542386892061,1.0,1.0,nan,-0.13504443952709083,nan,-0.3670000000000003,-0.13504443952709083,-0.3670000000000003,nan,-0.13303899605355637,nan,-0.23512070815744993,-0.13303899605355637,-0.23512070815744993,-0.04052221976354545
continuous_Neumann_computational_halfcell,13.405,Pd,Pd,-3.9486747423756245,0.0,-0.10139530475013796,0.0,0.019280236131782896,51.86658468106258,1.0,1.0,nan,-0.13500422664231376,nan,-0.3670000000000003,-0.13500422664231376,-0.3670000000000003,nan,-0.1331432080581137,nan,-0.23512070815744993,-0.1331432080581137,-0.23512070815744993,-0.04050211332115692
continuous_Neumann_computational_halfcell,13.41,Pd,Pd,-3.9502419891397675,0.0,-0.10143554900261173,0.0,0.01925004291038792,51.94793615033289,1.0,1.0,nan,-0.13496398238984,nan,-0.3670000000000003,-0.13496398238984,-0.3670000000000003,nan,-0.13324758307912443,nan,-0.23512070815744993,-0.13324758307912443,-0.23512070815744993,-0.04048199119492003
continuous_Neumann_computational_halfcell,13.415,Pd,Pd,-3.9517846799318845,0.0,-0.10147516269915738,0.0,0.019220368941206788,52.02813760021472,1.0,1.0,nan,-0.13492436869329436,nan,-0.3670000000000003,-0.13492436869329436,-0.3670000000000003,nan,-0.13335040263846742,nan,-0.23512070815744993,-0.13335040263846742,-0.23512070815744993,-0.04046218434664721
continuous_Neumann_computational_halfcell,13.42,Pd,Pd,-3.9532869033426987,0.0,-0.10151373726163214,0.0,0.019191517329228032,52.1063542212493,1.0,1.0,nan,-0.13488579413081958,nan,-0.3670000000000003,-0.13488579413081958,-0.3670000000000003,nan,-0.13345060131229752,nan,-0.23512070815744993,-0.13345060131229752,-0.23512070815744993,-0.04044289706540983
continuous_Neumann_computational_halfcell,13.425,Pd,Pd,-3.9547592685099247,0.0,-0.10155154511479164,0.0,0.01916328119965408,52.18313030954486,1.0,1.0,nan,-0.1348479862776601,nan,-0.3670000000000003,-0.1348479862776601,-0.3670000000000003,nan,-0.13354888149239608,nan,-0.23512070815744993,-0.13354888149239608,-0.23512070815744993,-0.04042399313883008
continuous_Neumann_computational_halfcell,13.43,Pd,Pd,-3.9562277185831505,0.0,-0.10158925243494318,0.0,0.019135161529192254,52.259814921050875,1.0,1.0,nan,-0.13481027895750855,nan,-0.3670000000000003,-0.13481027895750855,-0.3670000000000003,nan,-0.13364697243080423,nan,-0.23512070815744993,-0.13364697243080423,-0.23512070815744993,-0.04040513947875431
continuous_Neumann_computational_halfcell,13.435,Pd,Pd,-3.957706365493452,0.0,-0.10162722159266563,0.0,0.019106888289939294,52.33714589342885,1.0,1.0,nan,-0.1347723097997861,nan,-0.3670000000000003,-0.1347723097997861,-0.3670000000000003,nan,-0.13374581730689752,nan,-0.23512070815744993,-0.13374581730689752,-0.23512070815744993,-0.040386154899893084
continuous_Neumann_computational_halfcell,13.44,Pd,Pd,-3.959182855160727,0.0,-0.10166513535602707,0.0,0.01907869798327498,52.4144782247003,1.0,1.0,nan,-0.13473439603642468,nan,-0.3670000000000003,-0.13473439603642468,-0.3670000000000003,nan,-0.1338445909206139,nan,-0.23512070815744993,-0.1338445909206139,-0.23512070815744993,-0.04036719801821236
continuous_Neumann_computational_halfcell,13.445,Pd,Pd,-3.9606315023343583,0.0,-0.10170233417113066,0.0,0.01905107969077555,52.49046333495711,1.0,1.0,nan,-0.13469719722132106,nan,-0.3670000000000003,-0.13469719722132106,-0.3670000000000003,nan,-0.13394157283368893,nan,-0.23512070815744993,-0.13394157283368893,-0.23512070815744993,-0.04034859861066057
continuous_Neumann_computational_halfcell,13.45,Pd,Pd,-3.9620402986047303,0.0,-0.10173850968227931,0.0,0.019024259497290752,52.56446381749629,1.0,1.0,nan,-0.1346610217101724,nan,-0.3670000000000003,-0.1346610217101724,-0.3670000000000003,nan,-0.13403595426496645,nan,-0.23512070815744993,-0.13403595426496645,-0.23512070815744993,-0.040330510855086245
continuous_Neumann_computational_halfcell,13.455,Pd,Pd,-3.9634234618527024,0.0,-0.10177402698066357,0.0,0.018997964030388163,52.63721935679274,1.0,1.0,nan,-0.13462550441178817,nan,-0.3670000000000003,-0.13462550441178817,-0.3670000000000003,nan,-0.13412868312898282,nan,-0.23512070815744993,-0.13412868312898282,-0.23512070815744993,-0.040312752205894115
continuous_Neumann_computational_halfcell,13.46,Pd,Pd,-3.9648064777813308,0.0,-0.10180954049613564,0.0,0.018971707704166445,52.71006783329191,1.0,1.0,nan,-0.1345899908963161,nan,-0.3670000000000003,-0.1345899908963161,-0.3670000000000003,nan,-0.13422146625804854,nan,-0.23512070815744993,-0.13422146625804854,-0.23512070815744993,-0.04029499544815808
continuous_Neumann_computational_halfcell,13.465,Pd,Pd,-3.9661994329362322,0.0,-0.10184530923416787,0.0,0.018945299363210027,52.78354175505429,1.0,1.0,nan,-0.13455422215828386,nan,-0.3670000000000003,-0.13455422215828386,-0.3670000000000003,nan,-0.13431498106141151,nan,-0.23512070815744993,-0.13431498106141151,-0.23512070815744993,-0.04027711107914196
continuous_Neumann_computational_halfcell,13.47,Pd,Pd,-3.967586601560585,0.0,-0.10188092938385927,0.0,0.01891903725755011,52.85681223556581,1.0,1.0,nan,-0.13451860200859245,nan,-0.3670000000000003,-0.13451860200859245,-0.3670000000000003,nan,-0.13440817213936496,nan,-0.23512070815744993,-0.13440817213936496,-0.23512070815744993,-0.04025930100429626
continuous_Neumann_computational_halfcell,13.475,Pd,Pd,-3.9689430936164083,0.0,-0.10191576181103168,0.0,0.01889339113212168,52.928560733591425,1.0,1.0,nan,-0.13448376958142005,nan,-0.3670000000000003,-0.13448376958142005,-0.3670000000000003,nan,-0.13449936487029526,nan,-0.23512070815744993,-0.13449936487029526,-0.23512070815744993,-0.04024188479071006
continuous_Neumann_computational_halfcell,13.48,Pd,Pd,-3.970261002669601,0.0,-0.10194960349179798,0.0,0.018868507761514487,52.998361748546394,1.0,1.0,nan,-0.13444992790065374,nan,-0.3670000000000003,-0.13444992790065374,-0.3670000000000003,nan,-0.1345880230432449,nan,-0.23512070815744993,-0.1345880230432449,-0.23512070815744993,-0.04022496395032691
continuous_Neumann_computational_halfcell,13.485,Pd,Pd,-3.9715576466223155,0.0,-0.1019828991206648,0.0,0.018844057879849965,53.06712632576365,1.0,1.0,nan,-0.13441663227178693,nan,-0.3670000000000003,-0.13441663227178693,-0.3670000000000003,nan,-0.1346753077075641,nan,-0.23512070815744993,-0.1346753077075641,-0.23512070815744993,-0.0402083161358935
continuous_Neumann_computational_halfcell,13.49,Pd,Pd,-3.972857372701748,0.0,-0.10201627389334524,0.0,0.01881958167600703,53.13614389606193,1.0,1.0,nan,-0.1343832574991065,nan,-0.3670000000000003,-0.1343832574991065,-0.3670000000000003,nan,-0.13476285665673762,nan,-0.23512070815744993,-0.13476285665673762,-0.23512070815744993,-0.04019162874955328
continuous_Neumann_computational_halfcell,13.495,Pd,Pd,-3.974166100126613,0.0,-0.10204987980538834,0.0,0.018794968083098298,53.20573014961741,1.0,1.0,nan,-0.1343496515870634,nan,-0.3670000000000003,-0.1343496515870634,-0.3670000000000003,nan,-0.1348510694383915,nan,-0.23512070815744993,-0.1348510694383915,-0.23512070815744993,-0.04017482579353173
continuous_Neumann_computational_halfcell,13.5,Pd,Pd,-3.975465273233633,0.0,-0.10208324037867024,0.0,0.018770566020701304,53.27489852448456,1.0,1.0,nan,-0.1343162910137815,nan,-0.3670000000000003,-0.1343162910137815,-0.3670000000000003,nan,-0.13493869533704664,nan,-0.23512070815744993,-0.13493869533704664,-0.23512070815744993,-0.04015814550689078
continuous_Neumann_computational_halfcell,13.505,Pd,Pd,-3.9767314535615963,0.0,-0.102115753753055,0.0,0.018746814139516784,53.34239687649541,1.0,1.0,nan,-0.13428377763939675,nan,-0.3670000000000003,-0.13428377763939675,-0.3670000000000003,nan,-0.13502415074544008,nan,-0.23512070815744993,-0.13502415074544008,-0.23512070815744993,-0.0401418888196984
continuous_Neumann_computational_halfcell,13.51,Pd,Pd,-3.977960922777779,0.0,-0.1021473244480322,0.0,0.01872377967161691,53.40802004393827,1.0,1.0,nan,-0.13425220694441953,nan,-0.3670000000000003,-0.13425220694441953,-0.3670000000000003,nan,-0.13510718028178145,nan,-0.23512070815744993,-0.13510718028178145,-0.23512070815744993,-0.040126103472209795
continuous_Neumann_computational_halfcell,13.515,Pd,Pd,-3.979173528833922,0.0,-0.10217846212551296,0.0,0.018701088863279435,53.47282221430177,1.0,1.0,nan,-0.13422106926693878,nan,-0.3670000000000003,-0.13422106926693878,-0.3670000000000003,nan,-0.13518912101224684,nan,-0.23512070815744993,-0.13518912101224684,-0.23512070815744993,-0.04011053463346942
continuous_Neumann_computational_halfcell,13.52,Pd,Pd,-3.980391853120665,0.0,-0.10220974663750709,0.0,0.018678318746038685,53.53800915363867,1.0,1.0,nan,-0.13418978475494464,nan,-0.3670000000000003,-0.13418978475494464,-0.3670000000000003,nan,-0.13527149819494638,nan,-0.23512070815744993,-0.13527149819494638,-0.23512070815744993,-0.04009489237747235
continuous_Neumann_computational_halfcell,13.525,Pd,Pd,-3.981617617461028,0.0,-0.10224122219752453,0.0,0.01865543755532059,53.603674372933526,1.0,1.0,nan,-0.13415830919492722,nan,-0.3670000000000003,-0.13415830919492722,-0.3670000000000003,nan,-0.135354429095163,nan,-0.23512070815744993,-0.135354429095163,-0.23512070815744993,-0.04007915459746363
continuous_Neumann_computational_halfcell,13.53,Pd,Pd,-3.9828300312832443,0.0,-0.1022723549387624,0.0,0.01863283315068428,53.66870362187919,1.0,1.0,nan,-0.13412717645368932,nan,-0.3670000000000003,-0.13412717645368932,-0.3670000000000003,nan,-0.13543650676104016,nan,-0.23512070815744993,-0.13543650676104016,-0.23512070815744993,-0.0400635882268447
continuous_Neumann_computational_halfcell,13.535,Pd,Pd,-3.9840077036755233,0.0,-0.102302595578699,0.0,0.018610902693474415,53.73194500396976,1.0,1.0,nan,-0.13409693581375273,nan,-0.3670000000000003,-0.13409693581375273,-0.3670000000000003,nan,-0.13551628016292805,nan,-0.23512070815744993,-0.13551628016292805,-0.23512070815744993,-0.0400484679068764
continuous_Neumann_computational_halfcell,13.54,Pd,Pd,-3.9851510801598806,0.0,-0.10233195555758798,0.0,0.018589635585454525,53.79341598188459,1.0,1.0,nan,-0.13406757583486376,nan,-0.3670000000000003,-0.13406757583486376,-0.3670000000000003,nan,-0.13559377537636152,nan,-0.23512070815744993,-0.13559377537636152,-0.23512070815744993,-0.04003378791743191
continuous_Neumann_computational_halfcell,13.545,Pd,Pd,-3.9862819235908464,0.0,-0.10236099370881298,0.0,0.018568625499966233,53.854282321640795,1.0,1.0,nan,-0.13403853768363877,nan,-0.3670000000000003,-0.13403853768363877,-0.3670000000000003,nan,-0.13567046472031072,nan,-0.23512070815744993,-0.13567046472031072,-0.23512070815744993,-0.04001926884181941
continuous_Neumann_computational_halfcell,13.55,Pd,Pd,-3.987420488700021,0.0,-0.10239023013970554,0.0,0.018547495941818055,53.91563384819797,1.0,1.0,nan,-0.13400930125274618,nan,-0.3670000000000003,-0.13400930125274618,-0.3670000000000003,nan,-0.13574772153744138,nan,-0.23512070815744993,-0.13574772153744138,-0.23512070815744993,-0.04000465062637313
continuous_Neumann_computational_halfcell,13.555,Pd,Pd,-3.9885643780513864,0.0,-0.1024196032881539,0.0,0.01852629178863035,53.97734265492372,1.0,1.0,nan,-0.13397992810429782,nan,-0.3670000000000003,-0.13397992810429782,-0.3670000000000003,nan,-0.13582538393118995,nan,-0.23512070815744993,-0.13582538393118995,-0.23512070815744993,-0.03998996405214895
continuous_Neumann_computational_halfcell,13.56,Pd,Pd,-3.9896911981343184,0.0,-0.10244853812659004,0.0,0.018505427748198168,54.038199689675785,1.0,1.0,nan,-0.13395099326586168,nan,-0.3670000000000003,-0.13395099326586168,-0.3670000000000003,nan,-0.13590193087801716,nan,-0.23512070815744993,-0.13590193087801716,-0.23512070815744993,-0.03997549663293088
continuous_Neumann_computational_halfcell,13.565,Pd,Pd,-3.9907821293059413,0.0,-0.10247655139833943,0.0,0.018485250608160076,54.09718381413574,1.0,1.0,nan,-0.1339229799941123,nan,-0.3670000000000003,-0.1339229799941123,-0.3670000000000003,nan,-0.13597608092566754,nan,-0.23512070815744993,-0.13597608092566754,-0.23512070815744993,-0.039961489997056183
continuous_Neumann_computational_halfcell,13.57,Pd,Pd,-3.9918416511364203,0.0,-0.1025037581312055,0.0,0.01846567545358189,54.15453133646537,1.0,1.0,nan,-0.13389577326124624,nan,-0.3670000000000003,-0.13389577326124624,-0.3670000000000003,nan,-0.13604813482273348,nan,-0.23512070815744993,-0.13604813482273348,-0.23512070815744993,-0.039947886630623146
continuous_Neumann_computational_halfcell,13.575,Pd,Pd,-3.992892797415971,0.0,-0.10253074979405588,0.0,0.0184462755253969,54.211485598986975,1.0,1.0,nan,-0.13386878159839585,nan,-0.3670000000000003,-0.13386878159839585,-0.3670000000000003,nan,-0.13611965686149774,nan,-0.23512070815744993,-0.13611965686149774,-0.23512070815744993,-0.03993439079919796
continuous_Neumann_computational_halfcell,13.58,Pd,Pd,-3.9939530127586202,0.0,-0.10255797433514433,0.0,0.018426728864735866,54.26899192692573,1.0,1.0,nan,-0.1338415570573074,nan,-0.3670000000000003,-0.1338415570573074,-0.3670000000000003,nan,-0.13619183406497248,nan,-0.23512070815744993,-0.13619183406497248,-0.23512070815744993,-0.039920778528653736
continuous_Neumann_computational_halfcell,13.585,Pd,Pd,-3.9950159609164704,0.0,-0.10258526905031602,0.0,0.01840715261334727,54.32670772093707,1.0,1.0,nan,-0.13381426234213573,nan,-0.3670000000000003,-0.13381426234213573,-0.3670000000000003,nan,-0.13626423573263985,nan,-0.23512070815744993,-0.13626423573263985,-0.23512070815744993,-0.03990713117106789
continuous_Neumann_computational_halfcell,13.59,Pd,Pd,-3.9960582980225468,0.0,-0.10261203450845538,0.0,0.01838797615106648,54.383363986579965,1.0,1.0,nan,-0.13378749688399635,nan,-0.3670000000000003,-0.13378749688399635,-0.3670000000000003,nan,-0.13633527087624112,nan,-0.23512070815744993,-0.13633527087624112,-0.23512070815744993,-0.03989374844199821
continuous_Neumann_computational_halfcell,13.595,Pd,Pd,-3.9970642174147883,0.0,-0.10263786482115139,0.0,0.018369488629309292,54.43809679080876,1.0,1.0,nan,-0.13376166657130034,nan,-0.3670000000000003,-0.13376166657130034,-0.3670000000000003,nan,-0.1364038592698045,nan,-0.23512070815744993,-0.1364038592698045,-0.23512070815744993,-0.0398808332856502
continuous_Neumann_computational_halfcell,13.6,Pd,Pd,-3.9980420042700864,0.0,-0.10266297273776698,0.0,0.018351535963159825,54.49135167799965,1.0,1.0,nan,-0.13373655865468476,nan,-0.3670000000000003,-0.13373655865468476,-0.3670000000000003,nan,-0.1364705625241702,nan,-0.23512070815744993,-0.1364705625241702,-0.23512070815744993,-0.03986827932734241
continuous_Neumann_computational_halfcell,13.605,Pd,Pd,-3.999015306811133,0.0,-0.102687965504759,0.0,0.01833368305612403,54.54441406774338,1.0,1.0,nan,-0.13371156588769273,nan,-0.3670000000000003,-0.13371156588769273,-0.3670000000000003,nan,-0.13653699225955812,nan,-0.23512070815744993,-0.13653699225955812,-0.23512070815744993,-0.039855782943846396
continuous_Neumann_computational_halfcell,13.61,Pd,Pd,-3.9999983621068314,0.0,-0.10271320870603458,0.0,0.018315668887818562,54.598060607280516,1.0,1.0,nan,-0.13368632268641717,nan,-0.3670000000000003,-0.13368632268641717,-0.3670000000000003,nan,-0.13660412046254022,nan,-0.23512070815744993,-0.13660412046254022,-0.23512070815744993,-0.03984316134320861
continuous_Neumann_computational_halfcell,13.615,Pd,Pd,-4.000981169968876,0.0,-0.10273844555363142,0.0,0.01829767694719558,54.6517463875799,1.0,1.0,nan,-0.1336610858388203,nan,-0.3670000000000003,-0.1336610858388203,-0.3670000000000003,nan,-0.13667126476046418,nan,-0.23512070815744993,-0.13667126476046418,-0.23512070815744993,-0.03983054291941019
continuous_Neumann_computational_halfcell,13.62,Pd,Pd,-4.001940093246972,0.0,-0.10276306908541315,0.0,0.01828013928881413,54.704178354478614,1.0,1.0,nan,-0.13363646230703857,nan,-0.3670000000000003,-0.13363646230703857,-0.3670000000000003,nan,-0.1367368091008198,nan,-0.23512070815744993,-0.1367368091008198,-0.23512070815744993,-0.039818231153519325
continuous_Neumann_computational_halfcell,13.625,Pd,Pd,-4.002862690407289,0.0,-0.10278675982378367,0.0,0.01826328186171899,54.7546715629497,1.0,1.0,nan,-0.13361277156866808,nan,-0.3670000000000003,-0.13361277156866808,-0.3670000000000003,nan,-0.13679990014749974,nan,-0.23512070815744993,-0.13679990014749974,-0.23512070815744993,-0.03980638578433406
continuous_Neumann_computational_halfcell,13.63,Pd,Pd,-4.003760733945018,0.0,-0.1028098200665557,0.0,0.01824688800176712,54.803865727852056,1.0,1.0,nan,-0.13358971132589603,nan,-0.3670000000000003,-0.13358971132589603,-0.3670000000000003,nan,-0.1368613400735443,nan,-0.23512070815744993,-0.1368613400735443,-0.23512070815744993,-0.03979485566294805
continuous_Neumann_computational_halfcell,13.635,Pd,Pd,-4.004657833364048,0.0,-0.10283285606595254,0.0,0.01823052606937898,54.85305230328248,1.0,1.0,nan,-0.13356667532649918,nan,-0.3670000000000003,-0.13356667532649918,-0.3670000000000003,nan,-0.13692274295797158,nan,-0.23512070815744993,-0.13692274295797158,-0.23512070815744993,-0.03978333766324963
continuous_Neumann_computational_halfcell,13.64,Pd,Pd,-4.005564713234184,0.0,-0.10285614321083116,0.0,0.018214000666674775,54.90281999548011,1.0,1.0,nan,-0.1335433881816206,nan,-0.3670000000000003,-0.1335433881816206,-0.3670000000000003,nan,-0.13698484327596586,nan,-0.23512070815744993,-0.13698484327596586,-0.23512070815744993,-0.03977169409081032
continuous_Neumann_computational_halfcell,13.645,Pd,Pd,-4.006468069104898,0.0,-0.10287933986535068,0.0,0.018197554371790294,54.952439188762206,1.0,1.0,nan,-0.13352019152710104,nan,-0.3670000000000003,-0.13352019152710104,-0.3670000000000003,nan,-0.13704673028259745,nan,-0.23512070815744993,-0.13704673028259745,-0.23512070815744993,-0.03976009576355056
continuous_Neumann_computational_halfcell,13.65,Pd,Pd,-4.007344616532878,0.0,-0.10290184812429493,0.0,0.018181610341180546,55.00062872511595,1.0,1.0,nan,-0.1334976832681568,nan,-0.3670000000000003,-0.1334976832681568,-0.3670000000000003,nan,-0.1371068074262234,nan,-0.23512070815744993,-0.1371068074262234,-0.23512070815744993,-0.039748841634078436
continuous_Neumann_computational_halfcell,13.655,Pd,Pd,-4.008185536376699,0.0,-0.10292344152699269,0.0,0.018166327490978632,55.04689929742807,1.0,1.0,nan,-0.13347608986545906,nan,-0.3670000000000003,-0.13347608986545906,-0.3670000000000003,nan,-0.13716446746478542,nan,-0.23512070815744993,-0.13716446746478542,-0.23512070815744993,-0.03973804493272955
continuous_Neumann_computational_halfcell,13.66,Pd,Pd,-4.009005690698039,0.0,-0.10294450170611104,0.0,0.018151434407132377,55.092064768559695,1.0,1.0,nan,-0.1334550296863407,nan,-0.3670000000000003,-0.1334550296863407,-0.3670000000000003,nan,-0.13722072701473806,nan,-0.23512070815744993,-0.13722072701473806,-0.23512070815744993,-0.03972751484317038
continuous_Neumann_computational_halfcell,13.665,Pd,Pd,-4.009828015676137,0.0,-0.10296561762403231,0.0,0.01813651416471589,55.13738698175384,1.0,1.0,nan,-0.13343391376841943,nan,-0.3670000000000003,-0.13343391376841943,-0.3670000000000003,nan,-0.13727715863089338,nan,-0.23512070815744993,-0.13727715863089338,-0.23512070815744993,-0.039716956884209745
continuous_Neumann_computational_halfcell,13.67,Pd,Pd,-4.01065951510107,0.0,-0.1029869691262682,0.0,0.018121439931594235,55.18325275336025,1.0,1.0,nan,-0.13341256226618353,nan,-0.3670000000000003,-0.13341256226618353,-0.3670000000000003,nan,-0.13733424343579578,nan,-0.23512070815744993,-0.13733424343579578,-0.23512070815744993,-0.0397062811330918
continuous_Neumann_computational_halfcell,13.675,Pd,Pd,-4.011484013671483,0.0,-0.10300814085837263,0.0,0.018106504988042674,55.22877002825163,1.0,1.0,nan,-0.1333913905340791,nan,-0.3670000000000003,-0.1333913905340791,-0.3670000000000003,nan,-0.13739087105103154,nan,-0.23512070815744993,-0.13739087105103154,-0.23512070815744993,-0.03969569526703958
continuous_Neumann_computational_halfcell,13.68,Pd,Pd,-4.012279199815286,0.0,-0.10302855989682082,0.0,0.018092112669208127,55.27270464670221,1.0,1.0,nan,-0.13337097149563093,nan,-0.3670000000000003,-0.13337097149563093,-0.3670000000000003,nan,-0.13744550757033494,nan,-0.23512070815744993,-0.13744550757033494,-0.23512070815744993,-0.03968548574781549
continuous_Neumann_computational_halfcell,13.685,Pd,Pd,-4.01304003608236,0.0,-0.10304809688839349,0.0,0.018078352768920742,55.314774126940485,1.0,1.0,nan,-0.13335143450405823,nan,-0.3670000000000003,-0.13335143450405823,-0.3670000000000003,nan,-0.1374978042804657,nan,-0.23512070815744993,-0.1374978042804657,-0.23512070815744993,-0.039675717252029154
continuous_Neumann_computational_halfcell,13.69,Pd,Pd,-4.013784008582725,0.0,-0.10306720084689143,0.0,0.018064907973507943,55.35594210977951,1.0,1.0,nan,-0.13333233054556032,nan,-0.3670000000000003,-0.13333233054556032,-0.3670000000000003,nan,-0.13754896108731277,nan,-0.23512070815744993,-0.13754896108731277,-0.23512070815744993,-0.039666165272780184
continuous_Neumann_computational_halfcell,13.695,Pd,Pd,-4.01453277834532,0.0,-0.10308642799098897,0.0,0.018051386579490555,55.397406487109976,1.0,1.0,nan,-0.13331310340146277,nan,-0.3670000000000003,-0.13331310340146277,-0.3670000000000003,nan,-0.1376004669796941,nan,-0.23512070815744993,-0.1376004669796941,-0.23512070815744993,-0.039656551700731416
continuous_Neumann_computational_halfcell,13.7,Pd,Pd,-4.0152895187536615,0.0,-0.10310585980782035,0.0,0.018037731533153564,55.439343808947825,1.0,1.0,nan,-0.1332936715846314,nan,-0.3670000000000003,-0.1332936715846314,-0.3670000000000003,nan,-0.13765254074743902,nan,-0.23512070815744993,-0.13765254074743902,-0.23512070815744993,-0.039646835792315725
continuous_Neumann_computational_halfcell,13.705,Pd,Pd,-4.016035678554772,0.0,-0.10312501993251079,0.0,0.018024277523025278,55.480725855587885,1.0,1.0,nan,-0.13327451145994096,nan,-0.3670000000000003,-0.13327451145994096,-0.3670000000000003,nan,-0.13770390572467678,nan,-0.23512070815744993,-0.13770390572467678,-0.23512070815744993,-0.039637255729970504
continuous_Neumann_computational_halfcell,13.71,Pd,Pd,-4.0167504997221215,0.0,-0.1031433753339642,0.0,0.018011397991754847,55.52039883066124,1.0,1.0,nan,-0.13325615605848753,nan,-0.3670000000000003,-0.13325615605848753,-0.3670000000000003,nan,-0.13775313135435263,nan,-0.23512070815744993,-0.13775313135435263,-0.23512070815744993,-0.0396280780292438
continuous_Neumann_computational_halfcell,13.715,Pd,Pd,-4.017432786940214,0.0,-0.10316089531849551,0.0,0.017999113236467416,55.558292614879086,1.0,1.0,nan,-0.13323863607395622,nan,-0.3670000000000003,-0.13323863607395622,-0.3670000000000003,nan,-0.13780013297143506,nan,-0.23512070815744993,-0.13780013297143506,-0.23512070815744993,-0.03961931803697814
continuous_Neumann_computational_halfcell,13.72,Pd,Pd,-4.018102129808172,0.0,-0.1031780829139565,0.0,0.017987069689473802,55.595492610183705,1.0,1.0,nan,-0.13322144847849524,nan,-0.3670000000000003,-0.13322144847849524,-0.3670000000000003,nan,-0.1378462584575499,nan,-0.23512070815744993,-0.1378462584575499,-0.23512070815744993,-0.03961072423924765
continuous_Neumann_computational_halfcell,13.725,Pd,Pd,-4.01877835820339,0.0,-0.1031954473181395,0.0,0.01797491043388332,55.63310057528665,1.0,1.0,nan,-0.13320408407431222,nan,-0.3670000000000003,-0.13320408407431222,-0.3670000000000003,nan,-0.13789287411488535,nan,-0.23512070815744993,-0.13789287411488535,-0.23512070815744993,-0.03960204203715615
continuous_Neumann_computational_halfcell,13.73,Pd,Pd,-4.0194608039528195,0.0,-0.10321297137348806,0.0,0.017962647717456617,55.67108010631257,1.0,1.0,nan,-0.13318656001896367,nan,-0.3670000000000003,-0.13318656001896367,-0.3670000000000003,nan,-0.13793993434635063,nan,-0.23512070815744993,-0.13793993434635063,-0.23512070815744993,-0.03959328000948187
continuous_Neumann_computational_halfcell,13.735,Pd,Pd,-4.020129083109746,0.0,-0.10323013165464455,0.0,0.01795064766452306,55.708296362830396,1.0,1.0,nan,-0.13316939973780717,nan,-0.3670000000000003,-0.13316939973780717,-0.3670000000000003,nan,-0.13798603323916975,nan,-0.23512070815744993,-0.13798603323916975,-0.23512070815744993,-0.039584699868903624
continuous_Neumann_computational_halfcell,13.74,Pd,Pd,-4.020764520005677,0.0,-0.10324644860195374,0.0,0.017939244783980346,55.74370671908078,1.0,1.0,nan,-0.13315308279049798,nan,-0.3670000000000003,-0.13315308279049798,-0.3670000000000003,nan,-0.13802988091273002,nan,-0.23512070815744993,-0.13802988091273002,-0.23512070815744993,-0.03957654139524903
continuous_Neumann_computational_halfcell,13.745,Pd,Pd,-4.0213697242711515,0.0,-0.10326198922632457,0.0,0.01792839116117839,55.77745325890539,1.0,1.0,nan,-0.13313754216612717,nan,-0.3670000000000003,-0.13313754216612717,-0.3670000000000003,nan,-0.1380716553692767,nan,-0.23512070815744993,-0.1380716553692767,-0.23512070815744993,-0.039568771083063614
continuous_Neumann_computational_halfcell,13.75,Pd,Pd,-4.021965826859615,0.0,-0.10327729613498711,0.0,0.01791770718548937,55.810712255072936,1.0,1.0,nan,-0.13312223525746464,nan,-0.3670000000000003,-0.13312223525746464,-0.3670000000000003,nan,-0.13811281393823394,nan,-0.23512070815744993,-0.13811281393823394,-0.23512070815744993,-0.039561117628732344
continuous_Neumann_computational_halfcell,13.755,Pd,Pd,-4.022570327977769,0.0,-0.10329281870372119,0.0,0.01790687918456005,55.8444600923111,1.0,1.0,nan,-0.13310671268873053,nan,-0.3670000000000003,-0.13310671268873053,-0.3670000000000003,nan,-0.13815456492277384,nan,-0.23512070815744993,-0.13815456492277384,-0.23512070815744993,-0.039553356344365305
continuous_Neumann_computational_halfcell,13.76,Pd,Pd,-4.023178802984278,0.0,-0.10330844331520302,0.0,0.01789598661039732,55.878450390604,1.0,1.0,nan,-0.13309108807724873,nan,-0.3670000000000003,-0.13309108807724873,-0.3670000000000003,nan,-0.13819660311714252,nan,-0.23512070815744993,-0.13819660311714252,-0.23512070815744993,-0.03954554403862439
continuous_Neumann_computational_halfcell,13.765,Pd,Pd,-4.023769613126699,0.0,-0.10332361432278118,0.0,0.01788541660274058,55.91147370013008,1.0,1.0,nan,-0.13307591706967054,nan,-0.3670000000000003,-0.13307591706967054,-0.3670000000000003,nan,-0.13823743312492617,nan,-0.23512070815744993,-0.13823743312492617,-0.23512070815744993,-0.039537958534835306
continuous_Neumann_computational_halfcell,13.77,Pd,Pd,-4.02432663114506,0.0,-0.10333791760563123,0.0,0.017875456877557677,55.94262607382542,1.0,1.0,nan,-0.13306161378682052,nan,-0.3670000000000003,-0.13306161378682052,-0.3670000000000003,nan,-0.13827593885730521,nan,-0.23512070815744993,-0.13827593885730521,-0.23512070815744993,-0.039530806893410285
continuous_Neumann_computational_halfcell,13.775,Pd,Pd,-4.0248561400212335,0.0,-0.10335151450012632,0.0,0.017865994169990275,55.97225603485934,1.0,1.0,nan,-0.13304801689232543,nan,-0.3670000000000003,-0.13304801689232543,-0.3670000000000003,nan,-0.13831255287244593,nan,-0.23512070815744993,-0.13831255287244593,-0.23512070815744993,-0.03952400844616274
continuous_Neumann_computational_halfcell,13.78,Pd,Pd,-4.025380222277091,0.0,-0.10336497204816808,0.0,0.01785663337259069,56.00159778914233,1.0,1.0,nan,-0.13303455934428365,nan,-0.3670000000000003,-0.13303455934428365,-0.3670000000000003,nan,-0.1383488011988761,nan,-0.23512070815744993,-0.1383488011988761,-0.23512070815744993,-0.03951727967214186
continuous_Neumann_computational_halfcell,13.785,Pd,Pd,-4.025913617521754,0.0,-0.10337866873804848,0.0,0.01784711126901221,56.031476743034126,1.0,1.0,nan,-0.13302086265440327,nan,-0.3670000000000003,-0.13302086265440327,-0.3670000000000003,nan,-0.13838570341585624,nan,-0.23512070815744993,-0.13838570341585624,-0.23512070815744993,-0.03951043132720166
continuous_Neumann_computational_halfcell,13.79,Pd,Pd,-4.026448321795598,0.0,-0.10339239904158952,0.0,0.017837570893208053,56.06144502448852,1.0,1.0,nan,-0.1330071323508622,nan,-0.3670000000000003,-0.1330071323508622,-0.3670000000000003,nan,-0.13842270607553364,nan,-0.23512070815744993,-0.13842270607553364,-0.23512070815744993,-0.03950356617543114
continuous_Neumann_computational_halfcell,13.795,Pd,Pd,-4.026962040009959,0.0,-0.10340559045853298,0.0,0.01782840976146186,56.090252208675054,1.0,1.0,nan,-0.13299394093391875,nan,-0.3670000000000003,-0.13299394093391875,-0.3670000000000003,nan,-0.13845826577495052,nan,-0.23512070815744993,-0.13845826577495052,-0.23512070815744993,-0.03949697046695941
continuous_Neumann_computational_halfcell,13.8,Pd,Pd,-4.027441587316273,0.0,-0.1034179044242147,0.0,0.01781986224521788,56.11715658847806,1.0,1.0,nan,-0.13298162696823704,nan,-0.3670000000000003,-0.13298162696823704,-0.3670000000000003,nan,-0.1384914683995434,nan,-0.23512070815744993,-0.1384914683995434,-0.23512070815744993,-0.03949081348411855
continuous_Neumann_computational_halfcell,13.805,Pd,Pd,-4.027896699139065,0.0,-0.10342959092790975,0.0,0.017811754060434892,56.14270198246741,1.0,1.0,nan,-0.13296994046454197,nan,-0.3670000000000003,-0.13296994046454197,-0.3670000000000003,nan,-0.13852298653778894,nan,-0.23512070815744993,-0.13852298653778894,-0.23512070815744993,-0.03948497023227102
continuous_Neumann_computational_halfcell,13.81,Pd,Pd,-4.028349806240884,0.0,-0.10344122595375281,0.0,0.017803685256328524,56.1681464035396,1.0,1.0,nan,-0.1329583054386989,nan,-0.3670000000000003,-0.1329583054386989,-0.3670000000000003,nan,-0.13855437296749099,nan,-0.23512070815744993,-0.13855437296749099,-0.23512070815744993,-0.03947915271934949
continuous_Neumann_computational_halfcell,13.815,Pd,Pd,-4.028812532734115,0.0,-0.10345310798933645,0.0,0.017795448925214546,56.1941429071278,1.0,1.0,nan,-0.1329464234031153,nan,-0.3670000000000003,-0.1329464234031153,-0.3670000000000003,nan,-0.13858643306567467,nan,-0.23512070815744993,-0.13858643306567467,-0.23512070815744993,-0.039473211701557674
continuous_Neumann_computational_halfcell,13.82,Pd,Pd,-4.029273558587404,0.0,-0.10346494635535587,0.0,0.01778724665406395,56.220055832616715,1.0,1.0,nan,-0.13293458503709588,nan,-0.3670000000000003,-0.13293458503709588,-0.3670000000000003,nan,-0.13861838271221566,nan,-0.23512070815744993,-0.13861838271221566,-0.23512070815744993,-0.03946729251854796
continuous_Neumann_computational_halfcell,13.825,Pd,Pd,-4.029710537324663,0.0,-0.10347616723201056,0.0,0.017779475703475486,56.24462817002655,1.0,1.0,nan,-0.13292336416044118,nan,-0.3670000000000003,-0.13292336416044118,-0.3670000000000003,nan,-0.13864867266403058,nan,-0.23512070815744993,-0.13864867266403058,-0.23512070815744993,-0.03946168208022062
continuous_Neumann_computational_halfcell,13.83,Pd,Pd,-4.03011354090442,0.0,-0.1034865156839472,0.0,0.01777231195472593,56.267299524532866,1.0,1.0,nan,-0.13291301570850453,nan,-0.3670000000000003,-0.13291301570850453,-0.3670000000000003,nan,-0.1386766134346998,nan,-0.23512070815744993,-0.1386766134346998,-0.23512070815744993,-0.039456507854252296
continuous_Neumann_computational_halfcell,13.835,Pd,Pd,-4.030495453770071,0.0,-0.10349632256193213,0.0,0.017765525776085013,56.288792834161185,1.0,1.0,nan,-0.1329032088305196,nan,-0.3670000000000003,-0.1329032088305196,-0.3670000000000003,nan,-0.13870309715465545,nan,-0.23512070815744993,-0.13870309715465545,-0.23512070815744993,-0.039451604415259835
continuous_Neumann_computational_halfcell,13.84,Pd,Pd,-4.030878452088217,0.0,-0.10350615731250566,0.0,0.017758722912417615,56.31035547611138,1.0,1.0,nan,-0.13289337407994606,nan,-0.3670000000000003,-0.13289337407994606,-0.3670000000000003,nan,-0.13872966122453878,nan,-0.23512070815744993,-0.13872966122453878,-0.23512070815744993,-0.03944668703997307
continuous_Neumann_computational_halfcell,13.845,Pd,Pd,-4.031270772269922,0.0,-0.1035162314328065,0.0,0.01775175717350709,56.332451499078104,1.0,1.0,nan,-0.13288329995964523,nan,-0.3670000000000003,-0.13288329995964523,-0.3670000000000003,nan,-0.13875687711673718,nan,-0.23512070815744993,-0.13875687711673718,-0.23512070815744993,-0.03944164997982265
continuous_Neumann_computational_halfcell,13.85,Pd,Pd,-4.0316581199690305,0.0,-0.10352617786814439,0.0,0.017744882402760072,56.35427597110805,1.0,1.0,nan,-0.13287335352430735,nan,-0.3670000000000003,-0.13287335352430735,-0.3670000000000003,nan,-0.13878375329780324,nan,-0.23512070815744993,-0.13878375329780324,-0.23512070815744993,-0.039436676762153705
continuous_Neumann_computational_halfcell,13.855,Pd,Pd,-4.032018694849935,0.0,-0.1035354368226848,0.0,0.017738485197306142,56.37459957132445,1.0,1.0,nan,-0.13286409456976694,nan,-0.3670000000000003,-0.13286409456976694,-0.3670000000000003,nan,-0.13880877652108028,nan,-0.23512070815744993,-0.13880877652108028,-0.23512070815744993,-0.0394320472848835
continuous_Neumann_computational_halfcell,13.86,Pd,Pd,-4.032346054710478,0.0,-0.10354384287154635,0.0,0.017732679279629748,56.39305737338524,1.0,1.0,nan,-0.1328556885209054,nan,-0.3670000000000003,-0.1328556885209054,-0.3670000000000003,nan,-0.1388314985914651,nan,-0.23512070815744993,-0.1388314985914651,-0.23512070815744993,-0.039427844260452725
continuous_Neumann_computational_halfcell,13.865,Pd,Pd,-4.032655855403334,0.0,-0.10355179803060942,0.0,0.017727186534174835,56.41053068811452,1.0,1.0,nan,-0.1328477333618423,nan,-0.3670000000000003,-0.1328477333618423,-0.3670000000000003,nan,-0.13885300530434763,nan,-0.23512070815744993,-0.13885300530434763,-0.23512070815744993,-0.03942386668092119
continuous_Neumann_computational_halfcell,13.87,Pd,Pd,-4.0329694298634475,0.0,-0.10355985009364815,0.0,0.017721628612684708,56.42822236350357,1.0,1.0,nan,-0.13283968129880358,nan,-0.3670000000000003,-0.13283968129880358,-0.3670000000000003,nan,-0.1388747773891822,nan,-0.23512070815744993,-0.1388747773891822,-0.23512070815744993,-0.03941984064940182
continuous_Neumann_computational_halfcell,13.875,Pd,Pd,-4.033291442125972,0.0,-0.1035681188252156,0.0,0.01771592294965556,56.446395868945814,1.0,1.0,nan,-0.13283141256723613,nan,-0.3670000000000003,-0.13283141256723613,-0.3670000000000003,nan,-0.13889713887993976,nan,-0.23512070815744993,-0.13889713887993976,-0.23512070815744993,-0.039415706283618096
continuous_Neumann_computational_halfcell,13.88,Pd,Pd,-4.033605034773931,0.0,-0.10357617135528753,0.0,0.017710368237470707,56.4640998194634,1.0,1.0,nan,-0.13282336003716422,nan,-0.3670000000000003,-0.13282336003716422,-0.3670000000000003,nan,-0.1389189191482158,nan,-0.23512070815744993,-0.1389189191482158,-0.23512070815744993,-0.03941168001858213
continuous_Neumann_computational_halfcell,13.885,Pd,Pd,-4.033889530259806,0.0,-0.10358347671933305,0.0,0.017705330434304067,56.480165886229415,1.0,1.0,nan,-0.1328160546731187,nan,-0.3670000000000003,-0.1328160546731187,-0.3670000000000003,nan,-0.13893868145645452,nan,-0.23512070815744993,-0.13893868145645452,-0.23512070815744993,-0.039408027336559376
continuous_Neumann_computational_halfcell,13.89,Pd,Pd,-4.034142111984895,0.0,-0.10358996259184994,0.0,0.017700858956130307,56.49443354576145,1.0,1.0,nan,-0.1328095688006018,nan,-0.3670000000000003,-0.1328095688006018,-0.3670000000000003,nan,-0.13895622925041615,nan,-0.23512070815744993,-0.13895622925041615,-0.23512070815744993,-0.03940478440030093
continuous_Neumann_computational_halfcell,13.895,Pd,Pd,-4.03438076508545,0.0,-0.10359609080079067,0.0,0.017696635095296738,56.507917726447985,1.0,1.0,nan,-0.13280344059166105,nan,-0.3670000000000003,-0.13280344059166105,-0.3670000000000003,nan,-0.13897281140721826,nan,-0.23512070815744993,-0.13897281140721826,-0.23512070815744993,-0.03940172029583056
continuous_Neumann_computational_halfcell,13.9,Pd,Pd,-4.034625417985151,0.0,-0.10360237307444997,0.0,0.01769230609177895,56.52174424365562,1.0,1.0,nan,-0.13279715831800176,nan,-0.3670000000000003,-0.13279715831800176,-0.3670000000000003,nan,-0.13898981249768375,nan,-0.23512070815744993,-0.13898981249768375,-0.23512070815744993,-0.03939857915900091
continuous_Neumann_computational_halfcell,13.905,Pd,Pd,-4.034877068168775,0.0,-0.10360883502655387,0.0,0.017687854379862762,56.535969740822736,1.0,1.0,nan,-0.13279069636589785,nan,-0.3670000000000003,-0.13279069636589785,-0.3670000000000003,nan,-0.13900730200388853,nan,-0.23512070815744993,-0.13900730200388853,-0.23512070815744993,-0.039395348182948965
continuous_Neumann_computational_halfcell,13.91,Pd,Pd,-4.035116765615781,0.0,-0.10361499005254933,0.0,0.01768361515441096,56.54952289269666,1.0,1.0,nan,-0.13278454133990242,nan,-0.3670000000000003,-0.13278454133990242,-0.3670000000000003,nan,-0.1390239628499619,nan,-0.23512070815744993,-0.1390239628499619,-0.23512070815744993,-0.03939227066995123
continuous_Neumann_computational_halfcell,13.915,Pd,Pd,-4.0353254985373965,0.0,-0.10362034996177949,0.0,0.01767992438696079,56.56132787182705,1.0,1.0,nan,-0.13277918143067224,nan,-0.3670000000000003,-0.13277918143067224,-0.3670000000000003,nan,-0.13903847304610775,nan,-0.23512070815744993,-0.13903847304610775,-0.23512070815744993,-0.039389590715336154
continuous_Neumann_computational_halfcell,13.92,Pd,Pd,-4.035504124401845,0.0,-0.10362493677258151,0.0,0.01767676657722543,56.571432090323015,1.0,1.0,nan,-0.13277459461987023,nan,-0.3670000000000003,-0.13277459461987023,-0.3670000000000003,nan,-0.13905089153438502,nan,-0.23512070815744993,-0.13905089153438502,-0.23512070815744993,-0.03938729730993514
continuous_Neumann_computational_halfcell,13.925,Pd,Pd,-4.035672461795459,0.0,-0.10362925939281234,0.0,0.01767379116685574,56.580955979344935,1.0,1.0,nan,-0.1327702719996394,nan,-0.3670000000000003,-0.1327702719996394,-0.3670000000000003,nan,-0.13906259575927307,nan,-0.23512070815744993,-0.13906259575927307,-0.23512070815744993,-0.03938513599981973
continuous_Neumann_computational_halfcell,13.93,Pd,Pd,-4.035848513094789,0.0,-0.10363378009312622,0.0,0.017670679946831913,56.59091800705071,1.0,1.0,nan,-0.1327657512993255,nan,-0.3670000000000003,-0.1327657512993255,-0.3670000000000003,nan,-0.13907483737338905,nan,-0.23512070815744993,-0.13907483737338905,-0.23512070815744993,-0.03938287564966279
continuous_Neumann_computational_halfcell,13.935,Pd,Pd,-4.036029606658294,0.0,-0.10363843027027625,0.0,0.0176674801901672,56.601167186056784,1.0,1.0,nan,-0.13276110112217548,nan,-0.3670000000000003,-0.13276110112217548,-0.3670000000000003,nan,-0.13908743072247098,nan,-0.23512070815744993,-0.13908743072247098,-0.23512070815744993,-0.039380550561087774
continuous_Neumann_computational_halfcell,13.94,Pd,Pd,-4.036195218252592,0.0,-0.1036426828965799,0.0,0.017664554492877065,56.61054177184221,1.0,1.0,nan,-0.13275684849587183,nan,-0.3670000000000003,-0.13275684849587183,-0.3670000000000003,nan,-0.13909894844490586,nan,-0.23512070815744993,-0.13909894844490586,-0.23512070815744993,-0.03937842424793595
continuous_Neumann_computational_halfcell,13.945,Pd,Pd,-4.036328499212942,0.0,-0.10364610532675554,0.0,0.01766220030097806,56.61808738204741,1.0,1.0,nan,-0.13275342606569618,nan,-0.3670000000000003,-0.13275342606569618,-0.3670000000000003,nan,-0.1391082183744949,nan,-0.23512070815744993,-0.1391082183744949,-0.23512070815744993,-0.03937671303284813
continuous_Neumann_computational_halfcell,13.95,Pd,Pd,-4.036433938069788,0.0,-0.10364881281869141,0.0,0.017660338116943952,56.62405744319044,1.0,1.0,nan,-0.1327507185737603,nan,-0.3670000000000003,-0.1327507185737603,-0.3670000000000003,nan,-0.1391155522735743,nan,-0.23512070815744993,-0.1391155522735743,-0.23512070815744993,-0.03937535928688019
continuous_Neumann_computational_halfcell,13.955,Pd,Pd,-4.036532649057138,0.0,-0.10365134755029064,0.0,0.01765859493356858,56.62964713568593,1.0,1.0,nan,-0.13274818384216108,nan,-0.3670000000000003,-0.13274818384216108,-0.3670000000000003,nan,-0.13912241855977775,nan,-0.23512070815744993,-0.13912241855977775,-0.23512070815744993,-0.03937409192108058
continuous_Neumann_computational_halfcell,13.96,Pd,Pd,-4.03664023813649,0.0,-0.10365411025631238,0.0,0.017656695163796095,56.63574019505275,1.0,1.0,nan,-0.13274542113613935,nan,-0.3670000000000003,-0.13274542113613935,-0.3670000000000003,nan,-0.13912990278754628,nan,-0.23512070815744993,-0.13912990278754628,-0.23512070815744993,-0.03937271056806971
continuous_Neumann_computational_halfcell,13.965,Pd,Pd,-4.036750452807151,0.0,-0.10365694038308877,0.0,0.01765474924419007,56.64198262850354,1.0,1.0,nan,-0.13274259100936298,nan,-0.3670000000000003,-0.13274259100936298,-0.3670000000000003,nan,-0.13913757007701372,nan,-0.23512070815744993,-0.13913757007701372,-0.23512070815744993,-0.03937129550468151
continuous_Neumann_computational_halfcell,13.97,Pd,Pd,-4.036841748813899,0.0,-0.10365928471049747,0.0,0.01765313750965753,56.64715405139332,1.0,1.0,nan,-0.13274024668195428,nan,-0.3670000000000003,-0.13274024668195428,-0.3670000000000003,nan,-0.13914392157424746,nan,-0.23512070815744993,-0.13914392157424746,-0.23512070815744993,-0.03937012334097716
continuous_Neumann_computational_halfcell,13.975,Pd,Pd,-4.03689988150145,0.0,-0.10366077745982598,0.0,0.0176521113151584,56.65044719841925,1.0,1.0,nan,-0.13273875393262574,nan,-0.3670000000000003,-0.13273875393262574,-0.3670000000000003,nan,-0.13914796603808482,nan,-0.23512070815744993,-0.13914796603808482,-0.23512070815744993,-0.03936937696631291
continuous_Neumann_computational_halfcell,13.98,Pd,Pd,-4.036932837657879,0.0,-0.10366162371831587,0.0,0.017651529579002533,56.652314210183526,1.0,1.0,nan,-0.13273790767413585,nan,-0.3670000000000003,-0.13273790767413585,-0.3670000000000003,nan,-0.13915025894804395,nan,-0.23512070815744993,-0.13915025894804395,-0.23512070815744993,-0.03936895383706796
continuous_Neumann_computational_halfcell,13.985,Pd,Pd,-4.036962459847958,0.0,-0.10366238436617531,0.0,0.01765100670978247,56.65399240065917,1.0,1.0,nan,-0.13273714702627643,nan,-0.3670000000000003,-0.13273714702627643,-0.3670000000000003,nan,-0.13915231993101665,nan,-0.23512070815744993,-0.13915231993101665,-0.23512070815744993,-0.039368573513138244
continuous_Neumann_computational_halfcell,13.99,Pd,Pd,-4.037001548701575,0.0,-0.10366338810198122,0.0,0.017650316765649647,56.65620698355741,1.0,1.0,nan,-0.1327361432904705,nan,-0.3670000000000003,-0.1327361432904705,-0.3670000000000003,nan,-0.13915503960992598,nan,-0.23512070815744993,-0.13915503960992598,-0.23512070815744993,-0.039368071645235286
continuous_Neumann_computational_halfcell,13.995,Pd,Pd,-4.037040447401965,0.0,-0.10366438695497313,0.0,0.017649630204619234,56.65841087924219,1.0,1.0,nan,-0.1327351444374786,nan,-0.3670000000000003,-0.1327351444374786,-0.3670000000000003,nan,-0.13915774611134252,nan,-0.23512070815744993,-0.13915774611134252,-0.23512070815744993,-0.039367572218739336
continuous_Neumann_computational_halfcell,14.0,Pd,Pd,-4.037057168932915,0.0,-0.10366481633567352,0.0,0.017649335078249014,56.6593583025344,1.0,1.0,nan,-0.1327347150567782,nan,-0.3670000000000003,-0.1327347150567782,-0.3670000000000003,nan,-0.1391589095814855,nan,-0.23512070815744993,-0.1391589095814855,-0.23512070815744993,-0.03936735752838914
