L_support_nm,x_nm,material,sigma_C_per_m2,sigma_uC_per_cm2,phi_RP_with_V,phi_RP_no_V,i1_with_A_per_m2,i2_with_A_per_m2,i1_no_A_per_m2,i2_no_A_per_m2,c_R1_over_bulk,c_O2_over_bulk
3.0,0.0,Au,-0.07149262069515734,-7.149262069515734,-0.2072164032433371,0.0,0.03320036913846048,0.0,0.235120708157447,0.0,0.00031287562753865326,3196.15819188875
3.0,0.005,Au,-0.07149270522185977,-7.149270522185977,-0.20721623418993224,0.0,0.03320047842610626,0.0,0.235120708157447,0.0,0.0003128776873649696,3196.137150021526
3.0,0.01,Au,-0.07149306728100147,-7.149306728100147,-0.20721551007164885,0.0,0.03320094654960064,0.0,0.235120708157447,0.0,0.00031288651051667344,3196.047021486121
3.0,0.015,Au,-0.0714936992016868,-7.14936992016868,-0.20721424623027818,0.0,0.033201763605740814,0.0,0.235120708157447,0.0,0.00031290191061918935,3195.889721546088
3.0,0.02,Au,-0.07149450063555099,-7.149450063555099,-0.2072126433625498,0.0,0.0332027998667004,0.0,0.235120708157447,0.0,0.00031292144290055,3195.6902369193385
3.0,0.025,Au,-0.07149558692563084,-7.149558692563083,-0.2072104707823901,0.0,0.03320420450085478,0.0,0.235120708157447,0.0,0.0003129479195498332,3195.4198687068188
3.0,0.03,Au,-0.0714969350687328,-7.149693506873279,-0.2072077744961862,0.0,0.0332059478083258,0.0,0.235120708157447,0.0,0.00031298078157897507,3195.0843593496106
3.0,0.035,Au,-0.07149845411597852,-7.149845411597852,-0.20720473640169473,0.0,0.033207912224608636,0.0,0.235120708157447,0.0,0.00031301781366329713,3194.7063596695707
3.0,0.04,Au,-0.07150026497256391,-7.150026497256391,-0.20720111468852395,0.0,0.03321025415757323,0.0,0.235120708157447,0.0,0.00031306196534501216,3194.255804591091
3.0,0.045,Au,-0.07150232933934936,-7.1502329339349355,-0.20719698595495306,0.0,0.0332129241500423,0.0,0.235120708157447,0.0,0.00031311230562163563,3193.742251728676
3.0,0.05,Au,-0.07150456696613748,-7.150456696613748,-0.20719251070137681,0.0,0.0332158184744415,0.0,0.235120708157447,0.0,0.000313166880043873,3193.185690197844
3.0,0.055,Au,-0.0715071029406942,-7.1507102940694205,-0.20718743875226336,0.0,0.033219099010478065,0.0,0.235120708157447,0.0,0.00031322874249469456,3192.555038326145
3.0,0.06,Au,-0.07150988375420682,-7.150988375420682,-0.20718187712523814,0.0,0.03322269664255765,0.0,0.235120708157447,0.0,0.00031329659158311216,3191.8636425213626
3.0,0.065,Au,-0.07151284120065207,-7.151284120065207,-0.20717596223234763,0.0,0.03322652321814332,0.0,0.235120708157447,0.0,0.00031336876646662683,3191.1284946341266
3.0,0.07,Au,-0.07151610304939925,-7.151610304939925,-0.20716943853485328,0.0,0.0332307441643688,0.0,0.235120708157447,0.0,0.0003134483894063499,3190.3178762345296
3.0,0.075,Au,-0.07151960075489168,-7.151960075489168,-0.20716244312386842,0.0,0.03323527091323338,0.0,0.235120708157447,0.0,0.0003135337921753322,3189.4488726777718
3.0,0.08,Au,-0.0715232795481983,-7.15232795481983,-0.20715508553725517,0.0,0.033240032692258406,0.0,0.235120708157447,0.0,0.00031362364163630227,3188.535133329212
3.0,0.085,Au,-0.07152726821763171,-7.152726821763171,-0.20714710819838836,0.0,0.03324519634151133,0.0,0.235120708157447,0.0,0.00031372108848801877,3187.544722669132
3.0,0.09,Au,-0.07153148348838502,-7.153148348838502,-0.20713867765688174,0.0,0.03325065421595997,0.0,0.235120708157447,0.0,0.0003138241043249898,3186.4983798835938
3.0,0.095,Au,-0.07153588545374774,-7.153588545374774,-0.2071298737261563,0.0,0.03325635477644399,0.0,0.235120708157447,0.0,0.00031393171884764296,3185.406061135603
3.0,0.1,Au,-0.07154060206388577,-7.154060206388577,-0.20712044050588024,0.0,0.03326246388761052,0.0,0.235120708157447,0.0,0.00031404706642158137,3184.236080898732
3.0,0.105,Au,-0.07154553581258925,-7.154553581258925,-0.20711057300847327,0.0,0.0332688554448253,0.0,0.235120708157447,0.0,0.0003141677696053111,3183.012698139914
3.0,0.11,Au,-0.07155066308059456,-7.155066308059456,-0.20710031847246266,0.0,0.0332754990031943,0.0,0.235120708157447,0.0,0.0003142932563577679,3181.7418279623375
3.0,0.115,Au,-0.07155610890721999,-7.155610890721999,-0.2070894268192118,0.0,0.03328255678061383,0.0,0.235120708157447,0.0,0.00031442659452892227,3180.3925539384227
3.0,0.12,Au,-0.07156176230274132,-7.156176230274132,-0.20707812002816914,0.0,0.0332898851504344,0.0,0.235120708157447,0.0,0.00031456507475818927,3178.99245734357
3.0,0.125,Au,-0.07156761731218321,-7.156761731218321,-0.20706641000928536,0.0,0.033297476568814904,0.0,0.235120708157447,0.0,0.0003147085578227023,3177.5430795986526
3.0,0.13,Au,-0.07157379376949613,-7.1573793769496135,-0.20705405709465952,0.0,0.0333054866425716,0.0,0.235120708157447,0.0,0.00031485998923598297,3176.014845285771
3.0,0.135,Au,-0.07158016825853643,-7.158016825853643,-0.20704130811657892,0.0,0.033313755558684044,0.0,0.235120708157447,0.0,0.00031501635230398166,3174.4383829161634
3.0,0.14,Au,-0.07158675375379438,-7.158675375379437,-0.20702813712606302,0.0,0.03332230034573921,0.0,0.235120708157447,0.0,0.00031517797280056594,3172.810558791069
3.0,0.145,Au,-0.07159366237896844,-7.159366237896844,-0.2070143198757149,0.0,0.033331266754754736,0.0,0.235120708157447,0.0,0.00031534761263943544,3171.103759530876
3.0,0.15,Au,-0.07160075971177046,-7.160075971177046,-0.20700012521011085,0.0,0.0333404805917792,0.0,0.235120708157447,0.0,0.00031552198123608954,3169.3512955338265
3.0,0.155,Au,-0.0716080787341861,-7.1608078734186105,-0.20698548716527956,0.0,0.03334998489633349,0.0,0.235120708157447,0.0,0.00031570189732508445,3167.5451065480306
3.0,0.16,Au,-0.07161572117532769,-7.161572117532769,-0.2069702022829964,0.0,0.033359912076198144,0.0,0.235120708157447,0.0,0.0003158898731803186,3165.6602028174943
3.0,0.165,Au,-0.07162354343430988,-7.162354343430987,-0.20695455776503202,0.0,0.033370075891282144,0.0,0.235120708157447,0.0,0.00031608238779767215,3163.732111009333
3.0,0.17,Au,-0.07163159930733601,-7.163159930733601,-0.20693844601897976,0.0,0.033380546488403634,0.0,0.235120708157447,0.0,0.0003162807745544841,3161.7476636340257
3.0,0.175,Au,-0.07163997731625653,-7.163997731625653,-0.20692169000113872,0.0,0.03339143926578461,0.0,0.235120708157447,0.0,0.0003164872264281922,3159.6851831455833
3.0,0.18,Au,-0.07164852694620667,-7.164852694620667,-0.20690459074123843,0.0,0.03340255884299974,0.0,0.235120708157447,0.0,0.00031669804633825097,3157.581840375311
3.0,0.185,Au,-0.07165732325445218,-7.165732325445218,-0.20688699812474742,0.0,0.033414003112648395,0.0,0.235120708157447,0.0,0.0003169150955016077,3155.4192722098564
3.0,0.19,Au,-0.07166643868551945,-7.166643868551945,-0.20686876726261288,0.0,0.03342586670794819,0.0,0.235120708157447,0.0,0.0003171401759789264,3153.179810515237
3.0,0.195,Au,-0.07167571852379098,-7.1675718523790986,-0.2068502075860698,0.0,0.03343794860353494,0.0,0.235120708157447,0.0,0.0003173694802484872,3150.9015902129
3.0,0.2,Au,-0.07168525908645945,-7.168525908645945,-0.20683112646073287,0.0,0.03345037450236086,0.0,0.235120708157447,0.0,0.0003176053998523423,3148.561077566406
3.0,0.205,Au,-0.07169511390255992,-7.169511390255992,-0.20681141682853194,0.0,0.03346321454201793,0.0,0.235120708157447,0.0,0.00031784927446838485,3146.145296925842
3.0,0.21,Au,-0.07170512720760036,-7.170512720760036,-0.20679139021845105,0.0,0.03347626612836573,0.0,0.235120708157447,0.0,0.0003180972629722493,3143.6925632624498
3.0,0.215,Au,-0.07171541604717711,-7.171541604717711,-0.20677081253929755,0.0,0.03348968215569726,0.0,0.235120708157447,0.0,0.0003183522768800003,3141.174329897882
3.0,0.22,Au,-0.07172601233353687,-7.172601233353687,-0.20674961996657804,0.0,0.03350350469517816,0.0,0.235120708157447,0.0,0.000318615124703652,3138.582956255177
3.0,0.225,Au,-0.07173676281003918,-7.173676281003918,-0.2067281190135734,0.0,0.033517534201360305,0.0,0.235120708157447,0.0,0.0003188820190960811,3135.956059343358
3.0,0.23,Au,-0.07174780411742282,-7.174780411742282,-0.20670603639880614,0.0,0.03353194936086522,0.0,0.235120708157447,0.0,0.0003191563664641544,3133.2603860569193
3.0,0.235,Au,-0.0717591441036892,-7.175914410368921,-0.20668335642627336,0.0,0.033546760918971255,0.0,0.235120708157447,0.0,0.0003194383809127435,3130.4942040548217
3.0,0.24,Au,-0.07177063592270438,-7.177063592270438,-0.206660372788243,0.0,0.033561777465694845,0.0,0.235120708157447,0.0,0.00031972442551741483,3127.693476598433
3.0,0.245,Au,-0.07178243402027286,-7.178243402027286,-0.20663677659310606,0.0,0.03357720122458491,0.0,0.235120708157447,0.0,0.00032001836022272755,3124.8207112367436
3.0,0.25,Au,-0.07179452011087793,-7.179452011087793,-0.2066126044118959,0.0,0.03359300882922488,0.0,0.235120708157447,0.0,0.0003203197501131384,3121.880557308113
3.0,0.255,Au,-0.07180675792335413,-7.180675792335413,-0.20658812878694352,0.0,0.03360902245619519,0.0,0.235120708157447,0.0,0.00032062521269406836,3118.906313067064
3.0,0.26,Au,-0.07181931722769767,-7.181931722769767,-0.20656301017825643,0.0,0.033625464704172194,0.0,0.235120708157447,0.0,0.000320939002766349,3115.8568805301084
3.0,0.265,Au,-0.07183215204012955,-7.183215204012955,-0.20653734055339268,0.0,0.033642275949256985,0.0,0.235120708157447,0.0,0.0003212599935991593,3112.7436342033748
3.0,0.27,Au,-0.07184514098255132,-7.184514098255132,-0.20651136266854914,0.0,0.033659297633197714,0.0,0.235120708157447,0.0,0.00032158516597914286,3109.5961685771827
3.0,0.275,Au,-0.0718584659687815,-7.185846596878149,-0.20648471269608878,0.0,0.03367676864359065,0.0,0.235120708157447,0.0,0.0003219190930842675,3106.370580319179
3.0,0.28,Au,-0.07187205237897203,-7.187205237897203,-0.20645753987570772,0.0,0.03369459175617484,0.0,0.235120708157447,0.0,0.0003222599285477421,3103.0851539826253
3.0,0.285,Au,-0.07188579807006222,-7.188579807006222,-0.20643004849352733,0.0,0.033712633418092317,0.0,0.235120708157447,0.0,0.00032260512704692057,3099.7647469333533
3.0,0.29,Au,-0.07189989323969567,-7.189989323969567,-0.20640185815426043,0.0,0.03373114381377856,0.0,0.235120708157447,0.0,0.0003229594860706934,3096.363609462481
3.0,0.295,Au,-0.07191423443334623,-7.191423443334623,-0.20637317576695932,0.0,0.03374998773007704,0.0,0.235120708157447,0.0,0.0003233204297422259,3092.906936927157
3.0,0.3,Au,-0.07192874296113766,-7.192874296113766,-0.20634415871137646,0.0,0.03376906223077597,0.0,0.235120708157447,0.0,0.0003236859954168352,3089.413858366728
3.0,0.305,Au,-0.07194361281556655,-7.194361281556655,-0.20631441900251868,0.0,0.03378862295753235,0.0,0.235120708157447,0.0,0.0003240610942003329,3085.837880254163
3.0,0.31,Au,-0.0719587123438685,-7.19587123438685,-0.20628421994591478,0.0,0.03380849740596141,0.0,0.235120708157447,0.0,0.00032444243141388376,3082.210904542023
3.0,0.315,Au,-0.07197399024285914,-7.197399024285914,-0.2062536641479335,0.0,0.03382861852932385,0.0,0.235120708157447,0.0,0.0003248287300843515,3078.545422199323
3.0,0.32,Au,-0.07198963926433227,-7.198963926433227,-0.20622236610498723,0.0,0.03384924083917878,0.0,0.235120708157447,0.0,0.0003252248893613413,3074.795419144411
3.0,0.325,Au,-0.07200550110222372,-7.2005501102223715,-0.20619064242920435,0.0,0.03387015642814927,0.0,0.235120708157447,0.0,0.00032562692920128376,3070.9990799988714
3.0,0.33,Au,-0.07202155532076773,-7.202155532076773,-0.2061585339921163,0.0,0.03389133885223906,0.0,0.235120708157447,0.0,0.00032603435126892806,3067.1614696672077
3.0,0.335,Au,-0.07203798796263675,-7.2037987962636745,-0.20612566870837828,0.0,0.03391303429922052,0.0,0.235120708157447,0.0,0.0003264519048534115,3063.2383672229926
3.0,0.34,Au,-0.07205461656748682,-7.205461656748683,-0.20609241149867813,0.0,0.0339350026070629,0.0,0.235120708157447,0.0,0.0003268749822282883,3059.2735888903353
3.0,0.345,Au,-0.0720714544260307,-7.20714544260307,-0.20605873578159037,0.0,0.03395726186370046,0.0,0.235120708157447,0.0,0.00032730394229070486,3055.264146839453
3.0,0.35,Au,-0.07208867511375379,-7.208867511375379,-0.2060242944061442,0.0,0.03398004231407935,0.0,0.235120708157447,0.0,0.00032774323755798584,3051.168980483008
3.0,0.355,Au,-0.07210607548219669,-7.210607548219669,-0.2059894936692584,0.0,0.03400307597822912,0.0,0.235120708157447,0.0,0.0003281877153024248,3047.036660340868
3.0,0.36,Au,-0.07212370462343683,-7.212370462343682,-0.20595423538677812,0.0,0.03402642840228717,0.0,0.235120708157447,0.0,0.0003286386515890975,3042.8557175627566
3.0,0.365,Au,-0.07214171776748776,-7.214171776748776,-0.20591820909867625,0.0,0.03405030606101167,0.0,0.235120708157447,0.0,0.0003291000502870522,3038.589629894514
3.0,0.37,Au,-0.07215989548803975,-7.215989548803975,-0.20588185365757228,0.0,0.03407441886342865,0.0,0.235120708157447,0.0,0.00032956632123649443,3034.290628508752
3.0,0.375,Au,-0.07217832382051634,-7.2178323820516335,-0.2058449969926191,0.0,0.0340988815336776,0.0,0.235120708157447,0.0,0.0003300396948973055,3029.9385663629278
3.0,0.38,Au,-0.07219713384193807,-7.219713384193807,-0.20580737694977563,0.0,0.03412386898820432,0.0,0.235120708157447,0.0,0.00033052357431615046,3025.5028013326696
3.0,0.385,Au,-0.07221609514105337,-7.221609514105337,-0.20576945435154503,0.0,0.03414907593398194,0.0,0.235120708157447,0.0,0.0003310120632979344,3021.0379344994712
3.0,0.39,Au,-0.07223533077809935,-7.223533077809935,-0.20573098307745308,0.0,0.03417466660786129,0.0,0.235120708157447,0.0,0.00033150835758803215,3016.515201232746
3.0,0.395,Au,-0.07225494214697713,-7.225494214697712,-0.20569176033969752,0.0,0.034200776890019845,0.0,0.235120708157447,0.0,0.00033201511210690445,3011.911095414275
3.0,0.4,Au,-0.07227469392630269,-7.227469392630269,-0.2056522567810464,0.0,0.03422709427622454,0.0,0.235120708157447,0.0,0.00033252627779193814,3007.2811286983474
3.0,0.405,Au,-0.07229474512262084,-7.229474512262084,-0.2056121543884101,0.0,0.034253831321410376,0.0,0.235120708157447,0.0,0.00033304599720644965,3002.5882562405236
3.0,0.41,Au,-0.07231516240923447,-7.231516240923447,-0.20557131981518284,0.0,0.03428107798729352,0.0,0.235120708157447,0.0,0.00033357604022355304,2997.8172273099376
3.0,0.415,Au,-0.07233571227205016,-7.233571227205015,-0.20553022008955146,0.0,0.03430852345931577,0.0,0.235120708157447,0.0,0.0003341103767864473,2993.0228735133483
3.0,0.42,Au,-0.07235658736045993,-7.235658736045993,-0.20548846991273192,0.0,0.03433642578535032,0.0,0.235120708157447,0.0,0.00033465404620693545,2988.1604939019435
3.0,0.425,Au,-0.0723778152983619,-7.23778152983619,-0.20544601403692797,0.0,0.03436482301257,0.0,0.235120708157447,0.0,0.00033520781244812767,2983.224026602145
3.0,0.43,Au,-0.07239917156349378,-7.239917156349378,-0.20540330150666422,0.0,0.03439341560560666,0.0,0.235120708157447,0.0,0.00033576585098910803,2978.265946504605
3.0,0.435,Au,-0.07242087889458142,-7.2420878894581415,-0.20535988684448894,0.0,0.03442250259916385,0.0,0.235120708157447,0.0,0.000336334014910671,2973.2348072662116
3.0,0.44,Au,-0.07244292245431215,-7.244292245431215,-0.20531579972502748,0.0,0.03445206530011783,0.0,0.235120708157447,0.0,0.00033691196309841554,2968.1344372680805
3.0,0.445,Au,-0.0724650941562184,-7.24650941562184,-0.205271456321215,0.0,0.034481825463892786,0.0,0.235120708157447,0.0,0.00033749427278868924,2963.0132438606342
3.0,0.45,Au,-0.07248764204370772,-7.248764204370772,-0.20522636054623633,0.0,0.03451211693143063,0.0,0.235120708157447,0.0,0.0003380874947013349,2957.8142216806805
3.0,0.455,Au,-0.07251050651536327,-7.251050651536326,-0.20518063160292524,0.0,0.034542860880566455,0.0,0.235120708157447,0.0,0.0003386901105534379,2952.551517863767
3.0,0.46,Au,-0.07253350338956042,-7.253350338956042,-0.20513463785453093,0.0,0.03457381048596356,0.0,0.235120708157447,0.0,0.00033929729947565474,2947.267784168592
3.0,0.465,Au,-0.07255690006420043,-7.255690006420043,-0.20508784450525092,0.0,0.03460532660756291,0.0,0.235120708157447,0.0,0.0003399161614760743,2941.9018962132727
3.0,0.47,Au,-0.07258059114660623,-7.258059114660623,-0.20504046234043932,0.0,0.034637268579996064,0.0,0.235120708157447,0.0,0.00034054396099137345,2936.4784419869115
3.0,0.475,Au,-0.07260442360014964,-7.260442360014964,-0.2049927974333525,0.0,0.03466943090695798,0.0,0.235120708157447,0.0,0.00034117667665913454,2931.0327124121904
3.0,0.48,Au,-0.0726286771747837,-7.26286771747837,-0.20494429028408437,0.0,0.03470219220505788,0.0,0.235120708157447,0.0,0.0003418217793690174,2925.5011247262837
3.0,0.485,Au,-0.07265320106863299,-7.265320106863299,-0.2048952424963858,0.0,0.03473535012334225,0.0,0.235120708157447,0.0,0.00034247531234597993,2919.9184990880944
3.0,0.49,Au,-0.07267788013594316,-7.267788013594316,-0.20484588436176546,0.0,0.03476874983012373,0.0,0.235120708157447,0.0,0.00034313424189994337,2914.311304121016
3.0,0.495,Au,-0.0727029985841734,-7.2702998584173395,-0.204795647465305,0.0,0.03480277715661888,0.0,0.235120708157447,0.0,0.0003438062047641242,2908.615336614044
3.0,0.5,Au,-0.07272836208617656,-7.2728362086176555,-0.20474492046129866,0.0,0.03483717024200162,0.0,0.235120708157447,0.0,0.0003444860584885657,2902.8750956932918
3.0,0.505,Au,-0.07275389937110967,-7.275389937110967,-0.20469384589143244,0.0,0.03487183331665479,0.0,0.235120708157447,0.0,0.00034517192858165647,2897.10696958786
3.0,0.51,Au,-0.07277989052162086,-7.277989052162086,-0.20464186359041006,0.0,0.034907147861447795,0.0,0.235120708157447,0.0,0.00034587139061412236,2891.2480972318062
3.0,0.515,Au,-0.07280610111649838,-7.280610111649838,-0.20458944240065502,0.0,0.03494279678558909,0.0,0.235120708157447,0.0,0.00034657819364441474,2885.3517570871422
3.0,0.52,Au,-0.07283250872216171,-7.283250872216171,-0.20453662718932836,0.0,0.03497875048136093,0.0,0.235120708157447,0.0,0.00034729177004421454,2879.4232580653656
3.0,0.525,Au,-0.07285938027030706,-7.2859380270307055,-0.20448288409303766,0.0,0.0350153738049343,0.0,0.235120708157447,0.0,0.00034801939108172855,2873.40310806176
3.0,0.53,Au,-0.0728864462173583,-7.2886446217358305,-0.20442875219893517,0.0,0.035052300837857396,0.0,0.235120708157447,0.0,0.000348753817054376,2867.3521294939255
3.0,0.535,Au,-0.0729137366657518,-7.291373666575179,-0.2043741713021482,0.0,0.03508957359497512,0.0,0.235120708157447,0.0,0.00034949590400662906,2861.2638618535357
3.0,0.54,Au,-0.07294149620347025,-7.294149620347025,-0.20431865222671128,0.0,0.03512752768691905,0.0,0.235120708157447,0.0,0.0003502523665194026,2855.084206674743
3.0,0.545,Au,-0.07296942661446443,-7.296942661446443,-0.20426279140472292,0.0,0.035165756836881744,0.0,0.235120708157447,0.0,0.0003510151378948602,2848.87998277593
3.0,0.55,Au,-0.07299761275856124,-7.299761275856125,-0.2042064191165293,0.0,0.035204378193954576,0.0,0.235120708157447,0.0,0.0003517865773075139,2842.6326201919037
3.0,0.555,Au,-0.07302626782307946,-7.302626782307946,-0.20414910898749286,0.0,0.035243685558632505,0.0,0.235120708157447,0.0,0.0003525725888034264,2836.2953665622053
3.0,0.56,Au,-0.07305507272837027,-7.305507272837026,-0.20409149917691125,0.0,0.03528324269971773,0.0,0.235120708157447,0.0,0.00035336448047236627,2829.9392136505403
3.0,0.565,Au,-0.07308416765971112,-7.308416765971113,-0.20403330931422953,0.0,0.035323243198667344,0.0,0.235120708157447,0.0,0.00035416615099419485,2823.533522875796
3.0,0.57,Au,-0.07311372580082336,-7.3113725800823355,-0.20397419303200506,0.0,0.03536392696837317,0.0,0.235120708157447,0.0,0.00035498244703842575,2817.040696921426
3.0,0.575,Au,-0.07314341620085293,-7.314341620085293,-0.2039148122319459,0.0,0.035404839951843924,0.0,0.235120708157447,0.0,0.00035580428971162864,2810.5338494105213
3.0,0.58,Au,-0.07317343315610204,-7.317343315610205,-0.2038547783214477,0.0,0.035446251040864574,0.0,0.235120708157447,0.0,0.00035663710579276786,2803.970713527136
3.0,0.585,Au,-0.07320390202113598,-7.3203902021135985,-0.2037938405913798,0.0,0.03548833511594132,0.0,0.235120708157447,0.0,0.00035748445364863275,2797.3244424857935
3.0,0.59,Au,-0.07323448992089349,-7.323448992089348,-0.2037326647918648,0.0,0.0355306338618371,0.0,0.235120708157447,0.0,0.0003583371369602283,2790.6680521114663
3.0,0.595,Au,-0.07326544219106403,-7.3265442191064025,-0.20367076025152372,0.0,0.03557348780134545,0.0,0.235120708157447,0.0,0.0003592020479931827,2783.948492462323
3.0,0.6,Au,-0.07329682962595184,-7.329682962595184,-0.2036079853817481,0.0,0.03561699701582345,0.0,0.235120708157447,0.0,0.00036008125087293776,2777.1509834953085
3.0,0.605,Au,-0.0733283280504581,-7.332832805045809,-0.2035449885327356,0.0,0.035660713581855866,0.0,0.235120708157447,0.0,0.00036096572613627186,2770.346123173145
3.0,0.61,Au,-0.07336022889665587,-7.336022889665587,-0.20348118684034003,0.0,0.03570504335870936,0.0,0.235120708157447,0.0,0.00036186371578491135,2763.471319115043
3.0,0.615,Au,-0.07339254306085727,-7.339254306085727,-0.20341655851193724,0.0,0.0357500036691031,0.0,0.235120708157447,0.0,0.00036277561768163394,2756.524835904446
3.0,0.62,Au,-0.0734249660503592,-7.34249660503592,-0.20335171253293338,0.0,0.03579517229464515,0.0,0.235120708157447,0.0,0.0003636929002498507,2749.572508325066
3.0,0.625,Au,-0.07345782862989193,-7.345782862989194,-0.2032859873738679,0.0,0.03584101155005164,0.0,0.235120708157447,0.0,0.00036462498607985424,2742.5438139913877
3.0,0.63,Au,-0.07349107812231155,-7.349107812231155,-0.20321948838902867,0.0,0.035887450244099894,0.0,0.235120708157447,0.0,0.000365570477134594,2735.4506519185484
3.0,0.635,Au,-0.07352444070655444,-7.3524440706554435,-0.2031527632205429,0.0,0.03593410736791566,0.0,0.235120708157447,0.0,0.0003665216483334195,2728.351802811697
3.0,0.64,Au,-0.07355827801312222,-7.355827801312222,-0.20308508860740734,0.0,0.035981490344436505,0.0,0.235120708157447,0.0,0.0003674888818606782,2721.1707601513735
3.0,0.645,Au,-0.07359247200561186,-7.359247200561186,-0.20301670062242805,0.0,0.036029436265756255,0.0,0.235120708157447,0.0,0.00036846890420238684,2713.9332209448417
3.0,0.65,Au,-0.07362679015731143,-7.362679015731143,-0.20294806431902893,0.0,0.03607762051708778,0.0,0.235120708157447,0.0,0.0003694551128207691,2706.6887567614262
3.0,0.655,Au,-0.07366161497870809,-7.3661614978708085,-0.2028784146762356,0.0,0.03612658202991447,0.0,0.235120708157447,0.0,0.0003704585800935994,2699.3571042337358
3.0,0.66,Au,-0.07369676335331081,-7.369676335331081,-0.20280811792703016,0.0,0.03617606581385635,0.0,0.235120708157447,0.0,0.0003714741340746919,2691.9774710314855
3.0,0.665,Au,-0.07373205392173111,-7.373205392173111,-0.20273753679018955,0.0,0.03622581797752584,0.0,0.235120708157447,0.0,0.0003724965974190777,2684.5882806144105
3.0,0.67,Au,-0.07376787881806887,-7.376787881806887,-0.20266588699751403,0.0,0.03627639341480895,0.0,0.235120708157447,0.0,0.0003735374202460456,2677.1079570590528
3.0,0.675,Au,-0.07380399230383129,-7.380399230383129,-0.2025936600259892,0.0,0.036327447730231874,0.0,0.235120708157447,0.0,0.0003745895709834633,2669.588470855069
3.0,0.68,Au,-0.07384027293016682,-7.384027293016682,-0.20252109877331814,0.0,0.03637881068750296,0.0,0.235120708157447,0.0,0.0003756495755231698,2662.055450501423
3.0,0.685,Au,-0.07387711023508987,-7.387711023508987,-0.20244742416347203,0.0,0.03643103604392983,0.0,0.235120708157447,0.0,0.00037672891345072473,2654.4285938668672
3.0,0.69,Au,-0.07391420054009348,-7.391420054009348,-0.2023732435534648,0.0,0.03648369583522901,0.0,0.235120708157447,0.0,0.0003778187975725964,2646.771432297129
3.0,0.695,Au,-0.07395148955712665,-7.395148955712664,-0.20229866551939849,0.0,0.03653671448326871,0.0,0.235120708157447,0.0,0.0003789176992264231,2639.0955134625365
3.0,0.7,Au,-0.07398935140380981,-7.398935140380981,-0.20222294182603215,0.0,0.03659062643032128,0.0,0.235120708157447,0.0,0.00038003675235919767,2631.3244542591883
3.0,0.705,Au,-0.07402743133802436,-7.402743133802437,-0.20214678195760305,0.0,0.03664492915381542,0.0,0.235120708157447,0.0,0.0003811655848500551,2623.5317136340764
3.0,0.71,Au,-0.07406574765725406,-7.406574765725406,-0.20207014931914366,0.0,0.03669965030766967,0.0,0.235120708157447,0.0,0.0003823048089872933,2615.7138924015917
3.0,0.715,Au,-0.07410464603022984,-7.410464603022985,-0.2019923525731921,0.0,0.03675528630309474,0.0,0.235120708157447,0.0,0.00038346482172968357,2607.801141938729
3.0,0.72,Au,-0.07414372961492192,-7.414372961492193,-0.20191418540380793,0.0,0.036811272151880764,0.0,0.235120708157447,0.0,0.00038463390276433166,2599.874823340022
3.0,0.725,Au,-0.07418309260500344,-7.418309260500344,-0.2018354594236449,0.0,0.036867744433880814,0.0,0.235120708157447,0.0,0.00038581494401591454,2591.9161906770278
3.0,0.73,Au,-0.07422303941802001,-7.422303941802001,-0.20175556579761175,0.0,0.036925142871856935,0.0,0.235120708157447,0.0,0.00038701720979593114,2583.864424342489
3.0,0.735,Au,-0.0742631419777294,-7.42631419777294,-0.20167536067819297,0.0,0.03698285498343992,0.0,0.235120708157447,0.0,0.00038822793145294943,2575.8064244823486
3.0,0.74,Au,-0.07430357133860939,-7.430357133860939,-0.201594501956433,0.0,0.03704112870586325,0.0,0.235120708157447,0.0,0.0003894523534500623,2567.7081962433836
3.0,0.745,Au,-0.0743445785378456,-7.43445785378456,-0.20151248755796058,0.0,0.037100329108215986,0.0,0.235120708157447,0.0,0.0003906982204666284,2559.520232279674
3.0,0.75,Au,-0.07438571677138286,-7.438571677138286,-0.20143021109088605,0.0,0.037159813749647636,0.0,0.235120708157447,0.0,0.00039195207321783776,2551.3323396664964
3.0,0.755,Au,-0.07442723240892476,-7.442723240892477,-0.20134717981580225,0.0,0.03721994079722162,0.0,0.235120708157447,0.0,0.00039322150839498645,2543.095885272663
3.0,0.76,Au,-0.07446931209999194,-7.446931209999194,-0.2012630204336679,0.0,0.0372809840448393,0.0,0.235120708157447,0.0,0.00039451238640802094,2534.774659687767
3.0,0.765,Au,-0.07451150412750045,-7.451150412750045,-0.20117863637865088,0.0,0.037342290770739,0.0,0.235120708157447,0.0,0.0003958109652900647,2526.4585564656186
3.0,0.77,Au,-0.07455412603366307,-7.455412603366307,-0.20109339256632563,0.0,0.03740432449017599,0.0,0.235120708157447,0.0,0.00039712711490691254,2518.085425202966
3.0,0.775,Au,-0.07459729062994008,-7.4597290629940085,-0.2010070633737716,0.0,0.03746725309255065,0.0,0.235120708157447,0.0,0.0003984644830663854,2509.633963620785
3.0,0.78,Au,-0.07464055601379066,-7.464055601379066,-0.20092053260607046,0.0,0.03753043487223182,0.0,0.235120708157447,0.0,0.0003998094934549115,2501.191233251131
3.0,0.785,Au,-0.0746843041575239,-7.46843041575239,-0.20083303631860397,0.0,0.037594429976386644,0.0,0.235120708157447,0.0,0.000401174128005375,2492.6831771828565
3.0,0.79,Au,-0.07472856654653624,-7.472856654653624,-0.2007445115405793,0.0,0.03765928837599541,0.0,0.235120708157447,0.0,0.00040255954369187026,2484.104564579461
3.0,0.795,Au,-0.07477292628466327,-7.477292628466327,-0.20065579206432524,0.0,0.037724401686960195,0.0,0.235120708157447,0.0,0.00040395280661754306,2475.5367053230707
3.0,0.8,Au,-0.07481782051861298,-7.481782051861298,-0.20056600359642582,0.0,0.037790414181384825,0.0,0.235120708157447,0.0,0.00040536776680517514,2466.8956979024247
3.0,0.805,Au,-0.07486319424240875,-7.486319424240875,-0.20047525614883427,0.0,0.0378572490884756,0.0,0.235120708157447,0.0,0.00040680287543110445,2458.1930472842946
3.0,0.81,Au,-0.0749086707336274,-7.4908670733627405,-0.20038430316639697,0.0,0.0379243539747455,0.0,0.235120708157447,0.0,0.0004082463323995178,2449.501491225598
3.0,0.815,Au,-0.07495473072148502,-7.495473072148502,-0.20029218319068173,0.0,0.03799244111435837,0.0,0.235120708157447,0.0,0.0004097135308644999,2440.7297408264485
3.0,0.82,Au,-0.07500123016631464,-7.5001230166314645,-0.2001991843010225,0.0,0.03806130186665918,0.0,0.235120708157447,0.0,0.00041120007656295207,2431.906161979779
3.0,0.825,Au,-0.07504784714815536,-7.504784714815536,-0.20010595033734105,0.0,0.03813046196175641,0.0,0.235120708157447,0.0,0.00041269579386722356,2423.092299122703
3.0,0.83,Au,-0.07509509231706267,-7.509509231706267,-0.20001145999952644,0.0,0.03820068224505532,0.0,0.235120708157447,0.0,0.0004142172178523855,2414.1922568664677
3.0,0.835,Au,-0.07514273290715248,-7.5142732907152485,-0.1999161788193468,0.0,0.0382716211860169,0.0,0.235120708157447,0.0,0.00041575705496024826,2405.2508263404284
3.0,0.84,Au,-0.07519051536777016,-7.519051536777016,-0.19982061389811145,0.0,0.03834290370184844,0.0,0.235120708157447,0.0,0.0004173072275048269,2396.3160331040117
3.0,0.845,Au,-0.07523896488958369,-7.523896488958369,-0.1997237148544844,0.0,0.03841531690954933,0.0,0.235120708157447,0.0,0.0004188849426452377,2387.2903945533335
3.0,0.85,Au,-0.07528776327944323,-7.528776327944323,-0.19962611807476532,0.0,0.03848838977801081,0.0,0.235120708157447,0.0,0.00042048004786990323,2378.234128030257
3.0,0.855,Au,-0.07533673734618351,-7.533673734618351,-0.19952816994128475,0.0,0.03856186546241567,0.0,0.235120708157447,0.0,0.00042208700255672916,2369.179799289362
3.0,0.86,Au,-0.07538641015064786,-7.538641015064786,-0.19942882433235606,0.0,0.038636532746624576,0.0,0.235120708157447,0.0,0.0004237231579699784,2360.031499790842
3.0,0.865,Au,-0.07543638441017772,-7.543638441017772,-0.19932887581329634,0.0,0.038711799070289946,0.0,0.235120708157447,0.0,0.0004253756431153163,2350.863327943079
3.0,0.87,Au,-0.07548657721836463,-7.548657721836463,-0.19922849019692251,0.0,0.038787542137525624,0.0,0.235120708157447,0.0,0.000427041841877808,2341.690911604245
3.0,0.875,Au,-0.07553749204034614,-7.553749204034614,-0.1991266605529595,0.0,0.03886452616654765,0.0,0.235120708157447,0.0,0.0004287386767198507,2332.423115289472
3.0,0.88,Au,-0.07558866182703065,-7.558866182703065,-0.19902432097959047,0.0,0.03894204965139799,0.0,0.235120708157447,0.0,0.0004304508018378331,2323.145864127667
3.0,0.885,Au,-0.07564010137344679,-7.564010137344679,-0.1989214418867582,0.0,0.039020137691326166,0.0,0.235120708157447,0.0,0.00043217884444359737,2313.856897108039
3.0,0.89,Au,-0.0756922768353762,-7.56922768353762,-0.19881709096289937,0.0,0.03909950285402073,0.0,0.235120708157447,0.0,0.00043393869607853566,2304.47297979394
3.0,0.895,Au,-0.07574466354806869,-7.574466354806869,-0.1987123175375144,0.0,0.039179351761806855,0.0,0.235120708157447,0.0,0.0004357128829090221,2295.089356375084
3.0,0.9,Au,-0.07579737853440568,-7.579737853440569,-0.1986068875648404,0.0,0.039259865634951784,0.0,0.235120708157447,0.0,0.0004375055096880315,2285.685500767892
3.0,0.905,Au,-0.0758508332639816,-7.585083326398161,-0.19849997810568856,0.0,0.039341678307164875,0.0,0.235120708157447,0.0,0.00043933082359930284,2276.1890272285164
3.0,0.91,Au,-0.07590446017321498,-7.590446017321498,-0.19839272428722182,0.0,0.03942392581342591,0.0,0.235120708157447,0.0,0.0004411696691623303,2266.7016114202665
3.0,0.915,Au,-0.0759584798454229,-7.5958479845422895,-0.198284684942806,0.0,0.03950694954034473,0.0,0.235120708157447,0.0,0.0004430297638520044,2257.184689591315
3.0,0.92,Au,-0.07601323262750569,-7.601323262750569,-0.1981751793786404,0.0,0.03959127841447262,0.0,0.235120708157447,0.0,0.00044492310539878324,2247.579385888946
3.0,0.925,Au,-0.07606812497787516,-7.606812497787516,-0.19806539467790146,0.0,0.0396760029401127,0.0,0.235120708157447,0.0,0.00044682939561161556,2237.9906286854966
3.0,0.93,Au,-0.07612347896784555,-7.612347896784555,-0.19795468669796068,0.0,0.03976162359464311,0.0,0.235120708157447,0.0,0.0004487599885440725,2228.362656047689
3.0,0.935,Au,-0.07617954892831084,-7.617954892831085,-0.1978425467770301,0.0,0.03984854007177996,0.0,0.235120708157447,0.0,0.00045072405663937874,2218.6523778119376
3.0,0.94,Au,-0.07623573400928887,-7.623573400928888,-0.19773017661507403,0.0,0.03993582558213582,0.0,0.235120708157447,0.0,0.0004527007798455838,2208.964606469421
3.0,0.945,Au,-0.07629245218559434,-7.629245218559435,-0.1976167402624631,0.0,0.040024133198960865,0.0,0.235120708157447,0.0,0.00045470505173282036,2199.2278207359545
3.0,0.95,Au,-0.0763498590038086,-7.63498590038086,-0.19750192662603458,0.0,0.040113711841482706,0.0,0.235120708157447,0.0,0.0004567426944914673,2189.4165184478534
3.0,0.955,Au,-0.07640736618631386,-7.640736618631386,-0.19738691226102406,0.0,0.040203648107974506,0.0,0.235120708157447,0.0,0.0004587930548106025,2179.6319484670857
3.0,0.96,Au,-0.07646547852083098,-7.646547852083098,-0.19727068759198982,0.0,0.04029473561560729,0.0,0.235120708157447,0.0,0.00046087434141138664,2169.788834278752
3.0,0.965,Au,-0.0765242426663579,-7.652424266635791,-0.19715315930093597,0.0,0.040387054656441004,0.0,0.235120708157447,0.0,0.0004629885737861771,2159.8805167529513
3.0,0.97,Au,-0.07658310340351562,-7.658310340351562,-0.19703543782662053,0.0,0.04047973747734258,0.0,0.235120708157447,0.0,0.0004651160042212943,2150.001270487818
3.0,0.975,Au,-0.07664263986062197,-7.664263986062197,-0.19691636491240783,0.0,0.04057370066798835,0.0,0.235120708157447,0.0,0.0004672778021968699,2140.054578451145
3.0,0.98,Au,-0.07670278284882912,-7.670278284882912,-0.19679607893599355,0.0,0.04066884257129489,0.0,0.235120708157447,0.0,0.000469471825592195,2130.0532758032778
3.0,0.985,Au,-0.07676303064057317,-7.6763030640573175,-0.19667558335250543,0.0,0.04076437394982375,0.0,0.235120708157447,0.0,0.00047168000086740086,2120.0814072274416
3.0,0.99,Au,-0.07682402109526057,-7.682402109526057,-0.19655360244313064,0.0,0.040861311497649766,0.0,0.235120708157447,0.0,0.0004739259751521438,2110.0341665783803
3.0,0.995,Au,-0.07688556575569601,-7.688556575569601,-0.19643051312225976,0.0,0.04095936356425733,0.0,0.235120708157447,0.0,0.00047620319897622387,2099.943894013884
3.0,1.0,Au,-0.0769472360781568,-7.69472360781568,-0.19630717247733817,0.0,0.04105785184406028,0.0,0.235120708157447,0.0,0.0004784960481182743,2089.8814189429227
3.0,1.005,Au,-0.07700971026882883,-7.700971026882883,-0.19618222409599412,0.0,0.04115786538315951,0.0,0.235120708157447,0.0,0.0004808300411451945,2079.736943262315
3.0,1.01,Au,-0.07707268101961617,-7.707268101961617,-0.19605628259441943,0.0,0.04125892039287462,0.0,0.235120708157447,0.0,0.0004831941062369957,2069.561667023982
3.0,1.015,Au,-0.07713581122155985,-7.713581122155985,-0.19593002219053207,0.0,0.04136048035300875,0.0,0.235120708157447,0.0,0.0004855758249624638,2059.410597875836
3.0,1.02,Au,-0.07719979874249337,-7.719979874249337,-0.19580204714866503,0.0,0.041463674625776534,0.0,0.235120708157447,0.0,0.00048800186809154803,2049.172483520908
3.0,1.025,Au,-0.07726422186358163,-7.726422186358163,-0.19567320090648851,0.0,0.04156783150774049,0.0,0.235120708157447,0.0,0.000490456671937398,2038.9160902833846
3.0,1.03,Au,-0.07732885103348171,-7.7328851033481705,-0.19554394256668836,0.0,0.04167258442138476,0.0,0.235120708157447,0.0,0.0004929317349600661,2028.6784742739542
3.0,1.035,Au,-0.0773943813709585,-7.73943813709585,-0.19541288189173478,0.0,0.04177906750716557,0.0,0.235120708157447,0.0,0.0004954540624602082,2018.3505914442146
3.0,1.04,Au,-0.07746028526887035,-7.746028526887034,-0.19528107409591108,0.0,0.04188643202873321,0.0,0.235120708157447,0.0,0.0004980037860990757,2008.016862347818
3.0,1.045,Au,-0.07752645407745576,-7.752645407745576,-0.19514873647874026,0.0,0.04199450569205325,0.0,0.235120708157447,0.0,0.0005005769595299869,1997.6948218690343
3.0,1.05,Au,-0.0775935566924231,-7.75935566924231,-0.19501453124880558,0.0,0.04210438932475104,0.0,0.235120708157447,0.0,0.0005032000254621928,1987.281298488594
3.0,1.055,Au,-0.07766097214920793,-7.766097214920793,-0.1948797003352359,0.0,0.04221507478902591,0.0,0.235120708157447,0.0,0.0005058491619695602,1976.8738888613113
3.0,1.06,Au,-0.07772872267349598,-7.772872267349598,-0.1947441992866598,0.0,0.042326603528791716,0.0,0.235120708157447,0.0,0.0005085255160437535,1966.4696626824918
3.0,1.065,Au,-0.07779742713233603,-7.7797427132336034,-0.1946067903689797,0.0,0.04244000351071684,0.0,0.235120708157447,0.0,0.0005112540143850947,1955.974861542631
3.0,1.07,Au,-0.07786638753174638,-7.786638753174638,-0.19446886957015902,0.0,0.042554131452892247,0.0,0.235120708157447,0.0,0.0005140073988240583,1945.497287174837
3.0,1.075,Au,-0.0779357630676015,-7.79357630676015,-0.19433011849844878,0.0,0.04266925612356807,0.0,0.235120708157447,0.0,0.0005167923212527435,1935.0132710484645
3.0,1.08,Au,-0.07800609922121245,-7.800609922121245,-0.19418944619122688,0.0,0.04278629284115063,0.0,0.235120708157447,0.0,0.000519631209587626,1924.4417609049883
3.0,1.085,Au,-0.0780766407456842,-7.80766407456842,-0.19404836314228338,0.0,0.04290399371420416,0.0,0.235120708157447,0.0,0.0005224940503234095,1913.8973915225015
3.0,1.09,Au,-0.07814768561679715,-7.814768561679715,-0.19390627340005748,0.0,0.043022861697220326,0.0,0.235120708157447,0.0,0.0005253932606370245,1903.3361767669576
3.0,1.095,Au,-0.07821968382675641,-7.821968382675641,-0.19376227698013895,0.0,0.04314366074239838,0.0,0.235120708157447,0.0,0.0005283477877254273,1892.6926983172716
3.0,1.1,Au,-0.07829184561959314,-7.829184561959314,-0.1936179533944655,0.0,0.043265074583511774,0.0,0.235120708157447,0.0,0.0005313256990176261,1882.0847586497525
3.0,1.105,Au,-0.07836460499142404,-7.8364604991424045,-0.1934724346508037,0.0,0.043387839803245315,0.0,0.235120708157447,0.0,0.0005343452643331842,1871.4491673242612
3.0,1.11,Au,-0.07843829640056434,-7.843829640056434,-0.1933250518325231,0.0,0.04351253270240126,0.0,0.235120708157447,0.0,0.000537421001845849,1860.7385951895392
3.0,1.115,Au,-0.07851212068877023,-7.851212068877023,-0.19317740325611132,0.0,0.0436378097727058,0.0,0.235120708157447,0.0,0.0005405200376617186,1850.0701737644818
3.0,1.12,Au,-0.07858664039640496,-7.858664039640496,-0.19302836384084185,0.0,0.043764632745270954,0.0,0.235120708157447,0.0,0.00054366639037582,1839.363289146365
3.0,1.125,Au,-0.07866205723972895,-7.866205723972895,-0.19287753015419387,0.0,0.0438933577955923,0.0,0.235120708157447,0.0,0.0005468692690649112,1828.5905911478528
3.0,1.13,Au,-0.07873758941418926,-7.873758941418926,-0.19272646580527325,0.0,0.04402265918748199,0.0,0.235120708157447,0.0,0.0005500959580980798,1817.8646566635998
3.0,1.135,Au,-0.0788139158132144,-7.88139158132144,-0.19257381300722298,0.0,0.044153707119741134,0.0,0.235120708157447,0.0,0.0005533759160746686,1807.08984788031
3.0,1.14,Au,-0.07889109176376256,-7.889109176376256,-0.19241946110612665,0.0,0.04428661033091184,0.0,0.235120708157447,0.0,0.0005567122666272042,1796.2600430172276
3.0,1.145,Au,-0.07896838041491011,-7.896838041491011,-0.19226488380383155,0.0,0.04442010853921968,0.0,0.235120708157447,0.0,0.0005600736485603409,1785.4794678708452
3.0,1.15,Au,-0.07904656026428776,-7.904656026428776,-0.19210852410507626,0.0,0.04455555549640418,0.0,0.235120708157447,0.0,0.0005634944384484152,1774.6404077270136
3.0,1.155,Au,-0.07912553080739286,-7.912553080739286,-0.19195058301886606,0.0,0.04469279163364418,0.0,0.235120708157447,0.0,0.0005669710372500694,1763.7585243334713
3.0,1.16,Au,-0.07920462771606618,-7.920462771606617,-0.19179238920151942,0.0,0.044830671089382414,0.0,0.235120708157447,0.0,0.0005704747003670704,1752.9261146139393
3.0,1.165,Au,-0.0792847081015986,-7.92847081015986,-0.19163222843045458,0.0,0.044970698250360853,0.0,0.235120708157447,0.0,0.000574043984748268,1742.026789878347
3.0,1.17,Au,-0.07936551092996469,-7.936551092996469,-0.1914706227737224,0.0,0.045112431973120835,0.0,0.235120708157447,0.0,0.0005776681047694638,1731.0978254530442
3.0,1.175,Au,-0.07944647101484081,-7.944647101484081,-0.19130870260397015,0.0,0.045254889541250946,0.0,0.235120708157447,0.0,0.0005813222251041799,1720.216356463557
3.0,1.18,Au,-0.07952849932114368,-7.952849932114368,-0.1911446459913644,0.0,0.04539968556075687,0.0,0.235120708157447,0.0,0.0005850481342325813,1709.2610701369365
3.0,1.185,Au,-0.07961117474240778,-7.961117474240778,-0.19097929514883621,0.0,0.045546092649901324,0.0,0.235120708157447,0.0,0.0005888276012389065,1698.2899543023757
3.0,1.19,Au,-0.07969405596711497,-7.969405596711497,-0.19081353269942183,0.0,0.045693338095654,0.0,0.235120708157447,0.0,0.0005926409835430384,1687.362210459376
3.0,1.195,Au,-0.07977807990509388,-7.977807990509388,-0.19064548482346402,0.0,0.04584309959270146,0.0,0.235120708157447,0.0,0.0005965321525001788,1676.355575820702
3.0,1.2,Au,-0.0798626712530162,-7.98626712530162,-0.19047630212761937,0.0,0.045994368257880426,0.0,0.235120708157447,0.0,0.000600475406788221,1665.3471377765943
3.0,1.205,Au,-0.07994753449775366,-7.994753449775366,-0.19030657563814446,0.0,0.04614662468944403,0.0,0.235120708157447,0.0,0.0006044575277112836,1654.3759555553843
3.0,1.21,Au,-0.08003360219341352,-8.003360219341351,-0.19013444024682474,0.0,0.04630155688071181,0.0,0.235120708157447,0.0,0.0006085231398582438,1643.3228820730649
3.0,1.215,Au,-0.08012015623360791,-8.01201562336079,-0.18996133216643596,0.0,0.04645788913887388,0.0,0.235120708157447,0.0,0.0006126393037278627,1632.2818237665742
3.0,1.22,Au,-0.08020706513777219,-8.020706513777219,-0.1897875143581074,0.0,0.04661539343776397,0.0,0.235120708157447,0.0,0.0006168003577275518,1621.2701362305502
3.0,1.225,Au,-0.08029522528682496,-8.029522528682497,-0.18961119406000185,0.0,0.04677571093395782,0.0,0.235120708157447,0.0,0.0006210501953943276,1610.1758077140018
3.0,1.23,Au,-0.08038379260802485,-8.038379260802484,-0.18943405941760208,0.0,0.04693732404969563,0.0,0.235120708157447,0.0,0.000625349146592867,1599.1066837595754
3.0,1.235,Au,-0.08047281339190786,-8.047281339190786,-0.18925601784983606,0.0,0.04710032730373558,0.0,0.235120708157447,0.0,0.0006297000952348223,1588.0575651288234
3.0,1.24,Au,-0.08056311548310877,-8.056311548310877,-0.18907541366743424,0.0,0.047266255085862574,0.0,0.235120708157447,0.0,0.0006341445986457273,1576.9274107760118
3.0,1.245,Au,-0.08065375086536253,-8.065375086536253,-0.18889414290292672,0.0,0.04743338306454445,0.0,0.235120708157447,0.0,0.0006386370500611636,1565.8346159281361
3.0,1.25,Au,-0.08074495214041108,-8.074495214041107,-0.18871174035282962,0.0,0.04760215102209528,0.0,0.235120708157447,0.0,0.0006431896755242166,1554.75132461505
3.0,1.255,Au,-0.08083744674889926,-8.083744674889925,-0.18852675113585327,0.0,0.04777392561327047,0.0,0.235120708157447,0.0,0.0006478400110189623,1543.590983871371
3.0,1.26,Au,-0.08093020950082325,-8.093020950082325,-0.18834122563200528,0.0,0.04794682073878594,0.0,0.235120708157447,0.0,0.0006525375969616289,1532.478748590486
3.0,1.265,Au,-0.0810236620791565,-8.102366207915649,-0.18815432047533878,0.0,0.04812163430654742,0.0,0.235120708157447,0.0,0.0006573045607373656,1521.3647671609003
3.0,1.27,Au,-0.0811184012293626,-8.111840122936261,-0.18796484217492657,0.0,0.04829950515347929,0.0,0.235120708157447,0.0,0.0006621726994133744,1510.1800495337702
3.0,1.275,Au,-0.08121335548762582,-8.121335548762582,-0.18777493365840014,0.0,0.04847843956392953,0.0,0.235120708157447,0.0,0.0006670880689125224,1499.0524439002272
3.0,1.28,Au,-0.08130913220250172,-8.130913220250171,-0.18758338022864834,0.0,0.04865959537432018,0.0,0.235120708157447,0.0,0.0006720829768794878,1487.9115145023402
3.0,1.285,Au,-0.08140616979844745,-8.140616979844745,-0.18738930503675688,0.0,0.04884382645103813,0.0,0.235120708157447,0.0,0.0006771817848541577,1476.7083556675502
3.0,1.29,Au,-0.08150338478402407,-8.150338478402407,-0.18719487506560364,0.0,0.049029093747910805,0.0,0.235120708157447,0.0,0.0006823287025110918,1465.5693015988056
3.0,1.295,Au,-0.08160156033364684,-8.160156033364684,-0.1869985239663581,0.0,0.049216904825589006,0.0,0.235120708157447,0.0,0.0006875661777733774,1454.405455542348
3.0,1.3,Au,-0.08170095265279038,-8.170095265279038,-0.186799739328071,0.0,0.049407776470431854,0.0,0.235120708157447,0.0,0.0006929095193507022,1443.1898712216569
3.0,1.305,Au,-0.08180050288015099,-8.1800502880151,-0.1866006388733498,0.0,0.04959969335971268,0.0,0.235120708157447,0.0,0.0006983029744380036,1432.0431626469915
3.0,1.31,Au,-0.08190115370763668,-8.190115370763667,-0.18639933721837842,0.0,0.04979448992026253,0.0,0.235120708157447,0.0,0.0007037987395492837,1420.8607430021898
3.0,1.315,Au,-0.08200295995284546,-8.200295995284545,-0.18619572472796087,0.0,0.04999230091570479,0.0,0.235120708157447,0.0,0.000709401594676955,1409.6387821842673
3.0,1.32,Au,-0.08210492539015268,-8.210492539015268,-0.1859917938533464,0.0,0.050191208883058,0.0,0.235120708157447,0.0,0.0007150579193592855,1398.488112537837
3.0,1.325,Au,-0.08220812961257007,-8.220812961257007,-0.18578538540851164,0.0,0.050393339300148055,0.0,0.235120708157447,0.0,0.0007208288898077377,1387.2917888553607
3.0,1.33,Au,-0.08231241251541373,-8.231241251541373,-0.18557681960282432,0.0,0.050598409203868495,0.0,0.235120708157447,0.0,0.0007267074873356618,1376.0694879673174
3.0,1.335,Au,-0.08241687869588697,-8.241687869588697,-0.18536788724187783,0.0,0.050804676230454655,0.0,0.235120708157447,0.0,0.000732644485116478,1364.9184840871585
3.0,1.34,Au,-0.08252271609508786,-8.252271609508787,-0.18515621244347605,0.0,0.05101450821092722,0.0,0.235120708157447,0.0,0.0007387088762285018,1353.7132586053754
3.0,1.345,Au,-0.08262954256247992,-8.262954256247992,-0.18494255950869193,0.0,0.0512271799457266,0.0,0.235120708157447,0.0,0.0007448808446337494,1342.4965982199344
3.0,1.35,Au,-0.08273660064935943,-8.273660064935944,-0.1847284433349329,0.0,0.05144120227644952,0.0,0.235120708157447,0.0,0.0007511179304107724,1331.3488594968285
3.0,1.355,Au,-0.08284515273680115,-8.284515273680116,-0.18451133916004947,0.0,0.05165912428580834,0.0,0.235120708157447,0.0,0.0007574953801464977,1320.140064493334
3.0,1.36,Au,-0.08295459453215336,-8.295459453215335,-0.18429245556934507,0.0,0.05187976699574851,0.0,0.235120708157447,0.0,0.0007639799175826735,1308.9349300752867
3.0,1.365,Au,-0.08306434134207458,-8.306434134207457,-0.18407296194950262,0.0,0.05210197097774723,0.0,0.235120708157447,0.0,0.0007705382710305538,1297.7940714905094
3.0,1.37,Au,-0.08317569150903206,-8.317569150903207,-0.18385026161558765,0.0,0.05232839396141019,0.0,0.235120708157447,0.0,0.0007772499814981077,1286.5873577411396
3.0,1.375,Au,-0.08328782595855355,-8.328782595855355,-0.18362599271654467,0.0,0.05255740614200583,0.0,0.235120708157447,0.0,0.0007840680472683555,1275.3995058004698
3.0,1.38,Au,-0.08340036395058387,-8.340036395058387,-0.18340091673248404,0.0,0.05278825015804356,0.0,0.235120708157447,0.0,0.0007909707816683776,1264.2692033335563
3.0,1.385,Au,-0.08351459771410137,-8.351459771410138,-0.18317244920544903,0.0,0.05302360960663222,0.0,0.235120708157447,0.0,0.0007980396825867332,1253.0705199503875
3.0,1.39,Au,-0.08362950842873307,-8.362950842873307,-0.18294262777618564,0.0,0.053261422518279394,0.0,0.235120708157447,0.0,0.0008052142124420864,1241.9055507815235
3.0,1.395,Au,-0.08374494566877742,-8.374494566877742,-0.18271175329609693,0.0,0.05350139904736819,0.0,0.235120708157447,0.0,0.0008124865615571338,1230.7895875637573
3.0,1.4,Au,-0.08386215102243343,-8.386215102243343,-0.18247734258878492,0.0,0.05374615745725816,0.0,0.235120708157447,0.0,0.0008199374993584888,1219.6051537859782
3.0,1.405,Au,-0.08397992862619649,-8.397992862619649,-0.1822417873812588,0.0,0.05399323883353242,0.0,0.235120708157447,0.0,0.0008274936474022524,1208.4684917392372
3.0,1.41,Au,-0.08409837873887945,-8.409837873887945,-0.18200488715589289,0.0,0.05424287667967486,0.0,0.235120708157447,0.0,0.0008351631735627594,1197.3708032815382
3.0,1.415,Au,-0.08421864661602448,-8.421864661602447,-0.18176435140160282,0.0,0.05449752646325376,0.0,0.235120708157447,0.0,0.0008430231303614285,1186.2070730743426
3.0,1.42,Au,-0.08433938947229334,-8.433938947229334,-0.1815228656890651,0.0,0.0547543845294288,0.0,0.235120708157447,0.0,0.000850988540812722,1175.1039550367707
3.0,1.425,Au,-0.08446097159475144,-8.446097159475144,-0.1812797014441489,0.0,0.055014251268870926,0.0,0.235120708157447,0.0,0.0008590853680538971,1164.0286718714806
3.0,1.43,Au,-0.08458439645035792,-8.458439645035792,-0.18103285173293593,0.0,0.05527931817256226,0.0,0.235120708157447,0.0,0.0008673837153359153,1152.8922924414437
3.0,1.435,Au,-0.0847082113787986,-8.47082113787986,-0.18078522187605459,0.0,0.05554650599499162,0.0,0.235120708157447,0.0,0.0008757888279955292,1141.8277649062506
3.0,1.44,Au,-0.08483305013299391,-8.483305013299391,-0.18053554436766395,0.0,0.05581721070288343,0.0,0.235120708157447,0.0,0.0008843459048859604,1130.7792510544318
3.0,1.445,Au,-0.08495973064874328,-8.495973064874327,-0.18028218333616522,0.0,0.056093257795317715,0.0,0.235120708157447,0.0,0.0008931146975176855,1119.6770166020003
3.0,1.45,Au,-0.08508673362736092,-8.508673362736092,-0.18002817737892993,0.0,0.05637137798936849,0.0,0.235120708157447,0.0,0.0009019930915116009,1108.655941393248
3.0,1.455,Au,-0.0852149591295657,-8.52149591295657,-0.17977172637452038,0.0,0.05665357431844055,0.0,0.235120708157447,0.0,0.0009110464892667672,1097.6388271962112
3.0,1.46,Au,-0.08534499904533958,-8.53449990453396,-0.1795116465429726,0.0,0.05694120661642164,0.0,0.235120708157447,0.0,0.0009203208063092379,1086.5776293924068
3.0,1.465,Au,-0.0854753158943074,-8.54753158943074,-0.17925101284503697,0.0,0.057230916449841254,0.0,0.235120708157447,0.0,0.0009297095875955954,1075.6046977919082
3.0,1.47,Au,-0.08560706382225032,-8.560706382225032,-0.17898751698915114,0.0,0.05752530614673445,0.0,0.235120708157447,0.0,0.0009392988402067726,1064.6239058273136
3.0,1.475,Au,-0.0857405728959378,-8.57405728959378,-0.17872049884177618,0.0,0.057825175953354686,0.0,0.235120708157447,0.0,0.0009491171800967399,1053.6106826114703
3.0,1.48,Au,-0.08587433994260102,-8.587433994260103,-0.17845296474844974,0.0,0.05812719289357818,0.0,0.235120708157447,0.0,0.0009590574193503326,1042.6904373227226
3.0,1.485,Au,-0.08600975168244344,-8.600975168244345,-0.1781821412687649,0.0,0.05843452985315421,0.0,0.235120708157447,0.0,0.0009692259138238997,1031.751200351925
3.0,1.49,Au,-0.08614684677897974,-8.614684677897975,-0.1779079510756923,0.0,0.058747342890934515,0.0,0.235120708157447,0.0,0.0009796306527876607,1020.7928847003468
3.0,1.495,Au,-0.08628421150666898,-8.628421150666899,-0.1776332216203138,0.0,0.05906245065937213,0.0,0.235120708157447,0.0,0.0009901678816758078,1009.9297487892173
3.0,1.5,Au,-0.08642343440348586,-8.642343440348586,-0.17735477582668005,0.0,0.05938354563400774,0.0,0.235120708157447,0.0,0.0010009633081219818,999.0376189475024
3.0,1.505,Au,-0.08656424071346656,-8.656424071346656,-0.17707316320671865,0.0,0.059710068066981696,0.0,0.235120708157447,0.0,0.0010120012322898024,988.1410892527791
3.0,1.51,Au,-0.08670536240050833,-8.670536240050833,-0.17679091983263512,0.0,0.060039123281279506,0.0,0.235120708157447,0.0,0.0010231860078907286,977.3394009379331
3.0,1.515,Au,-0.08684855013734648,-8.684855013734648,-0.17650454435895882,0.0,0.06037484938135871,0.0,0.235120708157447,0.0,0.0010346608811948692,966.5002496713306
3.0,1.52,Au,-0.08699320252551068,-8.699320252551068,-0.1762152395826304,0.0,0.06071591583427159,0.0,0.235120708157447,0.0,0.001046383804860029,955.6722833012179
3.0,1.525,Au,-0.08713825288509562,-8.713825288509563,-0.17592513886346053,0.0,0.06105985534155766,0.0,0.235120708157447,0.0,0.0010582723541339083,944.9363352389581
3.0,1.53,Au,-0.08728556601702339,-8.728556601702339,-0.175630512599605,0.0,0.06141115448577427,0.0,0.235120708157447,0.0,0.0010704846213764562,934.156343800787
3.0,1.535,Au,-0.08743421050153545,-8.743421050153545,-0.17533322363058088,0.0,0.061767677187014855,0.0,0.235120708157447,0.0,0.0010829501062987093,923.4035752743819
3.0,1.54,Au,-0.08758337433792626,-8.758337433792626,-0.17503489595779925,0.0,0.062127526218090805,0.0,0.235120708157447,0.0,0.0010956050652121733,912.7376568000271
3.0,1.545,Au,-0.087734981008892,-8.773498100889201,-0.17473168261586777,0.0,0.0624954167187045,0.0,0.235120708157447,0.0,0.0011086188159934295,902.0232974342073
3.0,1.55,Au,-0.08788777637382499,-8.788777637382498,-0.1744260918860018,0.0,0.06286839591740676,0.0,0.235120708157447,0.0,0.0011218910097160922,891.3521824665143
3.0,1.555,Au,-0.0880412522757856,-8.80412522757856,-0.17411914008208057,0.0,0.06324527722477179,0.0,0.235120708157447,0.0,0.0011353822749839962,880.7606231250137
3.0,1.56,Au,-0.0881973291477032,-8.81973291477032,-0.17380698633824537,0.0,0.06363086272483254,0.0,0.235120708157447,0.0,0.001149268575510952,870.1186313698789
3.0,1.565,Au,-0.08835444869363608,-8.835444869363608,-0.1734927472463796,0.0,0.06402139856332054,0.0,0.235120708157447,0.0,0.00116341919052105,859.5354177990987
3.0,1.57,Au,-0.08851244979202186,-8.851244979202185,-0.17317674504960806,0.0,0.06441654274625881,0.0,0.235120708157447,0.0,0.0011778249061509382,849.0226304247044
3.0,1.575,Au,-0.08867318321749881,-8.867318321749881,-0.17285527819865415,0.0,0.06482102276466015,0.0,0.235120708157447,0.0,0.0011926627825593348,838.459969258117
3.0,1.58,Au,-0.08883481665888637,-8.883481665888638,-0.17253201131587903,0.0,0.06523032882698682,0.0,0.235120708157447,0.0,0.0012077722430024033,827.9706755920289
3.0,1.585,Au,-0.08899757148215466,-8.899757148215466,-0.17220650166934245,0.0,0.06564508609654324,0.0,0.235120708157447,0.0,0.0012231799491514736,817.5411971833787
3.0,1.59,Au,-0.08916315895493523,-8.916315895493524,-0.1718753267237813,0.0,0.06606976848477394,0.0,0.235120708157447,0.0,0.0012390575513390896,807.0650139852403
3.0,1.595,Au,-0.08932951447818527,-8.932951447818526,-0.17154261567728124,0.0,0.06649918729312661,0.0,0.235120708157447,0.0,0.0012552163402149723,796.6754159914274
3.0,1.6,Au,-0.08949726794736039,-8.949726794736039,-0.171207108738931,0.0,0.06693504099116787,0.0,0.235120708157447,0.0,0.0012717243186243852,786.3339446726101
3.0,1.605,Au,-0.08966791986820269,-8.966791986820269,-0.1708658048972464,0.0,0.06738135666569418,0.0,0.235120708157447,0.0,0.0012887403032245473,775.9515221941206
3.0,1.61,Au,-0.0898392263715239,-8.983922637152391,-0.17052319189060397,0.0,0.06783237746224281,0.0,0.235120708157447,0.0,0.0013060505509510365,765.6671476244335
3.0,1.615,Au,-0.09001224098512157,-9.001224098512157,-0.17017716266340863,0.0,0.06829095972524221,0.0,0.235120708157447,0.0,0.0013237694098453157,755.4185740829677
3.0,1.62,Au,-0.09018818278592591,-9.018818278592592,-0.16982527906179995,0.0,0.06876048011552528,0.0,0.235120708157447,0.0,0.0013420345903663916,745.1372767724175
3.0,1.625,Au,-0.09036469233143907,-9.036469233143906,-0.16947225997077364,0.0,0.06923475935238577,0.0,0.235120708157447,0.0,0.0013606119558648517,734.9634079647386
3.0,1.63,Au,-0.09054324960144025,-9.054324960144026,-0.16911514543077127,0.0,0.06971786940669701,0.0,0.235120708157447,0.0,0.0013796665082938038,724.8128399062705
3.0,1.635,Au,-0.09072472427758035,-9.072472427758035,-0.16875219607849107,0.0,0.07021232715625236,0.0,0.235120708157447,0.0,0.0013993058325626627,714.6400570407247
3.0,1.64,Au,-0.09090671479849877,-9.090671479849878,-0.16838821503665424,0.0,0.0707117122266921,0.0,0.235120708157447,0.0,0.0014192817413597504,704.5817407909051
3.0,1.645,Au,-0.09109111701119509,-9.109111701119508,-0.1680194106112616,0.0,0.07122133792406442,0.0,0.235120708157447,0.0,0.0014398132453323138,694.5345191411936
3.0,1.65,Au,-0.09127838812198164,-9.127838812198164,-0.1676448683896885,0.0,0.071742651508032,0.0,0.235120708157447,0.0,0.0014609681761351275,684.4776062442501
3.0,1.655,Au,-0.0914661664436738,-9.146616644367379,-0.1672693117463042,0.0,0.07226920839619841,0.0,0.235120708157447,0.0,0.0014824924974466355,674.53966999654
3.0,1.66,Au,-0.09165673883493299,-9.165673883493298,-0.1668881669637858,0.0,0.07280755175486936,0.0,0.235120708157447,0.0,0.001504661344998234,664.601375800728
3.0,1.665,Au,-0.09185009404602835,-9.185009404602836,-0.16650145654159507,0.0,0.07335785484238717,0.0,0.235120708157447,0.0,0.0015274927405008675,654.6675957832036
3.0,1.67,Au,-0.0920439993006001,-9.20439993006001,-0.16611364603245157,0.0,0.07391390055824722,0.0,0.235120708157447,0.0,0.0015507370083478805,644.8546688554089
3.0,1.675,Au,-0.09224109275494079,-9.22410927549408,-0.1657194591237702,0.0,0.07448340827814158,0.0,0.235120708157447,0.0,0.0015747259754820759,635.0311200612963
3.0,1.68,Au,-0.09244084801585893,-9.244084801585894,-0.1653199486019339,0.0,0.07506508488564355,0.0,0.235120708157447,0.0,0.0015994175934573632,625.2275853977328
3.0,1.685,Au,-0.09264125555711482,-9.264125555711482,-0.16491913351942214,0.0,0.0756532258027142,0.0,0.235120708157447,0.0,0.0016245789076545886,615.5441236422946
3.0,1.69,Au,-0.09284524996567155,-9.284524996567155,-0.16451114470230868,0.0,0.07625662599039829,0.0,0.235120708157447,0.0,0.00165059711017149,605.8413611884395
3.0,1.695,Au,-0.09305175444231967,-9.305175444231967,-0.16409813574901244,0.0,0.07687235276291438,0.0,0.235120708157447,0.0,0.0016773598968602263,596.1749782332668
3.0,1.7,Au,-0.09325908040390665,-9.325908040390665,-0.16368348382583847,0.0,0.07749553031202262,0.0,0.235120708157447,0.0,0.0017046656812188539,586.6252902357895
3.0,1.705,Au,-0.09347038885031042,-9.347038885031042,-0.16326086693303093,0.0,0.07813587700668247,0.0,0.235120708157447,0.0,0.0017329534260349853,577.0495530788787
3.0,1.71,Au,-0.09368403076987246,-9.368403076987246,-0.16283358309390686,0.0,0.0787886743573797,0.0,0.235120708157447,0.0,0.0017620308003864107,567.5269693246573
3.0,1.715,Au,-0.0938987374574375,-9.38987374574375,-0.16240416971877678,0.0,0.07945021998378146,0.0,0.235120708157447,0.0,0.0017917446520617146,558.1152419510926
3.0,1.72,Au,-0.09411781144647079,-9.411781144647078,-0.1619660217407102,0.0,0.08013094755569772,0.0,0.235120708157447,0.0,0.0018225794344943111,548.6729308330299
3.0,1.725,Au,-0.09433902506419665,-9.433902506419665,-0.16152359450525847,0.0,0.08082424193184454,0.0,0.235120708157447,0.0,0.0018542538471052084,539.3004855085848
3.0,1.73,Au,-0.09456162743755483,-9.456162743755483,-0.1610783897585421,0.0,0.08152794384530236,0.0,0.235120708157447,0.0,0.0018866827891623732,530.0308063148061
3.0,1.735,Au,-0.09478896344451072,-9.478896344451073,-0.16062371774463033,0.0,0.0822529339963222,0.0,0.235120708157447,0.0,0.001920386770844347,520.7284361578498
3.0,1.74,Au,-0.09501823741569061,-9.501823741569062,-0.16016516980227055,0.0,0.0829906342859551,0.0,0.235120708157447,0.0,0.0019549879124136317,511.51211403931296
3.0,1.745,Au,-0.0952493110069709,-9.52493110069709,-0.15970302261970998,0.0,0.08374081939856881,0.0,0.235120708157447,0.0,0.0019904914711207982,502.38848772204176
3.0,1.75,Au,-0.09548545871411512,-9.548545871411513,-0.15923072720542153,0.0,0.08451448441034186,0.0,0.235120708157447,0.0,0.002027440891383512,493.23262850716543
3.0,1.755,Au,-0.09572334625968783,-9.572334625968782,-0.15875495211427612,0.0,0.08530107655457507,0.0,0.235120708157447,0.0,0.0020653560605186205,484.1780161377576
3.0,1.76,Au,-0.0959635370000601,-9.596353700006011,-0.15827457063353156,0.0,0.08610271222378463,0.0,0.235120708157447,0.0,0.0021043577445377403,475.2043717831199
3.0,1.765,Au,-0.09620910971306113,-9.620910971306113,-0.15778342520752953,0.0,0.08693009939762737,0.0,0.235120708157447,0.0,0.0021449948866484386,466.2015775536432
3.0,1.77,Au,-0.09645624111948164,-9.645624111948164,-0.1572891623946885,0.0,0.08777076477824136,0.0,0.235120708157447,0.0,0.0021866822209676774,457.31382018438313
3.0,1.775,Au,-0.09670627772917953,-9.670627772917953,-0.15678908917529272,0.0,0.08862958673201321,0.0,0.235120708157447,0.0,0.002229684204907095,448.494005473599
3.0,1.78,Au,-0.09696196565076359,-9.69619656507636,-0.1562777133321246,0.0,0.08951651083849739,0.0,0.235120708157447,0.0,0.0022745327832804493,439.6507306251036
3.0,1.785,Au,-0.09721906386887309,-9.721906386887309,-0.1557635168959056,0.0,0.09041727620683172,0.0,0.235120708157447,0.0,0.002320538342057476,430.93448700070286
3.0,1.79,Au,-0.09747977373324812,-9.747977373324812,-0.15524209716715553,0.0,0.09133995161265492,0.0,0.235120708157447,0.0,0.0023681404893164957,422.2722446203455
3.0,1.795,Au,-0.09774636104600495,-9.774636104600495,-0.15470892254164187,0.0,0.09229316493254584,0.0,0.235120708157447,0.0,0.0024178256863218476,413.59474574912986
3.0,1.8,Au,-0.09801426149064368,-9.801426149064369,-0.1541731216523644,0.0,0.09326109492128183,0.0,0.235120708157447,0.0,0.002468805798108887,405.05413620058863
3.0,1.805,Au,-0.09828659134971435,-9.828659134971435,-0.15362846193422308,0.0,0.09425543344579813,0.0,0.235120708157447,0.0,0.002521730659440412,396.5530562339701
3.0,1.81,Au,-0.09856497847885308,-9.856497847885308,-0.15307168767594562,0.0,0.0952828471553776,0.0,0.235120708157447,0.0,0.002577005589530484,388.0472762894528
3.0,1.815,Au,-0.09884465465030248,-9.884465465030248,-0.1525123353330468,0.0,0.09632629542073766,0.0,0.235120708157447,0.0,0.0026337565293085624,379.68581714822704
3.0,1.82,Au,-0.09912969805789522,-9.912969805789523,-0.15194224851786134,0.0,0.09740152712147349,0.0,0.235120708157447,0.0,0.0026928827290251503,371.34925677287464
3.0,1.825,Au,-0.09942093114082057,-9.942093114082057,-0.15135978235201064,0.0,0.09851250424111316,0.0,0.235120708157447,0.0,0.002754663961089638,363.02068568989404
3.0,1.83,Au,-0.0997135285126696,-9.97135285126696,-0.15077458760831258,0.0,0.09964144715042537,0.0,0.235120708157447,0.0,0.0028181620458219976,354.8411992427928
3.0,1.835,Au,-0.10001256302914116,-10.001256302914117,-0.15017651857536946,0.0,0.10080859557087325,0.0,0.235120708157447,0.0,0.0028845697014282406,346.6721568575267
3.0,1.84,Au,-0.10031787367807211,-10.031787367807212,-0.14956589727750755,0.0,0.10201434602586765,0.0,0.235120708157447,0.0,0.0029539858350459505,338.5256584970877
3.0,1.845,Au,-0.10062475564602869,-10.062475564602869,-0.1489521333415944,0.0,0.10324083557602762,0.0,0.235120708157447,0.0,0.003025442688864217,330.5301414833313
3.0,1.85,Au,-0.1009392944037519,-10.09392944037519,-0.14832305582614796,0.0,0.1045132300954679,0.0,0.235120708157447,0.0,0.003100476538761021,322.5310649825492
3.0,1.855,Au,-0.10126015461969211,-10.12601546196921,-0.14768133539426756,0.0,0.10582735552934827,0.0,0.235120708157447,0.0,0.0031789360879356967,314.5706526768738
3.0,1.86,Au,-0.10158296660630908,-10.158296660630908,-0.1470357114210336,0.0,0.1071661497070839,0.0,0.235120708157447,0.0,0.003259876625534128,306.76007557069767
3.0,1.865,Au,-0.10191483178964016,-10.191483178964015,-0.14637198105437146,0.0,0.10856014805388614,0.0,0.235120708157447,0.0,0.0033452360066834374,298.9325709761891
3.0,1.87,Au,-0.10225303197583269,-10.225303197583269,-0.1456955806819864,0.0,0.10999941349181143,0.0,0.235120708157447,0.0,0.0034345247305705476,291.1611004279706
3.0,1.875,Au,-0.10259379389009411,-10.25937938900941,-0.14501405685346355,0.0,0.11146888021891302,0.0,0.235120708157447,0.0,0.003526900320593332,283.5350900509061
3.0,1.88,Au,-0.1029452249525061,-10.294522495250611,-0.14431119472863957,0.0,0.11300492029772544,0.0,0.235120708157447,0.0,0.003624771340922788,275.87947099179553
3.0,1.885,Au,-0.10330298863517552,-10.330298863517552,-0.14359566736330073,0.0,0.11459038305246368,0.0,0.235120708157447,0.0,0.003727196170190096,268.2981936926056
3.0,1.89,Au,-0.10366423361970556,-10.366423361970556,-0.14287317739424066,0.0,0.11621384436573247,0.0,0.235120708157447,0.0,0.003833554525240297,260.85451332854524
3.0,1.895,Au,-0.10403805324816458,-10.403805324816458,-0.14212553813732262,0.0,0.11791803630391585,0.0,0.235120708157447,0.0,0.003946811503147079,253.36908013028426
3.0,1.9,Au,-0.10441821311523998,-10.441821311523999,-0.14136521840317182,0.0,0.11967676475598757,0.0,0.235120708157447,0.0,0.004065421592124122,245.97694909115563
3.0,1.905,Au,-0.10480320609473555,-10.480320609473555,-0.14059523244418068,0.0,0.12148458775410315,0.0,0.235120708157447,0.0,0.0041891728228119094,238.7106100169836
3.0,1.91,Au,-0.10520308804370827,-10.520308804370828,-0.13979546854623523,0.0,0.12339124430296552,0.0,0.235120708157447,0.0,0.004321699803270715,231.39043559739804
3.0,1.915,Au,-0.10560937093228123,-10.560937093228123,-0.1389829027690893,0.0,0.125359070016261,0.0,0.235120708157447,0.0,0.00446064264535193,224.18294391773753
3.0,1.92,Au,-0.10602247460004065,-10.602247460004065,-0.13815669543357048,0.0,0.1273921122531845,0.0,0.235120708157447,0.0,0.004606499050609434,217.08459917465981
3.0,1.925,Au,-0.10645340540000277,-10.645340540000277,-0.13729483383364624,0.0,0.12954803318961158,0.0,0.235120708157447,0.0,0.004763734586244639,209.91933574290982
3.0,1.93,Au,-0.10689092671978566,-10.689092671978566,-0.13641979119408046,0.0,0.1317742563141378,0.0,0.235120708157447,0.0,0.00492886651476254,202.8864033961726
3.0,1.935,Au,-0.10733826584989736,-10.733826584989735,-0.13552511293385705,0.0,0.13408999403706257,0.0,0.235120708157447,0.0,0.005103623773058073,195.93920799549915
3.0,1.94,Au,-0.10780741455173806,-10.780741455173807,-0.13458681553017565,0.0,0.13656236581733316,0.0,0.235120708157447,0.0,0.005293561617427264,188.90872956080037
3.0,1.945,Au,-0.1082836197881962,-10.82836197881962,-0.13363440505725938,0.0,0.13911854881819505,0.0,0.235120708157447,0.0,0.005493586743203819,182.03043780770585
3.0,1.95,Au,-0.10877442987370357,-10.877442987370358,-0.13265278488624463,0.0,0.14180320796180992,0.0,0.235120708157447,0.0,0.005707659024905771,175.20317798180125
3.0,1.955,Au,-0.10929300624942709,-10.929300624942709,-0.1316156321347976,0.0,0.1446960518236842,0.0,0.235120708157447,0.0,0.0059429116112723005,168.2676885355717
3.0,1.96,Au,-0.10981971906611532,-10.981971906611532,-0.13056220650142114,0.0,0.1476947020840439,0.0,0.235120708157447,0.0,0.006191783222690745,161.50436215779416
3.0,1.965,Au,-0.1103695872772584,-11.03695872772584,-0.12946247007913497,0.0,0.15089150067505433,0.0,0.235120708157447,0.0,0.006462721845956733,154.73356641917508
3.0,1.97,Au,-0.1109576648721491,-11.09576648721491,-0.12828631488935358,0.0,0.15438705024419364,0.0,0.235120708157447,0.0,0.006765620724529299,147.806098023559
3.0,1.975,Au,-0.11155658303872175,-11.155658303872174,-0.12708847855620828,0.0,0.15803027895299657,0.0,0.235120708157447,0.0,0.007088698779569673,141.06961391589925
3.0,1.98,Au,-0.11219789013026318,-11.219789013026318,-0.1258058643731254,0.0,0.16202672846656585,0.0,0.235120708157447,0.0,0.007451766451138601,134.19636894916425
3.0,1.985,Au,-0.11290222142243617,-11.290222142243616,-0.12439720178877943,0.0,0.16653247665593784,0.0,0.235120708157447,0.0,0.007871976529962025,127.03289906846612
3.0,1.99,Au,-0.11362709142437519,-11.362709142437518,-0.12294746178490142,0.0,0.1713004830395158,0.0,0.235120708157447,0.0,0.008329196041117882,120.05960660109369
3.0,1.995,Au,-0.11447958085554956,-11.447958085554957,-0.12124248292255266,0.0,0.1770829090199411,0.0,0.235120708157447,0.0,0.008901008263868731,112.34682300647144
3.0,2.0,Au,0.03855068695894784,3.8550686958947837,-0.11906957931815498,0.0,0.18473606460741349,0.0,0.235120708157447,0.0,0.009686999653942062,103.23113819799266
3.0,2.009966777409,support,0.03777366360442488,3.7773663604424876,-0.11518446254554018,0.0,0.0,0.0,0.0,0.0,0.011269323276882178,88.73647293900903
3.0,2.019933554817,support,0.03719634917389341,3.719634917389341,-0.11229789039288286,0.0,0.0,0.0,0.0,0.0,0.012610087937639488,79.30158813683835
3.0,2.029900332226,support,0.03669165931254762,3.669165931254762,-0.10977444108615393,0.0,0.0,0.0,0.0,0.0,0.013912235997056448,71.879171702635
3.0,2.039867109635,support,0.036225565554173535,3.6225565554173533,-0.10744397229428347,0.0,0.0,0.0,0.0,0.0,0.015233928004891649,65.64295168513976
3.0,2.049833887043,support,0.035795143372819964,3.579514337281996,-0.10529186138751563,0.0,0.0,0.0,0.0,0.0,0.016565719911842212,60.36562282362009
3.0,2.059800664452,support,0.035394533542654066,3.5394533542654067,-0.10328881223668615,0.0,0.0,0.0,0.0,0.0,0.01790967332914404,55.8357476220809
3.0,2.06976744186,support,0.0350126054150121,3.5012605415012104,-0.10137917159847633,0.0,0.0,0.0,0.0,0.0,0.019292353310634804,51.834008215511766
3.0,2.079734219269,support,0.034649083656334824,3.4649083656334825,-0.09956156280508993,0.0,0.0,0.0,0.0,0.0,0.020707431082947154,48.291842478882536
3.0,2.089700996678,support,0.03430430880900511,3.430430880900511,-0.09783768856844137,0.0,0.0,0.0,0.0,0.0,0.022145317961635602,45.15627193668626
3.0,2.099667774086,support,0.03397216426816143,3.397216426816143,-0.09617696586422296,0.0,0.0,0.0,0.0,0.0,0.023624876175130243,42.328264181663464
3.0,2.109634551495,support,0.033651807781136814,3.3651807781136815,-0.09457518342909987,0.0,0.0,0.0,0.0,0.0,0.025145502062796768,39.76854379374347
3.0,2.119601328904,support,0.03334494196476615,3.3344941964766153,-0.09304085434724656,0.0,0.0,0.0,0.0,0.0,0.026693790674365152,37.461895622053035
3.0,2.129568106312,support,0.03304786272790718,3.3047862727907185,-0.09155545816295171,0.0,0.0,0.0,0.0,0.0,0.0282834636541809,35.356348579753195
3.0,2.139534883721,support,0.032759158463293525,3.2759158463293527,-0.09011193683988346,0.0,0.0,0.0,0.0,0.0,0.029918974981340416,33.42360494046573
3.0,2.14950166113,support,0.03248077324541727,3.2480773245417267,-0.08872001075050215,0.0,0.0,0.0,0.0,0.0,0.03158553254322009,31.66006457645281
3.0,2.159468438538,support,0.03221054463389183,3.2210544633891827,-0.08736886769287493,0.0,0.0,0.0,0.0,0.0,0.033292003971353026,30.03724260217186
3.0,2.169435215947,support,0.03194669302381476,3.194669302381476,-0.08604960964248962,0.0,0.0,0.0,0.0,0.0,0.03504712554203345,28.533010469022887
3.0,2.179401993355,support,0.03169098238327505,3.169098238327505,-0.08477105643979105,0.0,0.0,0.0,0.0,0.0,0.03683633671515179,27.147107697836653
3.0,2.189368770764,support,0.03144235670925032,3.144235670925032,-0.08352792806966743,0.0,0.0,0.0,0.0,0.0,0.03866351441110836,25.86417751286188
3.0,2.199335548173,support,0.03119886978304989,3.1198869783049887,-0.08231049343866527,0.0,0.0,0.0,0.0,0.0,0.04054073945651859,24.666545637938746
3.0,2.209302325581,support,0.03096191232019399,3.096191232019399,-0.08112570612438577,0.0,0.0,0.0,0.0,0.0,0.0424550975976541,23.5542975186861
3.0,2.21926910299,support,0.03073124805571098,3.073124805571098,-0.07997238480197072,0.0,0.0,0.0,0.0,0.0,0.04440540551423595,22.519780833426
3.0,2.229235880399,support,0.030504939840114532,3.050493984011453,-0.07884084372398846,0.0,0.0,0.0,0.0,0.0,0.0464059289098694,21.548970648604442
3.0,2.239202657807,support,0.030283919839149444,3.0283919839149442,-0.07773574371916302,0.0,0.0,0.0,0.0,0.0,0.04844666714009107,20.64125478659542
3.0,2.249169435216,support,0.030068545604803744,3.0068545604803742,-0.07665887254743453,0.0,0.0,0.0,0.0,0.0,0.05052157826676151,19.793522576033748
3.0,2.259136212625,support,0.029857033652444066,2.9857033652444067,-0.07560131278563614,0.0,0.0,0.0,0.0,0.0,0.05264574808544234,18.99488631782822
3.0,2.269102990033,support,0.02964983829290237,2.964983829290237,-0.07456533598792767,0.0,0.0,0.0,0.0,0.0,0.05481313766627285,18.24380144206398
3.0,2.279069767442,support,0.029447715836884117,2.9447715836884116,-0.0735547237078364,0.0,0.0,0.0,0.0,0.0,0.05701341268083494,17.53973237136443
3.0,2.28903654485,support,0.029249147388072994,2.924914738807299,-0.07256188146378077,0.0,0.0,0.0,0.0,0.0,0.05926098549124939,16.87450844278758
3.0,2.299003322259,support,0.029054136671533105,2.9054136671533106,-0.07158682788108135,0.0,0.0,0.0,0.0,0.0,0.06155450504354901,16.245764616131883
3.0,2.308970099668,support,0.028863665525958,2.8863665525958,-0.07063447215320581,0.0,0.0,0.0,0.0,0.0,0.06388029768984077,15.654278958675476
3.0,2.318936877076,support,0.028676555313177934,2.8676555313177934,-0.06969892108930549,0.0,0.0,0.0,0.0,0.0,0.06625059815253954,15.094203341342475
3.0,2.328903654485,support,0.028492420621874,2.8492420621874,-0.06877824763278581,0.0,0.0,0.0,0.0,0.0,0.06866905214257615,14.562600892229012
3.0,2.338870431894,support,0.02831231676950933,2.831231676950933,-0.06787772837096247,0.0,0.0,0.0,0.0,0.0,0.07111994893104015,14.060752503768352
3.0,2.348837209302,support,0.028135445509335867,2.8135445509335866,-0.06699337207009516,0.0,0.0,0.0,0.0,0.0,0.07361197281846293,13.584746634438599
3.0,2.358803986711,support,0.02796111767654326,2.796111767654326,-0.06612173290613212,0.0,0.0,0.0,0.0,0.0,0.07615359228632583,13.131356906187081
3.0,2.36877076412,support,0.027790333773900656,2.7790333773900655,-0.06526781339291908,0.0,0.0,0.0,0.0,0.0,0.07872862045282139,12.701861079850321
3.0,2.378737541528,support,0.027622681935897793,2.7622681935897795,-0.06442955420290478,0.0,0.0,0.0,0.0,0.0,0.08134109734897473,12.293908400445307
3.0,2.388704318937,support,0.027457268945313654,2.7457268945313653,-0.06360248924998409,0.0,0.0,0.0,0.0,0.0,0.0840036362602957,11.904246584057098
3.0,2.398671096346,support,0.02729493922475526,2.729493922475526,-0.06279084064719212,0.0,0.0,0.0,0.0,0.0,0.08670126008672599,11.53385774324058
3.0,2.408637873754,support,0.0271356423555954,2.7135642355595397,-0.0619943563013928,0.0,0.0,0.0,0.0,0.0,0.08943268336745591,11.18159449483649
3.0,2.418604651163,support,0.026978385833120636,2.6978385833120635,-0.06120807368901898,0.0,0.0,0.0,0.0,0.0,0.09221351421764573,10.844397466945713
3.0,2.428571428571,support,0.026823786358713488,2.682378635871349,-0.060435076316983236,0.0,0.0,0.0,0.0,0.0,0.09503163313582011,10.52281189959969
3.0,2.43853820598,support,0.026672104051798973,2.6672104051798975,-0.05967666478241068,0.0,0.0,0.0,0.0,0.0,0.09788026212615908,10.216564384667132
3.0,2.448504983389,support,0.0265223482852224,2.6522348285222397,-0.058927885949527796,0.0,0.0,0.0,0.0,0.0,0.10077646908896229,9.922951350054063
3.0,2.458471760797,support,0.026374867175660156,2.6374867175660155,-0.05819048040171659,0.0,0.0,0.0,0.0,0.0,0.10371242688104243,9.642046089105545
3.0,2.468438538206,support,0.02623016087511565,2.623016087511565,-0.05746694889899406,0.0,0.0,0.0,0.0,0.0,0.10667626602777781,9.374156382072902
3.0,2.478405315615,support,0.026087330539178367,2.608733053917837,-0.056752797219307656,0.0,0.0,0.0,0.0,0.0,0.109684731043329,9.117039267798978
3.0,2.488372093023,support,0.02594644494862441,2.594644494862441,-0.056048369266537855,0.0,0.0,0.0,0.0,0.0,0.11273534214853642,8.870332771797797
3.0,2.498338870432,support,0.02580816153376545,2.5808161533765452,-0.05535695219224308,0.0,0.0,0.0,0.0,0.0,0.11581210309421786,8.63467611141177
3.0,2.508305647841,support,0.025671745659536005,2.5671745659536005,-0.054674872821095837,0.0,0.0,0.0,0.0,0.0,0.11892957906306538,8.408337167911146
3.0,2.518272425249,support,0.025537003565241786,2.5537003565241787,-0.05400116234962473,0.0,0.0,0.0,0.0,0.0,0.1220911748784595,8.19060018871544
3.0,2.528239202658,support,0.025404662718753964,2.5404662718753963,-0.05333945811718562,0.0,0.0,0.0,0.0,0.0,0.125278228599857,7.982232916096177
3.0,2.538205980066,support,0.025274203232273546,2.5274203232273544,-0.05268716068478355,0.0,0.0,0.0,0.0,0.0,0.12850139393999027,7.7820167496937565
3.0,2.548172757475,support,0.02514520882701929,2.514520882701929,-0.05204218865851226,0.0,0.0,0.0,0.0,0.0,0.13176988891182848,7.588987197743883
3.0,2.558139534884,support,0.025018392862127682,2.501839286212768,-0.05140810883405421,0.0,0.0,0.0,0.0,0.0,0.1350642160696908,7.403885567173598
3.0,2.568106312292,support,0.024893476486413782,2.4893476486413784,-0.050783526955484715,0.0,0.0,0.0,0.0,0.0,0.13838970607450077,7.225970979818828
3.0,2.578073089701,support,0.02476987842474426,2.476987842474426,-0.05016553664713711,0.0,0.0,0.0,0.0,0.0,0.14176068044225223,7.054142212638157
3.0,2.58803986711,support,0.024648223697431488,2.464822369743149,-0.049557263010573255,0.0,0.0,0.0,0.0,0.0,0.14515882841681177,6.8890057250157835
3.0,2.598006644518,support,0.024528476304017555,2.4528476304017555,-0.048958526043503585,0.0,0.0,0.0,0.0,0.0,0.14858324087763505,6.730234137398744
3.0,2.607973421927,support,0.02440995831935712,2.440995831935712,-0.048365936120201396,0.0,0.0,0.0,0.0,0.0,0.15205203438239673,6.576695958470986
3.0,2.617940199336,support,0.02429314766729376,2.4293147667293757,-0.047781882859884606,0.0,0.0,0.0,0.0,0.0,0.1555500889543601,6.428797352172583
3.0,2.627906976744,support,0.024178230356197636,2.4178230356197634,-0.04720729630440399,0.0,0.0,0.0,0.0,0.0,0.15906996411569105,6.286541934923072
3.0,2.637873754153,support,0.02406450391867656,2.406450391867656,-0.04663866411679861,0.0,0.0,0.0,0.0,0.0,0.1626317730582937,6.148859974868257
3.0,2.647840531561,support,0.0239522597959805,2.39522597959805,-0.04607744350331831,0.0,0.0,0.0,0.0,0.0,0.1662253512835232,6.015929533482196
3.0,2.65780730897,support,0.023841866122444003,2.3841866122444,-0.04552547513563582,0.0,0.0,0.0,0.0,0.0,0.16983712902742396,5.88799401948515
3.0,2.667774086379,support,0.02373266488505445,2.373266488505445,-0.044979468948688074,0.0,0.0,0.0,0.0,0.0,0.17348709800642045,5.764117398303542
3.0,2.677740863787,support,0.02362474302692748,2.362474302692748,-0.044439859658053214,0.0,0.0,0.0,0.0,0.0,0.17717136660962382,5.644252901222927
3.0,2.687707641196,support,0.023518596904882356,2.3518596904882356,-0.04390912904782759,0.0,0.0,0.0,0.0,0.0,0.18087132647357293,5.52879231604524
3.0,2.697674418605,support,0.023413672716484188,2.341367271648419,-0.04338450810583676,0.0,0.0,0.0,0.0,0.0,0.18460462608268946,5.4169823434006075
3.0,2.707641196013,support,0.023309856284962266,2.3309856284962267,-0.04286542594822715,0.0,0.0,0.0,0.0,0.0,0.18837434685217336,5.308578459384118
3.0,2.717607973422,support,0.023207710195496133,2.320771019549613,-0.042354695500896475,0.0,0.0,0.0,0.0,0.0,0.19215853872034455,5.204036243506915
3.0,2.727574750831,support,0.02310683046207714,2.3106830462077137,-0.04185029683380151,0.0,0.0,0.0,0.0,0.0,0.19597042149407884,5.102810885316254
3.0,2.737541528239,support,0.023006924701549577,2.300692470154958,-0.04135076803116369,0.0,0.0,0.0,0.0,0.0,0.19982002201121551,5.004503502376113
3.0,2.747508305648,support,0.022908557927319727,2.2908557927319726,-0.040858934160014446,0.0,0.0,0.0,0.0,0.0,0.20368419675939572,4.909561055349136
3.0,2.757475083056,support,0.02281150409206671,2.281150409206671,-0.040373664983749356,0.0,0.0,0.0,0.0,0.0,0.2075700256480136,4.817651281190993
3.0,2.767441860465,support,0.022715331567531014,2.2715331567531014,-0.03989280236107087,0.0,0.0,0.0,0.0,0.0,0.21149369056025605,4.728273440928456
3.0,2.777408637874,support,0.02262054826267348,2.262054826267348,-0.03941888583678321,0.0,0.0,0.0,0.0,0.0,0.21543324038165487,4.6418092130463755
3.0,2.787375415282,support,0.022527115161339702,2.2527115161339704,-0.03895172033011432,0.0,0.0,0.0,0.0,0.0,0.21938848682396156,4.558124332214412
3.0,2.797342192691,support,0.022434511667884682,2.2434511667884682,-0.03848870286283922,0.0,0.0,0.0,0.0,0.0,0.2233802621551722,4.47667126160567
3.0,2.8073089701,support,0.02234313865743864,2.234313865743864,-0.038031837810609016,0.0,0.0,0.0,0.0,0.0,0.2273901796195384,4.397727297076622
3.0,2.817275747508,support,0.02225313449623232,2.225313449623232,-0.03758181700457742,0.0,0.0,0.0,0.0,0.0,0.23141039155774135,4.321327116161422
3.0,2.827242524917,support,0.022163945719878453,2.2163945719878453,-0.03713587312280809,0.0,0.0,0.0,0.0,0.0,0.2354642925849993,4.24692843667162
3.0,2.837209302326,support,0.02207583000030133,2.207583000030133,-0.03669529452492245,0.0,0.0,0.0,0.0,0.0,0.23953915571853146,4.174682827950859
3.0,2.847176079734,support,0.021989076703784097,2.19890767037841,-0.0362615280423363,0.0,0.0,0.0,0.0,0.0,0.24361989931894837,4.104755000702119
3.0,2.857142857143,support,0.021903155687239106,2.1903155687239106,-0.03583192295961134,0.0,0.0,0.0,0.0,0.0,0.2477300115792667,4.036652618812912
3.0,2.867109634551,support,0.021818161667042934,2.1818161667042935,-0.03540695285863048,0.0,0.0,0.0,0.0,0.0,0.25186399955006206,3.9703967291333107
3.0,2.87707641196,support,0.02173449535697633,2.173449535697633,-0.034988621308297455,0.0,0.0,0.0,0.0,0.0,0.25600078153052974,3.9062380748269065
3.0,2.887043189369,support,0.02165170078408404,2.165170078408404,-0.034574648443836016,0.0,0.0,0.0,0.0,0.0,0.2601613447398663,3.8437685698461226
3.0,2.897009966777,support,0.02156970735759521,2.156970735759521,-0.03416468131139187,0.0,0.0,0.0,0.0,0.0,0.2643482853717754,3.7828881643533845
3.0,2.906976744186,support,0.021488978750669546,2.1488978750669547,-0.03376103827676355,0.0,0.0,0.0,0.0,0.0,0.26853646532574355,3.723889039750959
3.0,2.916943521595,support,0.02140917401685369,2.1409174016853694,-0.03336201460768427,0.0,0.0,0.0,0.0,0.0,0.2727419314019488,3.666469599521413
3.0,2.926910299003,support,0.02133007160209889,2.133007160209889,-0.032966502533910265,0.0,0.0,0.0,0.0,0.0,0.27697537807348876,3.6104292264371383
3.0,2.936877076412,support,0.021252146154030746,2.1252146154030744,-0.03257687529356955,0.0,0.0,0.0,0.0,0.0,0.28121008169964395,3.5560602733584927
3.0,2.946843853821,support,0.021175199142509184,2.1175199142509182,-0.03219214023596173,0.0,0.0,0.0,0.0,0.0,0.2854551405782838,3.5031774098521025
3.0,2.956810631229,support,0.021098886834097462,2.1098886834097463,-0.03181057869390312,0.0,0.0,0.0,0.0,0.0,0.2897284725321938,3.4515075141221505
3.0,2.966777408638,support,0.0210236445074633,2.10236445074633,-0.03143436706073232,0.0,0.0,0.0,0.0,0.0,0.29400451698692065,3.401308286853589
3.0,2.976744186047,support,0.020949427948031462,2.094942794803146,-0.03106328426357312,0.0,0.0,0.0,0.0,0.0,0.29828408725522226,3.3525087080638167
3.0,2.986710963455,support,0.02087581093785919,2.087581093785919,-0.030695199212711768,0.0,0.0,0.0,0.0,0.0,0.30259062433870565,3.30479505829185
3.0,2.996677740864,support,0.020803145526841524,2.080314552684152,-0.030331872157623434,0.0,0.0,0.0,0.0,0.0,0.30690246596752635,3.258364173932089
3.0,3.006644518272,support,0.02073153778030544,2.073153778030544,-0.029973833424943017,0.0,0.0,0.0,0.0,0.0,0.31121165116252714,3.21324730698389
3.0,3.016611295681,support,0.02066052518351978,2.0660525183519782,-0.029618770441014724,0.0,0.0,0.0,0.0,0.0,0.31554477193325997,3.169122384355356
3.0,3.02657807309,support,0.020590343186407407,2.059034318640741,-0.02926786045545285,0.0,0.0,0.0,0.0,0.0,0.3198864844447466,3.126108943726656
3.0,3.036544850498,support,0.020521229276788844,2.0521229276788846,-0.028922290907360024,0.0,0.0,0.0,0.0,0.0,0.32422049974547273,3.084320703919227
3.0,3.046511627907,support,0.02045273247043912,2.045273247043912,-0.028579806875611413,0.0,0.0,0.0,0.0,0.0,0.3285737509774551,3.043456749132144
3.0,3.056478405316,support,0.020384951555216316,2.0384951555216317,-0.0282409022994974,0.0,0.0,0.0,0.0,0.0,0.3329390389174447,3.0035528523525272
3.0,3.066445182724,support,0.020318224266018578,2.031822426601858,-0.02790726585350871,0.0,0.0,0.0,0.0,0.0,0.33729311644666676,2.9647803386409204
3.0,3.076411960133,support,0.020252155806534153,2.0252155806534153,-0.02757692355608657,0.0,0.0,0.0,0.0,0.0,0.3416603025180262,2.9268837867028448
3.0,3.086378737542,support,0.020186702961739206,2.0186702961739207,-0.027249659332111854,0.0,0.0,0.0,0.0,0.0,0.3460425510145794,2.8898180211307833
3.0,3.09634551495,support,0.020122263822048275,2.0122263822048274,-0.026927463633657178,0.0,0.0,0.0,0.0,0.0,0.35041183465833603,2.853784892782047
3.0,3.106312292359,support,0.02005853695999515,2.005853695999515,-0.026608829323391568,0.0,0.0,0.0,0.0,0.0,0.3547870770737065,2.818591951679941
3.0,3.116279069767,support,0.019995346458393168,1.9995346458393168,-0.026292876815381637,0.0,0.0,0.0,0.0,0.0,0.359179434679492,2.78412376502662
3.0,3.126245847176,support,0.019933106468961483,1.9933106468961483,-0.02598167686822323,0.0,0.0,0.0,0.0,0.0,0.36355887686167415,2.750586118628805
3.0,3.136212624585,support,0.019871635229854166,1.9871635229854165,-0.025674320672686643,0.0,0.0,0.0,0.0,0.0,0.3679366371281405,2.7178592700235287
3.0,3.146179401993,support,0.019810646553535555,1.9810646553535556,-0.02536937729109359,0.0,0.0,0.0,0.0,0.0,0.37233212466050775,2.6857741617428244
3.0,3.156146179402,support,0.019750526539530567,1.9750526539530566,-0.025068777221068657,0.0,0.0,0.0,0.0,0.0,0.37671639767817977,2.654516782819412
3.0,3.166112956811,support,0.01969122629315613,1.969122629315613,-0.024772275989196464,0.0,0.0,0.0,0.0,0.0,0.381091460591716,2.62404200410923
3.0,3.176079734219,support,0.01963238217418848,1.963238217418848,-0.02447805539435821,0.0,0.0,0.0,0.0,0.0,0.3854830956096856,2.594147477254186
3.0,3.186046511628,support,0.019574312696502467,1.9574312696502467,-0.024187708005928146,0.0,0.0,0.0,0.0,0.0,0.389866528875778,2.564980386707234
3.0,3.196013289037,support,0.01951710109852218,1.9517101098522178,-0.023901650016026704,0.0,0.0,0.0,0.0,0.0,0.3942339475856604,2.5365649156398864
3.0,3.205980066445,support,0.019460345818920498,1.9460345818920497,-0.0236178736180183,0.0,0.0,0.0,0.0,0.0,0.3986148719686935,2.5086871321713713
3.0,3.215946843854,support,0.019404266625810313,1.9404266625810314,-0.023337477652467378,0.0,0.0,0.0,0.0,0.0,0.40299142389939074,2.4814423848624036
3.0,3.225913621262,support,0.019349064788050846,1.9349064788050847,-0.023061468463670052,0.0,0.0,0.0,0.0,0.0,0.4073464324176698,2.454912871250231
3.0,3.235880398671,support,0.019294342858501883,1.9294342858501883,-0.022787858815925228,0.0,0.0,0.0,0.0,0.0,0.4117100296780118,2.4288939494189035
3.0,3.24584717608,support,0.019240201908734506,1.9240201908734507,-0.022517154067088353,0.0,0.0,0.0,0.0,0.0,0.41607329928871567,2.4034226702591033
3.0,3.255813953488,support,0.019186935640980413,1.9186935640980414,-0.02225082272831788,0.0,0.0,0.0,0.0,0.0,0.4204112019114021,2.378623584370478
3.0,3.265780730897,support,0.019134190941901788,1.9134190941901787,-0.021987099232924752,0.0,0.0,0.0,0.0,0.0,0.42475119153817337,2.354319469660929
3.0,3.275747508306,support,0.019081943075291152,1.9081943075291152,-0.021725859899871563,0.0,0.0,0.0,0.0,0.0,0.4290944704380668,2.330489132099722
3.0,3.285714285714,support,0.01903054404278731,1.9030544042787307,-0.02146886473735235,0.0,0.0,0.0,0.0,0.0,0.43341052038183114,2.3072813256102047
3.0,3.295681063123,support,0.0189797194677183,1.8979719467718301,-0.02121474186200731,0.0,0.0,0.0,0.0,0.0,0.4377210186498023,2.284560159081709
3.0,3.305647840532,support,0.018929324834695213,1.8929324834695214,-0.020962768696891877,0.0,0.0,0.0,0.0,0.0,0.4420373795430388,2.2622521222837797
3.0,3.31561461794,support,0.018879731491292535,1.8879731491292535,-0.020714801979878492,0.0,0.0,0.0,0.0,0.0,0.4463266606459081,2.24051146430024
3.0,3.325581395349,support,0.018830769085969375,1.8830769085969374,-0.02046998995326268,0.0,0.0,0.0,0.0,0.0,0.45060220070462226,2.2192523659144703
3.0,3.335548172757,support,0.018782191471529992,1.8782191471529992,-0.020227101881065773,0.0,0.0,0.0,0.0,0.0,0.4548846142291402,2.1983596910496237
3.0,3.345514950166,support,0.01873434965708556,1.873434965708556,-0.019987892808843607,0.0,0.0,0.0,0.0,0.0,0.4591419395721041,2.177975727793342
3.0,3.355481727575,support,0.018687191202092446,1.8687191202092446,-0.019752100533878054,0.0,0.0,0.0,0.0,0.0,0.4633774479418658,2.1580679086597616
3.0,3.365448504983,support,0.018640396389108832,1.8640396389108833,-0.019518126468959982,0.0,0.0,0.0,0.0,0.0,0.4676189162052645,2.1384934726657705
3.0,3.375415282392,support,0.018594259518149626,1.8594259518149625,-0.019287442114163948,0.0,0.0,0.0,0.0,0.0,0.4718387559597426,2.119368083628383
3.0,3.385382059801,support,0.018548847463474495,1.8548847463474496,-0.019060381840788294,0.0,0.0,0.0,0.0,0.0,0.4760294873113051,2.100710201059537
3.0,3.395348837209,support,0.018503801775473717,1.8503801775473716,-0.018835153400784406,0.0,0.0,0.0,0.0,0.0,0.48022318022189514,2.0823651193554076
3.0,3.405315614618,support,0.01845933058841796,1.845933058841796,-0.018612797465505603,0.0,0.0,0.0,0.0,0.0,0.4843996280487688,2.064411164038551
3.0,3.415282392027,support,0.01841560921817171,1.841560921817171,-0.01839419061427436,0.0,0.0,0.0,0.0,0.0,0.4885410648184582,2.0469108372120157
3.0,3.425249169435,support,0.01837227836283239,1.837227836283239,-0.018177536337577765,0.0,0.0,0.0,0.0,0.0,0.492680444571472,2.029713196491468
3.0,3.435215946844,support,0.018329440257095528,1.8329440257095528,-0.017963345808893458,0.0,0.0,0.0,0.0,0.0,0.4968072277713508,2.0128531633606532
3.0,3.445182724252,support,0.018287356944899847,1.8287356944899846,-0.017752929247915054,0.0,0.0,0.0,0.0,0.0,0.5008949552256737,1.996426575207688
3.0,3.455149501661,support,0.01824570524914784,1.8245705249147839,-0.017544670769155012,0.0,0.0,0.0,0.0,0.0,0.5049738751830306,1.9803004653211898
3.0,3.46511627907,support,0.0182044732504473,1.82044732504473,-0.01733851077565233,0.0,0.0,0.0,0.0,0.0,0.5090444089928237,1.9644651475075876
3.0,3.475083056478,support,0.018163979662038445,1.8163979662038445,-0.01713604283360805,0.0,0.0,0.0,0.0,0.0,0.5130739793340636,1.949036669717561
3.0,3.485049833887,support,0.0181239697507117,1.8123969750711701,-0.016935993276974308,0.0,0.0,0.0,0.0,0.0,0.517086745992891,1.9339114911557767
3.0,3.495016611296,support,0.01808432122099976,1.8084321220999762,-0.016737750628414615,0.0,0.0,0.0,0.0,0.0,0.5210942274443969,1.9190387214694382
3.0,3.504983388704,support,0.01804537433071652,1.804537433071652,-0.016543016176998417,0.0,0.0,0.0,0.0,0.0,0.525061028064698,1.9045405134825204
3.0,3.514950166113,support,0.018006967257309627,1.8006967257309627,-0.01635098080996394,0.0,0.0,0.0,0.0,0.0,0.5290024186050045,1.8903505254985986
3.0,3.524916943522,support,0.017968882461502966,1.7968882461502966,-0.016160556830930654,0.0,0.0,0.0,0.0,0.0,0.5329399507784219,1.876384006377044
3.0,3.53488372093,support,0.017931445272074072,1.7931445272074071,-0.015973370883786163,0.0,0.0,0.0,0.0,0.0,0.5368390916401558,1.8627555548251729
3.0,3.544850498339,support,0.017894601066609492,1.7894601066609492,-0.015789149856463278,0.0,0.0,0.0,0.0,0.0,0.5407043242597132,1.8494396200162
3.0,3.554817275748,support,0.017858061733370303,1.7858061733370303,-0.015606453190267334,0.0,0.0,0.0,0.0,0.0,0.5445650581028858,1.836327882445715
3.0,3.564784053156,support,0.01782210362166951,1.782210362166951,-0.015426662631763375,0.0,0.0,0.0,0.0,0.0,0.5483912913935568,1.8235154636734432
3.0,3.574750830565,support,0.01778678218126253,1.778678218126253,-0.015250055429728461,0.0,0.0,0.0,0.0,0.0,0.5521759507958678,1.8110169386382546
3.0,3.584717607973,support,0.017751770192475213,1.7751770192475214,-0.015074995485791885,0.0,0.0,0.0,0.0,0.0,0.555953229372382,1.798712458472279
3.0,3.594684385382,support,0.01771726684401176,1.7717266844011759,-0.014902478743474617,0.0,0.0,0.0,0.0,0.0,0.5597009112442342,1.7866685222594438
3.0,3.604651162791,support,0.01768342906026504,1.768342906026504,-0.014733289824741017,0.0,0.0,0.0,0.0,0.0,0.5634008366487009,1.7749352413964077
3.0,3.614617940199,support,0.01764992538981498,1.764992538981498,-0.01456577147249072,0.0,0.0,0.0,0.0,0.0,0.5670883260177142,1.7633937327229743
3.0,3.624584717608,support,0.01761685832779251,1.761685832779251,-0.014400436162378375,0.0,0.0,0.0,0.0,0.0,0.5707514257032157,1.7520762191139734
3.0,3.634551495017,support,0.01758446732463052,1.758446732463052,-0.014238481146568428,0.0,0.0,0.0,0.0,0.0,0.5743625730404069,1.7410605198498006
3.0,3.644518272425,support,0.01755245132133165,1.7552451321331648,-0.014078401130074069,0.0,0.0,0.0,0.0,0.0,0.5779543650571458,1.7302404142256524
3.0,3.654485049834,support,0.017520807077746444,1.7520807077746443,-0.013920179912148029,0.0,0.0,0.0,0.0,0.0,0.5815265214486595,1.7196120264796657
3.0,3.664451827243,support,0.017489829425586533,1.7489829425586534,-0.01376529165134849,0.0,0.0,0.0,0.0,0.0,0.5850448144856387,1.7092707690763531
3.0,3.674418604651,support,0.017459278500157525,1.7459278500157525,-0.01361253702420344,0.0,0.0,0.0,0.0,0.0,0.5885354895791356,1.6991328776368346
3.0,3.68438538206,support,0.017429047512740888,1.7429047512740887,-0.013461382087120244,0.0,0.0,0.0,0.0,0.0,0.5920101100245981,1.6891603421408627
3.0,3.694352159468,support,0.01739945429058706,1.739945429058706,-0.013313415976351103,0.0,0.0,0.0,0.0,0.0,0.5954312966629666,1.6794548852309192
3.0,3.704318936877,support,0.017370344026274465,1.7370344026274465,-0.01316786465478814,0.0,0.0,0.0,0.0,0.0,0.5988159387943255,1.6699622291507987
3.0,3.714285714286,support,0.017341519372382777,1.7341519372382777,-0.013023741385329704,0.0,0.0,0.0,0.0,0.0,0.6021863300131319,1.6606155772054687
3.0,3.724252491694,support,0.017313286967759564,1.7313286967759565,-0.012882579362213643,0.0,0.0,0.0,0.0,0.0,0.6055058597174707,1.6515116806080135
3.0,3.734219269103,support,0.017285591632448923,1.7285591632448922,-0.012744102685660424,0.0,0.0,0.0,0.0,0.0,0.6087800208284255,1.6426294651378406
3.0,3.744186046512,support,0.01725816772689685,1.725816772689685,-0.012606983157900056,0.0,0.0,0.0,0.0,0.0,0.6120395380255383,1.6338813718245002
3.0,3.75415282392,support,0.01723127829263207,1.723127829263207,-0.012472535986576154,0.0,0.0,0.0,0.0,0.0,0.6152524742583767,1.6253490101041799
3.0,3.764119601329,support,0.017204971691253162,1.7204971691253161,-0.012341002979681612,0.0,0.0,0.0,0.0,0.0,0.618412091031526,1.6170447093490306
3.0,3.774086378738,support,0.017178943078059818,1.7178943078059818,-0.012210859913714907,0.0,0.0,0.0,0.0,0.0,0.6215542889418512,1.6088699214069035
3.0,3.784053156146,support,0.017153384601615442,1.7153384601615442,-0.012083067531493017,0.0,0.0,0.0,0.0,0.0,0.6246552668195859,1.6008830039830944
3.0,3.794019933555,support,0.01712844117532003,1.712844117532003,-0.011958350400015964,0.0,0.0,0.0,0.0,0.0,0.6276965378626431,1.5931265184368866
3.0,3.803986710963,support,0.01710380153330309,1.7103801533303091,-0.01183515218993127,0.0,0.0,0.0,0.0,0.0,0.6307153068779653,1.585501396739506
3.0,3.813953488372,support,0.01707956751512543,1.707956751512543,-0.01171398209904295,0.0,0.0,0.0,0.0,0.0,0.6336985413775889,1.5780374021788237
3.0,3.823920265781,support,0.01705596357103246,1.7055963571032462,-0.011595962378578122,0.0,0.0,0.0,0.0,0.0,0.6366177774414935,1.5708012490931451
3.0,3.833887043189,support,0.017032705031277025,1.7032705031277025,-0.011479669679800934,0.0,0.0,0.0,0.0,0.0,0.6395074492576559,1.5637034426429373
3.0,3.843853820598,support,0.01700979380927815,1.700979380927815,-0.011365113569806554,0.0,0.0,0.0,0.0,0.0,0.6423667937363532,1.5567429850840488
3.0,3.853820598007,support,0.01698750875387203,1.698750875387203,-0.011253688292775963,0.0,0.0,0.0,0.0,0.0,0.645160256743466,1.5500024831778012
3.0,3.863787375415,support,0.016965621595704455,1.6965621595704454,-0.011144252501938087,0.0,0.0,0.0,0.0,0.0,0.6479156669965884,1.5434107414557479
3.0,3.873754152824,support,0.016944035389488424,1.6944035389488423,-0.011036321470857934,0.0,0.0,0.0,0.0,0.0,0.6506447161443459,1.5369370951414127
3.0,3.883720930233,support,0.01692305284089085,1.692305284089085,-0.010931408727870073,0.0,0.0,0.0,0.0,0.0,0.6533084642697341,1.5306705097075337
3.0,3.893687707641,support,0.01690252559520366,1.690252559520366,-0.010828772499434104,0.0,0.0,0.0,0.0,0.0,0.6559249641143826,1.5245646296603164
3.0,3.90365448505,support,0.016882269372560668,1.6882269372560668,-0.01072749138621916,0.0,0.0,0.0,0.0,0.0,0.6585171903574876,1.5185632427562485
3.0,3.913621262458,support,0.016862578041587997,1.6862578041587997,-0.0106290347313558,0.0,0.0,0.0,0.0,0.0,0.661046945975345,1.5127518644300597
3.0,3.923588039867,support,0.016843397990188778,1.6843397990188778,-0.010533134474359704,0.0,0.0,0.0,0.0,0.0,0.6635203599985854,1.5071127583818709
3.0,3.933554817276,support,0.016824478276745155,1.6824478276745154,-0.0104385359071416,0.0,0.0,0.0,0.0,0.0,0.665969268407226,1.5015707892823087
3.0,3.943521594684,support,0.016806072532339407,1.6806072532339407,-0.01034650718511284,0.0,0.0,0.0,0.0,0.0,0.6683603234025323,1.496198928908788
3.0,3.953488372093,support,0.016788226553359226,1.6788226553359227,-0.010257277290211942,0.0,0.0,0.0,0.0,0.0,0.670686857088567,1.4910087911085244
3.0,3.963455149502,support,0.016770650312513694,1.6770650312513693,-0.010169396085984286,0.0,0.0,0.0,0.0,0.0,0.6729861414567418,1.4859146992765793
3.0,3.97342192691,support,0.016753530381231858,1.6753530381231858,-0.010083796429575105,0.0,0.0,0.0,0.0,0.0,0.6752333104269589,1.4809695916329821
3.0,3.983388704319,support,0.016737006057393596,1.6737006057393595,-0.010001174810383791,0.0,0.0,0.0,0.0,0.0,0.6774094159438682,1.4762121347348711
3.0,3.993355481728,support,0.016720779761227378,1.6720779761227378,-0.009920043329552713,0.0,0.0,0.0,0.0,0.0,0.6795530982010488,1.4715553540220128
3.0,4.003322259136,support,0.01670495154945109,1.670495154945109,-0.00984090227067128,0.0,0.0,0.0,0.0,0.0,0.6816507248623708,1.4670269736776202
3.0,4.013289036545,support,0.016689738431556734,1.6689738431556733,-0.009764836681199478,0.0,0.0,0.0,0.0,0.0,0.6836729385994595,1.4626877027611378
3.0,4.023255813953,support,0.01667486742505752,1.667486742505752,-0.009690481648703413,0.0,0.0,0.0,0.0,0.0,0.685655475162243,1.458458418586062
3.0,4.033222591362,support,0.016660341992706187,1.6660341992706187,-0.009617854486946747,0.0,0.0,0.0,0.0,0.0,0.6875974913695866,1.4543392210581754
3.0,4.043189368771,support,0.01664643289733247,1.664643289733247,-0.009548309010078165,0.0,0.0,0.0,0.0,0.0,0.6894622598941251,1.4504057120596587
3.0,4.053156146179,support,0.01663292112995152,1.6632921129951521,-0.009480750173173413,0.0,0.0,0.0,0.0,0.0,0.6912786018399554,1.446594755484012
3.0,4.063122923588,support,0.01661971388168673,1.6619713881686728,-0.00941471393184946,0.0,0.0,0.0,0.0,0.0,0.6930586326856483,1.4428793652348482
3.0,4.073089700997,support,0.016607106101193793,1.6607106101193794,-0.009351675029384781,0.0,0.0,0.0,0.0,0.0,0.6947621452133292,1.4393415169344703
3.0,4.083056478405,support,0.016594956264428303,1.6594956264428302,-0.009290925845557324,0.0,0.0,0.0,0.0,0.0,0.696407743912299,1.4359403793848873
3.0,4.093023255814,support,0.016583085955007234,1.6583085955007233,-0.009231574298451983,0.0,0.0,0.0,0.0,0.0,0.6980192470392592,1.432625252443442
3.0,4.102990033223,support,0.016571782269592963,1.6571782269592963,-0.009175055871380617,0.0,0.0,0.0,0.0,0.0,0.6995572919403572,1.4294754861696988
3.0,4.112956810631,support,0.01656099634047711,1.656099634047711,-0.009121126225801374,0.0,0.0,0.0,0.0,0.0,0.7010280475173565,1.4264764491826434
3.0,4.12292358804,support,0.01655048401216484,1.6550484012164839,-0.009068564584240013,0.0,0.0,0.0,0.0,0.0,0.7024644706539579,1.4235595418356917
3.0,4.132890365449,support,0.016540493416701895,1.6540493416701896,-0.009018611606925289,0.0,0.0,0.0,0.0,0.0,0.7038323309748618,1.4207929303487996
3.0,4.142857142857,support,0.01653107356885163,1.6531073568851629,-0.008971512367673958,0.0,0.0,0.0,0.0,0.0,0.7051244870534293,1.4181892961607319
3.0,4.152823920266,support,0.016521941548539712,1.6521941548539711,-0.008925852266114384,0.0,0.0,0.0,0.0,0.0,0.7063794253312078,1.4156697719941647
3.0,4.162790697674,support,0.01651327963906711,1.651327963906711,-0.008882542718751376,0.0,0.0,0.0,0.0,0.0,0.7075718240457135,1.4132840879421364
3.0,4.172757475083,support,0.016505229449063154,1.6505229449063155,-0.008842291768731594,0.0,0.0,0.0,0.0,0.0,0.7086818179844547,1.4110704897778759
3.0,4.182724252492,support,0.01649750053022745,1.6497500530227451,-0.008803647174553057,0.0,0.0,0.0,0.0,0.0,0.7097491521104016,1.4089484954318758
3.0,4.1926910299,support,0.016490189533112418,1.6490189533112418,-0.008767092188977907,0.0,0.0,0.0,0.0,0.0,0.7107602522679879,1.4069441795726023
3.0,4.202657807309,support,0.016483515384034187,1.6483515384034186,-0.008733721443586754,0.0,0.0,0.0,0.0,0.0,0.7116845348856867,1.4051169457555004
3.0,4.212624584718,support,0.016477212304275412,1.6477212304275413,-0.008702206044792868,0.0,0.0,0.0,0.0,0.0,0.7125585327834987,1.403393481365883
3.0,4.222591362126,support,0.016471280771577942,1.647128077157794,-0.008672548381305531,0.0,0.0,0.0,0.0,0.0,0.7133819914746726,1.401773540614395
3.0,4.232558139535,support,0.016465993340083293,1.6465993340083294,-0.008646111223832279,0.0,0.0,0.0,0.0,0.0,0.7141168335250413,1.4003310845702588
3.0,4.242524916944,support,0.016461138640366434,1.6461138640366433,-0.008621837725247977,0.0,0.0,0.0,0.0,0.0,0.7147922014760564,1.3990079885244766
3.0,4.252491694352,support,0.01645662087393515,1.6456620873935153,-0.008599248893091577,0.0,0.0,0.0,0.0,0.0,0.715421270261965,1.3977778430236372
3.0,4.262458471761,support,0.01645273658417194,1.6452736584171939,-0.008579827444275523,0.0,0.0,0.0,0.0,0.0,0.7159625742619933,1.3967210521175488
3.0,4.272425249169,support,0.016449352903687983,1.6449352903687982,-0.00856290904185572,0.0,0.0,0.0,0.0,0.0,0.7164344484982577,1.3958011121549692
3.0,4.282392026578,support,0.016446288204443823,1.6446288204443822,-0.00854758554563493,0.0,0.0,0.0,0.0,0.0,0.7168621073162014,1.394968418324989
3.0,4.292358803987,support,0.016443830541746054,1.6443830541746054,-0.008535297232146077,0.0,0.0,0.0,0.0,0.0,0.7172052425726969,1.3943010182313869
3.0,4.302325581395,support,0.01644194136604494,1.6441941366044939,-0.008525851353640507,0.0,0.0,0.0,0.0,0.0,0.7174691181574505,1.3937882128893906
3.0,4.312292358804,support,0.016440373230680084,1.6440373230680083,-0.008518010676816234,0.0,0.0,0.0,0.0,0.0,0.7176882253271891,1.3933626952624265
3.0,4.322259136213,support,0.01643937382987084,1.6439373829870838,-0.008513013672770003,0.0,0.0,0.0,0.0,0.0,0.7178279011687483,1.3930915730244346
3.0,4.332225913621,support,0.01643900467352639,1.6439004673526392,-0.008511167891047784,0.0,0.0,0.0,0.0,0.0,0.7178795011806426,1.3929914398661265
3.0,4.34219269103,support,0.01643898007637621,1.643898007637621,-0.008511044905296854,0.0,0.0,0.0,0.0,0.0,0.7178829394579944,1.392984768178229
3.0,4.352159468439,support,0.01643947953182348,1.643947953182348,-0.008513542182533229,0.0,0.0,0.0,0.0,0.0,0.7178131270223901,1.3931202458614385
3.0,4.362126245847,support,0.016440659504471194,1.6440659504471193,-0.008519442045771788,0.0,0.0,0.0,0.0,0.0,0.7176482208289579,1.3934403667090496
3.0,4.372093023256,support,0.016442228406659123,1.6442228406659123,-0.008527286556711432,0.0,0.0,0.0,0.0,0.0,0.7174290187506711,1.3938661161788481
3.0,4.382059800664,support,0.016444276791451672,1.6444276791451673,-0.00853752848067419,0.0,0.0,0.0,0.0,0.0,0.7171429256425383,1.3944221775652743
3.0,4.392026578073,support,0.016447040471495086,1.6447040471495085,-0.008551346880891233,0.0,0.0,0.0,0.0,0.0,0.7167571097145218,1.3951727669618674
3.0,4.401993355482,support,0.01645025569295544,1.645025569295544,-0.008567422988193015,0.0,0.0,0.0,0.0,0.0,0.7163085187899738,1.396046499194583
3.0,4.41196013289,support,0.01645391281958519,1.6453912819585188,-0.008585708621341764,0.0,0.0,0.0,0.0,0.0,0.7157986140919897,1.39704098375285
3.0,4.421926910299,support,0.016458302346549235,1.6458302346549234,-0.00860765625616198,0.0,0.0,0.0,0.0,0.0,0.715187071781318,1.3982355658489432
3.0,4.431893687708,support,0.016463219920960538,1.646321992096054,-0.008632244128218506,0.0,0.0,0.0,0.0,0.0,0.7145025832003468,1.3995750659443027
3.0,4.441860465116,support,0.016468555422503982,1.6468555422503983,-0.008658921635935731,0.0,0.0,0.0,0.0,0.0,0.7137606633395475,1.4010298568727426
3.0,4.451827242525,support,0.01647462271961012,1.647462271961012,-0.008689258121466415,0.0,0.0,0.0,0.0,0.0,0.7129179208721276,1.4026860185765548
3.0,4.461794019934,support,0.016481302830696015,1.6481302830696016,-0.00872265867689589,0.0,0.0,0.0,0.0,0.0,0.7119912098715698,1.4045117216831675
3.0,4.471760797342,support,0.016488396186851596,1.6488396186851595,-0.008758125457673793,0.0,0.0,0.0,0.0,0.0,0.711008489336879,1.406452967857878
3.0,4.481727574751,support,0.016496205241793425,1.6496205241793425,-0.008797170732382934,0.0,0.0,0.0,0.0,0.0,0.7099281836968508,1.4085931830352771
3.0,4.491694352159,support,0.01650471381625288,1.6504713816252878,-0.008839713604680208,0.0,0.0,0.0,0.0,0.0,0.7087529749072071,1.4109288220355254
3.0,4.501661129568,support,0.01651365449079203,1.6513654490792031,-0.008884416977375962,0.0,0.0,0.0,0.0,0.0,0.7075201803021299,1.4133872472343805
3.0,4.511627906977,support,0.0165232836561967,1.6523283656196701,-0.008932562804399316,0.0,0.0,0.0,0.0,0.0,0.7061948506315527,1.4160397786895447
3.0,4.521594684385,support,0.016533694669313845,1.6533694669313845,-0.008984617869985041,0.0,0.0,0.0,0.0,0.0,0.704764702790011,1.4189132855848432
3.0,4.531561461794,support,0.016544582564169085,1.6544582564169086,-0.009039057344261251,0.0,0.0,0.0,0.0,0.0,0.7032721444989051,1.4219246529556766
3.0,4.541528239203,support,0.01655612689089913,1.655612689089913,-0.009096778977911462,0.0,0.0,0.0,0.0,0.0,0.7016930521885585,1.4251245567859503
3.0,4.551495016611,support,0.016568525432567646,1.6568525432567645,-0.009158771686254029,0.0,0.0,0.0,0.0,0.0,0.700001064607274,1.428569255906827
3.0,4.56146179402,support,0.016581471900876592,1.6581471900876592,-0.009223504027798781,0.0,0.0,0.0,0.0,0.0,0.6982386574661403,1.432175072673476
3.0,4.571428571429,support,0.016595045588796167,1.6595045588796167,-0.009291372467396652,0.0,0.0,0.0,0.0,0.0,0.6963956314263116,1.4359653548542026
3.0,4.581395348837,support,0.016609531748972558,1.6609531748972557,-0.009363803268278608,0.0,0.0,0.0,0.0,0.0,0.6944340764742244,1.440021499344031
3.0,4.591362126246,support,0.016624661450189284,1.6624661450189284,-0.009439451774362237,0.0,0.0,0.0,0.0,0.0,0.6923912788862885,1.4442700688092147
3.0,4.601328903654,support,0.016640400595871224,1.6640400595871223,-0.009518147502771926,0.0,0.0,0.0,0.0,0.0,0.6902725716525037,1.4487030791416395
3.0,4.611295681063,support,0.016657094270733887,1.6657094270733888,-0.009601615877085246,0.0,0.0,0.0,0.0,0.0,0.6880324560332299,1.453419807788403
3.0,4.621262458472,support,0.01667454820586887,1.667454820586887,-0.009688885552760183,0.0,0.0,0.0,0.0,0.0,0.6856980950161198,1.4583677674888267
3.0,4.63122923588,support,0.016692614152907858,1.6692614152907859,-0.009779215287955093,0.0,0.0,0.0,0.0,0.0,0.6832902221519122,1.463506966118528
3.0,4.641196013289,support,0.016711660962856752,1.6711660962856751,-0.009874449337699586,0.0,0.0,0.0,0.0,0.0,0.6807607734099167,1.468944802725663
3.0,4.651162790698,support,0.01673160111555376,1.673160111555376,-0.009974150101184617,0.0,0.0,0.0,0.0,0.0,0.6781227194001201,1.4746593373019834
3.0,4.661129568106,support,0.016752184887325244,1.6752184887325243,-0.010077068960042035,0.0,0.0,0.0,0.0,0.0,0.6754102381982799,1.4805816427473673
3.0,4.671096345515,support,0.016773763562102778,1.677376356210278,-0.010184962333929707,0.0,0.0,0.0,0.0,0.0,0.6725782994516173,1.4868157370158153
3.0,4.681063122924,support,0.016796379724480153,1.6796379724480153,-0.010298043145816572,0.0,0.0,0.0,0.0,0.0,0.669622946365642,1.493377736571707
3.0,4.691029900332,support,0.01681970827528522,1.6819708275285221,-0.010414685899841921,0.0,0.0,0.0,0.0,0.0,0.6665881077610114,1.500176778368997
3.0,4.700996677741,support,0.01684404014709433,1.684404014709433,-0.010536345258887475,0.0,0.0,0.0,0.0,0.0,0.6634373994184132,1.5073012176832756
3.0,4.71096345515,support,0.016869559787914917,1.6869559787914916,-0.010663943462990395,0.0,0.0,0.0,0.0,0.0,0.6601488872860594,1.514809794061918
3.0,4.720930232558,support,0.01689590521474461,1.689590521474461,-0.010795670597138854,0.0,0.0,0.0,0.0,0.0,0.6567710619500051,1.5226005802248976
3.0,4.730897009967,support,0.016923266957947082,1.6923266957947083,-0.010932479313151215,0.0,0.0,0.0,0.0,0.0,0.653281226972086,1.530734328054905
3.0,4.740863787375,support,0.016951969509696015,1.6951969509696014,-0.011075992071895883,0.0,0.0,0.0,0.0,0.0,0.6496403067281407,1.539313354856962
3.0,4.750830564784,support,0.01698166306455163,1.6981663064551629,-0.011224459846173955,0.0,0.0,0.0,0.0,0.0,0.6458950311993187,1.5482391901098354
3.0,4.760797342193,support,0.017012404716396427,1.7012404716396428,-0.011378168105397947,0.0,0.0,0.0,0.0,0.0,0.6420403054263457,1.5575346151141585
3.0,4.770764119601,support,0.017044642653345415,1.7044642653345414,-0.011539357790142877,0.0,0.0,0.0,0.0,0.0,0.6380226685942385,1.5673424303298025
3.0,4.78073089701,support,0.017078096689918037,1.7078096689918036,-0.011706627973006005,0.0,0.0,0.0,0.0,0.0,0.6338800551088203,1.5775855257479692
3.0,4.790697674419,support,0.017112668690968957,1.7112668690968957,-0.011879487978260599,0.0,0.0,0.0,0.0,0.0,0.6296272628895162,1.5882412642215509
3.0,4.800664451827,support,0.017148899766185027,1.7148899766185028,-0.012060643354340948,0.0,0.0,0.0,0.0,0.0,0.6252009996504378,1.5994856063235978
3.0,4.810631229236,support,0.017186643348629765,1.7186643348629764,-0.01224936126656464,0.0,0.0,0.0,0.0,0.0,0.6206230459219712,1.6112840259008472
3.0,4.820598006645,support,0.01722563983314273,1.722563983314273,-0.012444343689129453,0.0,0.0,0.0,0.0,0.0,0.6159283327630456,1.623565513724648
3.0,4.830564784053,support,0.017266479112251844,1.7266479112251845,-0.012648540084675041,0.0,0.0,0.0,0.0,0.0,0.6110498346712285,1.636527731879747
3.0,4.840531561462,support,0.01730921868386903,1.7309218683869028,-0.012862237942760948,0.0,0.0,0.0,0.0,0.0,0.605985709331758,1.6502039315460681
3.0,4.85049833887,support,0.017353452109489777,1.7353452109489778,-0.013083405070864695,0.0,0.0,0.0,0.0,0.0,0.600788771366498,1.6644785116830554
3.0,4.860465116279,support,0.01739976243944089,1.739976243944089,-0.013314956720620259,0.0,0.0,0.0,0.0,0.0,0.5953955708017481,1.6795556585236593
3.0,4.870431893688,support,0.01744849273079808,1.7448492730798082,-0.013558608177406213,0.0,0.0,0.0,0.0,0.0,0.5897728135686104,1.69556815267421
3.0,4.880398671096,support,0.01749913489907484,1.7499134899074837,-0.01381181901879,0.0,0.0,0.0,0.0,0.0,0.5839857126151629,1.7123706597578763
3.0,4.890365448505,support,0.01755220100256603,1.755220100256603,-0.01407714953624598,0.0,0.0,0.0,0.0,0.0,0.577982535979202,1.730156082148447
3.0,4.900332225914,support,0.017608429926215623,1.7608429926215623,-0.014358294154493937,0.0,0.0,0.0,0.0,0.0,0.5716888844516004,1.7492031543682405
3.0,4.910299003322,support,0.0176673141731229,1.76673141731229,-0.014652715389030317,0.0,0.0,0.0,0.0,0.0,0.5651714748452139,1.7693745075755538
3.0,4.920265780731,support,0.01772922991101754,1.7729229911017539,-0.014962294078503515,0.0,0.0,0.0,0.0,0.0,0.5583986553146406,1.7908352580765627
3.0,4.93023255814,support,0.017795513390359487,1.7795513390359488,-0.015293711475213245,0.0,0.0,0.0,0.0,0.0,0.5512379865687207,1.8140984916962608
3.0,4.940199335548,support,0.017865920629254222,1.7865920629254222,-0.015645747669686932,0.0,0.0,0.0,0.0,0.0,0.5437323695800084,1.8391400916087144
3.0,4.950166112957,support,0.01794067373365092,1.7940673733650918,-0.01601951319167041,0.0,0.0,0.0,0.0,0.0,0.5358752918642108,1.866105818242124
3.0,4.960132890365,support,0.01802228617587929,1.802228617587929,-0.016427575402812263,0.0,0.0,0.0,0.0,0.0,0.5274268339968216,1.8959975783219751
3.0,4.970099667774,support,0.018111870133950783,1.8111870133950783,-0.016875495193169734,0.0,0.0,0.0,0.0,0.0,0.5183064381783888,1.9293605603560409
3.0,4.980066445183,support,0.018210193238937772,1.8210193238937773,-0.017367110718104685,0.0,0.0,0.0,0.0,0.0,0.508477762093574,1.966654344690835
3.0,4.990033222591,support,0.01832491510312369,1.8324915103123691,-0.017940720039034266,0.0,0.0,0.0,0.0,0.0,0.4972451693055097,2.0110803718750567
3.0,5.0,Pd,-0.015732574965171706,-1.5732574965171706,-0.018736494703308317,0.0,0.0,-0.042419823290867,0.0,-0.23512070815744993,0.48207179569100933,2.07437981009983
3.0,5.005,Pd,-0.015507854944054399,-1.5507854944054398,-0.019185934745542935,0.0,0.0,-0.04279268334420509,0.0,-0.23512070815744993,0.47370764437105456,2.111006676549854
3.0,5.01,Pd,-0.01533516272978068,-1.533516272978068,-0.019531319174090372,0.0,0.0,-0.043081443306056046,0.0,-0.23512070815744993,0.46737873009719855,2.139592445278874
3.0,5.015,Pd,-0.015190377035868797,-1.5190377035868796,-0.019820890561914137,0.0,0.0,-0.043325041666499836,0.0,-0.23512070815744993,0.46213776019823977,2.163856940776788
3.0,5.02,Pd,-0.015050185287069001,-1.5050185287069002,-0.02010127405951373,0.0,0.0,-0.043562223281824755,0.0,-0.23512070815744993,0.45711909145693713,2.1876137284329653
3.0,5.025,Pd,-0.014924042585006533,-1.4924042585006534,-0.020353559463638666,0.0,0.0,-0.043776745776537083,0.0,-0.23512070815744993,0.45264995812928854,2.2092126201288065
3.0,5.03,Pd,-0.014806893745847415,-1.4806893745847416,-0.020587857141956902,0.0,0.0,-0.04397691901719526,0.0,-0.23512070815744993,0.4485386108011322,2.229462471946185
3.0,5.035,Pd,-0.014692243559848354,-1.4692243559848355,-0.020817157513955024,0.0,0.0,-0.04417370899381089,0.0,-0.23512070815744993,0.44455111272243525,2.2494601214154892
3.0,5.04,Pd,-0.014586088075430485,-1.4586088075430486,-0.02102946848279076,0.0,0.0,-0.044356703405133736,0.0,-0.23512070815744993,0.4408906710436369,2.2681359930635177
3.0,5.045,Pd,-0.014484671707257868,-1.4484671707257868,-0.021232301219135996,0.0,0.0,-0.044532236389622455,0.0,-0.23512070815744993,0.43742179835350764,2.2861229224608466
3.0,5.05,Pd,-0.014385201668982,-1.4385201668982,-0.02143124129568773,0.0,0.0,-0.04470507538853493,0.0,-0.23512070815744993,0.43404601179415503,2.3039032103219665
3.0,5.055,Pd,-0.01429185680224246,-1.429185680224246,-0.02161793102916681,0.0,0.0,-0.044867881383746436,0.0,-0.23512070815744993,0.4309017988756611,2.3207143776360866
3.0,5.06,Pd,-0.01420137654250953,-1.420137654250953,-0.02179889154863267,0.0,0.0,-0.04502625698791322,0.0,-0.23512070815744993,0.4278758173353356,2.3371267070610773
3.0,5.065,Pd,-0.014112641585943924,-1.4112641585943924,-0.021976361461763884,0.0,0.0,-0.04518212058761215,0.0,-0.23512070815744993,0.42492884475406945,2.3533351815143475
3.0,5.07,Pd,-0.014028655685451986,-1.4028655685451985,-0.02214433326274776,0.0,0.0,-0.04533013940364134,0.0,-0.23512070815744993,0.4221582919089217,2.3687797188068607
3.0,5.075,Pd,-0.013946504002400278,-1.3946504002400277,-0.022308636628851176,0.0,0.0,-0.0454753946854581,0.0,-0.23512070815744993,0.4194657242792928,2.3839850126447284
3.0,5.08,Pd,-0.013866023092473838,-1.3866023092473838,-0.022469598448704057,0.0,0.0,-0.045618147155657436,0.0,-0.23512070815744993,0.4168445710140206,2.398975708301512
3.0,5.085,Pd,-0.013789353226481628,-1.3789353226481627,-0.022622938180688477,0.0,0.0,-0.04575455658081386,0.0,-0.23512070815744993,0.4143627737431598,2.4133442079423957
3.0,5.09,Pd,-0.013713892494144779,-1.371389249414478,-0.022773859645362174,0.0,0.0,-0.045889213033431665,0.0,-0.23512070815744993,0.41193454483083763,2.4275701383836443
3.0,5.095,Pd,-0.013640079059222855,-1.3640079059222856,-0.02292148651520602,0.0,0.0,-0.046021313360051504,0.0,-0.23512070815744993,0.40957309163979744,2.441566646862286
3.0,5.1,Pd,-0.013569372406126053,-1.3569372406126052,-0.023062899821399627,0.0,0.0,-0.04614821021831595,0.0,-0.23512070815744993,0.4073237267897113,2.4550497165520366
3.0,5.105,Pd,-0.013499480690853136,-1.3499480690853136,-0.02320268325194546,0.0,0.0,-0.046273988381376814,0.0,-0.23512070815744993,0.40511242821702237,2.468450559271144
3.0,5.11,Pd,-0.013431230770174746,-1.3431230770174745,-0.02333918309330224,0.0,0.0,-0.046397142766611194,0.0,-0.23512070815744993,0.4029646598664033,2.4816071968483153
3.0,5.115,Pd,-0.013365525703057577,-1.3365525703057577,-0.023470593227536578,0.0,0.0,-0.046516014711016074,0.0,-0.23512070815744993,0.4009077344374013,2.494339505331101
3.0,5.12,Pd,-0.013300387935933569,-1.3300387935933569,-0.023600868761784594,0.0,0.0,-0.04663416093167979,0.0,-0.23512070815744993,0.3988789326794352,2.5070263633192793
3.0,5.125,Pd,-0.013236887565486612,-1.3236887565486612,-0.02372786950267851,0.0,0.0,-0.04674962611275414,0.0,-0.23512070815744993,0.3969110131374851,2.519456419450907
3.0,5.13,Pd,-0.013175466449928083,-1.3175466449928084,-0.023850711733795566,0.0,0.0,-0.04686158249768958,0.0,-0.23512070815744993,0.395016768930838,2.531538098260042
3.0,5.135,Pd,-0.013114464725825788,-1.3114464725825787,-0.023972715182000157,0.0,0.0,-0.046973039802491096,0.0,-0.23512070815744993,0.3931444068047351,2.543594625006772
3.0,5.14,Pd,-0.013055087813183493,-1.3055087813183492,-0.024091469007284746,0.0,0.0,-0.04708178297760911,0.0,-0.23512070815744993,0.3913304398210133,2.555385163641704
3.0,5.145,Pd,-0.012997395906392588,-1.2997395906392588,-0.024206852820866556,0.0,0.0,-0.04718768134653098,0.0,-0.23512070815744993,0.38957596691741697,2.566893455755657
3.0,5.15,Pd,-0.012940046221844394,-1.2940046221844395,-0.024321552189962944,0.0,0.0,-0.04729318761252953,0.0,-0.23512070815744993,0.3878396975011186,2.578384849315524
3.0,5.155,Pd,-0.012884295409514284,-1.2884295409514284,-0.024433053814623164,0.0,0.0,-0.0473959785537114,0.0,-0.23512070815744993,0.3861592521034491,2.5896051811600977
3.0,5.16,Pd,-0.012829892402899806,-1.2829892402899805,-0.02454185982785212,0.0,0.0,-0.047496499843037714,0.0,-0.23512070815744993,0.38452645180152345,2.600601324863233
3.0,5.165,Pd,-0.012775805560542152,-1.2775805560542153,-0.024650033512567428,0.0,0.0,-0.04759664828878284,0.0,-0.23512070815744993,0.3829099845255977,2.611579850128326
3.0,5.17,Pd,-0.012723275671508527,-1.2723275671508527,-0.02475509329063468,0.0,0.0,-0.04769411597654253,0.0,-0.23512070815744993,0.3813465541067645,2.6222867080635344
3.0,5.175,Pd,-0.012671804883483843,-1.2671804883483844,-0.024858034866684045,0.0,0.0,-0.04778981212754806,0.0,-0.23512070815744993,0.379820837310002,2.632820271479262
3.0,5.18,Pd,-0.012620661009731976,-1.2620661009731975,-0.02496032261418778,0.0,0.0,-0.04788509065286071,0.0,-0.23512070815744993,0.37831085723970204,2.643328841515084
3.0,5.185,Pd,-0.012571015287435098,-1.2571015287435099,-0.025059614058781536,0.0,0.0,-0.047977759883723416,0.0,-0.23512070815744993,0.3768508508060374,2.653569702340126
3.0,5.19,Pd,-0.012522183081008857,-1.2522183081008857,-0.025157278471634018,0.0,0.0,-0.04806908554880311,0.0,-0.23512070815744993,0.37542026560350594,2.6636814568133462
3.0,5.195,Pd,-0.012473714306005721,-1.247371430600572,-0.02525421602164029,0.0,0.0,-0.04815990342860043,0.0,-0.23512070815744993,0.37400569776569587,2.673756057658972
3.0,5.2,Pd,-0.01242666834232702,-1.2426668342327019,-0.025348307948997693,0.0,0.0,-0.04824821942958069,0.0,-0.23512070815744993,0.37263775269193844,2.6835713579099036
3.0,5.205,Pd,-0.01238022979739291,-1.238022979739291,-0.025441185038865912,0.0,0.0,-0.04833555399734833,0.0,-0.23512070815744993,0.37129237632407125,2.693295267466468
3.0,5.21,Pd,-0.012334208084069924,-1.2334208084069924,-0.025533228465511884,0.0,0.0,-0.04842226061369422,0.0,-0.23512070815744993,0.36996386824525607,2.7029666565630164
3.0,5.215,Pd,-0.012289518587654948,-1.2289518587654948,-0.025622607458341835,0.0,0.0,-0.04850660613128484,0.0,-0.23512070815744993,0.36867836648464397,2.7123913169492995
3.0,5.22,Pd,-0.012245267173085276,-1.2245267173085277,-0.02571111028748118,0.0,0.0,-0.04859026959253758,0.0,-0.23512070815744993,0.3674098675085015,2.721755969106793
3.0,5.225,Pd,-0.012201495535347905,-1.2201495535347904,-0.025798653562955923,0.0,0.0,-0.04867316793116095,0.0,-0.23512070815744993,0.36615941549489583,2.7310508966385973
3.0,5.23,Pd,-0.012158952263643134,-1.2158952263643135,-0.025883740106365464,0.0,0.0,-0.048753875419195715,0.0,-0.23512070815744993,0.36494813346806865,2.740115398035035
3.0,5.235,Pd,-0.012116712164528727,-1.2116712164528727,-0.025968220304594277,0.0,0.0,-0.04883414016576921,0.0,-0.23512070815744993,0.36374944760983585,2.7491450683180636
3.0,5.24,Pd,-0.01207501819808778,-1.2075018198087781,-0.02605160823747617,0.0,0.0,-0.048913496738890345,0.0,-0.23512070815744993,0.36257012101346026,2.758087172778574
3.0,5.245,Pd,-0.012034438020384964,-1.2034438020384963,-0.026132768592881803,0.0,0.0,-0.04899085725910944,0.0,-0.23512070815744993,0.3614259700745806,2.766818332931773
3.0,5.25,Pd,-0.01199405828600295,-1.199405828600295,-0.02621352806164583,0.0,0.0,-0.049067957108107484,0.0,-0.23512070815744993,0.36029105447170984,2.77553380132151
3.0,5.255,Pd,-0.011954289326851088,-1.1954289326851089,-0.026293065979949556,0.0,0.0,-0.049144009357897006,0.0,-0.23512070815744993,0.35917678872011277,2.784144274922081
3.0,5.26,Pd,-0.011915511757634908,-1.191551175763491,-0.026370621118381916,0.0,0.0,-0.049218279224745295,0.0,-0.23512070815744993,0.3580936185735001,2.792565821149215
3.0,5.265,Pd,-0.011876861735089608,-1.1876861735089608,-0.026447921163472516,0.0,0.0,-0.049292416492591015,0.0,-0.23512070815744993,0.3570172616063719,2.800985015403951
3.0,5.27,Pd,-0.011838881194201926,-1.1838881194201927,-0.02652388224524788,0.0,0.0,-0.049365378368504784,0.0,-0.23512070815744993,0.3559627006938706,2.8092831019955775
3.0,5.275,Pd,-0.011801764960341026,-1.1801764960341026,-0.02659811471296968,0.0,0.0,-0.04943678421939179,0.0,-0.23512070815744993,0.35493514749260685,2.8174161028130627
3.0,5.28,Pd,-0.011764730661297067,-1.1764730661297067,-0.0266721833110576,0.0,0.0,-0.04950813538546014,0.0,-0.23512070815744993,0.35391281905211047,2.825554617315964
3.0,5.285,Pd,-0.011728415228466215,-1.1728415228466216,-0.0267448141767193,0.0,0.0,-0.049578201566551745,0.0,-0.23512070815744993,0.3529131943568033,2.8335579853355584
3.0,5.29,Pd,-0.011692835574073378,-1.1692835574073377,-0.026815973485504976,0.0,0.0,-0.04964694431992825,0.0,-0.23512070815744993,0.35193656108069743,2.841421183776086
3.0,5.295,Pd,-0.011657316736886492,-1.1657316736886492,-0.026887011159878748,0.0,0.0,-0.04971566464064949,0.0,-0.23512070815744993,0.3509642929503678,2.849292706085678
3.0,5.3,Pd,-0.011622554238487189,-1.1622554238487188,-0.026956536156677355,0.0,0.0,-0.049783013733268426,0.0,-0.23512070815744993,0.3500153291925216,2.8570177263578143
3.0,5.305,Pd,-0.011588400762029978,-1.1588400762029978,-0.027024843109591776,0.0,0.0,-0.04984927175528312,0.0,-0.23512070815744993,0.34908548969851527,2.864627804677993
3.0,5.31,Pd,-0.011554308445847436,-1.1554308445847437,-0.02709302774195686,0.0,0.0,-0.049915499074272195,0.0,-0.23512070815744993,0.34815977886728705,2.872244471355734
3.0,5.315,Pd,-0.011520996201440014,-1.1520996201440015,-0.027159652230771703,0.0,0.0,-0.04998029602403509,0.0,-0.23512070815744993,0.34725762062737336,2.879706421397892
3.0,5.32,Pd,-0.01148817108017156,-1.148817108017156,-0.02722530247330861,0.0,0.0,-0.05004422773003225,0.0,-0.23512070815744993,0.3463709412909177,2.8870782181467636
3.0,5.325,Pd,-0.011455425676652363,-1.1455425676652362,-0.027290793280347007,0.0,0.0,-0.050108085653840645,0.0,-0.23512070815744993,0.34548867109745224,2.894450914478551
3.0,5.33,Pd,-0.011423469239613846,-1.1423469239613846,-0.02735470615442404,0.0,0.0,-0.050170483549840106,0.0,-0.23512070815744993,0.3446298250684373,2.901664125562603
3.0,5.335,Pd,-0.011391885737858718,-1.1391885737858718,-0.027417873157934296,0.0,0.0,-0.0502322296019547,0.0,-0.23512070815744993,0.34378309965801995,2.908810819946517
3.0,5.34,Pd,-0.011360415319136482,-1.136041531913648,-0.02748081399537877,0.0,0.0,-0.050293830160279794,0.0,-0.23512070815744993,0.3429414750795822,2.9159494335525977
3.0,5.345,Pd,-0.011329727514158252,-1.1329727514158252,-0.027542189605335228,0.0,0.0,-0.05035397156794293,0.0,-0.23512070815744993,0.342122764441377,2.922927393132738
3.0,5.35,Pd,-0.01129930870111384,-1.129930870111384,-0.027603027231424052,0.0,0.0,-0.050413656784144466,0.0,-0.23512070815744993,0.3413131590708574,2.929860667318712
3.0,5.355,Pd,-0.011269047645040242,-1.1269047645040242,-0.027663549343571247,0.0,0.0,-0.05047310265911296,0.0,-0.23512070815744993,0.3405096534410896,2.936774302561753
3.0,5.36,Pd,-0.011239547834769256,-1.1239547834769257,-0.02772254896411322,0.0,0.0,-0.0505311205890784,0.0,-0.23512070815744993,0.33972818160194324,2.943529722157969
3.0,5.365,Pd,-0.011210225458421246,-1.1210225458421246,-0.02778119371680924,0.0,0.0,-0.05058885564575703,0.0,-0.23512070815744993,0.3389531874614168,2.9502599090142216
3.0,5.37,Pd,-0.011181113307455082,-1.1181113307455082,-0.02783941801874157,0.0,0.0,-0.05064624203181836,0.0,-0.23512070815744993,0.33818549857763996,2.956957067070757
3.0,5.375,Pd,-0.011152726834575043,-1.1152726834575042,-0.027896190964501646,0.0,0.0,-0.05070226063132507,0.0,-0.23512070815744993,0.3374386201459628,2.96350192389786
3.0,5.38,Pd,-0.011124440313655464,-1.1124440313655464,-0.027952764006340804,0.0,0.0,-0.050758143616932164,0.0,-0.23512070815744993,0.3366960123313278,2.9700381453165057
3.0,5.385,Pd,-0.01109642083426476,-1.109642083426476,-0.02800880296512221,0.0,0.0,-0.05081355975741675,0.0,-0.23512070815744993,0.3359620263876525,2.9765268734453394
3.0,5.39,Pd,-0.011069078595724207,-1.1069078595724207,-0.028063487442203317,0.0,0.0,-0.050867694795178844,0.0,-0.23512070815744993,0.3352473236949391,2.9828724327415
3.0,5.395,Pd,-0.011041774103037456,-1.1041774103037456,-0.02811809642757682,0.0,0.0,-0.05092181265395902,0.0,-0.23512070815744993,0.3345351249108096,2.9892227318928315
3.0,5.4,Pd,-0.011014794519623205,-1.1014794519623206,-0.02817205559440532,0.0,0.0,-0.0509753430901922,0.0,-0.23512070815744993,0.3338328870297192,2.995510744604907
3.0,5.405,Pd,-0.010988432637682318,-1.0988432637682317,-0.028224779358287096,0.0,0.0,-0.05102770229377772,0.0,-0.23512070815744993,0.3331481508707546,3.001667568576575
3.0,5.41,Pd,-0.010962062256688502,-1.0962062256688503,-0.028277520120274728,0.0,0.0,-0.05108013218458474,0.0,-0.23512070815744993,0.3324645991182597,3.0078390380573836
3.0,5.415,Pd,-0.010936072638841497,-1.0936072638841496,-0.028329499355968738,0.0,0.0,-0.051131857746986156,0.0,-0.23512070815744993,0.33179228949262535,3.0139338124137653
3.0,5.42,Pd,-0.010910632199939966,-1.0910632199939965,-0.0283803802337718,0.0,0.0,-0.051182541042059757,0.0,-0.23512070815744993,0.33113550301734895,3.01991176085884
3.0,5.425,Pd,-0.010885153142922953,-1.0885153142922952,-0.028431338347805826,0.0,0.0,-0.05123335162658006,0.0,-0.23512070815744993,0.3304790226289067,3.0259106676277456
3.0,5.43,Pd,-0.010860105927993224,-1.0860105927993224,-0.028481432777665284,0.0,0.0,-0.05128335019330188,0.0,-0.23512070815744993,0.3298349374573849,3.031819514660121
3.0,5.435,Pd,-0.010835532765614995,-1.0835532765614995,-0.02853057910242174,0.0,0.0,-0.05133244988602354,0.0,-0.23512070815744993,0.3292042623611659,3.0376277415962267
3.0,5.44,Pd,-0.010810906646601191,-1.081090664660119,-0.02857983134044935,0.0,0.0,-0.051381702552639893,0.0,-0.23512070815744993,0.3285734379311956,3.0434596487662633
3.0,5.445,Pd,-0.010786756281584323,-1.0786756281584324,-0.028628132070483085,0.0,0.0,-0.051430049599218465,0.0,-0.23512070815744993,0.32795597445260827,3.0491897629524853
3.0,5.45,Pd,-0.010763000783704294,-1.0763000783704295,-0.028675643066243144,0.0,0.0,-0.05147765053599842,0.0,-0.23512070815744993,0.3273497387848741,3.0548367129053204
3.0,5.455,Pd,-0.0107391929428613,-1.07391929428613,-0.028723258747929133,0.0,0.0,-0.05152540055954274,0.0,-0.23512070815744993,0.3267432916833423,3.0605065978497055
3.0,5.46,Pd,-0.010715895630858667,-1.0715895630858667,-0.028769853371934398,0.0,0.0,-0.05157216952215023,0.0,-0.23512070815744993,0.3261509367045359,3.0660650866255588
3.0,5.465,Pd,-0.010692912556391014,-1.0692912556391014,-0.028815819520869704,0.0,0.0,-0.0516183492545884,0.0,-0.23512070815744993,0.3255676237591895,3.0715584936039693
3.0,5.47,Pd,-0.010669891435176132,-1.0669891435176133,-0.028861861763299468,0.0,0.0,-0.05166464688798399,0.0,-0.23512070815744993,0.3249843910150275,3.0770708613933375
3.0,5.475,Pd,-0.010647404972440887,-1.0647404972440888,-0.028906834688769957,0.0,0.0,-0.051709909362709666,0.0,-0.23512070815744993,0.3244157123923891,3.0824647567947467
3.0,5.48,Pd,-0.010625153264540497,-1.0625153264540497,-0.028951338104570738,0.0,0.0,-0.051754738339642795,0.0,-0.23512070815744993,0.3238539502650651,3.087811648372759
3.0,5.485,Pd,-0.0106028898325818,-1.0602889832581799,-0.028995864968488133,0.0,0.0,-0.05179962983062779,0.0,-0.23512070815744993,0.32329286567717974,3.093170639275839
3.0,5.49,Pd,-0.010581173522614246,-1.0581173522614247,-0.02903929758842324,0.0,0.0,-0.05184345563146635,0.0,-0.23512070815744993,0.3227465062618901,3.0984068939496368
3.0,5.495,Pd,-0.010559616109777495,-1.0559616109777494,-0.02908241241409674,0.0,0.0,-0.05188699743454455,0.0,-0.23512070815744993,0.32220505776306146,3.1036136022897742
3.0,5.5,Pd,-0.010538083345482176,-1.0538083345482177,-0.02912547794268738,0.0,0.0,-0.05193052595911812,0.0,-0.23512070815744993,0.32166513514362277,3.1088230919198074
3.0,5.505,Pd,-0.01051709797694355,-1.051709797694355,-0.029167448679764632,0.0,0.0,-0.05197298305772207,0.0,-0.23512070815744993,0.3211398087405602,3.1139085618870497
3.0,5.51,Pd,-0.010496201555686426,-1.0496201555686426,-0.02920924152227888,0.0,0.0,-0.052015294691743326,0.0,-0.23512070815744993,0.320617561443657,3.118980742967608
3.0,5.515,Pd,-0.010475373983020566,-1.0475373983020566,-0.0292508966676106,0.0,0.0,-0.05205750119545955,0.0,-0.23512070815744993,0.32009787992690536,3.124044433622462
3.0,5.52,Pd,-0.010455081858510329,-1.045508185851033,-0.029291480916631075,0.0,0.0,-0.05209865556601628,0.0,-0.23512070815744993,0.31959236885107006,3.1289858503035775
3.0,5.525,Pd,-0.01043481665397211,-1.043481665397211,-0.02933201132570751,0.0,0.0,-0.052139787810403626,0.0,-0.23512070815744993,0.3190883251326683,3.1339285120639464
3.0,5.53,Pd,-0.010414669937810872,-1.0414669937810872,-0.029372304758029988,0.0,0.0,-0.052180711749057515,0.0,-0.23512070815744993,0.31858801649572666,3.138850013881214
3.0,5.535,Pd,-0.010395034940884078,-1.0395034940884078,-0.029411574751883576,0.0,0.0,-0.052220627141728614,0.0,-0.23512070815744993,0.31810117034112295,3.143653947980221
3.0,5.54,Pd,-0.010375374444027866,-1.0375374444027867,-0.029450895745596,0.0,0.0,-0.052260624965046326,0.0,-0.23512070815744993,0.31761443733750605,3.148471487577159
3.0,5.545,Pd,-0.010355885046062238,-1.0355885046062239,-0.029489874541527256,0.0,0.0,-0.05230030493742643,0.0,-0.23512070815744993,0.3171326752817681,3.1532543882824866
3.0,5.55,Pd,-0.010336872734304864,-1.0336872734304863,-0.029527899165042004,0.0,0.0,-0.05233904260353763,0.0,-0.23512070815744993,0.3166634105478487,3.157927208166974
3.0,5.555,Pd,-0.010317793416453995,-1.0317793416453995,-0.029566057800743742,0.0,0.0,-0.052377945638857386,0.0,-0.23512070815744993,0.3161931900096328,3.1626234580496027
3.0,5.56,Pd,-0.010298938312907777,-1.0298938312907777,-0.02960376800783618,0.0,0.0,-0.05241641990600258,0.0,-0.23512070815744993,0.31572918134414957,3.167271380309902
3.0,5.565,Pd,-0.010280516025488263,-1.0280516025488262,-0.029640612582675207,0.0,0.0,-0.05245403829750706,0.0,-0.23512070815744993,0.3152764815958648,3.171819207503856
3.0,5.57,Pd,-0.010261997032737936,-1.0261997032737935,-0.02967765056817586,0.0,0.0,-0.0524918813728036,0.0,-0.23512070815744993,0.31482205967044363,3.176397489574911
3.0,5.575,Pd,-0.010243753494190358,-1.0243753494190357,-0.029714137645271015,0.0,0.0,-0.05252918826042154,0.0,-0.23512070815744993,0.31437503732517474,3.1809141352582873
3.0,5.58,Pd,-0.010225890463076932,-1.0225890463076932,-0.029749863707497867,0.0,0.0,-0.05256574272505741,0.0,-0.23512070815744993,0.31393795359501137,3.185342799583983
3.0,5.585,Pd,-0.010207913294634269,-1.020791329463427,-0.029785818044383194,0.0,0.0,-0.05260255643969739,0.0,-0.23512070815744993,0.3134986906055471,3.1898059863293917
3.0,5.59,Pd,-0.010190258727126648,-1.0190258727126649,-0.029821127179398436,0.0,0.0,-0.052638734622953,0.0,-0.23512070815744993,0.3130679083843781,3.1941951673060704
3.0,5.595,Pd,-0.010172926182118246,-1.0172926182118247,-0.02985579226941524,0.0,0.0,-0.052674277114949514,0.0,-0.23512070815744993,0.3126455595591688,3.1985101640656697
3.0,5.6,Pd,-0.010155474357843346,-1.0155474357843346,-0.02989069591796504,0.0,0.0,-0.05271008845077418,0.0,-0.23512070815744993,0.3122208798791396,3.202860745210567
3.0,5.605,Pd,-0.010138386203247678,-1.0138386203247678,-0.029924872227156375,0.0,0.0,-0.0527451771233874,0.0,-0.23512070815744993,0.3118056088422441,3.207126400686214
3.0,5.61,Pd,-0.010121557462096276,-1.0121557462096276,-0.02995852970945918,0.0,0.0,-0.05277975594757792,0.0,-0.23512070815744993,0.311397181813824,3.2113328520675988
3.0,5.615,Pd,-0.010104616185428529,-1.0104616185428528,-0.029992412262794674,0.0,0.0,-0.05281458890111469,0.0,-0.23512070815744993,0.31098656395790625,3.215573005061902
3.0,5.62,Pd,-0.010088071877813444,-1.0088071877813445,-0.030025500878024844,0.0,0.0,-0.052848627833536284,0.0,-0.23512070815744993,0.3105860903014799,3.219719205806414
3.0,5.625,Pd,-0.01007172241400918,-1.0071722414009179,-0.030058199805633373,0.0,0.0,-0.0528822874383286,0.0,-0.23512070815744993,0.3101908396984451,3.223821828433616
3.0,5.63,Pd,-0.010055278237060528,-1.0055278237060528,-0.030091088159530675,0.0,0.0,-0.05291616365932909,0.0,-0.23512070815744993,0.30979380676404467,3.2279534908896768
3.0,5.635,Pd,-0.010039255210604862,-1.0039255210604863,-0.030123134212442008,0.0,0.0,-0.05294919315348467,0.0,-0.23512070815744993,0.30940743104510776,3.231984431085666
3.0,5.64,Pd,-0.010023362692813688,-1.0023362692813687,-0.030154919248024357,0.0,0.0,-0.052981973985405134,0.0,-0.23512070815744993,0.30902467840223197,3.2359875113222585
3.0,5.645,Pd,-0.010007403190701602,-1.0007403190701603,-0.030186838252248528,0.0,0.0,-0.05301491340619373,0.0,-0.23512070815744993,0.30864078900182995,3.240012453422256
3.0,5.65,Pd,-0.009991878933586601,-0.9991878933586601,-0.03021788676647853,0.0,0.0,-0.05304697415688027,0.0,-0.23512070815744993,0.3082678265368703,3.2439324312049
3.0,5.655,Pd,-0.009976423232254818,-0.9976423232254817,-0.030248798169142097,0.0,0.0,-0.053078912586388624,0.0,-0.23512070815744993,0.3078969587988749,3.24783980946438
3.0,5.66,Pd,-0.009960936693727258,-0.9960936693727258,-0.030279771246197216,0.0,0.0,-0.05311093402644083,0.0,-0.23512070815744993,0.30752579862169926,3.2517597043301825
3.0,5.665,Pd,-0.00994588884146847,-0.994588884146847,-0.030309866950714793,0.0,0.0,-0.053142066901748844,0.0,-0.23512070815744993,0.3071655808723549,3.255573092401775
3.0,5.67,Pd,-0.009930851999686756,-0.9930851999686756,-0.03033994063427822,0.0,0.0,-0.053173195226829194,0.0,-0.23512070815744993,0.30680604816862383,3.2593881573364207
3.0,5.675,Pd,-0.009915827140795174,-0.9915827140795175,-0.030369990352061383,0.0,0.0,-0.053204316957517546,0.0,-0.23512070815744993,0.30644722230210564,3.263204647403093
3.0,5.68,Pd,-0.009901233601673245,-0.9901233601673245,-0.030399177430305242,0.0,0.0,-0.05323456271259183,0.0,-0.23512070815744993,0.30609909904923666,3.266915855375151
3.0,5.685,Pd,-0.009886599768988032,-0.9886599768988032,-0.030428445095675667,0.0,0.0,-0.05326490924334397,0.0,-0.23512070815744993,0.3057504117150083,3.270641548414678
3.0,5.69,Pd,-0.009872025475991674,-0.9872025475991675,-0.030457593681668383,0.0,0.0,-0.05329514949890146,0.0,-0.23512070815744993,0.30540353784220214,3.2743563059727436
3.0,5.695,Pd,-0.009857864580650848,-0.9857864580650848,-0.030485915472350036,0.0,0.0,-0.05332454843884868,0.0,-0.23512070815744993,0.3050668799424968,3.277969736303376
3.0,5.7,Pd,-0.009843619910078996,-0.9843619910078996,-0.03051440481349374,0.0,0.0,-0.05335413766302923,0.0,-0.23512070815744993,0.304728604799195,3.281608566609503
3.0,5.705,Pd,-0.009829485016967765,-0.9829485016967765,-0.030542674599716203,0.0,0.0,-0.05338351508538163,0.0,-0.23512070815744993,0.3043933073692521,3.2852233468685452
3.0,5.71,Pd,-0.009815735683886113,-0.9815735683886113,-0.030570173265879505,0.0,0.0,-0.053412106694146796,0.0,-0.23512070815744993,0.3040675098861888,3.2887433464176947
3.0,5.715,Pd,-0.009801868193881137,-0.9801868193881137,-0.030597908245889458,0.0,0.0,-0.05344095952045093,0.0,-0.23512070815744993,0.30373926582789906,3.2922974159245104
3.0,5.72,Pd,-0.009788161298899032,-0.9788161298899032,-0.030625322035853667,0.0,0.0,-0.05346949352763537,0.0,-0.23512070815744993,0.30341517127320805,3.295814101199168
3.0,5.725,Pd,-0.009774803207320444,-0.9774803207320444,-0.030652038219010844,0.0,0.0,-0.05349731608014449,0.0,-0.23512070815744993,0.3030996567772403,3.2992449105111947
3.0,5.73,Pd,-0.009761302611823187,-0.9761302611823187,-0.030679039410005358,0.0,0.0,-0.053525450153048944,0.0,-0.23512070815744993,0.3027811097413408,3.3027159483439297
3.0,5.735,Pd,-0.009748011936216524,-0.9748011936216524,-0.030705620761218685,0.0,0.0,-0.053553161223351055,0.0,-0.23512070815744993,0.3024678427884926,3.306136582259002
3.0,5.74,Pd,-0.009735025698265039,-0.973502569826504,-0.030731593237121654,0.0,0.0,-0.053580251398160084,0.0,-0.23512070815744993,0.30216206462949236,3.309482284701054
3.0,5.745,Pd,-0.009721883209192034,-0.9721883209192034,-0.030757878215267664,0.0,0.0,-0.05360768147549314,0.0,-0.23512070815744993,0.30185292205595987,3.312871689923916
3.0,5.75,Pd,-0.009708996500133498,-0.9708996500133498,-0.030783651633384736,0.0,0.0,-0.05363459134212256,0.0,-0.23512070815744993,0.3015501031491414,3.3161985008687513
3.0,5.755,Pd,-0.00969636382421014,-0.969636382421014,-0.03080891698523145,0.0,0.0,-0.05366098385120982,0.0,-0.23512070815744993,0.3012535485174493,3.3194629737019605
3.0,5.76,Pd,-0.009683571931772984,-0.9683571931772984,-0.030834500770105765,0.0,0.0,-0.053687722233315034,0.0,-0.23512070815744993,0.3009535534232093,3.322771865045142
3.0,5.765,Pd,-0.00967107641007271,-0.9671076410072711,-0.03085949181350631,0.0,0.0,-0.053713853987296896,0.0,-0.23512070815744993,0.3006607972491147,3.3260072784661805
3.0,5.77,Pd,-0.009658780248251063,-0.9658780248251062,-0.030884084137149607,0.0,0.0,-0.053739581238508374,0.0,-0.23512070815744993,0.3003729898596418,3.3291941478069638
3.0,5.775,Pd,-0.009646332485318203,-0.9646332485318203,-0.030908979663015326,0.0,0.0,-0.05376563823602136,0.0,-0.23512070815744993,0.30008191467071027,3.3324234187766124
3.0,5.78,Pd,-0.009634214837172847,-0.9634214837172848,-0.030933214959306038,0.0,0.0,-0.053791016337910495,0.0,-0.23512070815744993,0.2997988297446151,3.335570058268254
3.0,5.785,Pd,-0.00962223951013129,-0.9622239510131291,-0.03095716561338915,0.0,0.0,-0.05381610814397694,0.0,-0.23512070815744993,0.29951933200055114,3.3386826597161345
3.0,5.79,Pd,-0.009610130207430017,-0.9610130207430018,-0.030981384218791697,0.0,0.0,-0.05384149256986699,0.0,-0.23512070815744993,0.2992369722955825,3.341833037303334
3.0,5.795,Pd,-0.009598376618128915,-0.9598376618128914,-0.031004891397393902,0.0,0.0,-0.0538661427737871,0.0,-0.23512070815744993,0.29896316153992564,3.3448937148279825
3.0,5.8,Pd,-0.009586707912173708,-0.9586707912173708,-0.031028228809304316,0.0,0.0,-0.05389062611979959,0.0,-0.23512070815744993,0.29869157605844787,3.347935061296541
3.0,5.805,Pd,-0.009574931951456353,-0.9574931951456354,-0.031051780730739026,0.0,0.0,-0.053915345790506435,0.0,-0.23512070815744993,0.2984177443821563,3.3510071663814722
3.0,5.81,Pd,-0.009563528177713871,-0.9563528177713871,-0.03107458827822399,0.0,0.0,-0.05393929498676169,0.0,-0.23512070815744993,0.2981528066029708,3.3539848623046167
3.0,5.815,Pd,-0.009552153409607137,-0.9552153409607137,-0.031097337814437458,0.0,0.0,-0.05396319386562361,0.0,-0.23512070815744993,0.2978887770137327,3.3569576203063867
3.0,5.82,Pd,-0.00954070598198366,-0.9540705981983659,-0.031120232669684413,0.0,0.0,-0.053987256095826504,0.0,-0.23512070815744993,0.29762329691791634,3.359952027800422
3.0,5.825,Pd,-0.009529637458420514,-0.9529637458420513,-0.031142369716810704,0.0,0.0,-0.05401053208087803,0.0,-0.23512070815744993,0.2973668290611459,3.3628498617590448
3.0,5.83,Pd,-0.009518545505008873,-0.9518545505008873,-0.031164553623633986,0.0,0.0,-0.054033867403592825,0.0,-0.23512070815744993,0.2971100400187605,3.3657563370691097
3.0,5.835,Pd,-0.009507421881462403,-0.9507421881462403,-0.031186800870726925,0.0,0.0,-0.05405727947942302,0.0,-0.23512070815744993,0.2968527404821006,3.3686736338561687
3.0,5.84,Pd,-0.009496673855780203,-0.9496673855780202,-0.031208296922091327,0.0,0.0,-0.05407991066422629,0.0,-0.23512070815744993,0.29660434053260754,3.371494827770613
3.0,5.845,Pd,-0.009485855146761358,-0.9485855146761358,-0.031229934340129016,0.0,0.0,-0.054102700249062656,0.0,-0.23512070815744993,0.29635451691543785,3.3743369610436584
3.0,5.85,Pd,-0.009475050467445324,-0.9475050467445324,-0.03125154369876108,0.0,0.0,-0.054125469865350564,0.0,-0.23512070815744993,0.2961052272816938,3.3771777998659576
3.0,5.855,Pd,-0.009464608158040334,-0.9464608158040334,-0.031272428317571065,0.0,0.0,-0.054147484934880974,0.0,-0.23512070815744993,0.2958644976527743,3.3799256346518365
3.0,5.86,Pd,-0.00945405463158339,-0.945405463158339,-0.03129353537048495,0.0,0.0,-0.054169743576531204,0.0,-0.23512070815744993,0.2956214029516323,3.382705007200083
3.0,5.865,Pd,-0.00944356371984249,-0.9443563719842489,-0.03131451719396675,0.0,0.0,-0.05419187922498238,0.0,-0.23512070815744993,0.2953799485092571,3.385470154784933
3.0,5.87,Pd,-0.009433412489019001,-0.9433412489019001,-0.03133481965561373,0.0,0.0,-0.05421330676316092,0.0,-0.23512070815744993,0.2951464997603616,3.3881479225128213
3.0,5.875,Pd,-0.00942311751130603,-0.9423117511306031,-0.03135540961103967,0.0,0.0,-0.05423504638011111,0.0,-0.23512070815744993,0.29490993369080015,3.39086577208503
3.0,5.88,Pd,-0.009412934717520662,-0.9412934717520662,-0.03137577519861041,0.0,0.0,-0.05425655767702479,0.0,-0.23512070815744993,0.2946761319966177,3.393556150015835
3.0,5.885,Pd,-0.009403060253109996,-0.9403060253109996,-0.03139552412743174,0.0,0.0,-0.05427742577214853,0.0,-0.23512070815744993,0.2944495867120411,3.3961671033960616
3.0,5.89,Pd,-0.009393018504163065,-0.9393018504163065,-0.0314156076253256,0.0,0.0,-0.054298655627674476,0.0,-0.23512070815744993,0.2942193821122466,3.3988243494389967
3.0,5.895,Pd,-0.009383137583494579,-0.9383137583494578,-0.031435369466662574,0.0,0.0,-0.05431955357194213,0.0,-0.23512070815744993,0.2939930401378525,3.4014410665337618
3.0,5.9,Pd,-0.00937352608157218,-0.937352608157218,-0.03145459247050737,0.0,0.0,-0.05433988941810063,0.0,-0.23512070815744993,0.29377303679952826,3.4039883676676683
3.0,5.905,Pd,-0.009363733410913875,-0.9363733410913875,-0.03147417781182398,0.0,0.0,-0.05436061640771728,0.0,-0.23512070815744993,0.2935490559011517,3.4065856452174557
3.0,5.91,Pd,-0.009354147437885003,-0.9354147437885003,-0.031493349757881726,0.0,0.0,-0.05438091356224306,0.0,-0.23512070815744993,0.2933299680544856,3.409130020476638
3.0,5.915,Pd,-0.009344785779404896,-0.9344785779404896,-0.03151207307484194,0.0,0.0,-0.054400743072057084,0.0,-0.23512070815744993,0.293116164747583,3.41161669081318
3.0,5.92,Pd,-0.009335239036151632,-0.9335239036151632,-0.03153116656134847,0.0,0.0,-0.05442097206792905,0.0,-0.23512070815744993,0.29289829492884645,3.4141543918612745
3.0,5.925,Pd,-0.009325940357755021,-0.9325940357755022,-0.03154976391814169,0.0,0.0,-0.05444068266025176,0.0,-0.23512070815744993,0.29268624197543813,3.4166279673778406
3.0,5.93,Pd,-0.009316816272279708,-0.9316816272279708,-0.031568012089092316,0.0,0.0,-0.05446003010361923,0.0,-0.23512070815744993,0.292478319775951,3.4190568407464736
3.0,5.935,Pd,-0.009307513115139304,-0.9307513115139304,-0.03158661840337312,0.0,0.0,-0.05447976434448818,0.0,-0.23512070815744993,0.29226646892407704,3.421535161667051
3.0,5.94,Pd,-0.009298493342885225,-0.9298493342885226,-0.03160465794788128,0.0,0.0,-0.054498904285132065,0.0,-0.23512070815744993,0.292061217804088,3.423939705239437
3.0,5.945,Pd,-0.009289595553178352,-0.9289595553178351,-0.03162245352729503,0.0,0.0,-0.05451779196750741,0.0,-0.23512070815744993,0.2918588837129242,3.426313385696396
3.0,5.95,Pd,-0.009280534246492292,-0.9280534246492291,-0.03164057614066715,0.0,0.0,-0.05453703348116562,0.0,-0.23512070815744993,0.29165297533592394,3.4287323791166773
3.0,5.955,Pd,-0.009271784286516142,-0.9271784286516143,-0.03165807606061945,0.0,0.0,-0.05455562030103445,0.0,-0.23512070815744993,0.29145427984496475,3.4310698766610557
3.0,5.96,Pd,-0.009263102628542047,-0.9263102628542047,-0.03167543937656764,0.0,0.0,-0.05457406829318969,0.0,-0.23512070815744993,0.29125726915216527,3.4333907026971304
3.0,5.965,Pd,-0.009254281830969109,-0.9254281830969109,-0.031693080971713514,0.0,0.0,-0.05459281833745374,0.0,-0.23512070815744993,0.2910572373881731,3.4357503320432268
3.0,5.97,Pd,-0.009245791950071854,-0.9245791950071854,-0.03171006073350802,0.0,0.0,-0.05461087104829836,0.0,-0.23512070815744993,0.2908648396630942,3.438022970250684
3.0,5.975,Pd,-0.009237317463903286,-0.9237317463903285,-0.03172700970584516,0.0,0.0,-0.05462889697753146,0.0,-0.23512070815744993,0.2906729176485443,3.4402929866658942
3.0,5.98,Pd,-0.009228736016555668,-0.9228736016555668,-0.031744172600540396,0.0,0.0,-0.05464715648511084,0.0,-0.23512070815744993,0.29047870232364703,3.442593181533202
3.0,5.985,Pd,-0.009220495940889983,-0.9220495940889982,-0.03176065275187177,0.0,0.0,-0.05466469536964632,0.0,-0.23512070815744993,0.2902923350499986,3.444803321547449
3.0,5.99,Pd,-0.009212220929117089,-0.9212220929117089,-0.031777202775417554,0.0,0.0,-0.054682314280110514,0.0,-0.23512070815744993,0.29010529795228984,3.4470242600135417
3.0,5.995,Pd,-0.009203877649941478,-0.9203877649941479,-0.031793889333768775,0.0,0.0,-0.05470008429271105,0.0,-0.23512070815744993,0.2899168398354533,3.4492649704914182
3.0,6.0,Pd,-0.009195876692007977,-0.9195876692007977,-0.03180989124963578,0.0,0.0,-0.054717130633280084,0.0,-0.23512070815744993,0.28973622907157426,3.45141511368593
3.0,6.005,Pd,-0.009187794743430792,-0.9187794743430792,-0.03182605514679015,0.0,0.0,-0.05473435492058592,0.0,-0.23512070815744993,0.28955390428369676,3.453588382701372
3.0,6.01,Pd,-0.009179688234377755,-0.9179688234377755,-0.03184226816489622,0.0,0.0,-0.054751636998033426,0.0,-0.23512070815744993,0.28937114068008396,3.4557696308269947
3.0,6.015,Pd,-0.009171915443110877,-0.9171915443110877,-0.03185781374742998,0.0,0.0,-0.05476821275469331,0.0,-0.23512070815744993,0.2891960091748934,3.457862378022107
3.0,6.02,Pd,-0.009164021420751275,-0.9164021420751276,-0.03187360179214918,0.0,0.0,-0.05478505217725454,0.0,-0.23512070815744993,0.2890182546534643,3.459989062625161
3.0,6.025,Pd,-0.009156149893798291,-0.9156149893798291,-0.03188934484605515,0.0,0.0,-0.0548018487683723,0.0,-0.23512070815744993,0.28884111546526425,3.4621109892516637
3.0,6.03,Pd,-0.009148594221816644,-0.9148594221816644,-0.03190445619001844,0.0,0.0,-0.05481797621888427,0.0,-0.23512070815744993,0.2886711863330695,3.4641489949266977
3.0,6.035,Pd,-0.009140884215553109,-0.9140884215553109,-0.031919876202545515,0.0,0.0,-0.054834437985748566,0.0,-0.23512070815744993,0.28849788923572656,3.466229866184281
3.0,6.04,Pd,-0.009133245342966067,-0.9133245342966066,-0.0319351539477196,0.0,0.0,-0.054850752749117354,0.0,-0.23512070815744993,0.28832629360322304,3.4682927717169583
3.0,6.045,Pd,-0.009125895824566178,-0.9125895824566178,-0.03194985298451938,0.0,0.0,-0.05486645410447413,0.0,-0.23512070815744993,0.2881612942097965,3.4702786949309976
3.0,6.05,Pd,-0.009118367069936559,-0.9118367069936559,-0.031964910493778614,0.0,0.0,-0.05488254303668598,0.0,-0.23512070815744993,0.28799236880236573,3.4723142288754474
3.0,6.055,Pd,-0.009110957863301034,-0.9110957863301035,-0.031979728907049663,0.0,0.0,-0.054898381101198206,0.0,-0.23512070815744993,0.28782622241806644,3.474318606549698
3.0,6.06,Pd,-0.009103803796493837,-0.9103803796493837,-0.03199403704066406,0.0,0.0,-0.05491367811101752,0.0,-0.23512070815744993,0.28766588832796103,3.4762550603842324
3.0,6.065,Pd,-0.009096454562383359,-0.9096454562383359,-0.032008735508885014,0.0,0.0,-0.05492939687100106,0.0,-0.23512070815744993,0.28750127322811514,3.4782454657394144
3.0,6.07,Pd,-0.009089271283928925,-0.9089271283928925,-0.03202310206579388,0.0,0.0,-0.054944765028251456,0.0,-0.23512070815744993,0.28734046639376826,3.480192026380339
3.0,6.075,Pd,-0.009082302409773778,-0.9082302409773778,-0.032037039814104176,0.0,0.0,-0.05495967859054786,0.0,-0.23512070815744993,0.28718454522967707,3.4820815277515913
3.0,6.08,Pd,-0.009075131858779319,-0.9075131858779318,-0.032051380916093095,0.0,0.0,-0.05497502797163503,0.0,-0.23512070815744993,0.28702420007646584,3.4840267814825054
3.0,6.085,Pd,-0.009068169967400432,-0.9068169967400431,-0.03206530469885087,0.0,0.0,-0.05498993479457901,0.0,-0.23512070815744993,0.28686860654767715,3.48591646898735
3.0,6.09,Pd,-0.009061376640070864,-0.9061376640070864,-0.032078891353510004,0.0,0.0,-0.05500448458412119,0.0,-0.23512070815744993,0.2867168616183001,3.4877613906477465
3.0,6.095,Pd,-0.00905438466625479,-0.905438466625479,-0.03209287530114215,0.0,0.0,-0.05501946385030382,0.0,-0.23512070815744993,0.28656076327602353,3.4896612800991575
3.0,6.1,Pd,-0.00904763879944417,-0.9047638799444171,-0.03210636703476339,0.0,0.0,-0.0550339197351664,0.0,-0.23512070815744993,0.28641023991292575,3.491495277208033
3.0,6.105,Pd,-0.00904101214085852,-0.904101214085852,-0.03211962035193469,0.0,0.0,-0.05504812386384239,0.0,-0.23512070815744993,0.2862624534761055,3.493297803665581
3.0,6.11,Pd,-0.009034199190364911,-0.9034199190364911,-0.03213324625292191,0.0,0.0,-0.05506273112812204,0.0,-0.23512070815744993,0.28611059189635896,3.4951519738292007
3.0,6.115,Pd,-0.009027663182049974,-0.9027663182049974,-0.032146318269551784,0.0,0.0,-0.05507674825919003,0.0,-0.23512070815744993,0.2859649791120177,3.4969316980883933
3.0,6.12,Pd,-0.009021195215508766,-0.9021195215508766,-0.0321592542026342,0.0,0.0,-0.055090622980553464,0.0,-0.23512070815744993,0.2858209551546088,3.498693787021568
3.0,6.125,Pd,-0.009014562096076605,-0.9014562096076605,-0.03217252044149852,0.0,0.0,-0.05510485560897997,0.0,-0.23512070815744993,0.2856733290312303,3.500501791298404
3.0,6.13,Pd,-0.009008229029134937,-0.9008229029134938,-0.03218518657538186,0.0,0.0,-0.0551184478485517,0.0,-0.23512070815744993,0.2855324520032522,3.5022288814604163
3.0,6.135,Pd,-0.009001912787191157,-0.9001912787191156,-0.03219781905926942,0.0,0.0,-0.055132007317082676,0.0,-0.23512070815744993,0.2853920184374809,3.5039522320035164
3.0,6.14,Pd,-0.008995460472948396,-0.8995460472948396,-0.03221072368775494,0.0,0.0,-0.055145862344745444,0.0,-0.23512070815744993,0.2852486307953354,3.5057135847130336
3.0,6.145,Pd,-0.008989322764014065,-0.8989322764014065,-0.0322229991056236,0.0,0.0,-0.0551590450530596,0.0,-0.23512070815744993,0.2851123013813019,3.5073898781470874
3.0,6.15,Pd,-0.008983152366751533,-0.8983152366751533,-0.032235339900148666,0.0,0.0,-0.05517230114666427,0.0,-0.23512070815744993,0.2849753115790113,3.509075907169395
3.0,6.155,Pd,-0.00897688180479879,-0.8976881804798789,-0.032247881024054154,0.0,0.0,-0.055185775691559136,0.0,-0.23512070815744993,0.2848361654388429,3.5107901360043754
3.0,6.16,Pd,-0.00897093131790417,-0.8970931317904169,-0.03225978199784339,0.0,0.0,-0.055198565483873335,0.0,-0.23512070815744993,0.28470418471372105,3.5124176379968954
3.0,6.165,Pd,-0.008964902018855685,-0.8964902018855685,-0.03227184059594036,0.0,0.0,-0.05521152769589057,0.0,-0.23512070815744993,0.2845705183235823,3.5140674652140524
3.0,6.17,Pd,-0.008958813944058317,-0.8958813944058317,-0.0322840167455351,0.0,0.0,-0.05522461935671206,0.0,-0.23512070815744993,0.284435612581843,3.5157341618474782
3.0,6.175,Pd,-0.008953042128698931,-0.8953042128698931,-0.03229556037625387,0.0,0.0,-0.0552370338068229,0.0,-0.23512070815744993,0.28430777389564016,3.5173150079500335
3.0,6.18,Pd,-0.008947150326792296,-0.8947150326792296,-0.03230734398006714,0.0,0.0,-0.055249709211319824,0.0,-0.23512070815744993,0.2841773369140021,3.5189294503897073
3.0,6.185,Pd,-0.008941245090877167,-0.8941245090877168,-0.0323191544518974,0.0,0.0,-0.05526241643586381,0.0,-0.23512070815744993,0.28404666256826944,3.520548317513339
3.0,6.19,Pd,-0.00893564313930266,-0.893564313930266,-0.03233035835504641,0.0,0.0,-0.05527447373711525,0.0,-0.23512070815744993,0.28392275500624015,3.5220847303275207
3.0,6.195,Pd,-0.008929886356412835,-0.8929886356412835,-0.03234187192082606,0.0,0.0,-0.055286867028679756,0.0,-0.23512070815744993,0.2837954790983214,3.5236643063420625
3.0,6.2,Pd,-0.008924163776946503,-0.8924163776946502,-0.03235331707975873,0.0,0.0,-0.05529918944061171,0.0,-0.23512070815744993,0.28366901593649047,3.5252351995463824
3.0,6.205,Pd,-0.008918722794869993,-0.8918722794869993,-0.032364199043911746,0.0,0.0,-0.05531090803682253,0.0,-0.23512070815744993,0.2835488280521245,3.5267294415202834
3.0,6.21,Pd,-0.008913099619756122,-0.8913099619756122,-0.03237544539413949,0.0,0.0,-0.05532302164345093,0.0,-0.23512070815744993,0.28342466914623915,3.528274384203402
3.0,6.215,Pd,-0.008907558853871633,-0.8907558853871632,-0.03238652692590847,0.0,0.0,-0.05533496031668635,0.0,-0.23512070815744993,0.2833023830012966,3.529797347293839
3.0,6.22,Pd,-0.008902270038382967,-0.8902270038382967,-0.0323971045568858,0.0,0.0,-0.05534635851637189,0.0,-0.23512070815744993,0.2831857066847273,3.5312516712339126
3.0,6.225,Pd,-0.008896780038950346,-0.8896780038950346,-0.03240808455575104,0.0,0.0,-0.05535819278151247,0.0,-0.23512070815744993,0.2830646428871211,3.532761950770285
3.0,6.23,Pd,-0.008891419485817398,-0.8891419485817398,-0.032418805662016936,0.0,0.0,-0.05536975045331119,0.0,-0.23512070815744993,0.2829464835396019,3.5342372433479547
3.0,6.235,Pd,-0.008886274304092431,-0.8886274304092432,-0.03242909602546687,0.0,0.0,-0.055380846041056,0.0,-0.23512070815744993,0.2828331178811316,3.535653842419817
3.0,6.24,Pd,-0.00888091791100595,-0.888091791100595,-0.03243980881163983,0.0,0.0,-0.05539239946848328,0.0,-0.23512070815744993,0.2827151467820404,3.537129196586525
3.0,6.245,Pd,-0.008875735146035003,-0.8875735146035003,-0.032450174341581726,0.0,0.0,-0.0554035806845121,0.0,-0.23512070815744993,0.2826010465699324,3.5385573129947354
3.0,6.25,Pd,-0.008870725508461637,-0.8870725508461637,-0.03246019361672846,0.0,0.0,-0.055414390543348714,0.0,-0.23512070815744993,0.2824908015801998,3.539938271993956
3.0,6.255,Pd,-0.008865503874117355,-0.8865503874117355,-0.03247063688541702,0.0,0.0,-0.05542566009637797,0.0,-0.23512070815744993,0.2823759370422856,3.5413782437497523
3.0,6.26,Pd,-0.008860495616792436,-0.8860495616792436,-0.03248065340006686,0.0,0.0,-0.055436471283360114,0.0,-0.23512070815744993,0.28226581021406233,3.5427599227891915
3.0,6.265,Pd,-0.008855614038374992,-0.8855614038374992,-0.03249041655690175,0.0,0.0,-0.05544701104154146,0.0,-0.23512070815744993,0.2821585102687309,3.5441071724102486
3.0,6.27,Pd,-0.008850528876060179,-0.885052887606018,-0.032500586881531374,0.0,0.0,-0.05545799248626108,0.0,-0.23512070815744993,0.2820467788060437,3.545511153267502
3.0,6.275,Pd,-0.008845690992134718,-0.8845690992134718,-0.032510262649382296,0.0,0.0,-0.055468441950346545,0.0,-0.23512070815744993,0.2819405216272536,3.5468473784058423
3.0,6.28,Pd,-0.008840930736492118,-0.8840930736492117,-0.0325197831606675,0.0,0.0,-0.05547872566496425,0.0,-0.23512070815744993,0.2818360085149507,3.548162654123568
3.0,6.285,Pd,-0.008835984145232373,-0.8835984145232373,-0.032529676343186986,0.0,0.0,-0.055489413945662716,0.0,-0.23512070815744993,0.28172744538409306,3.5495299317986224
3.0,6.29,Pd,-0.008831311682850083,-0.8831311682850084,-0.032539021267951565,0.0,0.0,-0.05549951179720756,0.0,-0.23512070815744993,0.28162493698265734,3.5508219219293804
3.0,6.295,Pd,-0.008826666883763098,-0.8826666883763098,-0.032548310866125536,0.0,0.0,-0.055509551685760786,0.0,-0.23512070815744993,0.28152307244961783,3.552106728939465
3.0,6.3,Pd,-0.008821861164817837,-0.8821861164817837,-0.03255792230401606,0.0,0.0,-0.0555199413196686,0.0,-0.23512070815744993,0.2814177175837945,3.5534365376346337
3.0,6.305,Pd,-0.008817348422964832,-0.8817348422964832,-0.03256694778772207,0.0,0.0,-0.055529699327639154,0.0,-0.23512070815744993,0.2813188214944557,3.5546857287673808
3.0,6.31,Pd,-0.008812814179237783,-0.8812814179237783,-0.032576016275176166,0.0,0.0,-0.05553950555693207,0.0,-0.23512070815744993,0.28121948919756157,3.555941314214829
3.0,6.315,Pd,-0.008808151650468679,-0.8808151650468679,-0.032585341332714374,0.0,0.0,-0.055549591034774796,0.0,-0.23512070815744993,0.2811173831188706,3.5572328857982773
3.0,6.32,Pd,-0.008803792277071922,-0.8803792277071922,-0.03259406007950789,0.0,0.0,-0.05555902241639035,0.0,-0.23512070815744993,0.28102194946411024,3.5584409043739536
3.0,6.325,Pd,-0.00879936471742181,-0.879936471742181,-0.03260291519880811,0.0,0.0,-0.055568602956101276,0.0,-0.23512070815744993,0.2809250562650382,3.5596682378397455
3.0,6.33,Pd,-0.008794847531806267,-0.8794847531806267,-0.0326119495700392,0.0,0.0,-0.05557837913480618,0.0,-0.23512070815744993,0.2808262361103894,3.560920852163229
3.0,6.335,Pd,-0.00879063464779773,-0.879063464779773,-0.03262037533805627,0.0,0.0,-0.05558749828823098,0.0,-0.23512070815744993,0.2807341043342356,3.5620894809752888
3.0,6.34,Pd,-0.008786310963539077,-0.8786310963539077,-0.03262902270657358,0.0,0.0,-0.05559685883421673,0.0,-0.23512070815744993,0.28063958089056984,3.5632892439001016
3.0,6.345,Pd,-0.008781940937927939,-0.8781940937927939,-0.032637762757795855,0.0,0.0,-0.05560632130844424,0.0,-0.23512070815744993,0.28054407668194165,3.5645022765307557
3.0,6.35,Pd,-0.00877786728272759,-0.8777867282727589,-0.03264591006819655,0.0,0.0,-0.055615143498262555,0.0,-0.23512070815744993,0.28045507873510706,3.5656334144852875
3.0,6.355,Pd,-0.008773645727149584,-0.8773645727149584,-0.032654353179352565,0.0,0.0,-0.05562428746821265,0.0,-0.23512070815744993,0.28036287936880017,3.5668059988946017
3.0,6.36,Pd,-0.008769424186997634,-0.8769424186997634,-0.032662796259656464,0.0,0.0,-0.055633432908148206,0.0,-0.23512070815744993,0.28027071064969683,3.56797896462993
3.0,6.365,Pd,-0.008765482280169604,-0.8765482280169604,-0.03267068007331252,0.0,0.0,-0.05564197391491845,0.0,-0.23512070815744993,0.2801846745102203,3.569074581784533
3.0,6.37,Pd,-0.008761362134650407,-0.8761362134650407,-0.03267892036435092,0.0,0.0,-0.055650902516471826,0.0,-0.23512070815744993,0.2800947763585405,3.5702200983567485
3.0,6.375,Pd,-0.008757289779871332,-0.8757289779871332,-0.03268706507390907,0.0,0.0,-0.05565972896053302,0.0,-0.23512070815744993,0.2800059493053288,3.5713526890443434
3.0,6.38,Pd,-0.008753472093176142,-0.8753472093176142,-0.03269470044729945,0.0,0.0,-0.05566800470691787,0.0,-0.23512070815744993,0.2799227027082874,3.5724147785259075
3.0,6.385,Pd,-0.008749453601235333,-0.8749453601235333,-0.032702737431181066,0.0,0.0,-0.05567671707582632,0.0,-0.23512070815744993,0.2798351041871341,3.5735330737178357
3.0,6.39,Pd,-0.008745530397596825,-0.8745530397596825,-0.03271058383845808,0.0,0.0,-0.055685224168513583,0.0,-0.23512070815744993,0.2797496092874775,3.574625189100356
3.0,6.395,Pd,-0.008741829531350349,-0.8741829531350349,-0.032717985570951034,0.0,0.0,-0.05569325033520763,0.0,-0.23512070815744993,0.27966898353147923,3.575655717601023
3.0,6.4,Pd,-0.008737913802934736,-0.8737913802934736,-0.03272581702778226,0.0,0.0,-0.05570174373872785,0.0,-0.23512070815744993,0.2795837021641925,3.576746399232975
3.0,6.405,Pd,-0.008734138902509719,-0.8734138902509718,-0.032733366828632295,0.0,0.0,-0.055709932905785256,0.0,-0.23512070815744993,0.2795015125349605,3.577798169785999
3.0,6.41,Pd,-0.008730547760037462,-0.8730547760037461,-0.03274054911357681,0.0,0.0,-0.05571772455077062,0.0,-0.23512070815744993,0.27942334623134946,3.578799028381998
3.0,6.415,Pd,-0.008726736649358177,-0.8726736649358178,-0.03274817133493538,0.0,0.0,-0.055725994649213455,0.0,-0.23512070815744993,0.279340415917699,3.5798614987908737
3.0,6.42,Pd,-0.008723108342546623,-0.8723108342546624,-0.032755427948558485,0.0,0.0,-0.05573386920443496,0.0,-0.23512070815744993,0.2792614863128724,3.5808732997991837
3.0,6.425,Pd,-0.008719620296626554,-0.8719620296626553,-0.032762404040398624,0.0,0.0,-0.0557414403989081,0.0,-0.23512070815744993,0.2791856289466424,3.581846256818322
3.0,6.43,Pd,-0.008715916257756636,-0.8715916257756636,-0.03276981211813846,0.0,0.0,-0.05574948155630066,0.0,-0.23512070815744993,0.2791050967652921,3.5828797524286347
3.0,6.435,Pd,-0.008712431958301941,-0.871243195830194,-0.03277678071704785,0.0,0.0,-0.055757046736688555,0.0,-0.23512070815744993,0.27902936330078015,3.583852208851756
3.0,6.44,Pd,-0.008709041003794164,-0.8709041003794163,-0.032783562626063405,0.0,0.0,-0.05576441023037322,0.0,-0.23512070815744993,0.27895567847948904,3.58479886643902
3.0,6.445,Pd,-0.00870544692899182,-0.870544692899182,-0.03279075077566809,0.0,0.0,-0.055772215863507106,0.0,-0.23512070815744993,0.27887760113285065,3.585802502380332
3.0,6.45,Pd,-0.008702103192283345,-0.8702103192283345,-0.03279743824908504,0.0,0.0,-0.05577947879196102,0.0,-0.23512070815744993,0.2788049817307937,3.586736484377356
3.0,6.455,Pd,-0.008698804079646412,-0.8698804079646412,-0.03280403647435891,0.0,0.0,-0.055786645719460314,0.0,-0.23512070815744993,0.2787333500091995,3.587658240275142
3.0,6.46,Pd,-0.008695323125942515,-0.8695323125942515,-0.0328109983817667,0.0,0.0,-0.05579420867331286,0.0,-0.23512070815744993,0.2786577900312173,3.5886310585035948
3.0,6.465,Pd,-0.008692115699755393,-0.8692115699755393,-0.032817413234140946,0.0,0.0,-0.05580117825052422,0.0,-0.23512070815744993,0.27858818556199105,3.5895276678108856
3.0,6.47,Pd,-0.008688904044835154,-0.8688904044835154,-0.032823836543981424,0.0,0.0,-0.05580815788889458,0.0,-0.23512070815744993,0.2785185067454098,3.590425683683875
3.0,6.475,Pd,-0.00868553945480845,-0.8685539454808451,-0.03283056572403483,0.0,0.0,-0.055815470825532926,0.0,-0.23512070815744993,0.2784455286003745,3.5913667029474965
3.0,6.48,Pd,-0.0086824633605328,-0.8682463360532799,-0.03283671791258613,0.0,0.0,-0.05582215755517381,0.0,-0.23512070815744993,0.2783788246771818,3.5922272506166246
3.0,6.485,Pd,-0.008679335726841202,-0.8679335726841202,-0.03284297317996933,0.0,0.0,-0.0558289571411084,0.0,-0.23512070815744993,0.2783110195248405,3.5931024280220623
3.0,6.49,Pd,-0.008676090649687503,-0.8676090649687502,-0.03284946333427673,0.0,0.0,-0.05583601292875144,0.0,-0.23512070815744993,0.27824068572854777,3.594010693948628
3.0,6.495,Pd,-0.00867314029106006,-0.8673140291060061,-0.03285536405153161,0.0,0.0,-0.055842428682335174,0.0,-0.23512070815744993,0.27817675508756307,3.5948366702502694
3.0,6.5,Pd,-0.008670094241727655,-0.8670094241727655,-0.03286145615019642,0.0,0.0,-0.05584905329524894,0.0,-0.23512070815744993,0.27811076635825044,3.595689635085334
3.0,6.505,Pd,-0.008666971560696977,-0.8666971560696978,-0.03286770151225778,0.0,0.0,-0.05585584538419782,0.0,-0.23512070815744993,0.27804313375145334,3.59656426867176
3.0,6.51,Pd,-0.008664140856123867,-0.8664140856123868,-0.032873362921404,0.0,0.0,-0.05586200311403245,0.0,-0.23512070815744993,0.27798183913112295,3.597357306238642
3.0,6.515,Pd,-0.008661174973758946,-0.8661174973758946,-0.03287929468613384,0.0,0.0,-0.0558684556290561,0.0,-0.23512070815744993,0.27791763193610936,3.5981884022021697
3.0,6.52,Pd,-0.008658177145804313,-0.8658177145804312,-0.03288529034204311,0.0,0.0,-0.055874978401676205,0.0,-0.23512070815744993,0.27785274823465644,3.5990286450413826
3.0,6.525,Pd,-0.008655459679571102,-0.8655459679571101,-0.03289072527450953,0.0,0.0,-0.05588089181209064,0.0,-0.23512070815744993,0.2777939456512952,3.599790476554389
3.0,6.53,Pd,-0.008652573553374333,-0.8652573553374333,-0.03289649752690307,0.0,0.0,-0.05588717292454416,0.0,-0.23512070815744993,0.2777315071034551,3.6005997678452073
3.0,6.535,Pd,-0.00864970246641248,-0.864970246641248,-0.03290223970082677,0.0,0.0,-0.055893422007422464,0.0,-0.23512070815744993,0.27766940783945626,3.60140502254459
3.0,6.54,Pd,-0.008647091653453152,-0.8647091653453152,-0.03290746132674543,0.0,0.0,-0.05589910519583982,0.0,-0.23512070815744993,0.27761295014347165,3.6021374344503574
3.0,6.545,Pd,-0.008644285834058404,-0.8644285834058404,-0.032913072965534924,0.0,0.0,-0.055905213516299214,0.0,-0.23512070815744993,0.2775522883154965,3.6029247176059664
3.0,6.55,Pd,-0.008641542686632735,-0.8641542686632735,-0.03291855926038626,0.0,0.0,-0.05591118604401159,0.0,-0.23512070815744993,0.27749299427033947,3.603694582018093
3.0,6.555,Pd,-0.008639031945081279,-0.8639031945081279,-0.032923580743489174,0.0,0.0,-0.055916653124453444,0.0,-0.23512070815744993,0.27743873485840426,3.604399365900971
3.0,6.56,Pd,-0.008636307868707553,-0.8636307868707553,-0.032929028896236626,0.0,0.0,-0.05592258534107801,0.0,-0.23512070815744993,0.2773798770866724,3.605164190362417
3.0,6.565,Pd,-0.008633693076058248,-0.8633693076058248,-0.032934258481535236,0.0,0.0,-0.0559282801627005,0.0,-0.23512070815744993,0.2773233922995381,3.6058984844664526
3.0,6.57,Pd,-0.00863127600156564,-0.863127600156564,-0.03293909263052045,0.0,0.0,-0.05593354488486259,0.0,-0.23512070815744993,0.2772711888534624,3.6065773877735965
3.0,6.575,Pd,-0.008628635886110226,-0.8628635886110226,-0.03294437286143128,0.0,0.0,-0.055939295987349744,0.0,-0.23512070815744993,0.27721417944622057,3.6073190844626315
3.0,6.58,Pd,-0.00862614901574707,-0.862614901574707,-0.03294934660215759,0.0,0.0,-0.05594471380882429,0.0,-0.23512070815744993,0.2771604898620386,3.608017868989072
3.0,6.585,Pd,-0.00862381955150602,-0.8623819551506019,-0.03295400553063969,0.0,0.0,-0.05594978918598114,0.0,-0.23512070815744993,0.2771102079847796,3.6086725468262992
3.0,6.59,Pd,-0.00862126626816603,-0.862126626816603,-0.03295911209731967,0.0,0.0,-0.05595535274340311,0.0,-0.23512070815744993,0.2770551054134129,3.6093902637449387
3.0,6.595,Pd,-0.008618906007017431,-0.8618906007017431,-0.03296383261961687,0.0,0.0,-0.0559604962010977,0.0,-0.23512070815744993,0.27700417821219014,3.6100538499241774
3.0,6.6,Pd,-0.008616658603606133,-0.8616658603606133,-0.032968327426439466,0.0,0.0,-0.055965394159750104,0.0,-0.23512070815744993,0.27695569483556776,3.6106858195990994
3.0,6.605,Pd,-0.008614195528451083,-0.8614195528451083,-0.032973253576749566,0.0,0.0,-0.05597076264267725,0.0,-0.23512070815744993,0.2769025685051861,3.611378563219326
3.0,6.61,Pd,-0.008611959682583332,-0.8611959682583332,-0.03297772526848507,0.0,0.0,-0.055975636305841014,0.0,-0.23512070815744993,0.2768543521315283,3.61200751334015
3.0,6.615,Pd,-0.008609789442105699,-0.8609789442105699,-0.032982065749440334,0.0,0.0,-0.055980367369242036,0.0,-0.23512070815744993,0.2768075585784962,3.612618113231266
3.0,6.62,Pd,-0.008607420292693808,-0.8607420292693808,-0.032986804048264116,0.0,0.0,-0.05598553250506778,0.0,-0.23512070815744993,0.27675648528793284,3.613284794246525
3.0,6.625,Pd,-0.008605305819476657,-0.8605305819476657,-0.03299103299469842,0.0,0.0,-0.05599014280733208,0.0,-0.23512070815744993,0.2767109101757474,3.6138799130286188
3.0,6.63,Pd,-0.008603208619034637,-0.8603208619034637,-0.03299522739558246,0.0,0.0,-0.055994715823824946,0.0,-0.23512070815744993,0.2766657147723801,3.6144702672057694
3.0,6.635,Pd,-0.008600937281674558,-0.8600937281674558,-0.032999770070302616,0.0,0.0,-0.05599966897306809,0.0,-0.23512070815744993,0.2766167749841043,3.615109749065163
3.0,6.64,Pd,-0.00859894035316006,-0.859894035316006,-0.03300376392733161,0.0,0.0,-0.05600402407558117,0.0,-0.23512070815744993,0.27657375494792685,3.6156720661665074
3.0,6.645,Pd,-0.008596912943416614,-0.8596912943416614,-0.033007818746818504,0.0,0.0,-0.05600844600111488,0.0,-0.23512070815744993,0.2765300850960327,3.6162430559869185
3.0,6.65,Pd,-0.008594743296977292,-0.8594743296977292,-0.03301215803969715,0.0,0.0,-0.056013178541792226,0.0,-0.23512070815744993,0.27648335914243255,3.6168542045412657
3.0,6.655,Pd,-0.008592859392201058,-0.8592859392201058,-0.03301592584924962,0.0,0.0,-0.056017288132903145,0.0,-0.23512070815744993,0.2764427933844596,3.617384948824698
3.0,6.66,Pd,-0.00859089946765594,-0.8590899467655941,-0.03301984569833985,0.0,0.0,-0.05602156387521131,0.0,-0.23512070815744993,0.27640059702438724,3.617937192486486
3.0,6.665,Pd,-0.008588835209941876,-0.8588835209941876,-0.03302397421376798,0.0,0.0,-0.05602606758209883,0.0,-0.23512070815744993,0.27635616137887564,3.618518925036853
3.0,6.67,Pd,-0.008587059232862914,-0.8587059232862914,-0.033027526167925904,0.0,0.0,-0.05602994262069648,0.0,-0.23512070815744993,0.27631793703987134,3.61901949150592
3.0,6.675,Pd,-0.00858516547144859,-0.858516547144859,-0.03303131369075455,0.0,0.0,-0.056034074950473495,0.0,-0.23512070815744993,0.2762771834542434,3.6195533322628446
3.0,6.68,Pd,-0.008583209954049816,-0.8583209954049816,-0.0330352247255521,0.0,0.0,-0.05603834235628977,0.0,-0.23512070815744993,0.27623510719291317,3.6201046643272394
3.0,6.685,Pd,-0.008581536372992086,-0.8581536372992086,-0.03303857188766756,0.0,0.0,-0.05604199476778863,0.0,-0.23512070815744993,0.2761991023572934,3.620576574888328
3.0,6.69,Pd,-0.00857970844364607,-0.857970844364607,-0.03304222774635959,0.0,0.0,-0.05604598429990181,0.0,-0.23512070815744993,0.27615978228882876,3.6210920783321177
3.0,6.695,Pd,-0.008577864520878963,-0.8577864520878963,-0.03304591559189381,0.0,0.0,-0.05605000902607041,0.0,-0.23512070815744993,0.27612012386176354,3.621612166524446
3.0,6.7,Pd,-0.008576287524600126,-0.8576287524600126,-0.03304906958445148,0.0,0.0,-0.05605345136166986,0.0,-0.23512070815744993,0.2760862109117785,3.622057025946665
3.0,6.705,Pd,-0.00857452606258114,-0.857452606258114,-0.03305259250848945,0.0,0.0,-0.05605729660700909,0.0,-0.23512070815744993,0.2760483359920392,3.6225539864469183
3.0,6.71,Pd,-0.008572795959637738,-0.8572795959637738,-0.033056052714376255,0.0,0.0,-0.056061073652733544,0.0,-0.23512070815744993,0.27601114041244235,3.6230421659999084
3.0,6.715,Pd,-0.008571309624599722,-0.8571309624599722,-0.03305902538445229,0.0,0.0,-0.05606431872380382,0.0,-0.23512070815744993,0.27597918961500795,3.6234616146058114
3.0,6.72,Pd,-0.008569616175415656,-0.8569616175415656,-0.03306241228282042,0.0,0.0,-0.056068016209953234,0.0,-0.23512070815744993,0.2759427911242722,3.623939570683131
3.0,6.725,Pd,-0.008568001380178828,-0.8568001380178828,-0.033065641873294076,0.0,0.0,-0.056071542189772915,0.0,-0.23512070815744993,0.27590808766925706,3.6243953863314915
3.0,6.73,Pd,-0.008566599843225848,-0.8566599843225848,-0.033068444947200036,0.0,0.0,-0.05607460269004867,0.0,-0.23512070815744993,0.2758779708714862,3.624791051061615
3.0,6.735,Pd,-0.008564976777118948,-0.8564976777118948,-0.03307169107941384,0.0,0.0,-0.056078147146594266,0.0,-0.23512070815744993,0.27584309787275285,3.6252493091609006
3.0,6.74,Pd,-0.008563477959279642,-0.8563477959279642,-0.03307468871509245,0.0,0.0,-0.056081420468380716,0.0,-0.23512070815744993,0.2758108983719639,3.625672538332335
3.0,6.745,Pd,-0.00856215558975328,-0.856215558975328,-0.03307733345414517,0.0,0.0,-0.05608430859704731,0.0,-0.23512070815744993,0.2757824926780463,3.626045983881286
3.0,6.75,Pd,-0.00856060598969162,-0.8560605989691619,-0.03308043265426849,0.0,0.0,-0.056087693199122574,0.0,-0.23512070815744993,0.27574920958935256,3.626483649723625
3.0,6.755,Pd,-0.00855922294986914,-0.855922294986914,-0.03308319873391345,0.0,0.0,-0.056090714176521894,0.0,-0.23512070815744993,0.2757195073575577,3.626874317250187
3.0,6.76,Pd,-0.008557974515224533,-0.8557974515224532,-0.03308569560320267,0.0,0.0,-0.05609344127521992,0.0,-0.23512070815744993,0.27569269866069385,3.627226998966485
3.0,6.765,Pd,-0.008556502042258534,-0.8556502042258534,-0.033088640549134664,0.0,0.0,-0.05609665793688466,0.0,-0.23512070815744993,0.27566108234905706,3.6276430153957877
3.0,6.77,Pd,-0.008555233692792194,-0.8555233692792195,-0.033091177248067344,0.0,0.0,-0.0560994288324739,0.0,-0.23512070815744993,0.27563385179682565,3.6280013992516307
3.0,6.775,Pd,-0.008554054512013524,-0.8554054512013524,-0.033093535609624684,0.0,0.0,-0.056102005048749105,0.0,-0.23512070815744993,0.2756085380451842,3.6283346194306096
3.0,6.78,Pd,-0.008552663252616822,-0.8552663252616822,-0.03309631812841809,0.0,0.0,-0.056105044756113394,0.0,-0.23512070815744993,0.2755786745414046,3.6287278094508504
3.0,6.785,Pd,-0.008551507630617398,-0.8551507630617399,-0.033098629372416935,0.0,0.0,-0.05610756975390976,0.0,-0.23512070815744993,0.27555387147501914,3.62905443733044
3.0,6.79,Pd,-0.008550393710159455,-0.8550393710159455,-0.03310085721333282,0.0,0.0,-0.05611000374270689,0.0,-0.23512070815744993,0.27552996556005055,3.629369306410538
3.0,6.795,Pd,-0.008549088010793272,-0.8549088010793272,-0.03310346861206519,0.0,0.0,-0.05611285691533867,0.0,-0.23512070815744993,0.27550194650652604,3.629738419929139
3.0,6.8,Pd,-0.008548042322931559,-0.8548042322931558,-0.033105559987788614,0.0,0.0,-0.05611514202374183,0.0,-0.23512070815744993,0.27547950910470853,3.6300340567976854
3.0,6.805,Pd,-0.008546990470520523,-0.8546990470520522,-0.03310766369261069,0.0,0.0,-0.05611744069722041,0.0,-0.23512070815744993,0.2754569412732352,3.6303314608001314
3.0,6.81,Pd,-0.008545774765089179,-0.8545774765089178,-0.033110095103473375,0.0,0.0,-0.05612009756542049,0.0,-0.23512070815744993,0.27543086022578084,3.6306752234672004
3.0,6.815,Pd,-0.008544835462526362,-0.8544835462526361,-0.03311197370859901,0.0,0.0,-0.05612215045402881,0.0,-0.23512070815744993,0.2754107106581192,3.630940850522509
3.0,6.82,Pd,-0.008543843374921447,-0.8543843374921447,-0.03311395788380884,0.0,0.0,-0.05612431878829899,0.0,-0.23512070815744993,0.27538943036610786,3.631221425857126
3.0,6.825,Pd,-0.008542722011019525,-0.8542722011019525,-0.03311620061161268,0.0,0.0,-0.05612676977330253,0.0,-0.23512070815744993,0.2753653790754661,3.6315385883202915
3.0,6.83,Pd,-0.00854188489184772,-0.854188489184772,-0.03311787484995629,0.0,0.0,-0.05612859954932638,0.0,-0.23512070815744993,0.27534742570553783,3.6317753741028995
3.0,6.835,Pd,-0.008540951213560494,-0.8540951213560494,-0.033119742206530745,0.0,0.0,-0.056130640454742975,0.0,-0.23512070815744993,0.2753274028505822,3.6320394906085367
3.0,6.84,Pd,-0.008539928283455529,-0.8539928283455529,-0.033121788066740675,0.0,0.0,-0.05613287653879936,0.0,-0.23512070815744993,0.2753054676499911,3.6323288764876525
3.0,6.845,Pd,-0.008539188619083718,-0.8539188619083717,-0.033123267395484296,0.0,0.0,-0.05613449347085222,0.0,-0.23512070815744993,0.27528960774652506,3.6325381411446434
3.0,6.85,Pd,-0.008538312970052569,-0.8538312970052568,-0.033125018693546594,0.0,0.0,-0.05613640773030993,0.0,-0.23512070815744993,0.275270833237376,3.6327858939478124
3.0,6.855,Pd,-0.008537392152174424,-0.8537392152174423,-0.033126860329302885,0.0,0.0,-0.05613842080396108,0.0,-0.23512070815744993,0.2752510916586891,3.6330464448802204
3.0,6.86,Pd,-0.008536744833284055,-0.8536744833284056,-0.03312815496708362,0.0,0.0,-0.05613983600279986,0.0,-0.23512070815744993,0.27523721452105443,3.633229618822147
3.0,6.865,Pd,-0.008535927804565972,-0.8535927804565971,-0.03312978902451979,0.0,0.0,-0.05614162228013477,0.0,-0.23512070815744993,0.27521970016516095,3.633460829293449
3.0,6.87,Pd,-0.008535112220910298,-0.8535112220910298,-0.033131420191831136,0.0,0.0,-0.05614340545480228,0.0,-0.23512070815744993,0.27520221789810756,3.633691645502093
3.0,6.875,Pd,-0.008534551917937394,-0.8534551917937394,-0.033132540797776944,0.0,0.0,-0.056144630522063,0.0,-0.23512070815744993,0.2751902082884297,3.633850223885472
3.0,6.88,Pd,-0.008533795035579252,-0.8533795035579251,-0.03313405456249323,0.0,0.0,-0.056146285440247995,0.0,-0.23512070815744993,0.2751739860017825,3.6340644496588506
3.0,6.885,Pd,-0.008533087129886065,-0.8533087129886066,-0.0331354703738796,0.0,0.0,-0.056147833315432195,0.0,-0.23512070815744993,0.27515881429922295,3.634264824649755
3.0,6.89,Pd,-0.008532608462499168,-0.8532608462499168,-0.033136427708653396,0.0,0.0,-0.05614887997248774,0.0,-0.23512070815744993,0.27514855606325156,3.634400319259239
3.0,6.895,Pd,-0.008531914120835146,-0.8531914120835146,-0.03313781639198144,0.0,0.0,-0.05615039825892364,0.0,-0.23512070815744993,0.2751336764297844,3.6345968729684217
3.0,6.9,Pd,-0.008531315561690171,-0.8531315561690171,-0.03313901351027139,0.0,0.0,-0.056151707134880345,0.0,-0.23512070815744993,0.2751208500465719,3.6347663211665786
3.0,6.905,Pd,-0.00853091327143005,-0.853091327143005,-0.03313981809079163,0.0,0.0,-0.056152586844621794,0.0,-0.23512070815744993,0.275112229799149,3.634880211359812
3.0,6.91,Pd,-0.008530284638103857,-0.8530284638103857,-0.03314107535744402,0.0,0.0,-0.056153961538510544,0.0,-0.23512070815744993,0.2750987600292021,3.63505818744457
3.0,6.915,Pd,-0.00852979625025244,-0.8529796250252439,-0.03314205213314685,0.0,0.0,-0.05615502956715244,0.0,-0.23512070815744993,0.2750882957639968,3.635196463821631
3.0,6.92,Pd,-0.008529465370400724,-0.8529465370400724,-0.033142713892850284,0.0,0.0,-0.05615575316172,0.0,-0.23512070815744993,0.2750812065130202,3.635290148229984
3.0,6.925,Pd,-0.008528906266375869,-0.8528906266375869,-0.033143832100899995,0.0,0.0,-0.05615697587638199,0.0,-0.23512070815744993,0.2750692278707398,3.6354484568878016
3.0,6.93,Pd,-0.008528527992576966,-0.8528527992576966,-0.0331445886484978,0.0,0.0,-0.05615780314526535,0.0,-0.23512070815744993,0.2750611237596757,3.6355555679097438
3.0,6.935,Pd,-0.008528264009417148,-0.8528264009417148,-0.033145116614817435,0.0,0.0,-0.05615838047254939,0.0,-0.23512070815744993,0.2750554683446181,3.635630318562131
3.0,6.94,Pd,-0.008527778768092763,-0.8527778768092763,-0.033146087097466206,0.0,0.0,-0.056159441703663736,0.0,-0.23512070815744993,0.2750450731321884,3.6357677256752523
3.0,6.945,Pd,-0.008527509662795446,-0.8527509662795446,-0.03314662530806084,0.0,0.0,-0.05616003025021775,0.0,-0.23512070815744993,0.27503930832112794,3.635843931197023
3.0,6.95,Pd,-0.008527308662731537,-0.8527308662731538,-0.03314702730818866,0.0,0.0,-0.056160469851292215,0.0,-0.23512070815744993,0.27503500254866664,3.635900851649066
3.0,6.955,Pd,-0.008526901972996982,-0.8526901972996982,-0.03314784068765777,0.0,0.0,-0.056161359320460985,0.0,-0.23512070815744993,0.27502629075034746,3.6360160233108068
3.0,6.96,Pd,-0.00852674022803002,-0.852674022803002,-0.03314816417759169,0.0,0.0,-0.0561617130760183,0.0,-0.23512070815744993,0.2750228260493255,3.636061829357573
3.0,6.965,Pd,-0.008526599025518906,-0.8526599025518906,-0.03314844658261392,0.0,0.0,-0.05616202190459336,0.0,-0.23512070815744993,0.275019801419119,3.636101818268862
3.0,6.97,Pd,-0.008526275764126567,-0.8526275764126567,-0.0331490931053986,0.0,0.0,-0.05616272892642505,0.0,-0.23512070815744993,0.2750128771195505,3.6361933683755874
3.0,6.975,Pd,-0.00852621876550395,-0.852621876550395,-0.03314920710264383,0.0,0.0,-0.05616285359200502,0.0,-0.23512070815744993,0.2750116562199851,3.6362095110619177
3.0,6.98,Pd,-0.008526135007410753,-0.8526135007410753,-0.033149374618830225,0.0,0.0,-0.05616303678555258,0.0,-0.23512070815744993,0.27500986214752593,3.6362332324779003
3.0,6.985,Pd,-0.008525900066415914,-0.8525900066415913,-0.033149844500819904,0.0,0.0,-0.056163550645643684,0.0,-0.23512070815744993,0.27500482984651525,3.636299771746251
3.0,6.99,Pd,-0.008525944480292674,-0.8525944480292674,-0.03314975567306638,0.0,0.0,-0.05616345350379136,0.0,-0.23512070815744993,0.2750057811591574,3.6362871928908937
3.0,6.995,Pd,-0.008525916723095724,-0.8525916723095723,-0.033149811187460285,0.0,0.0,-0.05616351421420101,0.0,-0.23512070815744993,0.27500518661998574,3.6362950542523547
3.0,7.0,Pd,-0.008525774838273222,-0.8525774838273221,-0.03315009495710529,0.0,0.0,-0.056163824545037655,0.0,-0.23512070815744993,0.27500214756933145,3.6363352389744072
