L_support_nm,x_nm,material,sigma_C_per_m2,sigma_uC_per_cm2,phi_RP_with_V,phi_RP_no_V,i1_with_A_per_m2,i2_with_A_per_m2,i1_no_A_per_m2,i2_no_A_per_m2,c_R1_over_bulk,c_O2_over_bulk
2.0,0.0,Au,-0.07038522583597397,-7.038522583597397,-0.20681369190035678,0.0,0.03521139025923094,0.0,0.2351207081574495,0.0,0.0003178211146003961,3146.4240544789586
2.0,0.005,Au,-0.07038513034066973,-7.038513034066973,-0.20681388289096525,0.0,0.03521125931152369,0.0,0.2351207081574495,0.0,0.0003178187507136777,3146.4474570944935
2.0,0.01,Au,-0.07038560936035479,-7.038560936035479,-0.20681292485159514,0.0,0.03521191617102504,0.0,0.2351207081574495,0.0,0.0003178306085237875,3146.3300675937153
2.0,0.015,Au,-0.0703861897991499,-7.03861897991499,-0.20681176397400491,0.0,0.03521271211869653,0.0,0.2351207081574495,0.0,0.0003178449774885868,3146.1878299961754
2.0,0.02,Au,-0.07038687166923042,-7.038687166923043,-0.20681040023384387,0.0,0.03521364718066617,0.0,0.2351207081574495,0.0,0.00031786185825004445,3146.020744688892
2.0,0.025,Au,-0.07038812815759966,-7.038812815759966,-0.2068078872571054,0.0,0.035215370293129974,0.0,0.2351207081574495,0.0,0.0003178929669351245,3145.712878272264
2.0,0.03,Au,-0.07038919368539578,-7.038919368539578,-0.20680575620151315,0.0,0.03521683159375638,0.0,0.2351207081574495,0.0,0.0003179193501209941,3145.451824871367
2.0,0.035,Au,-0.0703908339602945,-7.03908339602945,-0.20680247565171572,0.0,0.03521908124039672,0.0,0.2351207081574495,0.0,0.000317959968712115,3145.050001264193
2.0,0.04,Au,-0.07039257580739147,-7.0392575807391475,-0.20679899195752177,0.0,0.03522147035123373,0.0,0.2351207081574495,0.0,0.0003180031082458925,3144.623351375423
2.0,0.045,Au,-0.0703944192632651,-7.039441926326511,-0.2067953050457745,0.0,0.03522399900480535,0.0,0.2351207081574495,0.0,0.00031804877065308337,3144.171876365356
2.0,0.05,Au,-0.07039683777635036,-7.0396837776350365,-0.206790468019604,0.0,0.03522731673504166,0.0,0.2351207081574495,0.0,0.0003181086871729109,3143.5796641933293
2.0,0.055,Au,-0.07039906541907015,-7.0399065419070155,-0.20678601273416441,0.0,0.03523037290468116,0.0,0.2351207081574495,0.0,0.0003181638850348876,3143.034288415063
2.0,0.06,Au,-0.07040186837693695,-7.040186837693694,-0.20678040681843082,0.0,0.03523421874306761,0.0,0.2351207081574495,0.0,0.0003182333520071279,3142.3481972989484
2.0,0.065,Au,-0.07040477322570456,-7.040477322570456,-0.2067745971208956,0.0,0.03523820482531136,0.0,0.2351207081574495,0.0,0.00031830536019193456,3141.637323974096
2.0,0.07,Au,-0.07040778002651228,-7.040778002651228,-0.20676858351928015,0.0,0.03524233128282448,0.0,0.2351207081574495,0.0,0.00031837991282346654,3140.90167037163
2.0,0.075,Au,-0.07041136266002096,-7.041136266002096,-0.2067614182522628,0.0,0.03524724862949041,0.0,0.2351207081574495,0.0,0.0003184687658345174,3140.025356582754
2.0,0.08,Au,-0.07041475457384724,-7.041475457384724,-0.20675463442461023,0.0,0.03525190483599258,0.0,0.2351207081574495,0.0,0.0003185529116523887,3139.1959182316937
2.0,0.085,Au,-0.07041872270804579,-7.041872270804579,-0.20674669815621313,0.0,0.03525735282238165,0.0,0.2351207081574495,0.0,0.0003186513804323731,3138.22585247588
2.0,0.09,Au,-0.07042279321821994,-7.042279321821994,-0.20673855713586484,0.0,0.03526294223904979,0.0,0.2351207081574495,0.0,0.0003187524212861635,3137.23107095158
2.0,0.095,Au,-0.0704269661903318,-7.04269661903318,-0.20673021119164112,0.0,0.03526867327105764,0.0,0.2351207081574495,0.0,0.00031885603877578256,3136.21157635717
2.0,0.1,Au,-0.07043171610887787,-7.043171610887787,-0.20672071135454897,0.0,0.03527519779711537,0.0,0.2351207081574495,0.0,0.00031897402319487134,3135.051531732627
2.0,0.105,Au,-0.07043627551940718,-7.043627551940718,-0.20671159253349036,0.0,0.035281461775196636,0.0,0.2351207081574495,0.0,0.0003190873166030266,3133.938417377117
2.0,0.11,Au,-0.07044141239470547,-7.044141239470547,-0.20670131878289377,0.0,0.035288520439868125,0.0,0.2351207081574495,0.0,0.0003192150072124428,3132.6847967848944
2.0,0.115,Au,-0.07044665229859046,-7.044665229859046,-0.2066908389751238,0.0,0.035295722132791675,0.0,0.2351207081574495,0.0,0.0003193453115158727,3131.4065493969097
2.0,0.12,Au,-0.07045199534221885,-7.045199534221886,-0.206680152887867,0.0,0.035303067093773455,0.0,0.2351207081574495,0.0,0.0003194782354378614,3130.1036786729724
2.0,0.125,Au,-0.07045791678667988,-7.045791678667988,-0.20666830999894495,0.0,0.03531120895490265,0.0,0.2351207081574495,0.0,0.00031962561341881713,3128.6604014730933
2.0,0.13,Au,-0.07046364799648704,-7.046364799648703,-0.20665684757933064,0.0,0.03531909103561366,0.0,0.2351207081574495,0.0,0.00031976832142199585,3127.2641253299994
2.0,0.135,Au,-0.07046995825736699,-7.0469958257366985,-0.20664422705757074,0.0,0.03532777151505489,0.0,0.2351207081574495,0.0,0.0003199255215854169,3125.727497588873
2.0,0.14,Au,-0.07047637236856372,-7.047637236856372,-0.20663139883517728,0.0,0.035336597038769124,0.0,0.2351207081574495,0.0,0.0003200853880496009,3124.1663547760527
2.0,0.145,Au,-0.07048289046690664,-7.048289046690664,-0.20661836263849143,0.0,0.03534556790272831,0.0,0.2351207081574495,0.0,0.00032024792814667774,3122.5807011060097
2.0,0.15,Au,-0.07048998876432282,-7.0489988764322815,-0.20660416604365908,0.0,0.035355339885683686,0.0,0.2351207081574495,0.0,0.0003204250304019994,3120.854818193879
2.0,0.155,Au,-0.07049689716306959,-7.0496897163069585,-0.20659034924616554,0.0,0.0353648530358482,0.0,0.2351207081574495,0.0,0.0003205974887373388,3119.1760233009395
2.0,0.16,Au,-0.07050438654460049,-7.0504386544600495,-0.20657537048310373,0.0,0.0353751691149849,0.0,0.2351207081574495,0.0,0.00032078455533928954,3117.357065218783
2.0,0.165,Au,-0.07051198076929982,-7.051198076929982,-0.20656018203370508,0.0,0.03538563268070451,0.0,0.2351207081574495,0.0,0.0003209743521247174,3115.513726814662
2.0,0.17,Au,-0.07051968000026176,-7.051968000026177,-0.2065447835717812,0.0,0.03539624408690605,0.0,0.2351207081574495,0.0,0.00032116688788936745,3113.646013048738
2.0,0.175,Au,-0.07052796157632707,-7.052796157632707,-0.20652822041965058,0.0,0.03540766165808996,0.0,0.2351207081574495,0.0,0.0003213741153685668,3111.638281300762
2.0,0.18,Au,-0.07053605365347032,-7.053605365347032,-0.20651203626536407,0.0,0.03541882153000005,0.0,0.2351207081574495,0.0,0.0003215767302261795,3109.6777409753954
2.0,0.185,Au,-0.07054472899479368,-7.054472899479368,-0.20649468558271736,0.0,0.035430789694761294,0.0,0.2351207081574495,0.0,0.00032179409113020546,3107.577260004369
2.0,0.19,Au,-0.07055351034569589,-7.055351034569589,-0.20647712288091294,0.0,0.035442908224755654,0.0,0.2351207081574495,0.0,0.00032201425773043126,3105.452556815459
2.0,0.195,Au,-0.07056239789624338,-7.056239789624338,-0.20645934777981795,0.0,0.0354551775339231,0.0,0.2351207081574495,0.0,0.00032223724035373535,3103.303637103681
2.0,0.2,Au,-0.07057187029045256,-7.057187029045256,-0.2064404029913996,0.0,0.035468258898517055,0.0,0.2351207081574495,0.0,0.000322475066293334,3101.014945107002
2.0,0.205,Au,-0.07058115365061107,-7.0581153650611075,-0.20642183627108257,0.0,0.03548108389023025,0.0,0.2351207081574495,0.0,0.00032270831641070113,3098.773564692799
2.0,0.21,Au,-0.07059102291110965,-7.059102291110965,-0.20640209775008542,0.0,0.035494723390826675,0.0,0.2351207081574495,0.0,0.0003229564726568282,3096.392500739859
2.0,0.215,Au,-0.07060099952403948,-7.060099952403948,-0.20638214452422576,0.0,0.03550851658358039,0.0,0.2351207081574495,0.0,0.0003232075221638069,3093.9873964108533
2.0,0.22,Au,-0.0706110837072644,-7.061108370726441,-0.2063619761577759,0.0,0.03552246394495315,0.0,0.2351207081574495,0.0,0.0003234614768692949,3091.558258123215
2.0,0.225,Au,-0.07062175559079127,-7.062175559079127,-0.20634063239072217,0.0,0.03553723011702785,0.0,0.2351207081574495,0.0,0.0003237304492328739,3088.9896281602323
2.0,0.23,Au,-0.07063223897185489,-7.063223897185489,-0.20631966562859494,0.0,0.035551741443704675,0.0,0.2351207081574495,0.0,0.0003239948883820969,3086.468447059788
2.0,0.235,Au,-0.07064331125008619,-7.064331125008619,-0.20629752107213234,0.0,0.03556707436906921,0.0,0.2351207081574495,0.0,0.0003242744167824672,3083.8078745842886
2.0,0.24,Au,-0.07065449240338657,-7.0654492403386575,-0.20627515876553157,0.0,0.035582564775692604,0.0,0.2351207081574495,0.0,0.00032455693855400615,3081.1234677504835
2.0,0.245,Au,-0.07066578267836619,-7.066578267836619,-0.20625257821557233,0.0,0.03559821320542766,0.0,0.2351207081574495,0.0,0.00032484246733776424,3078.415233683783
2.0,0.25,Au,-0.07067766387476541,-7.067766387476541,-0.2062288158227739,0.0,0.03561468808953565,0.0,0.2351207081574495,0.0,0.000325143211668233,3075.5678240035713
2.0,0.255,Au,-0.07068935716883384,-7.068935716883384,-0.20620542923463703,0.0,0.0356309098663246,0.0,0.2351207081574495,0.0,0.0003254394715586892,3072.7680179988915
2.0,0.26,Au,-0.07070164272432673,-7.070164272432673,-0.20618085812365125,0.0,0.03564796123025487,0.0,0.2351207081574495,0.0,0.0003257510277150875,3069.829148396833
2.0,0.265,Au,-0.07071403886113262,-7.071403886113262,-0.20615606585003948,0.0,0.03566517434269893,0.0,0.2351207081574495,0.0,0.0003260656904688479,3066.8666751233654
2.0,0.27,Au,-0.07072654585568684,-7.072654585568684,-0.20613105186093103,0.0,0.035682549814183,0.0,0.2351207081574495,0.0,0.00032638347527097657,3063.880605995019
2.0,0.275,Au,-0.07073964736452705,-7.073964736452705,-0.20610484884325062,0.0,0.03570076029902781,0.0,0.2351207081574495,0.0,0.0003267166979812788,3060.755713371286
2.0,0.28,Au,-0.07075256164179143,-7.075256164179143,-0.20607902028872185,0.0,0.03571871963610761,0.0,0.2351207081574495,0.0,0.00032704549160456016,3057.678597230528
2.0,0.285,Au,-0.07076607191981701,-7.076607191981702,-0.2060519997326707,0.0,0.035737517475735676,0.0,0.2351207081574495,0.0,0.0003273898133756423,3054.4627815057106
2.0,0.29,Au,-0.07077969467332543,-7.077969467332543,-0.20602475422565386,0.0,0.03575648182745752,0.0,0.2351207081574495,0.0,0.00032773736873835976,3051.2236180132477
2.0,0.295,Au,-0.07079343020979069,-7.079343020979069,-0.20599728315272334,0.0,0.03577561337419254,0.0,0.2351207081574495,0.0,0.0003280881750752528,3047.961115241756
2.0,0.3,Au,-0.0708077642333411,-7.08077642333411,-0.2059686151056225,0.0,0.03579558943906016,0.0,0.2351207081574495,0.0,0.0003284546672080833,3044.560177817409
2.0,0.305,Au,-0.07082191176903016,-7.082191176903016,-0.2059403200342444,0.0,0.03581531654953583,0.0,0.2351207081574495,0.0,0.0003288167926563875,3041.207208188411
2.0,0.31,Au,-0.07083665942847929,-7.083665942847929,-0.20591082471534614,0.0,0.03583589203685498,0.0,0.2351207081574495,0.0,0.00032919470410709933,3037.715939909722
2.0,0.315,Au,-0.07085152165034737,-7.085152165034738,-0.20588110027160997,0.0,0.035856639316676944,0.0,0.2351207081574495,0.0,0.0003295759906522944,3034.2016055866425
2.0,0.32,Au,-0.07086649877450336,-7.086649877450337,-0.205851146023298,0.0,0.035877559148503706,0.0,0.2351207081574495,0.0,0.0003299606717439544,3030.6642143582135
2.0,0.325,Au,-0.07088207874761554,-7.0882078747615545,-0.20581998607707364,0.0,0.03589933398324879,0.0,0.2351207081574495,0.0,0.00033036131323596824,3026.9888147760416
2.0,0.33,Au,-0.07089747305215117,-7.089747305215117,-0.20578919746800237,0.0,0.035920862304709256,0.0,0.2351207081574495,0.0,0.00033075765803015726,3023.36159336581
2.0,0.335,Au,-0.07091347199666478,-7.091347199666479,-0.20575719957897515,0.0,0.035943249871989706,0.0,0.2351207081574495,0.0,0.0003311700739007883,3019.5965119106118
2.0,0.34,Au,-0.07092958778868863,-7.092958778868863,-0.20572496799492745,0.0,0.035965815052008486,0.0,0.2351207081574495,0.0,0.0003315860217134661,3015.808672610848
2.0,0.345,Au,-0.07094582080199202,-7.094582080199202,-0.20569250196832067,0.0,0.03598855868554219,0.0,0.2351207081574495,0.0,0.00033200552314529007,3011.9980852318126
2.0,0.35,Au,-0.07096266142533805,-7.096266142533805,-0.2056588207216286,0.0,0.036012168825035606,0.0,0.2351207081574495,0.0,0.0003324412876366793,3008.0499540504934
2.0,0.355,Au,-0.07097931727786119,-7.097931727786119,-0.20562550901658233,0.0,0.036035535155691696,0.0,0.2351207081574495,0.0,0.0003328728336056145,3004.150231090331
2.0,0.36,Au,-0.0709965826903841,-7.09965826903841,-0.20559097819153652,0.0,0.036059772635740804,0.0,0.2351207081574495,0.0,0.00033332076434365674,3000.113125172697
2.0,0.365,Au,-0.07101396743962748,-7.101396743962749,-0.20555620869304975,0.0,0.03608419411425758,0.0,0.2351207081574495,0.0,0.00033377240015611915,2996.0535967990722
2.0,0.37,Au,-0.07103147193492729,-7.103147193492728,-0.20552119970245014,0.0,0.03610880051853139,0.0,0.2351207081574495,0.0,0.0003342277651204298,2991.9716563334514
2.0,0.375,Au,-0.07104958921177407,-7.104958921177406,-0.20548496514875658,0.0,0.036134285992597354,0.0,0.2351207081574495,0.0,0.00033469972535668947,2987.7526757283717
2.0,0.38,Au,-0.07106752269722452,-7.1067522697224526,-0.20544909817785567,0.0,0.03615953064304797,0.0,0.2351207081574495,0.0,0.0003351675541155939,2983.582353723643
2.0,0.385,Au,-0.07108607107816807,-7.108607107816807,-0.20541200141596858,0.0,0.036185659425390856,0.0,0.2351207081574495,0.0,0.00033565211151966647,2979.2751652074985
2.0,0.39,Au,-0.07110474149573714,-7.110474149573714,-0.20537466058083043,0.0,0.03621197918597252,0.0,0.2351207081574495,0.0,0.0003361405644690947,2974.9459175788993
2.0,0.395,Au,-0.07112353439666892,-7.112353439666892,-0.20533707477896687,0.0,0.03623849094442074,0.0,0.2351207081574495,0.0,0.0003366329396382492,2970.5946217699757
2.0,0.4,Au,-0.07114294567339283,-7.114294567339282,-0.20529825222551906,0.0,0.036265895444432095,0.0,0.2351207081574495,0.0,0.0003371422735177111,2966.1068295176788
2.0,0.405,Au,-0.07116217422334715,-7.116217422334715,-0.2052597951256104,0.0,0.03629306240624252,0.0,0.2351207081574495,0.0,0.00033764757260007706,2961.667967281491
2.0,0.41,Au,-0.07118202343257678,-7.1182023432576775,-0.20522009670715116,0.0,0.036321127610453,0.0,0.2351207081574495,0.0,0.0003381699761324046,2957.0927952766197
2.0,0.415,Au,-0.07120199759625487,-7.1201997596254865,-0.20518014837979498,0.0,0.036349391398372524,0.0,0.2351207081574495,0.0,0.00033869648419789476,2952.4959562784143
2.0,0.42,Au,-0.07122209720053431,-7.122209720053431,-0.2051399491712361,0.0,0.03637785488843218,0.0,0.2351207081574495,0.0,0.0003392271262881107,2947.877461753117
2.0,0.425,Au,-0.07124282121110218,-7.124282121110218,-0.20509850115010037,0.0,0.036407225951881485,0.0,0.2351207081574495,0.0,0.00033977512361631164,2943.123055498442
2.0,0.43,Au,-0.07126336364860188,-7.126336364860188,-0.20505741627510096,0.0,0.03643636308431745,0.0,0.2351207081574495,0.0,0.00034031919332164223,2938.417872467395
2.0,0.435,Au,-0.07128453295148561,-7.128453295148561,-0.2050150776693335,0.0,0.036466413751880165,0.0,0.2351207081574495,0.0,0.000340880777153334,2933.57697770732
2.0,0.44,Au,-0.07130583035246982,-7.130583035246982,-0.20497248286736508,0.0,0.03649667126934943,0.0,0.2351207081574495,0.0,0.00034144669433822106,2928.7148377235335
2.0,0.445,Au,-0.07132725637933189,-7.132725637933189,-0.20492963081364093,0.0,0.036527136861123716,0.0,0.2351207081574495,0.0,0.00034201697743151745,2923.8314644781967
2.0,0.45,Au,-0.07134931329400714,-7.134931329400714,-0.20488551698429044,0.0,0.036558526075665475,0.0,0.2351207081574495,0.0,0.0003426050474521376,2918.8128062815576
2.0,0.455,Au,-0.0713711898826324,-7.13711898826324,-0.20484176380703992,0.0,0.03658968531209321,0.0,0.2351207081574495,0.0,0.0003431893084803828,2913.843687112302
2.0,0.46,Au,-0.07139370000041621,-7.139370000041621,-0.2047967435714723,0.0,0.03662177461835819,0.0,0.2351207081574495,0.0,0.00034379152934276914,2908.7394966121283
2.0,0.465,Au,-0.07141634159442872,-7.141634159442872,-0.20475146038344727,0.0,0.036654079740150516,0.0,0.2351207081574495,0.0,0.00034439833367728236,2903.6145132370116
2.0,0.47,Au,-0.07143911523648837,-7.143911523648836,-0.20470591309932798,0.0,0.03668660201576369,0.0,0.2351207081574495,0.0,0.00034500975737833243,2898.468749402398
2.0,0.475,Au,-0.07146252671504182,-7.146252671504182,-0.20465909014222108,0.0,0.03672006524440085,0.0,0.2351207081574495,0.0,0.0003456394371598772,2893.1883705661894
2.0,0.48,Au,-0.07148575921252,-7.148575921252,-0.20461262514726472,0.0,0.036753302820061784,0.0,0.2351207081574495,0.0,0.000346265439113371,2887.9578700102074
2.0,0.485,Au,-0.07150963237732538,-7.1509632377325385,-0.20456487881765395,0.0,0.036787488308048934,0.0,0.2351207081574495,0.0,0.00034690988503876266,2882.59298200241
2.0,0.49,Au,-0.07153364064040012,-7.153364064040011,-0.20451686229150448,0.0,0.03682189931930678,0.0,0.2351207081574495,0.0,0.0003475591874883751,2877.207785029269
2.0,0.495,Au,-0.07155778462024177,-7.155778462024178,-0.20446857433182117,0.0,0.036856537314785755,0.0,0.2351207081574495,0.0,0.0003482133860036928,2871.802291912451
2.0,0.5,Au,-0.07158257386998822,-7.158257386998821,-0.20441899583232828,0.0,0.03689213494409857,0.0,0.2351207081574495,0.0,0.0003488863497723011,2866.262898083129
2.0,0.505,Au,-0.07160718558665524,-7.160718558665524,-0.20436977239899423,0.0,0.036927511647177454,0.0,0.2351207081574495,0.0,0.00034955578061709314,2860.773746137558
2.0,0.51,Au,-0.07163244560143368,-7.163244560143369,-0.20431925236943735,0.0,0.03696385548521895,0.0,0.2351207081574495,0.0,0.00035024418066403754,2855.150935281987
2.0,0.515,Au,-0.07165784459071375,-7.165784459071375,-0.2042684543908772,0.0,0.03700043534346942,0.0,0.2351207081574495,0.0,0.00035093773504070664,2849.508331966655
2.0,0.52,Au,-0.07168338322255273,-7.168338322255273,-0.20421737712719926,0.0,0.037037252815220405,0.0,0.2351207081574495,0.0,0.00035163648727973463,2843.845949366676
2.0,0.525,Au,-0.07170957506156501,-7.170957506156501,-0.2041649934491747,0.0,0.037075050028767396,0.0,0.2351207081574495,0.0,0.0003523545568008868,2838.0504259097556
2.0,0.53,Au,-0.07173559092403847,-7.173559092403847,-0.20411296172422777,0.0,0.03711263147692174,0.0,0.2351207081574495,0.0,0.0003530692533922468,2832.3055332406334
2.0,0.535,Au,-0.0717622632278451,-7.17622632278451,-0.20405961711661452,0.0,0.037151200742366344,0.0,0.2351207081574495,0.0,0.0003538034884632811,2826.427756106716
2.0,0.54,Au,-0.07178907864776891,-7.178907864776892,-0.2040059862767669,0.0,0.03719001736602934,0.0,0.2351207081574495,0.0,0.00035454320245042244,2820.5307367015025
2.0,0.545,Au,-0.07181603790456634,-7.181603790456633,-0.20395206776317204,0.0,0.03722908308423911,0.0,0.2351207081574495,0.0,0.0003552884432619502,2814.6144884952287
2.0,0.55,Au,-0.07184365883046127,-7.184365883046127,-0.20389682591138217,0.0,0.0372691501635327,0.0,0.2351207081574495,0.0,0.00035605359938823626,2808.565906139353
2.0,0.555,Au,-0.07187110545092283,-7.187110545092283,-0.20384193267045905,0.0,0.0373090071083232,0.0,0.2351207081574495,0.0,0.0003568155591796839,2802.5683697734253
2.0,0.56,Au,-0.07189921718992548,-7.189921718992548,-0.20378570919245376,0.0,0.03734987409982655,0.0,0.2351207081574495,0.0,0.00035759767405502395,2796.438770589232
2.0,0.565,Au,-0.07192747646421543,-7.192747646421544,-0.20372919064387385,0.0,0.03739100068578014,0.0,0.2351207081574495,0.0,0.0003583856214723811,2790.2905141440356
2.0,0.57,Au,-0.07195588405067177,-7.195588405067177,-0.20367237547096118,0.0,0.03743238875736705,0.0,0.2351207081574495,0.0,0.00035917945414561716,2784.123614137973
2.0,0.575,Au,-0.07198496231540732,-7.198496231540733,-0.20361421894149007,0.0,0.0374748014131325,0.0,0.2351207081574495,0.0,0.00035999384966418495,2777.8252348834167
2.0,0.58,Au,-0.07201386806693584,-7.201386806693584,-0.20355640743843303,0.0,0.03751701007510196,0.0,0.2351207081574495,0.0,0.0003608052437361339,2771.5783441643257
2.0,0.585,Au,-0.07204344817161365,-7.204344817161365,-0.20349724722907742,0.0,0.03756025265633491,0.0,0.2351207081574495,0.0,0.0003616374604638645,2765.2002608284047
2.0,0.59,Au,-0.07207318052153805,-7.207318052153805,-0.20343778252922862,0.0,0.03760376802944293,0.0,0.2351207081574495,0.0,0.00036247589491649645,2758.804141252951
2.0,0.595,Au,-0.07210306595344022,-7.210306595344022,-0.20337801166542427,0.0,0.03764755825351999,0.0,0.2351207081574495,0.0,0.0003633206050944326,2752.3899992957586
2.0,0.6,Au,-0.0721336316446129,-7.213363164461289,-0.20331688028307893,0.0,0.037692397990291455,0.0,0.2351207081574495,0.0,0.00036418657902663454,2745.8452825821064
2.0,0.605,Au,-0.07216402674306638,-7.216402674306638,-0.20325609008617196,0.0,0.037737040427800815,0.0,0.2351207081574495,0.0,0.0003650497665902227,2739.3525253846396
2.0,0.61,Au,-0.0721951060121085,-7.2195106012108505,-0.2031939315480877,0.0,0.03778274240577734,0.0,0.2351207081574495,0.0,0.0003659344993936567,2732.7294957348167
2.0,0.615,Au,-0.07222634254153208,-7.222634254153208,-0.20313145848924055,0.0,0.0378287314036444,0.0,0.2351207081574495,0.0,0.000366825869469554,2726.0890881170485
2.0,0.62,Au,-0.07225773723198312,-7.225773723198311,-0.20306866910833848,0.0,0.03787500966283736,0.0,0.2351207081574495,0.0,0.00036772394064332514,2719.431316466699
2.0,0.625,Au,-0.07228982236117243,-7.228982236117243,-0.20300449884995986,0.0,0.03792236418034043,0.0,0.2351207081574495,0.0,0.0003686440341709398,2712.6439255932764
2.0,0.63,Au,-0.07232173895416574,-7.232173895416574,-0.20294066566397323,0.0,0.03796952869565953,0.0,0.2351207081574495,0.0,0.00036956157872468365,2705.908994790232
2.0,0.635,Au,-0.07235435014564225,-7.235435014564224,-0.20287544328102022,0.0,0.03801778023730374,0.0,0.2351207081574495,0.0,0.0003705014506107173,2699.044763122106
2.0,0.64,Au,-0.07238712393344661,-7.238712393344661,-0.2028098957054115,0.0,0.03806633413395542,0.0,0.2351207081574495,0.0,0.0003714484168154361,2692.163850295467
2.0,0.645,Au,-0.07242006128656858,-7.242006128656858,-0.20274402099916755,0.0,0.03811519282535352,0.0,0.2351207081574495,0.0,0.000372402547592747,2685.2662702339585
2.0,0.65,Au,-0.07245369988533785,-7.245369988533786,-0.202676743801629,0.0,0.038165156460572135,0.0,0.2351207081574495,0.0,0.0003733795218103728,2678.240079025724
2.0,0.655,Au,-0.0724871721489355,-7.24871721489355,-0.2026097992744337,0.0,0.038214938047192,0.0,0.2351207081574495,0.0,0.0003743542091533053,2671.2668791991077
2.0,0.66,Au,-0.07252135007937346,-7.252135007937347,-0.2025414434135578,0.0,0.0382658361382289,0.0,0.2351207081574495,0.0,0.00037535207043218306,2664.1654030270643
2.0,0.665,Au,-0.07255569627989626,-7.255569627989626,-0.2024727510125122,0.0,0.03831705311089874,0.0,0.2351207081574495,0.0,0.00037635752407634,2657.0479823784817
2.0,0.67,Au,-0.07259021179266624,-7.259021179266624,-0.20240371998697224,0.0,0.038368591620911885,0.0,0.2351207081574495,0.0,0.0003773706474452535,2649.91463106593
2.0,0.675,Au,-0.07262544001690117,-7.2625440016901175,-0.20233326353850237,0.0,0.03842126583525161,0.0,0.2351207081574495,0.0,0.000378407503167757,2642.6537307762533
2.0,0.68,Au,-0.07266050426071285,-7.266050426071286,-0.202263135050879,0.0,0.03847376667090178,0.0,0.2351207081574495,0.0,0.0003794423615025106,2635.4463851643077
2.0,0.685,Au,-0.07269628591278933,-7.269628591278933,-0.20219157174672606,0.0,0.038527415621703025,0.0,0.2351207081574495,0.0,0.0003805013104605363,2628.1118422158893
2.0,0.69,Au,-0.07273224186500578,-7.273224186500578,-0.20211965984229316,0.0,0.03858140126546029,0.0,0.2351207081574495,0.0,0.00038156839474786796,2620.762132725322
2.0,0.695,Au,-0.07276837323796283,-7.276837323796283,-0.20204739709637906,0.0,0.0386357264934256,0.0,0.2351207081574495,0.0,0.00038264369959006253,2613.3972702838946
2.0,0.7,Au,-0.07280522948131171,-7.280522948131171,-0.2019736846096813,0.0,0.03869122040997517,0.0,0.2351207081574495,0.0,0.00038374369947801113,2605.9059767241883
2.0,0.705,Au,-0.07284192426276018,-7.284192426276018,-0.20190029504678436,0.0,0.038746550400429874,0.0,0.2351207081574495,0.0,0.00038484202187212096,2598.4688343943108
2.0,0.71,Au,-0.07287934890241006,-7.287934890241006,-0.2018254457674846,0.0,0.038803062404068445,0.0,0.2351207081574495,0.0,0.000385965427875006,2590.9056298271557
2.0,0.715,Au,-0.07291695424866794,-7.291695424866794,-0.20175023507496884,0.0,0.038859930299658146,0.0,0.2351207081574495,0.0,0.0003870975614758536,2583.3280793280796
2.0,0.72,Au,-0.07295474150631967,-7.295474150631967,-0.20167466055966538,0.0,0.03891715723569348,0.0,0.2351207081574495,0.0,0.00038823851662170376,2575.7361961445763
2.0,0.725,Au,-0.07299326652358884,-7.299326652358884,-0.20159761052512704,0.0,0.038975588232260924,0.0,0.2351207081574495,0.0,0.0003894052099273396,2568.0190570295485
2.0,0.73,Au,-0.07303163277221453,-7.3031632772214525,-0.20152087802787566,0.0,0.039033865611708705,0.0,0.2351207081574495,0.0,0.00039057057944165625,2560.3567002654404
2.0,0.735,Au,-0.07307074207604593,-7.307074207604593,-0.20144265942021286,0.0,0.039093361360188324,0.0,0.2351207081574495,0.0,0.0003917621087882819,2552.5694740948647
2.0,0.74,Au,-0.07311003889126488,-7.311003889126488,-0.20136406578977495,0.0,0.03915323370118929,0.0,0.2351207081574495,0.0,0.0003929630122267559,2544.7687667432647
2.0,0.745,Au,-0.07314952451311976,-7.314952451311976,-0.2012850945460652,0.0,0.039213486064539164,0.0,0.2351207081574495,0.0,0.0003941733933891509,2536.954590978042
2.0,0.75,Au,-0.07318976155458523,-7.3189761554585235,-0.20120462046313425,0.0,0.03927498042892064,0.0,0.2351207081574495,0.0,0.00039541064367186983,2529.0163934733296
2.0,0.755,Au,-0.07322984270735797,-7.322984270735796,-0.20112445815758878,0.0,0.03933633242346725,0.0,0.2351207081574495,0.0,0.00039664696151244395,2521.133645362936
2.0,0.76,Au,-0.07327068090137684,-7.327068090137684,-0.20104278176955104,0.0,0.039398941788914434,0.0,0.2351207081574495,0.0,0.00039791060640808544,2513.127280086697
2.0,0.765,Au,-0.07331171383373497,-7.331171383373497,-0.20096071590483477,0.0,0.039461950075166015,0.0,0.2351207081574495,0.0,0.00039918433164192455,2505.108344024429
2.0,0.77,Au,-0.07335294289700493,-7.335294289700493,-0.20087825777829485,0.0,0.03952536102015767,0.0,0.2351207081574495,0.0,0.00040046825161809817,2497.0768493119854
2.0,0.775,Au,-0.07339493785471814,-7.339493785471814,-0.20079426786286844,0.0,0.03959005467499448,0.0,0.2351207081574495,0.0,0.00040178026783267045,2488.922627769441
2.0,0.78,Au,-0.07343678000344461,-7.343678000344461,-0.2007105835654155,0.0,0.039654618236782575,0.0,0.2351207081574495,0.0,0.0004030917849380286,2480.8245599789147
2.0,0.785,Au,-0.07347939401422016,-7.347939401422016,-0.2006253555438644,0.0,0.0397204810253478,0.0,0.2351207081574495,0.0,0.0004044318960140549,2472.6041883829257
2.0,0.79,Au,-0.07352221043847812,-7.352221043847812,-0.20053972269534848,0.0,0.039786766830572105,0.0,0.2351207081574495,0.0,0.00040578285964574043,2464.3722035795877
2.0,0.795,Au,-0.07356523077362523,-7.356523077362523,-0.20045368202505426,0.0,0.03985347972830015,0.0,0.2351207081574495,0.0,0.00040714480223772066,2456.128616904527
2.0,0.8,Au,-0.07360903234092847,-7.360903234092847,-0.20036607889044777,0.0,0.039921519033922874,0.0,0.2351207081574495,0.0,0.00040853617366236095,2447.763660768166
2.0,0.805,Au,-0.07365268439298728,-7.3652684392987275,-0.20027877478633016,0.0,0.0399894416544227,0.0,0.2351207081574495,0.0,0.00040992752620365653,2439.455601484027
2.0,0.81,Au,-0.07369712401252734,-7.369712401252734,-0.20018989554725003,0.0,0.0400587084417324,0.0,0.2351207081574495,0.0,0.0004113488490785897,2431.026614611839
2.0,0.815,Au,-0.07374177419728863,-7.374177419728863,-0.20010059517772746,0.0,0.0401284242644145,0.0,0.2351207081574495,0.0,0.00041278186970645467,2422.5870208668302
2.0,0.82,Au,-0.07378663655773962,-7.378663655773962,-0.20001087045682547,0.0,0.04019859356943736,0.0,0.2351207081574495,0.0,0.0004142267278830335,2414.1368305967285
2.0,0.825,Au,-0.07383229640336526,-7.383229640336526,-0.1999195507655742,0.0,0.04027013621430907,0.0,0.2351207081574495,0.0,0.00041570246342972303,2405.5666924597285
2.0,0.83,Au,-0.0738778102571534,-7.38778102571534,-0.19982852305799792,0.0,0.04034157682655941,0.0,0.2351207081574495,0.0,0.0004171787127781793,2397.0542344803584
2.0,0.835,Au,-0.07392412832292905,-7.392412832292905,-0.19973588692644662,0.0,0.0404144098848507,0.0,0.2351207081574495,0.0,0.00041868642923542415,2388.422289745885
2.0,0.84,Au,-0.07397066561330368,-7.397066561330368,-0.19964281234569736,0.0,0.040487720092758125,0.0,0.2351207081574495,0.0,0.0004202067695362901,2379.7807948299546
2.0,0.845,Au,-0.07401742386083159,-7.401742386083159,-0.19954929585064154,0.0,0.04056151230544868,0.0,0.2351207081574495,0.0,0.00042173988844488924,2371.129758883774
2.0,0.85,Au,-0.07406499681913395,-7.406499681913395,-0.19945414993403682,0.0,0.04063672829522022,0.0,0.2351207081574495,0.0,0.00042330546098312777,2362.360262675322
2.0,0.855,Au,-0.07411242755579577,-7.411242755579576,-0.19935928846071319,0.0,0.040711858276245017,0.0,0.2351207081574495,0.0,0.0004248721387905492,2353.6492716293965
2.0,0.86,Au,-0.07416068014754373,-7.416068014754373,-0.19926278327721725,0.0,0.04078843260481047,0.0,0.2351207081574495,0.0,0.00042647191324311046,2344.8203010498128
2.0,0.865,Au,-0.07420916116487511,-7.420916116487511,-0.1991658212425545,0.0,0.04086551448506758,0.0,0.2351207081574495,0.0,0.000428085327475952,2335.982888963126
2.0,0.87,Au,-0.0742578724723434,-7.42578724723434,-0.1990683986276179,0.0,0.04094310922183763,0.0,0.2351207081574495,0.0,0.00042971255301385575,2327.1370430915845
2.0,0.875,Au,-0.07430741675142491,-7.430741675142491,-0.1989693100694549,0.0,0.04102218197968105,0.0,0.2351207081574495,0.0,0.0004313739494446,2318.1742923686375
2.0,0.88,Au,-0.07435682284464358,-7.435682284464358,-0.19887049788301756,0.0,0.04110118626598492,0.0,0.2351207081574495,0.0,0.00043303710859087083,2309.2709150355754
2.0,0.885,Au,-0.07440706949979031,-7.440706949979031,-0.1987700045727241,0.0,0.04118169073829652,0.0,0.2351207081574495,0.0,0.000434735140616005,2300.251133559237
2.0,0.89,Au,-0.07445755436033304,-7.445755436033304,-0.19866903485163864,0.0,0.04126273566673393,0.0,0.2351207081574495,0.0,0.0004364479283526892,2291.2240728793427
2.0,0.895,Au,-0.07450827943372836,-7.450827943372835,-0.198567584704848,0.0,0.04134432685220327,0.0,0.2351207081574495,0.0,0.0004381756621273461,2282.189739030672
2.0,0.9,Au,-0.07455985684345981,-7.455985684345981,-0.1984644298853851,0.0,0.04142745444501309,0.0,0.2351207081574495,0.0,0.00043993944006922697,2273.0401253468985
2.0,0.905,Au,-0.0746113003893324,-7.4611300389332404,-0.1983615427936399,0.0,0.0415105327760251,0.0,0.2351207081574495,0.0,0.00044170571235938434,2263.9507980516482
2.0,0.91,Au,-0.07466360433914265,-7.466360433914265,-0.1982569348940194,0.0,0.041595171418964495,0.0,0.2351207081574495,0.0,0.00044350879622058096,2254.746711951674
2.0,0.915,Au,-0.07471615689383562,-7.471615689383563,-0.19815182978463347,0.0,0.041680386164567734,0.0,0.2351207081574495,0.0,0.0004453278632483341,2245.536564242235
2.0,0.92,Au,-0.07476896021578595,-7.476896021578596,-0.1980462231407328,0.0,0.041766183361928416,0.0,0.2351207081574495,0.0,0.00044716312489993625,2236.3203589825853
2.0,0.925,Au,-0.07482263641799648,-7.482263641799649,-0.19793887073631175,0.0,0.04185357986923902,0.0,0.2351207081574495,0.0,0.0004490364769993207,2226.990570303964
2.0,0.93,Au,-0.07487618338730068,-7.487618338730067,-0.19783177679770336,0.0,0.04194094817589383,0.0,0.2351207081574495,0.0,0.0004509131386465944,2217.7220273542644
2.0,0.935,Au,-0.07493061181614528,-7.493061181614529,-0.19772291994001415,0.0,0.042029941598922524,0.0,0.2351207081574495,0.0,0.00045282873088060317,2208.340442655501
2.0,0.94,Au,-0.074985299913929,-7.4985299913929,-0.19761354374444673,0.0,0.04211954978169078,0.0,0.2351207081574495,0.0,0.00045476165838675823,2198.954070902645
2.0,0.945,Au,-0.07504025001120689,-7.504025001120689,-0.19750364354989094,0.0,0.042209779680062474,0.0,0.2351207081574495,0.0,0.0004567121564174998,2189.5629138582813
2.0,0.95,Au,-0.07509609479464968,-7.509609479464968,-0.19739195398300535,0.0,0.04230167672520729,0.0,0.2351207081574495,0.0,0.0004587029834732692,2180.05994298983
2.0,0.955,Au,-0.07515181531013314,-7.515181531013313,-0.19728051295203844,0.0,0.04239356868357242,0.0,0.2351207081574495,0.0,0.0004606980295883636,2170.6192251212924
2.0,0.96,Au,-0.07520843964061531,-7.520843964061531,-0.1971672642910741,0.0,0.04248715567852116,0.0,0.2351207081574495,0.0,0.000462734325927296,2161.0672560243956
2.0,0.965,Au,-0.0752653354180969,-7.526533541809689,-0.19705347273611093,0.0,0.04258139940198209,0.0,0.2351207081574495,0.0,0.0004647894492758658,2151.5118330633004
2.0,0.97,Au,-0.0753225051559759,-7.53225051559759,-0.19693913326035292,0.0,0.042676307482587855,0.0,0.2351207081574495,0.0,0.0004668636617363343,2141.952955346436
2.0,0.975,Au,-0.07538059273904925,-7.538059273904925,-0.19682295809420622,0.0,0.04277295594877045,0.0,0.2351207081574495,0.0,0.0004689806560451694,2132.284108331509
2.0,0.98,Au,-0.07543856138076283,-7.543856138076283,-0.19670702081077907,0.0,0.04286962472186386,0.0,0.2351207081574495,0.0,0.0004711028855734929,2122.6785711207413
2.0,0.985,Au,-0.075497457587846,-7.5497457587846,-0.19658922839661272,0.0,0.042968064057392175,0.0,0.2351207081574495,0.0,0.00047326890870342836,2112.9636483824993
2.0,0.99,Au,-0.07555663778852302,-7.555663778852302,-0.19647086799525867,0.0,0.04306720574048321,0.0,0.2351207081574495,0.0,0.00047545540735232424,2103.246665273438
2.0,0.995,Au,-0.07561610469528028,-7.561610469528028,-0.19635193418174415,0.0,0.04316705814705864,0.0,0.2351207081574495,0.0,0.0004776626739834329,2093.527617849168
2.0,1.0,Au,-0.07567651405992872,-7.567651405992872,-0.19623111545244729,0.0,0.04326873010474908,0.0,0.2351207081574495,0.0,0.00047991541457079737,2083.7005222979337
2.0,1.005,Au,-0.07573681020207162,-7.573681020207163,-0.19611052316816147,0.0,0.04337045029951671,0.0,0.2351207081574495,0.0,0.0004821745273861412,2073.937844499959
2.0,1.01,Au,-0.07579805915982354,-7.579805915982354,-0.19598802525265763,0.0,0.04347402273829399,0.0,0.2351207081574495,0.0,0.00048448022732295416,2064.067723724462
2.0,1.015,Au,-0.0758596054865689,-7.585960548656891,-0.1958649325991669,0.0,0.043578347175460316,0.0,0.2351207081574495,0.0,0.0004868082277202229,2054.196998031671
2.0,1.02,Au,-0.07592145211191836,-7.592145211191836,-0.195741239348468,0.0,0.04368343281855999,0.0,0.2351207081574495,0.0,0.000489158855448646,2044.3256599797658
2.0,1.025,Au,-0.07598426737266632,-7.5984267372666325,-0.19561560882697207,0.0,0.0437904236950942,0.0,0.2351207081574495,0.0,0.0004915579171647307,2034.348273277593
2.0,1.03,Au,-0.07604697555594278,-7.604697555594278,-0.19549019246041915,0.0,0.043897493566081386,0.0,0.2351207081574495,0.0,0.0004939646253511344,2024.4364650386667
2.0,1.035,Au,-0.07611066342106702,-7.611066342106702,-0.19536281673017067,0.0,0.044006504137513655,0.0,0.2351207081574495,0.0,0.0004964209945528149,2014.419234828733
2.0,1.04,Au,-0.0761746629261473,-7.61746629261473,-0.1952348177200101,0.0,0.044116320820797826,0.0,0.2351207081574495,0.0,0.0004989016882011734,2004.4029187505323
2.0,1.045,Au,-0.07623897723798642,-7.623897723798642,-0.19510618909633187,0.0,0.04422695375076995,0.0,0.2351207081574495,0.0,0.000501407072250525,1994.3875053688032
2.0,1.05,Au,-0.07630428805066786,-7.630428805066786,-0.194975567470969,0.0,0.04433958477834284,0.0,0.2351207081574495,0.0,0.0005039641510915271,1984.2681227109463
2.0,1.055,Au,-0.07636949839478557,-7.636949839478557,-0.19484514678273357,0.0,0.044452328715058095,0.0,0.2351207081574495,0.0,0.0005065303068381912,1974.2155336017147
2.0,1.06,Au,-0.07643571703177128,-7.643571703177128,-0.19471270950876216,0.0,0.044567109282099344,0.0,0.2351207081574495,0.0,0.0005091495125849771,1964.0596235140258
2.0,1.065,Au,-0.07650226254934687,-7.6502262549346876,-0.19457961847361097,0.0,0.04468275502489788,0.0,0.2351207081574495,0.0,0.0005117952918912877,1953.9062118070706
2.0,1.07,Au,-0.07656913837388975,-7.6569138373889745,-0.19444586682452522,0.0,0.0447992771143873,0.0,0.2351207081574495,0.0,0.0005144680552145779,1943.7552824983723
2.0,1.075,Au,-0.07663704038937579,-7.663704038937579,-0.19431006279355315,0.0,0.044917898099031996,0.0,0.2351207081574495,0.0,0.0005171961126951962,1933.5025446901202
2.0,1.08,Au,-0.07670484905105443,-7.670484905105443,-0.19417444547019586,0.0,0.04503666944054385,0.0,0.2351207081574495,0.0,0.0005199348557088286,1923.3178714989156
2.0,1.085,Au,-0.07677369650455948,-7.677369650455948,-0.19403675056318576,0.0,0.045157581605999954,0.0,0.2351207081574495,0.0,0.0005227303927860068,1913.0320597397822
2.0,1.09,Au,-0.07684288713142548,-7.684288713142548,-0.19389836930945376,0.0,0.04527942351527107,0.0,0.2351207081574495,0.0,0.0005255550078352955,1902.7503973730409
2.0,1.095,Au,-0.07691242464262947,-7.691242464262947,-0.19375929428704577,0.0,0.04540220749946388,0.0,0.2351207081574495,0.0,0.0005284091621173089,1892.4728632506112
2.0,1.1,Au,-0.07698302001172683,-7.698302001172682,-0.19361810354885106,0.0,0.0455271999613048,0.0,0.2351207081574495,0.0,0.0005313225920903304,1882.0957642056926
2.0,1.105,Au,-0.07705352969448015,-7.705352969448015,-0.19347708418334442,0.0,0.04565238418952648,0.0,0.2351207081574495,0.0,0.0005342485200178677,1871.7880584237378
2.0,1.11,Au,-0.0771251107154958,-7.71251107154958,-0.19333392214131312,0.0,0.04577982259554546,0.0,0.2351207081574495,0.0,0.0005372353873540547,1861.3814792154953
2.0,1.115,Au,-0.07719705234677995,-7.7197052346779955,-0.1931900388787448,0.0,0.045908261447820606,0.0,0.2351207081574495,0.0,0.0005402541273896861,1850.9807686831396
2.0,1.12,Au,-0.0772693586119642,-7.72693586119642,-0.19304542634837632,0.0,0.04603771437952076,0.0,0.2351207081574495,0.0,0.0005433052595354281,1840.5858998219242
2.0,1.125,Au,-0.07734275654870373,-7.734275654870373,-0.19289863047489725,0.0,0.046169495123909804,0.0,0.2351207081574495,0.0,0.0005464200815559968,1830.0937936841192
2.0,1.13,Au,-0.07741607707171558,-7.741607707171558,-0.19275198942887356,0.0,0.04630151349658457,0.0,0.2351207081574495,0.0,0.0005495494476350174,1819.672468607682
2.0,1.135,Au,-0.07749050370518247,-7.749050370518247,-0.19260313616193978,0.0,0.046435909581076414,0.0,0.2351207081574495,0.0,0.000552744353310789,1809.1546191476596
2.0,1.14,Au,-0.0775653096328753,-7.75653096328753,-0.1924535243065541,0.0,0.04657138366804007,0.0,0.2351207081574495,0.0,0.0005559742574950988,1798.6444273614873
2.0,1.145,Au,-0.07764049922262196,-7.764049922262196,-0.1923031451270608,0.0,0.04670795085545248,0.0,0.2351207081574495,0.0,0.0005592397463450946,1788.1418596147528
2.0,1.15,Au,-0.07771681663441253,-7.771681663441253,-0.19215051030347965,0.0,0.04684697604592453,0.0,0.2351207081574495,0.0,0.0005625738305449079,1777.5444674193288
2.0,1.155,Au,-0.07779306556910727,-7.779306556910727,-0.19199801243409018,0.0,0.04698628974196557,0.0,0.2351207081574495,0.0,0.0005659247735958263,1767.0193047851672
2.0,1.16,Au,-0.0778704578120049,-7.78704578120049,-0.19184322794829492,0.0,0.04712811602793598,0.0,0.2351207081574495,0.0,0.0005693463735818003,1756.4000517100435
2.0,1.165,Au,-0.0779482493955892,-7.79482493955892,-0.19168764478112632,0.0,0.04727110555002217,0.0,0.2351207081574495,0.0,0.0005728064765943649,1745.790316383161
2.0,1.17,Au,-0.07802644506745401,-7.802644506745401,-0.1915312534373967,0.0,0.04741527505826706,0.0,0.2351207081574495,0.0,0.0005763057456310615,1735.190057675008
2.0,1.175,Au,-0.07810580726209847,-7.810580726209847,-0.19137252904810778,0.0,0.047562044876093154,0.0,0.2351207081574495,0.0,0.0005798790751461635,1724.4974734567572
2.0,1.18,Au,-0.07818511064655496,-7.818511064655496,-0.1912139222791948,0.0,0.0477091597401631,0.0,0.2351207081574495,0.0,0.0005834718881357358,1713.8786295173923
2.0,1.185,Au,-0.07826559718711691,-7.8265597187116915,-0.1910529491980709,0.0,0.047858934748913826,0.0,0.2351207081574495,0.0,0.0005871410652947219,1703.1682147765273
2.0,1.19,Au,-0.07834650460725198,-7.834650460725198,-0.19089113435780075,0.0,0.04800996685090572,0.0,0.2351207081574495,0.0,0.0005908526845505792,1692.4692502000407
2.0,1.195,Au,-0.07842783807455801,-7.842783807455802,-0.1907284674231887,0.0,0.048162274664422446,0.0,0.2351207081574495,0.0,0.0005946074976373239,1681.7816861938431
2.0,1.2,Au,-0.07851037955597322,-7.851037955597322,-0.19056338446035828,0.0,0.04831733865652783,0.0,0.2351207081574495,0.0,0.0005984424759802506,1671.004382437923
2.0,1.205,Au,-0.0785928726992055,-7.859287269920549,-0.19039839817389373,0.0,0.04847281064721103,0.0,0.2351207081574495,0.0,0.0006022999207802103,1660.3023933734128
2.0,1.21,Au,-0.07867659174991051,-7.867659174991052,-0.1902309600724837,0.0,0.04863110454479645,0.0,0.2351207081574495,0.0,0.0006062401121401953,1649.511439402654
2.0,1.215,Au,-0.0787607548581813,-7.876075485818131,-0.1900626338559421,0.0,0.04879075910654436,0.0,0.2351207081574495,0.0,0.0006102271849455479,1638.7339415061172
2.0,1.22,Au,-0.0788453676572974,-7.88453676572974,-0.18989340825770992,0.0,0.048951795069421884,0.0,0.2351207081574495,0.0,0.0006142619937417259,1627.9698405375582
2.0,1.225,Au,-0.0789312330240349,-7.89312330240349,-0.1897216775242349,0.0,0.04911575830740315,0.0,0.2351207081574495,0.0,0.0006183838062008449,1617.118672857371
2.0,1.23,Au,-0.07901706141446344,-7.901706141446343,-0.18955002074337785,0.0,0.04928019977491831,0.0,0.2351207081574495,0.0,0.0006225314839188665,1606.3444594078208
2.0,1.235,Au,-0.07910416165388559,-7.910416165388559,-0.18937582026453353,0.0,0.04944764088402897,0.0,0.2351207081574495,0.0,0.0006267690660763967,1595.4839734833215
2.0,1.24,Au,-0.07919173093415288,-7.919173093415289,-0.18920068170399895,0.0,0.049616557203099265,0.0,0.2351207081574495,0.0,0.0006310585469744512,1584.6390240563298
2.0,1.245,Au,-0.07927977540626853,-7.927977540626853,-0.18902459275976766,0.0,0.049786971879008,0.0,0.2351207081574495,0.0,0.000635400900691668,1573.8095412068922
2.0,1.25,Au,-0.07936912036970475,-7.936912036970475,-0.1888459028328952,0.0,0.0499605020780124,0.0,0.2351207081574495,0.0,0.000639837940978427,1562.8957521193893
2.0,1.255,Au,-0.07945844070496715,-7.945844070496714,-0.18866726216237042,0.0,0.050134589024227884,0.0,0.2351207081574495,0.0,0.0006443047294557399,1552.060623308981
2.0,1.26,Au,-0.07954908234657425,-7.954908234657425,-0.18848597887915622,0.0,0.0503118713620285,0.0,0.2351207081574495,0.0,0.0006488694743159852,1541.1420009458202
2.0,1.265,Au,-0.07964022000656751,-7.964022000656751,-0.1883037035591697,0.0,0.05049075589459111,0.0,0.2351207081574495,0.0,0.0006534918053285884,1530.2410708840957
2.0,1.27,Au,-0.07973186041319814,-7.973186041319814,-0.18812042274590843,0.0,0.050671268518707936,0.0,0.2351207081574495,0.0,0.0006581728360584337,1519.3577510561654
2.0,1.275,Au,-0.07982485295569403,-7.982485295569402,-0.18793443766091666,0.0,0.05085510429744131,0.0,0.2351207081574495,0.0,0.0006629572121408716,1508.392972708939
2.0,1.28,Au,-0.0799178343144351,-7.991783431443509,-0.18774847494343452,0.0,0.05103958480445835,0.0,0.2351207081574495,0.0,0.0006677757850317525,1497.5086285173554
2.0,1.285,Au,-0.08001219032414686,-8.001219032414685,-0.187559762924011,0.0,0.05122747684239188,0.0,0.2351207081574495,0.0,0.0006727014010818302,1486.5436557614005
2.0,1.29,Au,-0.08010707153980244,-8.010707153980244,-0.18737000049269983,0.0,0.05141711220562498,0.0,0.2351207081574495,0.0,0.0006776910706825174,1475.5986071837692
2.0,1.295,Au,-0.08020248533526839,-8.02024853352684,-0.18717917290176794,0.0,0.05160851993948706,0.0,0.2351207081574495,0.0,0.0006827460708041043,1464.6733870211071
2.0,1.3,Au,-0.08029930703286249,-8.029930703286249,-0.18698552950657973,0.0,0.051803480443447805,0.0,0.2351207081574495,0.0,0.0006879142073416342,1453.6696427078978
2.0,1.305,Au,-0.08039613221350447,-8.039613221350447,-0.18679187914529577,0.0,0.05199918449917287,0.0,0.2351207081574495,0.0,0.0006931216528033811,1442.748175526514
2.0,1.31,Au,-0.08049438970247295,-8.049438970247296,-0.1865953641673588,0.0,0.052198539385454865,0.0,0.2351207081574495,0.0,0.0006984464309516621,1431.7490299684955
2.0,1.315,Au,-0.08059320404234165,-8.059320404234164,-0.18639773548762142,0.0,0.05239979487137025,0.0,0.2351207081574495,0.0,0.0007038426416257454,1420.7721170319921
2.0,1.32,Au,-0.08069258333147038,-8.069258333147038,-0.18619897690936396,0.0,0.05260298362025138,0.0,0.2351207081574495,0.0,0.0007093117540161163,1409.8173255102706
2.0,1.325,Au,-0.08079343087102636,-8.079343087102636,-0.185997281830252,0.0,0.0528099797819617,0.0,0.2351207081574495,0.0,0.0007149051132897525,1398.7870297896413
2.0,1.33,Au,-0.08089429792797609,-8.08942979279761,-0.18579554771635254,0.0,0.05301783078444048,0.0,0.2351207081574495,0.0,0.0007205436749709659,1387.8409244801085
2.0,1.335,Au,-0.08099665975289587,-8.099665975289588,-0.18559082406651298,0.0,0.05322959832668237,0.0,0.2351207081574495,0.0,0.0007263112629406323,1376.820174798444
2.0,1.34,Au,-0.08109961281601995,-8.109961281601995,-0.18538491794026482,0.0,0.05344344223650883,0.0,0.2351207081574495,0.0,0.0007321587323884997,1365.8240430155488
2.0,1.345,Au,-0.08120316603164382,-8.120316603164381,-0.18517781150901708,0.0,0.05365939935081818,0.0,0.2351207081574495,0.0,0.0007380877796194002,1354.8524005039842
2.0,1.35,Au,-0.08130825295913145,-8.130825295913144,-0.1849676376540418,0.0,0.05387944712664902,0.0,0.2351207081574495,0.0,0.0007441537286635276,1343.8083577111988
2.0,1.355,Au,-0.08141337697379891,-8.14133769737989,-0.1847573896247069,0.0,0.05410047541702012,0.0,0.2351207081574495,0.0,0.0007502716977326252,1332.8504900585635
2.0,1.36,Au,-0.08152006358446158,-8.152006358446158,-0.18454401640338156,0.0,0.05432571619489871,0.0,0.2351207081574495,0.0,0.0007565320334475917,1321.821093870805
2.0,1.365,Au,-0.08162737889282232,-8.162737889282232,-0.18432938578666008,0.0,0.054553230378943114,0.0,0.2351207081574495,0.0,0.0007628819612653132,1310.8187777063226
2.0,1.37,Au,-0.08173533273567057,-8.173533273567058,-0.18411347810096357,0.0,0.05478305964046431,0.0,0.2351207081574495,0.0,0.0007693234470970728,1299.8433932741173
2.0,1.375,Au,-0.08184489148087906,-8.184489148087906,-0.1838943606105466,0.0,0.055017295648199176,0.0,0.2351207081574495,0.0,0.0007759163063402484,1288.7987941852691
2.0,1.38,Au,-0.08195450661367616,-8.195450661367616,-0.1836751303449524,0.0,0.05525265450959543,0.0,0.2351207081574495,0.0,0.0007825691012221803,1277.8424275099107
2.0,1.385,Au,-0.08206575819695583,-8.206575819695583,-0.18345262717839306,0.0,0.05549255658086065,0.0,0.2351207081574495,0.0,0.0007893795440858412,1266.8177272798127
2.0,1.39,Au,-0.08217767939345623,-8.217767939345624,-0.18322878478539226,0.0,0.05573495366654119,0.0,0.2351207081574495,0.0,0.0007962907846636396,1255.822645771807
2.0,1.395,Au,-0.0822902810873319,-8.22902810873319,-0.18300358139764092,0.0,0.05597989306281099,0.0,0.2351207081574495,0.0,0.0008033051105268274,1244.8570124795735
2.0,1.4,Au,-0.08240456532137638,-8.240456532137639,-0.18277501292955195,0.0,0.05622959315353226,0.0,0.2351207081574495,0.0,0.0008104874292722962,1233.8254288507094
2.0,1.405,Au,-0.08251892720219964,-8.251892720219963,-0.18254628916790544,0.0,0.05648057782668352,0.0,0.2351207081574495,0.0,0.0008177389102286056,1222.8842085066512
2.0,1.41,Au,-0.08263500618386099,-8.2635006183861,-0.18231413120458273,0.0,0.05673647661107921,0.0,0.2351207081574495,0.0,0.0008251656203928233,1211.8779252145116
2.0,1.415,Au,-0.08275179959954236,-8.275179959954237,-0.18208054437322,0.0,0.05699512052903137,0.0,0.2351207081574495,0.0,0.0008327061145760742,1200.9038753235216
2.0,1.42,Au,-0.08286931952798345,-8.286931952798344,-0.18184550451633782,0.0,0.05725656345270414,0.0,0.2351207081574495,0.0,0.0008403630661841466,1189.9618631988671
2.0,1.425,Au,-0.0829886069243248,-8.29886069243248,-0.1816069297236551,0.0,0.05752316489356428,0.0,0.2351207081574495,0.0,0.0008482071835970593,1178.9572398564474
2.0,1.43,Au,-0.0831079954537174,-8.31079954537174,-0.1813681526648699,0.0,0.05779123530814394,0.0,0.2351207081574495,0.0,0.0008561312632290478,1168.0451853005884
2.0,1.435,Au,-0.08322918943533358,-8.322918943533358,-0.18112576470163755,0.0,0.05806463739283039,0.0,0.2351207081574495,0.0,0.0008642508939031237,1157.0714095345706
2.0,1.44,Au,-0.08335114710612833,-8.335114710612833,-0.18088184936004806,0.0,0.058341067978025955,0.0,0.2351207081574495,0.0,0.0008724994277507062,1146.1325568751247
2.0,1.445,Au,-0.0834738819141395,-8.34738819141395,-0.18063637974402572,0.0,0.058620588663746184,0.0,0.2351207081574495,0.0,0.0008808800036746151,1135.2284032200444
2.0,1.45,Au,-0.08359847740264877,-8.359847740264877,-0.18038718876700718,0.0,0.05890571679674074,0.0,0.2351207081574495,0.0,0.0008894699718568931,1124.2650473206645
2.0,1.455,Au,-0.08372320005511806,-8.372320005511806,-0.1801377434620686,0.0,0.05919252491333169,0.0,0.2351207081574495,0.0,0.0008981526013715388,1113.3965413816466
2.0,1.46,Au,-0.0838498252842976,-8.38498252842976,-0.1798844930037095,0.0,0.059485136733926226,0.0,0.2351207081574495,0.0,0.0009070543893849361,1102.4697214442558
2.0,1.465,Au,-0.08397726851950454,-8.397726851950454,-0.17962960653329563,0.0,0.0597810994002995,0.0,0.2351207081574495,0.0,0.0009161027696937566,1091.580587988277
2.0,1.47,Au,-0.08410554478690443,-8.410554478690443,-0.17937305399849585,0.0,0.06008048364505445,0.0,0.2351207081574495,0.0,0.0009253014463200476,1080.7288845997496
2.0,1.475,Au,-0.08423578441541084,-8.423578441541084,-0.17911257474148304,0.0,0.06038598413813917,0.0,0.2351207081574495,0.0,0.0009347354163651841,1069.8214516024266
2.0,1.48,Au,-0.08436618016193802,-8.436618016193801,-0.17885178324842868,0.0,0.06069340705698313,0.0,0.2351207081574495,0.0,0.0009442770529439975,1059.0112265063242
2.0,1.485,Au,-0.08449858566188063,-8.449858566188064,-0.17858697224854345,0.0,0.06100716969004849,0.0,0.2351207081574495,0.0,0.0009540654202587779,1048.146153047621
2.0,1.49,Au,-0.08463186929571585,-8.463186929571584,-0.178320404980873,0.0,0.061324651474159476,0.0,0.2351207081574495,0.0,0.0009640211856586479,1037.3216013056501
2.0,1.495,Au,-0.08476604791930806,-8.476604791930805,-0.1780520477336886,0.0,0.06164593400070716,0.0,0.2351207081574495,0.0,0.0009741487438687239,1026.5372781045846
2.0,1.5,Au,-0.08490230347047113,-8.490230347047113,-0.17777953663136245,0.0,0.06197391214616376,0.0,0.2351207081574495,0.0,0.0009845419491531801,1015.7007538989228
2.0,1.505,Au,-0.08503874747154529,-8.503874747154528,-0.17750664862921414,0.0,0.062304092491443495,0.0,0.2351207081574495,0.0,0.0009950606448193874,1004.9638735149747
2.0,1.51,Au,-0.08517731999341703,-8.517731999341702,-0.17722950358547065,0.0,0.06264122417561714,0.0,0.2351207081574495,0.0,0.0010058584615772667,994.1756600942838
2.0,1.515,Au,-0.08531683749036367,-8.531683749036368,-0.17695046859157737,0.0,0.06298249784784606,0.0,0.2351207081574495,0.0,0.0010168482882568011,983.4308731682243
2.0,1.52,Au,-0.0854573189536202,-8.545731895362021,-0.1766695056650643,0.0,0.06332800809722254,0.0,0.2351207081574495,0.0,0.0010280353699790184,972.729177616145
2.0,1.525,Au,-0.08560000351030864,-8.560000351030864,-0.17638413655168744,0.0,0.06368087707397084,0.0,0.2351207081574495,0.0,0.001039523887289596,961.9788561159006
2.0,1.53,Au,-0.08574291277744367,-8.574291277744367,-0.17609831801741738,0.0,0.06403627264408021,0.0,0.2351207081574495,0.0,0.0010511591884514136,951.3306937584
2.0,1.535,Au,-0.08588808279022016,-8.588808279022016,-0.1758079779918644,0.0,0.0643993211698913,0.0,0.2351207081574495,0.0,0.0010631119010337034,940.6347525859344
2.0,1.54,Au,-0.08603427242875275,-8.603427242875275,-0.17551559871479921,0.0,0.06476699966534169,0.0,0.2351207081574495,0.0,0.0010752859184883213,929.9852093346844
2.0,1.545,Au,-0.08618150319458942,-8.618150319458943,-0.17522113718312587,0.0,0.0651394183918021,0.0,0.2351207081574495,0.0,0.001087687541333009,919.381680858876
2.0,1.55,Au,-0.08633107790939387,-8.633107790939388,-0.17492198775351697,0.0,0.06551995904674031,0.0,0.2351207081574495,0.0,0.0011004330756526866,908.7331361853896
2.0,1.555,Au,-0.0864809181973889,-8.648091819738891,-0.17462230717752691,0.0,0.06590340438804848,0.0,0.2351207081574495,0.0,0.0011133509912951945,898.1893471318241
2.0,1.56,Au,-0.08663316720066039,-8.663316720066039,-0.17431780917098394,0.0,0.06629531222322445,0.0,0.2351207081574495,0.0,0.0011266318937239116,887.6013590336512
2.0,1.565,Au,-0.08678651963470287,-8.678651963470287,-0.17401110430289898,0.0,0.06669241641610256,0.0,0.2351207081574495,0.0,0.0011401692058391692,877.0628033792544
2.0,1.57,Au,-0.08694099997612838,-8.694099997612838,-0.17370214362004796,0.0,0.06709484627851188,0.0,0.2351207081574495,0.0,0.0011539705494678816,866.5732418051047
2.0,1.575,Au,-0.08709798238799155,-8.709798238799154,-0.17338817879632162,0.0,0.0675062818775434,0.0,0.2351207081574495,0.0,0.00116816658137083,856.0422939222517
2.0,1.58,Au,-0.08725527667024409,-8.725527667024409,-0.17307359023181654,0.0,0.06792106537659011,0.0,0.2351207081574495,0.0,0.0011825659763077187,845.6187815603002
2.0,1.585,Au,-0.08741514621522871,-8.741514621522871,-0.1727538511418473,0.0,0.0683452514194554,0.0,0.2351207081574495,0.0,0.0011973830108351969,835.1546589110876
2.0,1.59,Au,-0.08757621381824716,-8.757621381824716,-0.1724317159358104,0.0,0.06877529535667568,0.0,0.2351207081574495,0.0,0.001212498832746331,824.7430620077238
2.0,1.595,Au,-0.08773850751381564,-8.773850751381564,-0.17210712854467344,0.0,0.06921134986530478,0.0,0.2351207081574495,0.0,0.0012279227340739275,814.3834886762464
2.0,1.6,Au,-0.08790348187903393,-8.790348187903394,-0.17177717981423685,0.0,0.06965744054150012,0.0,0.2351207081574495,0.0,0.0012438025037724216,803.9861609596582
2.0,1.605,Au,-0.08806882088657429,-8.80688208865743,-0.17144650179915613,0.0,0.0701074019698497,0.0,0.2351207081574495,0.0,0.001259923416507752,793.6990351142088
2.0,1.61,Au,-0.08823692383350504,-8.823692383350505,-0.17111029590529464,0.0,0.07056786529578275,0.0,0.2351207081574495,0.0,0.0012765280462485606,783.3748760466199
2.0,1.615,Au,-0.08840633238183887,-8.840633238183887,-0.17077147880862698,0.0,0.07103496457775071,0.0,0.2351207081574495,0.0,0.0012934830360625245,773.1063895851989
2.0,1.62,Au,-0.08857707886453517,-8.857707886453516,-0.17042998584323438,0.0,0.07150888143809206,0.0,0.2351207081574495,0.0,0.001310799811815918,762.8929993624648
2.0,1.625,Au,-0.08875070914962559,-8.875070914962558,-0.17008272527305354,0.0,0.07199404491788164,0.0,0.2351207081574495,0.0,0.0013286468133362488,752.6454660204148
2.0,1.63,Au,-0.08892476464098299,-8.8924764640983,-0.16973461429033873,0.0,0.072483700312224,0.0,0.2351207081574495,0.0,0.0013467814099461064,742.5109914756075
2.0,1.635,Au,-0.08910179938996222,-8.910179938996222,-0.16938054479238027,0.0,0.0729851534316288,0.0,0.2351207081574495,0.0,0.001365480339906175,732.3430230190735
2.0,1.64,Au,-0.08928026286443265,-8.928026286443265,-0.16902361784343942,0.0,0.07349416473525762,0.0,0.2351207081574495,0.0,0.0013845929560457723,722.2339212643963
2.0,1.645,Au,-0.08946019265067355,-8.946019265067354,-0.16866375827095761,0.0,0.07401095210890565,0.0,0.2351207081574495,0.0,0.0014041334429471873,712.1830229333924
2.0,1.65,Au,-0.08964323910156194,-8.964323910156194,-0.16829766536918084,0.0,0.07454042004220039,0.0,0.2351207081574495,0.0,0.0014242954021298343,702.1015433347886
2.0,1.655,Au,-0.08982678080730185,-8.982678080730185,-0.16793058195770103,0.0,0.07507512369503788,0.0,0.2351207081574495,0.0,0.0014448025974153121,692.1360757441576
2.0,1.66,Au,-0.09001354955192083,-9.001354955192083,-0.16755704446846306,0.0,0.07562316605769587,0.0,0.2351207081574495,0.0,0.001465973474682,682.1405825347015
2.0,1.665,Au,-0.09020188917041655,-9.020188917041654,-0.16718036523147162,0.0,0.07617986925565498,0.0,0.2351207081574495,0.0,0.0014876365730807392,672.2071896424978
2.0,1.67,Au,-0.09039184375441518,-9.039184375441518,-0.16680045606347435,0.0,0.07674549718937011,0.0,0.2351207081574495,0.0,0.0015098096916730443,662.335131053427
2.0,1.675,Au,-0.09058518436136652,-9.058518436136652,-0.16641377484957168,0.0,0.07732552056784144,0.0,0.2351207081574495,0.0,0.0015327174636195376,652.4359666643868
2.0,1.68,Au,-0.09077910196783766,-9.077910196783765,-0.1660259396366294,0.0,0.07791167829824565,0.0,0.2351207081574495,0.0,0.0015560427344722856,642.6558717483673
2.0,1.685,Au,-0.09097653449924802,-9.0976534499248,-0.16563107457380868,0.0,0.07851302569821318,0.0,0.2351207081574495,0.0,0.001580155508727188,632.8491053424849
2.0,1.69,Au,-0.09117570360629718,-9.117570360629717,-0.16523273635971036,0.0,0.07912436534087584,0.0,0.2351207081574495,0.0,0.0016048589922064982,623.1077028300872
2.0,1.695,Au,-0.0913766615593967,-9.13766615593967,-0.16483082045351133,0.0,0.07974602037249573,0.0,0.2351207081574495,0.0,0.0016301757918119428,613.4307753941669
2.0,1.7,Au,-0.0915813203681946,-9.15813203681946,-0.16442150283591553,0.0,0.08038414398296435,0.0,0.2351207081574495,0.0,0.0016563693419254881,603.7300828313599
2.0,1.705,Au,-0.09178665256228143,-9.178665256228143,-0.16401083844774186,0.0,0.08102949870713011,0.0,0.2351207081574495,0.0,0.0016830720392449815,594.1516326589298
2.0,1.71,Au,-0.09199583790545617,-9.199583790545617,-0.16359246776139238,0.0,0.08169229197143166,0.0,0.2351207081574495,0.0,0.0017107185420291587,584.5496938461051
2.0,1.715,Au,-0.09220695515771159,-9.220695515771158,-0.16317023325688154,0.0,0.08236670328506497,0.0,0.2351207081574495,0.0,0.0017390808321779132,575.0164003289394
2.0,1.72,Au,-0.09242006705511988,-9.242006705511988,-0.16274400946206496,0.0,0.08305313337371496,0.0,0.2351207081574495,0.0,0.0017681880234954321,565.5507144670937
2.0,1.725,Au,-0.09263725228916742,-9.26372522891674,-0.16230963899396988,0.0,0.08375856957603739,0.0,0.2351207081574495,0.0,0.0017983528380955808,556.064404501944
2.0,1.73,Au,-0.09285522594514424,-9.285522594514424,-0.16187369168201624,0.0,0.08447259119834093,0.0,0.2351207081574495,0.0,0.001829144576313641,546.7036411169564
2.0,1.735,Au,-0.09307745533691869,-9.307745533691868,-0.16142923289846733,0.0,0.08520682006814533,0.0,0.2351207081574495,0.0,0.001861080317973451,537.3223231380524
2.0,1.74,Au,-0.09330184995420328,-9.330184995420328,-0.16098044366389816,0.0,0.08595467828932103,0.0,0.2351207081574495,0.0,0.001893893001720346,528.0129337252079
2.0,1.745,Au,-0.09352848620618007,-9.352848620618007,-0.16052717115994458,0.0,0.08671667020217096,0.0,0.2351207081574495,0.0,0.0019276207263716368,518.7742517597336
2.0,1.75,Au,-0.09375964285282529,-9.375964285282528,-0.16006485786665414,0.0,0.08750081944174366,0.0,0.2351207081574495,0.0,0.00196263997938964,509.51779771193145
2.0,1.755,Au,-0.09399172721209959,-9.399172721209958,-0.15960068914810555,0.0,0.08829524937080739,0.0,0.2351207081574495,0.0,0.0019984398252866965,500.39034818400893
2.0,1.76,Au,-0.09422855400654286,-9.422855400654285,-0.159127035559219,0.0,0.08911334852386808,0.0,0.2351207081574495,0.0,0.0020356444568005033,491.2449208206705
2.0,1.765,Au,-0.0944678291219408,-9.44678291219408,-0.15864848532842313,0.0,0.08994760349347553,0.0,0.2351207081574495,0.0,0.0020739371658952655,482.17468515654167
2.0,1.77,Au,-0.094709647280063,-9.4709647280063,-0.15816484901217873,0.0,0.09079866029989954,0.0,0.2351207081574495,0.0,0.002113368754945705,473.1781889269444
2.0,1.775,Au,-0.09495653172479152,-9.495653172479152,-0.15767108012272169,0.0,0.0916758552496217,0.0,0.2351207081574495,0.0,0.0021544000044809272,464.16635625701093
2.0,1.78,Au,-0.09520451550249773,-9.520451550249772,-0.15717511256730926,0.0,0.09256548747816346,0.0,0.2351207081574495,0.0,0.0021964159361937243,455.2871719429192
2.0,1.785,Au,-0.09545784125736692,-9.545784125736692,-0.15666846105757087,0.0,0.09348319850805069,0.0,0.2351207081574495,0.0,0.002240183155930799,446.39207171634087
2.0,1.79,Au,-0.09571396542899667,-9.571396542899667,-0.15615621271431138,0.0,0.09442029723366807,0.0,0.2351207081574495,0.0,0.0022853205630644856,437.5753739593786
2.0,1.795,Au,-0.09597300801692815,-9.597300801692816,-0.1556381275384484,0.0,0.09537762900300122,0.0,0.2351207081574495,0.0,0.0023318974368073983,428.83532706700015
2.0,1.8,Au,-0.09623779764911806,-9.623779764911806,-0.1551085482740686,0.0,0.09636623244570504,0.0,0.2351207081574495,0.0,0.0023804889013201,420.0817737253259
2.0,1.805,Au,-0.0965039026466369,-9.65039026466369,-0.15457633827903092,0.0,0.09737007054196234,0.0,0.2351207081574495,0.0,0.0024303418765606486,411.46474479350695
2.0,1.81,Au,-0.0967761054758372,-9.67761054758372,-0.1540319326206303,0.0,0.09840773164661674,0.0,0.2351207081574495,0.0,0.002482417609095219,402.83310766735815
2.0,1.815,Au,-0.09705154999105299,-9.705154999105298,-0.15348104359019873,0.0,0.09946900737171614,0.0,0.2351207081574495,0.0,0.002536249467890066,394.28298070059765
2.0,1.82,Au,-0.09733039241608342,-9.733039241608342,-0.15292335874013788,0.0,0.10055503356893887,0.0,0.2351207081574495,0.0,0.002591934554454131,385.8122105288275
2.0,1.825,Au,-0.09761585345118023,-9.761585345118023,-0.15235243666994425,0.0,0.1016791217728251,0.0,0.2351207081574495,0.0,0.002650208080410065,377.3288623606002
2.0,1.83,Au,-0.09790290922730441,-9.79029092273044,-0.1517783251176959,0.0,0.10282216150378726,0.0,0.2351207081574495,0.0,0.002710128350850899,368.98621413485085
2.0,1.835,Au,-0.09819704406238396,-9.819704406238396,-0.1511900554475368,0.0,0.10400671974248375,0.0,0.2351207081574495,0.0,0.0027729318731165536,360.629126771903
2.0,1.84,Au,-0.09849499884322817,-9.849499884322817,-0.15059414588584838,0.0,0.10522057624533114,0.0,0.2351207081574495,0.0,0.0028380350366357986,352.3564674470679
2.0,1.845,Au,-0.09879698424392447,-9.879698424392448,-0.14999017508445578,0.0,0.10646530971157453,0.0,0.2351207081574495,0.0,0.002905578709024191,344.16551749026263
2.0,1.85,Au,-0.09910674245114419,-9.91067424511442,-0.14937065867001634,0.0,0.10775738121219759,0.0,0.2351207081574495,0.0,0.002976531326025649,335.9615238235134
2.0,1.855,Au,-0.09941846956876509,-9.941846956876509,-0.14874720443477454,0.0,0.1090734963949307,0.0,0.2351207081574495,0.0,0.0030496842058329045,327.90280321069775
2.0,1.86,Au,-0.09973859909627902,-9.973859909627903,-0.14810694537974667,0.0,0.11044181885504449,0.0,0.2351207081574495,0.0,0.003126680475035432,319.8280118433489
2.0,1.865,Au,-0.1000633330431217,-10.00633330431217,-0.1474574774860613,0.0,0.11184736059448804,0.0,0.2351207081574495,0.0,0.003206770507680705,311.8402135746376
2.0,1.87,Au,-0.10039296925009882,-10.039296925009882,-0.14679820507210709,0.0,0.11329241666111717,0.0,0.2351207081574495,0.0,0.0032901680650057907,303.9358416477245
2.0,1.875,Au,-0.10073197708816183,-10.073197708816183,-0.14612018939598106,0.0,0.11479803207575448,0.0,0.2351207081574495,0.0,0.003378199453712364,296.0156774938443
2.0,1.88,Au,-0.10107347921338916,-10.107347921338917,-0.1454371851455264,0.0,0.11633495633408056,0.0,0.2351207081574495,0.0,0.0034692601151977646,288.24589877804397
2.0,1.885,Au,-0.10142526348183634,-10.142526348183633,-0.14473361660863204,0.0,0.11793967314707467,0.0,0.2351207081574495,0.0,0.0035656297167622818,280.455369580001
2.0,1.89,Au,-0.10178277491174924,-10.178277491174924,-0.14401859374880624,0.0,0.11959319580871118,0.0,0.2351207081574495,0.0,0.003666311353358011,272.7537035511428
2.0,1.895,Au,-0.10214646355812831,-10.214646355812832,-0.1432912164560481,0.0,0.12129907736934767,0.0,0.2351207081574495,0.0,0.0037716500997320352,265.13594144670185
2.0,1.9,Au,-0.10252188244911467,-10.252188244911467,-0.14254037867407537,0.0,0.12308550617910184,0.0,0.2351207081574495,0.0,0.0038835619099854366,257.4955731821332
2.0,1.905,Au,-0.10290058464178051,-10.29005846417805,-0.1417829742887437,0.0,0.12491421543356583,0.0,0.2351207081574495,0.0,0.003999817074993061,250.0114333357944
2.0,1.91,Au,-0.10329244572474192,-10.329244572474192,-0.14099925212282088,0.0,0.12683507441106792,0.0,0.2351207081574495,0.0,0.004123776666590499,242.49615846116876
2.0,1.915,Au,-0.1036917706601651,-10.36917706601651,-0.1402006022519745,0.0,0.1288229104528487,0.0,0.2351207081574495,0.0,0.004254050239064893,235.07009644996944
2.0,1.92,Au,-0.10409931162554815,-10.409931162554816,-0.1393855203212084,0.0,0.13088377192171408,0.0,0.2351207081574495,0.0,0.004391248410994746,227.72567306741607
2.0,1.925,Au,-0.10452240705332294,-10.452240705332294,-0.13853932946565883,0.0,0.13305817696818267,0.0,0.2351207081574495,0.0,0.004538366226400186,220.3436104787859
2.0,1.93,Au,-0.10495009999913306,-10.495009999913306,-0.1376839435740386,0.0,0.1352929270145285,0.0,0.2351207081574495,0.0,0.004692092727365979,213.12451780154277
2.0,1.935,Au,-0.10539589977984204,-10.539589977984203,-0.13679234401262064,0.0,0.1376622474243093,0.0,0.2351207081574495,0.0,0.004857872495588878,205.85143000522055
2.0,1.94,Au,-0.10585220250452862,-10.585220250452862,-0.13587973856324748,0.0,0.14013036501536633,0.0,0.2351207081574495,0.0,0.005033625573849606,198.663962054536
2.0,1.945,Au,-0.10632049929681645,-10.632049929681644,-0.13494314497867183,0.0,0.14270937544056406,0.0,0.2351207081574495,0.0,0.005220611934367246,191.54842623275792
2.0,1.95,Au,-0.10681161640213542,-10.681161640213542,-0.13396091076803388,0.0,0.14546506827606087,0.0,0.2351207081574495,0.0,0.005424176729031035,184.35977475583434
2.0,1.955,Au,-0.10730995505427368,-10.730995505427368,-0.13296423346375735,0.0,0.1483156782088475,0.0,0.2351207081574495,0.0,0.005638849778212748,177.34113149525209
2.0,1.96,Au,-0.10783691162022858,-10.783691162022858,-0.13191032033184755,0.0,0.15139077789566027,0.0,0.2351207081574495,0.0,0.005875099713543975,170.20987706722352
2.0,1.965,Au,-0.10838105575837426,-10.838105575837426,-0.1308220320555562,0.0,0.15463310288367207,0.0,0.2351207081574495,0.0,0.006129447675752843,163.1468368603336
2.0,1.97,Au,-0.10894660246199188,-10.894660246199187,-0.12969093864832096,0.0,0.15807656853392635,0.0,0.2351207081574495,0.0,0.0064054758858227735,156.1164256684344
2.0,1.975,Au,-0.10955414853235024,-10.955414853235023,-0.12847584650760424,0.0,0.1618612387513792,0.0,0.2351207081574495,0.0,0.006715867520065621,148.90109088843803
2.0,1.98,Au,-0.11017684280839997,-11.017684280839998,-0.12723045795550478,0.0,0.1658343220587651,0.0,0.2351207081574495,0.0,0.007049612414344688,141.8517701718155
2.0,1.985,Au,-0.11086587689635442,-11.086587689635442,-0.12585238977959587,0.0,0.17034444575001964,0.0,0.2351207081574495,0.0,0.007438277146962355,134.43973385804537
2.0,1.99,Au,-0.11159913836799468,-11.159913836799468,-0.12438586683631535,0.0,0.1752788633544895,0.0,0.2351207081574495,0.0,0.00787545215460333,126.97683642398661
2.0,1.995,Au,-0.11242105845246224,-11.242105845246224,-0.12274202666738024,0.0,0.18098000353522878,0.0,0.2351207081574495,0.0,0.008396099673093299,119.10292146776993
2.0,2.0,Au,0.0393758507937915,3.9375850793791503,-0.12057789743102626,0.0,0.18876932913391542,0.0,0.2351207081574495,0.0,0.009134384015097126,109.4764571258686
2.0,2.01,support,0.038610923304613985,3.8610923304613984,-0.11675325998513866,0.0,0.0,0.0,0.0,0.0,0.010601441926282816,94.32679129438293
2.0,2.02,support,0.03803494043008673,3.803494043008673,-0.11387334561250238,0.0,0.0,0.0,0.0,0.0,0.01185967025459619,84.31937638506028
2.0,2.03,support,0.03753333538664852,3.753333538664852,-0.11136532039531136,0.0,0.0,0.0,0.0,0.0,0.013076471424894551,76.47322947505803
2.0,2.04,support,0.03707806708128809,3.7078067081288086,-0.10908897886850918,0.0,0.0,0.0,0.0,0.0,0.014288613314709825,69.9857976400356
2.0,2.05,support,0.036655040046424996,3.6655040046424996,-0.10697384369419374,0.0,0.0,0.0,0.0,0.0,0.015515405560001276,64.4520696628131
2.0,2.06,support,0.036257110917176254,3.6257110917176254,-0.10498419804795,0.0,0.0,0.0,0.0,0.0,0.016765395014679742,59.64667096268249
2.0,2.07,support,0.03588103580354387,3.588103580354387,-0.10310382247978808,0.0,0.0,0.0,0.0,0.0,0.018039162711066356,55.43494540278952
2.0,2.08,support,0.03552454882439753,3.5524548824397533,-0.1013213875840564,0.0,0.0,0.0,0.0,0.0,0.01933581585759353,51.717497072009074
2.0,2.09,support,0.035184807070089634,3.518480707008963,-0.09962267881251693,0.0,0.0,0.0,0.0,0.0,0.020658204692174206,48.40691700469124
2.0,2.1,support,0.034858870995503055,3.4858870995503057,-0.09799299843958402,0.0,0.0,0.0,0.0,0.0,0.022011780908179675,45.430217762543485
2.0,2.11,support,0.03454489550231754,3.454489550231754,-0.09642312097365648,0.0,0.0,0.0,0.0,0.0,0.02339948755828896,42.73597861957294
2.0,2.12,support,0.03424229116686715,3.4242291166867154,-0.09491009929640451,0.0,0.0,0.0,0.0,0.0,0.024819665037311867,40.290632387531474
2.0,2.13,support,0.033950697948126475,3.3950697948126476,-0.09345213320270114,0.0,0.0,0.0,0.0,0.0,0.026269653015607082,38.06673804963808
2.0,2.14,support,0.0336691085293567,3.36691085293567,-0.09204418610885226,0.0,0.0,0.0,0.0,0.0,0.027750243032348257,36.03572043799066
2.0,2.15,support,0.03339612989509323,3.339612989509323,-0.09067929293753492,0.0,0.0,0.0,0.0,0.0,0.029265171885788876,34.17031015237599
2.0,2.16,support,0.03313085336460947,3.313085336460947,-0.08935291028511609,0.0,0.0,0.0,0.0,0.0,0.030816551897062498,32.45009381128465
2.0,2.17,support,0.032873129428399615,3.2873129428399617,-0.08806429060406683,0.0,0.0,0.0,0.0,0.0,0.03240248561294979,30.86182992086094
2.0,2.18,support,0.03262294898184025,3.2622948981840247,-0.08681338837126998,0.0,0.0,0.0,0.0,0.0,0.034020030490736146,29.394447493875873
2.0,2.19,support,0.0323798035511435,3.23798035511435,-0.08559766121778624,0.0,0.0,0.0,0.0,0.0,0.035669429095262155,28.035211814837442
2.0,2.2,support,0.03214283060228695,3.2142830602286945,-0.08441279647350346,0.0,0.0,0.0,0.0,0.0,0.0373538736625374,26.770985227240587
2.0,2.21,support,0.031911462582425776,3.1911462582425774,-0.08325595637419762,0.0,0.0,0.0,0.0,0.0,0.039075195101297325,25.591682841445344
2.0,2.22,support,0.03168568116824359,3.168568116824359,-0.08212704930328671,0.0,0.0,0.0,0.0,0.0,0.040831396749011914,24.490957440102733
2.0,2.23,support,0.03146557701140564,3.1465577011405643,-0.08102652851909699,0.0,0.0,0.0,0.0,0.0,0.0426193894167072,23.463498977486307
2.0,2.24,support,0.03125084540699866,3.1250845406998664,-0.07995287049706207,0.0,0.0,0.0,0.0,0.0,0.0444391643511823,22.502673364815312
2.0,2.25,support,0.031040877119714184,3.1040877119714185,-0.07890302906063966,0.0,0.0,0.0,0.0,0.0,0.04629368333814587,21.601219170564523
2.0,2.26,support,0.030835271242522035,3.0835271242522033,-0.07787499967467894,0.0,0.0,0.0,0.0,0.0,0.048184647333490385,20.753498372187057
2.0,2.27,support,0.03063405892628103,3.063405892628103,-0.0768689380934739,0.0,0.0,0.0,0.0,0.0,0.050109964343559195,19.95611078754506
2.0,2.28,support,0.030437362741310144,3.0437362741310143,-0.07588545716861947,0.0,0.0,0.0,0.0,0.0,0.0520664057604965,19.206242209227234
2.0,2.29,support,0.030244980574886306,3.0244980574886307,-0.07492354633650027,0.0,0.0,0.0,0.0,0.0,0.05405380751757034,18.50008437749639
2.0,2.3,support,0.030056447401018038,3.005644740101804,-0.07398088046715895,0.0,0.0,0.0,0.0,0.0,0.05607502748313681,17.833250287763576
2.0,2.31,support,0.02987145808426324,2.987145808426324,-0.07305593388338495,0.0,0.0,0.0,0.0,0.0,0.05813169885619929,17.202318522871757
2.0,2.32,support,0.029690064412596695,2.9690064412596695,-0.07214896552505222,0.0,0.0,0.0,0.0,0.0,0.060221625153478675,16.60533068397666
2.0,2.33,support,0.029512397693985518,2.9512397693985517,-0.07126063193199633,0.0,0.0,0.0,0.0,0.0,0.06234142996986166,16.040697181367833
2.0,2.34,support,0.029338314567687453,2.933831456768745,-0.07039021630050603,0.0,0.0,0.0,0.0,0.0,0.06449083555050322,15.506079142313066
2.0,2.35,support,0.029167441597624657,2.9167441597624655,-0.06953585145019203,0.0,0.0,0.0,0.0,0.0,0.06667266005279587,14.998651609342318
2.0,2.36,support,0.028999534686056518,2.8999534686056516,-0.06869631689235134,0.0,0.0,0.0,0.0,0.0,0.06888850158233216,14.516210645180736
2.0,2.37,support,0.028834654293779585,2.8834654293779587,-0.06787191493096668,0.0,0.0,0.0,0.0,0.0,0.07113605195018279,14.057569580897026
2.0,2.38,support,0.02867293157102141,2.867293157102141,-0.0670633013171758,0.0,0.0,0.0,0.0,0.0,0.07341177948661684,13.62179212918143
2.0,2.39,support,0.028514259889628135,2.8514259889628137,-0.06626994291020942,0.0,0.0,0.0,0.0,0.0,0.07571531526260977,13.207367578562096
2.0,2.4,support,0.028358328474782857,2.8358328474782857,-0.06549028583598306,0.0,0.0,0.0,0.0,0.0,0.07804947559824689,12.812385891577488
2.0,2.41,support,0.028204935012224142,2.820493501222414,-0.06472331852318948,0.0,0.0,0.0,0.0,0.0,0.08041584380544614,12.435360405088174
2.0,2.42,support,0.028054143164648927,2.805414316464893,-0.06396935928531337,0.0,0.0,0.0,0.0,0.0,0.0828119961263781,12.075545171908615
2.0,2.43,support,0.02790608039807025,2.790608039807025,-0.06322904545242,0.0,0.0,0.0,0.0,0.0,0.08523424129530702,11.732374041265265
2.0,2.44,support,0.027760664565616613,2.7760664565616615,-0.06250196629015183,0.0,0.0,0.0,0.0,0.0,0.08768213371543068,11.404831949521956
2.0,2.45,support,0.027617630124700837,2.761763012470084,-0.06178679408557295,0.0,0.0,0.0,0.0,0.0,0.09015851267093776,11.091576051723688
2.0,2.46,support,0.0274768048964615,2.7476804896461497,-0.06108266794437625,0.0,0.0,0.0,0.0,0.0,0.09266496087294002,10.791565555951362
2.0,2.47,support,0.027338253102599692,2.733825310259969,-0.06038990897506722,0.0,0.0,0.0,0.0,0.0,0.09519893787916403,10.50431887453723
2.0,2.48,support,0.02720209722889121,2.720209722889121,-0.059709129606524816,0.0,0.0,0.0,0.0,0.0,0.09775659132138673,10.229489249603414
2.0,2.49,support,0.027068272260376086,2.7068272260376087,-0.059040004763949196,0.0,0.0,0.0,0.0,0.0,0.10033740959758841,9.966372502644665
2.0,2.5,support,0.026936546649692812,2.6936546649692814,-0.05838137671053281,0.0,0.0,0.0,0.0,0.0,0.10294427244891259,9.713993563811554
2.0,2.51,support,0.026806770831040962,2.6806770831040962,-0.05773249761727357,0.0,0.0,0.0,0.0,0.0,0.10557877274884626,9.471600909577042
2.0,2.52,support,0.026679008284776852,2.667900828477685,-0.057093684885953025,0.0,0.0,0.0,0.0,0.0,0.10823825424631683,9.238877760577225
2.0,2.53,support,0.02655337620308761,2.655337620308761,-0.05646552447750681,0.0,0.0,0.0,0.0,0.0,0.11091870411370838,9.015612001514635
2.0,2.54,support,0.026429822032306,2.6429822032306,-0.05584775362359875,0.0,0.0,0.0,0.0,0.0,0.1136195533203703,8.801301983473955
2.0,2.55,support,0.026308140586900366,2.6308140586900364,-0.055239346396570584,0.0,0.0,0.0,0.0,0.0,0.11634373507234907,8.595220012303574
2.0,2.56,support,0.026188199803408498,2.6188199803408496,-0.054639642479111225,0.0,0.0,0.0,0.0,0.0,0.11909286102691309,8.396808938648437
2.0,2.57,support,0.026070061798199373,2.6070061798199373,-0.054048952453065624,0.0,0.0,0.0,0.0,0.0,0.12186416137625568,8.20585797092961
2.0,2.58,support,0.025953838599393476,2.5953838599393477,-0.053467836459036126,0.0,0.0,0.0,0.0,0.0,0.12465346501129566,8.022239894489763
2.0,2.59,support,0.025839487008090106,2.5839487008090107,-0.05289607850251928,0.0,0.0,0.0,0.0,0.0,0.12746015276827433,7.8455892157765135
2.0,2.6,support,0.02572682279509725,2.572682279509725,-0.052332757437555,0.0,0.0,0.0,0.0,0.0,0.13028722135910484,7.675349812271648
2.0,2.61,support,0.025615727783266262,2.561572778326626,-0.05177728237840006,0.0,0.0,0.0,0.0,0.0,0.1331363083837078,7.511099054346112
2.0,2.62,support,0.0255062624596349,2.5506262459634903,-0.05122995576024325,0.0,0.0,0.0,0.0,0.0,0.13600453364137172,7.352696069947821
2.0,2.63,support,0.025398534013337616,2.5398534013337617,-0.05069131352875682,0.0,0.0,0.0,0.0,0.0,0.13888757095952795,7.200068322106385
2.0,2.64,support,0.02529250645682817,2.5292506456828168,-0.05016117574620961,0.0,0.0,0.0,0.0,0.0,0.14178475744401964,7.052944322275449
2.0,2.65,support,0.025188012557371044,2.5188012557371042,-0.049638706248923976,0.0,0.0,0.0,0.0,0.0,0.1446991612681906,6.910890092490337
2.0,2.66,support,0.02508494537921582,2.5084945379215817,-0.04912337035814786,0.0,0.0,0.0,0.0,0.0,0.14763245205860837,6.773578478551665
2.0,2.67,support,0.02498336370874103,2.498336370874103,-0.04861546200577389,0.0,0.0,0.0,0.0,0.0,0.15058164294682758,6.640915721401138
2.0,2.68,support,0.024883370299467786,2.4883370299467784,-0.048115494959407666,0.0,0.0,0.0,0.0,0.0,0.15354225656364015,6.512865072980873
2.0,2.69,support,0.02478493485141219,2.478493485141219,-0.04762331771912969,0.0,0.0,0.0,0.0,0.0,0.15651359198613302,6.389221455530834
2.0,2.7,support,0.024687904144188116,2.4687904144188115,-0.04713816418300933,0.0,0.0,0.0,0.0,0.0,0.1594987952680501,6.269639832196992
2.0,2.71,support,0.024592180494370633,2.4592180494370632,-0.0466595459339219,0.0,0.0,0.0,0.0,0.0,0.16249957331013584,6.153862312557995
2.0,2.72,support,0.024497821023629393,2.4497821023629394,-0.046187748580215716,0.0,0.0,0.0,0.0,0.0,0.16551283659272192,6.041827453303238
2.0,2.73,support,0.024404924475401768,2.440492447540177,-0.045723265839077584,0.0,0.0,0.0,0.0,0.0,0.16853396075116633,5.933522214412679
2.0,2.74,support,0.024313465127153086,2.4313465127153084,-0.045265969097834174,0.0,0.0,0.0,0.0,0.0,0.17156221192751364,5.828789386455962
2.0,2.75,support,0.024223301467322697,2.4223301467322695,-0.04481515079868223,0.0,0.0,0.0,0.0,0.0,0.17460081930350121,5.727349986037249
2.0,2.76,support,0.024134343533224495,2.4134343533224496,-0.04437036112819123,0.0,0.0,0.0,0.0,0.0,0.17765153162342726,5.628997345881188
2.0,2.77,support,0.024046646877638522,2.4046646877638524,-0.043931877850261376,0.0,0.0,0.0,0.0,0.0,0.18071116080911356,5.53369252636425
2.0,2.78,support,0.023960306655436078,2.396030665543608,-0.043500176739249136,0.0,0.0,0.0,0.0,0.0,0.18377493977456902,5.441438322475681
2.0,2.79,support,0.023875300896634335,2.3875300896634335,-0.04307514794524042,0.0,0.0,0.0,0.0,0.0,0.18684210625314995,5.352112647697906
2.0,2.8,support,0.02379149798291426,2.379149798291426,-0.04265613337664005,0.0,0.0,0.0,0.0,0.0,0.18991597689066161,5.265486434433686
2.0,2.81,support,0.02370881446872169,2.3708814468721693,-0.042242715805677206,0.0,0.0,0.0,0.0,0.0,0.19299834628018114,5.181391546994251
2.0,2.82,support,0.023627304467349508,2.362730446734951,-0.041835165798816305,0.0,0.0,0.0,0.0,0.0,0.19608593177501513,5.09980492199399
2.0,2.83,support,0.023547059951604277,2.354705995160428,-0.04143394322009015,0.0,0.0,0.0,0.0,0.0,0.19917382768737668,5.020739981809259
2.0,2.84,support,0.023468062081559344,2.346806208155934,-0.041038953869865474,0.0,0.0,0.0,0.0,0.0,0.20226124731110554,4.944100826501197
2.0,2.85,support,0.02339018767462578,2.3390187674625778,-0.040649581835197644,0.0,0.0,0.0,0.0,0.0,0.20535159837859218,4.869696695305828
2.0,2.86,support,0.023313358839487548,2.331335883948755,-0.040265437659506485,0.0,0.0,0.0,0.0,0.0,0.20844672486183158,4.797388880361865
2.0,2.87,support,0.02323762839845003,2.3237628398450028,-0.03988678545431889,0.0,0.0,0.0,0.0,0.0,0.21154325327612997,4.727165648221774
2.0,2.88,support,0.02316308553060893,2.3163085530608933,-0.0395140711151134,0.0,0.0,0.0,0.0,0.0,0.21463614308820692,4.659047565856789
2.0,2.89,support,0.02308971405116227,2.308971405116227,-0.03914721371788011,0.0,0.0,0.0,0.0,0.0,0.21772458655445082,4.592958543751372
2.0,2.9,support,0.02301739802376525,2.301739802376525,-0.038785633580895006,0.0,0.0,0.0,0.0,0.0,0.22081208556406798,4.528737625232261
2.0,2.91,support,0.022946064328730798,2.29460643287308,-0.038428965105722745,0.0,0.0,0.0,0.0,0.0,0.2239005365982308,4.466268885252425
2.0,2.92,support,0.022875764657339127,2.287576465733913,-0.038077466748764395,0.0,0.0,0.0,0.0,0.0,0.22698647865923954,4.4055487617887445
2.0,2.93,support,0.022806585766260882,2.280658576626088,-0.037731572293373164,0.0,0.0,0.0,0.0,0.0,0.23006473955777207,4.346602621167369
2.0,2.94,support,0.022738513761381526,2.2738513761381527,-0.037391212268976376,0.0,0.0,0.0,0.0,0.0,0.2331344933216333,4.289369564118493
2.0,2.95,support,0.022671438967139246,2.2671438967139244,-0.03705583829776497,0.0,0.0,0.0,0.0,0.0,0.23619933865479958,4.233712108150646
2.0,2.96,support,0.022605292390313426,2.2605292390313427,-0.03672510541363588,0.0,0.0,0.0,0.0,0.0,0.23926122734558758,4.179532183689778
2.0,2.97,support,0.022540124759112407,2.2540124759112405,-0.0363992672576308,0.0,0.0,0.0,0.0,0.0,0.24231661365723892,4.126832184170902
2.0,2.98,support,0.022476020765451934,2.2476020765451934,-0.036078747289328424,0.0,0.0,0.0,0.0,0.0,0.24536019615548357,4.075640693433033
2.0,2.99,support,0.02241296852657842,2.2412968526578423,-0.03576348609496085,0.0,0.0,0.0,0.0,0.0,0.24839113281257885,4.02590860904258
2.0,3.0,support,0.022350863799776854,2.2350863799776857,-0.035452962460953016,0.0,0.0,0.0,0.0,0.0,0.2514131215215456,3.9775171397102365
2.0,3.01,support,0.022289641179588322,2.2289641179588324,-0.03514684936001036,0.0,0.0,0.0,0.0,0.0,0.25442817190727607,3.930382364907454
2.0,3.02,support,0.022229350606324357,2.2229350606324356,-0.03484539649369053,0.0,0.0,0.0,0.0,0.0,0.2574326555613707,3.8845110688049638
2.0,3.03,support,0.022170075056161417,2.2170075056161416,-0.03454901874287584,0.0,0.0,0.0,0.0,0.0,0.26042114320372856,3.8399339919097724
2.0,3.04,support,0.022111804446083017,2.211180444608302,-0.03425766569248385,0.0,0.0,0.0,0.0,0.0,0.26339277822563606,3.7966113070243237
2.0,3.05,support,0.02205443926135423,2.205443926135423,-0.0339708397688399,0.0,0.0,0.0,0.0,0.0,0.26635135992352327,3.754439250045982
2.0,3.06,support,0.021997917229236705,2.1997917229236705,-0.03368822960825228,0.0,0.0,0.0,0.0,0.0,0.26929895808164195,3.7133452246660203
2.0,3.07,support,0.021942287685716225,2.1942287685716226,-0.033410081890649874,0.0,0.0,0.0,0.0,0.0,0.27223186280357653,3.6733392987195255
2.0,3.08,support,0.021887632237750306,2.1887632237750307,-0.03313680465082028,0.0,0.0,0.0,0.0,0.0,0.2751445170777874,3.6344536704588783
2.0,3.09,support,0.02183394244642564,2.1833942446425643,-0.03286835569419696,0.0,0.0,0.0,0.0,0.0,0.27803605040132473,3.5966558960846013
2.0,3.1,support,0.021781122917210974,2.1781122917210975,-0.032604258048123606,0.0,0.0,0.0,0.0,0.0,0.28091036565197797,3.559854395828553
2.0,3.11,support,0.02172911412173817,2.172911412173817,-0.03234421407075961,0.0,0.0,0.0,0.0,0.0,0.2837695949501779,3.523985718679876
2.0,3.12,support,0.021677964986432652,2.1677964986432654,-0.032088468394232024,0.0,0.0,0.0,0.0,0.0,0.2866099469974771,3.4890624365134215
2.0,3.13,support,0.021627756100463472,2.162775610046347,-0.031837423964386116,0.0,0.0,0.0,0.0,0.0,0.28942573554674206,3.455117763148954
2.0,3.14,support,0.0215784805619942,2.1578480561994198,-0.031591046272039736,0.0,0.0,0.0,0.0,0.0,0.2922160759724168,3.42212520879376
2.0,3.15,support,0.021530046566131368,2.153004656613137,-0.031348876292725585,0.0,0.0,0.0,0.0,0.0,0.2949849770016475,3.390003145802286
2.0,3.16,support,0.021482396994510395,2.1482396994510395,-0.031110628434620723,0.0,0.0,0.0,0.0,0.0,0.29773463518085125,3.358695569269513
2.0,3.17,support,0.021435580574380216,2.1435580574380215,-0.030876546333969825,0.0,0.0,0.0,0.0,0.0,0.3004611765273539,3.3282170147828083
2.0,3.18,support,0.021389677242457095,2.1389677242457097,-0.030647029674354224,0.0,0.0,0.0,0.0,0.0,0.3031587820104872,3.298601456861002
2.0,3.19,support,0.02134468157177348,2.134468157177348,-0.03042205132093614,0.0,0.0,0.0,0.0,0.0,0.3058265515565524,3.2698272759848432
2.0,3.2,support,0.02130050487835101,2.130050487835101,-0.030201167853823804,0.0,0.0,0.0,0.0,0.0,0.30846860223119543,3.2418210241394547
2.0,3.21,support,0.021257092164005356,2.125709216400536,-0.029984104282095532,0.0,0.0,0.0,0.0,0.0,0.31108719706447185,3.2145328044238126
2.0,3.22,support,0.021214492189146384,2.1214492189146386,-0.029771104407800682,0.0,0.0,0.0,0.0,0.0,0.3136783763834852,3.1879787555947345
2.0,3.23,support,0.021172784628518553,2.1172784628518553,-0.029562566604661514,0.0,0.0,0.0,0.0,0.0,0.3162361822219674,3.1621935003569455
2.0,3.24,support,0.02113196551221075,2.113196551221075,-0.029358471023122504,0.0,0.0,0.0,0.0,0.0,0.31875969637198104,3.137159469599432
2.0,3.25,support,0.021091948858385348,2.109194885838535,-0.029158387753995492,0.0,0.0,0.0,0.0,0.0,0.3212531470836392,3.1128099726900014
2.0,3.26,support,0.021052681536998505,2.1052681536998503,-0.02896205114706127,0.0,0.0,0.0,0.0,0.0,0.3237188659416018,3.0891001582230855
2.0,3.27,support,0.021014212604775012,2.101421260477501,-0.02876970648594382,0.0,0.0,0.0,0.0,0.0,0.32615280236997163,3.0660475480619955
2.0,3.28,support,0.020976621904671117,2.0976621904671116,-0.02858175298542434,0.0,0.0,0.0,0.0,0.0,0.3285488499499473,3.0436874155923688
2.0,3.29,support,0.020939906953629798,2.09399069536298,-0.028398178230217747,0.0,0.0,0.0,0.0,0.0,0.330906067906164,3.02200562935453
2.0,3.3,support,0.02090398409410357,2.0903984094103567,-0.028218563932586593,0.0,0.0,0.0,0.0,0.0,0.33322879901244,3.000941104021049
2.0,3.31,support,0.02086880184562134,2.086880184562134,-0.02804265269017544,0.0,0.0,0.0,0.0,0.0,0.335519445518256,2.980453184927515
2.0,3.32,support,0.02083440986766995,2.083440986766995,-0.027870692800418508,0.0,0.0,0.0,0.0,0.0,0.3377738578492216,2.96056067324899
2.0,3.33,support,0.020800888660887525,2.0800888660887527,-0.02770308676650637,0.0,0.0,0.0,0.0,0.0,0.339985767190089,2.9412995969354543
2.0,3.34,support,0.020768237314219198,2.0768237314219196,-0.027539830033164736,0.0,0.0,0.0,0.0,0.0,0.34215420344028263,2.922658818583047
2.0,3.35,support,0.020736374151137264,2.0736374151137262,-0.02738051421775507,0.0,0.0,0.0,0.0,0.0,0.34428362785641775,2.9045819176073233
2.0,3.36,support,0.02070524915395946,2.070524915395946,-0.027224889231866063,0.0,0.0,0.0,0.0,0.0,0.34637651548813614,2.88703175673078
2.0,3.37,support,0.02067491295257029,2.067491295257029,-0.027073208224920202,0.0,0.0,0.0,0.0,0.0,0.34842860581161106,2.8700284170717074
2.0,3.38,support,0.020645447281428378,2.0645447281428377,-0.026925879869210637,0.0,0.0,0.0,0.0,0.0,0.3504334477186207,2.853608884968499
2.0,3.39,support,0.020616852956055965,2.0616852956055967,-0.02678290824234858,0.0,0.0,0.0,0.0,0.0,0.3523900318191761,2.8377647200677223
2.0,3.4,support,0.020589049968932176,2.0589049968932174,-0.02664389330672963,0.0,0.0,0.0,0.0,0.0,0.3543029425227332,2.8224433951344814
2.0,3.41,support,0.020561989611823664,2.0561989611823663,-0.02650859152118708,0.0,0.0,0.0,0.0,0.0,0.35617472974639164,2.8076107496790508
2.0,3.42,support,0.020535723940221486,2.0535723940221486,-0.02637726316317618,0.0,0.0,0.0,0.0,0.0,0.35800100476752567,2.7932882497058014
2.0,3.43,support,0.020510336624996035,2.0510336624996035,-0.02625032658704892,0.0,0.0,0.0,0.0,0.0,0.35977510607811886,2.779514155109074
2.0,3.44,support,0.020485830456036348,2.048583045603635,-0.026127795742250493,0.0,0.0,0.0,0.0,0.0,0.3614959704453276,2.7662825640022985
2.0,3.45,support,0.02046212681494816,2.0462126814948163,-0.02600927753680956,0.0,0.0,0.0,0.0,0.0,0.3631683108114475,2.7535442114033666
2.0,3.46,support,0.020439178189755658,2.043917818975566,-0.025894534410847034,0.0,0.0,0.0,0.0,0.0,0.3647947537095109,2.7412674931073933
2.0,3.47,support,0.020417038644528176,2.0417038644528174,-0.025783836684709623,0.0,0.0,0.0,0.0,0.0,0.36637075745910164,2.7294754825284633
2.0,3.48,support,0.020395794675753136,2.0395794675753134,-0.025677616840834434,0.0,0.0,0.0,0.0,0.0,0.367889410380691,2.718208167408794
2.0,3.49,support,0.02037545142844545,2.037545142844545,-0.025575900604295994,0.0,0.0,0.0,0.0,0.0,0.3693495740170388,2.7074621722830745
2.0,3.5,support,0.02035593143344384,2.035593143344384,-0.02547830062928795,0.0,0.0,0.0,0.0,0.0,0.37075609571448015,2.6971909877109654
2.0,3.51,support,0.020337188317268717,2.0337188317268717,-0.025384585048412345,0.0,0.0,0.0,0.0,0.0,0.37211167948336255,2.6873652592372097
2.0,3.52,support,0.02031927892692416,2.031927892692416,-0.025295038096689534,0.0,0.0,0.0,0.0,0.0,0.373411594898514,2.678010039489482
2.0,3.53,support,0.020302293755304613,2.0302293755304612,-0.025210112238591827,0.0,0.0,0.0,0.0,0.0,0.37464862317963366,2.66916768974893
2.0,3.54,support,0.020286240883945518,2.028624088394552,-0.025129847881796348,0.0,0.0,0.0,0.0,0.0,0.37582151866755154,2.660837526135887
2.0,3.55,support,0.020271043813976743,2.0271043813976743,-0.025053862531952468,0.0,0.0,0.0,0.0,0.0,0.37693526875678196,2.652975412192727
2.0,3.56,support,0.020256657339358667,2.025665733935867,-0.024981930158862086,0.0,0.0,0.0,0.0,0.0,0.37799265368147206,2.6455540610656496
2.0,3.57,support,0.020243142161134747,2.0243142161134746,-0.024914354267742477,0.0,0.0,0.0,0.0,0.0,0.37898870160599574,2.6386010869517165
2.0,3.58,support,0.020230594378326906,2.0230594378326905,-0.02485161535370328,0.0,0.0,0.0,0.0,0.0,0.379915803425191,2.6321621553626935
2.0,3.59,support,0.020219025910548475,2.0219025910548476,-0.024793773014811133,0.0,0.0,0.0,0.0,0.0,0.38077255705738344,2.6262396842041777
2.0,3.6,support,0.020208361159084826,2.0208361159084824,-0.024740449257492882,0.0,0.0,0.0,0.0,0.0,0.3815640934879383,2.6207916758069145
2.0,3.61,support,0.0201985562644283,2.0198556264428302,-0.024691424784210256,0.0,0.0,0.0,0.0,0.0,0.38229326315044954,2.615792890931628
2.0,3.62,support,0.020189677333663055,2.0189677333663054,-0.02464703013038402,0.0,0.0,0.0,0.0,0.0,0.38295477299345154,2.61127441285893
2.0,3.63,support,0.02018182839646676,2.018182839646676,-0.024607785444402563,0.0,0.0,0.0,0.0,0.0,0.3835404980121397,2.6072865973291517
2.0,3.64,support,0.020175026654855325,2.0175026654855324,-0.024573776736345383,0.0,0.0,0.0,0.0,0.0,0.3840488008136092,2.603835757022272
2.0,3.65,support,0.020169197556287558,2.0169197556287557,-0.024544631243506546,0.0,0.0,0.0,0.0,0.0,0.3844849527694681,2.6008820183909416
2.0,3.66,support,0.020164299050291986,2.0164299050291987,-0.024520138713528677,0.0,0.0,0.0,0.0,0.0,0.3848518577856524,2.598402423607271
2.0,3.67,support,0.020160405026657946,2.0160405026657946,-0.02450066859535848,0.0,0.0,0.0,0.0,0.0,0.3851437754328786,2.59643297850539
2.0,3.68,support,0.020157631003189524,2.0157631003189524,-0.024486798478016367,0.0,0.0,0.0,0.0,0.0,0.38535186668942945,2.5950308962845643
2.0,3.69,support,0.020156001895992644,2.0156001895992643,-0.02447865294203197,0.0,0.0,0.0,0.0,0.0,0.38547412532220104,2.594207845115787
2.0,3.7,support,0.020155444811103554,2.0155444811103553,-0.024475867517586514,0.0,0.0,0.0,0.0,0.0,0.3855159414376695,2.593926456765422
2.0,3.71,support,0.02015592055175279,2.015592055175279,-0.024478246220832688,0.0,0.0,0.0,0.0,0.0,0.3854802309313221,2.594166755540213
2.0,3.72,support,0.02015751468897585,2.015751468897585,-0.024486216906947994,0.0,0.0,0.0,0.0,0.0,0.38536059436703735,2.594972123816968
2.0,3.73,support,0.02016036008032139,2.016036008032139,-0.0245004438636757,0.0,0.0,0.0,0.0,0.0,0.38514714615230866,2.5964102551198556
2.0,3.74,support,0.020164493748226958,2.0164493748226957,-0.024521112203203542,0.0,0.0,0.0,0.0,0.0,0.38483726795598394,2.598500933424088
2.0,3.75,support,0.02016984616627629,2.016984616627629,-0.024547874293450206,0.0,0.0,0.0,0.0,0.0,0.38443639719715744,2.601210518282825
2.0,3.76,support,0.02017638335510785,2.0176383355107848,-0.024580560237607994,0.0,0.0,0.0,0.0,0.0,0.3839473591232422,2.6045237094052074
2.0,3.77,support,0.020184209563153394,2.0184209563153392,-0.02461969127783571,0.0,0.0,0.0,0.0,0.0,0.3833627094285711,2.60849575455727
2.0,3.78,support,0.02019348556889658,2.019348556889658,-0.024666071306551653,0.0,0.0,0.0,0.0,0.0,0.3826709067411464,2.6132114628626293
2.0,3.79,support,0.020204269262936784,2.0204269262936783,-0.024719989776752677,0.0,0.0,0.0,0.0,0.0,0.38186823006189696,2.618704362596255
2.0,3.8,support,0.02021649908008292,2.0216499080082917,-0.024781138862483336,0.0,0.0,0.0,0.0,0.0,0.38095994951659057,2.6249478488983544
2.0,3.81,support,0.020230152024124134,2.0230152024124135,-0.024849403582689427,0.0,0.0,0.0,0.0,0.0,0.37994852843175275,2.631935446960475
2.0,3.82,support,0.020245365245551025,2.0245365245551024,-0.024925469689823877,0.0,0.0,0.0,0.0,0.0,0.3788246835179619,2.6397435106748666
2.0,3.83,support,0.020262349297991568,2.026234929799157,-0.025010389952026587,0.0,0.0,0.0,0.0,0.0,0.37757394885285567,2.6484878075889444
2.0,3.84,support,0.02028120316399854,2.0281203163998542,-0.02510465928206146,0.0,0.0,0.0,0.0,0.0,0.37619035373780907,2.6582287133735583
2.0,3.85,support,0.020301886796376956,2.0301886796376953,-0.025208077443953543,0.0,0.0,0.0,0.0,0.0,0.3746783121714284,2.66895618858896
2.0,3.86,support,0.02032440455920756,2.032440455920756,-0.02532066625810654,0.0,0.0,0.0,0.0,0.0,0.37303909851405936,2.680684153439512
2.0,3.87,support,0.020348961433988608,2.0348961433988606,-0.02544345063201178,0.0,0.0,0.0,0.0,0.0,0.3712596187062025,2.6935329069315057
2.0,3.88,support,0.020375873142211648,2.037587314221165,-0.025578009173126987,0.0,0.0,0.0,0.0,0.0,0.36931924620561657,2.7076845040544004
2.0,3.89,support,0.020405338686339907,2.040533868633991,-0.025725336893768287,0.0,0.0,0.0,0.0,0.0,0.3672063670721627,2.7232643267415946
2.0,3.9,support,0.020437389755220796,2.0437389755220794,-0.025885592238172734,0.0,0.0,0.0,0.0,0.0,0.36492181134644724,2.7403130448966944
2.0,3.91,support,0.020472119854172677,2.0472119854172677,-0.02605924273293215,0.0,0.0,0.0,0.0,0.0,0.36246234023641577,2.7589073097849304
2.0,3.92,support,0.020509920711466643,2.0509920711466645,-0.026248247019401972,0.0,0.0,0.0,0.0,0.0,0.3598042437779467,2.7792890642422505
2.0,3.93,support,0.02055141589927488,2.055141589927488,-0.026455722958443142,0.0,0.0,0.0,0.0,0.0,0.35690880617884435,2.8018361628737942
2.0,3.94,support,0.020597170991917865,2.0597170991917864,-0.026684498421658074,0.0,0.0,0.0,0.0,0.0,0.35374312602810715,2.826910055407108
2.0,3.95,support,0.020647599594735035,2.0647599594735033,-0.026936641435743917,0.0,0.0,0.0,0.0,0.0,0.3502866147558426,2.854805059271311
2.0,3.96,support,0.02070332616641698,2.0703326166416978,-0.027215274294153647,0.0,0.0,0.0,0.0,0.0,0.34650623632499555,2.885950944507904
2.0,3.97,support,0.020765798550031602,2.07657985500316,-0.027527636212226758,0.0,0.0,0.0,0.0,0.0,0.34231672026575494,2.9212712695531136
2.0,3.98,support,0.02083786159108354,2.083786159108354,-0.02788795141748644,0.0,0.0,0.0,0.0,0.0,0.33754691337880194,2.962551160637573
2.0,3.99,support,0.020925096248495822,2.092509624849582,-0.02832412470454786,0.0,0.0,0.0,0.0,0.0,0.331861743220364,3.0133030408870494
2.0,4.0,Pd,-0.00931713288346064,-0.931713288346064,-0.02894987780538339,0.0,0.0,-0.04918164088277624,0.0,-0.23512070815744743,0.32387236802925684,3.0876360526985915
2.0,4.005,Pd,-0.009135396034215655,-0.9135396034215655,-0.02931335150387336,0.0,0.0,-0.04953095591869718,0.0,-0.23512070815744743,0.3193202833323842,3.131651987666215
2.0,4.01,Pd,-0.009004894807910797,-0.9004894807910797,-0.029574353956483078,0.0,0.0,-0.049783320767532155,0.0,-0.23512070815744743,0.3160910507345524,3.1636454043103615
2.0,4.015,Pd,-0.008891833829977033,-0.8891833829977034,-0.029800475912350605,0.0,0.0,-0.050002998765467904,0.0,-0.23512070815744743,0.3133197882305476,3.1916273327242832
2.0,4.02,Pd,-0.008787395842715517,-0.8787395842715517,-0.030009351886873637,0.0,0.0,-0.050206783446674,0.0,-0.23512070815744743,0.3107814781206501,3.217694973481607
2.0,4.025,Pd,-0.008695738743447954,-0.8695738743447954,-0.030192666085408763,0.0,0.0,-0.050386313577824374,0.0,-0.23512070815744743,0.3085707492391463,3.240747875376182
2.0,4.03,Pd,-0.008607091954980758,-0.8607091954980759,-0.030369959662343154,0.0,0.0,-0.05056055803061035,0.0,-0.23512070815744743,0.3064475885560974,3.2632007473504494
2.0,4.035,Pd,-0.008526403046225418,-0.8526403046225418,-0.030531337479853836,0.0,0.0,-0.05071968424738769,0.0,-0.23512070815744743,0.30452772840267767,3.283773222376971
2.0,4.04,Pd,-0.008449826184273979,-0.8449826184273979,-0.030684491203756714,0.0,0.0,-0.05087116426693482,0.0,-0.23512070815744743,0.30271683273983785,3.3034172264197283
2.0,4.045,Pd,-0.008376528290716445,-0.8376528290716445,-0.03083108699087178,0.0,0.0,-0.05101658176734881,0.0,-0.23512070815744743,0.300993566071201,3.3223301516134294
2.0,4.05,Pd,-0.008308542983529501,-0.8308542983529501,-0.03096705760524567,0.0,0.0,-0.051151831052543804,0.0,-0.23512070815744743,0.2994039711426284,3.3399690598079124
2.0,4.055,Pd,-0.00824201104493862,-0.824201104493862,-0.031100121482427433,0.0,0.0,-0.051284536155910505,0.0,-0.23512070815744743,0.2978564860093123,3.3573215523959936
2.0,4.06,Pd,-0.008179647444491837,-0.8179647444491838,-0.031224848683320997,0.0,0.0,-0.05140923964658853,0.0,-0.23512070815744743,0.2964132165131392,3.3736687309814095
2.0,4.065,Pd,-0.008119542330537532,-0.8119542330537531,-0.03134505891122961,0.0,0.0,-0.051529713970330814,0.0,-0.23512070815744743,0.2950288332281934,3.3894992196458937
2.0,4.07,Pd,-0.008061402831183617,-0.8061402831183617,-0.03146133790993744,0.0,0.0,-0.0516465170470389,0.0,-0.23512070815744743,0.2936958756559808,3.4048826792901408
2.0,4.075,Pd,-0.008006503723058049,-0.8006503723058049,-0.03157113612618857,0.0,0.0,-0.05175705315755398,0.0,-0.23512070815744743,0.2924427388733946,3.419472830313368
2.0,4.08,Pd,-0.007952547427904279,-0.7952547427904278,-0.031679048716496114,0.0,0.0,-0.05186592148185661,0.0,-0.23512070815744743,0.2912163329494798,3.4338733335175946
2.0,4.085,Pd,-0.00790133034745931,-0.790133034745931,-0.03178148287738605,0.0,0.0,-0.05196947470477294,0.0,-0.23512070815744743,0.2900569467699165,3.44759886338194
2.0,4.09,Pd,-0.007851632039530862,-0.7851632039530863,-0.03188087949324295,0.0,0.0,-0.05207015483890021,0.0,-0.23512070815744743,0.2889363532274562,3.4609698254645753
2.0,4.095,Pd,-0.007803306004554634,-0.7803306004554634,-0.031977531563195404,0.0,0.0,-0.05216824202606369,0.0,-0.23512070815744743,0.28785085332935095,3.4740213149753205
2.0,4.1,Pd,-0.007757249731419533,-0.7757249731419533,-0.032069644109465605,0.0,0.0,-0.052261894238493395,0.0,-0.23512070815744743,0.2868201323541589,3.486505608208921
2.0,4.105,Pd,-0.007711882959193905,-0.7711882959193904,-0.03216037765391686,0.0,0.0,-0.052354308765011265,0.0,-0.23512070815744743,0.2858084504819577,3.4988468616435373
2.0,4.11,Pd,-0.007668507157899306,-0.7668507157899306,-0.03224712925650606,0.0,0.0,-0.05244282039005997,0.0,-0.23512070815744743,0.28484450452727095,3.5106873543500656
2.0,4.115,Pd,-0.007626253607297365,-0.7626253607297364,-0.03233163635770994,0.0,0.0,-0.052529185857883715,0.0,-0.23512070815744743,0.28390862459930594,3.5222600278922442
2.0,4.12,Pd,-0.007585035563495178,-0.7585035563495178,-0.032414072445314315,0.0,0.0,-0.05261357181253646,0.0,-0.23512070815744743,0.2829986431372942,3.533585846610788
2.0,4.125,Pd,-0.0075455261318076935,-0.7545526131807694,-0.032493091308689284,0.0,0.0,-0.05269458696206105,0.0,-0.23512070815744743,0.282129121084024,3.5444763594686806
2.0,4.13,Pd,-0.0075065555579842125,-0.7506555557984212,-0.032571032456336246,0.0,0.0,-0.05277461937603326,0.0,-0.23512070815744743,0.28127407545581345,3.5552512202892097
2.0,4.135,Pd,-0.007469117190143763,-0.7469117190143763,-0.032645909192017146,0.0,0.0,-0.05285161963178702,0.0,-0.23512070815744743,0.2804550883046209,3.565633292820965
2.0,4.14,Pd,-0.007432554882162937,-0.7432554882162937,-0.032719033807978797,0.0,0.0,-0.052926926509908545,0.0,-0.23512070815744743,0.2796575671505042,3.5758016855729378
2.0,4.145,Pd,-0.007396811940655324,-0.7396811940655325,-0.03279051969099402,0.0,0.0,-0.05300064947189971,0.0,-0.23512070815744743,0.27888011082382275,3.585770233115445
2.0,4.15,Pd,-0.007362413235001003,-0.7362413235001003,-0.032859317102302665,0.0,0.0,-0.05307169679723646,0.0,-0.23512070815744743,0.27813393443142687,3.5953901203901717
2.0,4.155,Pd,-0.007328454036946305,-0.7328454036946306,-0.03292723549841206,0.0,0.0,-0.05314192978136554,0.0,-0.23512070815744743,0.27739925023808665,3.6049124110527284
2.0,4.16,Pd,-0.007295718081096102,-0.7295718081096102,-0.03299270741011247,0.0,0.0,-0.053209720888033385,0.0,-0.23512070815744743,0.27669286717140745,3.614115572341493
2.0,4.165,Pd,-0.007263691147134078,-0.7263691147134078,-0.033056761278036514,0.0,0.0,-0.0532761274083956,0.0,-0.23512070815744743,0.2760035243058852,3.6231421410827145
2.0,4.17,Pd,-0.007232333711931698,-0.7232333711931698,-0.033119476148441275,0.0,0.0,-0.05334122604585563,0.0,-0.23512070815744743,0.27533025558717583,3.6320018585221456
2.0,4.175,Pd,-0.007202065737249547,-0.7202065737249547,-0.03318001209780558,0.0,0.0,-0.053404138388518235,0.0,-0.23512070815744743,0.2746819362218585,3.640574308433255
2.0,4.18,Pd,-0.007172167194614675,-0.7172167194614675,-0.03323980918307532,0.0,0.0,-0.05346635570983642,0.0,-0.23512070815744743,0.27404302861373964,3.649061992412469
2.0,4.185,Pd,-0.007143270420359102,-0.7143270420359102,-0.03329760273158647,0.0,0.0,-0.05352655728469579,0.0,-0.23512070815744743,0.27342694025877584,3.6572840959035826
2.0,4.19,Pd,-0.007114962381664966,-0.7114962381664967,-0.03335421880897474,0.0,0.0,-0.05358559805515777,0.0,-0.23512070815744743,0.2728247469674748,3.6653566478674917
2.0,4.195,Pd,-0.007087214252476732,-0.7087214252476732,-0.03340971506735121,0.0,0.0,-0.05364353425139941,0.0,-0.23512070815744743,0.272235751754708,3.6732868242119348
2.0,4.2,Pd,-0.007060368061479316,-0.7060368061479315,-0.03346340744934604,0.0,0.0,-0.05369964688066601,0.0,-0.23512070815744743,0.2716671117893659,3.680975563856029
2.0,4.205,Pd,-0.007033839486841269,-0.7033839486841269,-0.033516464598622134,0.0,0.0,-0.05375515330095895,0.0,-0.23512070815744743,0.27110636616048517,3.688589147360841
2.0,4.21,Pd,-0.00700814669858724,-0.700814669858724,-0.03356785017513019,0.0,0.0,-0.05380896567436621,0.0,-0.23512070815744743,0.2705643902304258,3.6959778747984955
2.0,4.215,Pd,-0.0069829522443545095,-0.698295224435451,-0.03361823908359565,0.0,0.0,-0.053861786622065345,0.0,-0.23512070815744743,0.27003397856925787,3.703237664009463
2.0,4.22,Pd,-0.006958234392128289,-0.6958234392128289,-0.033667674788048094,0.0,0.0,-0.05391365874775001,0.0,-0.23512070815744743,0.26951461118123676,3.7103739779345166
2.0,4.225,Pd,-0.0069342751559036825,-0.6934275155903682,-0.033715593260497306,0.0,0.0,-0.05396398654441031,0.0,-0.23512070815744743,0.26901213712903005,3.7173043962709977
2.0,4.23,Pd,-0.006910593858227745,-0.6910593858227745,-0.03376295585584918,0.0,0.0,-0.054013776680601144,0.0,-0.23512070815744743,0.26851641257970726,3.724167138957127
2.0,4.235,Pd,-0.0068876197380434954,-0.6887619738043496,-0.03380890409621768,0.0,0.0,-0.05406212387133256,0.0,-0.23512070815744743,0.2680363645000289,3.730837052148916
2.0,4.24,Pd,-0.0068650737902130575,-0.6865073790213058,-0.033853995991878556,0.0,0.0,-0.05410961208031568,0.0,-0.23512070815744743,0.26756609753937693,3.7373942707851198
2.0,4.245,Pd,-0.006842939214861739,-0.6842939214861739,-0.033898265142581194,0.0,0.0,-0.054156274400046736,0.0,-0.23512070815744743,0.2671052136940149,3.7438430578354795
2.0,4.25,Pd,-0.00682145051144711,-0.682145051144711,-0.03394124254941045,0.0,0.0,-0.05420161364041781,0.0,-0.23512070815744743,0.2666585376056883,3.750114318404888
2.0,4.255,Pd,-0.006800208533054537,-0.6800208533054537,-0.0339837265061956,0.0,0.0,-0.05424646961942363,0.0,-0.23512070815744743,0.2662177242393976,3.7563238993837427
2.0,4.26,Pd,-0.006779571469332946,-0.6779571469332946,-0.03402500063363878,0.0,0.0,-0.05429008377107811,0.0,-0.23512070815744743,0.2657901619452595,3.7623664949869506
2.0,4.265,Pd,-0.006759306742824642,-0.6759306742824642,-0.03406553008665539,0.0,0.0,-0.05433294515153284,0.0,-0.23512070815744743,0.26537098202447185,3.7683095279339263
2.0,4.27,Pd,-0.006739401111643194,-0.6739401111643194,-0.034105341349018284,0.0,0.0,-0.05437507996334993,0.0,-0.23512070815744743,0.26495987369229784,3.7741563885304235
2.0,4.275,Pd,-0.00672005062149884,-0.672005062149884,-0.03414404232930699,0.0,0.0,-0.05441607101327734,0.0,-0.23512070815744743,0.2645608411095614,3.7798488839316713
2.0,4.28,Pd,-0.006700921770085341,-0.6700921770085342,-0.03418230003213399,0.0,0.0,-0.054456622927924775,0.0,-0.23512070815744743,0.2641669696748813,3.7854846169100242
2.0,4.285,Pd,-0.006682314822204782,-0.6682314822204781,-0.03421951392789511,0.0,0.0,-0.05449609743555561,0.0,-0.23512070815744743,0.26378440707625955,3.7909746488953835
2.0,4.29,Pd,-0.006664034876712244,-0.6664034876712244,-0.034256073818880184,0.0,0.0,-0.05453490607421036,0.0,-0.23512070815744743,0.26340910721939864,3.7963759512957167
2.0,4.295,Pd,-0.006646071335460444,-0.6646071335460444,-0.03429200090138378,0.0,0.0,-0.054573069904736246,0.0,-0.23512070815744743,0.2630408235389535,3.8016912604894983
2.0,4.3,Pd,-0.00662858856337302,-0.6628588563373019,-0.03432696644555863,0.0,0.0,-0.05461023797797947,0.0,-0.23512070815744743,0.2626828908908568,3.806871458619261
2.0,4.305,Pd,-0.006611306914071736,-0.6611306914071736,-0.0343615297441612,0.0,0.0,-0.05464700334647625,0.0,-0.23512070815744743,0.26232955460660784,3.811999000644859
2.0,4.31,Pd,-0.006594478638554509,-0.6594478638554508,-0.034395186295195654,0.0,0.0,-0.05468282798340151,0.0,-0.23512070815744743,0.2619859446302788,3.8169986615550133
2.0,4.315,Pd,-0.0065779399465403544,-0.6577939946540354,-0.03442826367922396,0.0,0.0,-0.05471805902711456,0.0,-0.23512070815744743,0.2616486860731522,3.8219186765586057
2.0,4.32,Pd,-0.006561682252380786,-0.6561682252380786,-0.0344607790675431,0.0,0.0,-0.05475271360708751,0.0,-0.23512070815744743,0.2613175808097734,3.8267612799000754
2.0,4.325,Pd,-0.006545843432461323,-0.6545843432461322,-0.034492456707382026,0.0,0.0,-0.05478649642973161,0.0,-0.23512070815744743,0.26099540931655413,3.8314850158422806
2.0,4.33,Pd,-0.006530188713152942,-0.6530188713152942,-0.03452376614599879,0.0,0.0,-0.05481990706400093,0.0,-0.23512070815744743,0.2606773728449978,3.8361595756706244
2.0,4.335,Pd,-0.0065149299942854205,-0.6514929994285421,-0.03455428358373383,0.0,0.0,-0.054852492153957634,0.0,-0.23512070815744743,0.2603677543637047,3.840721376745876
2.0,4.34,Pd,-0.006499929548122337,-0.6499929548122337,-0.03458428447606,0.0,0.0,-0.054884544580544675,0.0,-0.23512070815744743,0.26006373502473795,3.8452112514068038
2.0,4.345,Pd,-0.006485180352085149,-0.6485180352085149,-0.03461378286813437,0.0,0.0,-0.05491607840615842,0.0,-0.23512070815744743,0.2597651539832636,3.8496310404452054
2.0,4.35,Pd,-0.006470797859279356,-0.6470797859279356,-0.03464254785374596,0.0,0.0,-0.0549468456667024,0.0,-0.23512070815744743,0.2594743265678328,3.85394583436206
2.0,4.355,Pd,-0.0064565851709451755,-0.6456585170945175,-0.03467097323041432,0.0,0.0,-0.05497726661232961,0.0,-0.23512070815744743,0.25918725261901804,3.8582144372273977
2.0,4.36,Pd,-0.006442719878297091,-0.6442719878297091,-0.03469870381571049,0.0,0.0,-0.055006960219401636,0.0,-0.23512070815744743,0.25890750157872705,3.862383260053691
2.0,4.365,Pd,-0.006429086353576537,-0.6429086353576536,-0.0347259708651516,0.0,0.0,-0.05503617311515241,0.0,-0.23512070815744743,0.2586327211894206,3.866486790229484
2.0,4.37,Pd,-0.006415678808913538,-0.6415678808913537,-0.034752785954477595,0.0,0.0,-0.055064916928393264,0.0,-0.23512070815744743,0.25836277979087796,3.8705265549837033
2.0,4.375,Pd,-0.006402593514375467,-0.6402593514375468,-0.034778956543553737,0.0,0.0,-0.055092984359657114,0.0,-0.23512070815744743,0.25809959810020905,3.874473293878368
2.0,4.38,Pd,-0.006389665892359786,-0.6389665892359786,-0.0348048117875851,0.0,0.0,-0.055120727638522514,0.0,-0.23512070815744743,0.25783985090823075,3.878376428149253
2.0,4.385,Pd,-0.006377044071320337,-0.6377044071320337,-0.034830055429664,0.0,0.0,-0.05514782813312956,0.0,-0.23512070815744743,0.25758650020263485,3.8821910279200686
2.0,4.39,Pd,-0.006364631358281872,-0.6364631358281871,-0.03485488085574093,0.0,0.0,-0.05517449264374887,0.0,-0.23512070815744743,0.2573375895930369,3.885946089653815
2.0,4.395,Pd,-0.006352422954830912,-0.6352422954830912,-0.03487929766264285,0.0,0.0,-0.05520073084035688,0.0,-0.23512070815744743,0.25709301060075523,3.8896428870752913
2.0,4.4,Pd,-0.006340498570515683,-0.6340498570515684,-0.034903146431273305,0.0,0.0,-0.05522637067092937,0.0,-0.23512070815744743,0.2568543459567583,3.893257076399054
2.0,4.405,Pd,-0.006328721470629146,-0.6328721470629146,-0.03492670063104638,0.0,0.0,-0.0552517054998019,0.0,-0.23512070815744743,0.25661884665712714,3.896829921210413
2.0,4.41,Pd,-0.0063172142637449545,-0.6317214263744955,-0.03494971504481476,0.0,0.0,-0.05527647096214157,0.0,-0.23512070815744743,0.2563889527946548,3.900324054917112
2.0,4.415,Pd,-0.006305896625138117,-0.6305896625138117,-0.03497235032202844,0.0,0.0,-0.05530083926916606,0.0,-0.23512070815744743,0.25616304706650966,3.903763682746801
2.0,4.42,Pd,-0.006294764559157156,-0.6294764559157155,-0.03499461445399036,0.0,0.0,-0.05532481849468882,0.0,-0.23512070815744743,0.25594103963970644,3.9071498709535644
2.0,4.425,Pd,-0.006283883365754209,-0.6283883365754208,-0.035016376840796254,0.0,0.0,-0.055348267372508184,0.0,-0.23512070815744743,0.25572422133096767,3.9104625865915272
2.0,4.43,Pd,-0.006273140492045047,-0.6273140492045047,-0.03503786258821458,0.0,0.0,-0.05537142792243665,0.0,-0.23512070815744743,0.2555103393650083,3.913735946988251
2.0,4.435,Pd,-0.006262636275579436,-0.6262636275579436,-0.0350588710211458,0.0,0.0,-0.05539408332243922,0.0,-0.23512070815744743,0.255301381842838,3.916939237781306
2.0,4.44,Pd,-0.006252304651480675,-0.6252304651480676,-0.03507953426934332,0.0,0.0,-0.055416375519073975,0.0,-0.23512070815744743,0.25509602435223194,3.9200924535743376
2.0,4.445,Pd,-0.00624214228236478,-0.624214228236478,-0.03509985900757511,0.0,0.0,-0.05543831127171169,0.0,-0.23512070815744743,0.25489419222182325,3.9231964890347273
2.0,4.45,Pd,-0.00623220184332101,-0.623220184332101,-0.03511973988566265,0.0,0.0,-0.055459776382754906,0.0,-0.23512070815744743,0.2546969222836116,3.9262351151871164
2.0,4.455,Pd,-0.006222391934147885,-0.6222391934147885,-0.0351393597040089,0.0,0.0,-0.05548096777923964,0.0,-0.23512070815744743,0.25450239241534134,3.929236147878822
2.0,4.46,Pd,-0.0062127933281289835,-0.6212793328128984,-0.035158556916046704,0.0,0.0,-0.05550171055554019,0.0,-0.23512070815744743,0.25431219648592757,3.9321747592838525
2.0,4.465,Pd,-0.006203352468310032,-0.6203352468310032,-0.03517743863568461,0.0,0.0,-0.05552212000419984,0.0,-0.23512070815744743,0.2541252649440646,3.935067220569782
2.0,4.47,Pd,-0.006194066562100944,-0.6194066562100944,-0.035196010448102784,0.0,0.0,-0.055542201792215765,0.0,-0.23512070815744743,0.25394153556477966,3.937914283206747
2.0,4.475,Pd,-0.006184977155846039,-0.6184977155846039,-0.035214189260612594,0.0,0.0,-0.05556186566202038,0.0,-0.23512070815744743,0.2537618227486196,3.940703093824384
2.0,4.48,Pd,-0.0061760114691380985,-0.6176011469138099,-0.035232120634028474,0.0,0.0,-0.05558126869921145,0.0,-0.23512070815744743,0.25358468067266143,3.943455879698211
2.0,4.485,Pd,-0.006167232988258803,-0.6167232988258803,-0.035249677595787066,0.0,0.0,-0.05560027316110089,0.0,-0.23512070815744743,0.2534113571796297,3.9461530498459614
2.0,4.49,Pd,-0.006158599193719267,-0.6158599193719267,-0.03526694518486614,0.0,0.0,-0.05561897073097457,0.0,-0.23512070815744743,0.2532410059461207,3.9488075648094645
2.0,4.495,Pd,-0.006150107747457254,-0.6150107747457254,-0.03528392807739016,0.0,0.0,-0.055637366160783,0.0,-0.23512070815744743,0.2530735750502044,3.9514200556167167
2.0,4.5,Pd,-0.006141790332692423,-0.6141790332692423,-0.035300562906919825,0.0,0.0,-0.05565539047609361,0.0,-0.23512070815744743,0.25290968295478766,3.9539806792560364
2.0,4.505,Pd,-0.006133590650964454,-0.6133590650964453,-0.035316962270375764,0.0,0.0,-0.05567316537291843,0.0,-0.23512070815744743,0.2527482146475618,3.9565066815384795
2.0,4.51,Pd,-0.0061255568342099866,-0.6125556834209986,-0.0353330299038847,0.0,0.0,-0.05569058622094806,0.0,-0.23512070815744743,0.25259011253875113,3.9589831523852106
2.0,4.515,Pd,-0.006117656155104675,-0.6117656155104675,-0.03534883126209532,0.0,0.0,-0.05570772368443876,0.0,-0.23512070815744743,0.2524347269758713,3.961420094532333
2.0,4.52,Pd,-0.006109886657477807,-0.6109886657477807,-0.03536437025734906,0.0,0.0,-0.05572458174354081,0.0,-0.23512070815744743,0.2522820146285437,3.963818037018553
2.0,4.525,Pd,-0.0061022712407844265,-0.6102271240784427,-0.03537960109073582,0.0,0.0,-0.055741110432495695,0.0,-0.23512070815744743,0.25213242045376677,3.966169833297455
2.0,4.53,Pd,-0.006094768268965066,-0.6094768268965066,-0.03539460703437454,0.0,0.0,-0.05575739986289478,0.0,-0.23512070815744743,0.25198512185002236,3.9684882689033705
2.0,4.535,Pd,-0.006087412172634327,-0.6087412172634328,-0.03540931922703602,0.0,0.0,-0.05577337503868372,0.0,-0.23512070815744743,0.251840790254463,3.9707626353522314
2.0,4.54,Pd,-0.0060801789535380665,-0.6080178953538067,-0.03542378566522854,0.0,0.0,-0.055789087825991644,0.0,-0.23512070815744743,0.25169895020391553,3.9730002814467182
2.0,4.545,Pd,-0.00607306697834584,-0.607306697834584,-0.03543800961561299,0.0,0.0,-0.05580454155007795,0.0,-0.23512070815744743,0.2515595655788016,3.975201649355479
2.0,4.55,Pd,-0.006066091289989518,-0.6066091289989518,-0.035451960992325636,0.0,0.0,-0.055819703292783004,0.0,-0.23512070815744743,0.2514229269657987,3.977362017331184
2.0,4.555,Pd,-0.006059223354540264,-0.6059223354540264,-0.03546569686322414,0.0,0.0,-0.055834634857635033,0.0,-0.23512070815744743,0.2512884715055232,3.9794901612827096
2.0,4.56,Pd,-0.0060524853250802264,-0.6052485325080227,-0.03547917292214422,0.0,0.0,-0.055849287875656975,0.0,-0.23512070815744743,0.2511566291273599,3.981579158290528
2.0,4.565,Pd,-0.006045861018330215,-0.6045861018330215,-0.03549242153564424,0.0,0.0,-0.055863697332516095,0.0,-0.23512070815744743,0.25102707938255187,3.9836339667405105
2.0,4.57,Pd,-0.00603934907534354,-0.603934907534354,-0.03550544542161759,0.0,0.0,-0.05587786599489052,0.0,-0.23512070815744743,0.25089979223792036,3.9856549544358795
2.0,4.575,Pd,-0.006032957484353566,-0.6032957484353566,-0.03551822860359754,0.0,0.0,-0.05589177629038947,0.0,-0.23512070815744743,0.2507749203452381,3.987639587815699
2.0,4.58,Pd,-0.006026669466554543,-0.6026669466554544,-0.035530804639195585,0.0,0.0,-0.055905464554202915,0.0,-0.23512070815744743,0.2506521325978994,3.9895930253432854
2.0,4.585,Pd,-0.006020496131641684,-0.6020496131641684,-0.035543151309021304,0.0,0.0,-0.05591890642825582,0.0,-0.23512070815744743,0.25053164277927675,3.991511766364057
2.0,4.59,Pd,-0.006014428320207217,-0.6014428320207217,-0.03555528693189024,0.0,0.0,-0.05593212168410896,0.0,-0.23512070815744743,0.250413268988769,3.9933986087807907
2.0,4.595,Pd,-0.006008464907592496,-0.6008464907592496,-0.03556721375711968,0.0,0.0,-0.05594511260986245,0.0,-0.23512070815744743,0.2502969863562111,3.995253856460126
2.0,4.6,Pd,-0.006002607524852717,-0.6002607524852717,-0.03557892852259924,0.0,0.0,-0.05595787549339161,0.0,-0.23512070815744743,0.25018282380253976,3.9970769567668794
2.0,4.605,Pd,-0.005996849978275421,-0.5996849978275421,-0.03559044361575383,0.0,0.0,-0.05597042367755089,0.0,-0.23512070815744743,0.2500706578394801,3.998869793999974
2.0,4.61,Pd,-0.0059911934101110065,-0.5991193410111006,-0.03560175675208266,0.0,0.0,-0.0559827545263257,0.0,-0.23512070815744743,0.24996050806591244,4.000631970776394
2.0,4.615,Pd,-0.005985634996111898,-0.5985634996111898,-0.035612873580080875,0.0,0.0,-0.055994874053479644,0.0,-0.23512070815744743,0.2498523169011245,4.002364326266127
2.0,4.62,Pd,-0.005980173812475533,-0.5980173812475533,-0.035623795947353605,0.0,0.0,-0.056006784135501,0.0,-0.23512070815744743,0.24974606387377304,4.004067109163415
2.0,4.625,Pd,-0.005974805743171347,-0.5974805743171347,-0.03563453208596198,0.0,0.0,-0.05601849361695798,0.0,-0.23512070815744743,0.24964166651949163,4.005741565268399
2.0,4.63,Pd,-0.005969534157605403,-0.5969534157605403,-0.035645075257093865,0.0,0.0,-0.0560299950189467,0.0,-0.23512070815744743,0.24953918803570818,4.00738660677578
2.0,4.635,Pd,-0.0059643511735390405,-0.5964351173539041,-0.03565544122522659,0.0,0.0,-0.05604130541479436,0.0,-0.23512070815744743,0.24943847295904414,4.009004658091345
2.0,4.64,Pd,-0.00595925969908415,-0.595925969908415,-0.03566562417413637,0.0,0.0,-0.05605241833985385,0.0,-0.23512070815744743,0.2493395756642532,4.010594777567699
2.0,4.645,Pd,-0.005954258983224988,-0.5954258983224988,-0.035675625605854695,0.0,0.0,-0.05606333531544214,0.0,-0.23512070815744743,0.24924247944190647,4.012157166142622
2.0,4.65,Pd,-0.005949339699125537,-0.5949339699125537,-0.0356854641740536,0.0,0.0,-0.05607407659335057,0.0,-0.23512070815744743,0.2491470012285559,4.013694706614777
2.0,4.655,Pd,-0.005944513882105668,-0.5944513882105669,-0.035695115808093335,0.0,0.0,-0.05608461578514881,0.0,-0.23512070815744743,0.24905337265396052,4.015203606133931
2.0,4.66,Pd,-0.005939765455829516,-0.5939765455829517,-0.03570461266064564,0.0,0.0,-0.056094987895315376,0.0,-0.23512070815744743,0.24896127992716346,4.016688861386645
2.0,4.665,Pd,-0.005935102530561051,-0.5935102530561052,-0.03571393851118257,0.0,0.0,-0.05610517511010748,0.0,-0.23512070815744743,0.24887087857744253,4.018147907525567
2.0,4.67,Pd,-0.0059305245043538846,-0.5930524504353885,-0.0357230945635969,0.0,0.0,-0.05611517864354212,0.0,-0.23512070815744743,0.24878215512299967,4.019580904046727
2.0,4.675,Pd,-0.005926017313119963,-0.5926017313119962,-0.035732108946064746,0.0,0.0,-0.056125029136551284,0.0,-0.23512070815744743,0.2486948353705464,4.020992227321632
2.0,4.68,Pd,-0.0059216008667450915,-0.5921600866745091,-0.03574094183881449,0.0,0.0,-0.056134682983425464,0.0,-0.23512070815744743,0.2486093033861989,4.0223756165977544
2.0,4.685,Pd,-0.0059172516293000965,-0.5917251629300097,-0.03574964031370448,0.0,0.0,-0.056144191542069385,0.0,-0.23512070815744743,0.2485251017653442,4.023738418762196
2.0,4.69,Pd,-0.005912982444734465,-0.5912982444734465,-0.03575817868283574,0.0,0.0,-0.05615352665084245,0.0,-0.23512070815744743,0.2484424777111123,4.0250765859886295
2.0,4.695,Pd,-0.005908792840014727,-0.5908792840014727,-0.035766557892275216,0.0,0.0,-0.05616268925729734,0.0,-0.23512070815744743,0.2483614205184775,4.026390241738863
2.0,4.7,Pd,-0.0059046644337219685,-0.5904664433721969,-0.035774814704860734,0.0,0.0,-0.056171719486123706,0.0,-0.23512070815744743,0.24828157321435046,4.027685128032695
2.0,4.705,Pd,-0.005900624309329902,-0.5900624309329903,-0.03578289495364487,0.0,0.0,-0.05618055801810541,0.0,-0.23512070815744743,0.24820345821928166,4.028952727630912
2.0,4.71,Pd,-0.005896642123654438,-0.5896642123654438,-0.035790859324995795,0.0,0.0,-0.05618927115920215,0.0,-0.23512070815744743,0.24812648750831195,4.030202539204933
2.0,4.715,Pd,-0.005892735038692941,-0.5892735038692941,-0.03579867349491879,0.0,0.0,-0.05619782129104324,0.0,-0.23512070815744743,0.2480509915995575,4.031429157172472
2.0,4.72,Pd,-0.005888902693101033,-0.5888902693101032,-0.035806338186102606,0.0,0.0,-0.05620620912973963,0.0,-0.23512070815744743,0.24797696218216964,4.032632673616579
2.0,4.725,Pd,-0.005885122761938994,-0.5885122761938995,-0.03581389804842668,0.0,0.0,-0.05621448347555785,0.0,-0.23512070815744743,0.24790396689679026,4.033820081694496
2.0,4.73,Pd,-0.00588142887887828,-0.588142887887828,-0.03582128581454811,0.0,0.0,-0.056222570637161184,0.0,-0.23512070815744743,0.24783265406887361,4.034980796848894
2.0,4.735,Pd,-0.005877784475029926,-0.5877784475029926,-0.03582857462224482,0.0,0.0,-0.056230550612171276,0.0,-0.23512070815744743,0.24776231657326658,4.0361262916440594
2.0,4.74,Pd,-0.005874210660254127,-0.5874210660254127,-0.03583572225179642,0.0,0.0,-0.05623837712164524,0.0,-0.23512070815744743,0.24769336084278026,4.037249914965365
2.0,4.745,Pd,-0.005870707170104152,-0.5870707170104152,-0.03584272923209637,0.0,0.0,-0.056246050680437046,0.0,-0.23512070815744743,0.247625780634401,4.038351731544533
2.0,4.75,Pd,-0.005867248070078917,-0.5867248070078916,-0.03584964743214684,0.0,0.0,-0.05625362804047615,0.0,-0.23512070815744743,0.24755907477424244,4.039439882831741
2.0,4.755,Pd,-0.005863872987624547,-0.5863872987624548,-0.03585639759705558,0.0,0.0,-0.05626102233904975,0.0,-0.23512070815744743,0.24749400644288924,4.040501886783089
2.0,4.76,Pd,-0.0058605396484028745,-0.5860539648402875,-0.03586306427549892,0.0,0.0,-0.056268326138463186,0.0,-0.23512070815744743,0.24742975966733613,4.041551029853798
2.0,4.765,Pd,-0.005857272779257357,-0.5857272779257356,-0.03586959801378996,0.0,0.0,-0.05627548521290765,0.0,-0.23512070815744743,0.24736681021819623,4.042579516297778
2.0,4.77,Pd,-0.005854072199880971,-0.5854072199880971,-0.03587599917254273,0.0,0.0,-0.056282499902106146,0.0,-0.23512070815744743,0.24730515364066136,4.043587386994034
2.0,4.775,Pd,-0.005850908665562055,-0.5850908665562056,-0.03588232624118056,0.0,0.0,-0.056289434259143144,0.0,-0.23512070815744743,0.24724422580847893,4.044583839036237
2.0,4.78,Pd,-0.005847827299181936,-0.5847827299181936,-0.0358884889739408,0.0,0.0,-0.05629618932827803,0.0,-0.23512070815744743,0.24718489491392362,4.045554645837994
2.0,4.785,Pd,-0.0058447805878870905,-0.5844780587887091,-0.03589458239653049,0.0,0.0,-0.05630286922245955,0.0,-0.23512070815744743,0.24712624529215588,4.046514763406805
2.0,4.79,Pd,-0.005841796578779382,-0.5841796578779381,-0.03590055041474591,0.0,0.0,-0.05630941241082433,0.0,-0.23512070815744743,0.24706881618551885,4.047455342357413
2.0,4.795,Pd,-0.005838875164638015,-0.5838875164638015,-0.03590639324302864,0.0,0.0,-0.05631581908067755,0.0,-0.23512070815744743,0.24701260468669264,4.04837640276854
2.0,4.8,Pd,-0.0058359840597048546,-0.5835984059704855,-0.03591217545289496,0.0,0.0,-0.05632215999996916,0.0,-0.23512070815744743,0.24695698896379914,4.049288113674677
2.0,4.805,Pd,-0.005833173434564406,-0.5833173434564406,-0.03591779670317586,0.0,0.0,-0.0563283250912852,0.0,-0.23512070815744743,0.24690293342187658,4.050174642078173
2.0,4.81,Pd,-0.0058303909581938415,-0.5830390958193842,-0.03592336165591699,0.0,0.0,-0.05633442910315804,0.0,-0.23512070815744743,0.24684943090799222,4.0510524829718095
2.0,4.815,Pd,-0.0058276677310369965,-0.5827667731036996,-0.03592880811023068,0.0,0.0,-0.05634040377852321,0.0,-0.23512070815744743,0.24679707888656127,4.051911815616115
2.0,4.82,Pd,-0.00582500370934495,-0.5825003709344949,-0.03593413615361477,0.0,0.0,-0.056346249172089496,0.0,-0.23512070815744743,0.2467458757896789,4.052752641962613
2.0,4.825,Pd,-0.00582236380903714,-0.582236380903714,-0.03593941595423039,0.0,0.0,-0.056352042236795435,0.0,-0.23512070815744743,0.24669514679052404,4.05358602716708
2.0,4.83,Pd,-0.005819802844948686,-0.5819802844948686,-0.0359445378824073,0.0,0.0,-0.05635766265099225,0.0,-0.23512070815744743,0.2466459446163212,4.0543946569062195
2.0,4.835,Pd,-0.005817264047364289,-0.5817264047364289,-0.035949615477576094,0.0,0.0,-0.056363234970828895,0.0,-0.23512070815744743,0.24659717799916836,4.055196446746736
2.0,4.84,Pd,-0.005814781329275497,-0.5814781329275497,-0.03595458091375368,0.0,0.0,-0.05636868473653957,0.0,-0.23512070815744743,0.24654949791272238,4.055980679198123
2.0,4.845,Pd,-0.005812354702013845,-0.5812354702013846,-0.03595943416827698,0.0,0.0,-0.056374011887592446,0.0,-0.23512070815744743,0.2465029039479783,4.0567473404331125
2.0,4.85,Pd,-0.005809946502649519,-0.5809946502649519,-0.03596425056700563,0.0,0.0,-0.05637929908178759,0.0,-0.23512070815744743,0.2464566725250066,4.057508322881928
2.0,4.855,Pd,-0.005807615825713028,-0.5807615825713028,-0.035968911920878616,0.0,0.0,-0.05638441654792084,0.0,-0.23512070815744743,0.24641193759584695,4.058244944448073
2.0,4.86,Pd,-0.00580530180628535,-0.580530180628535,-0.03597353995973397,0.0,0.0,-0.056389497898707536,0.0,-0.23512070815744743,0.24636753042341364,4.058976433628953
2.0,4.865,Pd,-0.005803040952092692,-0.5803040952092692,-0.03597806166811929,0.0,0.0,-0.05639446294632659,0.0,-0.23512070815744743,0.24632415124719145,4.059691243983945
2.0,4.87,Pd,-0.005800833322196081,-0.5800833322196081,-0.03598247692791251,0.0,0.0,-0.05639931153025669,0.0,-0.23512070815744743,0.24628180065986585,4.060389347977348
2.0,4.875,Pd,-0.005798638873772629,-0.5798638873772629,-0.03598686582475941,0.0,0.0,-0.05640413157705483,0.0,-0.23512070815744743,0.24623971015869844,4.061083402654724
2.0,4.88,Pd,-0.005796520650787541,-0.5796520650787541,-0.03599110227072959,0.0,0.0,-0.05640878458745262,0.0,-0.23512070815744743,0.24619908851847275,4.061753461467297
2.0,4.885,Pd,-0.0057944140048041826,-0.5794414004804183,-0.035995315562696306,0.0,0.0,-0.05641341254784773,0.0,-0.23512070815744743,0.24615869553945144,4.062419967771286
2.0,4.89,Pd,-0.0057923578407605494,-0.5792357840760549,-0.03599942789078357,0.0,0.0,-0.0564179299737424,0.0,-0.23512070815744743,0.24611927689553945,4.063070607933041
2.0,4.895,Pd,-0.005790352258986959,-0.5790352258986959,-0.03600343905433075,0.0,0.0,-0.05642233661806929,0.0,-0.23512070815744743,0.2460808340437319,4.063705342539136
2.0,4.9,Pd,-0.0057883550175568885,-0.5788355017556889,-0.036007433537190894,0.0,0.0,-0.05642672527912274,0.0,-0.23512070815744743,0.24604255702626607,4.064337536100496
2.0,4.905,Pd,-0.005786432809948991,-0.5786432809948991,-0.03601127795240669,0.0,0.0,-0.05643094938612229,0.0,-0.23512070815744743,0.2460057236502503,4.064946071830888
2.0,4.91,Pd,-0.005784517487699915,-0.5784517487699915,-0.03601510859690484,0.0,0.0,-0.05643515867686581,0.0,-0.23512070815744743,0.24596902769608747,4.0655525184072046
2.0,4.915,Pd,-0.005782650173410089,-0.5782650173410089,-0.036018843225484494,0.0,0.0,-0.05643926276311465,0.0,-0.23512070815744743,0.2459332568035653,4.066143851373187
2.0,4.92,Pd,-0.005780831002986386,-0.5780831002986385,-0.0360224815663319,0.0,0.0,-0.056443261323136,0.0,-0.23512070815744743,0.24589841317358344,4.066720021060424
2.0,4.925,Pd,-0.005779015700048025,-0.5779015700048025,-0.03602611217220862,0.0,0.0,-0.056447251664758516,0.0,-0.23512070815744743,0.24586364854068657,4.067295047216041
2.0,4.93,Pd,-0.005777274334596065,-0.5777274334596065,-0.03602959490311254,0.0,0.0,-0.05645107974443395,0.0,-0.23512070815744743,0.24583030449383506,4.067846728901066
2.0,4.935,Pd,-0.0057755355165553385,-0.5775535516555339,-0.036033072539193994,0.0,0.0,-0.05645490248312184,0.0,-0.23512070815744743,0.24579701373757581,4.068397678206319
2.0,4.94,Pd,-0.005773842422611523,-0.5773842422611524,-0.036036458727081624,0.0,0.0,-0.05645862494751618,0.0,-0.23512070815744743,0.24576460272970863,4.06893421140797
2.0,4.945,Pd,-0.005772195219216909,-0.5772195219216909,-0.03603975313387085,0.0,0.0,-0.05646224675174763,0.0,-0.23512070815744743,0.24573307430918145,4.069456270024928
2.0,4.95,Pd,-0.005770547745807961,-0.5770547745807961,-0.03604304808068875,0.0,0.0,-0.05646586938207048,0.0,-0.23512070815744743,0.2457015447661078,4.0699784812176745
2.0,4.955,Pd,-0.005768973199890944,-0.5768973199890944,-0.03604619717252278,0.0,0.0,-0.05646933186930828,0.0,-0.23512070815744743,0.24567141469894196,4.070477638700661
2.0,4.96,Pd,-0.005767397185826712,-0.5767397185826713,-0.03604934920065125,0.0,0.0,-0.056472797797675243,0.0,-0.23512070815744743,0.24564126023770544,4.070977322915159
2.0,4.965,Pd,-0.005765864785046426,-0.5765864785046426,-0.03605241400221182,0.0,0.0,-0.05647616801684381,0.0,-0.23512070815744743,0.2456119437946299,4.0714632381076585
2.0,4.97,Pd,-0.005764376190088041,-0.5764376190088041,-0.03605539119212859,0.0,0.0,-0.056479442086166357,0.0,-0.23512070815744743,0.2455834687533498,4.07193531826991
2.0,4.975,Pd,-0.005762883493632073,-0.5762883493632073,-0.036058376585040526,0.0,0.0,-0.05648272536706173,0.0,-0.23512070815744743,0.24555491857023845,4.072408754109156
2.0,4.98,Pd,-0.005761462793075656,-0.5761462793075656,-0.03606121798615336,0.0,0.0,-0.05648585046566991,0.0,-0.23512070815744743,0.24552774850552106,4.072859406265901
2.0,4.985,Pd,-0.005760036903260209,-0.576003690326021,-0.03606406976578425,0.0,0.0,-0.05648898715288644,0.0,-0.23512070815744743,0.24550048222206255,4.073311754619977
2.0,4.99,Pd,-0.005758652673744799,-0.57586526737448,-0.03606683822481507,0.0,0.0,-0.056492032361964956,0.0,-0.23512070815744743,0.24547401547564726,4.073750934746928
2.0,4.995,Pd,-0.005757310319193826,-0.5757310319193826,-0.03606952293391702,0.0,0.0,-0.056494985605808505,0.0,-0.23512070815744743,0.24544835211210644,4.074176874258494
2.0,5.0,Pd,-0.005755960311449235,-0.5755960311449235,-0.0360722229494062,0.0,0.0,-0.05649795584275203,0.0,-0.23512070815744743,0.24542254513949707,4.0746052871043466
2.0,5.005,Pd,-0.0057546814393460675,-0.5754681439346068,-0.036074780693612536,0.0,0.0,-0.056500769713731705,0.0,-0.23512070815744743,0.24539810051034985,4.075011167243424
2.0,5.01,Pd,-0.005753393926313192,-0.5753393926313192,-0.03607735571967829,0.0,0.0,-0.05650360273870544,0.0,-0.23512070815744743,0.24537349317613327,4.0754198306260525
2.0,5.015,Pd,-0.005752146264821911,-0.575214626482191,-0.03607985104266085,0.0,0.0,-0.0565063482104504,0.0,-0.23512070815744743,0.24534964985062674,4.075815884020287
2.0,5.02,Pd,-0.005750938688136788,-0.5750938688136787,-0.036082266196031096,0.0,0.0,-0.05650900560285663,0.0,-0.23512070815744743,0.24532657476872838,4.0761992496846675
2.0,5.025,Pd,-0.005749720162848016,-0.5749720162848017,-0.03608470324660864,0.0,0.0,-0.056511687215429554,0.0,-0.23512070815744743,0.24530329267431472,4.076586127719387
2.0,5.03,Pd,-0.0057485719779676175,-0.5748571977967618,-0.036086999616369436,0.0,0.0,-0.05651421414608455,0.0,-0.23512070815744743,0.2452813565804899,4.076950706491411
2.0,5.035,Pd,-0.0057474119474967,-0.57474119474967,-0.03608931967731127,0.0,0.0,-0.05651676726131734,0.0,-0.23512070815744743,0.24525919616851632,4.077319079660137
2.0,5.04,Pd,-0.005746290091845952,-0.5746290091845953,-0.03609156338861277,0.0,0.0,-0.05651923646716092,0.0,-0.23512070815744743,0.24523776692602706,4.077675361893332
2.0,5.045,Pd,-0.005745206659733715,-0.5745206659733715,-0.03609373025283724,0.0,0.0,-0.05652162120514297,0.0,-0.23512070815744743,0.24521707341202162,4.078019471016881
2.0,5.05,Pd,-0.00574410921878328,-0.574410921878328,-0.03609592513473811,0.0,0.0,-0.056524036880501505,0.0,-0.23512070815744743,0.24519611410987563,4.078368059095287
2.0,5.055,Pd,-0.0057430813823912165,-0.5743081382391216,-0.03609798080752224,0.0,0.0,-0.05652629943667457,0.0,-0.23512070815744743,0.24517648576397863,4.078694565198472
2.0,5.06,Pd,-0.005742038722591283,-0.5742038722591283,-0.036100066127122105,0.0,0.0,-0.05652859471586057,0.0,-0.23512070815744743,0.2451565759444398,4.079025806864881
2.0,5.065,Pd,-0.005741032681980406,-0.5741032681980406,-0.03610207820834386,0.0,0.0,-0.05653080947103952,0.0,-0.23512070815744743,0.24513736690903865,4.0793454405140235
2.0,5.07,Pd,-0.005740063521919341,-0.5740063521919341,-0.03610401652846599,0.0,0.0,-0.05653294311733218,0.0,-0.23512070815744743,0.24511886348306688,4.079653380365324
2.0,5.075,Pd,-0.005739077508959807,-0.5739077508959807,-0.03610598855438506,0.0,0.0,-0.05653511394862673,0.0,-0.23512070815744743,0.24510003973100988,4.079966698893524
2.0,5.08,Pd,-0.005738160419032724,-0.5738160419032724,-0.03610782273423922,0.0,0.0,-0.05653713311203611,0.0,-0.23512070815744743,0.2450825330706165,4.080258137824397
2.0,5.085,Pd,-0.00573722573655441,-0.573722573655441,-0.03610969209919585,0.0,0.0,-0.05653919108329375,0.0,-0.23512070815744743,0.2450646918663189,4.080555188853942
2.0,5.09,Pd,-0.005736326228874499,-0.5736326228874499,-0.03611149111455567,0.0,0.0,-0.056541171677890516,0.0,-0.23512070815744743,0.24504752330440102,4.080841081416635
2.0,5.095,Pd,-0.005735462167477508,-0.5735462167477507,-0.036113219237349656,0.0,0.0,-0.056543074289886794,0.0,-0.23512070815744743,0.24503103242486254,4.081115726868778
2.0,5.1,Pd,-0.005734578608157296,-0.5734578608157296,-0.03611498635599008,0.0,0.0,-0.05654501990136094,0.0,-0.23512070815744743,0.24501417056904407,4.081396588929961
2.0,5.105,Pd,-0.005733763340125628,-0.5733763340125628,-0.036116616892053414,0.0,0.0,-0.05654681519373271,0.0,-0.23512070815744743,0.24499861301422202,4.0816557599938355
2.0,5.11,Pd,-0.005732927902667464,-0.5732927902667464,-0.036118287766969744,0.0,0.0,-0.05654865496009982,0.0,-0.23512070815744743,0.2449826715961178,4.0819213599262865
2.0,5.115,Pd,-0.005732126297977456,-0.5732126297977456,-0.03611989097634976,0.0,0.0,-0.05655042027759224,0.0,-0.23512070815744743,0.24496737673382651,4.082176220087327
2.0,5.12,Pd,-0.005731358805402282,-0.5731358805402282,-0.03612142596150011,0.0,0.0,-0.056552110524020455,0.0,-0.23512070815744743,0.2449527336359116,4.0824202496403315
2.0,5.125,Pd,-0.005730569353425721,-0.5730569353425721,-0.03612300486545323,0.0,0.0,-0.05655384918427667,0.0,-0.23512070815744743,0.2449376724847394,4.0826712765563
2.0,5.13,Pd,-0.005729847606687041,-0.5729847606687041,-0.03612444835893059,0.0,0.0,-0.05655543877975903,0.0,-0.23512070815744743,0.24492390382325194,4.082900788326667
2.0,5.135,Pd,-0.0057291032910790456,-0.5729103291079045,-0.03612593699014658,0.0,0.0,-0.056557078128356454,0.0,-0.23512070815744743,0.24490970542926205,4.083137490395752
2.0,5.14,Pd,-0.005728391560545082,-0.5728391560545082,-0.03612736045121451,0.0,0.0,-0.056558645753058294,0.0,-0.23512070815744743,0.24489612939050673,4.083363842820966
2.0,5.145,Pd,-0.005727712700263055,-0.5727712700263056,-0.03612871817177856,0.0,0.0,-0.05656014101975301,0.0,-0.23512070815744743,0.24488318104281992,4.083579753176848
2.0,5.15,Pd,-0.005727009588624602,-0.5727009588624602,-0.03613012439505547,0.0,0.0,-0.05656168974448281,0.0,-0.23512070815744743,0.24486977085483355,4.083803388670753
2.0,5.155,Pd,-0.005726373638181521,-0.5726373638181521,-0.03613139629594163,0.0,0.0,-0.05656309057161321,0.0,-0.23512070815744743,0.2448576422399581,4.084005673059654
2.0,5.16,Pd,-0.005725712883415283,-0.5725712883415283,-0.036132717805474106,0.0,0.0,-0.05656454607272035,0.0,-0.23512070815744743,0.24484504120242315,4.084215857870939
2.0,5.165,Pd,-0.005725083553104953,-0.5725083553104953,-0.036133976466094765,0.0,0.0,-0.05656593238731138,0.0,-0.23512070815744743,0.24483304005334133,4.084416056681451
2.0,5.17,Pd,-0.005724485936431812,-0.5724485936431812,-0.03613517169944105,0.0,0.0,-0.05656724887325453,0.0,-0.23512070815744743,0.2448216442187758,4.084606176022521
2.0,5.175,Pd,-0.0057238619332521945,-0.5723861933252195,-0.03613641970580028,0.0,0.0,-0.05656862351856217,0.0,-0.23512070815744743,0.24480974579118742,4.084804699127291
2.0,5.18,Pd,-0.005723304585906766,-0.5723304585906765,-0.03613753440049114,0.0,0.0,-0.056569851352910004,0.0,-0.23512070815744743,0.2447991188390103,4.084982024210799
2.0,5.185,Pd,-0.005722720350571739,-0.572272035057174,-0.036138702871161194,0.0,0.0,-0.056571138450019445,0.0,-0.23512070815744743,0.2447879797082607,4.085167912214497
2.0,5.19,Pd,-0.005722166459570292,-0.5722166459570293,-0.03613981065316409,0.0,0.0,-0.056572358724219486,0.0,-0.23512070815744743,0.24477741959582205,4.085344153276908
2.0,5.195,Pd,-0.0057216432044389885,-0.5721643204438989,-0.036140857163426694,0.0,0.0,-0.05657351152888203,0.0,-0.23512070815744743,0.2447674439846938,4.085510653379759
2.0,5.2,Pd,-0.00572109157290485,-0.572109157290485,-0.03614196042649497,0.0,0.0,-0.056574726876188634,0.0,-0.23512070815744743,0.24475692783110417,4.0856861902191195
2.0,5.205,Pd,-0.00572060612751547,-0.572060612751547,-0.03614293131727373,0.0,0.0,-0.056575796424653546,0.0,-0.23512070815744743,0.24474767380593615,4.085840671944093
2.0,5.21,Pd,-0.005720091851167522,-0.5720091851167521,-0.03614395986996963,0.0,0.0,-0.056576929516444954,0.0,-0.23512070815744743,0.2447378705590825,4.086004334823976
2.0,5.215,Pd,-0.0057196069135535335,-0.5719606913553533,-0.036144929745197604,0.0,0.0,-0.05657799798775017,0.0,-0.23512070815744743,0.24472862693321626,4.086158666974783
2.0,5.22,Pd,-0.005719151607077422,-0.5719151607077422,-0.03614584035814983,0.0,0.0,-0.05657900119063118,0.0,-0.23512070815744743,0.2447199484383031,4.0863035742756875
2.0,5.225,Pd,-0.0057186660690471194,-0.5718666069047119,-0.03614681143421043,0.0,0.0,-0.05658007102402897,0.0,-0.23512070815744743,0.24471069404558068,4.08645810883008
2.0,5.23,Pd,-0.005718246280419243,-0.5718246280419244,-0.036147651011466185,0.0,0.0,-0.05658099600164776,0.0,-0.23512070815744743,0.2447026931236853,4.086591721712472
2.0,5.235,Pd,-0.005717795848467117,-0.5717795848467118,-0.03614855187537044,0.0,0.0,-0.05658198851670583,0.0,-0.23512070815744743,0.24469410844916542,4.086735092797493
2.0,5.24,Pd,-0.005717373818741246,-0.5717373818741246,-0.03614939593482218,0.0,0.0,-0.05658291846399725,0.0,-0.23512070815744743,0.24468606535914367,4.0868694281066915
2.0,5.245,Pd,-0.005716980483169213,-0.5716980483169213,-0.036150182605966245,0.0,0.0,-0.05658378519715557,0.0,-0.23512070815744743,0.24467856936356053,4.086994633821527
2.0,5.25,Pd,-0.005716555186064752,-0.5716555186064752,-0.03615103320017517,0.0,0.0,-0.05658472237397019,0.0,-0.23512070815744743,0.24467046451922492,4.087130017777136
2.0,5.255,Pd,-0.005716195232096745,-0.5716195232096745,-0.03615175310811118,0.0,0.0,-0.05658551557398881,0.0,-0.23512070815744743,0.24466360512226384,4.087244604690092
2.0,5.26,Pd,-0.005715802943841136,-0.5715802943841136,-0.0361525376846224,0.0,0.0,-0.056586380038995666,0.0,-0.23512070815744743,0.24465612977185708,4.087369488483712
2.0,5.265,Pd,-0.005715438185453833,-0.5715438185453833,-0.036153267201397006,0.0,0.0,-0.056587183849727794,0.0,-0.23512070815744743,0.24464917922890103,4.08748561164953
2.0,5.27,Pd,-0.005715101247169469,-0.571510124716947,-0.03615394107796573,0.0,0.0,-0.056587926364002915,0.0,-0.23512070815744743,0.24464275897893417,4.087592881038873
2.0,5.275,Pd,-0.005714730733819073,-0.5714730733819072,-0.036154682104666526,0.0,0.0,-0.05658874287923526,0.0,-0.23512070815744743,0.24463569916145436,4.087710842807211
2.0,5.28,Pd,-0.0057144251855713035,-0.5714425185571304,-0.036155293201162064,0.0,0.0,-0.056589416237111605,0.0,-0.23512070815744743,0.24462987735215602,4.087808123945767
2.0,5.285,Pd,-0.005714085725079521,-0.5714085725079522,-0.03615597212214563,0.0,0.0,-0.05659016433914899,0.0,-0.23512070815744743,0.24462340955330306,4.087916204855699
2.0,5.29,Pd,-0.005713772981744129,-0.571377298174413,-0.03615659760881641,0.0,0.0,-0.05659085357074824,0.0,-0.23512070815744743,0.24461745095234833,4.088015781812724
2.0,5.295,Pd,-0.005713487243005022,-0.5713487243005022,-0.03615716908629463,0.0,0.0,-0.05659148329627993,0.0,-0.23512070815744743,0.24461200698840407,4.088106762671734
2.0,5.3,Pd,-0.005713166424139032,-0.5713166424139031,-0.03615781072402661,0.0,0.0,-0.05659219034152589,0.0,-0.23512070815744743,0.24460589481373127,4.0882089156580035
2.0,5.305,Pd,-0.005712910218535424,-0.5712910218535424,-0.03615832313523382,0.0,0.0,-0.05659275499344807,0.0,-0.23512070815744743,0.2446010137472531,4.088290496756906
2.0,5.31,Pd,-0.005712618628069179,-0.5712618628069179,-0.03615890631616631,0.0,0.0,-0.05659339763697793,0.0,-0.23512070815744743,0.24459545866934795,4.088383347099802
2.0,5.315,Pd,-0.005712352997583978,-0.5712352997583978,-0.036159437577136716,0.0,0.0,-0.05659398307300751,0.0,-0.23512070815744743,0.2445903982637797,4.088467932913479
2.0,5.32,Pd,-0.005712113610726998,-0.5712113610726998,-0.036159916350850675,0.0,0.0,-0.05659451067460833,0.0,-0.23512070815744743,0.24458583790332725,4.088544163359331
2.0,5.325,Pd,-0.005711837739870957,-0.5711837739870957,-0.03616046809256276,0.0,0.0,-0.05659511869197154,0.0,-0.23512070815744743,0.24458058262192323,4.088632013547113
2.0,5.33,Pd,-0.005711626154774673,-0.5711626154774673,-0.036160891262755325,0.0,0.0,-0.056595585028413366,0.0,-0.23512070815744743,0.2445765520471468,4.08869939342031
2.0,5.335,Pd,-0.005711377810522264,-0.5711377810522265,-0.03616138795126014,0.0,0.0,-0.05659613238743922,0.0,-0.23512070815744743,0.244571821316255,4.088778480767428
2.0,5.34,Pd,-0.0057111547208603605,-0.5711154720860361,-0.03616183413058395,0.0,0.0,-0.05659662408901782,0.0,-0.23512070815744743,0.2445675717402361,4.088849526878958
2.0,5.345,Pd,-0.005710957164737778,-0.5710957164737778,-0.036162229242829115,0.0,0.0,-0.05659705951687289,0.0,-0.23512070815744743,0.24456380860750632,4.088912442498278
2.0,5.35,Pd,-0.0057107218152680946,-0.5710721815268095,-0.03616269994176848,0.0,0.0,-0.05659757824834659,0.0,-0.23512070815744743,0.2445593256466655,4.088987395413334
2.0,5.355,Pd,-0.005710550446703891,-0.571055044670389,-0.03616304267889689,0.0,0.0,-0.05659795596312104,0.0,-0.23512070815744743,0.2445560614523773,4.089041972875946
2.0,5.36,Pd,-0.005710341036597271,-0.5710341036597271,-0.03616346149911013,0.0,0.0,-0.056598417528974806,0.0,-0.23512070815744743,0.24455207270951274,4.089108666798477
2.0,5.365,Pd,-0.005710156224046799,-0.57101562240468,-0.03616383112421107,0.0,0.0,-0.056598824881890254,0.0,-0.23512070815744743,0.24454855254309538,4.089167527678479
2.0,5.37,Pd,-0.005709996282480565,-0.5709996282480565,-0.03616415100734354,0.0,0.0,-0.05659917741801675,0.0,-0.23512070815744743,0.24454550614083678,4.0892184680919375
2.0,5.375,Pd,-0.005709797326642278,-0.5709797326642279,-0.036164548919020115,0.0,0.0,-0.05659961595074081,0.0,-0.23512070815744743,0.2445417166878621,4.0892818351987765
2.0,5.38,Pd,-0.005709662067963816,-0.5709662067963815,-0.03616481943637704,0.0,0.0,-0.056599914085961364,0.0,-0.23512070815744743,0.24453914048937125,4.089324915425816
2.0,5.385,Pd,-0.00570948757138633,-0.570948757138633,-0.03616516842953201,0.0,0.0,-0.056600298711110636,0.0,-0.23512070815744743,0.2445358169880478,4.089380493692166
2.0,5.39,Pd,-0.005709337060550733,-0.5709337060550733,-0.036165469451203205,0.0,0.0,-0.05660063046901557,0.0,-0.23512070815744743,0.24453295036087788,4.089428432954396
2.0,5.395,Pd,-0.005709210802617114,-0.5709210802617114,-0.03616572196707044,0.0,0.0,-0.056600908769864205,0.0,-0.23512070815744743,0.24453054568004237,4.089468647849241
2.0,5.4,Pd,-0.005709044392321731,-0.570904439232173,-0.03616605478766121,0.0,0.0,-0.05660127557762844,0.0,-0.23512070815744743,0.24452737630227855,4.0895216524297275
2.0,5.405,Pd,-0.005708941415143467,-0.5708941415143467,-0.03616626074201774,0.0,0.0,-0.05660150256494658,0.0,-0.23512070815744743,0.244525415064518,4.089554452800541
2.0,5.41,Pd,-0.0057087980843542815,-0.5708798084354282,-0.03616654740359611,0.0,0.0,-0.05660181850317708,0.0,-0.23512070815744743,0.24452268530376547,4.089600107072768
2.0,5.415,Pd,-0.005708678169843426,-0.5708678169843426,-0.03616678723261782,0.0,0.0,-0.056602082827212276,0.0,-0.23512070815744743,0.24452040153367316,4.089638303093858
2.0,5.42,Pd,-0.0057085819318234594,-0.570858193182346,-0.03616697970865775,0.0,0.0,-0.05660229496274667,0.0,-0.23512070815744743,0.2445185686974293,4.089668957769068
2.0,5.425,Pd,-0.005708444481063755,-0.5708444481063755,-0.03616725461017716,0.0,0.0,-0.05660259794407413,0.0,-0.23512070815744743,0.24451595099559423,4.089712740327596
2.0,5.43,Pd,-0.0057083702178011425,-0.5708370217801142,-0.036167403136702386,0.0,0.0,-0.05660276164251197,0.0,-0.23512070815744743,0.2445145366892896,4.089736395798519
2.0,5.435,Pd,-0.005708254560922856,-0.5708254560922856,-0.03616763445045896,0.0,0.0,-0.05660301658579954,0.0,-0.23512070815744743,0.24451233407878512,4.08977323686987
2.0,5.44,Pd,-0.005708161790582051,-0.5708161790582051,-0.03616781999114057,0.0,0.0,-0.05660322108095809,0.0,-0.23512070815744743,0.2445105673419371,4.089802787956991
2.0,5.445,Pd,-0.005708092159427823,-0.5708092159427823,-0.036167959253449025,0.0,0.0,-0.05660337457051982,0.0,-0.23512070815744743,0.2445092412807537,4.0898249684222225
2.0,5.45,Pd,-0.005707980328171269,-0.5707980328171269,-0.03616818291596213,0.0,0.0,-0.05660362108361293,0.0,-0.23512070815744743,0.24450711157254923,4.0898605916551585
2.0,5.455,Pd,-0.005707931456043397,-0.5707931456043397,-0.03616828066021788,0.0,0.0,-0.05660372881429108,0.0,-0.23512070815744743,0.24450618086030007,4.089876159700664
2.0,5.46,Pd,-0.005707840221475045,-0.5707840221475046,-0.03616846312935458,0.0,0.0,-0.05660392992664615,0.0,-0.23512070815744743,0.24450444341462907,4.089905222312081
2.0,5.465,Pd,-0.005707771381020948,-0.5707771381020947,-0.036168600810262776,0.0,0.0,-0.05660408167514731,0.0,-0.23512070815744743,0.24450313244439575,4.08992715145446
2.0,5.47,Pd,-0.005707725179205321,-0.5707725179205321,-0.03616869321389403,0.0,0.0,-0.056604183520378715,0.0,-0.23512070815744743,0.24450225259933303,4.089941869119319
2.0,5.475,Pd,-0.00570763585863349,-0.570763585863349,-0.03616887185503769,0.0,0.0,-0.056604380415201765,0.0,-0.23512070815744743,0.24450055163047943,4.089970322485522
2.0,5.48,Pd,-0.005707609285006129,-0.5707609285006129,-0.036168925002292414,0.0,0.0,-0.05660443899321304,0.0,-0.23512070815744743,0.244500045580109,4.089978787641395
2.0,5.485,Pd,-0.005707539447140187,-0.5707539447140187,-0.0361690646780243,0.0,0.0,-0.05660459294174717,0.0,-0.23512070815744743,0.24449871563953454,4.090001034910564
2.0,5.49,Pd,-0.0057074915460802005,-0.57074915460802,-0.03616916048014427,0.0,0.0,-0.05660469853367464,0.0,-0.23512070815744743,0.2444978034514217,4.090016294149187
2.0,5.495,Pd,-0.005707465817713926,-0.5707465817713926,-0.03616921193687682,0.0,0.0,-0.05660475524873858,0.0,-0.23512070815744743,0.24449731350312848,4.090024490134958
2.0,5.5,Pd,-0.005707396116696618,-0.5707396116696618,-0.036169351338911436,0.0,0.0,-0.056604908896465654,0.0,-0.23512070815744743,0.24449598618342275,4.090046694058169
2.0,5.505,Pd,-0.005707388965648,-0.5707388965647999,-0.03616936564100867,0.0,0.0,-0.05660492466013816,0.0,-0.23512070815744743,0.2444958500060798,4.0900489720996624
2.0,5.51,Pd,-0.005707337711782761,-0.5707337711782761,-0.03616946814873915,0.0,0.0,-0.056605037643577175,0.0,-0.23512070815744743,0.2444948739814877,4.090065299592811
2.0,5.515,Pd,-0.005707307970510941,-0.5707307970510941,-0.03616952763128279,0.0,0.0,-0.05660510320500273,0.0,-0.23512070815744743,0.2444943076218385,4.09007477403813
2.0,5.52,Pd,-0.005707299968621227,-0.5707299968621228,-0.03616954363506222,0.0,0.0,-0.05660512084431841,0.0,-0.23512070815744743,0.24449415524298873,4.090077323141559
2.0,5.525,Pd,-0.005707247201322867,-0.5707247201322867,-0.03616964916965894,0.0,0.0,-0.056605237164358786,0.0,-0.23512070815744743,0.24449315040519579,4.090094132873298
2.0,5.53,Pd,-0.005707256801335537,-0.5707256801335537,-0.0361696299696336,0.0,0.0,-0.05660521600210802,0.0,-0.23512070815744743,0.24449333321613417,4.090091074655159
2.0,5.535,Pd,-0.00570722151968207,-0.570722151968207,-0.03616970053294053,0.0,0.0,-0.056605293776960726,0.0,-0.23512070815744743,0.24449266135600775,4.09010231412996
2.0,5.54,Pd,-0.00570720735765896,-0.570720735765896,-0.03616972885698675,0.0,0.0,-0.05660532499574482,0.0,-0.23512070815744743,0.24449239167249295,4.090106825653449
2.0,5.545,Pd,-0.005707214532533103,-0.5707214532533103,-0.036169714507238465,0.0,0.0,-0.056605309179439796,0.0,-0.23512070815744743,0.24449252830161264,4.090104539989757
2.0,5.55,Pd,-0.00570717620706046,-0.570717620706046,-0.03616979115818375,0.0,0.0,-0.056605393664229495,0.0,-0.23512070815744743,0.24449179848125163,4.0901167491582875
2.0,5.555,Pd,-0.005707200079746129,-0.5707200079746129,-0.03616974341281241,0.0,0.0,-0.05660534103919303,0.0,-0.23512070815744743,0.2444922530813143,4.090109144142966
2.0,5.56,Pd,-0.0057071783484457,-0.57071783484457,-0.03616978687541327,0.0,0.0,-0.056605388943749974,0.0,-0.23512070815744743,0.2444918392589443,4.090116066986137
2.0,5.565,Pd,-0.0057071773733713,-0.5707177373371299,-0.03616978882556207,0.0,0.0,-0.05660539109320843,0.0,-0.23512070815744743,0.24449182069092332,4.090116377611501
2.0,5.57,Pd,-0.0057071973618855985,-0.5707197361885599,-0.036169748848533474,0.0,0.0,-0.056605347030452356,0.0,-0.23512070815744743,0.24449220132590635,4.090110009958997
2.0,5.575,Pd,-0.005707171169893326,-0.5707171169893326,-0.03616980123251802,0.0,0.0,-0.05660540476818558,0.0,-0.23512070815744743,0.2444917025601663,4.09011835382803
2.0,5.58,Pd,-0.005707207019670736,-0.5707207019670736,-0.0361697295329632,0.0,0.0,-0.056605325740806754,0.0,-0.23512070815744743,0.2444923852362797,4.090106933324695
2.0,5.585,Pd,-0.005707196596743066,-0.5707196596743066,-0.03616975037881854,0.0,0.0,-0.056605348717134796,0.0,-0.23512070815744743,0.24449218675552714,4.090110253706884
2.0,5.59,Pd,-0.005707206594650769,-0.5707206594650769,-0.03616973038300313,0.0,0.0,-0.05660532667772166,0.0,-0.23512070815744743,0.24449237714274605,4.0901070687212195
2.0,5.595,Pd,-0.005707237210503688,-0.5707237210503688,-0.036169669151297296,0.0,0.0,-0.05660525918811112,0.0,-0.23512070815744743,0.24449296015235988,4.090097315590736
2.0,5.6,Pd,-0.005707221017688599,-0.57072210176886,-0.03616970153692747,0.0,0.0,-0.05660529488355557,0.0,-0.23512070815744743,0.24449265179667895,4.0901024740473755
2.0,5.605,Pd,-0.0057072667223426535,-0.5707266722342653,-0.036169610127619364,0.0,0.0,-0.05660519413226599,0.0,-0.23512070815744743,0.24449352213984304,4.090087914182158
2.0,5.61,Pd,-0.00570726553649456,-0.570726553649456,-0.03616961249931555,0.0,0.0,-0.05660519674634596,0.0,-0.23512070815744743,0.24449349955797275,4.0900882919502175
2.0,5.615,Pd,-0.005707284462693054,-0.5707284462693054,-0.03616957464691856,0.0,0.0,-0.05660515502550521,0.0,-0.23512070815744743,0.24449385996607034,4.090082262756108
2.0,5.62,Pd,-0.005707323687479941,-0.5707323687479942,-0.03616949619734479,0.0,0.0,-0.056605068558630484,0.0,-0.23512070815744743,0.24449460691812422,4.090069767202994
2.0,5.625,Pd,-0.005707315524893675,-0.5707315524893675,-0.03616951252251732,0.0,0.0,-0.056605086552173674,0.0,-0.23512070815744743,0.2444944514789635,4.090072367495181
2.0,5.63,Pd,-0.005707369126949486,-0.5707369126949486,-0.0361694053184057,0.0,0.0,-0.05660496839231333,0.0,-0.23512070815744743,0.2444954722183515,4.090055291931665
2.0,5.635,Pd,-0.005707375269181931,-0.5707375269181931,-0.03616939303394081,0.0,0.0,-0.05660495485245049,0.0,-0.23512070815744743,0.2444955891846335,4.090053335256037
2.0,5.64,Pd,-0.005707401239986733,-0.5707401239986732,-0.036169341092331206,0.0,0.0,-0.056604897602758594,0.0,-0.23512070815744743,0.24449608374622872,4.090045061981181
2.0,5.645,Pd,-0.005707447215052418,-0.5707447215052418,-0.036169249142199836,0.0,0.0,-0.05660479625608575,0.0,-0.23512070815744743,0.24449695925107753,4.090030416178244
2.0,5.65,Pd,-0.005707445271178349,-0.5707445271178349,-0.03616925302994797,0.0,0.0,-0.056604800541125835,0.0,-0.23512070815744743,0.24449692223374947,4.090031035417114
2.0,5.655,Pd,-0.005707504970033344,-0.5707504970033344,-0.03616913363223798,0.0,0.0,-0.056604668942220104,0.0,-0.23512070815744743,0.24449805908572392,4.0900120178434145
2.0,5.66,Pd,-0.0057075166859894035,-0.5707516685989403,-0.036169110200325864,0.0,0.0,-0.05660464311584785,0.0,-0.23512070815744743,0.24449828219460631,4.090008285637191
2.0,5.665,Pd,-0.005707547971187225,-0.5707547971187225,-0.03616904762993022,0.0,0.0,-0.05660457415156658,0.0,-0.23512070815744743,0.24449887796478303,4.089998319518004
2.0,5.67,Pd,-0.00570759899020417,-0.570759899020417,-0.03616894559189633,0.0,0.0,-0.056604461686744864,0.0,-0.23512070815744743,0.24449984953307355,4.089982067104421
2.0,5.675,Pd,-0.005707601603741751,-0.5707601603741751,-0.03616894036482117,0.0,0.0,-0.05660445592554542,0.0,-0.23512070815744743,0.24449989930344734,4.089981234548101
2.0,5.68,Pd,-0.005707665748503704,-0.5707665748503704,-0.03616881207529726,0.0,0.0,-0.056604314527048595,0.0,-0.23512070815744743,0.24450112083441045,4.089960800945591
2.0,5.685,Pd,-0.005707681431509345,-0.5707681431509345,-0.03616878070928598,0.0,0.0,-0.0566042799560266,0.0,-0.23512070815744743,0.24450141949225804,4.089955805069117
2.0,5.69,Pd,-0.005707716447505468,-0.5707716447505469,-0.036168710677293735,0.0,0.0,-0.056604202768170846,0.0,-0.23512070815744743,0.24450208631741394,4.089944650622713
2.0,5.695,Pd,-0.005707770949726111,-0.5707770949726111,-0.03616860167285245,0.0,0.0,-0.05660408262587366,0.0,-0.23512070815744743,0.24450312423101053,4.089927288843899
2.0,5.7,Pd,-0.005707776603040362,-0.5707776603040362,-0.03616859036622395,0.0,0.0,-0.05660407016397105,0.0,-0.23512070815744743,0.2445032318902106,4.0899254879748606
2.0,5.705,Pd,-0.005707843686024297,-0.5707843686024296,-0.03616845620025608,0.0,0.0,-0.05660392228957544,0.0,-0.23512070815744743,0.24450450939231314,4.089904118682233
2.0,5.71,Pd,-0.005707861870773663,-0.5707861870773663,-0.036168419830757345,0.0,0.0,-0.05660388220408431,0.0,-0.23512070815744743,0.2445048556967159,4.089898325947363
2.0,5.715,Pd,-0.005707899174379489,-0.5707899174379489,-0.03616834522354569,0.0,0.0,-0.05660379997409508,0.0,-0.23512070815744743,0.24450556609588578,4.089886442944363
2.0,5.72,Pd,-0.005707955738523902,-0.5707955738523902,-0.036168232095256866,0.0,0.0,-0.056603675287476125,0.0,-0.23512070815744743,0.2445066432911659,4.089868424593968
2.0,5.725,Pd,-0.005707963051714098,-0.5707963051714098,-0.036168217468876475,0.0,0.0,-0.05660365916673684,0.0,-0.23512070815744743,0.24450678256231792,4.08986609500343
2.0,5.73,Pd,-0.005708031702556023,-0.5708031702556022,-0.036168080167192626,0.0,0.0,-0.05660350783733643,0.0,-0.23512070815744743,0.24450808994115994,4.089844226588358
2.0,5.735,Pd,-0.005708051059404803,-0.5708051059404803,-0.036168041453495066,0.0,0.0,-0.056603465168445284,0.0,-0.23512070815744743,0.2445084585720546,4.0898380605728955
2.0,5.74,Pd,-0.0057080893422252164,-0.5708089342225217,-0.03616796488785424,0.0,0.0,-0.05660338078055336,0.0,-0.23512070815744743,0.24450918762987678,4.0898258658228395
2.0,5.745,Pd,-0.00570814668096091,-0.570814668096091,-0.03616785021038285,0.0,0.0,-0.05660325438740963,0.0,-0.23512070815744743,0.2445102795925115,4.089807600999637
2.0,5.75,Pd,-0.005708154406513139,-0.570815440651314,-0.03616783475927839,0.0,0.0,-0.05660323735781204,0.0,-0.23512070815744743,0.2445104267188065,4.089805140089288
2.0,5.755,Pd,-0.0057082233868660445,-0.5708223386866045,-0.03616769679857258,0.0,0.0,-0.05660308530319337,0.0,-0.23512070815744743,0.24451174039241394,4.089783167037755
2.0,5.76,Pd,-0.005708242716694303,-0.5708242716694303,-0.036167658138916065,0.0,0.0,-0.05660304269418244,0.0,-0.23512070815744743,0.24451210851422653,4.089777009721449
2.0,5.765,Pd,-0.00570828080007978,-0.570828080007978,-0.03616758197214511,0.0,0.0,-0.05660295874653676,0.0,-0.23512070815744743,0.24451283378483174,4.089764878681123
2.0,5.77,Pd,-0.005708337755061715,-0.5708337755061715,-0.03616746806218124,0.0,0.0,-0.05660283320024575,0.0,-0.23512070815744743,0.24451391845539305,4.089746736370065
2.0,5.775,Pd,-0.005708344773052463,-0.5708344773052463,-0.036167454026199745,0.0,0.0,-0.05660281773045573,0.0,-0.23512070815744743,0.24451405210879204,4.0897445008807445
2.0,5.78,Pd,-0.00570841297182835,-0.5708412971828349,-0.03616731762864797,0.0,0.0,-0.05660266739979339,0.0,-0.23512070815744743,0.24451535091713122,4.08972277711476
2.0,5.785,Pd,-0.005708431201442307,-0.5708431201442308,-0.03616728116942006,0.0,0.0,-0.05660262721629606,0.0,-0.23512070815744743,0.2445156980913145,4.089716970345804
2.0,5.79,Pd,-0.005708468031975757,-0.5708468031975756,-0.03616720750835316,0.0,0.0,-0.056602546030920485,0.0,-0.23512070815744743,0.24451639951251944,4.089705238559262
2.0,5.795,Pd,-0.005708523569416441,-0.5708523569416442,-0.03616709643347179,0.0,0.0,-0.05660242361021547,0.0,-0.23512070815744743,0.2445174572022959,4.08968754804559
2.0,5.8,Pd,-0.0057085288832351595,-0.570852888323516,-0.03616708580583435,0.0,0.0,-0.05660241189702424,0.0,-0.23512070815744743,0.24451755840222483,4.089685855422402
2.0,5.805,Pd,-0.005708595312367618,-0.5708595312367618,-0.036166952947569435,0.0,0.0,-0.056602265468234346,0.0,-0.23512070815744743,0.2445188235267283,4.0896646956535445
2.0,5.81,Pd,-0.0057086114904122826,-0.5708611490412283,-0.036166920591480106,0.0,0.0,-0.05660222980725844,0.0,-0.23512070815744743,0.24451913163411743,4.089659542453861
2.0,5.815,Pd,-0.005708646135900563,-0.5708646135900562,-0.036166851300503546,0.0,0.0,-0.05660215343890082,0.0,-0.23512070815744743,0.24451979145131347,4.089648506833079
2.0,5.82,Pd,-0.005708699342641694,-0.5708699342641694,-0.036166744887021283,0.0,0.0,-0.05660203615654503,0.0,-0.23512070815744743,0.24452080476775362,4.089631558957947
2.0,5.825,Pd,-0.005708702075211094,-0.5708702075211094,-0.036166739421882484,0.0,0.0,-0.05660203013321375,0.0,-0.23512070815744743,0.2445208568093459,4.08963068855801
2.0,5.83,Pd,-0.005708765865908291,-0.5708765865908291,-0.03616661184048809,0.0,0.0,-0.05660188952123027,0.0,-0.23512070815744743,0.2445220717018408,4.089610369485807
2.0,5.835,Pd,-0.005708779159266236,-0.5708779159266236,-0.0361665852537722,0.0,0.0,-0.05660186021911093,0.0,-0.23512070815744743,0.244522324874325,4.089606135202425
2.0,5.84,Pd,-0.005708810805217058,-0.5708810805217058,-0.036166521961870556,0.0,0.0,-0.0566017904630252,0.0,-0.23512070815744743,0.244522927573661,4.089596055154199
2.0,5.845,Pd,-0.005708860885279568,-0.5708860885279567,-0.036166421801745535,0.0,0.0,-0.05660168007343401,0.0,-0.23512070815744743,0.24452388135497272,4.089580103418654
2.0,5.85,Pd,-0.005708860275745981,-0.5708860275745982,-0.03616642302081271,0.0,0.0,-0.05660168141700459,0.0,-0.23512070815744743,0.24452386974630383,4.089580297569767
2.0,5.855,Pd,-0.005708920675217614,-0.5708920675217614,-0.036166302221869444,0.0,0.0,-0.056601548281012694,0.0,-0.23512070815744743,0.24452502006700064,4.089561058929662
2.0,5.86,Pd,-0.00570893036587225,-0.570893036587225,-0.03616628284056017,0.0,0.0,-0.056601526920343107,0.0,-0.23512070815744743,0.24452520462806915,4.0895579722386195
2.0,5.865,Pd,-0.005708958312429544,-0.5708958312429544,-0.03616622694744558,0.0,0.0,-0.056601465319062176,0.0,-0.23512070815744743,0.24452573687838947,4.089549070645812
2.0,5.87,Pd,-0.005709004584022997,-0.5709004584022996,-0.03616613440425868,0.0,0.0,-0.05660136332491389,0.0,-0.23512070815744743,0.244526618136906,4.089534332168771
2.0,5.875,Pd,-0.005708999984900792,-0.5708999984900792,-0.03616614360250309,0.0,0.0,-0.05660137346251963,0.0,-0.23512070815744743,0.24452653054488924,4.089535797083678
2.0,5.88,Pd,-0.0057090563535339076,-0.5709056353533908,-0.036166030865236856,0.0,0.0,-0.05660124921220026,0.0,-0.23512070815744743,0.24452760410892832,4.089517842552188
2.0,5.885,Pd,-0.005709061835879277,-0.5709061835879277,-0.03616601990054612,0.0,0.0,-0.0566012371277784,0.0,-0.23512070815744743,0.24452770852272532,4.089516096320285
2.0,5.89,Pd,-0.005709085495203964,-0.5709085495203964,-0.036165972581896744,0.0,0.0,-0.05660118497690515,0.0,-0.23512070815744743,0.2445281591259913,4.089508560381209
2.0,5.895,Pd,-0.005709127388176631,-0.5709127388176631,-0.03616588879595141,0.0,0.0,-0.05660109263478014,0.0,-0.23512070815744743,0.24452895699992655,4.0894952167170135
2.0,5.9,Pd,-0.005709118262928015,-0.5709118262928016,-0.03616590704644864,0.0,0.0,-0.056601112748996374,0.0,-0.23512070815744743,0.2445287832044938,4.089498123268879
2.0,5.905,Pd,-0.005709170071898233,-0.5709170071898233,-0.036165803428508204,0.0,0.0,-0.05660099854981041,0.0,-0.23512070815744743,0.24452976993677325,4.089481621229859
2.0,5.91,Pd,-0.005709170850480134,-0.5709170850480134,-0.036165801871344404,0.0,0.0,-0.05660099683363407,0.0,-0.23512070815744743,0.2445297847653534,4.089481373238777
2.0,5.915,Pd,-0.005709189744557308,-0.5709189744557308,-0.036165764083190055,0.0,0.0,-0.056600955186691705,0.0,-0.23512070815744743,0.2445301446151675,4.089475355170476
2.0,5.92,Pd,-0.005709226798271485,-0.5709226798271485,-0.0361656899757617,0.0,0.0,-0.05660087351177297,0.0,-0.23512070815744743,0.24453085032844937,4.089463552990628
2.0,5.925,Pd,-0.005709212719309138,-0.5709212719309138,-0.036165718133686395,0.0,0.0,-0.056600904545034185,0.0,-0.23512070815744743,0.24453058218476031,4.089468037353416
2.0,5.93,Pd,-0.005709259548613944,-0.5709259548613944,-0.036165624475076784,0.0,0.0,-0.05660080132257458,0.0,-0.23512070815744743,0.24453147408277473,4.089453121529446
2.0,5.935,Pd,-0.005709255236285609,-0.5709255236285609,-0.03616563309973345,0.0,0.0,-0.056600810827921094,0.0,-0.23512070815744743,0.24453139195122345,4.089454495067323
2.0,5.94,Pd,-0.0057092689951497785,-0.5709268995149779,-0.036165605582005114,0.0,0.0,-0.05660078050027967,0.0,-0.23512070815744743,0.24453165399928323,4.08945011267511
2.0,5.945,Pd,-0.005709300856770551,-0.570930085677055,-0.03616554185876357,0.0,0.0,-0.056600710270140075,0.0,-0.23512070815744743,0.24453226082922475,4.0894399643177355
2.0,5.95,Pd,-0.0057092815038701054,-0.5709281503870105,-0.03616558056456446,0.0,0.0,-0.056600752928251494,0.0,-0.23512070815744743,0.244531892237644,4.089446128475413
2.0,5.955,Pd,-0.005709323040770344,-0.5709323040770344,-0.03616549749076398,0.0,0.0,-0.05660066137169346,0.0,-0.23512070815744743,0.24453268334205688,4.089432898428474
2.0,5.96,Pd,-0.0057093133572581264,-0.5709313357258127,-0.03616551685778842,0.0,0.0,-0.05660068271629291,0.0,-0.23512070815744743,0.24453249891137704,4.089435982750161
2.0,5.965,Pd,-0.0057093217176204455,-0.5709321717620446,-0.03616550013706378,0.0,0.0,-0.05660066428820756,0.0,-0.23512070815744743,0.24453265814153985,4.089433319868393
2.0,5.97,Pd,-0.005709348140809829,-0.5709348140809829,-0.036165447290685014,0.0,0.0,-0.05660060604570073,0.0,-0.23512070815744743,0.24453316139418443,4.089424903757787
2.0,5.975,Pd,-0.005709323299923654,-0.5709323299923654,-0.03616549697245736,0.0,0.0,-0.05660066080046243,0.0,-0.23512070815744743,0.2445326882778528,4.089432815884884
2.0,5.98,Pd,-0.005709359337786071,-0.5709359337786071,-0.03616542489673253,0.0,0.0,-0.05660058136512649,0.0,-0.23512070815744743,0.24453337465065694,4.0894213373884485
2.0,5.985,Pd,-0.00570934410865136,-0.5709344108651361,-0.03616545535500195,0.0,0.0,-0.056600614933458804,0.0,-0.23512070815744743,0.24453308459814924,4.0894261880487015
2.0,5.99,Pd,-0.005709346912926707,-0.5709346912926707,-0.03616544974645126,0.0,0.0,-0.05660060875222321,0.0,-0.23512070815744743,0.2445331380080585,4.08942529485327
2.0,5.995,Pd,-0.005709367756932204,-0.5709367756932204,-0.03616540805844026,0.0,0.0,-0.056600562807501864,0.0,-0.23512070815744743,0.24453353500098185,4.089418655792895
2.0,6.0,Pd,-0.005709337319397427,-0.5709337319397427,-0.03616546893350982,0.0,0.0,-0.056600629898460715,0.0,-0.23512070815744743,0.24453295529083943,4.089428350508556
