gap_nm,x_nm,phi_tilde,phi_s_mV,c_Red1_over_c_bulk,c_Ox2_over_c_bulk
1.0,0.0,-4.798214654159931,-123.21005624849799,0.00824445311748164,121.29367293988095
1.0,0.000625,-4.796674796431583,-123.17051530024968,0.00825715818181587,121.10704166988423
1.0,0.00125,-4.795137495963483,-123.13104001812965,0.008269861676996657,120.92100679042643
1.0,0.001875,-4.793602748826843,-123.09163030125325,0.008282563568128136,120.73556596028644
1.0,0.0025,-4.792070551105412,-123.05228604905776,0.008295263820318942,120.5507168500822
1.0,0.0031250000000000006,-4.790540898895436,-123.01300716130139,0.008307962398682202,120.36645714220116
1.0,0.00375,-4.7890137883056045,-122.9737935380618,0.008320659268335712,120.18278453072851
1.0,0.004375,-4.787489215457006,-122.93464507973515,0.008333354394401948,119.99969672137843
1.0,0.005,-4.785967176483069,-122.89556168703437,0.008346047742008283,119.81719143142274
1.0,0.005625000000000001,-4.784447667529534,-122.85654326098857,0.00835873927628692,119.63526638962418
1.0,0.006250000000000001,-4.782930684754396,-122.81758970294158,0.008371428962375029,119.45391933616713
1.0,0.006875000000000001,-4.781416224327856,-122.77870091455061,0.008384116765414885,119.27314802258904
1.0,0.0075,-4.779904282432274,-122.73987679778509,0.00839680265055395,119.09295021171285
1.0,0.008125,-4.778394855262119,-122.70111725492542,0.008409486582944986,118.91332367757958
1.0,0.00875,-4.77688793902392,-122.66242218856166,0.008422168527746177,118.73426620538142
1.0,0.009375000000000001,-4.775383529936223,-122.62379150159245,0.008434848450121183,118.55577559139583
1.0,0.01,-4.7738816242295385,-122.58522509722368,0.008447526315239278,118.37784964291939
1.0,0.010625,-4.772382218146308,-122.54672287896754,0.008460202088275375,118.20048617820328
1.0,0.011250000000000001,-4.770885307940856,-122.50828475064148,0.00847287573441009,118.02368302638907
1.0,0.011875,-4.769390889879338,-122.4699106163666,0.008485547218829928,117.84743802744285
1.0,0.012500000000000002,-4.767898960239698,-122.43160038056682,0.008498216506727326,117.67174903209205
1.0,0.013125000000000001,-4.766409515311615,-122.39335394796734,0.008510883563300842,117.49661390176065
1.0,0.013750000000000002,-4.7649225513964675,-122.35517122359381,0.00852354835375514,117.32203050850757
1.0,0.014375000000000002,-4.76343806480728,-122.31705211277092,0.008536210843301176,117.14799673496277
1.0,0.015,-4.761956051868683,-122.2789965211214,0.008548870997156259,116.97451047426557
1.0,0.015625,-4.760476508916868,-122.24100435456478,0.008561528780544133,116.80156963000296
1.0,0.01625,-4.758999432299554,-122.20307551931668,0.008574184158695005,116.62917211614922
1.0,0.016875000000000005,-4.757524818375932,-122.1652099218873,0.008586837096845693,116.45731585700422
1.0,0.0175,-4.756052663516623,-122.12740746908025,0.008599487560239772,116.28599878713212
1.0,0.018125000000000002,-4.754582964103633,-122.08966806799155,0.008612135514127633,116.11521885130196
1.0,0.018750000000000003,-4.7531157165303055,-122.05199162600843,0.0086247809237666,115.94497400442742
1.0,0.019375,-4.751650917201285,-122.01437805080815,0.008637423754421033,115.77526221150765
1.0,0.02,-4.75018856253247,-121.97682725035702,0.008650063971362403,115.60608144756851
1.0,0.020625000000000004,-4.748728648950974,-121.93933913290938,0.008662701539869372,115.43742969760441
1.0,0.02125,-4.747271172895086,-121.90191360700653,0.008675336425227845,115.26930495652063
1.0,0.021875000000000002,-4.745816130814232,-121.86455058147564,0.008687968592731085,115.10170522907559
1.0,0.022500000000000003,-4.744363519168916,-121.82724996542849,0.008700598007679885,114.93462852982235
1.0,0.023125,-4.742913334430688,-121.79001166826045,0.008713224635382617,114.76807288305243
1.0,0.02375,-4.741465573082099,-121.75283559964929,0.008725848441155362,114.60203632273874
1.0,0.024375000000000004,-4.7400202316166595,-121.71572166955434,0.008738469390321977,114.43651689247997
1.0,0.025000000000000005,-4.7385773065388,-121.67866978821525,0.008751087448214196,114.2715126454446
1.0,0.025625000000000002,-4.737136794363831,-121.64167986615107,0.008763702580171706,114.1070216443159
1.0,0.026250000000000002,-4.735698691617909,-121.60475181415936,0.008776314751542193,113.94304196123753
1.0,0.026875000000000003,-4.734262994837983,-121.56788554331483,0.008788923927681528,113.77957167775769
1.0,0.027500000000000004,-4.7328297005717666,-121.53108096496858,0.008801530073953769,113.61660888477613
1.0,0.028125000000000004,-4.731398805377683,-121.49433799074673,0.008814133155731383,113.45415168248859
1.0,0.028750000000000005,-4.729970305824831,-121.4576565325495,0.008826733138395286,113.29219818033397
1.0,0.029375000000000002,-4.728544198492944,-121.42103650255025,0.00883932998733494,113.13074649694126
1.0,0.03,-4.727120479972354,-121.38447781319444,0.00885192366794843,112.96979476007677
1.0,0.030625000000000003,-4.725699146863946,-121.34798037719854,0.008864514145642583,112.80934110659155
1.0,0.03125,-4.724280195779136,-121.31154410754942,0.008877101385832966,112.64938368237041
1.0,0.03187500000000001,-4.7228636233398165,-121.275168917503,0.008889685353944056,112.48992064227936
1.0,0.0325,-4.721449426178317,-121.23885472058316,0.008902266015409364,112.33095015011364
1.0,0.033125,-4.72003760093737,-121.20260143058093,0.008914843335671508,112.17247037854708
1.0,0.03375000000000001,-4.718628144270065,-121.16640896155334,0.008927417280182325,112.01447950908114
1.0,0.034375,-4.717221052839818,-121.1302772278225,0.008939987814402956,111.85697573199472
1.0,0.035,-4.71581632332033,-121.09420614397467,0.008952554903803926,111.6999572462942
1.0,0.035625000000000004,-4.714413952395545,-121.05819562485915,0.008965118513865276,111.54342225966333
1.0,0.036250000000000004,-4.71301393675963,-121.0222455855877,0.008977678610076534,111.38736898841549
1.0,0.036875000000000005,-4.711616273116924,-120.98635594153335,0.008990235157936885,111.23179565744351
1.0,0.037500000000000006,-4.710220958181895,-120.95052660832911,0.009002788122955342,111.0767005001702
1.0,0.038125000000000006,-4.708827988679113,-120.91475750186751,0.009015337470650746,110.92208175850105
1.0,0.03875,-4.707437361343204,-120.87904853829927,0.009027883166551927,110.76793768277528
1.0,0.03937500000000001,-4.706049072918816,-120.84339963403241,0.009040425176197785,110.6142665317185
1.0,0.04,-4.704663120160583,-120.80781070573141,0.009052963465137377,110.46106657239505
1.0,0.040625,-4.70327949983309,-120.7722816703163,0.009065497998929988,110.30833608016144
1.0,0.04125000000000001,-4.701898208710844,-120.73681244496184,0.009078028743145164,110.15607333862012
1.0,0.041875,-4.700519243578226,-120.70140294709635,0.009090555663362924,110.00427663957167
1.0,0.0425,-4.699142601229462,-120.666053094401,0.009103078725173767,109.85294428296962
1.0,0.043125000000000004,-4.697768278468578,-120.63076280480854,0.00911559789417887,109.70207457687334
1.0,0.043750000000000004,-4.696396272109371,-120.59553199650264,0.00912811313599011,109.55166583740329
1.0,0.044375000000000005,-4.695026578975369,-120.56036058791692,0.009140624416230193,109.4017163886954
1.0,0.045000000000000005,-4.6936591958998,-120.52524849773394,0.009153131700532745,109.25222456285606
1.0,0.045625000000000006,-4.692294119725553,-120.49019564488448,0.009165634954542375,109.1031886999179
1.0,0.04625,-4.690931347305158,-120.45520194854677,0.00917813414391471,108.95460714779598
1.0,0.04687500000000001,-4.689570875500731,-120.42026732814529,0.009190629234316598,108.80647826224258
1.0,0.0475,-4.688212701183952,-120.38539170335001,0.009203120191426151,108.65880040680379
1.0,0.048125,-4.686856821236022,-120.35057499407549,0.00921560698093286,108.51157195277591
1.0,0.04875000000000001,-4.685503232547631,-120.31581712047985,0.009228089568537717,108.3647912791618
1.0,0.049375,-4.6841519320189215,-120.28111800296402,0.009240567919953287,108.21845677262823
1.0,0.05000000000000001,-4.682802916559461,-120.24647756217087,0.009253042000903784,108.07256682746342
1.0,0.050625,-4.6814561830882,-120.2118957189843,0.009265511777125195,107.92711984553426
1.0,0.051250000000000004,-4.680111728533456,-120.17737239452859,0.00927797721436526,107.78211423624558
1.0,0.05187500000000001,-4.67876954983286,-120.14290751016738,0.009290438278383693,107.63754841649681
1.0,0.052500000000000005,-4.6774296439333325,-120.10850098750267,0.009302894934952238,107.49342081064081
1.0,0.053125000000000006,-4.67609200779105,-120.07415274837423,0.00931534714985474,107.34972985044294
1.0,0.053750000000000006,-4.6747566383714005,-120.03986271485834,0.009327794888887355,107.20647397503858
1.0,0.05437500000000001,-4.673423532648966,-120.0056308092674,0.009340238117858484,107.06365163089424
1.0,0.05500000000000001,-4.672092687607479,-119.97145695414869,0.009352676802589003,106.9212612717656
1.0,0.05562500000000001,-4.670764100239793,-119.9373410722838,0.009365110908912268,106.77930135865816
1.0,0.05625000000000001,-4.669437767547859,-119.90328308668794,0.009377540402674179,106.63777035978768
1.0,0.056875,-4.668113686542688,-119.86928292060882,0.009389965249733314,106.49666675054003
1.0,0.05750000000000001,-4.666791854244314,-119.83534049752598,0.00940238541596104,106.35598901343141
1.0,0.058125,-4.665472267681761,-119.80145574114977,0.009414800867241637,106.21573563806895
1.0,0.058750000000000004,-4.664154923893014,-119.76762857542066,0.009427211569472347,106.0759051211122
1.0,0.059375000000000004,-4.662839819924986,-119.73385892450833,0.00943961748856351,105.93649596623398
1.0,0.06,-4.661526952833487,-119.70014671281099,0.009452018590438623,105.79750668408226
1.0,0.06062500000000001,-4.6602163196831965,-119.66649186495452,0.009464414841034418,105.65893579224223
1.0,0.061250000000000006,-4.658907917547632,-119.6328943057918,0.009476806206300937,105.52078181519848
1.0,0.061875000000000006,-4.657601743509116,-119.5993539604018,0.00948919265220165,105.38304328429703
1.0,0.0625,-4.6562977946587445,-119.56587075408876,0.009501574144713571,105.24571873770768
1.0,0.063125,-4.654996068096352,-119.53244461238137,0.009513950649827355,105.1088067203866
1.0,0.06375000000000001,-4.653696560930486,-119.49907546103194,0.00952632213354738,104.97230578403959
1.0,0.06437500000000002,-4.652399270278371,-119.4657632260157,0.00953868856189186,104.83621448708507
1.0,0.065,-4.651104193265883,-119.43250783352998,0.009551049900892908,104.70053139461788
1.0,0.065625,-4.649811327027518,-119.39930920999348,0.009563406116596658,104.56525507837279
1.0,0.06625,-4.648520668706365,-119.36616728204558,0.009575757175063261,104.4303841166893
1.0,0.066875,-4.6472322154540775,-119.33308197654547,0.009588103042367072,104.29591709447504
1.0,0.06750000000000002,-4.645945964430837,-119.30005322057146,0.009600443684596695,104.16185260317049
1.0,0.068125,-4.644661912805322,-119.26708094141999,0.009612779067855156,104.02818924071292
1.0,0.06875,-4.6433800577546815,-119.23416506660499,0.009625109158259957,103.89492561150149
1.0,0.069375,-4.642100396464507,-119.20130552385719,0.009637433921943137,103.7620603263629
1.0,0.07,-4.640822926128796,-119.16850224112322,0.009649753325051438,103.62959200251574
1.0,0.07062500000000001,-4.639547643949933,-119.13575514656499,0.009662067333746317,103.49751926353689
1.0,0.07125000000000001,-4.6382745471386615,-119.10306416855913,0.009674375914204012,103.36584073932774
1.0,0.07187500000000001,-4.637003632914047,-119.07042923569594,0.009686679032615712,103.23455506607904
1.0,0.07250000000000001,-4.635734898503456,-119.03785027677883,0.0096989766551876,103.10366088623788
1.0,0.07312500000000001,-4.634468341142514,-119.00532722082335,0.009711268748141018,102.97315684847308
1.0,0.07375000000000001,-4.633203958075088,-118.97285999705666,0.009723555277712535,102.84304160764229
1.0,0.074375,-4.631941746553254,-118.94044853491671,0.009735836210153986,102.71331382475914
1.0,0.07500000000000001,-4.630681703837268,-118.90809276405149,0.009748111511732667,102.58397216695936
1.0,0.07562500000000001,-4.62942382719554,-118.87579261431837,0.00976038114873132,102.45501530746908
1.0,0.07625000000000001,-4.628168113904611,-118.84354801578354,0.00977264508744824,102.32644192557213
1.0,0.07687500000000001,-4.626914561249125,-118.81135889872121,0.009784903294197338,102.19825070657797
1.0,0.0775,-4.625663166521789,-118.7792251936127,0.009797155735308358,102.07044034178821
1.0,0.078125,-4.6244139270233555,-118.74714683114587,0.009809402377126873,101.94300952846582
1.0,0.07875000000000001,-4.623166840062588,-118.7151237422143,0.009821643186014452,101.81595696980236
1.0,0.07937500000000001,-4.621921902956239,-118.68315585791672,0.00983387812834868,101.6892813748874
1.0,0.08,-4.62067911302902,-118.65124310955626,0.009846107170523302,101.56298145867652
1.0,0.080625,-4.619438467613573,-118.61938542863965,0.009858330278948304,101.43705594196028
1.0,0.08125,-4.618199964050458,-118.58758274687693,0.009870547420049896,101.31150355133443
1.0,0.08187500000000002,-4.616963599688107,-118.55583499618038,0.009882758560270741,101.1863230191677
1.0,0.08250000000000002,-4.615729371882813,-118.524142108664,0.00989496366606995,101.06151308357221
1.0,0.083125,-4.614497277998685,-118.49250401664256,0.009907162703923323,100.93707248837158
1.0,0.08375,-4.613267315407633,-118.46092065263119,0.009919355640323304,100.81299998307216
1.0,0.084375,-4.612039481489343,-118.4293919493446,0.009931542441779122,100.68929432283244
1.0,0.085,-4.61081377363124,-118.39791783969632,0.009943723074816932,100.56595426843285
1.0,0.08562500000000002,-4.609590189228477,-118.36649825679822,0.009955897505979793,100.44297858624718
1.0,0.08625000000000001,-4.608368725683902,-118.33513313395986,0.009968065701827806,100.32036604821272
1.0,0.08687500000000001,-4.607149380408035,-118.30382240468774,0.009980227628938184,100.19811543180123
1.0,0.08750000000000001,-4.605932150819032,-118.27256600268447,0.009992383253905435,100.07622551998881
1.0,0.08812500000000001,-4.604717034342673,-118.24136386184841,0.010004532543341361,99.95469510122811
1.0,0.08875000000000001,-4.603504028412323,-118.21021591627276,0.010016675463875212,99.83352296941884
1.0,0.08937500000000001,-4.602293130468916,-118.17912210024495,0.010028811982153751,99.71270792387949
1.0,0.09000000000000001,-4.60108433796092,-118.14808234824598,0.0100409420648414,99.59224876931857
1.0,0.09062500000000001,-4.599877648344324,-118.11709659494993,0.010053065678620214,99.47214431580738
1.0,0.09125000000000001,-4.598673059082611,-118.08616477522332,0.010065182790190025,99.3523933787516
1.0,0.09187500000000001,-4.597470567646727,-118.05528682412435,0.010077293366268527,99.23299477886344
1.0,0.0925,-4.596270171515063,-118.02446267690229,0.010089397373591385,99.11394734213383
1.0,0.09312500000000001,-4.59507186817342,-117.99369226899681,0.010101494778912349,98.99524989980466
1.0,0.09375000000000001,-4.593875655114989,-117.96297553603723,0.010113585549003346,98.8769012883414
1.0,0.09437500000000001,-4.592681529840329,-117.93231241384218,0.010125669650654518,98.75890034940656
1.0,0.095,-4.591489489857336,-117.90170283841863,0.010137747050674406,98.64124592983168
1.0,0.095625,-4.59029953268123,-117.87114674596155,0.010149817715889919,98.52393688159174
1.0,0.09625,-4.5891116558345235,-117.84064407285331,0.010161881613146464,98.40697206177803
1.0,0.09687500000000002,-4.587925856847002,-117.81019475566295,0.010173938709308052,98.29035033257163
1.0,0.09750000000000002,-4.586742133255692,-117.77979873114548,0.010185988971257403,98.17407056121675
1.0,0.098125,-4.585560482604843,-117.74945593624135,0.010198032365896035,98.05813161999475
1.0,0.09875,-4.584380902445902,-117.71916630807586,0.010210068860144342,97.9425323861981
1.0,0.099375,-4.583203390337483,-117.68892978395833,0.010222098420941753,97.8272717421039
1.0,0.10000000000000002,-4.582027943845357,-117.65874630138185,0.010234121015246699,97.71234857494936
1.0,0.10062500000000002,-4.580854560542415,-117.62861579802241,0.010246136610036809,97.59776177690524
1.0,0.10125,-4.579683238008659,-117.5985382117385,0.010258145172308901,97.48351024505148
1.0,0.10187500000000001,-4.578513973831172,-117.5685134805705,0.010270146669079118,97.36959288135131
1.0,0.10250000000000001,-4.577346765604093,-117.53854154273996,0.010282141067383024,97.25600859262639
1.0,0.10312500000000001,-4.576181610928594,-117.508622336649,0.010294128334275718,97.1427562905314
1.0,0.10375000000000002,-4.57501850741285,-117.47875580087963,0.010306108436831964,97.02983489152905
1.0,0.10437500000000001,-4.573857452672034,-117.44894187419348,0.010318081342146146,96.91724331686665
1.0,0.10500000000000001,-4.5726984443282745,-117.41918049553082,0.010330047017332518,96.80498049255013
1.0,0.10562500000000001,-4.571541480010645,-117.38947160401031,0.010342005429525177,96.69304534932081
1.0,0.10625000000000001,-4.570386557355147,-117.3598151389284,0.010353956545878127,96.58143682263147
1.0,0.10687500000000001,-4.569233674004674,-117.33021103975861,0.01036590033356546,96.47015385262145
1.0,0.10750000000000001,-4.568082827608995,-117.30065924615093,0.010377836759781425,96.35919538409291
1.0,0.10812500000000001,-4.566934015824737,-117.27115969793155,0.01038976579174045,96.24856036648774
1.0,0.10875000000000001,-4.565787236315346,-117.24171233510168,0.010401687396677404,96.13824775386236
1.0,0.10937500000000001,-4.564642486751085,-117.21231709783758,0.010413601541847504,96.02825650486598
1.0,0.11000000000000001,-4.563499764808993,-117.18297392648958,0.010425508194526555,95.91858558271579
1.0,0.110625,-4.562359068172884,-117.15368276158189,0.010437407322010876,95.80923395517533
1.0,0.11125000000000002,-4.561220394533311,-117.12444354381184,0.010449298891617491,95.70020059453059
1.0,0.11187500000000002,-4.560083741587553,-117.0952562140494,0.010461182870684179,95.59148447756733
1.0,0.11250000000000002,-4.558949107039586,-117.06612071333659,0.010473059226569569,95.48308458554838
1.0,0.113125,-4.557816488600062,-117.0370369828868,0.01048492792665331,95.37499990419015
1.0,0.11375,-4.556685883986291,-117.0080049640844,0.01049678893833604,95.26722942364133
1.0,0.114375,-4.5555572909222155,-116.97902459848407,0.0105086422290396,95.15977213845937
1.0,0.11500000000000002,-4.554430707138389,-116.95009582781026,0.01052048776620706,95.05262704758877
1.0,0.11562500000000002,-4.553306130371961,-116.9212185939568,0.010532325517302772,94.94579315433943
1.0,0.11625,-4.552183558366657,-116.89239283898632,0.010544155449812466,94.83926946636447
1.0,0.11687500000000002,-4.551062988872755,-116.86361850512982,0.010555977531243332,94.7330549956386
1.0,0.11750000000000001,-4.549944419647056,-116.83489553478567,0.01056779172912422,94.62714875843533
1.0,0.11812500000000002,-4.548827848452874,-116.80622387051962,0.010579598011005593,94.52154977530661
1.0,0.11875000000000001,-4.547713273060014,-116.77760345506394,0.01059139634445969,94.41625707106084
1.0,0.11937500000000001,-4.546600691244738,-116.74903423131686,0.010603186697080663,94.31126967474093
1.0,0.12,-4.5454901007897615,-116.72051614234225,0.010614969036484572,94.20658661960417
1.0,0.12062500000000001,-4.544381499484227,-116.69204913136896,0.010626743330309501,94.10220694310073
1.0,0.12125000000000002,-4.543274885123687,-116.66363314179057,0.010638509546215605,93.99812968685319
1.0,0.12187500000000001,-4.542170255510079,-116.63526811716451,0.010650267651885249,93.89435389663524
1.0,0.12250000000000001,-4.5410676084517085,-116.60695400121176,0.01066201761502311,93.79087862235092
1.0,0.123125,-4.5399669417632245,-116.5786907378162,0.010673759403356239,93.68770291801422
1.0,0.12375000000000001,-4.538868253265602,-116.55047827102415,0.01068549298463417,93.58482584172846
1.0,0.12437500000000003,-4.537771540786121,-116.52231654504381,0.010697218326629024,93.48224645566586
1.0,0.125,-4.536676802158346,-116.49420550424477,0.010708935397135575,93.37996382604753
1.0,0.12562500000000001,-4.5355840352221115,-116.46614509315766,0.010720644163971308,93.27797702312361
1.0,0.12625,-4.534493237823502,-116.43813525647353,0.010732344594976507,93.17628512115336
1.0,0.12687500000000002,-4.533404407814829,-116.41017593904338,0.010744036658014353,93.07488719838506
1.0,0.12750000000000003,-4.532317543054612,-116.38226708587761,0.010755720320971066,92.97378233703611
1.0,0.12812500000000002,-4.531232641407557,-116.35440864214547,0.01076739555175594,92.87296962327353
1.0,0.12875000000000003,-4.530149700744542,-116.32660055317466,0.010779062318301462,92.77244814719445
1.0,0.12937500000000002,-4.529068718942592,-116.29884276445081,0.010790720588563384,92.6722170028067
1.0,0.13,-4.527989693884861,-116.27113522161687,0.010802370330520847,92.57227528800931
1.0,0.130625,-4.526912623460618,-116.24347787047282,0.01081401151217642,92.47262210457373
1.0,0.13125,-4.525837505565227,-116.21587065697518,0.010825644101556137,92.37325655812522
1.0,0.13187500000000002,-4.5247643381001295,-116.1883135272365,0.010837268066709664,92.27417775812323
1.0,0.1325,-4.523693118972816,-116.16080642752468,0.010848883375710406,92.17538481784243
1.0,0.13312500000000002,-4.52262384609682,-116.13334930426275,0.01086048999665551,92.07687685435465
1.0,0.13375,-4.521556517391688,-116.10594210402819,0.010872087897666059,91.97865298850948
1.0,0.13437500000000002,-4.520491130782965,-116.07858477355248,0.010883677046887101,91.88071234491612
1.0,0.13500000000000004,-4.519427684202175,-116.05127725972069,0.010895257412487761,91.78305405192494
1.0,0.13562500000000002,-4.518366175586809,-116.02401950957105,0.010906828962661277,91.68567724160945
1.0,0.13625,-4.517306602880305,-115.99681147029449,0.010918391665625077,91.58858104974841
1.0,0.136875,-4.516248964032025,-115.9696530892341,0.010929945489620925,91.49176461580707
1.0,0.1375,-4.515193256997238,-115.94254431388465,0.010941490402915,91.39522708291943
1.0,0.138125,-4.514139479737104,-115.9154850918922,0.010953026373797947,91.29896759787053
1.0,0.13875,-4.513087630218655,-115.88847537105346,0.010964553370585026,91.20298531107828
1.0,0.13937500000000003,-4.51203770641477,-115.86151509931547,0.010976071361616187,91.10727937657592
1.0,0.14,-4.510989706304171,-115.83460422477523,0.010987580315256082,91.01184895199499
1.0,0.14062500000000003,-4.509943627871393,-115.80774269567894,0.010999080199894264,90.91669319854702
1.0,0.14125000000000001,-4.508899469106776,-115.78093046042197,0.011010570983945145,90.82181128100723
1.0,0.141875,-4.507857228006445,-115.75416746754817,0.011022052635848134,90.72720236769685
1.0,0.14250000000000002,-4.506816902572289,-115.7274536657494,0.011033525124067764,90.63286563046562
1.0,0.143125,-4.505778490811941,-115.70078900386507,0.011044988417093763,90.53880024467487
1.0,0.14375000000000002,-4.504741990738767,-115.67417343088177,0.011056442483441134,90.44500538918072
1.0,0.144375,-4.503707400371845,-115.64760689593277,0.011067887291650228,90.35148024631712
1.0,0.14500000000000002,-4.502674717735946,-115.6210893482975,0.011079322810286903,90.25822400187874
1.0,0.14562500000000003,-4.50164394086152,-115.59462073740123,0.011090749007942506,90.16523584510496
1.0,0.14625000000000002,-4.500615067784683,-115.56820101281475,0.011102165853233974,90.07251496866333
1.0,0.14687500000000003,-4.499588096547196,-115.54183012425382,0.011113573314803919,89.980060568633
1.0,0.14750000000000002,-4.498563025196446,-115.51550802157857,0.011124971361320797,89.88787184448773
1.0,0.148125,-4.4975398517854295,-115.48923465479328,0.011136359961478907,89.79594799908031
1.0,0.14875,-4.496518574372736,-115.46300997404579,0.01114773908399855,89.70428823862578
1.0,0.149375,-4.495499191022531,-115.43683392962713,0.01115910869762607,89.61289177268563
1.0,0.15000000000000002,-4.49448169980454,-115.41070647197112,0.011170468771133946,89.5217578141519
1.0,0.150625,-4.493466098794031,-115.38462755165389,0.011181819273320891,89.43088557923095
1.0,0.15125000000000002,-4.492452386071807,-115.35859711939366,0.011193160173011852,89.34027428742854
1.0,0.151875,-4.4914405597241736,-115.33261512605006,0.011204491439058214,89.24992316153302
1.0,0.15250000000000002,-4.490430617842938,-115.30668152262386,0.011215813040337795,89.1598314276004
1.0,0.15312500000000004,-4.489422558525379,-115.28079626025642,0.011227124945755016,89.06999831493822
1.0,0.15375000000000003,-4.48841637987424,-115.25495929022937,0.01123842712424094,88.98042305609039
1.0,0.154375,-4.487412079997704,-115.22917056396406,0.011249719544753381,88.89110488682162
1.0,0.155,-4.48640965700939,-115.20343003302139,0.011261002176276954,88.8020430461025
1.0,0.155625,-4.485409109028322,-115.17773764910108,0.011272274987823216,88.71323677609372
1.0,0.15625,-4.484410434178931,-115.15209336404168,0.01128353794843063,88.62468532213204
1.0,0.15687500000000001,-4.483413630591024,-115.12649712981982,0.01129479102716476,88.53638793271432
1.0,0.15750000000000003,-4.482418696399779,-115.10094889854996,0.01130603419311831,88.44834385948293
1.0,0.15812500000000002,-4.481425629745717,-115.07544862248385,0.011317267415411255,88.36055235721064
1.0,0.15875000000000003,-4.480434428774695,-115.04999625401024,0.01132849066319089,88.27301268378594
1.0,0.15937500000000002,-4.479445091637887,-115.02459174565438,0.011339703905631937,88.18572410019839
1.0,0.16,-4.478457616491766,-114.9992350500776,0.01135090711193665,88.09868587052367
1.0,0.16062500000000002,-4.477472001498096,-114.97392612007714,0.011362100251334812,88.0118972619099
1.0,0.16125,-4.476488244823915,-114.94866490858554,0.011373283293083873,87.92535754456262
1.0,0.16187500000000002,-4.475506344641516,-114.92345136867048,0.011384456206468987,87.83906599173092
1.0,0.1625,-4.474526299128434,-114.89828545353404,0.011395618960803195,87.75302187969237
1.0,0.16312500000000002,-4.473548106467426,-114.87316711651256,0.01140677152542744,87.6672244877393
1.0,0.16375000000000003,-4.472571764846459,-114.84809631107605,0.011417913869710701,87.58167309816442
1.0,0.16437500000000002,-4.471597272458698,-114.82307299082802,0.011429045963050001,87.49636699624716
1.0,0.16500000000000004,-4.470624627502483,-114.79809710950491,0.011440167774870598,87.41130547023916
1.0,0.16562500000000002,-4.469653828181319,-114.77316862097578,0.01145127927462598,87.32648781135083
1.0,0.16625,-4.468684872703868,-114.74828747924204,0.011462380431797927,87.24191331373787
1.0,0.166875,-4.467717759283924,-114.72345363843696,0.011473471215896648,87.15758127448707
1.0,0.1675,-4.466752486140402,-114.69866705282529,0.011484551596460866,87.07349099360263
1.0,0.16812500000000002,-4.465789051497324,-114.6739276768029,0.011495621543057877,86.98964177399289
1.0,0.16875,-4.464827453583796,-114.64923546489624,0.011506681025283705,86.90603292145612
1.0,0.16937500000000003,-4.463867690634005,-114.62459037176217,0.011517730012763103,86.82266374466786
1.0,0.17,-4.462909760887195,-114.59999235218748,0.011528768475149692,86.73953355516716
1.0,0.17062500000000003,-4.461953662587658,-114.57544136108855,0.011539796382126018,86.6566416673434
1.0,0.17125000000000004,-4.460999393984727,-114.5509373535112,0.011550813703403533,86.57398739842394
1.0,0.17187500000000003,-4.460046953332743,-114.52648028462983,0.011561820408722891,86.49157006845942
1.0,0.17250000000000001,-4.45909633889106,-114.50207010974763,0.011572816467853806,86.40938900031232
1.0,0.173125,-4.458147548924014,-114.47770678429566,0.011583801850595344,86.32744351964251
1.0,0.17375000000000002,-4.45720058170092,-114.45339026383283,0.011594776526775865,86.24573295489533
1.0,0.174375,-4.456255435496048,-114.42912050404533,0.011605740466253204,86.16425663728803
1.0,0.17500000000000002,-4.455312108588619,-114.40489746074645,0.011616693638914663,86.08301390079777
1.0,0.17562500000000003,-4.454370599262787,-114.38072108987616,0.011627636014677138,86.00200408214849
1.0,0.17625000000000002,-4.453430905807622,-114.35659134750065,0.011638567563487206,85.92122652079831
1.0,0.17687500000000003,-4.452493026517106,-114.3325081898123,0.011649488255321118,85.8406805589277
1.0,0.17750000000000002,-4.45155695969011,-114.30847157312893,0.011660398060185005,85.76036554142594
1.0,0.178125,-4.450622703630376,-114.28448145389355,0.01167129694811494,85.68028081587903
1.0,0.17875000000000002,-4.449690256646515,-114.2605377886741,0.011682184889176977,85.60042573255757
1.0,0.179375,-4.448759617051984,-114.236640534163,0.011693061853467263,85.52079964440425
1.0,0.18000000000000002,-4.447830783165076,-114.21278964717689,0.011703927811112111,85.44140190702181
1.0,0.180625,-4.446903753308904,-114.18898508465615,0.01171478273226811,85.36223187866064
1.0,0.18125000000000002,-4.445978525811398,-114.1652268036648,0.011725626587122086,85.28328892020755
1.0,0.18187500000000004,-4.4450550990052795,-114.14151476138994,0.011736459345891315,85.20457239517289
1.0,0.18250000000000002,-4.444133471228053,-114.11784891514152,0.011747280978823542,85.12608166967904
1.0,0.18312500000000004,-4.443213640821988,-114.09422922235183,0.011758091456197125,85.04781611244809
1.0,0.18375000000000002,-4.442295606134113,-114.0706556405753,0.011768890748321052,84.96977509479046
1.0,0.184375,-4.441379365516195,-114.04712812748811,0.011779678825535062,84.89195799059296
1.0,0.185,-4.440464917324727,-114.02364664088779,0.01179045565820974,84.81436417630697
1.0,0.185625,-4.43955225992092,-114.000211138693,0.011801221216746552,84.73699303093713
1.0,0.18625000000000003,-4.438641391670695,-113.97682157894332,0.011811975471577866,84.6598439360303
1.0,0.186875,-4.437732310944652,-113.95347791979856,0.011822718393167193,84.58291627566285
1.0,0.18750000000000003,-4.436825016118075,-113.93018011953869,0.01183344995200913,84.50620943643032
1.0,0.18812500000000001,-4.435919505570906,-113.90692813656342,0.011844170118629536,84.42972280743531
1.0,0.18875000000000003,-4.435015777687744,-113.88372192939192,0.011854878863585518,84.35345578027687
1.0,0.18937500000000004,-4.4341138308578145,-113.86056145666225,0.011865576157465689,84.27740774903805
1.0,0.19,-4.433213663474976,-113.8374466771314,0.011876261970890022,84.20157811027629
1.0,0.19062500000000002,-4.432315273937693,-113.81437754967465,0.011886936274510103,84.12596626301112
1.0,0.19125,-4.431418660649036,-113.79135403328551,0.011897599039009093,84.05057160871395
1.0,0.19187500000000002,-4.430523822016661,-113.76837608707532,0.011908250235101843,83.97539355129682
1.0,0.1925,-4.4296307564527995,-113.74544367027283,0.011918889833534995,83.9004314971013
1.0,0.19312500000000002,-4.42873946237424,-113.72255674222389,0.011929517805087102,83.82568485488744
1.0,0.19375000000000003,-4.427849938202325,-113.69971526239115,0.011940134120568626,83.75115303582342
1.0,0.19437500000000002,-4.426962182362929,-113.6769191903538,0.011950738750822082,83.67683545347444
1.0,0.19500000000000003,-4.426076193286447,-113.65416848580702,0.011961331666722148,83.60273152379173
1.0,0.19562500000000002,-4.425191969407796,-113.63146310856206,0.011971912839175602,83.52884066510303
1.0,0.19625,-4.424309509166386,-113.6088030185457,0.011982482239121506,83.45516229810116
1.0,0.19687500000000002,-4.42342881100612,-113.58618817579992,0.011993039837531272,83.38169584583376
1.0,0.1975,-4.422549873375376,-113.5636185404817,0.012003585605408703,83.30844073369289
1.0,0.19812500000000002,-4.42167269472699,-113.54109407286249,0.012014119513790162,83.23539638940419
1.0,0.19875,-4.42079727351825,-113.51861473332806,0.012024641533744607,83.16256224301672
1.0,0.19937500000000002,-4.419923608210887,-113.49618048237822,0.01203515163637362,83.08993772689313
1.0,0.20000000000000004,-4.419051697271052,-113.47379128062637,0.012045649792811582,83.01752227569861
1.0,0.20062500000000003,-4.418181539169315,-113.45144708879928,0.012056135974225685,82.94531532639137
1.0,0.20125000000000004,-4.417313132380652,-113.42914786773693,0.012066610151815966,82.8733163182126
1.0,0.20187500000000003,-4.41644647538443,-113.40689357839202,0.012077072296815464,82.8015246926761
1.0,0.2025,-4.415581566664392,-113.38468418182964,0.012087522380490308,82.72993989355797
1.0,0.203125,-4.414718404708654,-113.36251963922713,0.012097960374139722,82.65856136688737
1.0,0.20375000000000001,-4.413856988009684,-113.34039991187365,0.012108386249096178,82.58738856093596
1.0,0.20437500000000003,-4.412997315064292,-113.3183249611698,0.01211879997672549,82.51642092620799
1.0,0.20500000000000002,-4.412139384373624,-113.29629474862756,0.0121292015284268,82.4456579154311
1.0,0.20562500000000003,-4.411283194443146,-113.27430923586977,0.012139590875632742,82.37509898354608
1.0,0.20625000000000002,-4.410428743782637,-113.2523683846301,0.012149967989809421,82.30474358769776
1.0,0.20687500000000003,-4.409576030906173,-113.23047215675254,0.012160332842456571,82.23459118722485
1.0,0.20750000000000005,-4.40872505433212,-113.20862051419121,0.012170685405107599,82.16464124365058
1.0,0.208125,-4.407875812583114,-113.18681341900992,0.012181025649329711,82.09489322067286
1.0,0.20875000000000002,-4.407028304186057,-113.16505083338197,0.012191353546723986,82.02534658415482
1.0,0.209375,-4.406182527672106,-113.14333271958995,0.012201669068925357,81.95600080211597
1.0,0.21000000000000002,-4.4053384815766545,-113.12165904002525,0.012211972187602848,81.88685534472178
1.0,0.210625,-4.404496164439328,-113.1000297571879,0.012222262874459535,81.8179096842752
1.0,0.21125000000000002,-4.4036555748039765,-113.07844483368645,0.012232541101232584,81.74916329520751
1.0,0.21187500000000004,-4.402816711218657,-113.05690423223746,0.012242806839693426,81.68061565406852
1.0,0.21250000000000002,-4.401979572235621,-113.03540791566516,0.012253060061647817,81.61226623951747
1.0,0.21312500000000004,-4.401144156411312,-113.01395584690145,0.012263300738935865,81.54411453231424
1.0,0.21375000000000002,-4.400310462306339,-112.99254798898524,0.012273528843432219,81.4761600153095
1.0,0.214375,-4.3994784884854825,-112.9711843050625,0.012283744347046021,81.40840217343653
1.0,0.21500000000000002,-4.398648233517671,-112.94986475838569,0.01229394722172109,81.3408404937015
1.0,0.215625,-4.397819695975978,-112.92858931231379,0.012304137439435894,81.27347446517525
1.0,0.21625000000000003,-4.396992874437614,-112.90735793031195,0.012314314972203658,81.20630357898416
1.0,0.216875,-4.396167767483905,-112.88617057595101,0.012324479792072476,81.13932732830102
1.0,0.21750000000000003,-4.395344373700292,-112.86502721290749,0.012334631871125355,81.07254520833662
1.0,0.218125,-4.394522691676311,-112.84392780496306,0.012344771181480332,81.00595671633052
1.0,0.21875000000000003,-4.393702720005591,-112.82287231600449,0.012354897695290504,80.93956135154276
1.0,0.21937500000000004,-4.392884457285836,-112.80186071002315,0.012365011384744162,80.87335861524485
1.0,0.22000000000000003,-4.392067902118817,-112.78089295111491,0.012375112222064843,80.80734801071125
1.0,0.22062500000000002,-4.391253053110365,-112.75996900347984,0.012385200179511354,80.74152904321116
1.0,0.22125,-4.390439908870357,-112.73908883142198,0.012395275229377908,80.6759012199996
1.0,0.22187500000000002,-4.389628468012713,-112.71825239934905,0.012405337343994124,80.61046405030947
1.0,0.22250000000000003,-4.388818729155371,-112.69745967177211,0.012415386495725225,80.5452170453423
1.0,0.22312500000000002,-4.388010690920294,-112.67671061330543,0.012425422656971974,80.48015971826072
1.0,0.22375000000000003,-4.3872043519334385,-112.65600518866593,0.01243544580017094,80.41529158417897
1.0,0.22437500000000002,-4.386399710824766,-112.63534336267335,0.012445455897794366,80.3506121601559
1.0,0.22500000000000003,-4.385596766228218,-112.61472510024957,0.012455452922350391,80.28612096518576
1.0,0.22562500000000005,-4.384795516781711,-112.59415036641859,0.012465436846383082,80.2218175201903
1.0,0.22625,-4.383995961127132,-112.57361912630638,0.012475407642472416,80.15770134801116
1.0,0.22687500000000002,-4.38319809791032,-112.55313134514036,0.012485365283234486,80.09377197340099
1.0,0.2275,-4.3824019257810605,-112.5326869882493,0.0124953097413215,80.03002892301575
1.0,0.22812500000000002,-4.381607443393071,-112.51228602106295,0.012505240989421915,79.96647172540634
1.0,0.22875,-4.3808146494039955,-112.49192840911185,0.01251515900026049,79.9030999110108
1.0,0.22937500000000002,-4.380023542475393,-112.4716141180271,0.012525063746598309,79.8399130121466
1.0,0.23000000000000004,-4.379234121272725,-112.45134311354,0.01253495520123297,79.77691056300205
1.0,0.23062500000000002,-4.378446384465348,-112.4311153614819,0.01254483333699856,79.71409209962904
1.0,0.23125000000000004,-4.377660330726511,-112.41093082778404,0.012554698126765696,79.65145715993548
1.0,0.23187500000000003,-4.376875958733332,-112.39078947847706,0.012564549543441732,79.58900528367657
1.0,0.2325,-4.3760932671668025,-112.37069127969103,0.012574387559970673,79.52673601244817
1.0,0.233125,-4.375312254711764,-112.35063619765491,0.012584212149333423,79.46464888967796
1.0,0.23375000000000004,-4.374532920056904,-112.33062419869641,0.012594023284547768,79.4027434606183
1.0,0.23437500000000003,-4.37375526189475,-112.31065524924186,0.012603820938668435,79.34101927233884
1.0,0.23500000000000001,-4.372979278921657,-112.29072931581581,0.012613605084787193,79.27947587371855
1.0,0.235625,-4.372204969837793,-112.2708463650408,0.012623375696032972,79.21811281543815
1.0,0.23625000000000004,-4.371432333347143,-112.25100636363734,0.012633132745571781,79.15692964997334
1.0,0.23687500000000003,-4.370661368157484,-112.23120927842332,0.012642876206606986,79.09592593158624
1.0,0.23750000000000002,-4.369892072980394,-112.21145507631427,0.01265260605237913,79.0351012163194
1.0,0.23812500000000003,-4.369124446531217,-112.19174372432232,0.01266232225616636,78.97445506198636
1.0,0.23875000000000002,-4.368358487529076,-112.17207518955681,0.012672024791284164,78.91398702816628
1.0,0.239375,-4.367594194696854,-112.15244943922343,0.012681713631085657,78.85369667619533
1.0,0.24,-4.3668315667611814,-112.13286644062428,0.012691388748961583,78.79358356915988
1.0,0.24062500000000003,-4.366070602452439,-112.11332616115763,0.012701050118340343,78.73364727188958
1.0,0.24125000000000002,-4.365311300504739,-112.09382856831762,0.012710697712688106,78.67388735094984
1.0,0.241875,-4.364553659655919,-112.0743736296941,0.012720331505508888,78.61430337463474
1.0,0.24250000000000005,-4.363797678647535,-112.0549613129723,0.0127299514703446,78.55489491295995
1.0,0.24312500000000004,-4.363043356224847,-112.0355915859326,0.01273955758077517,78.49566153765542
1.0,0.24375000000000002,-4.362290691136811,-112.01626441645034,0.012749149810418596,78.43660282215843
1.0,0.24437500000000004,-4.361539682136073,-111.99697977249555,0.012758728132930997,78.37771834160677
1.0,0.24500000000000002,-4.360790327978953,-111.97773762213268,0.012768292522006765,78.31900767283112
1.0,0.245625,-4.360042627425452,-111.95853793352056,0.01277784295137846,78.2604703943494
1.0,0.24625,-4.359296579239226,-111.93938067491203,0.012787379394817059,78.20210608635863
1.0,0.24687500000000004,-4.358552182187587,-111.92026581465372,0.012796901826131926,78.14391433072879
1.0,0.24750000000000003,-4.357809435041493,-111.9011933211859,0.012806410219170901,78.08589471099583
1.0,0.248125,-4.357068336575534,-111.88216316304211,0.012815904547820431,78.02804681235455
1.0,0.24875000000000005,-4.356328885567925,-111.863175308849,0.012825384786005596,77.97037022165206
1.0,0.24937500000000004,-4.355591080800502,-111.84422972732612,0.012834850907690192,77.91286452738107
1.0,0.25,-4.354854921058707,-111.82532638728571,0.01284430288687679,77.85552931967328
1.0,0.250625,-4.354120405131583,-111.80646525763245,0.012853740697606832,77.79836419029245
1.0,0.25125000000000003,-4.3533875318117685,-111.78764630736329,0.01286316431396064,77.74136873262832
1.0,0.251875,-4.352656299895483,-111.76886950556721,0.012872573710057532,77.68454254168964
1.0,0.2525,-4.351926708182522,-111.75013482142496,0.012881968860055906,77.62788521409765
1.0,0.25312500000000004,-4.351198755476247,-111.7314422242089,0.012891349738153278,77.57139634807959
1.0,0.25375000000000003,-4.350472440583576,-111.7127916832827,0.012900716318586398,77.51507554346219
1.0,0.254375,-4.349747762314974,-111.69418316810109,0.012910068575631315,77.45892240166502
1.0,0.25500000000000006,-4.349024719484449,-111.67561664820983,0.012919406483603398,77.40293652569451
1.0,0.25562500000000005,-4.348303310909543,-111.65709209324535,0.01292873001685743,77.34711752013743
1.0,0.25625000000000003,-4.347583535411319,-111.63860947293458,0.01293803914978771,77.29146499115426
1.0,0.256875,-4.346865391814361,-111.62016875709479,0.012947333856828036,77.23597854647349
1.0,0.25750000000000006,-4.346148878946757,-111.60176991563326,0.01295661411245187,77.1806577953847
1.0,0.25812500000000005,-4.345433995640096,-111.58341291854717,0.012965879891172363,77.12550234873268
1.0,0.25875000000000004,-4.344720740729456,-111.56509773592332,0.012975131167542451,77.07051181891092
1.0,0.259375,-4.3440091130533975,-111.54682433793784,0.012984367916154939,77.01568581985545
1.0,0.26,-4.343299111453957,-111.52859269485624,0.012993590111642493,76.96102396703908
1.0,0.260625,-4.342590734776635,-111.51040277703287,0.013002797728677821,76.9065258774647
1.0,0.26125,-4.341883981870393,-111.49225455491106,0.013011990741973607,76.85219116965987
1.0,0.261875,-4.341178851587648,-111.47414799902276,0.01302116912628264,76.79801946367054
1.0,0.2625,-4.3404753427842495,-111.45608307998816,0.013030332856397974,76.74401038105438
1.0,0.263125,-4.339773454319491,-111.43805976851583,0.013039481907152838,76.69016354487579
1.0,0.26375000000000004,-4.339073185056086,-111.42007803540216,0.013048616253420832,76.63647857969917
1.0,0.264375,-4.338374533860169,-111.40213785153139,0.013057735870115945,76.58295511158326
1.0,0.265,-4.337677499601281,-111.38423918787525,0.013066840732192693,76.52959276807486
1.0,0.26562500000000006,-4.336982081152368,-111.36638201549293,0.013075930814646045,76.4763911782038
1.0,0.26625000000000004,-4.3362882773897775,-111.34856630553088,0.013085006092511545,76.42334997247673
1.0,0.26687500000000003,-4.335596087193236,-111.33079202922238,0.013094066540865465,76.37046878287087
1.0,0.2675,-4.3349055094458535,-111.31305915788757,0.013103112134824804,76.31774724282863
1.0,0.26812500000000006,-4.334216543034115,-111.2953676629333,0.013112142849547278,76.26518498725225
1.0,0.26875000000000004,-4.333529186847859,-111.27771751585246,0.013121158660231641,76.21278165249669
1.0,0.26937500000000003,-4.33284343978029,-111.26010868822442,0.013130159542117464,76.16053687636554
1.0,0.2700000000000001,-4.332159300727953,-111.2425411517143,0.013139145470485421,76.10845029810416
1.0,0.27062500000000006,-4.331476768590739,-111.22501487807322,0.01314811642065719,76.05652155839493
1.0,0.27125000000000005,-4.330795842271872,-111.20752983913776,0.013157072367995626,76.00475029935113
1.0,0.271875,-4.330116520677905,-111.19008600683006,0.01316601328790474,75.95313616451176
1.0,0.2725,-4.329438802718704,-111.17268335315731,0.013174939155829892,75.90167879883539
1.0,0.273125,-4.328762687307448,-111.15532185021182,0.013183849947257763,75.85037784869508
1.0,0.27375,-4.328088173360622,-111.13800147017074,0.013192745637716413,75.79923296187299
1.0,0.27437500000000004,-4.327415259798001,-111.12072218529568,0.013201626202775473,75.7482437875542
1.0,0.275,-4.326743945542651,-111.1034839679328,0.013210491618046084,75.697409976322
1.0,0.275625,-4.326074229520918,-111.0862867905125,0.013219341859181008,75.64673118015227
1.0,0.27625,-4.325406110662426,-111.06913062554933,0.013228176901874649,75.59620705240823
1.0,0.27687500000000004,-4.324739587900063,-111.05201544564166,0.013236996721863185,75.54583724783488
1.0,0.2775,-4.324074660169978,-111.03494122347155,0.013245801294924591,75.49562142255381
1.0,0.278125,-4.32341132641157,-111.01790793180459,0.013254590596878744,75.44555923405774
1.0,0.27875000000000005,-4.3227495855674825,-111.00091554348965,0.01326336460358748,75.39565034120524
1.0,0.27937500000000004,-4.322089436583597,-110.98396403145873,0.01327212329095464,75.34589440421568
1.0,0.28,-4.321430878409022,-110.96705336872672,0.013280866634926187,75.29629108466368
1.0,0.28062500000000007,-4.3207739099960945,-110.95018352839139,0.013289594611490175,75.24684004547443
1.0,0.28125000000000006,-4.320118530300363,-110.93335448363301,0.013298307196676911,75.19754095091803
1.0,0.28187500000000004,-4.31946473828059,-110.91656620771435,0.013307004366558914,75.14839346660499
1.0,0.28250000000000003,-4.318812532898739,-110.89981867398035,0.013315686097251101,75.09939725948036
1.0,0.28312500000000007,-4.3181619131199644,-110.88311185585798,0.01332435236491079,75.05055199781901
1.0,0.28375,-4.3175128779126135,-110.86644572685609,0.013333003145737755,75.0018573512207
1.0,0.284375,-4.31686542624821,-110.84982026056517,0.013341638415974348,74.95331299060463
1.0,0.28500000000000003,-4.3162195571014506,-110.83323543065715,0.013350258151905551,74.9049185882046
1.0,0.285625,-4.315575269450202,-110.81669121088537,0.013358862329858974,74.85667381756429
1.0,0.28625,-4.31493256227549,-110.80018757508432,0.013367450926204963,74.80857835353216
1.0,0.286875,-4.314291434561497,-110.78372449716947,0.013376023917356648,74.7606318722566
1.0,0.28750000000000003,-4.313651885295551,-110.76730195113716,0.013384581279770016,74.71283405118092
1.0,0.288125,-4.313013913468115,-110.75091991106416,0.013393122989944044,74.66518456903813
1.0,0.28875,-4.31237751807279,-110.73457835110783,0.01340164902442066,74.61768310584667
1.0,0.28937500000000005,-4.311742698106299,-110.71827724550572,0.013410159359784868,74.57032934290517
1.0,0.29000000000000004,-4.311109452568484,-110.70201656857547,0.013418653972664825,74.52312296278767
1.0,0.290625,-4.310477780462302,-110.68579629471468,0.013427132839731853,74.47606364933904
1.0,0.29125000000000006,-4.309847680793815,-110.66961639840072,0.013435595937700504,74.42915108767029
1.0,0.29187500000000005,-4.3092191525721875,-110.6534768541906,0.013444043243328629,74.38238496415373
1.0,0.29250000000000004,-4.308592194809675,-110.6373776367207,0.013452474733417484,74.3357649664181
1.0,0.293125,-4.307966806521616,-110.62131872070657,0.013460890384811793,74.2892907833438
1.0,0.29375000000000007,-4.307342986726434,-110.605300080943,0.013469290174399724,74.24296210505884
1.0,0.29437500000000005,-4.306720734445619,-110.58932169230349,0.013477674079113097,74.19677862293324
1.0,0.29500000000000004,-4.30610004870373,-110.57338352974034,0.013486042075927344,74.15074002957512
1.0,0.295625,-4.305480928528385,-110.55748556828449,0.013494394141861576,74.10484601882602
1.0,0.29625,-4.30486337295026,-110.54162778304526,0.013502730253978636,74.05909628575643
1.0,0.296875,-4.304247381003075,-110.52581014921023,0.013511050389385222,74.0134905266608
1.0,0.2975,-4.303632951723591,-110.51003264204509,0.013519354525231892,73.96802843905355
1.0,0.29812500000000003,-4.303020084151606,-110.49429523689342,0.013527642638713148,73.92270972166423
1.0,0.29875,-4.30240877732994,-110.4785979091765,0.013535914707067557,73.87753407443283
1.0,0.299375,-4.301799030304439,-110.46294063439322,0.01354417070757771,73.83250119850592
1.0,0.30000000000000004,-4.301190842123959,-110.44732338811983,0.013552410617570402,73.78761079623149
1.0,0.30062500000000003,-4.300584211840371,-110.43174614600997,0.013560634414416553,73.74286257115538
1.0,0.30125,-4.299979138508545,-110.41620888379428,0.013568842075531377,73.6982562280163
1.0,0.30187500000000006,-4.299375621186352,-110.40071157728053,0.013577033578374358,73.65379147274191
1.0,0.30250000000000005,-4.29877365893465,-110.3852542023531,0.013585208900449404,73.609468012444
1.0,0.30312500000000003,-4.298173250817283,-110.36983673497306,0.01359336801930485,73.56528555541446
1.0,0.30375,-4.297574395901068,-110.35445915117792,0.013601510912533588,73.52124381112066
1.0,0.30437500000000006,-4.2969770932558005,-110.33912142708152,0.013609637557773021,73.47734249020166
1.0,0.30500000000000005,-4.296381341954234,-110.32382353887377,0.013617747932705244,73.43358130446347
1.0,0.30562500000000004,-4.295787141072086,-110.30856546282065,0.01362584201505701,73.3899599668752
1.0,0.3062500000000001,-4.29519448968803,-110.29334717526406,0.013633919782599788,73.34647819156486
1.0,0.30687500000000006,-4.294603386883684,-110.27816865262146,0.013641981213149895,73.30313569381487
1.0,0.30750000000000005,-4.294013831743609,-110.26302987138598,0.013650026284568495,73.2599321900582
1.0,0.308125,-4.2934258233552995,-110.24793080812599,0.013658054974761724,73.21686739787383
1.0,0.30875,-4.2928393608091815,-110.23287143948515,0.013666067261680691,73.17394103598296
1.0,0.309375,-4.292254443198605,-110.21785174218223,0.013674063123321551,73.13115282424491
1.0,0.31,-4.29167106961983,-110.20287169301074,0.013682042537725665,73.0885024836524
1.0,0.31062500000000004,-4.291089239172036,-110.18793126883911,0.013690005482979483,73.0459897363285
1.0,0.31125,-4.290508950957311,-110.17303044661044,0.013697951937214663,73.0036143055222
1.0,0.311875,-4.289930204080638,-110.15816920334221,0.013705881878608212,72.96137591560411
1.0,0.3125,-4.289352997649893,-110.14334751612625,0.013713795285382498,72.91927429206251
1.0,0.31312500000000004,-4.288777330775847,-110.12856536212858,0.013721692135805263,72.87730916149975
1.0,0.31375000000000003,-4.288203202572148,-110.11382271858923,0.013729572408189766,72.83548025162783
1.0,0.314375,-4.287630612155321,-110.09911956282204,0.013737436080894788,72.79378729126469
1.0,0.31500000000000006,-4.287059558644764,-110.0844558722146,0.013745283132324721,72.7522300103302
1.0,0.31562500000000004,-4.286490041162739,-110.0698316242281,0.01375311354092962,72.71080813984224
1.0,0.31625000000000003,-4.28592205883437,-110.05524679639724,0.013760927285205192,72.66952141191325
1.0,0.3168750000000001,-4.285355610787632,-110.04070136632984,0.013768724343692987,72.62836955974561
1.0,0.31750000000000006,-4.284790696153356,-110.02619531170714,0.013776504694980287,72.5873523176287
1.0,0.31812500000000005,-4.284227314065208,-110.0117286102831,0.013784268317700372,72.54646942093405
1.0,0.31875000000000003,-4.2836654636596965,-109.99730123988478,0.013792015190532383,72.50572060611248
1.0,0.319375,-4.283105144076155,-109.98291317841166,0.013799745292201564,72.46510561068939
1.0,0.32,-4.28254635445675,-109.96856440383603,0.013807458601479156,72.42462417326189
1.0,0.320625,-4.281989093946463,-109.95425489420249,0.01381515509718257,72.38427603349437
1.0,0.32125000000000004,-4.281433361693096,-109.939984627628,0.013822834758175357,72.34406093211535
1.0,0.321875,-4.2808791568472575,-109.92575358230164,0.013830497563367312,72.3039786109134
1.0,0.3225,-4.280326478562365,-109.9115617364846,0.013838143491714498,72.26402881273371
1.0,0.323125,-4.279775325994631,-109.89740906850983,0.013845772522219385,72.224211281474
1.0,0.32375000000000004,-4.279225698303061,-109.883295556782,0.013853384633930843,72.18452576208114
1.0,0.324375,-4.278677594649449,-109.86922117977741,0.013860979805944217,72.14497200054751
1.0,0.325,-4.278131014198371,-109.8551859160438,0.013868558017401389,72.10554974390729
1.0,0.32562500000000005,-4.27758595611718,-109.84118974420018,0.013876119247490815,72.06625874023297
1.0,0.32625000000000004,-4.277042419576005,-109.82723264293683,0.013883663475447587,72.02709873863186
1.0,0.326875,-4.276500403747738,-109.81331459101509,0.013891190680553486,71.98806948924235
1.0,0.32750000000000007,-4.275959907808036,-109.79943556726717,0.013898700842137037,71.94917074323055
1.0,0.32812500000000006,-4.27542093093531,-109.78559555059603,0.01390619393957361,71.91040225278648
1.0,0.32875000000000004,-4.27488347231072,-109.77179451997529,0.013913669952285442,71.87176377112074
1.0,0.32937500000000003,-4.274347531118178,-109.75803245444914,0.013921128859741656,71.83325505246114
1.0,0.33000000000000007,-4.273813106544325,-109.74430933313195,0.013928570641458462,71.79487585204866
1.0,0.33062500000000006,-4.273280197778548,-109.73062513520851,0.01393599527699901,71.75662592613486
1.0,0.33125000000000004,-4.272748804012959,-109.71697983993363,0.013943402745973586,71.71850503197783
1.0,0.33187500000000003,-4.272218924442401,-109.70337342663223,0.013950793028039567,71.68051292783926
1.0,0.3325,-4.2716905582644324,-109.68980587469893,0.013958166102901591,71.64264937298047
1.0,0.333125,-4.271163704679328,-109.67627716359819,0.01396552195031153,71.60491412765943
1.0,0.33375,-4.270638362890072,-109.66278727286398,0.013972860550068588,71.56730695312717
1.0,0.33437500000000003,-4.27011453210235,-109.64933618209965,0.013980181882019382,71.52982761162431
1.0,0.335,-4.269592211524554,-109.63592387097799,0.013987485926057893,71.4924758663783
1.0,0.335625,-4.269071400367762,-109.6225503192409,0.013994772662125659,71.4552514815993
1.0,0.33625000000000005,-4.268552097845752,-109.60921550669943,0.01400204207021168,71.4181542224778
1.0,0.33687500000000004,-4.268034303174981,-109.59591941323362,0.014009294130352554,71.38118385518074
1.0,0.3375,-4.26751801557459,-109.58266201879225,0.014016528822632539,71.34434014684838
1.0,0.338125,-4.267003234266391,-109.56944330339277,0.014023746127183625,71.30762286559084
1.0,0.33875000000000005,-4.266489958474868,-109.55626324712128,0.014030946024185515,71.27103178048532
1.0,0.33937500000000004,-4.265978187427168,-109.54312183013218,0.0140381284938658,71.23456666157225
1.0,0.34,-4.2654679203531005,-109.53001903264831,0.014045293516499845,71.19822727985287
1.0,0.34062500000000007,-4.264959156485129,-109.51695483496061,0.014052441072411017,71.16201340728534
1.0,0.34125000000000005,-4.264451895058369,-109.50392921742814,0.01405957114197061,71.12592481678205
1.0,0.34187500000000004,-4.263946135310583,-109.49094216047791,0.014066683705597932,71.08996128220635
1.0,0.3425000000000001,-4.263441876482176,-109.47799364460484,0.014073778743760363,71.0541225783695
1.0,0.34312500000000007,-4.262939117816185,-109.46508365037135,0.014080856236973478,71.01840848102707
1.0,0.34375000000000006,-4.262437858558281,-109.4522121584076,0.014087916165800993,70.98281876687639
1.0,0.344375,-4.261938097956763,-109.43937914941114,0.014094958510854865,70.94735321355334
1.0,0.34500000000000003,-4.261439835262549,-109.42658460414681,0.014101983252795412,70.91201159962885
1.0,0.345625,-4.260943069729175,-109.41382850344665,0.014108990372331263,70.87679370460634
1.0,0.34625,-4.260447800612794,-109.40111082821,0.014115979850219387,70.8416993089189
1.0,0.34687500000000004,-4.259954027172164,-109.38843155940293,0.014122951667265292,70.80672819392547
1.0,0.34750000000000003,-4.259461748668651,-109.37579067805862,0.014129905804322895,70.77188014190871
1.0,0.348125,-4.258970964366213,-109.36318816527675,0.014136842242294778,70.73715493607106
1.0,0.34875,-4.258481673531411,-109.35062400222381,0.014143760962132053,70.70255236053272
1.0,0.34937500000000005,-4.257993875433389,-109.33809817013268,0.014150661944834537,70.66807220032793
1.0,0.35000000000000003,-4.257507569343875,-109.32561065030255,0.014157545171450823,70.63371424140213
1.0,0.350625,-4.257022754537183,-109.31316142409905,0.014164410623078175,70.59947827060964
1.0,0.35125000000000006,-4.2565394302902035,-109.30075047295392,0.014171258280862702,70.56536407571024
1.0,0.35187500000000005,-4.256057595882397,-109.28837777836495,0.014178088125999392,70.53137144536626
1.0,0.35250000000000004,-4.2555772505957945,-109.27604332189587,0.014184900139732115,70.49750016914008
1.0,0.3531250000000001,-4.255098393714987,-109.26374708517622,0.014191694303353763,70.46375003749067
1.0,0.35375000000000006,-4.254621024527123,-109.25148904990115,0.014198470598206277,70.43012084177094
1.0,0.35437500000000005,-4.2541451423219065,-109.23926919783149,0.014205229005680631,70.39661237422521
1.0,0.35500000000000004,-4.253670746391593,-109.22708751079351,0.01421196950721694,70.36322442798607
1.0,0.355625,-4.253197836030979,-109.2149439706788,0.014218692084304518,70.32995679707155
1.0,0.35625,-4.252726410537407,-109.2028385594443,0.014225396718481878,70.29680927638263
1.0,0.356875,-4.252256469210755,-109.19077125911207,0.014232083391336808,70.26378166170025
1.0,0.35750000000000004,-4.251788011353433,-109.17874205176916,0.014238752084506437,70.23087374968249
1.0,0.358125,-4.251321036270381,-109.1667509195676,0.014245402779677263,70.19808533786193
1.0,0.35875,-4.250855543269059,-109.15479784472413,0.014252035458585263,70.1654162246426
1.0,0.359375,-4.250391531659448,-109.14288280952026,0.01425865010301586,70.13286620929769
1.0,0.36000000000000004,-4.249929000754045,-109.13100579630202,0.014265246694804013,70.10043509196662
1.0,0.36062500000000003,-4.2494679498678565,-109.11916678747997,0.01427182521583429,70.06812267365221
1.0,0.36125,-4.249008378318399,-109.10736576552907,0.014278385648040851,70.03592875621838
1.0,0.36187500000000006,-4.248550285425691,-109.09560271298854,0.014284927973407528,70.00385314238724
1.0,0.36250000000000004,-4.248093670512249,-109.08387761246178,0.014291452173967907,69.97189563573636
1.0,0.36312500000000003,-4.2476385329030855,-109.07219044661619,0.014297958231805338,69.94005604069628
1.0,0.3637500000000001,-4.247184871925701,-109.06054119818317,0.014304446129053008,69.90833416254773
1.0,0.36437500000000006,-4.246732686910081,-109.04892984995786,0.014310915847894026,69.8767298074189
1.0,0.36500000000000005,-4.246281977188697,-109.03735638479924,0.014317367370561367,69.84524278228332
1.0,0.36562500000000003,-4.245832742096493,-109.0258207856298,0.014323800679338038,69.81387289495669
1.0,0.3662500000000001,-4.2453849809708935,-109.01432303543575,0.014330215756556998,69.78261995409494
1.0,0.36687500000000006,-4.2449386931517905,-109.0028631172666,0.014336612584601312,69.75148376919115
1.0,0.36750000000000005,-4.244493877981543,-108.99144101423525,0.01434299114590415,69.72046415057326
1.0,0.36812500000000004,-4.244050534804969,-108.98005670951771,0.014349351422948884,69.68956090940127
1.0,0.36875,-4.243608662969345,-108.96871018635318,0.0143556933982691,69.6587738576649
1.0,0.369375,-4.243168261824406,-108.95740142804392,0.014362017054448591,69.62810280818132
1.0,0.37,-4.242729330722329,-108.94613041795495,0.014368322374121575,69.59754757459193
1.0,0.37062500000000004,-4.242291869017742,-108.93489713951418,0.014374609339972554,69.56710797136066
1.0,0.37125,-4.241855876067717,-108.92370157621232,0.014380877934736405,69.53678381377135
1.0,0.371875,-4.24142135123176,-108.91254371160257,0.014387128141198541,69.50657491792475
1.0,0.37250000000000005,-4.2409882938718155,-108.90142352930074,0.014393359942194804,69.47648110073683
1.0,0.37312500000000004,-4.240556703352256,-108.89034101298499,0.014399573320611623,69.44650217993576
1.0,0.37375,-4.240126579039883,-108.87929614639582,0.014405768259386003,69.41663797405981
1.0,0.374375,-4.239697920303915,-108.86828891333587,0.014411944741505643,69.3868883024546
1.0,0.37500000000000006,-4.239270726515995,-108.85731929766997,0.0144181027500089,69.35725298527107
1.0,0.37562500000000004,-4.238844997050178,-108.8463872833249,0.014424242267984888,69.32773184346294
1.0,0.37625000000000003,-4.238420731282934,-108.8354928542895,0.014430363278573432,69.29832469878463
1.0,0.37687500000000007,-4.237997928593138,-108.82463599461428,0.014436465764965267,69.26903137378831
1.0,0.37750000000000006,-4.237576588362072,-108.8138166884116,0.014442549710401946,69.23985169182217
1.0,0.37812500000000004,-4.237156709973416,-108.80303491985548,0.014448615098175946,69.21078547702777
1.0,0.3787500000000001,-4.236738292813243,-108.79229067318124,0.014454661911630794,69.18183255433739
1.0,0.3793750000000001,-4.236321336270028,-108.78158393268598,0.014460690134160886,69.15299274947276
1.0,0.38,-4.235905839734622,-108.77091468272776,0.014466699749211867,69.1242658889412
1.0,0.380625,-4.235491802600272,-108.76028290772618,0.014472690740280335,69.09565180003494
1.0,0.38125000000000003,-4.235079224262603,-108.74968859216196,0.01447866309091409,69.06715031082794
1.0,0.381875,-4.234668104119621,-108.73913172057684,0.014484616784712084,69.03876125017396
1.0,0.3825,-4.234258441571703,-108.72861227757359,0.014490551805324546,69.01048444770409
1.0,0.38312500000000005,-4.233850236021601,-108.71813024781582,0.014496468136452974,68.98231973382464
1.0,0.38375000000000004,-4.233443486874428,-108.70768561602789,0.01450236576185023,68.95426693971471
1.0,0.384375,-4.233038193537666,-108.69727836699491,0.01450824466532052,68.92632589732439
1.0,0.385,-4.232634355421157,-108.6869084855626,0.01451410483071945,68.89849643937228
1.0,0.38562500000000005,-4.232231971937096,-108.67657595663714,0.014519946241954157,68.87077839934314
1.0,0.38625000000000004,-4.231831042500033,-108.66628076518518,0.014525768882983217,68.84317161148621
1.0,0.386875,-4.231431566526873,-108.65602289623381,0.014531572737816745,68.81567591081281
1.0,0.38750000000000007,-4.231033543436859,-108.64580233487014,0.014537357790516518,68.78829113309384
1.0,0.38812500000000005,-4.230636972651584,-108.6356190662417,0.014543124025195867,68.7610171148583
1.0,0.38875000000000004,-4.230241853594975,-108.62547307555589,0.014548871426019875,68.73385369339051
1.0,0.3893750000000001,-4.229848185693298,-108.61536434808016,0.014554599977205304,68.7068007067285
1.0,0.39000000000000007,-4.229455968375146,-108.6052928691418,0.014560309663020767,68.67985799366124
1.0,0.39062500000000006,-4.229065201071448,-108.59525862412798,0.0145660004677866,68.65302539372749
1.0,0.39125000000000004,-4.2286758832154545,-108.58526159848557,0.014571672375875025,68.626302747213
1.0,0.39187500000000003,-4.228288014242742,-108.5753017777211,0.014577325371710128,68.59968989514883
1.0,0.3925,-4.227901593591205,-108.56537914740062,0.014582959439767954,68.57318667930905
1.0,0.393125,-4.227516620701049,-108.55549369314961,0.014588574564576568,68.54679294220854
1.0,0.39375000000000004,-4.227133095014799,-108.545645400653,0.014594170730715995,68.52050852710147
1.0,0.39437500000000003,-4.226751015977281,-108.5358342556549,0.014599747922818405,68.49433327797863
1.0,0.395,-4.226370383035633,-108.52606024395874,0.014605306125568016,68.468267039566
1.0,0.395625,-4.225991195639289,-108.51632335142692,0.014610845323701258,68.44230965732224
1.0,0.39625000000000005,-4.2256134532399905,-108.50662356398102,0.014616365502006675,68.41646097743727
1.0,0.39687500000000003,-4.22523715529177,-108.4969608676016,0.014621866645325086,68.39072084682982
1.0,0.3975,-4.224862301250952,-108.48733524832798,0.014627348738549586,68.36508911314557
1.0,0.39812500000000006,-4.224488890576154,-108.47774669225832,0.014632811766625575,68.33956562475531
1.0,0.39875000000000005,-4.224116922728278,-108.46819518554952,0.014638255714550808,68.31415023075283
1.0,0.39937500000000004,-4.2237463971705065,-108.45868071441703,0.014643680567375491,68.28884278095289
1.0,0.4000000000000001,-4.223377313368302,-108.4492032651348,0.014649086310202257,68.26364312588947
1.0,0.40062500000000006,-4.223009670789407,-108.43976282403537,0.014654472928186184,68.23855111681401
1.0,0.40125000000000005,-4.222643468903837,-108.43035937750963,0.014659840406534884,68.21356660569322
1.0,0.40187500000000004,-4.222278707183876,-108.42099291200674,0.014665188730508554,68.18868944520719
1.0,0.4025000000000001,-4.221915385104078,-108.41166341403411,0.01467051788541996,68.16391948874774
1.0,0.40312500000000007,-4.221553502141261,-108.40237087015731,0.014675827856634497,68.13925659041648
1.0,0.40375000000000005,-4.221193057774501,-108.3931152669999,0.01468111862957033,68.11470060502242
1.0,0.40437500000000004,-4.220834051485135,-108.38389659124351,0.014686390189698273,68.09025138808086
1.0,0.405,-4.220476482756751,-108.3747148296275,0.01469164252254199,68.06590879581088
1.0,0.405625,-4.2201203510751935,-108.36556996894926,0.014696875613677845,68.04167268513429
1.0,0.40625,-4.219765655928555,-108.35646199606386,0.014702089448735101,68.01754291367308
1.0,0.40687500000000004,-4.219412396807174,-108.34739089788405,0.014707284013395877,67.99351933974806
1.0,0.40750000000000003,-4.219060573203631,-108.33835666138019,0.014712459293395246,67.96960182237666
1.0,0.408125,-4.218710184612748,-108.3293592735801,0.014717615274521213,67.94579022127154
1.0,0.40875000000000006,-4.218361230531584,-108.32039872156912,0.014722751942614784,67.92208439683854
1.0,0.40937500000000004,-4.218013710459431,-108.31147499248996,0.01472786928357002,67.89848421017498
1.0,0.41000000000000003,-4.217667623897808,-108.30258807354241,0.014732967283334125,67.8749895230675
1.0,0.410625,-4.217322970350469,-108.29373795198374,0.014738045927907317,67.85160019799123
1.0,0.41125000000000006,-4.216979749323392,-108.28492461512832,0.014743105203342986,67.8283160981074
1.0,0.41187500000000005,-4.216637960324776,-108.27614805034746,0.014748145095747758,67.80513708726149
1.0,0.41250000000000003,-4.2162976028650405,-108.26740824506965,0.014753165591281439,67.78206302998198
1.0,0.4131250000000001,-4.215958676456823,-108.25870518678016,0.01475816667615713,67.75909379147826
1.0,0.41375000000000006,-4.215621180614971,-108.25003886302113,0.014763148336641257,67.73622923763892
1.0,0.41437500000000005,-4.215285114856546,-108.24140926139154,0.014768110559053558,67.71346923503036
1.0,0.4150000000000001,-4.214950478700816,-108.23281636954695,0.014773053329767211,67.69081365089458
1.0,0.4156250000000001,-4.214617271669255,-108.22426017519966,0.01477797663520876,67.66826235314815
1.0,0.41625,-4.214285493285539,-108.21574066611846,0.014782880461858237,67.64581521038005
1.0,0.416875,-4.213955143075546,-108.2072578301287,0.014787764796249133,67.62347209185033
1.0,0.41750000000000004,-4.213626220567355,-108.19881165511224,0.01479262962496843,67.6012328674885
1.0,0.418125,-4.213298725291228,-108.19040212900698,0.014797474934656817,67.5790974078911
1.0,0.41875,-4.212972656779629,-108.1820292398074,0.014802300712008451,67.55706558432125
1.0,0.41937500000000005,-4.212648014567205,-108.17369297556408,0.014807106943771202,67.53513726870614
1.0,0.42000000000000004,-4.212324798190791,-108.16539332438364,0.014811893616746612,67.51331233363578
1.0,0.420625,-4.212003007189403,-108.15713027442881,0.014816660717789976,67.49159065236111
1.0,0.42125,-4.211682641104245,-108.14890381391851,0.014821408233810205,67.4699720987933
1.0,0.42187500000000006,-4.211363699478691,-108.14071393112732,0.014826136151770131,67.44845654750091
1.0,0.42250000000000004,-4.211046181858299,-108.13256061438597,0.014830844458686307,67.4270438737093
1.0,0.42312500000000003,-4.210730087790791,-108.1244438520807,0.014835533141629213,67.40573395329841
1.0,0.42375000000000007,-4.2104154168260655,-108.11636363265366,0.014840202187723205,67.38452666280153
1.0,0.42437500000000006,-4.210102168516187,-108.10831994460264,0.014844851584146536,67.36342187940387
1.0,0.42500000000000004,-4.209790342415381,-108.1003127764809,0.01484948131813149,67.34241948094049
1.0,0.4256250000000001,-4.209479938080041,-108.09234211689738,0.014854091376964298,67.3215193458954
1.0,0.4262500000000001,-4.209170955068717,-108.08440795451637,0.01485868174798525,67.30072135339961
1.0,0.42687500000000006,-4.208863392942121,-108.07651027805768,0.014863252418588631,67.28002538323014
1.0,0.42750000000000005,-4.208557251263113,-108.06864907629637,0.01486780337622293,67.2594313158077
1.0,0.42812500000000003,-4.208252529596715,-108.06082433806283,0.014872334608390663,67.2389390321961
1.0,0.42875,-4.207949227510087,-108.05303605224255,0.014876846102648635,67.21854841409984
1.0,0.429375,-4.207647344572548,-108.0452842077763,0.014881337846607744,67.19825934386361
1.0,0.43000000000000005,-4.207346880355549,-108.03756879365972,0.014885809827933265,67.17807170446966
1.0,0.43062500000000004,-4.207047834432692,-108.02988979894361,0.014890262034344638,67.15798537953754
1.0,0.43125,-4.206750206379718,-108.0222472127337,0.01489469445361563,67.138000253322
1.0,0.431875,-4.206453995774505,-108.01464102419062,0.014899107073574346,67.11811621071172
1.0,0.43250000000000005,-4.206159202197068,-108.00707122252987,0.014903499882103238,67.09833313722791
1.0,0.43312500000000004,-4.20586582522955,-107.99953779702156,0.014907872867139243,67.07865091902248
1.0,0.43375,-4.205573864456227,-107.99204073699065,0.014912226016673663,67.05906944287725
1.0,0.43437500000000007,-4.205283319463503,-107.98458003181668,0.014916559318752297,67.0395885962022
1.0,0.43500000000000005,-4.204994189839904,-107.97715567093361,0.014920872761475511,67.02020826703377
1.0,0.43562500000000004,-4.204706475176081,-107.96976764383018,0.014925166332998143,67.00092834403418
1.0,0.43625,-4.204420175064808,-107.9624159400494,0.014929440021529617,66.9817487164896
1.0,0.43687500000000007,-4.204135289100978,-107.95510054918887,0.014933693815333897,66.96266927430916
1.0,0.43750000000000006,-4.203851816881595,-107.9478214609003,0.014937927702729696,66.94368990802279
1.0,0.43812500000000004,-4.203569758005782,-107.94057866488988,0.014942141672090296,66.9248105087808
1.0,0.4387500000000001,-4.2032891120747715,-107.93337215091793,0.014946335711843712,66.90603096835194
1.0,0.43937500000000007,-4.203009878691902,-107.92620190879882,0.01495050981047275,66.88735117912204
1.0,0.44000000000000006,-4.2027320574626215,-107.91906792840113,0.014954663956514928,66.868771034093
1.0,0.44062500000000004,-4.2024556479944835,-107.91197019964748,0.01495879813856254,66.85029042688149
1.0,0.44125000000000003,-4.202180649897142,-107.9049087125145,0.014962912345262744,66.83190925171729
1.0,0.441875,-4.201907062782353,-107.8978834570327,0.01496700656531751,66.81362740344238
1.0,0.4425,-4.201634886263971,-107.89089442328651,0.01497108078748371,66.7954447775094
1.0,0.44312500000000005,-4.201364119957947,-107.88394160141421,0.01497513500057311,66.77736126998049
1.0,0.44375000000000003,-4.201094763482318,-107.87702498160765,0.014979169193452529,66.75937677752549
1.0,0.444375,-4.200826816457221,-107.87014455411256,0.014983183355043644,66.74149119742165
1.0,0.44500000000000006,-4.200560278504878,-107.86330030922825,0.014987177474323219,66.72370442755148
1.0,0.44562500000000005,-4.200295149249597,-107.85649223730759,0.014991151540323048,66.70601636640188
1.0,0.44625000000000004,-4.200031428317774,-107.84972032875706,0.014995105542129966,66.68842691306298
1.0,0.446875,-4.199769115337887,-107.84298457403658,0.014999039468885918,66.67093596722677
1.0,0.44750000000000006,-4.199508209940495,-107.83628496365957,0.015002953309787948,66.65354342918594
1.0,0.44812500000000005,-4.199248711758235,-107.82962148819273,0.015006847054088298,66.63624919983249
1.0,0.44875000000000004,-4.1989906204258185,-107.82299413825606,0.01501072069109443,66.61905318065645
1.0,0.4493750000000001,-4.198733935580034,-107.81640290452293,0.015014574210168958,66.60195527374513
1.0,0.45000000000000007,-4.198478656859739,-107.80984777771982,0.015018407600729804,66.58495538178136
1.0,0.45062500000000005,-4.1982247839058635,-107.8033287486264,0.015022220852250136,66.56805340804272
1.0,0.4512500000000001,-4.197972316361406,-107.79684580807549,0.015026013954258424,66.5512492564002
1.0,0.4518750000000001,-4.197721253871432,-107.79039894695292,0.01502978689633847,66.53454283131707
1.0,0.4525,-4.197471596083071,-107.78398815619761,0.015033539668129405,66.5179340378478
1.0,0.453125,-4.197223342645511,-107.77761342680131,0.01503727225932584,66.50142278163638
1.0,0.45375000000000004,-4.1969764932100055,-107.77127474980878,0.015040984659677712,66.48500896891595
1.0,0.45437500000000003,-4.196731047429861,-107.76497211631751,0.015044676858990488,66.46869250650698
1.0,0.455,-4.196487004960441,-107.75870551747785,0.015048348847125076,66.45247330181648
1.0,0.45562500000000006,-4.196244365459167,-107.75247494449292,0.015052000613997873,66.43635126283694
1.0,0.45625000000000004,-4.196003128585509,-107.7462803886185,0.015055632149580831,66.42032629814493
1.0,0.45687500000000003,-4.195763294000988,-107.74012184116305,0.015059243443901443,66.40439831690024
1.0,0.4575,-4.195524861369177,-107.73399929348763,0.015062834487042785,66.38856722884466
1.0,0.45812500000000006,-4.195287830355693,-107.72791273700591,0.015066405269143518,66.37283294430107
1.0,0.45875000000000005,-4.195052200628197,-107.72186216318396,0.015069955780398001,66.35719537417181
1.0,0.45937500000000003,-4.194817971856392,-107.71584756354031,0.015073486011056254,66.34165442993809
1.0,0.4600000000000001,-4.1945851437120245,-107.70986892964594,0.015076995951423956,66.32621002365889
1.0,0.46062500000000006,-4.194353715868876,-107.70392625312414,0.015080485591862562,66.31086206796951
1.0,0.46125000000000005,-4.194123688002768,-107.69801952565055,0.015083954922789225,66.29561047608107
1.0,0.4618750000000001,-4.193895059791559,-107.69214873895312,0.015087403934676868,66.28045516177912
1.0,0.4625000000000001,-4.193667830915139,-107.68631388481197,0.015090832618054219,66.26539603942264
1.0,0.46312500000000006,-4.193442001055431,-107.68051495505941,0.015094240963505827,66.25043302394303
1.0,0.46375000000000005,-4.193217569896387,-107.67475194157984,0.015097628961672122,66.2355660308429
1.0,0.46437500000000004,-4.192994537123986,-107.66902483630977,0.015100996603249383,66.22079497619536
1.0,0.465,-4.192772902426232,-107.66333363123766,0.015104343878989845,66.20611977664258
1.0,0.465625,-4.1925526654931575,-107.65767831840404,0.015107670779701616,66.19154034939531
1.0,0.46625,-4.192333826016817,-107.65205888990141,0.015110977296248745,66.17705661223162
1.0,0.466875,-4.192116383691285,-107.64647533787412,0.015114263419551301,66.16266848349578
1.0,0.4675000000000001,-4.191900338212658,-107.64092765451845,0.015117529140585303,66.14837588209757
1.0,0.46812500000000007,-4.191685689279049,-107.63541583208242,0.015120774450382827,66.13417872751101
1.0,0.46875000000000006,-4.191472436590581,-107.62993986286571,0.01512399934003206,66.12007693977327
1.0,0.46937500000000004,-4.191260579849401,-107.62449973921998,0.01512720380067715,66.10607043948441
1.0,0.47000000000000003,-4.191050118759661,-107.61909545354835,0.01513038782351846,66.09215914780546
1.0,0.470625,-4.190841053027528,-107.61372699830562,0.015133551399812421,66.07834298645821
1.0,0.47125,-4.1906333823611766,-107.6083943659983,0.01513669452087161,66.06462187772402
1.0,0.4718750000000001,-4.19042710647079,-107.60309754918431,0.015139817178064785,66.05099574444286
1.0,0.4725000000000001,-4.19022222506856,-107.59783654047325,0.015142919362816868,66.0374645100125
1.0,0.4731250000000001,-4.190018737868678,-107.59261133252606,0.01514600106660904,66.02402809838735
1.0,0.47375000000000006,-4.189816644587343,-107.58742191805516,0.01514906228097871,66.01068643407774
1.0,0.47437500000000005,-4.189615944942748,-107.58226828982426,0.01515210299751961,65.99743944214869
1.0,0.47500000000000003,-4.189416638655091,-107.57715044064851,0.0151551232078817,65.98428704821956
1.0,0.475625,-4.189218725446568,-107.57206836339437,0.01515812290377126,65.9712291784628
1.0,0.47625000000000006,-4.189022205041371,-107.56702205097953,0.015161102076950908,65.9582657596032
1.0,0.47687500000000005,-4.188827077165685,-107.56201149637293,0.015164060719239644,65.94539671891673
1.0,0.47750000000000004,-4.188633341547695,-107.55703669259476,0.015166998822512759,65.93262198423031
1.0,0.478125,-4.18844099791757,-107.55209763271627,0.01516991637870207,65.91994148392
1.0,0.47875,-4.1882500460074725,-107.54719430985983,0.015172813379795742,65.90735514691093
1.0,0.479375,-4.188060485551554,-107.54232671719888,0.015175689817838428,65.89486290267605
1.0,0.48,-4.187872316285953,-107.53749484795793,0.015178545684931221,65.88246468123546
1.0,0.4806250000000001,-4.187685537948792,-107.5326986954124,0.015181380973231738,65.8701604131554
1.0,0.48125000000000007,-4.187500150280182,-107.52793825288876,0.015184195674954083,65.85795002954768
1.0,0.48187500000000005,-4.187316153022215,-107.52321351376439,0.015186989782368873,65.84583346206871
1.0,0.48250000000000004,-4.187133545918966,-107.51852447146753,0.015189763287803295,65.83381064291868
1.0,0.483125,-4.186952328716489,-107.51387111947733,0.015192516183641104,65.82188150484073
1.0,0.48375,-4.1867725011628165,-107.50925345132364,0.015195248462322676,65.81004598112011
1.0,0.4843750000000001,-4.186594063007958,-107.50467146058718,0.01519796011634498,65.79830400558349
1.0,0.4850000000000001,-4.186417014003898,-107.50012514089927,0.015200651138261672,65.78665551259792
1.0,0.4856250000000001,-4.186241353904596,-107.49561448594204,0.015203321520683027,65.7751004370704
1.0,0.48625000000000007,-4.186067082465986,-107.49113948944827,0.015205971256276006,65.76363871444693
1.0,0.48687500000000006,-4.185894199445975,-107.48670014520145,0.015208600337764217,65.75227028071197
1.0,0.48750000000000004,-4.185722704604436,-107.48229644703552,0.01521120875792807,65.74099507238705
1.0,0.48812500000000003,-4.185552597703218,-107.47792838883512,0.015213796509604634,65.72981302653083
1.0,0.4887500000000001,-4.185383878506131,-107.47359596453533,0.015216363585687802,65.71872408073763
1.0,0.48937500000000006,-4.185216546778954,-107.46929916812175,0.015218909979128207,65.70772817313711
1.0,0.49000000000000005,-4.18505060228943,-107.4650379936304,0.015221435682933321,65.6968252423933
1.0,0.49062500000000003,-4.184886044807268,-107.46081243514777,0.015223940690167392,65.68601522770413
1.0,0.49125,-4.184722874104136,-107.45662248681072,0.015226424993951536,65.67529806880043
1.0,0.491875,-4.184561089953669,-107.45246814280657,0.015228888587463645,65.66467370594566
1.0,0.4925,-4.184400692131458,-107.44834939737287,0.015231331463938562,65.65414207993456
1.0,0.4931250000000001,-4.184241680415055,-107.44426624479753,0.015233753616667973,65.64370313209297
1.0,0.4937500000000001,-4.184084054583967,-107.44021867941865,0.015236155039000514,65.63335680427676
1.0,0.49437500000000006,-4.183927814419658,-107.4362066956246,0.015238535724341742,65.62310303887134
1.0,0.49500000000000005,-4.1837729597055455,-107.43223028785395,0.015240895666154164,65.61294177879091
1.0,0.49562500000000004,-4.183619490227004,-107.42828945059541,0.015243234857957234,65.60287296747794
1.0,0.49625,-4.183467405771361,-107.42438417838795,0.015245553293327373,65.59289654890236
1.0,0.496875,-4.183316706127892,-107.42051446582053,0.015247850965898035,65.5830124675608
1.0,0.4975000000000001,-4.183167391087828,-107.41668030753227,0.01525012786935963,65.57322066847634
1.0,0.4981250000000001,-4.183019460444344,-107.41288169821229,0.015252383997459687,65.56352109719712
1.0,0.4987500000000001,-4.1828729139925676,-107.40911863259981,0.015254619344002695,65.55391369979657
1.0,0.49937500000000007,-4.182727751529567,-107.40539110548389,0.015256833902850321,65.54439842287182
1.0,0.5,-4.1825839728543635,-107.40169911170369,0.015259027667921218,65.53497521354406
1.0,0.500625,-4.182441577767915,-107.3980426461482,0.015261200633191224,65.525644019457
1.0,0.50125,-4.18230056607313,-107.39442170375642,0.015263352792693226,65.51640478877705
1.0,0.5018750000000001,-4.1821609375748565,-107.39083627951715,0.015265484140517278,65.50725747019213
1.0,0.5025000000000001,-4.182022692079887,-107.38728636846919,0.01526759467081053,65.49820201291156
1.0,0.503125,-4.18188582939695,-107.38377196570099,0.01526968437777736,65.48923836666485
1.0,0.50375,-4.181750349336713,-107.38029306635083,0.015271753255679338,65.48036648170144
1.0,0.504375,-4.1816162517117865,-107.37684966560683,0.015273801298835186,65.47158630879022
1.0,0.505,-4.181483536336711,-107.37344175870672,0.015275828501620901,65.46289779921862
1.0,0.5056250000000001,-4.181352203027969,-107.3700693409381,0.015277834858469654,65.45430090479246
1.0,0.5062500000000001,-4.181222251603976,-107.36673240763814,0.015279820363871877,65.44579557783504
1.0,0.5068750000000001,-4.181093681885082,-107.36343095419379,0.015281785012375251,65.4373817711868
1.0,0.5075000000000001,-4.180966493693572,-107.36016497604156,0.015283728798584731,65.42905943820462
1.0,0.508125,-4.18084068685366,-107.35693446866763,0.01528565171716257,65.42082853276125
1.0,0.50875,-4.180716261191493,-107.3537394276077,0.015287553762828329,65.41268900924483
1.0,0.509375,-4.1805932165351445,-107.35057984844703,0.015289434930358914,65.4046408225582
1.0,0.5100000000000001,-4.1804715527146215,-107.34745572682044,0.015291295214588529,65.3966839281187
1.0,0.5106250000000001,-4.180351269561857,-107.34436705841229,0.015293134610408734,65.38881828185735
1.0,0.5112500000000001,-4.1802323669107135,-107.34131383895642,0.015294953112768442,65.38104384021851
1.0,0.5118750000000001,-4.180114844596977,-107.33829606423612,0.015296750716673965,65.37336056015916
1.0,0.5125000000000001,-4.179998702458363,-107.33531373008418,0.015298527417188946,65.36576839914875
1.0,0.513125,-4.179883940334509,-107.33236683238276,0.015300283209434473,65.35826731516833
1.0,0.51375,-4.179770558066974,-107.32945536706339,0.015302018088589091,65.35085726670998
1.0,0.5143750000000001,-4.179658555499248,-107.3265793301071,0.015303732049888646,65.34353821277708
1.0,0.5150000000000001,-4.17954793247673,-107.32373871754405,0.01530542508862662,65.33631011288244
1.0,0.5156250000000001,-4.17943868884675,-107.3209335254539,0.015307097200153797,65.32917292704933
1.0,0.5162500000000001,-4.179330824458555,-107.31816374996559,0.015308748379878473,65.32212661581015
1.0,0.5168750000000001,-4.179224339163314,-107.3154293872574,0.015310378623266408,65.3151711402062
1.0,0.5175000000000001,-4.179119232814112,-107.31273043355677,0.015311987925840877,65.30830646178711
1.0,0.5181250000000001,-4.179015505265954,-107.3100668851405,0.015313576283182629,65.30153254261057
1.0,0.51875,-4.178913156375761,-107.30743873833453,0.015315143690929955,65.29484934524167
1.0,0.519375,-4.178812186002368,-107.304845989514,0.015316690144778693,65.28825683275247
1.0,0.52,-4.1787125940065275,-107.30228863510328,0.015318215640482202,65.28175496872174
1.0,0.520625,-4.178614380250905,-107.29976667157584,0.015319720173851414,65.27534371723434
1.0,0.52125,-4.178517544600083,-107.29728009545437,0.015321203740754791,65.26902304288106
1.0,0.521875,-4.1784220869205555,-107.29482890331072,0.015322666337118363,65.2627929107581
1.0,0.5225,-4.1783280070807285,-107.29241309176571,0.015324107958925793,65.25665328646635
1.0,0.5231250000000001,-4.178235304950922,-107.29003265748942,0.015325528602218278,65.25060413611156
1.0,0.52375,-4.178143980403367,-107.28768759720091,0.015326928263094647,65.24464542630349
1.0,0.524375,-4.178054033312199,-107.28537790766825,0.015328306937711412,65.23877712415542
1.0,0.525,-4.177965463553466,-107.28310358570855,0.015329664622282673,65.2329991972841
1.0,0.525625,-4.177878271005128,-107.28086462818798,0.015331001313080147,65.2273116138094
1.0,0.52625,-4.177792455547052,-107.27866103202177,0.015332317006433206,65.22171434235382
1.0,0.526875,-4.177708017061011,-107.27649279417406,0.015333611698728883,65.216207352042
1.0,0.5275000000000001,-4.177624955430686,-107.27435991165794,0.015334885386411904,65.21079061250047
1.0,0.5281250000000001,-4.177543270541666,-107.27226238153554,0.015336138065984627,65.20546409385739
1.0,0.52875,-4.177462962281442,-107.27020020091783,0.015337369734007157,65.20022776674188
1.0,0.529375,-4.177384030539412,-107.26817336696473,0.015338580387097279,65.195081602284
1.0,0.53,-4.177306475206877,-107.26618187688504,0.015339770021930476,65.1900255721143
1.0,0.530625,-4.177230296177042,-107.26422572793642,0.015340938635239994,65.18505964836329
1.0,0.5312500000000001,-4.177155493345018,-107.26230491742554,0.015342086223816713,65.18018380366173
1.0,0.5318750000000001,-4.1770820666078174,-107.26041944270781,0.015343212784509312,65.1753980111396
1.0,0.5325000000000001,-4.177010015864353,-107.2585693011875,0.015344318314224215,65.17070224442607
1.0,0.5331250000000001,-4.176939341015441,-107.25675449031775,0.015345402809925562,65.1660964776493
1.0,0.5337500000000001,-4.1768700419638,-107.2549750076005,0.015346466268635256,65.16158068543612
1.0,0.534375,-4.176802118614043,-107.25323085058643,0.01534750868743303,65.15715484291128
1.0,0.535,-4.176735570872688,-107.25152201687501,0.015348530063456373,65.15281892569767
1.0,0.5356250000000001,-4.17667039864815,-107.24984850411457,0.015349530393900522,65.14857290991601
1.0,0.5362500000000001,-4.176606601850747,-107.24821031000216,0.015350509676018493,65.14441677218453
1.0,0.5368750000000001,-4.17654418039269,-107.24660743228355,0.015351467907121163,65.14035048961831
1.0,0.5375000000000001,-4.176483134188093,-107.2450398687533,0.01535240508457716,65.13637403982962
1.0,0.5381250000000001,-4.176423463152964,-107.24350761725465,0.015353321205812957,65.13248740092715
1.0,0.5387500000000001,-4.176365167205209,-107.2420106756796,0.015354216268312832,65.12869055151604
1.0,0.539375,-4.176308246264631,-107.24054904196873,0.015355090269618926,65.12498347069746
1.0,0.5400000000000001,-4.176252700252928,-107.2391227141115,0.015355943207331156,65.12136613806862
1.0,0.5406250000000001,-4.176198529093692,-107.2377316901458,0.015356775079107394,65.11783853372192
1.0,0.5412500000000001,-4.176145732712414,-107.23637596815838,0.015357585882663222,65.11440063824574
1.0,0.5418750000000001,-4.176094311036478,-107.2350555462846,0.015358375615772165,65.11105243272327
1.0,0.5425000000000001,-4.176044263995167,-107.23377042270856,0.015359144276265512,65.10779389873302
1.0,0.543125,-4.17599559151965,-107.23252059566276,0.015359891862032547,65.10462501834775
1.0,0.54375,-4.1759482935429935,-107.23130606342852,0.015360618371020344,65.101545774135
1.0,0.544375,-4.175902370000158,-107.23012682433571,0.015361323801233884,65.09855614915662
1.0,0.545,-4.175857820827997,-107.22898287676284,0.015362008150736016,65.09565612696856
1.0,0.545625,-4.175814645965253,-107.2278742191369,0.015362671417647529,65.09284569162054
1.0,0.54625,-4.175772845352565,-107.22680084993362,0.015363313600147024,65.09012482765634
1.0,0.546875,-4.175732418932465,-107.2257627676773,0.015363934696471022,65.0874935201132
1.0,0.5475,-4.17569336664937,-107.22475997094071,0.015364534704914007,65.08495175452154
1.0,0.548125,-4.175655688449598,-107.2237924583453,0.015365113623828275,65.08249951690539
1.0,0.5487500000000001,-4.175619384281347,-107.22286022856098,0.015365671451624135,65.08013679378138
1.0,0.5493750000000001,-4.175584454094717,-107.22196328030634,0.015366208186769715,65.0778635721595
1.0,0.55,-4.1755508978416875,-107.22110161234829,0.015366723827791176,65.075679839542
1.0,0.550625,-4.175518715476134,-107.22027522350247,0.015367218373272547,65.07358558392397
1.0,0.55125,-4.1754879069538235,-107.21948411263303,0.015367691821855734,65.07158079379317
1.0,0.551875,-4.175458472232408,-107.21872827865255,0.015368144172240684,65.06966545812925
1.0,0.5525,-4.175430411271433,-107.21800772052222,0.01536857542318518,65.06783956640447
1.0,0.5531250000000001,-4.175403724032335,-107.2173224372518,0.01536898557350497,65.06610310858306
1.0,0.5537500000000001,-4.175378410478433,-107.21667242789938,0.015369374622073781,65.06445607512107
1.0,0.5543750000000001,-4.175354470574939,-107.21605769157166,0.015369742567823277,65.06289845696641
1.0,0.555,-4.175331904288951,-107.2154782274238,0.015370089409743068,65.06143024555877
1.0,0.555625,-4.175310711589458,-107.21493403465945,0.015370415146880721,65.06005143282941
1.0,0.55625,-4.175290892447337,-107.21442511253079,0.015370719778341738,65.05876201120131
1.0,0.5568750000000001,-4.1752724468353515,-107.21395146033845,0.015371003303289592,65.05756197358875
1.0,0.5575000000000001,-4.175255374728156,-107.21351307743159,0.015371265720945694,65.05645131339755
1.0,0.5581250000000001,-4.175239676102291,-107.2131099632078,0.015371507030589428,65.0554300245247
1.0,0.5587500000000001,-4.175225350936185,-107.2127421171132,0.015371727231558142,65.0544981013585
1.0,0.5593750000000001,-4.175212399210154,-107.21240953864228,0.01537192632324716,65.05365553877833
1.0,0.56,-4.175200820906398,-107.212112227338,0.015372104305109803,65.05290233215452
1.0,0.560625,-4.175190616009009,-107.21185018279186,0.015372261176657322,65.05223847734862
1.0,0.5612500000000001,-4.175181784503965,-107.21162340464382,0.015372396937458923,65.05166397071329
1.0,0.5618750000000001,-4.175174326379134,-107.2114318925823,0.015372511587141776,65.05117880909211
1.0,0.5625000000000001,-4.175168241624264,-107.21127564634409,0.015372605125391094,65.0507829898193
1.0,0.5631250000000001,-4.175163530230998,-107.21115466571462,0.015372677551949975,65.05047651072036
1.0,0.5637500000000001,-4.1751601921928625,-107.21106895052759,0.015372728866619535,65.05025937011143
1.0,0.5643750000000001,-4.17515822750527,-107.21101850066526,0.015372759069258867,65.05013156679954
1.0,0.5650000000000001,-4.175157636165522,-107.2110033160583,0.01537276815978504,65.05009310008245
1.0,0.5656250000000002,-4.175158418172801,-107.21102339668573,0.015372756138173136,65.05014396974867
1.0,0.5662500000000001,-4.175160573528186,-107.21107874257527,0.01537272300445612,65.05028417607785
1.0,0.566875,-4.175164102234637,-107.21116935380293,0.015372668758724986,65.0505137198403
1.0,0.5675,-4.175169004297005,-107.21129523049323,0.01537259340112868,65.05083260229718
1.0,0.568125,-4.175175279722022,-107.21145637281907,0.015372496931874167,65.05124082520035
1.0,0.56875,-4.175182928518315,-107.21165278100202,0.015372379351226293,65.05173839079293
1.0,0.569375,-4.17519195069639,-107.21188445531176,0.015372240659508004,65.05232530180838
1.0,0.5700000000000001,-4.175202346268645,-107.21215139606676,0.01537208085710012,65.05300156147149
1.0,0.570625,-4.1752141152493625,-107.21245360363366,0.01537189994444151,65.05376717349768
1.0,0.57125,-4.175227257654714,-107.2127910784278,0.015371697922028952,65.05462214209368
1.0,0.571875,-4.175241773502759,-107.21316382091288,0.015371474790417193,65.05556647195719
1.0,0.5725,-4.175257662813445,-107.21357183160112,0.015371230550218957,65.05660016827706
1.0,0.573125,-4.175274925608607,-107.21401511105319,0.015370965202104922,65.05772323673328
1.0,0.57375,-4.175293561911963,-107.21449365987819,0.015370678746803776,65.05893568349693
1.0,0.5743750000000001,-4.175313571749126,-107.21500747873377,0.015370371185102105,65.06023751523064
1.0,0.5750000000000001,-4.17533495514759,-107.21555656832591,0.015370042517844545,65.06162873908805
1.0,0.575625,-4.175357712136741,-107.21614092940922,0.01536969274593361,65.06310936271461
1.0,0.57625,-4.1753818427478535,-107.21676056278682,0.01536932187032978,65.06467939424726
1.0,0.576875,-4.175407347014091,-107.21741546931021,0.015368929892051488,65.06633884231462
1.0,0.5775,-4.175434224970504,-107.21810564987948,0.01536851681217514,65.06808771603691
1.0,0.578125,-4.175462476654033,-107.2188311054432,0.015368082631835036,65.06992602502648
1.0,0.5787500000000001,-4.175492102103508,-107.21959183699842,0.015367627352223464,65.07185377938742
1.0,0.5793750000000001,-4.175523101359644,-107.22038784559068,0.01536715097459068,65.07387098971584
1.0,0.5800000000000001,-4.175555474465052,-107.22121913231412,0.0153666535002448,65.07597766710035
1.0,0.5806250000000001,-4.175589221464226,-107.22208569831129,0.015366134930551957,65.07817382312155
1.0,0.58125,-4.175624342403555,-107.2229875447734,0.015365595266936137,65.08045946985284
1.0,0.581875,-4.175660837331319,-107.22392467294014,0.015365034510879269,65.08283461986021
1.0,0.5825000000000001,-4.175698706297683,-107.22489708409974,0.015364452663921228,65.08529928620221
1.0,0.5831250000000001,-4.175737949354708,-107.22590477958899,0.015363849727659784,65.08785348243052
1.0,0.5837500000000001,-4.175778566556345,-107.22694776079325,0.015363225703750616,65.09049722258982
1.0,0.5843750000000001,-4.175820557958434,-107.22802602914642,0.015362580593907337,65.09323052121798
1.0,0.5850000000000001,-4.175863923618707,-107.229139586131,0.015361914399901455,65.09605339334627
1.0,0.5856250000000001,-4.175908663596789,-107.23028843327795,0.015361227123562395,65.09896585449951
1.0,0.58625,-4.175954777954199,-107.23147257216708,0.015360518766777397,65.1019679206966
1.0,0.5868750000000001,-4.176002266754345,-107.23269200442657,0.015359789331491675,65.10505960845
1.0,0.5875000000000001,-4.176051130062534,-107.23394673173337,0.015359038819708246,65.10824093476676
1.0,0.5881250000000001,-4.176101367945959,-107.23523675581288,0.015358267233488095,65.11151191714775
1.0,0.5887500000000001,-4.176152980473711,-107.23656207843928,0.015357474574950014,65.1148725735888
1.0,0.5893750000000001,-4.176205967716776,-107.23792270143534,0.015356660846270654,65.11832292258045
1.0,0.5900000000000001,-4.176260329748031,-107.23931862667243,0.015355826049684591,65.12186298310796
1.0,0.5906250000000001,-4.176316066642246,-107.24074985607052,0.015354970187484239,65.12549277465189
1.0,0.59125,-4.176373178476094,-107.24221639159842,0.015354093262019801,65.12921231718843
1.0,0.591875,-4.176431665328138,-107.24371823527352,0.015353195275699366,65.1330216311893
1.0,0.5925,-4.176491527278842,-107.24525538916201,0.015352276230988803,65.13692073762226
1.0,0.593125,-4.1765527644105624,-107.24682785537861,0.015351336130411867,65.1409096579511
1.0,0.59375,-4.176615376807551,-107.24843563608684,0.015350374976550148,65.14498841413584
1.0,0.594375,-4.176679364555962,-107.25007873349894,0.015349392772042995,65.14915702863343
1.0,0.595,-4.176744727743845,-107.25175714987589,0.015348389519587599,65.15341552439759
1.0,0.5956250000000001,-4.176811466461146,-107.25347088752733,0.015347365221938962,65.15776392487919
1.0,0.5962500000000001,-4.1768795807997146,-107.25521994881184,0.015346319881909825,65.16220225402675
1.0,0.596875,-4.176949070853297,-107.25700433613665,0.015345253502370752,65.16673053628641
1.0,0.5975,-4.177019936717541,-107.25882405195784,0.015344166086250055,65.1713487966024
1.0,0.598125,-4.177092178489994,-107.26067909878024,0.01534305763653384,65.17605706041724
1.0,0.59875,-4.177165796270106,-107.26256947915759,0.015341928156265934,65.18085535367216
1.0,0.599375,-4.1772407901592254,-107.2644951956923,0.015340777648547972,65.1857437028071
1.0,0.6000000000000001,-4.177317160260603,-107.26645625103575,0.015339606116539313,65.19072213476134
1.0,0.6006250000000001,-4.177394906679395,-107.2684526478881,0.015338413563457044,65.19579067697373
1.0,0.6012500000000001,-4.177474029522658,-107.27048438899841,0.01533719999257598,65.20094935738291
1.0,0.601875,-4.177554528899357,-107.27255147716471,0.015335965407228615,65.20619820442796
1.0,0.6025,-4.177636404920359,-107.27465391523391,0.015334709810805166,65.21153724704843
1.0,0.603125,-4.177719657698434,-107.27679170610173,0.015333433206753597,65.21696651468446
1.0,0.6037500000000001,-4.177804287348263,-107.27896485271296,0.01533213559857948,65.2224860372778
1.0,0.6043750000000001,-4.177890293986425,-107.2811733580612,0.015330816989846159,65.22809584527137
1.0,0.6050000000000001,-4.1779776777314135,-107.28341722518914,0.015329477384174587,65.23379596961027
1.0,0.6056250000000001,-4.178066438703626,-107.28569645718837,0.015328116785243397,65.23958644174179
1.0,0.6062500000000001,-4.178156577025369,-107.28801105719955,0.015326735196788854,65.24546729361597
1.0,0.606875,-4.17824809282086,-107.29036102841235,0.015325332622604864,65.25143855768586
1.0,0.6075,-4.178340986216225,-107.29274637406544,0.015323909066542964,65.25750026690791
1.0,0.6081250000000001,-4.1784352573395,-107.29516709744667,0.01532246453251228,65.2636524547425
1.0,0.6087500000000001,-4.178530906320632,-107.29762320189275,0.015320999024479608,65.26989515515395
1.0,0.6093750000000001,-4.178627933291479,-107.30011469078963,0.015319512546469306,65.27622840261131
1.0,0.6100000000000001,-4.178726338385815,-107.30264156757237,0.015318005102563296,65.28265223208871
1.0,0.6106250000000001,-4.17882612173932,-107.30520383572504,0.015316476696901142,65.28916667906542
1.0,0.6112500000000001,-4.178927283489594,-107.30780149878098,0.015314927333679914,65.29577177952676
1.0,0.6118750000000001,-4.179029823776154,-107.31043456032268,0.01531335701715421,65.30246756996443
1.0,0.6125000000000002,-4.179133742740427,-107.31310302398181,0.015311765751636211,65.30925408737659
1.0,0.6131250000000001,-4.179239040525759,-107.31580689343924,0.01531015354149561,65.31613136926859
1.0,0.6137500000000001,-4.179345717277413,-107.31854617242509,0.015308520391159607,65.3230994536534
1.0,0.6143750000000001,-4.17945377314257,-107.3213208647187,0.015306866305112927,65.33015837905187
1.0,0.6150000000000001,-4.179563208270326,-107.32413097414862,0.015305191287897812,65.33730818449321
1.0,0.615625,-4.179674022811702,-107.32697650459279,0.015303495344113925,65.34454890951582
1.0,0.61625,-4.179786216919635,-107.32985745997838,0.015301778478418444,65.35188059416723
1.0,0.6168750000000001,-4.179899790748989,-107.33277384428206,0.015300040695525928,65.35930327900515
1.0,0.6175,-4.180014744456545,-107.33572566152968,0.015298282000208422,65.36681700509745
1.0,0.618125,-4.180131078201011,-107.3387129157966,0.015296502397295382,65.37442181402285
1.0,0.61875,-4.180248792143013,-107.34173561120744,0.015294701891673741,65.38211774787113
1.0,0.619375,-4.180367886445108,-107.34479375193635,0.01529288048828774,65.3899048492443
1.0,0.62,-4.180488361271774,-107.34788734220689,0.015291038192139075,65.39778316125631
1.0,0.620625,-4.1806102167894155,-107.35101638629202,0.015289175008286816,65.405752727534
1.0,0.6212500000000001,-4.180733453166367,-107.35418088851429,0.015287290941847366,65.41381359221758
1.0,0.6218750000000001,-4.180858070572893,-107.35738085324583,0.015285385997994425,65.42196579996138
1.0,0.6225,-4.180984069181185,-107.36061628490819,0.015283460181959094,65.4302093959338
1.0,0.623125,-4.181111449165363,-107.36388718797251,0.015281513499029778,65.43854442581815
1.0,0.62375,-4.181240210701484,-107.36719356695959,0.01527954595455214,65.44697093581345
1.0,0.624375,-4.181370353967529,-107.37053542643974,0.015277557553929202,65.45548897263438
1.0,0.625,-4.181501879143418,-107.37391277103299,0.015275548302621228,65.4640985835123
1.0,0.6256250000000001,-4.181634786411004,-107.37732560540896,0.015273518206145736,65.47279981619569
1.0,0.6262500000000001,-4.181769075954073,-107.38077393428705,0.015271467270077483,65.48159271895072
1.0,0.6268750000000001,-4.181904747958352,-107.38425776243635,0.015269395500048442,65.49047734056188
1.0,0.6275000000000001,-4.1820418026115025,-107.3877770946757,0.015267302901747815,65.49945373033236
1.0,0.628125,-4.182180240103123,-107.39133193587371,0.015265189480922002,65.50852193808478
1.0,0.62875,-4.182320060624756,-107.39492229094883,0.015263055243374537,65.51768201416193
1.0,0.6293750000000001,-4.182461264369877,-107.39854816486921,0.015260900194966212,65.52693400942682
1.0,0.6300000000000001,-4.18260385153391,-107.402209562653,0.015258724341614882,65.536277975264
1.0,0.6306250000000001,-4.182747822314217,-107.40590648936806,0.015256527689295609,65.54571396357947
1.0,0.6312500000000001,-4.182893176910103,-107.40963895013233,0.015254310244040531,65.55524202680186
1.0,0.6318750000000001,-4.1830399155228255,-107.41340695011367,0.01525207201193884,65.56486221788302
1.0,0.6325000000000001,-4.183188038355581,-107.41721049452987,0.015249812999136855,65.57457459029828
1.0,0.633125,-4.183337545613516,-107.4210495886487,0.015247533211837958,65.58437919804726
1.0,0.6337500000000001,-4.183488437503723,-107.42492423778798,0.015245232656302586,65.5942760956545
1.0,0.6343750000000001,-4.183640714235243,-107.42883444731554,0.01524291133884822,65.60426533817008
1.0,0.6350000000000001,-4.183794376019071,-107.43278022264934,0.01524056926584933,65.61434698117044
1.0,0.6356250000000001,-4.183949423068151,-107.43676156925746,0.015238206443737384,65.6245210807589
1.0,0.6362500000000001,-4.1841058555973785,-107.44077849265801,0.015235822879000896,65.63478769356605
1.0,0.6368750000000001,-4.184263673823611,-107.44483099841956,0.015233418578185177,65.64514687675144
1.0,0.6375000000000001,-4.184422877965651,-107.4489190921606,0.015230993547892655,65.6555986880028
1.0,0.6381250000000002,-4.184583468244266,-107.45304277955002,0.01522854779478255,65.666143185538
1.0,0.63875,-4.184745444882175,-107.45720206630689,0.015226081325571109,65.67678042810476
1.0,0.639375,-4.184908808104061,-107.4613969582007,0.015223594147031345,65.68751047498225
1.0,0.64,-4.185073558136559,-107.46562746105107,0.015221086265993297,65.69833338598072
1.0,0.640625,-4.185239695208272,-107.46989358072808,0.015218557689343748,65.70924922144326
1.0,0.64125,-4.185407219549769,-107.47419532315241,0.015216008424026269,65.72025804224631
1.0,0.641875,-4.185576131393574,-107.47853269429487,0.015213438477041362,65.73135990979965
1.0,0.6425000000000001,-4.185746430974185,-107.48290570017696,0.01521084785544622,65.74255488604808
1.0,0.6431250000000001,-4.185918118528059,-107.4873143468705,0.015208236566354899,65.7538430334714
1.0,0.64375,-4.186091194293631,-107.49175864049812,0.015205604616938082,65.76522441508595
1.0,0.644375,-4.186265658511293,-107.49623858723264,0.015202952014423348,65.77669909444427
1.0,0.645,-4.186441511423413,-107.5007541932977,0.015200278766094932,65.78826713563673
1.0,0.645625,-4.186618753274333,-107.50530546496756,0.015197584879293728,65.79992860329217
1.0,0.64625,-4.186797384310366,-107.50989240856717,0.015194870361417326,65.81168356257851
1.0,0.6468750000000001,-4.186977404779801,-107.51451503047211,0.01519213521991997,65.82353207920355
1.0,0.6475000000000001,-4.187158814932904,-107.51917333710884,0.015189379462312524,65.8354742194158
1.0,0.6481250000000001,-4.187341615021917,-107.52386733495446,0.01518660309616249,65.84751005000523
1.0,0.64875,-4.187525805301061,-107.528597030537,0.015183806129093933,65.85963963830413
1.0,0.649375,-4.187711386026535,-107.53336243043515,0.015180988568787567,65.87186305218759
1.0,0.65,-4.1878983574565245,-107.5381635412787,0.01517815042298057,65.88418036007496
1.0,0.650625,-4.188086719851193,-107.54300036974826,0.015175291699466714,65.89659163093002
1.0,0.6512500000000001,-4.188276473472693,-107.5478729225754,0.015172412406096231,65.90909693426228
1.0,0.6518750000000001,-4.188467618585162,-107.55278120654275,0.01516951255077586,65.92169634012755
1.0,0.6525000000000001,-4.188660155454724,-107.55772522848393,0.015166592141468802,65.93438991912889
1.0,0.6531250000000001,-4.1888540843494955,-107.56270499528371,0.015163651186194681,65.94717774241745
1.0,0.65375,-4.189049405539578,-107.56772051387783,0.015160689693029602,65.96005988169311
1.0,0.654375,-4.18924611929707,-107.57277179125336,0.015157707670105998,65.97303640920573
1.0,0.6550000000000001,-4.189444225896059,-107.57785883444836,0.015154705125612757,65.98610739775556
1.0,0.6556250000000001,-4.1896437256126315,-107.5829816505523,0.015151682067795075,65.99927292069451
1.0,0.6562500000000001,-4.189844618724868,-107.58814024670579,0.015148638504954504,66.01253305192678
1.0,0.6568750000000001,-4.190046905512852,-107.59333463010093,0.015145574445448827,66.02588786591024
1.0,0.6575000000000001,-4.190250586258661,-107.59856480798096,0.01514248989769223,66.03933743765637
1.0,0.6581250000000001,-4.19045566124638,-107.60383078764075,0.015139384870155044,66.05288184273228
1.0,0.6587500000000001,-4.190662130762093,-107.6091325764264,0.015136259371363927,66.06652115726067
1.0,0.6593750000000002,-4.1908699950938875,-107.61447018173553,0.01513311340990175,66.08025545792115
1.0,0.6600000000000001,-4.19107925453186,-107.61984361101736,0.01512994699440754,66.09408482195136
1.0,0.6606250000000001,-4.191289909368111,-107.62525287177249,0.015126760133576556,66.10800932714737
1.0,0.6612500000000001,-4.191501959896757,-107.63069797155339,0.015123552836160096,66.12202905186545
1.0,0.6618750000000001,-4.191715406413922,-107.63617891796399,0.01512032511096566,66.13614407502213
1.0,0.6625000000000001,-4.191930249217743,-107.6416957186599,0.015117076966856836,66.15035447609561
1.0,0.6631250000000001,-4.192146488608373,-107.64724838134863,0.015113808412753227,66.16466033512685
1.0,0.6637500000000001,-4.192364124887978,-107.65283691378926,0.01511051945763057,66.17906173271999
1.0,0.664375,-4.192583158360744,-107.65846132379276,0.015107210110520589,66.19355875004379
1.0,0.665,-4.192803589332876,-107.66412161922199,0.015103880380511013,66.20815146883245
1.0,0.665625,-4.193025418112601,-107.66981780799163,0.01510053027674555,66.22283997138668
1.0,0.66625,-4.193248645010169,-107.67554989806847,0.015097159808423823,66.2376243405747
1.0,0.666875,-4.193473270337855,-107.68131789747112,0.015093768984801421,66.25250465983306
1.0,0.6675,-4.193699294409962,-107.68712181427038,0.015090357815189786,66.26748101316797
1.0,0.6681250000000001,-4.193926717542817,-107.69296165658903,0.015086926308956283,66.28255348515587
1.0,0.6687500000000001,-4.194155540054785,-107.69883743260212,0.015083474475524055,66.29772216094504
1.0,0.669375,-4.194385762266253,-107.70474915053661,0.015080002324372172,66.31298712625585
1.0,0.67,-4.194617384499649,-107.71069681867198,0.015076509865035417,66.32834846738257
1.0,0.670625,-4.194850407079432,-107.71668044533972,0.015072997107104394,66.3438062711939
1.0,0.67125,-4.195084830332101,-107.72270003892383,0.015069464060225423,66.35936062513434
1.0,0.671875,-4.195320654586197,-107.72875560786065,0.015065910734100503,66.37501161722528
1.0,0.6725000000000001,-4.195557880172299,-107.73484716063889,0.015062337138487373,66.39075933606573
1.0,0.6731250000000001,-4.195796507423029,-107.74097470579974,0.015058743283199404,66.40660387083366
1.0,0.6737500000000001,-4.196036536673053,-107.74713825193687,0.015055129178105647,66.42254531128691
1.0,0.6743750000000001,-4.1962779682590865,-107.75333780769655,0.015051494833130728,66.43858374776447
1.0,0.675,-4.19652080251989,-107.75957338177759,0.015047840258254888,66.45471927118736
1.0,0.675625,-4.1967650397962775,-107.76584498293147,0.015044165463513896,66.47095197306
1.0,0.67625,-4.197010680431114,-107.77215261996244,0.015040470458999063,66.48728194547111
1.0,0.6768750000000001,-4.1972577247693215,-107.77849630172749,0.015036755254857157,66.50370928109514
1.0,0.6775000000000001,-4.197506173157879,-107.78487603713647,0.015033019861290426,66.5202340731931
1.0,0.6781250000000001,-4.197756025945819,-107.79129183515194,0.015029264288556622,66.53685641561353
1.0,0.6787500000000001,-4.1980072834842375,-107.79774370478944,0.015025488546968868,66.55357640279408
1.0,0.6793750000000001,-4.198259946126296,-107.80423165511758,0.01502169264689564,66.57039412976263
1.0,0.68,-4.19851401422721,-107.81075569525768,0.015017876598760905,66.58730969213771
1.0,0.6806250000000001,-4.198769488144272,-107.81731583438442,0.015014040413043824,66.60432318613083
1.0,0.6812500000000001,-4.199026368236839,-107.82391208172547,0.015010184100278911,66.62143470854689
1.0,0.6818750000000001,-4.19928465486634,-107.83054444656173,0.015006307671055928,66.63864435678563
1.0,0.6825000000000001,-4.199544348396276,-107.83721293822727,0.0150024111360199,66.65595222884268
1.0,0.6831250000000001,-4.199805449192222,-107.84391756610947,0.014998494505871054,66.67335842331089
1.0,0.6837500000000001,-4.200067957621828,-107.85065833964893,0.01499455779136484,66.69086303938128
1.0,0.6843750000000001,-4.200331874054829,-107.85743526833986,0.014990601003311777,66.70846617684484
1.0,0.6850000000000002,-4.200597198863029,-107.86424836172954,0.014986624152577671,66.72616793609265
1.0,0.6856250000000002,-4.200863932420327,-107.87109762941901,0.014982627250083282,66.74396841811848
1.0,0.6862500000000001,-4.201132075102702,-107.87798308106288,0.014978610306804455,66.76186772451926
1.0,0.6868750000000001,-4.201401627288221,-107.8849047263692,0.014974573333772116,66.77986595749627
1.0,0.6875000000000001,-4.201672589357042,-107.89186257509981,0.014970516342072145,66.79796321985678
1.0,0.688125,-4.201944961691413,-107.8988566370702,0.014966439342845417,66.81615961501502
1.0,0.68875,-4.202218744675675,-107.90588692214958,0.014962342347287778,66.83445524699346
1.0,0.6893750000000001,-4.202493938696267,-107.91295344026105,0.014958225366649966,66.8528502204242
1.0,0.6900000000000001,-4.202770544141725,-107.92005620138158,0.014954088412237602,66.87134464055028
1.0,0.690625,-4.203048561402682,-107.92719521554194,0.014949931495411215,66.88993861322666
1.0,0.69125,-4.2033279908718795,-107.93437049282711,0.014945754627586065,66.90863224492219
1.0,0.691875,-4.203608832944164,-107.94158204337606,0.014941557820232215,66.92742564272046
1.0,0.6925,-4.203891088016487,-107.94882987738181,0.014937341084874517,66.94631891432107
1.0,0.693125,-4.204174756487908,-107.95611400509156,0.014933104433092556,66.96531216804101
1.0,0.6937500000000001,-4.2044598387596,-107.96343443680676,0.014928847876520586,66.98440551281621
1.0,0.6943750000000001,-4.2047463352348515,-107.97079118288316,0.014924571426847532,67.00359905820268
1.0,0.6950000000000001,-4.205034246319062,-107.97818425373076,0.014920275095816986,67.0228929143778
1.0,0.695625,-4.205323572419756,-107.98561365981406,0.01491595889522709,67.04228719214203
1.0,0.69625,-4.2056143139465725,-107.99307941165193,0.01491162283693061,67.06178200291974
1.0,0.696875,-4.205906471311283,-108.00058151981798,0.014907266932834727,67.0813774587615
1.0,0.6975,-4.206200044927777,-108.00811999494017,0.014902891194901246,67.10107367234431
1.0,0.6981250000000001,-4.206495035212077,-108.01569484770127,0.014898495635146355,67.12087075697401
1.0,0.6987500000000001,-4.206791442582331,-108.02330608883858,0.014894080265640765,67.14076882658578
1.0,0.6993750000000001,-4.207089267458825,-108.03095372914439,0.014889645098509494,67.1607679957465
1.0,0.7000000000000001,-4.207388510263975,-108.03863777946559,0.01488519014593202,67.18086837965522
1.0,0.700625,-4.207689171422338,-108.04635825070409,0.01488071542014212,67.20107009414534
1.0,0.70125,-4.207991251360613,-108.05411515381682,0.014876220933427825,67.2213732556859
1.0,0.7018750000000001,-4.208294750507638,-108.06190849981562,0.014871706698131511,67.24177798138263
1.0,0.7025000000000001,-4.208599669294398,-108.06973829976744,0.014867172726649733,67.2622843889799
1.0,0.7031250000000001,-4.208906008154029,-108.07760456479447,0.014862619031433221,67.2828925968621
1.0,0.7037500000000001,-4.209213767521812,-108.08550730607402,0.014858045624986943,67.30360272405468
1.0,0.7043750000000001,-4.20952294783518,-108.0934465348386,0.01485345251987001,67.32441489022591
1.0,0.7050000000000001,-4.209833549533726,-108.10142226237625,0.014848839728695537,67.34532921568879
1.0,0.7056250000000001,-4.210145573059195,-108.10943450003022,0.014844207264130816,67.36634582140171
1.0,0.7062500000000002,-4.210459018855496,-108.11748325919935,0.014839555138897086,67.38746482897079
1.0,0.7068750000000001,-4.210773887368702,-108.12556855133802,0.014834883365769594,67.40868636065092
1.0,0.7075000000000001,-4.21109017904705,-108.13369038795622,0.014830191957577534,67.43001053934752
1.0,0.7081250000000001,-4.211407894340946,-108.14184878061964,0.014825480927204027,67.45143748861794
1.0,0.7087500000000001,-4.211727033702965,-108.1500437409496,0.014820750287586101,67.47296733267294
1.0,0.7093750000000001,-4.212047597587854,-108.15827528062326,0.014816000051714647,67.49460019637827
1.0,0.7100000000000001,-4.212369586452538,-108.16654341137367,0.014811230232634365,67.51633620525642
1.0,0.7106250000000002,-4.2126930007561185,-108.17484814498978,0.014806440843443736,67.538175485488
1.0,0.71125,-4.213017840959883,-108.18318949331666,0.014801631897294937,67.56011816391369
1.0,0.711875,-4.213344107527297,-108.19156746825537,0.014796803407393932,67.58216436803521
1.0,0.7125,-4.213671800924017,-108.19998208176315,0.014791955387000282,67.60431422601754
1.0,0.713125,-4.214000921617889,-108.20843334585352,0.014787087849427191,67.62656786669034
1.0,0.71375,-4.214331470078945,-108.21692127259608,0.014782200808041565,67.64892541954895
1.0,0.714375,-4.214663446779421,-108.22544587411706,0.014777294276263711,67.67138701475733
1.0,0.7150000000000001,-4.214996852193741,-108.23400716259886,0.01477236826756763,67.6939527831482
1.0,0.7156250000000001,-4.2153316867985335,-108.24260515028053,0.014767422795480706,67.7166228562259
1.0,0.71625,-4.21566795107263,-108.25123984945763,0.014762457873583816,67.73939736616735
1.0,0.716875,-4.216005645497071,-108.25991127248246,0.0147574735155112,67.76227644582427
1.0,0.7175,-4.2163447705551,-108.26861943176391,0.01475246973495053,67.78526022872423
1.0,0.718125,-4.216685326732177,-108.27736433976779,0.01474744654564277,67.8083488490729
1.0,0.71875,-4.217027314515974,-108.28614600901665,0.01474240396138222,67.83154244175533
1.0,0.7193750000000001,-4.217370734396376,-108.29496445208996,0.014737341996016477,67.85484114233769
1.0,0.7200000000000001,-4.217715586865496,-108.30381968162429,0.014732260663446293,67.87824508706946
1.0,0.7206250000000001,-4.21806187241766,-108.3127117103132,0.014727159977625692,67.90175441288442
1.0,0.7212500000000001,-4.218409591549431,-108.32164055090747,0.014722039952561747,67.92536925740325
1.0,0.721875,-4.218758744759593,-108.3306062162151,0.014716900602314708,67.94908975893455
1.0,0.7225,-4.219109332549165,-108.3396087191014,0.014711741940997869,67.97291605647699
1.0,0.723125,-4.219461355421399,-108.34864807248904,0.014706563982777563,67.99684828972093
1.0,0.7237500000000001,-4.2198148138817855,-108.35772428935816,0.014701366741873126,68.0208865990502
1.0,0.7243750000000001,-4.220169708438055,-108.36683738274643,0.014696150232556843,68.04503112554393
1.0,0.7250000000000001,-4.220526039600177,-108.37598736574898,0.01469091446915399,68.069282010978
1.0,0.7256250000000001,-4.220883807880374,-108.38517425151882,0.014685659466042604,68.0936393978277
1.0,0.7262500000000001,-4.221243013793114,-108.39439805326664,0.01468038523765364,68.1181034292687
1.0,0.726875,-4.221603657855122,-108.40365878426108,0.01467509179847076,68.14267424917959
1.0,0.7275000000000001,-4.221965740585373,-108.41295645782851,0.014669779163030498,68.16735200214282
1.0,0.7281250000000001,-4.222329262505106,-108.42229108735347,0.014664447345922014,68.1921368334475
1.0,0.7287500000000001,-4.222694224137816,-108.43166268627844,0.014659096361787208,68.21702888909054
1.0,0.7293750000000001,-4.223060626009264,-108.44107126810411,0.014653726225320608,68.24202831577885
1.0,0.7300000000000001,-4.223428468647482,-108.45051684638938,0.014648336951269327,68.26713526093123
1.0,0.7306250000000001,-4.223797752582769,-108.45999943475147,0.01464292855443305,68.29234987268012
1.0,0.7312500000000001,-4.224168478347699,-108.469519046866,0.01463750104966398,68.31767229987362
1.0,0.7318750000000002,-4.224540646477126,-108.47907569646709,0.01463205445186676,68.34310269207752
1.0,0.7325000000000002,-4.224914257508182,-108.48866939734738,0.014626588775998511,68.36864119957684
1.0,0.7331250000000001,-4.2252893119802835,-108.4983001633582,0.014621104037068707,68.39428797337821
1.0,0.7337500000000001,-4.2256658104351335,-108.50796800840955,0.014615600250139202,68.42004316521148
1.0,0.7343750000000001,-4.226043753416723,-108.51767294647019,0.014610077430324183,68.44590692753167
1.0,0.7350000000000001,-4.2264231414713365,-108.52741499156782,0.014604535592790088,68.47187941352112
1.0,0.7356250000000001,-4.226803975147555,-108.53719415778906,0.014598974752755607,68.49796077709132
1.0,0.7362500000000001,-4.227186254996261,-108.54701045927965,0.014593394925491571,68.52415117288518
1.0,0.7368750000000001,-4.227569981570639,-108.5568639102444,0.014587796126320983,68.55045075627872
1.0,0.7375,-4.22795515542618,-108.56675452494743,0.014582178370618926,68.57685968338323
1.0,0.738125,-4.228341777120685,-108.57668231771207,0.014576541673812558,68.60337811104722
1.0,0.73875,-4.228729847214264,-108.58664730292105,0.014570886051381083,68.6300061968583
1.0,0.739375,-4.229119366269347,-108.59664949501664,0.01456521151885564,68.65674409914563
1.0,0.74,-4.229510334850681,-108.6066889085005,0.014559518091819358,68.68359197698143
1.0,0.7406250000000001,-4.229902753525335,-108.61676555793409,0.01455380578590723,68.71054999018347
1.0,0.7412500000000001,-4.230296622862706,-108.62687945793856,0.014548074616806076,68.7376182993171
1.0,0.7418750000000001,-4.230691943434524,-108.63703062319489,0.01454232460025452,68.76479706569732
1.0,0.7425,-4.231088715814846,-108.64721906844402,0.014536555752042954,68.79208645139073
1.0,0.743125,-4.231486940580069,-108.65744480848674,0.014530768088013504,68.81948661921764
1.0,0.74375,-4.2318866183089305,-108.66770785818412,0.014524961624059935,68.84699773275447
1.0,0.744375,-4.232287749582504,-108.6780082324571,0.01451913637612774,68.8746199563352
1.0,0.7450000000000001,-4.232690334984219,-108.68834594628721,0.014513292360213882,68.90235345505457
1.0,0.7456250000000001,-4.233094375099847,-108.69872101471604,0.014507429592366979,68.93019839476909
1.0,0.7462500000000001,-4.2334998705175195,-108.70913345284586,0.014501548088687047,68.95815494210031
1.0,0.7468750000000001,-4.233906821827725,-108.71958327583935,0.014495647865325588,68.98622326443628
1.0,0.7475,-4.234315229623309,-108.73007049891984,0.014489728938485548,69.01440352993373
1.0,0.748125,-4.234725094499486,-108.7405951373714,0.014483791324421196,69.04269590752077
1.0,0.74875,-4.235136417053833,-108.75115720653883,0.014477835039438154,69.07110056689852
1.0,0.7493750000000001,-4.235549197886301,-108.76175672182784,0.01447186009989334,69.09961767854364
1.0,0.7500000000000001,-4.235963437599218,-108.77239369870519,0.01446586652219484,69.12824741371072
1.0,0.7506250000000001,-4.236379136797285,-108.78306815269859,0.014459854322802033,69.15698994443395
1.0,0.7512500000000001,-4.236796296087591,-108.79378009939705,0.014453823518225342,69.18584544353017
1.0,0.7518750000000001,-4.237214916079609,-108.80452955445084,0.014447774125026316,69.21481408460063
1.0,0.7525000000000001,-4.2376349973852045,-108.8153165335716,0.014441706159817536,69.24389604203347
1.0,0.7531250000000002,-4.238056540618632,-108.82614105253236,0.014435619639262627,69.27309149100579
1.0,0.7537500000000001,-4.238479546396545,-108.83700312716775,0.014429514580076156,69.30240060748615
1.0,0.7543750000000001,-4.238904015337995,-108.84790277337396,0.014423390999023641,69.33182356823667
1.0,0.7550000000000001,-4.239329948064442,-108.85884000710904,0.014417248912921413,69.36136055081586
1.0,0.7556250000000001,-4.239757345199749,-108.86981484439274,0.0144110883386367,69.3910117335802
1.0,0.7562500000000001,-4.240186207370197,-108.88082730130688,0.01440490929308742,69.42077729568743
1.0,0.7568750000000001,-4.240616535204482,-108.89187739399532,0.014398711793242239,69.45065741709831
1.0,0.7575000000000002,-4.241048329333715,-108.90296513866394,0.014392495856120551,69.48065227857892
1.0,0.7581250000000002,-4.2414815903914365,-108.914090551581,0.014386261498792326,69.51076206170355
1.0,0.7587500000000001,-4.241916319013608,-108.9252536490769,0.014380008738378188,69.5409869488565
1.0,0.7593750000000001,-4.2423525158386255,-108.93645444754455,0.014373737592049279,69.57132712323497
1.0,0.76,-4.24279018150732,-108.94769296343942,0.014367448077027216,69.6017827688514
1.0,0.760625,-4.243229316662957,-108.95896921327952,0.014361140210584128,69.63235407053558
1.0,0.76125,-4.243669921951249,-108.97028321364566,0.014354814010042483,69.66304121393772
1.0,0.7618750000000001,-4.244111998020358,-108.98163498118147,0.014348469492775089,69.69384438553058
1.0,0.7625000000000001,-4.2445555455208925,-108.99302453259355,0.014342106676205082,69.72476377261194
1.0,0.763125,-4.245000565105914,-109.0044518846514,0.014335725577805892,69.75579956330691
1.0,0.76375,-4.245447057430948,-109.0159170541878,0.014329326215101084,69.78695194657104
1.0,0.764375,-4.245895023153976,-109.02742005809858,0.01432290860566449,69.81822111219194
1.0,0.765,-4.246344462935448,-109.03896091334305,0.014316472767119982,69.84960725079269
1.0,0.765625,-4.246795377438286,-109.05053963694387,0.01431001871714153,69.88111055383392
1.0,0.7662500000000001,-4.2472477673278854,-109.0621562459873,0.014303546473453096,69.91273121361661
1.0,0.7668750000000001,-4.247701633272124,-109.07381075762328,0.014297056053828597,69.94446942328457
1.0,0.7675000000000001,-4.248156975941358,-109.08550318906548,0.014290547476091894,69.97632537682698
1.0,0.7681250000000001,-4.248613796008432,-109.09723355759138,0.01428402075811671,70.00829926908101
1.0,0.76875,-4.249072094148682,-109.10900188054244,0.0142774759178266,70.04039129573441
1.0,0.769375,-4.249531871039936,-109.12080817532421,0.014270912973194895,70.07260165332823
1.0,0.77,-4.249993127362523,-109.13265245940634,0.014264331942244671,70.10493053925927
1.0,0.7706250000000001,-4.250455863799276,-109.14453475032285,0.01425773284304863,70.13737815178315
1.0,0.7712500000000001,-4.250920081035534,-109.15645506567206,0.014251115693729149,70.16994469001646
1.0,0.7718750000000001,-4.251385779759152,-109.16841342311699,0.014244480512458078,70.20263035394026
1.0,0.7725000000000001,-4.251852960660497,-109.18040984038502,0.014237827317456904,70.23543534440165
1.0,0.7731250000000001,-4.252321624432461,-109.19244433526849,0.014231156126996493,70.26835986311757
1.0,0.77375,-4.252791771770451,-109.2045169256243,0.01422446695939724,70.3014041126765
1.0,0.774375,-4.253263403372411,-109.21662762937441,0.014217759833028866,70.33456829654197
1.0,0.7750000000000001,-4.253736519938815,-109.22877646450588,0.014211034766310388,70.36785261905527
1.0,0.7756250000000001,-4.254211122172673,-109.24096344907076,0.01420429177771016,70.40125728543768
1.0,0.7762500000000001,-4.2546872107795375,-109.25318860118651,0.014197530885745728,70.43478250179378
1.0,0.7768750000000001,-4.255164786467513,-109.26545193903601,0.014190752108983743,70.46842847511442
1.0,0.7775000000000001,-4.255643849947249,-109.27775348086755,0.014183955466040045,70.50219541327886
1.0,0.7781250000000001,-4.256124401931947,-109.29009324499496,0.014177140975579561,70.53608352505785
1.0,0.7787500000000002,-4.2566064431373745,-109.3024712497979,0.014170308656316185,70.57009302011684
1.0,0.7793750000000002,-4.257089974281858,-109.31488751372186,0.0141634585270128,70.60422410901845
1.0,0.7800000000000001,-4.257574996086293,-109.32734205527812,0.01415659060648123,70.63847700322532
1.0,0.7806250000000001,-4.258061509274145,-109.33983489304413,0.014149704913582178,70.6728519151031
1.0,0.7812500000000001,-4.258549514571461,-109.35236604566352,0.01414280146722509,70.70734905792371
1.0,0.7818750000000001,-4.25903901270687,-109.36493553184624,0.014135880286368191,70.74196864586784
1.0,0.7825000000000001,-4.259530004411585,-109.37754337036864,0.014128941390018414,70.77671089402804
1.0,0.7831250000000001,-4.260022490419408,-109.39018958007352,0.014121984797231379,70.8115760184114
1.0,0.7837500000000001,-4.26051647146674,-109.4028741798704,0.014115010527111288,70.84656423594289
1.0,0.784375,-4.261011948292579,-109.41559718873546,0.014108018598810902,70.88167576446811
1.0,0.785,-4.261508921638524,-109.42835862571178,0.014101009031531515,70.91691082275618
1.0,0.785625,-4.262007392248789,-109.44115850990947,0.014093981844522822,70.9522696305032
1.0,0.78625,-4.262507360870199,-109.4539968605058,0.014086937057082916,70.98775240833491
1.0,0.786875,-4.2630088282521985,-109.46687369674515,0.01407987468855823,71.02335937780987
1.0,0.7875000000000001,-4.263511795146855,-109.47978903793943,0.014072794758343481,71.05909076142248
1.0,0.7881250000000001,-4.264016262308864,-109.49274290346787,0.014065697285881619,71.09494678260604
1.0,0.7887500000000001,-4.264522230495551,-109.50573531277735,0.014058582290663799,71.13092766573573
1.0,0.789375,-4.265029700466879,-109.51876628538247,0.014051449792229293,71.16703363613185
1.0,0.79,-4.2655386729854525,-109.53183584086557,0.01404429981016548,71.20326492006278
1.0,0.790625,-4.266049148816523,-109.54494399887705,0.014037132364107715,71.23962174474843
1.0,0.79125,-4.266561128727997,-109.55809077913544,0.014029947473739299,71.27610433836338
1.0,0.7918750000000001,-4.267074613490433,-109.57127620142735,0.014022745158791507,71.31271293003951
1.0,0.7925000000000001,-4.267589603877052,-109.58450028560789,0.014015525439043408,71.3494477498699
1.0,0.7931250000000001,-4.268106100663744,-109.59776305160051,0.014008288334321896,71.38630902891158
1.0,0.7937500000000001,-4.268624104629065,-109.61106451939725,0.01400103386450164,71.42329699918875
1.0,0.794375,-4.269143616554249,-109.62440470905887,0.013993762049504985,71.46041189369616
1.0,0.795,-4.269664637223206,-109.63778364071487,0.01398647290930197,71.4976539464021
1.0,0.795625,-4.27018716742254,-109.6512013345639,0.013979166463910129,71.53502339225231
1.0,0.7962500000000001,-4.270711207941536,-109.66465781087349,0.013971842733394614,71.5725204671724
1.0,0.7968750000000001,-4.271236759572186,-109.67815308998061,0.013964501737867957,71.6101454080721
1.0,0.7975000000000001,-4.271763823109174,-109.69168719229145,0.01395714349749016,71.6478984528478
1.0,0.7981250000000001,-4.272292399349893,-109.70526013828173,0.013949768032468586,71.68577984038616
1.0,0.7987500000000001,-4.2728224890944455,-109.7188719484967,0.013942375363057915,71.72378981056745
1.0,0.7993750000000001,-4.273354093145648,-109.73252264355132,0.013934965509560101,71.76192860426879
1.0,0.8000000000000002,-4.273887212309041,-109.74621224413053,0.013927538492324252,71.8001964633679
1.0,0.8006250000000001,-4.274421847392886,-109.75994077098913,0.013920094331746676,71.83859363074599
1.0,0.8012500000000001,-4.274957999208181,-109.77370824495218,0.013912633048270708,71.87712035029175
1.0,0.8018750000000001,-4.275495668568657,-109.7875146869149,0.013905154662386746,71.91577686690437
1.0,0.8025000000000001,-4.2760348562907895,-109.80136011784303,0.013897659194632114,71.95456342649732
1.0,0.8031250000000001,-4.276575563193797,-109.81524455877268,0.013890146665591123,71.99348027600132
1.0,0.8037500000000001,-4.277117790099653,-109.82916803081078,0.013882617095894872,72.03252766336851
1.0,0.8043750000000002,-4.277661537833082,-109.84313055513483,0.013875070506221361,72.07170583757508
1.0,0.8050000000000002,-4.278206807221577,-109.85713215299349,0.013867506917295273,72.11101504862567
1.0,0.8056250000000001,-4.278753599095393,-109.87117284570628,0.013859926349888004,72.15045554755639
1.0,0.8062500000000001,-4.2793019142875615,-109.88525265466406,0.013852328824817581,72.19002758643862
1.0,0.8068750000000001,-4.279851753633893,-109.89937160132902,0.01384471436294858,72.22973141838261
1.0,0.8075000000000001,-4.2804031179729805,-109.91352970723483,0.013837082985192104,72.26956729754099
1.0,0.8081250000000001,-4.280956008146205,-109.92772699398672,0.013829434712505731,72.30953547911227
1.0,0.8087500000000001,-4.281510424997744,-109.94196348326176,0.013821769565893436,72.3496362193447
1.0,0.8093750000000001,-4.282066369374569,-109.95623919680872,0.013814087566405574,72.38986977553958
1.0,0.81,-4.282623842126458,-109.9705541564485,0.013806388735138795,72.43023640605517
1.0,0.810625,-4.283182844106006,-109.98490838407425,0.01379867309323592,72.4707363703107
1.0,0.81125,-4.283743376168615,-109.99930190165132,0.013790940661886002,72.51136992878942
1.0,0.811875,-4.284305439172515,-110.01373473121757,0.013783191462324172,72.55213734304293
1.0,0.8125,-4.284869033978764,-110.02820689488351,0.013775425515831587,72.59303887569477
1.0,0.8131250000000001,-4.28543416145125,-110.04271841483232,0.013767642843735441,72.63407479044392
1.0,0.8137500000000001,-4.286000822456696,-110.05726931332,0.013759843467408906,72.67524535206856
1.0,0.8143750000000001,-4.286569017864671,-110.07185961267562,0.013752027408271012,72.71655082643018
1.0,0.8150000000000001,-4.287138748547595,-110.08648933530148,0.013744194687786569,72.75799148047756
1.0,0.815625,-4.287710015380739,-110.10115850367299,0.013736345327466237,72.79956758224984
1.0,0.81625,-4.288282819242238,-110.11586714033923,0.013728479348866307,72.84127940088132
1.0,0.816875,-4.288857161013095,-110.13061526792286,0.013720596773588709,72.883127206605
1.0,0.8175000000000001,-4.289433041577182,-110.14540290912021,0.013712697623280997,72.92511127075613
1.0,0.8181250000000001,-4.290010461821251,-110.16023008670157,0.013704781919636222,72.96723186577667
1.0,0.8187500000000001,-4.290589422634934,-110.1750968235112,0.01369684968439294,73.00948926521866
1.0,0.8193750000000001,-4.291169924910754,-110.19000314246762,0.013688900939335096,73.05188374374872
1.0,0.8200000000000001,-4.291751969544129,-110.20494906656359,0.013680935706291997,73.09441557715165
1.0,0.820625,-4.292335557433378,-110.21993461886645,0.013672954007138222,73.13708504233476
1.0,0.82125,-4.292920689479724,-110.23495982251809,0.013664955863793628,73.17989241733143
1.0,0.8218750000000001,-4.293507366587309,-110.25002470073538,0.013656941298223129,73.22283798130607
1.0,0.8225000000000001,-4.294095589663192,-110.26512927681001,0.0136489103324368,73.2659220145573
1.0,0.8231250000000001,-4.294685359617352,-110.28027357410875,0.013640862988489792,73.30914479852217
1.0,0.8237500000000001,-4.295276677362702,-110.29545761607363,0.013632799288482223,73.3525066157805
1.0,0.8243750000000001,-4.29586954381509,-110.31068142622209,0.013624719254559147,73.39600775005891
1.0,0.8250000000000001,-4.296463959893303,-110.32594502814707,0.0136166229089105,73.43964848623486
1.0,0.8256250000000002,-4.29705992651908,-110.34124844551724,0.013608510273771008,73.48342911034106
1.0,0.8262500000000002,-4.297657444617116,-110.35659170207718,0.013600381371420117,73.52734990956966
1.0,0.8268750000000001,-4.298256515115063,-110.37197482164747,0.013592236224181972,73.57141117227629
1.0,0.8275000000000001,-4.2988571389435455,-110.38739782812497,0.013584074854425289,73.61561318798458
1.0,0.8281250000000001,-4.2994593170361535,-110.40286074548268,0.013575897284563428,73.65995624738979
1.0,0.8287500000000001,-4.3000630503294595,-110.41836359777021,0.0135677035370542,73.70444064236375
1.0,0.8293750000000001,-4.3006683397630185,-110.43390640911377,0.013559493634399882,73.74906666595874
1.0,0.8300000000000002,-4.301275186279378,-110.44948920371635,0.013551267599147111,73.79383461241206
1.0,0.8306250000000002,-4.301883590824082,-110.46511200585795,0.013543025453886845,73.83874477715024
1.0,0.8312500000000002,-4.302493554345679,-110.48077483989566,0.013534767221254292,73.8837974567935
1.0,0.8318750000000001,-4.3031050777957285,-110.49647773026398,0.013526492923928811,73.92899294916032
1.0,0.8325,-4.303718162128806,-110.51222070147475,0.013518202584633907,73.97433155327147
1.0,0.833125,-4.304332808302509,-110.52800377811748,0.013509896226137163,74.0198135693546
1.0,0.83375,-4.304949017277464,-110.54382698485941,0.01350157387125014,74.06543929884877
1.0,0.8343750000000001,-4.30556679001733,-110.55969034644572,0.013493235542828382,74.11120904440872
1.0,0.8350000000000001,-4.3061861274888065,-110.57559388769963,0.013484881263771321,74.15712310990936
1.0,0.8356250000000001,-4.306807030661647,-110.59153763352269,0.013476511057022146,74.20318180045084
1.0,0.83625,-4.307429500508653,-110.60752160889491,0.013468124945567836,74.24938542236241
1.0,0.836875,-4.308053538005695,-110.62354583887492,0.013459722952438994,74.29573428320775
1.0,0.8375,-4.3086791441317045,-110.63961034860004,0.013451305100709916,74.34222869178866
1.0,0.838125,-4.309306319868689,-110.65571516328662,0.013442871413498418,74.38886895815041
1.0,0.8387500000000001,-4.309935066201736,-110.67186030822995,0.01343442191396584,74.43565539358589
1.0,0.8393750000000001,-4.31056538411902,-110.68804580880477,0.013425956625316947,74.48258831064062
1.0,0.8400000000000001,-4.311197274611806,-110.70427169046506,0.013417475570799902,74.52966802311708
1.0,0.8406250000000001,-4.3118307386744625,-110.72053797874452,0.013408978773706164,74.57689484607975
1.0,0.84125,-4.312465777304466,-110.73684469925666,0.013400466257370397,74.62426909585997
1.0,0.841875,-4.3131023915024045,-110.75319187769493,0.013391938045170464,74.67179109006034
1.0,0.8425,-4.313740582271989,-110.76957953983289,0.01338339416052733,74.71946114755976
1.0,0.8431250000000001,-4.314380350620056,-110.78600771152443,0.013374834626905013,74.76727958851808
1.0,0.8437500000000001,-4.315021697556576,-110.80247641870385,0.013366259467810533,74.81524673438092
1.0,0.8443750000000001,-4.315664624094655,-110.81898568738605,0.013357668706793864,74.86336290788441
1.0,0.8450000000000001,-4.316309131250552,-110.83553554366682,0.013349062367447794,74.91162843306049
1.0,0.8456250000000001,-4.316955220043678,-110.85212601372291,0.013340440473407931,74.96004363524148
1.0,0.8462500000000001,-4.317602891496605,-110.86875712381227,0.013331803048352575,75.00860884106528
1.0,0.846875,-4.318252146635077,-110.88542890027423,0.013323150116002698,75.05732437848016
1.0,0.8475000000000001,-4.31890298648801,-110.90214136952969,0.013314481700121839,75.10619057674991
1.0,0.8481250000000001,-4.319555412087502,-110.91889455808112,0.013305797824516115,75.15520776645849
1.0,0.8487500000000001,-4.32020942446884,-110.93568849251295,0.013297098513034095,75.20437627951534
1.0,0.8493750000000001,-4.320865024670503,-110.95252319949161,0.013288383789566783,75.25369644916022
1.0,0.8500000000000001,-4.321522213734178,-110.96939870576581,0.013279653678047487,75.30316860996862
1.0,0.8506250000000001,-4.322180992704758,-110.98631503816668,0.013270908202451796,75.35279309785673
1.0,0.8512500000000002,-4.3228413626303555,-111.00327222360796,0.013262147386797495,75.40257025008655
1.0,0.8518750000000002,-4.323503324562308,-111.02027028908626,0.01325337125514449,75.45250040527125
1.0,0.8525000000000001,-4.324166879555187,-111.03730926168112,0.013244579831594737,75.50258390338028
1.0,0.8531250000000001,-4.324832028666795,-111.0543891685552,0.013235773140292267,75.55282108574417
1.0,0.8537500000000001,-4.325498772958185,-111.07151003695452,0.013226951205423014,75.60321229506032
1.0,0.8543750000000001,-4.326167113493662,-111.08867189420864,0.013218114051214785,75.65375787539804
1.0,0.8550000000000001,-4.326837051340788,-111.10587476773073,0.013209261701937253,75.70445817220362
1.0,0.8556250000000001,-4.327508587570396,-111.123118685018,0.013200394181901757,75.75531353230633
1.0,0.8562500000000001,-4.328181723256594,-111.14040367365172,0.013191511515461324,75.8063243039233
1.0,0.856875,-4.328856459476773,-111.15772976129747,0.01318261372701058,75.85749083666505
1.0,0.8575,-4.329532797311611,-111.17509697570527,0.013173700840985724,75.90881348154062
1.0,0.858125,-4.330210737845086,-111.1925053447098,0.013164772881864377,75.9602925909635
1.0,0.85875,-4.330890282164477,-111.20995489623057,0.013155829874165612,76.01192851875666
1.0,0.859375,-4.331571431360377,-111.22744565827219,0.013146871842449826,76.0637216201582
1.0,0.8600000000000001,-4.332254186526695,-111.24497765892437,0.013137898811318719,76.11567225182677
1.0,0.8606250000000001,-4.33293854876067,-111.26255092636235,0.013128910805415164,76.16778077184735
1.0,0.8612500000000001,-4.333624519162874,-111.28016548884698,0.01311990784942318,76.22004753973674
1.0,0.8618750000000001,-4.334312098837225,-111.297821374725,0.013110889968067795,76.27247291644947
1.0,0.8625,-4.335001288890988,-111.31551861242912,0.013101857186115104,76.32505726438275
1.0,0.863125,-4.335692090434784,-111.3332572304782,0.013092809528372105,76.37780094738268
1.0,0.86375,-4.336384504582602,-111.35103725747761,0.013083747019686662,76.43070433074979
1.0,0.8643750000000001,-4.3370785324518,-111.3688587221192,0.013074669684947469,76.48376778124454
1.0,0.8650000000000001,-4.337774175163117,-111.38672165318168,0.01306557754908393,76.53699166709345
1.0,0.8656250000000001,-4.338471433840681,-111.40462607953073,0.013056470637066124,76.5903763579946
1.0,0.8662500000000001,-4.339170309612018,-111.42257203011937,0.013047348973904667,76.64392222512394
1.0,0.8668750000000001,-4.339870803608056,-111.44055953398787,0.01303821258465074,76.69762964114052
1.0,0.8675,-4.340572916963137,-111.45858862026422,0.013029061494395937,76.75149898019288
1.0,0.868125,-4.341276650815022,-111.47665931816424,0.013019895728272264,76.80553061792452
1.0,0.8687500000000001,-4.341982006304898,-111.49477165699163,0.013010715311452046,76.85972493148006
1.0,0.8693750000000001,-4.342688984577387,-111.51292566613841,0.01300152026914786,76.9140822995111
1.0,0.8700000000000001,-4.343397586780553,-111.53112137508494,0.012992310626612479,76.9686031021822
1.0,0.8706250000000001,-4.344107814065915,-111.54935881340019,0.012983086409138771,77.02328772117713
1.0,0.8712500000000001,-4.344819667588452,-111.56763801074216,0.012973847642059604,77.07813653970501
1.0,0.8718750000000001,-4.34553314850661,-111.58595899685776,0.012964594350747831,77.1331499425061
1.0,0.8725,-4.346248257982312,-111.60432180158318,0.0129553265606162,77.1883283158581
1.0,0.8731250000000002,-4.346964997180962,-111.62272645484407,0.012946044297117322,77.24367204758202
1.0,0.8737500000000001,-4.347683367271459,-111.64117298665579,0.01293674758574351,77.29918152704896
1.0,0.8743750000000001,-4.348403369426201,-111.65966142712351,0.01292743645202684,77.3548571451855
1.0,0.8750000000000001,-4.349125004821091,-111.67819180644246,0.012918110921539,77.41069929448051
1.0,0.8756250000000001,-4.349848274635554,-111.69676415489826,0.012908771019891187,77.46670836899153
1.0,0.8762500000000001,-4.350573180052539,-111.71537850286707,0.012899416772734098,77.52288476435085
1.0,0.8768750000000002,-4.35129972225853,-111.73403488081578,0.012890048205757803,77.5792288777721
1.0,0.8775000000000002,-4.352027902443552,-111.75273331930225,0.012880665344691745,77.63574110805621
1.0,0.8781250000000002,-4.352757721801184,-111.77147384897552,0.01287126821530459,77.69242185559845
1.0,0.8787500000000001,-4.353489181528555,-111.7902565005759,0.012861856843404285,77.74927152239391
1.0,0.8793750000000001,-4.354222282826367,-111.80908130493535,0.012852431254837853,77.80629051204491
1.0,0.8800000000000001,-4.354957026898897,-111.82794829297771,0.01284299147549139,77.86347922976711
1.0,0.8806250000000001,-4.355693414954006,-111.84685749571878,0.01283353753128998,77.9208380823961
1.0,0.8812500000000001,-4.356431448203148,-111.86580894426667,0.012824069448197604,77.97836747839415
1.0,0.8818750000000001,-4.357171127861384,-111.8848026698221,0.012814587252217041,78.03606782785695
1.0,0.8825000000000001,-4.357912455147378,-111.9038387036783,0.012805090969389907,78.09393954251968
1.0,0.883125,-4.358655431283421,-111.92291707722163,0.012795580625796445,78.15198303576445
1.0,0.88375,-4.359400057495423,-111.94203782193138,0.012786056247555626,78.21019872262606
1.0,0.884375,-4.360146335012933,-111.96120096938036,0.012776517860824918,78.26858701979968
1.0,0.885,-4.360894265069147,-111.98040655123488,0.012766965491800304,78.32714834564712
1.0,0.8856250000000001,-4.361643848900914,-111.99965459925518,0.012757399166716156,78.38588312020396
1.0,0.8862500000000001,-4.362395087748747,-112.01894514529553,0.012747818911845179,78.4447917651864
1.0,0.8868750000000001,-4.363147982856832,-112.03827822130452,0.012738224753498346,78.50387470399801
1.0,0.8875000000000001,-4.363902535473037,-112.05765385932531,0.0127286167180248,78.56313236173695
1.0,0.888125,-4.364658746848915,-112.07707209149567,0.012718994831811875,78.62256516520226
1.0,0.88875,-4.365416618239722,-112.09653295004846,0.01270935912128489,78.68217354290184
1.0,0.889375,-4.36617615090442,-112.11603646731166,0.012699709612907197,78.74195792505853
1.0,0.8900000000000001,-4.3669373461056855,-112.13558267570872,0.012690046333180055,78.80191874361782
1.0,0.8906250000000001,-4.367700205109924,-112.15517160775876,0.012680369308642537,78.86205643225485
1.0,0.8912500000000001,-4.368464729187276,-112.17480329607689,0.012670678565871464,78.92237142638162
1.0,0.8918750000000001,-4.36923091961163,-112.19447777337437,0.012660974131481324,78.9828641631543
1.0,0.8925000000000001,-4.369998777660623,-112.21419507245878,0.012651256032124273,79.04353508147996
1.0,0.8931250000000001,-4.370768304615661,-112.23395522623446,0.012641524294489922,79.10438462202468
1.0,0.89375,-4.371539501761913,-112.25375826770241,0.012631778945305469,79.16541322721963
1.0,0.8943750000000001,-4.372312370388339,-112.2736042299609,0.01262202001133542,79.2266213412697
1.0,0.8950000000000001,-4.373086911787681,-112.2934931462054,0.012612247519381668,79.28800941015994
1.0,0.8956250000000001,-4.373863127256486,-112.31342504972905,0.01260246149628332,79.34957788166359
1.0,0.8962500000000001,-4.374641018095111,-112.3333999739228,0.012592661968916678,79.41132720534927
1.0,0.8968750000000001,-4.3754205856077375,-112.35341795227582,0.012582848964195028,79.47325783258924
1.0,0.8975000000000001,-4.376201831102368,-112.37347901837546,0.012573022509068823,79.53537021656548
1.0,0.8981250000000001,-4.376984755890847,-112.39358320590763,0.012563182630525416,79.5976648122784
1.0,0.8987500000000002,-4.37776936128887,-112.41373054865718,0.012553329355588989,79.6601420765544
1.0,0.8993750000000001,-4.37855564861598,-112.43392108050776,0.012543462711320659,79.72280246805256
1.0,0.9000000000000001,-4.379343619195597,-112.45415483544254,0.012533582724818172,79.7856464472737
1.0,0.9006250000000001,-4.3801332743550105,-112.47443184754411,0.01252368942321599,79.84867447656711
1.0,0.9012500000000001,-4.380924615425406,-112.49475215099501,0.012513782833685079,79.91188702013925
1.0,0.9018750000000001,-4.381717643741861,-112.51511578007783,0.01250386298343295,79.97528454406086
1.0,0.9025000000000002,-4.382512360643361,-112.53552276917544,0.01249392989970353,80.03886751627518
1.0,0.9031250000000002,-4.383308767472806,-112.55597315277126,0.012483983609777125,80.10263640660554
1.0,0.9037500000000002,-4.384106865577024,-112.57646696544954,0.012474024140970302,80.16659168676374
1.0,0.904375,-4.384906656306778,-112.59700424189559,0.012464051520635875,80.23073383035754
1.0,0.905,-4.385708141016774,-112.61758501689602,0.012454065776162784,80.29506331289905
1.0,0.905625,-4.386511321065679,-112.63820932533905,0.012444066934976015,80.35958061181285
1.0,0.90625,-4.3873161978161255,-112.6588772022148,0.012434055024536528,80.4242862064441
1.0,0.9068750000000001,-4.388122772634724,-112.67958868261553,0.012424030072341153,80.48918057806685
1.0,0.9075000000000001,-4.388931046892071,-112.70034380173584,0.012413992105922592,80.55426420989183
1.0,0.9081250000000001,-4.3897410219627595,-112.72114259487297,0.012403941152849287,80.61953758707504
1.0,0.9087500000000001,-4.390552699225389,-112.74198509742702,0.012393877240725371,80.68500119672586
1.0,0.909375,-4.391366080062577,-112.76287134490126,0.012383800397190586,80.75065552791548
1.0,0.91,-4.392181165860964,-112.78380137290232,0.012373710649920234,80.81650107168511
1.0,0.910625,-4.392997958011233,-112.80477521714056,0.01236360802662504,80.88253832105475
1.0,0.9112500000000001,-4.39381645790812,-112.82579291343043,0.012353492555051056,80.94876777103194
1.0,0.9118750000000001,-4.3946366669504116,-112.84685449769047,0.0123433642629797,81.01518991861941
1.0,0.9125000000000001,-4.395458586540974,-112.86796000594386,0.012333223178227527,81.08180526282467
1.0,0.9131250000000001,-4.396282218086744,-112.88910947431839,0.012323069328646337,81.14861430466755
1.0,0.9137500000000001,-4.3971075629987535,-112.91030293904699,0.01231290274212294,81.2156175471897
1.0,0.914375,-4.397934622692134,-112.93154043646778,0.01230272344657919,81.28281549546276
1.0,0.915,-4.3987633985861265,-112.9528220030246,0.012292531469971847,81.35020865659743
1.0,0.9156250000000001,-4.399593892104098,-112.97414767526696,0.012282326840292509,81.41779753975221
1.0,0.9162500000000001,-4.400426104673548,-112.99551748985076,0.012272109585567514,81.48558265614247
1.0,0.9168750000000001,-4.401260037726123,-113.01693148353824,0.012261879733857868,81.55356451904925
1.0,0.9175000000000001,-4.402095692697624,-113.0383896931983,0.012251637313259215,81.6217436438279
1.0,0.9181250000000001,-4.402933071028014,-113.05989215580679,0.012241382351901739,81.69012054791726
1.0,0.9187500000000001,-4.4037721741614355,-113.08143890844687,0.012231114877950065,81.75869575084884
1.0,0.919375,-4.404613003546216,-113.10302998830912,0.012220834919603239,81.82746977425548
1.0,0.9200000000000002,-4.405455560634883,-113.12466543269203,0.012210542505094582,81.89644314188104
1.0,0.9206250000000001,-4.406299846884174,-113.14634527900209,0.012200237662691646,81.96561637958925
1.0,0.9212500000000001,-4.407145863755049,-113.16806956475435,0.0121899204206961,82.03499001537334
1.0,0.9218750000000001,-4.4079936127126995,-113.18983832757246,0.01217959080744368,82.104564579365
1.0,0.9225000000000001,-4.408843095226562,-113.21165160518903,0.012169248851304123,82.17434060384382
1.0,0.9231250000000001,-4.409694312770326,-113.23350943544595,0.012158894580681064,82.24431862324663
1.0,0.9237500000000002,-4.410547266821945,-113.25541185629456,0.012148528024012017,82.31449917417673
1.0,0.9243750000000002,-4.41140195886365,-113.27735890579606,0.012138149209768238,82.38488279541372
1.0,0.9250000000000002,-4.412258390381961,-113.29935062212174,0.012127758166454668,82.4554700279229
1.0,0.9256250000000001,-4.413116562867696,-113.32138704355334,0.012117354922609846,82.52626141486488
1.0,0.9262500000000001,-4.4139764778159885,-113.34346820848333,0.012106939506805811,82.59725750160547
1.0,0.9268750000000001,-4.414838136726295,-113.36559415541524,0.01209651194764803,82.66845883572526
1.0,0.9275000000000001,-4.415701541102406,-113.38776492296388,0.01208607227377534,82.73986596702925
1.0,0.9281250000000001,-4.416566692452455,-113.40998054985556,0.012075620513859912,82.81147944755637
1.0,0.9287500000000001,-4.417433592288939,-113.43224107492865,0.012065156696607049,82.88329983159018
1.0,0.9293750000000001,-4.418302242128716,-113.45454653713351,0.012054680850755279,82.95532767566763
1.0,0.93,-4.419172643493029,-113.47689697553311,0.012044193005076146,83.02756353858993
1.0,0.930625,-4.420044797907514,-113.49929242930317,0.012033693188374163,83.10000798143226
1.0,0.93125,-4.420918706902214,-113.52173293773261,0.012023181429486711,83.17266156755413
1.0,0.9318750000000001,-4.421794372011589,-113.54421854022382,0.012012657757283959,83.24552486260944
1.0,0.9325,-4.422671794774526,-113.56674927629282,0.012002122200668855,83.31859843455618
1.0,0.9331250000000001,-4.423550976734356,-113.5893251855697,0.011991574788576967,83.39188285366724
1.0,0.93375,-4.424431919438857,-113.6119463077988,0.011981015549976486,83.46537869254018
1.0,0.9343750000000001,-4.425314624440275,-113.6346126828392,0.01197044451386806,83.53908652610811
1.0,0.9350000000000002,-4.4261990932953275,-113.65732435066478,0.011959861709284833,83.61300693164932
1.0,0.935625,-4.427085327565229,-113.68008135136488,0.011949267165292182,83.68714048879902
1.0,0.9362500000000001,-4.42797332881569,-113.70288372514429,0.011938660910987815,83.76148777955862
1.0,0.936875,-4.428863098616941,-113.7257315123239,0.011928042975501525,83.83604938830749
1.0,0.9375000000000001,-4.429754638543736,-113.74862475334075,0.011917413387995242,83.91082590181264
1.0,0.938125,-4.4306479501753655,-113.77156348874831,0.011906772177662938,83.98581790923961
1.0,0.9387500000000001,-4.431543035095672,-113.79454775921702,0.011896119373730502,84.06102600216344
1.0,0.9393750000000002,-4.432439894893058,-113.81757760553437,0.011885455005455712,84.13645077457916
1.0,0.9400000000000001,-4.433338531160506,-113.84065306860545,0.01187477910212809,84.21209282291316
1.0,0.9406250000000002,-4.434238945495582,-113.86377418945308,0.011864091693068896,84.28795274603353
1.0,0.94125,-4.435141139500458,-113.88694100921832,0.011853392807630958,84.36403114526176
1.0,0.9418750000000001,-4.436045114781922,-113.91015356916076,0.011842682475198617,84.44032862438362
1.0,0.9425,-4.436950872951386,-113.93341191065878,0.011831960725187671,84.51684578966
1.0,0.9431250000000001,-4.4378584156249,-113.95671607520978,0.011821227587045346,84.59358324983782
1.0,0.9437500000000002,-4.438767744423168,-113.9800661044307,0.011810483090250115,84.67054161616201
1.0,0.9443750000000001,-4.439678860971556,-114.00346204005825,0.011799727264311695,84.74772150238611
1.0,0.9450000000000002,-4.440591766900109,-114.02690392394919,0.01178896013877094,84.82512352478402
1.0,0.945625,-4.441506463843563,-114.05039179808078,0.011778181743199745,84.90274830216136
1.0,0.9462500000000001,-4.442422953441359,-114.07392570455113,0.01176739210720096,84.98059645586706
1.0,0.946875,-4.443341237337661,-114.09750568557955,0.01175659126040827,85.05866860980528
1.0,0.9475000000000001,-4.444261317181356,-114.12113178350671,0.011745779232486228,85.13696539044605
1.0,0.9481250000000002,-4.445183194626081,-114.14480404079524,0.01173495605313006,85.21548742683791
1.0,0.9487500000000001,-4.44610687133022,-114.1685225000296,0.011724121752065737,85.29423535061845
1.0,0.9493750000000002,-4.447032348956938,-114.19228720391708,0.011713276359049672,85.37320979602778
1.0,0.9500000000000001,-4.447959629174174,-114.21609819528753,0.011702419903868874,85.45241139991869
1.0,0.9506250000000002,-4.448888713654671,-114.23995551709416,0.011691552416340671,85.53184080177003
1.0,0.95125,-4.449819604075978,-114.26385921241364,0.011680673926312734,85.61149864369789
1.0,0.9518750000000001,-4.450752302120476,-114.28780932444661,0.011669784463662928,85.69138557046824
1.0,0.9525000000000001,-4.451686809475377,-114.3118058965179,0.011658884058299296,85.77150222950857
1.0,0.9531250000000001,-4.452623127832751,-114.33584897207693,0.011647972740159914,85.85184927092052
1.0,0.9537500000000001,-4.4535612588895255,-114.35993859469804,0.011637050539212905,85.93242734749153
1.0,0.954375,-4.45450120434751,-114.38407480808073,0.011626117485456288,86.01323711470762
1.0,0.9550000000000001,-4.455442965913407,-114.40825765605028,0.011615173608917896,86.09427923076588
1.0,0.955625,-4.456386545298821,-114.43248718255784,0.011604218939655337,86.17555435658657
1.0,0.95625,-4.457331944220288,-114.45676343168105,0.011593253507755797,86.2570631558266
1.0,0.9568750000000001,-4.458279164399271,-114.4810864476243,0.011582277343336068,86.33880629489121
1.0,0.9575,-4.459228207562186,-114.50545627471897,0.011571290476542442,86.42078444294701
1.0,0.9581250000000001,-4.46017907544041,-114.52987295742392,0.011560292937550601,86.50299827193483
1.0,0.95875,-4.461131769770297,-114.5543365403258,0.011549284756565569,86.58544845658233
1.0,0.9593750000000001,-4.462086292293192,-114.57884706813938,0.011538265963821645,86.66813567441682
1.0,0.96,-4.463042644755442,-114.60340458570793,0.011527236589582286,86.75106060577848
1.0,0.9606250000000001,-4.464000828908417,-114.62800913800368,0.011516196664140017,86.83422393383346
1.0,0.9612500000000002,-4.464960846508525,-114.65266077012821,0.011505146217816321,86.91762634458723
1.0,0.961875,-4.465922699317221,-114.6773595273127,0.011494085280961611,87.0012685268974
1.0,0.9625000000000001,-4.466886389101025,-114.70210545491844,0.011483013883955102,87.08515117248724
1.0,0.963125,-4.467851917631532,-114.72689859843696,0.011471932057204797,87.16927497595866
1.0,0.9637500000000001,-4.468819286685433,-114.7517390034907,0.011460839831147334,87.25364063480599
1.0,0.9643750000000002,-4.4697884980445215,-114.77662671583315,0.011449737236247953,87.33824884942925
1.0,0.9650000000000001,-4.470759553495714,-114.80156178134928,0.011438624303000418,87.42310032314762
1.0,0.9656250000000002,-4.4717324548310655,-114.826544246056,0.011427501061926875,87.50819576221353
1.0,0.96625,-4.472707203847785,-114.85157415610264,0.011416367543577766,87.59353587582648
1.0,0.9668750000000002,-4.47368380234825,-114.87665155777125,0.011405223778531752,87.67912137614671
1.0,0.9675,-4.474662252140019,-114.9017764974768,0.011394069797395705,87.76495297830857
1.0,0.9681250000000001,-4.475642555035844,-114.9269490217678,0.011382905630804562,87.851031400435
1.0,0.9687500000000002,-4.476624712853694,-114.95216917732655,0.011371731309421233,87.93735736365153
1.0,0.9693750000000001,-4.47760872741676,-114.97743701096955,0.011360546863936583,88.0239315921
1.0,0.9700000000000002,-4.47859460055348,-115.002752569648,0.011349352325069256,88.1107548129534
1.0,0.9706250000000001,-4.479582334097543,-115.02811590044793,0.011338147723565723,88.19782775642925
1.0,0.9712500000000002,-4.480571929887925,-115.05352705059114,0.011326933090199944,88.28515115580575
1.0,0.971875,-4.481563389768882,-115.07898606743501,0.011315708455773567,88.37272574743423
1.0,0.9725000000000001,-4.482556715589976,-115.10449299847322,0.011304473851115677,88.46055227075487
1.0,0.9731250000000002,-4.483551909206098,-115.13004789133619,0.011293229307082708,88.54863146831137
1.0,0.9737500000000001,-4.48454897247746,-115.155650793791,0.011281974854558549,88.63696408576412
1.0,0.9743750000000002,-4.485547907269632,-115.18130175374242,0.011270710524454235,88.72555087190683
1.0,0.9750000000000001,-4.486548715453554,-115.20700081923297,0.011259436347707959,88.81439257868057
1.0,0.9756250000000002,-4.487551398905542,-115.2327480384433,0.011248152355285023,88.90348996118843
1.0,0.9762500000000001,-4.48855595950732,-115.2585434596929,0.011236858578177628,88.99284377771158
1.0,0.976875,-4.489562399146027,-115.28438713144033,0.01122555504740485,89.08245478972394
1.0,0.9775000000000001,-4.490570719714231,-115.31027910228354,0.011214241794012609,89.1723237619069
1.0,0.978125,-4.491580923109948,-115.33621942096036,0.01120291884907355,89.26245146216489
1.0,0.9787500000000001,-4.492593011236657,-115.36220813634894,0.011191586243686952,89.3528386616409
1.0,0.979375,-4.493606986003316,-115.38824529746807,0.011180244008978652,89.44348613473177
1.0,0.9800000000000001,-4.4946228493243785,-115.41433095347773,0.011168892176100963,89.53439465910377
1.0,0.980625,-4.495640603119811,-115.4404651536794,0.01115753077623258,89.62556501570835
1.0,0.9812500000000001,-4.496660249315114,-115.46664794751666,0.011146159840578434,89.71699798879833
1.0,0.9818750000000002,-4.497681789841333,-115.49287938457555,0.011134779400369674,89.80869436594317
1.0,0.9825,-4.498705226635074,-115.5191595145848,0.011123389486863592,89.9006549380449
1.0,0.9831250000000001,-4.4997305616385255,-115.54548838741654,0.011111990131343496,89.99288049935434
1.0,0.98375,-4.500757796799467,-115.5718660530865,0.011100581365118668,90.085371847487
1.0,0.9843750000000001,-4.501786934071293,-115.59829256175449,0.01108916321952426,90.17812978343927
1.0,0.985,-4.502817975413024,-115.6247679637249,0.011077735725921224,90.27115511160473
1.0,0.9856250000000001,-4.503850922789332,-115.65129230944719,0.011066298915696167,90.3644486397909
1.0,0.9862500000000002,-4.504885778170551,-115.67786564951618,0.011054852820261302,90.4580111792355
1.0,0.9868750000000001,-4.505922543532699,-115.7044880346727,0.011043397471054343,90.55184354462317
1.0,0.9875000000000002,-4.506961220857493,-115.73115951580391,0.01103193289953842,90.64594655410207
1.0,0.988125,-4.508001812132361,-115.75788014394358,0.011020459137202067,90.74032102930018
1.0,0.9887500000000001,-4.5090443193504655,-115.78464997027281,0.011008976215559043,90.83496779534275
1.0,0.989375,-4.510088744510718,-115.81146904612021,0.010997484166148321,90.92988768086882
1.0,0.9900000000000001,-4.511135089617795,-115.83833742296254,0.01098598302053395,91.02508151804854
1.0,0.9906250000000002,-4.512183356682161,-115.8652551524251,0.010974472810304996,91.1205501426003
1.0,0.9912500000000001,-4.5132335477200884,-115.89222228628238,0.010962953567075356,91.21629439380861
1.0,0.9918750000000002,-4.514285664753663,-115.91923887645812,0.010951425322483836,91.3123151145403
1.0,0.9925,-4.515339709810818,-115.94630497502625,0.01093988810819388,91.40861315126331
1.0,0.9931250000000001,-4.516395684925334,-115.97342063421081,0.010928341955893692,91.50518935406268
1.0,0.99375,-4.517453592136871,-116.00058590638682,0.010916786897295997,91.60204457665948
1.0,0.9943750000000001,-4.518513433490978,-116.02780084408052,0.010905222964138003,91.69917967642805
1.0,0.9950000000000002,-4.519575211039112,-116.0550654999699,0.010893650188181359,91.79659551441362
1.0,0.9956250000000001,-4.520638926838659,-116.08237992688511,0.010882068601212012,91.89429295535069
1.0,0.9962500000000002,-4.52170458295296,-116.1097441778093,0.010870478235040032,91.99227286768193
1.0,0.9968750000000001,-4.522772181451318,-116.13715830587867,0.010858879121499665,92.09053612357508
1.0,0.9975000000000002,-4.523841724409016,-116.16462236438302,0.01084727129244921,92.18908359894165
1.0,0.998125,-4.524913213907345,-116.19213640676632,0.010835654779770899,92.28791617345557
1.0,0.9987500000000001,-4.525986652033609,-116.21970048662706,0.010824029615370882,92.38703473057113
1.0,0.9993750000000002,-4.527062040881155,-116.24731465771887,0.010812395831179055,92.48644015754216
1.0,1.0,-4.528139382549387,-116.27497897395088,0.010800753459149036,92.58613334544046
