x_m,x_nm,phi_tilde,phi_s_V,c_Red1_over_c_bulk,c_Ox2_over_c_bulk,j_Au_A_per_m2,j_Pd_A_per_m2
0.0,0.0,-6.031287756380227,-0.15487329293828545,0.0024023982820802346,416.25071390498204,0.14796541218341647,nan
3e-11,0.03,-6.031287647536034,-0.15487329014335025,0.0024023985435673496,416.2506685985117,0.14796542023600456,nan
6e-11,0.06,-6.031287538691847,-0.15487328734841518,0.0024023988050544797,416.2506232920486,0.14796542828859272,nan
9e-11,0.09,-6.031287429847657,-0.15487328455348,0.0024023990665416476,416.2505779855889,0.14796543634118156,nan
1.2e-10,0.12,-6.031287321003466,-0.15487328175854487,0.0024023993280288436,416.25053267913415,0.14796544439377088,nan
1.5e-10,0.15,-6.0312872121592775,-0.15487327896360975,0.0024023995895160635,416.25048737268503,0.14796545244636047,nan
1.8e-10,0.18,-6.031287103315083,-0.1548732761686745,0.002402399851003325,416.2504420662387,0.1479654604989509,nan
2.0999999999999997e-10,0.20999999999999996,-6.0312869944708964,-0.15487327337373943,0.002402400112490598,416.2503967598002,0.14796546855154125,nan
2.4e-10,0.24,-6.031286885626706,-0.15487327057880426,0.002402400373977908,416.25035145336517,0.14796547660413228,nan
2.7e-10,0.27,-6.031286776782512,-0.154873267783869,0.0024024006354652545,416.25030614693355,0.14796548465672404,nan
3e-10,0.3,-6.031286667938323,-0.1548732649889339,0.002402400896952617,416.25026084050916,0.14796549270931583,nan
3.2999999999999995e-10,0.32999999999999996,-6.031286559094131,-0.1548732621939987,0.0024024011584400165,416.25021553408817,0.14796550076190831,nan
3.6e-10,0.36,-6.031286450249942,-0.15487325939906357,0.0024024014199274363,416.2501702276736,0.147965508814501,nan
3.9e-10,0.39,-6.031286341405751,-0.15487325660412843,0.0024024016814148882,416.2501249212632,0.14796551686709422,nan
4.1999999999999995e-10,0.41999999999999993,-6.031286232561563,-0.1548732538091933,0.0024024019429023644,416.25007961485846,0.14796552491968776,nan
4.4999999999999995e-10,0.44999999999999996,-6.03128612371737,-0.1548732510142581,0.002402402204389878,416.25003430845726,0.14796553297228202,nan
4.8e-10,0.48,-6.0312860148731815,-0.154873248219323,0.0024024024658774114,416.24998900206236,0.14796554102487644,nan
5.1e-10,0.51,-6.031285906028989,-0.15487324542438777,0.0024024027273649817,416.249943695671,0.14796554907747156,nan
5.4e-10,0.54,-6.0312857971848,-0.15487324262945268,0.0024024029888525715,416.249898389286,0.14796555713006684,nan
5.7e-10,0.57,-6.031285688340608,-0.15487323983451745,0.002402403250340199,416.2498530829045,0.14796556518266285,nan
6e-10,0.6,-6.031285530936804,-0.15487323579265336,0.0024024036284876387,416.24978756359945,0.1479655768278347,nan
6.3e-10,0.63,-6.031285198638317,-0.15487322725978891,0.002402404426802863,416.24964924444765,0.14796560141220544,nan
6.599999999999999e-10,0.6599999999999999,-6.0312848663398295,-0.15487321872692444,0.0024024052251183526,416.2495109253418,0.14796562599658025,nan
6.9e-10,0.69,-6.03128453404134,-0.15487321019405992,0.002402406023434112,416.2493726062812,0.14796565058095926,nan
7.2e-10,0.72,-6.031284201742851,-0.15487320166119542,0.002402406821750137,416.2492342872665,0.14796567516534237,nan
7.5e-10,0.75,-6.031283869444366,-0.154873193128331,0.002402407620066418,416.24909596829934,0.14796569974972928,nan
7.8e-10,0.78,-6.031283537145878,-0.15487318459546653,0.002402408418382969,416.24895764937736,0.14796572433412045,nan
8.1e-10,0.8099999999999999,-6.031283204847391,-0.15487317606260206,0.002402409216699785,416.2488193305013,0.1479657489185157,nan
8.399999999999999e-10,0.8399999999999999,-6.031282872548903,-0.1548731675297376,0.0024024100150168664,416.24868101167124,0.147965773502915,nan
8.7e-10,0.87,-6.031282540250416,-0.15487315899687312,0.002402410813334213,416.24854269288716,0.1479657980873184,nan
8.999999999999999e-10,0.8999999999999999,-6.031282207951929,-0.15487315046400865,0.0024024116116518252,416.248404374149,0.1479658226717259,nan
9.3e-10,0.93,-6.031281875653441,-0.1548731419311442,0.0024024124099697023,416.24826605545684,0.14796584725613748,nan
9.6e-10,0.96,-6.031281543354956,-0.15487313339827977,0.002402413208287841,416.2481277368114,0.147965871840553,nan
9.899999999999999e-10,0.9899999999999999,-6.031281211056465,-0.1548731248654152,0.002402414006606257,416.24798941820967,0.147965896424973,nan
1.02e-09,1.02,-6.031280878757977,-0.15487311633255074,0.0024024148049249304,416.24785109965535,0.14796592100939682,nan
1.0499999999999999e-09,1.0499999999999998,-6.03128054645949,-0.1548731077996863,0.0024024156032438687,416.2477127811471,0.14796594559382473,nan
1.08e-09,1.08,-6.0312802141610025,-0.15487309926682183,0.0024024164015630724,416.24757446268467,0.14796597017825674,nan
1.11e-09,1.11,-6.031279881862517,-0.1548730907339574,0.002402417199882537,416.24743614426905,0.14796599476269268,nan
1.14e-09,1.14,-6.031279549564028,-0.1548730822010929,0.0024024179982022756,416.2472978258979,0.14796601934713297,nan
1.17e-09,1.1700000000000002,-6.031279217265542,-0.15487307366822847,0.002402418796522271,416.24715950757417,0.1479660439315771,nan
1.2e-09,1.2,-6.031278780188035,-0.15487306244481558,0.002402419846565718,416.2469775753433,0.1479660762678954,nan
1.2299999999999999e-09,1.23,-6.031278206811425,-0.1548730477214717,0.0024024212240574606,416.24673890913067,0.1479661186880451,nan
1.26e-09,1.26,-6.031277633434817,-0.15487303299812785,0.002402422601549989,416.2465002430557,0.14796616110820682,nan
1.2899999999999999e-09,1.2899999999999998,-6.031277060058205,-0.15487301827478392,0.0024024239790433155,416.24626157711606,0.147966203528381,nan
1.3199999999999998e-09,1.3199999999999998,-6.031276486681595,-0.15487300355144004,0.0024024253565374278,416.246022911314,0.14796624594856717,nan
1.3499999999999999e-09,1.3499999999999999,-6.031275913304986,-0.1548729888280962,0.002402426734032326,416.2457842456496,0.14796628836876538,nan
1.38e-09,1.38,-6.031275339928374,-0.15487297410475226,0.002402428111528022,416.24554558012045,0.147966330788976,nan
1.41e-09,1.4100000000000001,-6.031274766551764,-0.15487295938140838,0.002402429489024504,416.245306914729,0.14796637320919867,nan
1.44e-09,1.44,-6.031274193175152,-0.15487294465806445,0.0024024308665217793,416.24506824947355,0.14796641562943363,nan
1.4699999999999999e-09,1.47,-6.031273619798544,-0.1548729299347206,0.0024024322440198364,416.24482958435647,0.1479664580496805,nan
1.5e-09,1.5,-6.031273046421932,-0.15487291521137667,0.0024024336215186922,416.2445909193748,0.14796650046993978,nan
1.5299999999999999e-09,1.5299999999999998,-6.031272473045325,-0.15487290048803287,0.0024024349990183244,416.2443522545321,0.14796654289021083,nan
1.56e-09,1.56,-6.031271899668713,-0.15487288576468894,0.0024024363765187597,416.2441135898241,0.14796658531049442,nan
1.5899999999999999e-09,1.5899999999999999,-6.031271326292105,-0.15487287104134512,0.002402437754019976,416.2438749252544,0.14796662773078992,nan
1.62e-09,1.6199999999999999,-6.0312707529154945,-0.1548728563180012,0.0024024391315219866,416.2436362608208,0.1479666701510977,nan
1.65e-09,1.6500000000000001,-6.031270179538886,-0.1548728415946574,0.002402440509024783,416.2433975965248,0.14796671257141755,nan
1.6799999999999998e-09,1.6799999999999997,-6.031269606162274,-0.15487282687131346,0.002402441886528377,416.2431589323641,0.1479667549917498,nan
1.7099999999999999e-09,1.71,-6.031269032785664,-0.15487281214796955,0.0024024432640327572,416.2429202683411,0.14796679741209406,nan
1.74e-09,1.74,-6.0312684594090555,-0.15487279742462573,0.0024024446415379227,416.2426816044556,0.1479668398324504,nan
1.77e-09,1.77,-6.031267886032444,-0.1548727827012818,0.0024024460190438866,416.2424429407055,0.14796688225281912,nan
1.7999999999999998e-09,1.7999999999999998,-6.031267135616114,-0.15487276343185663,0.0024024478218792875,416.24213058569626,0.1479669377712119,nan
1.8299999999999999e-09,1.8299999999999998,-6.031266290681298,-0.15487274173535623,0.002402449851791952,416.2417788883771,0.14796700028243373,nan
1.86e-09,1.86,-6.031265445746486,-0.1548727200388559,0.0024024518817063233,416.2414271913565,0.14796706279368171,nan
1.89e-09,1.89,-6.031264600811671,-0.15487269834235554,0.0024024539116224183,416.2410754946316,0.14796712530495637,nan
1.92e-09,1.92,-6.031263755876857,-0.1548726766458552,0.0024024559415402238,416.2407237982046,0.1479671878162573,nan
1.95e-09,1.9500000000000002,-6.031262910942042,-0.1548726549493548,0.0024024579714597492,416.24037210207405,0.1479672503275848,nan
1.9799999999999998e-09,1.9799999999999998,-6.031262066007228,-0.15487263325285444,0.002402460001380985,416.2400204062414,0.14796731283893852,nan
2.01e-09,2.01,-6.031261221072414,-0.1548726115563541,0.002402462031303936,416.2396687107059,0.14796737535031868,nan
2.04e-09,2.04,-6.0312603761376025,-0.15487258985985378,0.0024024640612285986,416.2393170154683,0.14796743786172512,nan
2.0699999999999997e-09,2.07,-6.031259531202787,-0.15487256816335337,0.002402466091154984,416.23896532052635,0.1479675003731582,nan
2.0999999999999998e-09,2.0999999999999996,-6.031258686267973,-0.15487254646685303,0.0024024681210830807,416.23861362588235,0.1479675628846176,nan
2.13e-09,2.13,-6.031257841333158,-0.15487252477035265,0.002402470151012897,416.23826193153474,0.14796762539610353,nan
2.16e-09,2.16,-6.031256996398346,-0.15487250307385234,0.0024024721809444197,416.2379102374858,0.1479676879076156,nan
2.19e-09,2.19,-6.031256151463531,-0.15487248137735193,0.002402474210877666,416.23755854373246,0.14796775041915433,nan
2.22e-09,2.22,-6.031255306528715,-0.15487245968085156,0.0024024762408126274,416.2372068502763,0.14796781293071948,nan
2.2500000000000003e-09,2.2500000000000004,-6.031254461593903,-0.15487243798435124,0.002402478270749296,416.23685515711884,0.14796787544231077,nan
2.28e-09,2.28,-6.031253616659088,-0.15487241628785087,0.0024024803006876877,416.23650346425705,0.14796793795392874,nan
2.31e-09,2.31,-6.031252771724274,-0.1548723945913505,0.0024024823306277904,416.23615177169313,0.14796800046557299,nan
2.34e-09,2.3400000000000003,-6.031251926789459,-0.15487237289485012,0.0024024843605696127,416.23580007942564,0.1479680629772438,nan
2.37e-09,2.3699999999999997,-6.031251081854647,-0.1548723511983498,0.0024024863905131415,416.23544838745676,0.14796812548894073,nan
2.4e-09,2.4,-6.0312499616907065,-0.1548723224344299,0.0024024890816932705,416.23498213577795,0.14796820836324315,nan
2.43e-09,2.43,-6.031248800128951,-0.15487229260748392,0.002402491872334326,416.2344986534223,0.14796829430037403,nan
2.4599999999999998e-09,2.46,-6.031247638567198,-0.154872262780538,0.0024024946629786184,416.234015171629,0.14796838023755468,nan
2.49e-09,2.4899999999999998,-6.031246477005439,-0.15487223295359195,0.0024024974536261652,416.23353169039507,0.14796846617478565,nan
2.52e-09,2.52,-6.031245315443686,-0.15487220312664604,0.0024025002442769412,416.2330482097249,0.1479685521120661,nan
2.5499999999999997e-09,2.55,-6.031244153881929,-0.15487217329970004,0.002402503034930967,416.232564729615,0.14796863804939675,nan
2.5799999999999998e-09,2.5799999999999996,-6.031242992320173,-0.15487214347275408,0.00240250582558823,416.23208125006727,0.14796872398677716,nan
2.61e-09,2.61,-6.031241830758418,-0.1548721136458081,0.002402508616248734,416.23159777108117,0.1479688099242075,nan
2.6399999999999996e-09,2.6399999999999997,-6.031240669196663,-0.15487208381886214,0.0024025114069124802,416.2311142926567,0.14796889586168774,nan
2.6699999999999997e-09,2.6699999999999995,-6.031239507634904,-0.1548720539919161,0.0024025141975794763,416.23063081479233,0.14796898179921816,nan
2.6999999999999998e-09,2.6999999999999997,-6.031238346073149,-0.15487202416497015,0.0024025169882497055,416.230147337491,0.14796906773679822,nan
2.73e-09,2.73,-6.0312371845113955,-0.15487199433802423,0.0024025197789231717,416.229663860752,0.14796915367442806,nan
2.76e-09,2.76,-6.03123602294964,-0.15487196451107826,0.002402522569599884,416.2291803845739,0.14796923961210795,nan
2.79e-09,2.79,-6.0312348613878815,-0.1548719346841322,0.002402525360279846,416.22869690895584,0.147969325549838,nan
2.82e-09,2.8200000000000003,-6.031233699826128,-0.1548719048571863,0.002402528150963037,416.22821343390166,0.14796941148761758,nan
2.85e-09,2.85,-6.031232538264373,-0.15487187503024033,0.0024025309416494736,416.22772995940824,0.14796949742544718,nan
2.88e-09,2.88,-6.031231376702619,-0.15487184520329442,0.0024025337323391478,416.2272464854772,0.1479695833633266,nan
2.91e-09,2.91,-6.0312302151408606,-0.15487181537634837,0.0024025365230320762,416.2267630121055,0.14796966930125632,nan
2.9399999999999998e-09,2.94,-6.031229053579105,-0.1548717855494024,0.002402539313728238,416.2262795392969,0.14796975523923567,nan
2.97e-09,2.9699999999999998,-6.03122785922068,-0.15487175488029328,0.0024025421832230233,416.2257824162299,0.14796984360372398,nan
3e-09,3.0,-6.031226318800416,-0.15487171532490007,0.0024025458841505387,416.22514125409396,0.14796995757164066,nan
3.0299999999999997e-09,3.03,-6.03122477838015,-0.1548716757695068,0.002402549585083759,416.224500092945,0.14797007153964525,nan
3.0599999999999998e-09,3.0599999999999996,-6.031223237959885,-0.1548716362141136,0.002402553286022676,416.2238589327844,0.1479701855077375,nan
3.0899999999999995e-09,3.0899999999999994,-6.031221697539621,-0.15487159665872036,0.0024025569869672945,416.2232177736115,0.1479702994759175,nan
3.12e-09,3.12,-6.031220157119357,-0.15487155710332715,0.0024025606879176137,416.2225766154262,0.1479704134441853,nan
3.1499999999999997e-09,3.1499999999999995,-6.031218616699094,-0.15487151754793396,0.0024025643888736293,416.2219354582293,0.14797052741254077,nan
3.1799999999999998e-09,3.1799999999999997,-6.03121707627883,-0.15487147799254075,0.002402568089835351,416.2212943020194,0.14797064138098412,nan
3.21e-09,3.21,-6.031215535858562,-0.15487143843714743,0.002402571790802782,416.22065314679554,0.1479707553495155,nan
3.24e-09,3.2399999999999998,-6.031213995438298,-0.15487139888175422,0.002402575491775905,416.22001199256084,0.14797086931813444,nan
3.2699999999999997e-09,3.2699999999999996,-6.031212455018034,-0.154871359326361,0.0024025791927547295,416.21937083931385,0.14797098328684113,nan
3.3e-09,3.3000000000000003,-6.0312109145977715,-0.15487131977096782,0.0024025828937392505,416.2187296870552,0.14797109725563548,nan
3.33e-09,3.33,-6.031209374177507,-0.15487128021557459,0.002402586594729477,416.21808853578347,0.14797121122451776,nan
3.3599999999999996e-09,3.3599999999999994,-6.031207833757243,-0.15487124066018138,0.0024025902957254047,416.2174473854993,0.14797132519348777,nan
3.39e-09,3.39,-6.031206293336979,-0.15487120110478816,0.0024025939967270336,416.2168062362029,0.1479714391625456,nan
3.4199999999999998e-09,3.42,-6.0312047529167145,-0.15487116154939493,0.0024025976977343636,416.21616508789407,0.1479715531316912,nan
3.4500000000000003e-09,3.45,-6.0312032124964485,-0.15487112199400166,0.0024026013987473987,416.21552394057215,0.1479716671009247,nan
3.48e-09,3.48,-6.031201672076184,-0.15487108243860845,0.0024026050997661306,416.2148827942386,0.14797178107024586,nan
3.5099999999999997e-09,3.51,-6.03120013165592,-0.15487104288321524,0.0024026088007905637,416.21424164889265,0.1479718950396548,nan
3.54e-09,3.54,-6.031198591235656,-0.154871003327822,0.0024026125018206984,416.2136005045344,0.14797200900915153,nan
3.57e-09,3.57,-6.031196910474248,-0.15487096016870502,0.002402616540042462,416.21290094936535,0.14797213336202483,nan
3.5999999999999996e-09,3.5999999999999996,-6.031194908223911,-0.1548709087542948,0.002402621350687055,416.2120675877784,0.14797228150072592,nan
3.63e-09,3.63,-6.031192905973574,-0.15487085733988454,0.0024026261613412803,416.2112342278601,0.14797242963957533,nan
3.6599999999999998e-09,3.6599999999999997,-6.0311909037232425,-0.15487080592547445,0.002402630972005125,416.21040086961256,0.14797257777857264,nan
3.69e-09,3.69,-6.031188901472905,-0.1548707545110642,0.002402635782678615,416.2095675130314,0.14797272591771868,nan
3.72e-09,3.72,-6.03118689922257,-0.15487070309665402,0.0024026405933617323,416.20873415811957,0.14797287405701287,nan
3.75e-09,3.7499999999999996,-6.031184896972235,-0.15487065168224382,0.0024026454040544823,416.2079008048764,0.14797302219645536,nan
3.78e-09,3.78,-6.031182894721901,-0.15487060026783367,0.00240265021475686,416.20706745330244,0.14797317033604604,nan
3.81e-09,3.81,-6.031180892471562,-0.15487054885342338,0.0024026550254688827,416.2062341033949,0.14797331847578543,nan
3.84e-09,3.84,-6.031178890221229,-0.1548704974390132,0.002402659836190525,416.2054007551581,0.1479734666156727,nan
3.87e-09,3.87,-6.031176887970892,-0.15487044602460298,0.002402664646921808,416.20456740858845,0.14797361475570855,nan
3.9e-09,3.9000000000000004,-6.031174885720558,-0.15487039461019284,0.0024026694576627147,416.20373406368884,0.14797376289589248,nan
3.93e-09,3.93,-6.031172883470221,-0.15487034319578258,0.0024026742684132626,416.2029007204563,0.14797391103622495,nan
3.9599999999999996e-09,3.9599999999999995,-6.031170881219888,-0.15487029178137243,0.002402679079173434,416.2020673788938,0.14797405917670545,nan
3.9900000000000005e-09,3.9900000000000007,-6.031168878969551,-0.1548702403669622,0.0024026838899432463,416.20123403899834,0.14797420731733454,nan
4.02e-09,4.02,-6.031166876719217,-0.15487018895255206,0.0024026887007226826,416.20040070077295,0.1479743554581117,nan
4.05e-09,4.05,-6.03116487446888,-0.1548701375381418,0.0024026935115117596,416.1995673642146,0.14797450359903738,nan
4.08e-09,4.08,-6.031162872218546,-0.15487008612373165,0.002402698322310461,416.1987340293263,0.14797465174011112,nan
4.11e-09,4.11,-6.031160869968209,-0.15487003470932142,0.002402703133118803,416.1979006961051,0.14797479988133344,nan
4.139999999999999e-09,4.14,-6.031158867717876,-0.15486998329491125,0.0024027079439367686,416.1970673645539,0.1479749480227038,nan
4.17e-09,4.17,-6.0311565682056685,-0.15486992424731777,0.0024027134689993688,416.1961103154172,0.1479751181579013,nan
4.1999999999999996e-09,4.199999999999999,-6.031153995607374,-0.15486985818733434,0.002402719650223892,416.19503961139094,0.14797530849829202,nan
4.23e-09,4.2299999999999995,-6.031151423009085,-0.15486979212735105,0.002402725831464304,416.1939689101213,0.14797549883892716,nan
4.26e-09,4.26,-6.031148850410794,-0.1548697260673677,0.0024027320127206226,416.1928982116055,0.14797568917980727,nan
4.29e-09,4.29,-6.031146277812502,-0.1548696600073843,0.0024027381939928467,416.1918275158434,0.14797587952093236,nan
4.32e-09,4.32,-6.031143705214211,-0.15486959394740096,0.002402744375280969,416.1907568228365,0.14797606986230216,nan
4.35e-09,4.35,-6.031141132615918,-0.1548695278874176,0.0024027505565849976,416.18968613258335,0.1479762602039169,nan
4.38e-09,4.38,-6.031138560017629,-0.1548694618274343,0.0024027567379049193,416.1886154450861,0.14797645054577624,nan
4.41e-09,4.41,-6.031135987419338,-0.15486939576745096,0.002402762919240748,416.1875447603425,0.14797664088788054,nan
4.44e-09,4.44,-6.031133414821044,-0.15486932970746753,0.0024027691005924865,416.186474078352,0.14797683123022992,nan
4.47e-09,4.47,-6.031130842222751,-0.15486926364748413,0.0024027752819601234,416.1854033991165,0.14797702157282402,nan
4.500000000000001e-09,4.500000000000001,-6.031128269624464,-0.15486919758750087,0.0024027814633436496,416.1843327226378,0.14797721191566257,nan
4.53e-09,4.53,-6.0311256970261695,-0.15486913152751744,0.0024027876447430953,416.1832620489105,0.14797740225874648,nan
4.56e-09,4.56,-6.031123124427882,-0.1548690654675342,0.002402793826158426,416.1821913779405,0.14797759260207471,nan
4.59e-09,4.59,-6.03112055182959,-0.1548689994075508,0.002402800007589672,416.1811207097228,0.14797778294564817,nan
4.62e-09,4.62,-6.031117979231297,-0.15486893334756743,0.00240280618903682,416.1800500442594,0.14797797328946646,nan
4.6499999999999995e-09,4.6499999999999995,-6.031115406633004,-0.15486886728758403,0.0024028123704998706,416.17897938155045,0.14797816363352959,nan
4.68e-09,4.680000000000001,-6.031112834034717,-0.1548688012276008,0.002402818551978811,416.17790872159804,0.14797835397783718,nan
4.71e-09,4.71,-6.031110261436423,-0.15486873516761737,0.0024028247334736707,416.1768380643971,0.14797854432239013,nan
4.74e-09,4.739999999999999,-6.031107688838132,-0.15486866910763403,0.0024028309149844245,416.175767409952,0.14797873466718764,nan
4.77e-09,4.77,-6.031104591342105,-0.1548685895691625,0.0024028383577551636,416.1744783091625,0.14797896384913645,nan
4.8e-09,4.8,-6.0311013079888465,-0.15486850525819082,0.0024028462471352673,416.17311186357625,0.14797920678294246,nan
4.829999999999999e-09,4.829999999999999,-6.0310980246355825,-0.15486842094721906,0.0024028541365412872,416.1717454224743,0.14797944971714766,nan
4.86e-09,4.86,-6.031094741282322,-0.15486833663624736,0.0024028620259732027,416.17037898586034,0.1479796926517514,nan
4.8899999999999995e-09,4.89,-6.031091457929067,-0.1548682523252758,0.002402869915431009,416.1690125537351,0.1479799355867536,nan
4.9199999999999996e-09,4.92,-6.031088174575807,-0.1548681680143041,0.0024028778049147324,416.1676461260941,0.14798017852215498,nan
4.95e-09,4.949999999999999,-6.03108489122255,-0.1548680837033325,0.002402885694424351,416.166279702941,0.14798042145795495,nan
4.98e-09,4.9799999999999995,-6.031081607869286,-0.1548679993923607,0.0024028935839598906,416.16491328427145,0.14798066439415425,nan
5.01e-09,5.01,-6.031078324516027,-0.15486791508138906,0.0024029014735213214,416.1635468700905,0.147980907330752,nan
5.04e-09,5.04,-6.031075041162769,-0.1548678307704174,0.002402909363108657,416.162180460396,0.14798115026774855,nan
5.07e-09,5.07,-6.03107175780951,-0.15486774645944576,0.0024029172527218964,416.1608140551878,0.14798139320514395,nan
5.099999999999999e-09,5.1,-6.0310684744562515,-0.1548676621484741,0.0024029251423610407,416.1594476544661,0.14798163614293816,nan
5.13e-09,5.13,-6.031065191102991,-0.1548675778375024,0.0024029330320260935,416.15808125822997,0.1479818790811313,nan
5.1599999999999996e-09,5.159999999999999,-6.0310619077497325,-0.15486749352653076,0.002402940921717047,416.15671486648097,0.14798212201972316,nan
5.19e-09,5.1899999999999995,-6.031058624396472,-0.15486740921555905,0.002402948811433909,416.15534847921754,0.147982364958714,nan
5.22e-09,5.22,-6.031055341043217,-0.15486732490458752,0.002402956701176663,416.15398209644263,0.14798260789810325,nan
5.25e-09,5.25,-6.031052057689957,-0.1548672405936158,0.002402964590945335,416.1526157181519,0.14798285083789173,nan
5.279999999999999e-09,5.279999999999999,-6.031048774336696,-0.1548671562826441,0.0024029724807399116,416.1512493443474,0.14798309377807903,nan
5.31e-09,5.3100000000000005,-6.031045490983438,-0.15486707197167246,0.002402980370560389,416.1498829750299,0.14798333671866504,nan
5.339999999999999e-09,5.339999999999999,-6.031042207630177,-0.15486698766070078,0.002402988260406776,416.14851661019793,0.14798357965965,nan
5.37e-09,5.37,-6.0310380723143755,-0.15486688147276853,0.0024029981975426475,416.14679570821954,0.14798388563938403,nan
5.3999999999999996e-09,5.3999999999999995,-6.0310338976197535,-0.15486677427365464,0.0024030082293472394,416.14505842605587,0.14798419453347214,nan
5.43e-09,5.43,-6.031029722925135,-0.15486666707454083,0.0024030182611937023,416.14332115114627,0.1479845034282048,nan
5.46e-09,5.46,-6.031025548230515,-0.154866559875427,0.0024030282930820497,416.1415838834885,0.14798481232358238,nan
5.49e-09,5.49,-6.031021373535896,-0.1548664526763132,0.002403038325012273,416.13984662308405,0.14798512121960458,nan
5.52e-09,5.52,-6.031017198841274,-0.1548663454771993,0.002403048356984385,416.1381093699306,0.1479854301162718,nan
5.55e-09,5.55,-6.031013024146656,-0.1548662382780855,0.002403058388998369,416.1363721240311,0.14798573901358356,nan
5.58e-09,5.58,-6.031008849452034,-0.1548661310789716,0.002403068421054242,416.13463488538264,0.14798604791154032,nan
5.6099999999999994e-09,5.609999999999999,-6.0310046747574155,-0.1548660238798578,0.002403078453151988,416.13289765398804,0.14798635681014163,nan
5.64e-09,5.640000000000001,-6.0310005000627935,-0.1548659166807439,0.002403088485291623,416.13116042984433,0.14798666570938795,nan
5.67e-09,5.67,-6.0309963253681715,-0.15486580948163,0.002403098517473139,416.12942321295304,0.14798697460927906,nan
5.7e-09,5.7,-6.030992150673553,-0.1548657022825162,0.0024031085496965285,416.12768600331555,0.14798728350981474,nan
5.73e-09,5.7299999999999995,-6.030987975978931,-0.1548655950834023,0.002403118581961808,416.1259488009288,0.14798759241099543,nan
5.76e-09,5.76,-6.030983801284313,-0.15486548788428853,0.0024031286142689604,416.12421160579595,0.1479879013128206,nan
5.789999999999999e-09,5.789999999999999,-6.030979626589691,-0.1548653806851746,0.0024031386466180035,416.1224744179138,0.14798821021529088,nan
5.82e-09,5.82,-6.030975451895072,-0.15486527348606083,0.0024031486790089198,416.1207372372853,0.1479885191184057,nan
5.8499999999999994e-09,5.85,-6.03097127720045,-0.15486516628694694,0.002403158711441727,416.11900006390755,0.1479888280221655,nan
5.8799999999999995e-09,5.88,-6.030967102505832,-0.15486505908783313,0.0024031687439164083,416.1172628977834,0.14798913692656987,nan
5.91e-09,5.909999999999999,-6.03096292781121,-0.15486495188871924,0.0024031787764329806,416.1155257389099,0.1479894458316193,nan
5.94e-09,5.9399999999999995,-6.030958558705995,-0.15486483969746936,0.0024031892761968415,416.11370769036824,0.14798976912270215,nan
5.97e-09,5.97,-6.030953261121342,-0.1548647036644341,0.0024032020073291925,416.11150329861516,0.1479901611173862,nan
6e-09,6.0,-6.0309479635366845,-0.15486456763139878,0.002403214738528997,416.10929891853857,0.14799055311310882,nan
6.03e-09,6.03,-6.030942665952031,-0.15486443159836352,0.002403227469796238,416.1070945501413,0.14799094510986952,nan
6.059999999999999e-09,6.06,-6.030937368367379,-0.15486429556532832,0.0024032402011309193,416.1048901934226,0.1479913371076684,nan
6.0899999999999994e-09,6.09,-6.030932070782725,-0.1548641595322931,0.0024032529325330506,416.1026858483809,0.1479917291065057,nan
6.1199999999999995e-09,6.119999999999999,-6.030926773198068,-0.15486402349925776,0.002403265664002636,416.10048151501536,0.14799212110638163,nan
6.1500000000000005e-09,6.15,-6.030921475613415,-0.1548638874662225,0.0024032783955396596,416.0982771933289,0.1479925131072956,nan
6.179999999999999e-09,6.179999999999999,-6.030916178028761,-0.15486375143318726,0.0024032911271441295,416.09607288332,0.14799290510924792,nan
6.21e-09,6.21,-6.030910880444102,-0.1548636154001519,0.002403303858816059,416.0938685849864,0.14799329711223896,nan
6.24e-09,6.24,-6.030905582859448,-0.15486347936711664,0.002403316590555423,416.09166429833243,0.14799368911626792,nan
6.269999999999999e-09,6.27,-6.030900285274797,-0.15486334333408144,0.0024033293223622307,416.08946002335654,0.1479940811213351,nan
6.299999999999999e-09,6.299999999999999,-6.030894987690139,-0.1548632073010461,0.002403342054236499,416.08725576005577,0.14799447312744105,nan
6.33e-09,6.33,-6.030889690105486,-0.15486307126801088,0.0024033547861782075,416.08505150843365,0.14799486513458504,nan
6.3599999999999995e-09,6.359999999999999,-6.030884392520832,-0.15486293523497563,0.002403367518187364,416.08284726848876,0.1479952571427674,nan
6.39e-09,6.39,-6.030879094936175,-0.1548627992019403,0.0024033802502639785,416.0806430402195,0.14799564915198835,nan
6.42e-09,6.42,-6.030873797351521,-0.15486266316890504,0.002403392982408034,416.0784388236288,0.1479960411622474,nan
6.449999999999999e-09,6.449999999999999,-6.030868499766868,-0.15486252713586982,0.0024034057146195393,416.0762346187151,0.1479964331735448,nan
6.48e-09,6.4799999999999995,-6.030863202182211,-0.15486239110283448,0.002403418446898503,416.0740304254768,0.14799682518588084,nan
6.51e-09,6.51,-6.030857904597557,-0.15486225506979923,0.002403431179244909,416.07182624391686,0.14799721719925496,nan
6.539999999999999e-09,6.539999999999999,-6.030852052812627,-0.15486210480583598,0.002403445243648416,416.06939148819794,0.14799765022383113,nan
6.5699999999999994e-09,6.569999999999999,-6.030845335830472,-0.15486193232506787,0.0024034613876014457,416.06659676690634,0.14799814727345353,nan
6.6e-09,6.6000000000000005,-6.030838618848314,-0.1548617598442997,0.0024034775316629235,416.0638020643853,0.14799864432474552,nan
6.629999999999999e-09,6.629999999999999,-6.030831901866158,-0.15486158736353153,0.0024034936758328368,416.0610073806369,0.14799914137770673,nan
6.66e-09,6.66,-6.030825184884005,-0.15486141488276348,0.002403509820111182,416.05821271566174,0.14799963843233704,nan
6.69e-09,6.6899999999999995,-6.030818467901847,-0.15486124240199528,0.0024035259644979807,416.05541806945604,0.14800013548863708,nan
6.719999999999999e-09,6.719999999999999,-6.030811750919689,-0.15486106992122708,0.002403542108993222,416.05262344202185,0.1480006325466065,nan
6.749999999999999e-09,6.749999999999999,-6.0308050339375345,-0.154860897440459,0.002403558253596897,416.04982883336055,0.14800112960624504,nan
6.78e-09,6.78,-6.030798316955378,-0.15486072495969083,0.0024035743983090198,416.0470342434698,0.14800162666755304,nan
6.81e-09,6.8100000000000005,-6.03079159997322,-0.15486055247892264,0.002403590543129591,416.0442396723494,0.14800212373053057,nan
6.8399999999999995e-09,6.84,-6.030784882991066,-0.15486037999815455,0.0024036066880585984,416.0414451200015,0.14800262079517723,nan
6.87e-09,6.869999999999999,-6.030778166008911,-0.15486020751738644,0.002403622833096051,416.0386505864246,0.14800311786149328,nan
6.9000000000000006e-09,6.9,-6.030771449026755,-0.1548600350366183,0.002403638978241955,416.0358560716176,0.14800361492947886,nan
6.93e-09,6.93,-6.030764732044595,-0.15485986255585005,0.002403655123496314,416.03306157557984,0.1480041119991341,nan
6.96e-09,6.96,-6.030758015062441,-0.15485969007508193,0.002403671268859108,416.0302670983148,0.14800460907045834,nan
6.99e-09,6.99,-6.030751298080284,-0.1548595175943138,0.002403687414330355,416.0274726398194,0.14800510614345214,nan
7.019999999999999e-09,7.02,-6.030744581098128,-0.15485934511354565,0.0024037035599100507,416.0246782000943,0.14800560321811534,nan
7.05e-09,7.05,-6.03073786411597,-0.15485917263277746,0.0024037197055982013,416.0218837791386,0.1480061002944481,nan
7.08e-09,7.08,-6.030731147133816,-0.15485900015200935,0.0024037358513947934,416.01908937695435,0.14800659737245006,nan
7.11e-09,7.109999999999999,-6.030724430151659,-0.1548588276712412,0.0024037519972998416,416.01629499353925,0.14800709445212154,nan
7.14e-09,7.14,-6.030716619791262,-0.15485862711436468,0.0024037707715425633,416.01304576903294,0.14800767244762467,nan
7.170000000000001e-09,7.170000000000001,-6.0307081037823345,-0.15485840843762458,0.002403791242163077,416.00950301330636,0.14800830266629633,nan
7.199999999999999e-09,7.199999999999999,-6.030699587773409,-0.1548581897608845,0.0024038117129579154,416.0059602877505,0.14800893288765138,nan
7.23e-09,7.23,-6.03069107176448,-0.15485797108414434,0.002403832183927092,416.002417592363,0.14800956311169014,nan
7.26e-09,7.26,-6.030682555755552,-0.1548577524074042,0.0024038526550705965,415.9988749271456,0.14801019333841228,nan
7.2899999999999994e-09,7.289999999999999,-6.030674039746625,-0.1548575337306641,0.002403873126388434,415.99533229209754,0.14801082356781797,nan
7.3199999999999995e-09,7.319999999999999,-6.030665523737701,-0.15485731505392408,0.0024038935978805977,415.9917896872199,0.1480114537999069,nan
7.3500000000000005e-09,7.3500000000000005,-6.030657007728772,-0.1548570963771839,0.0024039140695471103,415.9882471125088,0.14801208403467975,nan
7.38e-09,7.38,-6.030648491719846,-0.15485687770044385,0.0024039345413879518,415.98470456796764,0.1480127142721359,nan
7.41e-09,7.41,-6.030639975710919,-0.1548566590237037,0.002403955013403137,415.981162053594,0.1480133445122757,nan
7.44e-09,7.44,-6.030631459701993,-0.15485644034696364,0.0024039754855926586,415.977619569389,0.148013974755099,nan
7.47e-09,7.47,-6.030622943693066,-0.15485622167022353,0.002403995957956526,415.97407711535095,0.14801460500060598,nan
7.5e-09,7.499999999999999,-6.030614427684139,-0.1548560029934834,0.0024040164304947377,415.97053469148034,0.1480152352487966,nan
7.53e-09,7.53,-6.030605911675211,-0.1548557843167433,0.002404036903207294,415.9669922977769,0.14801586549967077,nan
7.56e-09,7.56,-6.030597395666286,-0.15485556564000322,0.0024040573760941925,415.9634499342412,0.14801649575322842,nan
7.59e-09,7.590000000000001,-6.030588879657358,-0.1548553469632631,0.0024040778491554436,415.9599076008714,0.14801712600946987,nan
7.62e-09,7.62,-6.030580363648427,-0.1548551282865229,0.0024040983223910526,415.95636529766654,0.1480177562683952,nan
7.649999999999999e-09,7.649999999999999,-6.0305718476395,-0.1548549096097828,0.0024041187958010043,415.9528230246293,0.14801838653000393,nan
7.68e-09,7.68,-6.0305633316305745,-0.15485469093304272,0.002404139269385304,415.9492807817587,0.14801901679429616,nan
7.710000000000001e-09,7.710000000000001,-6.030554815621647,-0.15485447225630258,0.002404159743143962,415.945738569053,0.14801964706127224,nan
7.74e-09,7.74,-6.030544414013706,-0.1548542051605614,0.0024041847504010956,415.94141208705685,0.14802041688444226,nan
7.77e-09,7.77,-6.030533612636248,-0.1548539277994135,0.0024042107190483126,415.93691937112817,0.14802121629879808,nan
7.8e-09,7.800000000000001,-6.030522811258788,-0.1548536504382656,0.002404236687976032,415.93242670372604,0.14802201571747145,nan
7.83e-09,7.83,-6.030512009881331,-0.15485337307711777,0.002404262657184245,415.9279340848521,0.14802281514046198,nan
7.86e-09,7.86,-6.030501208503873,-0.15485309571596992,0.0024042886266729666,415.9234415145036,0.14802361456777008,nan
7.89e-09,7.89,-6.030490407126415,-0.15485281835482206,0.0024043145964421967,415.91894899268084,0.14802441399939567,nan
7.919999999999999e-09,7.919999999999999,-6.0304796057489565,-0.15485254099367418,0.0024043405664919367,415.91445651938324,0.14802521343533875,nan
7.95e-09,7.95,-6.030468804371498,-0.15485226363252633,0.002404366536822191,415.9099640946103,0.14802601287559933,nan
7.980000000000001e-09,7.980000000000001,-6.030458002994038,-0.15485198627137842,0.0024043925074329667,415.9054717183607,0.14802681232017761,nan
8.009999999999999e-09,8.009999999999998,-6.03044720161658,-0.15485170891023053,0.0024044184783242576,415.9009793906354,0.14802761176907328,nan
8.04e-09,8.04,-6.030436400239122,-0.15485143154908268,0.0024044444494960714,415.8964871114332,0.14802841122228655,nan
8.07e-09,8.07,-6.0304255988616635,-0.1548511541879348,0.0024044704209484112,415.89199488075354,0.14802921067981745,nan
8.1e-09,8.1,-6.030414797484207,-0.15485087682678697,0.002404496392681276,415.8875026985967,0.14803001014166584,nan
8.129999999999999e-09,8.129999999999999,-6.030403996106747,-0.15485059946563906,0.002404522364694681,415.88301056495976,0.14803080960783216,nan
8.16e-09,8.16,-6.030393194729289,-0.1548503221044912,0.0024045483369886165,415.87851847984456,0.148031609078316,nan
8.19e-09,8.19,-6.030382393351832,-0.15485004474334338,0.0024045743095630866,415.87402644325056,0.14803240855311742,nan
8.22e-09,8.22,-6.030371591974374,-0.15484976738219552,0.0024046002824181013,415.86953445517577,0.1480332080322367,nan
8.25e-09,8.25,-6.030360790596914,-0.15484949002104761,0.002404626255553665,415.8650425156196,0.14803400751567386,nan
8.279999999999999e-09,8.28,-6.030349989219458,-0.1548492126598998,0.002404652228969767,415.86055062458377,0.14803480700342853,nan
8.31e-09,8.31,-6.030339064531066,-0.15484893213233522,0.0024046784991895546,415.85600750247016,0.1480356156227058,nan
8.34e-09,8.34,-6.0303253540391335,-0.1548485800700362,0.0024047114687407328,415.85030595111965,0.14803663044674115,nan
8.37e-09,8.37,-6.030311643547202,-0.15484822800773726,0.002404744438743938,415.8446044779405,0.1480376452777332,nan
8.399999999999999e-09,8.399999999999999,-6.030297933055271,-0.1548478759454383,0.0024047774091991822,415.83890308293076,0.14803866011568223,nan
8.43e-09,8.43,-6.030284222563337,-0.15484752388313927,0.0024048103801064787,415.83320176608794,0.1480396749605885,nan
8.46e-09,8.459999999999999,-6.0302705120714055,-0.1548471718208403,0.002404843351465817,415.8275005274139,0.14804068981245153,nan
8.49e-09,8.49,-6.030256801579473,-0.1548468197585413,0.002404876323277217,415.8217993669054,0.14804170467127178,nan
8.52e-09,8.52,-6.030243091087543,-0.15484646769624238,0.0024049092955406707,415.81609828456357,0.14804271953704892,nan
8.549999999999999e-09,8.549999999999999,-6.030229380595612,-0.15484611563394343,0.002404942268256198,415.8103972803851,0.14804373440978336,nan
8.58e-09,8.58,-6.0302156701036775,-0.1548457635716444,0.0024049752414238086,415.80469635436816,0.14804474928947528,nan
8.61e-09,8.610000000000001,-6.030201959611746,-0.15484541150934544,0.0024050082150434927,415.79899550651464,0.1480457641761242,nan
8.64e-09,8.64,-6.030188249119815,-0.1548450594470465,0.002405041189115264,415.7932947368221,0.14804677906973046,nan
8.67e-09,8.67,-6.030174538627884,-0.1548447073847475,0.0024050741636391293,415.7875940452893,0.14804779397029408,nan
8.7e-09,8.7,-6.030160828135953,-0.15484435532244856,0.0024051071386150947,415.7818934319153,0.14804880887781513,nan
8.730000000000001e-09,8.73,-6.0301471176440185,-0.15484400326014952,0.0024051401140431747,415.77619289669747,0.1480498237922939,nan
8.76e-09,8.76,-6.030133407152087,-0.15484365119785057,0.0024051730899233587,415.77049243963774,0.1480508387137299,nan
8.79e-09,8.79,-6.030119696660156,-0.15484329913555162,0.0024052060662556616,415.76479206073355,0.14805185364212348,nan
8.82e-09,8.82,-6.030105986168225,-0.15484294707325266,0.002405239043040089,415.7590917599838,0.14805286857747466,nan
8.85e-09,8.85,-6.030092275676294,-0.15484259501095368,0.0024052720202766475,415.7533915373875,0.1480538835197835,nan
8.88e-09,8.88,-6.030078565184359,-0.15484224294865465,0.002405304997965352,415.747691392942,0.14805489846905032,nan
8.91e-09,8.91,-6.030063891126954,-0.15484186614362014,0.002405340293807936,415.74159073221307,0.148055984756075,nan
8.94e-09,8.94,-6.030046470350047,-0.1548414188074634,0.002405382197069571,415.7343482537952,0.14805727438683164,nan
8.97e-09,8.97,-6.030029049573134,-0.15484097147130652,0.002405424101061217,415.72710590154287,0.14805856402882203,nan
9.000000000000001e-09,9.000000000000002,-6.030011628796224,-0.1548405241351497,0.0024054660057828605,415.7198636754583,0.1480598536820455,nan
9.029999999999999e-09,9.03,-6.029994208019316,-0.15484007679899292,0.0024055079112345187,415.71262157553866,0.14806114334650225,nan
9.06e-09,9.06,-6.029976787242404,-0.15483962946283605,0.002405549817416218,415.7053796017794,0.1480624330221928,nan
9.09e-09,9.09,-6.029959366465494,-0.15483918212667924,0.0024055917243279573,415.6981377541806,0.14806372270911683,nan
9.12e-09,9.12,-6.029941945688581,-0.15483873479052235,0.0024056336319697624,415.69089603273784,0.14806501240727485,nan
9.15e-09,9.149999999999999,-6.029924524911673,-0.1548382874543656,0.0024056755403416247,415.6836544374526,0.1480663021166663,nan
9.18e-09,9.18,-6.029907104134763,-0.15483784011820875,0.0024057174494435743,415.6764129683197,0.1480675918372918,nan
9.21e-09,9.209999999999999,-6.029889683357849,-0.15483739278205186,0.002405759359275628,415.66917162533633,0.1480688815691516,nan
9.24e-09,9.24,-6.029872262580939,-0.15483694544589505,0.0024058012698377805,415.6619304085031,0.14807017131224523,nan
9.27e-09,9.27,-6.029854841804029,-0.15483649810973824,0.002405843181130055,415.6546893178164,0.14807146106657307,nan
9.299999999999999e-09,9.299999999999999,-6.0298374210271195,-0.15483605077358142,0.0024058850931524623,415.64744835327406,0.1480727508321352,nan
9.33e-09,9.33,-6.029820000250206,-0.1548356034374245,0.002405927005905025,415.6402075148723,0.14807404060893203,nan
9.36e-09,9.360000000000001,-6.029802579473296,-0.1548351561012677,0.002405968919387738,415.63296680261203,0.14807533039696313,nan
9.39e-09,9.39,-6.029785158696386,-0.15483470876511088,0.002406010833600623,415.62572621648945,0.14807662019622878,nan
9.42e-09,9.42,-6.029767737919478,-0.15483426142895412,0.002406052748543688,415.61848575650316,0.148077910006729,nan
9.45e-09,9.450000000000001,-6.029750317142565,-0.1548338140927972,0.0024060946642169632,415.611245422648,0.14807919982846446,nan
9.48e-09,9.479999999999999,-6.029732896365653,-0.15483336675664033,0.0024061365806204438,415.60400521492465,0.14808048966143467,nan
9.51e-09,9.51,-6.029713213963717,-0.15483286134576893,0.0024061839396338045,415.59582521034923,0.1480819469584636,nan
9.54e-09,9.54,-6.029691051979821,-0.15483229226341658,0.0024062372660344326,415.58661488442357,0.1480835878624169,nan
9.569999999999999e-09,9.569999999999999,-6.029668889995925,-0.15483172318106425,0.002406290593616893,415.5774047626148,0.14808522878455316,nan
9.6e-09,9.6,-6.0296467280120325,-0.154831154098712,0.0024063439223812027,415.56819484491973,0.14808686972487228,nan
9.630000000000001e-09,9.63,-6.029624566028135,-0.15483058501635963,0.0024063972523274096,415.55898513133025,0.14808851068337514,nan
9.659999999999998e-09,9.659999999999998,-6.029602404044244,-0.15483001593400741,0.00240645058345551,415.549775621847,0.14809015166006104,nan
9.69e-09,9.69,-6.029580242060348,-0.1548294468516551,0.0024065039157655597,415.5405663164603,0.14809179265493108,nan
9.72e-09,9.72,-6.029558080076455,-0.15482887776930285,0.002406557249257564,415.5313572151693,0.1480934336679848,nan
9.75e-09,9.75,-6.029535918092561,-0.15482830868695055,0.0024066105839315615,415.5221483179672,0.1480950746992228,nan
9.779999999999999e-09,9.78,-6.029513756108669,-0.1548277396045983,0.00240666391978757,415.512939624851,0.14809671574864505,nan
9.81e-09,9.81,-6.029491594124774,-0.154827170522246,0.0024067172568256246,415.5037311358148,0.14809835681625194,nan
9.839999999999999e-09,9.84,-6.02946943214088,-0.1548266014398937,0.0024067705950457465,415.49452285085465,0.14809999790204365,nan
9.87e-09,9.87,-6.029447270156988,-0.15482603235754147,0.002406823934447958,415.48531476996686,0.14810163900602014,nan
9.9e-09,9.899999999999999,-6.029425108173092,-0.15482546327518912,0.0024068772750322986,415.4761068931447,0.14810328012818208,nan
9.929999999999999e-09,9.929999999999998,-6.029402946189199,-0.15482489419283688,0.0024069306167987764,415.4668992203865,0.1481049212685291,nan
9.96e-09,9.959999999999999,-6.029380784205303,-0.15482432511048455,0.0024069839597474353,415.45769175168493,0.14810656242706194,nan
9.99e-09,9.99,-6.029358622221411,-0.1548237560281323,0.0024070373038782844,415.4484844870383,0.1481082036037803,nan
1.002e-08,10.02,-6.02933646023752,-0.1548231869457801,0.002407090649191354,415.43927742644144,0.1481098447986845,nan
1.0049999999999999e-08,10.049999999999999,-6.029314298253622,-0.15482261786342771,0.002407143995686692,415.4300705698861,0.14811148601177537,nan
1.008e-08,10.08,-6.02929213626973,-0.15482204878107547,0.0024071973433642943,415.42086391737286,0.14811312724305223,nan
1.011e-08,10.11,-6.029265759358292,-0.15482137146649577,0.002407260838632833,415.4099065425476,0.14811508063935336,nan
1.014e-08,10.14,-6.029237526861094,-0.15482064650360464,0.002407328802577108,415.39817864907945,0.14811717148341036,nan
1.017e-08,10.17,-6.029209294363893,-0.15481992154071347,0.002407396768440206,415.38645108671363,0.1481192623569826,nan
1.0199999999999999e-08,10.2,-6.029181061866689,-0.15481919657782223,0.0024074647362221854,415.37472385544,0.1481213532600706,nan
1.023e-08,10.23,-6.0291528293694885,-0.15481847161493106,0.002407532705923084,415.3629969552522,0.14812344419267426,nan
1.026e-08,10.26,-6.02912459687229,-0.15481774665203993,0.0024076006775429594,415.35127038614013,0.14812553515479412,nan
1.029e-08,10.29,-6.029096364375089,-0.15481702168914876,0.002407668651081875,415.339544148093,0.14812762614643085,nan
1.0319999999999999e-08,10.319999999999999,-6.029068131877889,-0.1548162967262576,0.0024077366265398805,415.32781824110214,0.14812971716758475,nan
1.035e-08,10.35,-6.029039899380688,-0.15481557176336644,0.00240780460391703,415.3160926651583,0.14813180821825625,nan
1.038e-08,10.379999999999999,-6.029011666883488,-0.15481484680047528,0.0024078725832133775,415.30436742025205,0.14813389929844573,nan
1.041e-08,10.41,-6.028983434386287,-0.1548141218375841,0.0024079405644289774,415.2926425063741,0.14813599040815362,nan
1.044e-08,10.44,-6.028955201889088,-0.15481339687469298,0.0024080085475638798,415.28091792351574,0.14813808154738023,nan
1.0469999999999999e-08,10.469999999999999,-6.028926969391891,-0.15481267191180192,0.0024080765326181387,415.2691936716678,0.14814017271612595,nan
1.05e-08,10.5,-6.028898736894691,-0.15481194694891073,0.002408144519591821,415.25746975081853,0.1481422639143916,nan
1.053e-08,10.530000000000001,-6.02887050439749,-0.15481122198601957,0.0024082125084849723,415.24574616096015,0.14814435514217733,nan
1.0559999999999998e-08,10.559999999999999,-6.028842271900292,-0.15481049702312846,0.002408280499297643,415.2340229020841,0.1481464463994834,nan
1.059e-08,10.59,-6.028814039403091,-0.1548097720602373,0.002408348492029895,415.2222999741795,0.1481485376863106,nan
1.062e-08,10.620000000000001,-6.028785806905891,-0.15480904709734614,0.002408416486681779,415.21057737723777,0.14815062900265907,nan
1.0650000000000001e-08,10.65,-6.02875757440869,-0.15480832213445497,0.002408484483253349,415.19885511124954,0.14815272034852928,nan
1.0679999999999999e-08,10.679999999999998,-6.02872934191149,-0.1548075971715638,0.002408552481744659,415.18713317620546,0.14815481172392167,nan
1.071e-08,10.709999999999999,-6.028694009056242,-0.15480668988345847,0.0024086375842843023,415.1724636884872,0.14815742911330004,nan
1.074e-08,10.74,-6.028657988016622,-0.15480576492393966,0.0024087243474767957,415.1575090140668,0.14816009752964174,nan
1.077e-08,10.77,-6.028621966977012,-0.1548048399644211,0.0024088111137946246,415.1425548783233,0.1481627659940428,nan
1.0799999999999999e-08,10.799999999999999,-6.028585945937397,-0.15480391500490243,0.002408897883237931,415.12760128123216,0.148165434506505,nan
1.083e-08,10.83,-6.028549924897781,-0.1548029900453837,0.0024089846558068236,415.11264822277474,0.14816810306702904,nan
1.086e-08,10.86,-6.028513903858164,-0.15480206508586494,0.002409071431501415,415.0976957029315,0.14817077167561582,nan
1.089e-08,10.89,-6.028477882818553,-0.15480114012634635,0.0024091582103217962,415.0827437216869,0.14817344033226554,nan
1.092e-08,10.92,-6.0284418617789335,-0.15480021516682754,0.0024092449922681184,415.0677922790148,0.14817610903698022,nan
1.0949999999999999e-08,10.95,-6.028405840739323,-0.15479929020730898,0.002409331777340452,415.05284137490315,0.14817877778975946,nan
1.098e-08,10.98,-6.028369819699709,-0.1547983652477903,0.002409418565538938,415.0378910093275,0.14818144659060498,nan
1.101e-08,11.01,-6.0283337986600944,-0.15479744028827164,0.002409505356863682,415.02294118226985,0.14818411543951746,nan
1.104e-08,11.04,-6.0282977776204785,-0.1547965153287529,0.0024095921513148004,415.00799189371,0.14818678433649785,nan
1.107e-08,11.069999999999999,-6.028261756580864,-0.15479559036923424,0.002409678948892397,414.9930431436302,0.14818945328154676,nan
1.11e-08,11.1,-6.02822573554125,-0.15479466540971556,0.002409765749596589,414.97809493201015,0.1481921222746652,nan
1.113e-08,11.129999999999999,-6.028189714501636,-0.1547937404501969,0.002409852553427489,414.9631472588306,0.14819479131585403,nan
1.116e-08,11.16,-6.02815369346202,-0.15479281549067817,0.0024099393603852137,414.94820012407126,0.14819746040511422,nan
1.119e-08,11.19,-6.028117672422406,-0.1547918905311595,0.0024100261704698674,414.9332535277144,0.1482001295424464,nan
1.1219999999999999e-08,11.219999999999999,-6.0280816513827915,-0.15479096557164082,0.0024101129836815666,414.91830746973966,0.1482027987278516,nan
1.125e-08,11.25,-6.028045630343177,-0.15479004061212215,0.0024101998000204245,414.9033619501279,0.14820546796133063,nan
1.128e-08,11.280000000000001,-6.028008317862932,-0.15478908249058715,0.002410289732230636,414.8878811654465,0.1482082329439204,nan
1.131e-08,11.31,-6.027962282151055,-0.15478790037118262,0.0024104006941883765,414.86878194611427,0.14821164441893747,nan
1.134e-08,11.34,-6.0279162464391725,-0.15478671825177792,0.0024105116612544598,414.8496836060057,0.14821505597248072,nan
1.137e-08,11.370000000000001,-6.027870210727295,-0.1547855361323734,0.002410622633429096,414.8305861450849,0.1482184676045511,nan
1.14e-08,11.4,-6.027824175015413,-0.15478435401296872,0.0024107336107125456,414.8114895633068,0.14822187931515124,nan
1.143e-08,11.43,-6.0277781393035355,-0.15478317189356416,0.0024108445931050183,414.7923938606354,0.14822529110428215,nan
1.146e-08,11.459999999999999,-6.027732103591655,-0.15478198977415955,0.0024109555806067703,414.77329903702656,0.1482287029719463,nan
1.1489999999999999e-08,11.489999999999998,-6.0276860678797775,-0.154780807654755,0.0024110665732180203,414.75420509244276,0.14823211491814495,nan
1.152e-08,11.52,-6.027640032167893,-0.15477962553535027,0.002411177570939029,414.7351120268391,0.14823552694288075,nan
1.1550000000000001e-08,11.55,-6.027593996456018,-0.1547784434159458,0.002411288573769993,414.7160198401818,0.14823893904615426,nan
1.1579999999999998e-08,11.579999999999998,-6.027547960744135,-0.1547772612965411,0.002411399581711186,414.69692853242367,0.14824235122796853,nan
1.161e-08,11.61,-6.027501925032256,-0.1547760791771365,0.0024115105947628175,414.67783810352876,0.14824576348832455,nan
1.164e-08,11.64,-6.027455889320377,-0.15477489705773192,0.0024116216129251317,414.6587485534551,0.14824917582722436,nan
1.167e-08,11.67,-6.027409853608498,-0.15477371493832734,0.0024117326361983633,414.6396598821623,0.1482525882446698,nan
1.1699999999999999e-08,11.7,-6.027363817896619,-0.15477253281892275,0.0024118436645827485,414.62057208960977,0.14825600074066272,nan
1.173e-08,11.73,-6.02731778218474,-0.15477135069951817,0.0024119546980785216,414.60148517575715,0.14825941331520484,nan
1.1759999999999999e-08,11.76,-6.027271746472858,-0.1547701685801135,0.0024120657366859272,414.5823991405625,0.1482628259682983,nan
1.179e-08,11.79,-6.027225710760979,-0.1547689864607089,0.0024121767804051834,414.5633139839883,0.14826623869994435,nan
1.182e-08,11.819999999999999,-6.0271796750491,-0.15476780434130433,0.0024122878292365335,414.5442297059927,0.14826965151014507,nan
1.1849999999999999e-08,11.849999999999998,-6.027133639337221,-0.15476662222189974,0.0024123988831802135,414.52514630653513,0.14827306439890228,nan
1.188e-08,11.879999999999999,-6.027083134220673,-0.15476532533572454,0.0024125207247437533,414.5042111943786,0.1482768087203781,nan
1.191e-08,11.91,-6.027024191161965,-0.15476381177743206,0.002412662930285439,414.47977976836216,0.14828117872909388,nan
1.194e-08,11.94,-6.026965248103254,-0.1547622982191395,0.0024128051442094097,414.45534978236475,0.1482855488666027,nan
1.1969999999999999e-08,11.969999999999999,-6.026906305044539,-0.15476078466084686,0.00241294736651616,414.4309212363016,0.14828991913290832,nan
1.2e-08,12.0,-6.026847361985828,-0.1547592711025543,0.0024130895972061662,414.40649413009066,0.14829428952801396,nan
1.203e-08,12.03,-6.026788418927117,-0.15475775754426174,0.002413231836279932,414.3820684636456,0.14829866005192374,nan
1.206e-08,12.06,-6.026729475868407,-0.15475624398596924,0.002413374083737946,414.35764423688244,0.14830303070464132,nan
1.209e-08,12.09,-6.026670532809694,-0.15475473042767662,0.0024135163395807165,414.33322144971396,0.1483074014861709,nan
1.2119999999999999e-08,12.12,-6.026611589750985,-0.15475321686938412,0.00241365860380872,414.3088001020583,0.1483117723965157,nan
1.215e-08,12.15,-6.02655264669227,-0.15475170331109148,0.0024138008764224717,414.2843801938269,0.14831614343568023,nan
1.2179999999999999e-08,12.18,-6.026493703633559,-0.15475018975279892,0.0024139431574224457,414.2599617249387,0.1483205146036676,nan
1.221e-08,12.209999999999999,-6.026434760574849,-0.1547486761945064,0.0024140854468091394,414.235544695308,0.14832488590048173,nan
1.2239999999999999e-08,12.239999999999998,-6.026375817516135,-0.15474716263621377,0.002414227744583065,414.2111291048472,0.14832925732612695,nan
1.2269999999999998e-08,12.269999999999998,-6.026316874457425,-0.15474564907792124,0.002414370050744691,414.1867149534757,0.1483336288806063,nan
1.2300000000000001e-08,12.3,-6.026257931398712,-0.15474413551962865,0.0024145123652945335,414.16230224110507,0.14833800056392418,nan
1.233e-08,12.33,-6.026198988340003,-0.15474262196133615,0.002414654688233069,414.13789096765345,0.14834237237608391,nan
1.2359999999999998e-08,12.359999999999998,-6.02614004528129,-0.15474110840304353,0.0024147970195608098,414.1134811330331,0.14834674431708977,nan
1.239e-08,12.39,-6.02608110222258,-0.15473959484475103,0.002414939359278233,414.0890727371621,0.14835111638694506,nan
1.242e-08,12.42,-6.026022159163865,-0.15473808128645838,0.002415081707385855,414.06466577995207,0.14835548858565423,nan
1.2449999999999999e-08,12.45,-6.025963216105158,-0.1547365677281659,0.00241522406388414,414.0402602613232,0.14835986091322018,nan
1.248e-08,12.48,-6.025894873695842,-0.15473481281040943,0.002415389131756207,414.011964719287,0.1483649306350092,nan
1.251e-08,12.51,-6.025819252751983,-0.15473287099216704,0.002415571792668545,413.9806579274856,0.14837054048910925,nan
1.2539999999999998e-08,12.54,-6.025743631808121,-0.15473092917392453,0.0024157544673944044,413.94935350304235,0.14837615055532477,nan
1.2570000000000001e-08,12.57,-6.025668010864258,-0.15472898735568205,0.0024159371559348214,413.91805144577967,0.14838176083366358,nan
1.2599999999999999e-08,12.599999999999998,-6.025592389920396,-0.15472704553743954,0.0024161198582908407,413.8867517555187,0.14838737132413365,nan
1.2629999999999998e-08,12.629999999999997,-6.025516768976535,-0.15472510371919712,0.0024163025744635023,413.855454432081,0.14839298202674292,nan
1.266e-08,12.66,-6.025441148032671,-0.15472316190095456,0.002416485304453865,413.8241594752855,0.14839859294149974,nan
1.269e-08,12.69,-6.025365527088809,-0.15472122008271208,0.00241666804826296,413.79286688495546,0.1484042040684118,nan
1.2719999999999999e-08,12.719999999999999,-6.0252899061449465,-0.15471927826446957,0.0024168508058918367,413.76157666091115,0.1484098154074872,nan
1.275e-08,12.75,-6.025214285201088,-0.15471733644622718,0.0024170335773415316,413.7302888029751,0.14841542695873378,nan
1.278e-08,12.78,-6.025138664257227,-0.15471539462798473,0.0024172163626131034,413.69900331096625,0.14842103872215986,nan
1.2809999999999999e-08,12.809999999999999,-6.025063043313365,-0.15471345280974225,0.0024173991617075967,413.6677201847056,0.1484266506977735,nan
1.284e-08,12.84,-6.024987422369502,-0.15471151099149974,0.002417581974626053,413.63643942401507,0.14843226288558264,nan
1.2869999999999999e-08,12.87,-6.02491180142564,-0.15470956917325726,0.002417764801369517,413.60516102871577,0.1484378752855952,nan
1.2899999999999998e-08,12.899999999999999,-6.024836180481778,-0.15470762735501475,0.0024179476419390346,413.5738849986288,0.14844348789781933,nan
1.293e-08,12.930000000000001,-6.024760559537915,-0.15470568553677227,0.002418130496335652,413.5426113335753,0.14844910072226294,nan
1.296e-08,12.959999999999999,-6.024684938594053,-0.15470374371852977,0.002418313364560414,413.5113400333764,0.14845471375893413,nan
1.299e-08,12.989999999999998,-6.0246093176501905,-0.1547018019002873,0.0024184962466143665,413.48007109785345,0.1484603270078409,nan
1.302e-08,13.02,-6.024533696706328,-0.15469986008204478,0.002418679142498556,413.4488045268274,0.14846594046899125,nan
1.305e-08,13.049999999999999,-6.024458075762469,-0.1546979182638024,0.0024188620522140186,413.41754032012113,0.148471554142393,nan
1.3079999999999999e-08,13.079999999999998,-6.024365579943897,-0.15469554312725045,0.0024190857971871297,413.37930269475453,0.1484784208001436,nan
1.311e-08,13.11,-6.024268349343682,-0.154693046409495,0.0024193210177862958,413.3391115309743,0.14848563929859357,nan
1.3139999999999999e-08,13.139999999999999,-6.024171118743469,-0.1546905496917396,0.0024195562612572097,413.2989242748159,0.14849285814798144,nan
1.3169999999999998e-08,13.169999999999998,-6.024073888143253,-0.15468805297398408,0.0024197915276021075,413.25874092589703,0.1485000773483246,nan
1.32e-08,13.200000000000001,-6.023976657543036,-0.1546855562562286,0.002420026816823206,413.2185614838394,0.14850729689963987,nan
1.323e-08,13.23,-6.0238794269428215,-0.15468305953847314,0.0024202621289227243,413.1783859482638,0.14851451680194425,nan
1.3259999999999998e-08,13.259999999999998,-6.023782196342607,-0.15468056282071768,0.0024204974639028915,413.1382143187898,0.14852173705525484,nan
1.329e-08,13.290000000000001,-6.023684965742394,-0.15467806610296228,0.002420732821765929,413.0980465950382,0.1485289576595886,nan
1.332e-08,13.32,-6.023587735142176,-0.1546755693852067,0.0024209682025140775,413.05788277662657,0.14853617861496315,nan
1.3349999999999999e-08,13.35,-6.023490504541959,-0.15467307266745123,0.0024212036061495457,413.0177228631779,0.14854339992139504,nan
1.338e-08,13.379999999999999,-6.023393273941748,-0.15467057594969585,0.0024214390326745506,412.97756685431415,0.148550621578901,nan
1.3409999999999999e-08,13.409999999999998,-6.023296043341533,-0.1546680792319404,0.0024216744820913395,412.9374147496519,0.14855784358749882,nan
1.3439999999999998e-08,13.439999999999998,-6.023198812741317,-0.15466558251418489,0.002421909954402134,412.8972665488124,0.14856506594720545,nan
1.3470000000000001e-08,13.47,-6.0231015821411,-0.1546630857964294,0.002422145449609155,412.85712225141685,0.1485722886580378,nan
1.3499999999999998e-08,13.499999999999998,-6.0230043515408855,-0.15466058907867394,0.002422380967714626,412.8169818570863,0.14857951172001277,nan
1.3530000000000001e-08,13.530000000000001,-6.022907120940671,-0.1546580923609185,0.0024226165087207767,412.77684536544075,0.1485867351331476,nan
1.356e-08,13.56,-6.022809890340456,-0.15465559564316303,0.002422852072629834,412.73671277610066,0.14859395889745938,nan
1.359e-08,13.59,-6.022712659740241,-0.15465309892540757,0.0024230876594440254,412.69658408868656,0.14860118301296518,nan
1.362e-08,13.620000000000001,-6.022615429140023,-0.15465060220765203,0.0024233232691655863,412.6564593028177,0.14860840747968232,nan
1.365e-08,13.65,-6.022518198539812,-0.15464810548989666,0.0024235589017967186,412.61633841811914,0.1486156322976271,nan
1.3679999999999999e-08,13.68,-6.0223929333015604,-0.15464488888993952,0.0024238625084952543,412.56465517130545,0.14862494077542504,nan
1.3710000000000002e-08,13.71,-6.022267617749433,-0.15464167099800694,0.0024241662751967354,412.51295764307423,0.14863425357543825,nan
1.374e-08,13.739999999999998,-6.022142302197302,-0.15463845310607427,0.0024244700799673025,412.46126659294,0.1486435669589893,nan
1.3769999999999999e-08,13.769999999999998,-6.022016986645173,-0.15463523521414163,0.002424773922811713,412.40958202009307,0.14865288092611445,nan
1.3800000000000001e-08,13.8,-6.021891671093043,-0.15463201732220896,0.0024250778037347475,412.3579039237204,0.14866219547685047,nan
1.383e-08,13.83,-6.021766355540915,-0.15462879943027638,0.0024253817227411654,412.3062323030126,0.14867151061123351,nan
1.386e-08,13.86,-6.021641039988786,-0.15462558153834377,0.0024256856798357523,412.2545671571561,0.14868082632930063,nan
1.389e-08,13.89,-6.021515724436657,-0.15462236364641113,0.0024259896750232768,412.2029084853402,0.14869014263108818,nan
1.392e-08,13.92,-6.02139040888453,-0.15461914575447855,0.002426293708308509,412.1512562867544,0.14869945951663263,nan
1.395e-08,13.95,-6.0212650933323975,-0.15461592786254583,0.0024265977796962407,412.0996105605846,0.14870877698597113,nan
1.398e-08,13.98,-6.02113977778027,-0.15461270997061324,0.0024269018891912206,412.0479713060242,0.1487180950391394,nan
1.401e-08,14.01,-6.021014462228139,-0.15460949207868058,0.0024272060367982466,411.9963385222586,0.14872741367617473,nan
1.4039999999999999e-08,14.04,-6.020889146676014,-0.15460627418674805,0.002427510222522073,411.94471220848055,0.148736732897113,nan
1.4070000000000001e-08,14.070000000000002,-6.020763831123883,-0.15460305629481538,0.002427814446367503,411.89309236387504,0.14874605270199165,nan
1.41e-08,14.1,-6.020638515571754,-0.15459983840288274,0.002428118708339297,411.8414789876342,0.14875537309084672,nan
1.413e-08,14.129999999999999,-6.020513200019623,-0.15459662051095008,0.0024284230084422407,411.7898720789462,0.14876469406371504,nan
1.416e-08,14.16,-6.020387884467498,-0.15459340261901755,0.002428727346681097,411.7382716370034,0.14877401562063267,nan
1.419e-08,14.19,-6.020262568915367,-0.15459018472708488,0.0024290317230606703,411.68667766099117,0.14878333776163705,nan
1.422e-08,14.219999999999999,-6.020137253363238,-0.15458696683515225,0.002429336137585723,411.6350901501021,0.1487926604867642,nan
1.425e-08,14.25,-6.020004044743809,-0.1545835462625694,0.0024296597676534194,411.5802604600093,0.14880257104924594,nan
1.428e-08,14.28,-6.0198421061552505,-0.15457938795285564,0.0024300532551864177,411.513615129923,0.1488146199762007,nan
1.4309999999999999e-08,14.309999999999999,-6.019680167566694,-0.15457522964314194,0.0024304468064453876,411.4469805914142,0.14882666987878793,nan
1.4340000000000001e-08,14.340000000000002,-6.019518228978132,-0.1545710713334281,0.002430840421440666,411.38035684273274,0.14883872075708718,nan
1.437e-08,14.370000000000001,-6.019356290389576,-0.1545669130237144,0.0024312341001825498,411.3137438821357,0.14885077261117663,nan
1.4399999999999998e-08,14.399999999999999,-6.019194351801019,-0.15456275471400066,0.0024316278426813756,411.24714170787416,0.14886282544113572,nan
1.4430000000000001e-08,14.430000000000001,-6.019032413212459,-0.15455859640428687,0.0024320216489474777,411.18055031819995,0.1488748792470437,nan
1.446e-08,14.46,-6.018870474623903,-0.15455443809457317,0.002432415518991166,411.1139697113698,0.1488869340289791,nan
1.449e-08,14.49,-6.0187085360353425,-0.15455027978485936,0.0024328094528227864,411.0473998856347,0.14889898978702146,nan
1.452e-08,14.52,-6.018546597446786,-0.15454612147514565,0.0024332034504526523,410.98084083925187,0.1489110465212493,nan
1.455e-08,14.549999999999999,-6.018384658858226,-0.15454196316543187,0.0024335975118911137,410.9142925704729,0.1489231042317422,nan
1.4579999999999999e-08,14.579999999999998,-6.018222720269666,-0.15453780485571805,0.0024339916371484954,410.84775507755415,0.14893516291857892,nan
1.4610000000000001e-08,14.610000000000001,-6.018060781681111,-0.1545336465460044,0.0024343858262351197,410.78122835875286,0.14894722258183815,nan
1.4639999999999999e-08,14.639999999999999,-6.017898843092551,-0.1545294882362906,0.0024347800791613503,410.71471241232007,0.14895928322159974,nan
1.4669999999999998e-08,14.669999999999998,-6.017736904503995,-0.1545253299265769,0.0024351743959375046,410.64820723651513,0.14897134483794208,nan
1.4700000000000001e-08,14.700000000000001,-6.0175749659154345,-0.1545211716168631,0.0024355687765739405,410.581712829591,0.1489834074309448,nan
1.473e-08,14.73,-6.017413027326878,-0.15451701330714937,0.0024359632210809827,410.515229189807,0.1489954710006864,nan
1.476e-08,14.76,-6.017251088738318,-0.15451285499743558,0.0024363577294689923,410.4487563154166,0.14900753554724658,nan
1.479e-08,14.790000000000001,-6.017089150149761,-0.15450869668772188,0.0024367523017482977,410.3822942046795,0.14901960107070386,nan
1.482e-08,14.82,-6.016927211561201,-0.15450453837800807,0.002437146937929264,410.31584285585,0.14903166757113784,nan
1.4849999999999999e-08,14.85,-6.016744525157371,-0.1544998472994061,0.0024375922122105006,410.2408905766737,0.14904528122258834,nan
1.488e-08,14.88,-6.016534651907655,-0.1544944581084744,0.002438103851297361,410.15480102206527,0.14906092235200016,nan
1.491e-08,14.909999999999998,-6.016324778657943,-0.1544890689175428,0.0024386155977748386,410.06872953345703,0.14907656512282516,nan
1.494e-08,14.94,-6.01611490540823,-0.15448367972661117,0.0024391274516654842,409.9826761070564,0.1490922095352359,nan
1.497e-08,14.97,-6.015905032158518,-0.15447829053567957,0.0024396394129918425,409.89664073907295,0.14910785558940456,nan
1.5e-08,14.999999999999998,-6.015695158908805,-0.15447290134474795,0.002440151481776464,409.8106234257171,0.14912350328550353,nan
1.503e-08,15.03,-6.015485285659093,-0.15446751215381635,0.0024406636580419036,409.7246241632001,0.14913915262370506,nan
1.506e-08,15.06,-6.015275412409382,-0.15446212296288478,0.002441175941810717,409.6386429477346,0.14915480360418132,nan
1.5089999999999998e-08,15.089999999999998,-6.015065539159668,-0.15445673377195313,0.002441688333105481,409.5526797755313,0.14917045622710512,nan
1.512e-08,15.12,-6.014855665909957,-0.15445134458102155,0.0024422008319487484,409.4667346428067,0.14918611049264824,nan
1.515e-08,15.15,-6.014645792660243,-0.1544459553900899,0.0024427134383631097,409.3808075457723,0.14920176640098362,nan
1.518e-08,15.180000000000001,-6.014435919410529,-0.15444056619915825,0.002443226152371135,409.29489848064475,0.1492174239522834,nan
1.521e-08,15.209999999999999,-6.014226046160818,-0.15443517700822668,0.0024437389739953995,409.2090074436414,0.1492330831467197,nan
1.524e-08,15.24,-6.014016172911104,-0.15442978781729502,0.002444251903258508,409.1231344309762,0.1492487439844655,nan
1.527e-08,15.27,-6.013806299661395,-0.1544243986263635,0.002444764940183032,409.0372794388703,0.14926440646569258,nan
1.5299999999999998e-08,15.299999999999997,-6.013596426411681,-0.15441900943543183,0.0024452780847915956,408.9514424635378,0.14928007059057422,nan
1.533e-08,15.329999999999998,-6.013386553161967,-0.15441362024450017,0.0024457913371067875,408.8656235011999,0.14929573635928248,nan
1.536e-08,15.36,-6.013176679912256,-0.15440823105356863,0.0024463046971512064,408.7798225480781,0.14931140377198965,nan
1.5389999999999998e-08,15.389999999999997,-6.012966806662542,-0.15440284186263695,0.0024468181649474814,408.69403960039017,0.14932707282886873,nan
1.5420000000000002e-08,15.420000000000002,-6.012756933412829,-0.15439745267170535,0.0024473317405182163,408.60827465435995,0.14934274353009194,nan
1.545e-08,15.45,-6.012506100005833,-0.15439101169304711,0.0024479456900730503,408.5057949019116,0.14936147477925804,nan
1.548e-08,15.48,-6.012233225547284,-0.1543840047373751,0.0024486137630736703,408.39433931169714,0.14938185463529122,nan
1.551e-08,15.510000000000002,-6.011960351088735,-0.15437699778170305,0.002449282018399223,408.28291413071736,0.14940223727208515,nan
1.554e-08,15.54,-6.011687476630186,-0.15436999082603103,0.0024499504560994674,408.1715193506755,0.14942262269001932,nan
1.557e-08,15.57,-6.011414602171639,-0.15436298387035904,0.0024506190762241713,408.06015496327774,0.14944301088947304,nan
1.56e-08,15.600000000000001,-6.01114172771309,-0.154355976914687,0.0024512878788231296,407.9488209602305,0.1494634018708261,nan
1.5629999999999998e-08,15.629999999999999,-6.010868853254541,-0.15434896995901498,0.0024519568639461363,407.8375173332444,0.14948379563445796,nan
1.566e-08,15.66,-6.0105959787959975,-0.15434196300334307,0.0024526260316429923,407.72624407403396,0.14950419218074784,nan
1.569e-08,15.69,-6.010323104337447,-0.154334956047671,0.002453295381963554,407.6150011743086,0.14952459151007638,nan
1.572e-08,15.72,-6.010050229878898,-0.15432794909199898,0.0024539649149576404,407.5037886257888,0.14954499362282261,nan
1.575e-08,15.749999999999998,-6.009777355420347,-0.15432094213632688,0.002454634630675113,407.3926064201921,0.14956539851936665,nan
1.578e-08,15.78,-6.009504480961802,-0.15431393518065495,0.0024553045291658224,407.2814545492428,0.14958580620008777,nan
1.581e-08,15.81,-6.009231606503253,-0.15430692822498293,0.0024559746104796717,407.17033300466085,0.14960621666536647,nan
1.5839999999999998e-08,15.839999999999998,-6.0089587320447055,-0.15429992126931094,0.002456644874666541,407.05924177817417,0.1496266299155824,nan
1.587e-08,15.87,-6.008685857586155,-0.15429291431363887,0.0024573153217763532,406.9481808615088,0.1496470459511159,nan
1.59e-08,15.9,-6.008412983127608,-0.15428590735796688,0.0024579859518590115,406.83715024639787,0.14966746477234644,nan
1.5929999999999998e-08,15.929999999999998,-6.008140108669062,-0.15427890040229492,0.0024586567649644564,406.72614992457335,0.14968788637965433,nan
1.5960000000000002e-08,15.960000000000003,-6.0078672342105115,-0.15427189344662284,0.002459327761142654,406.61517988776717,0.14970831077342023,nan
1.599e-08,15.99,-6.007594359751964,-0.15426488649095085,0.0024599989404435452,406.5042401277201,0.14972873795402367,nan
1.6019999999999997e-08,16.019999999999996,-6.007321485293415,-0.15425787953527884,0.0024606703029171196,406.3933306361693,0.14974916792184528,nan
1.605e-08,16.05,-6.00697644547636,-0.15424901949496558,0.002461519478639566,406.2531329439979,0.14977500486322656,nan
1.608e-08,16.08,-6.006620379656402,-0.15423987632550212,0.0024623960976488408,406.1085058390183,0.1498016721169384,nan
1.611e-08,16.11,-6.006264313836441,-0.15423073315603855,0.0024632730288477673,405.9639302216389,0.14982834411872195,nan
1.614e-08,16.14,-6.00590824801648,-0.15422158998657498,0.0024641502723475165,405.81940607353147,0.1498550208694223,nan
1.617e-08,16.169999999999998,-6.005552182196519,-0.1542124468171114,0.002465027828259308,405.6749333763729,0.14988170236988496,nan
1.62e-08,16.2,-6.0051961163765615,-0.15420330364764792,0.0024659056966943927,405.5305121118478,0.14990838862095543,nan
1.623e-08,16.23,-6.004840050556599,-0.15419416047818432,0.0024667838777640903,405.38614226164265,0.14993507962348016,nan
1.6259999999999998e-08,16.259999999999998,-6.004483984736639,-0.15418501730872078,0.0024676623715797178,405.24182380745725,0.14996177537830452,nan
1.629e-08,16.29,-6.004127918916675,-0.15417587413925712,0.0024685411782526742,405.09755673099096,0.14998847588627526,nan
1.632e-08,16.32,-6.003771853096717,-0.15416673096979364,0.0024694202978943476,404.9533410139582,0.15001518114823778,nan
1.635e-08,16.35,-6.003415787276756,-0.15415758780033006,0.002470299730616221,404.80917663807054,0.1500418911650393,nan
1.638e-08,16.38,-6.003059721456795,-0.15414844463086652,0.002471179476529783,404.66506358505194,0.1500686059375262,nan
1.641e-08,16.41,-6.002703655636834,-0.15413930146140295,0.00247205953574657,404.5210018366313,0.15009532546654514,nan
1.644e-08,16.44,-6.002347589816873,-0.15413015829193938,0.002472939908378158,404.376991374544,0.15012204975294308,nan
1.6469999999999998e-08,16.47,-6.001991523996914,-0.15412101512247584,0.0024738205945361597,404.23303218053275,0.1501487787975669,nan
1.65e-08,16.5,-6.001635458176954,-0.15411187195301232,0.0024747015943322346,404.08912423634524,0.15017551260126394,nan
1.653e-08,16.53,-6.001279392356993,-0.15410272878354875,0.0024755829078780835,403.9452675237357,0.15020225116488167,nan
1.6559999999999997e-08,16.56,-6.000923326537032,-0.15409358561408518,0.002476464535285437,403.80146202446633,0.1502289944892675,nan
1.659e-08,16.590000000000003,-6.0005672607170695,-0.15408444244462155,0.0024773464766660747,403.6577077203043,0.15025574257526914,nan
1.662e-08,16.62,-6.00020183261095,-0.1540750588674465,0.002478251934126972,403.5102267971298,0.15028319891924416,nan
1.6649999999999997e-08,16.65,-5.9997353306690595,-0.15406307988471166,0.0024794083131722986,403.32203239269694,0.1503182567097817,nan
1.668e-08,16.68,-5.999268828727169,-0.1540511009019768,0.0024805652317965434,403.1339257608446,0.15035332267853665,nan
1.671e-08,16.709999999999997,-5.998802326785279,-0.15403912191924193,0.0024817226902514792,402.94590686063617,0.1503883968274169,nan
1.674e-08,16.74,-5.998335824843387,-0.15402714293650704,0.0024828806887890013,402.7579756511536,0.1504234791583307,nan
1.677e-08,16.77,-5.997869322901495,-0.15401516395377213,0.0024840392276611134,402.57013209149915,0.1504585696731867,nan
1.6799999999999998e-08,16.799999999999997,-5.997402820959602,-0.15400318497103718,0.0024851983071199463,402.38237614079287,0.15049366837389408,nan
1.683e-08,16.83,-5.996936319017713,-0.15399120598830238,0.0024863579274177258,402.19470775817746,0.150528775262362,nan
1.686e-08,16.86,-5.9964698170758215,-0.15397922700556746,0.0024875180888068353,402.00712690280807,0.15056389034050108,nan
1.6889999999999998e-08,16.889999999999997,-5.996003315133933,-0.15396724802283265,0.0024886787915397355,401.81963353386556,0.15059901361022127,nan
1.692e-08,16.919999999999998,-5.995536813192038,-0.15395526904009765,0.002489840035869051,401.63222761054254,0.1506341450734343,nan
1.695e-08,16.95,-5.995070311250149,-0.15394329005736285,0.0024910018220474597,401.4449090920607,0.15066928473205043,nan
1.698e-08,16.98,-5.994603809308259,-0.153931311074628,0.0024921641503278173,401.2576779376514,0.1507044325879822,nan
1.7009999999999998e-08,17.009999999999998,-5.994137307366369,-0.15391933209189315,0.00249332702096307,401.07053410656937,0.1507395886431417,nan
1.704e-08,17.04,-5.993670805424474,-0.15390735310915815,0.0024944904342062996,400.8834775580855,0.150774752899442,nan
1.707e-08,17.07,-5.993204303482585,-0.15389537412642335,0.0024956543903106613,400.69650825149677,0.15080992535879534,nan
1.7099999999999998e-08,17.099999999999998,-5.992737801540695,-0.15388339514368848,0.0024968188895294827,400.5096261461105,0.150845106023116,nan
1.713e-08,17.13,-5.9922712995988014,-0.15387141616095354,0.002497983932116191,400.3228312012561,0.1508802948943181,nan
1.716e-08,17.16,-5.991804797656911,-0.15385943717821868,0.00249914951832431,400.13612337628524,0.15091549197431564,nan
1.7189999999999997e-08,17.189999999999998,-5.991338295715021,-0.15384745819548382,0.002500315648407508,399.9495026305644,0.15095069726502383,nan
1.722e-08,17.220000000000002,-5.990827236620547,-0.1538343350602523,0.002501593784032283,399.74515702070323,0.15098927455696015,nan
1.725e-08,17.25,-5.9902132379021875,-0.15381856860917031,0.0025031302310495143,399.49978934205086,0.15103563528348468,nan
1.728e-08,17.28,-5.989599239183823,-0.15380280215808823,0.0025046676217329333,399.25457227259494,0.15108201024490786,nan
1.731e-08,17.310000000000002,-5.98898524046546,-0.1537870357070062,0.0025062059566621107,399.00950571989284,0.1511283994456,nan
1.734e-08,17.34,-5.988371241747098,-0.15377126925592413,0.002507745236416994,398.76458959155514,0.15117480288993326,nan
1.737e-08,17.37,-5.987757243028739,-0.15375550280484218,0.0025092854615778744,398.5198237952511,0.1512212205822809,nan
1.74e-08,17.4,-5.987143244310374,-0.1537397363537601,0.002510826632725431,398.275208238702,0.1512676525270184,nan
1.7429999999999998e-08,17.429999999999996,-5.986529245592015,-0.15372396990267814,0.002512368750440649,398.03074282969334,0.15131409872852103,nan
1.7460000000000002e-08,17.46,-5.985915246873649,-0.153708203451596,0.00251391181530493,397.78642747605807,0.15136055919116728,nan
1.749e-08,17.49,-5.985301248155288,-0.153692437000514,0.0025154558278999697,397.5422620856955,0.15140703391933502,nan
1.752e-08,17.52,-5.984687249436924,-0.1536766705494319,0.0025170007888078746,397.29824656655325,0.15145352291740513,nan
1.755e-08,17.55,-5.984073250718561,-0.15366090409834987,0.0025185466986110726,397.05438082664085,0.1515000261897587,nan
1.758e-08,17.58,-5.983459252000198,-0.1536451376472678,0.0025200935578923683,396.81066477402163,0.15154654374077872,nan
1.761e-08,17.61,-5.9828452532818375,-0.15362937119618583,0.0025216413672349137,396.56709831681667,0.1515930755748493,nan
1.764e-08,17.64,-5.982231254563475,-0.15361360474510377,0.0025231901272222334,396.3236813632014,0.15163962169635628,nan
1.767e-08,17.669999999999998,-5.981617255845112,-0.15359783829402174,0.0025247398384381976,396.0804138214096,0.1516861821096864,nan
1.77e-08,17.7,-5.981003257126748,-0.15358207184293965,0.0025262905014670424,395.8372955997301,0.15173275681922807,nan
1.773e-08,17.73,-5.980389258408385,-0.1535663053918576,0.0025278421168933507,395.5943266065101,0.1517793458293706,nan
1.776e-08,17.76,-5.979775259690024,-0.15355053894077558,0.0025293946853020724,395.35150675015166,0.15182594914450495,nan
1.779e-08,17.79,-5.979161260971662,-0.15353477248969355,0.0025309482072785267,395.1088359391116,0.15187256676902372,nan
1.782e-08,17.82,-5.978444220582267,-0.15351636010236253,0.002532763650161764,394.8256284932593,0.15192702591299903,nan
1.785e-08,17.85,-5.977631836816277,-0.1534954994579943,0.002534822062231311,394.50500881301963,0.15198874997278983,nan
1.788e-08,17.88,-5.976819453050286,-0.153474638813626,0.002536882147200838,394.1846494932319,0.15205049910948545,nan
1.791e-08,17.91,-5.976007069284295,-0.1534537781692577,0.0025389439064299295,393.86455032247017,0.15211227333327393,nan
1.794e-08,17.94,-5.975194685518304,-0.1534329175248894,0.0025410073412792792,393.5447110894794,0.15217407265434754,nan
1.7969999999999998e-08,17.97,-5.9743823017523106,-0.15341205688052106,0.0025430724531106913,393.2251315831753,0.15223589708290275,nan
1.8000000000000002e-08,18.000000000000004,-5.973569917986321,-0.15339119623615283,0.002545139243287059,392.90581159264804,0.15229774662913967,nan
1.803e-08,18.03,-5.972757534220328,-0.1533703355917845,0.002547207713172415,392.58675090715394,0.15235962130326353,nan
1.8059999999999998e-08,18.06,-5.971945150454337,-0.15334947494741621,0.002549277864131867,392.2679493161255,0.15242152111548277,nan
1.8090000000000002e-08,18.090000000000003,-5.971132766688344,-0.15332861430304787,0.002551349697531658,391.9494066091626,0.15248344607601058,nan
1.812e-08,18.12,-5.970320382922354,-0.15330775365867963,0.0025534232147391162,391.6311225760397,0.15254539619506371,nan
1.815e-08,18.150000000000002,-5.9695079991563595,-0.15328689301431125,0.0025554984171227177,391.31309700669595,0.15260737148286407,nan
1.818e-08,18.18,-5.968695615390368,-0.15326603236994296,0.002557575306052006,390.9953296912485,0.15266937194963645,nan
1.821e-08,18.209999999999997,-5.967883231624375,-0.1532451717255746,0.0025596538828976745,390.6778204199792,0.15273139760561072,nan
1.824e-08,18.24,-5.967070847858388,-0.1532243110812064,0.0025617341490314968,390.36056898334493,0.15279344846102016,nan
1.827e-08,18.27,-5.966258464092395,-0.15320345043683808,0.002563816105826409,390.043575171966,0.1528555245261035,nan
1.83e-08,18.299999999999997,-5.965446080326402,-0.15318258979246974,0.00256589975465642,389.7268387766389,0.15291762581110224,nan
1.833e-08,18.33,-5.964633696560412,-0.1531617291481015,0.0025679850968966626,389.4103595883293,0.15297975232626243,nan
1.836e-08,18.36,-5.963821312794419,-0.15314086850373318,0.002570072133923412,389.0941373981684,0.15304190408183493,nan
1.839e-08,18.39,-5.963008929028426,-0.15312000785936483,0.0025721608671140355,388.7781719974614,0.15310408108807402,nan
1.842e-08,18.419999999999998,-5.961998338688419,-0.15309405760461153,0.0025747615819465878,388.38547499375596,0.15318146338956082,nan
1.845e-08,18.45,-5.960916914175916,-0.1530662884478277,0.002577547498342789,387.96569244327833,0.15326431288109524,nan
1.848e-08,18.48,-5.959835489663414,-0.15303851929104384,0.0025803364291268937,387.5463636105657,0.1533472071824787,nan
1.8509999999999998e-08,18.509999999999998,-5.958754065150909,-0.15301075013425994,0.002583128377560503,387.1274880052212,0.1534301463179471,nan
1.854e-08,18.54,-5.95767264063841,-0.15298298097747617,0.0025859233469087226,386.7090651373812,0.1535131303117488,nan
1.857e-08,18.57,-5.956591216125906,-0.15295521182069227,0.00258872134044024,386.2910945177047,0.15359615918814662,nan
1.8599999999999998e-08,18.599999999999998,-5.955509791613409,-0.15292744266390856,0.0025915223614272165,385.87357565738887,0.15367923297141473,nan
1.8630000000000002e-08,18.630000000000003,-5.954428367100904,-0.15289967350712466,0.002594326413145425,385.4565080681484,0.1537623516858425,nan
1.866e-08,18.66,-5.953346942588404,-0.15287190435034084,0.0025971334988741175,385.0398912622357,0.15384551535573052,nan
1.8689999999999997e-08,18.689999999999998,-5.952265518075901,-0.152844135193557,0.002599943621896136,384.62372475242404,0.1539287240053937,nan
1.872e-08,18.720000000000002,-5.9511840935634,-0.15281636603677318,0.002602756785497852,384.2080080520168,0.15401197765915947,nan
1.875e-08,18.75,-5.950102669050899,-0.15278859687998939,0.002605572992969205,383.79274067484124,0.15409527634136885,nan
1.878e-08,18.78,-5.949021244538397,-0.1527608277232055,0.002608392247603696,383.3779221352502,0.15417862007637595,nan
1.881e-08,18.810000000000002,-5.947939820025896,-0.15273305856642172,0.002611214552698375,382.9635519481234,0.15426200888854774,nan
1.884e-08,18.84,-5.946858395513393,-0.15270528940963787,0.0026140399115538782,382.54962962886225,0.15434544280226478,nan
1.887e-08,18.87,-5.945776971000891,-0.152677520252854,0.0026168683274743992,382.1361546933939,0.15442892184192053,nan
1.89e-08,18.900000000000002,-5.9446955464883935,-0.1526497510960703,0.0026196998037676966,381.72312665817014,0.15451244603192135,nan
1.8929999999999998e-08,18.93,-5.943614121975891,-0.15262198193928644,0.0026225343437451514,381.31054504015924,0.15459601539668796,nan
1.896e-08,18.959999999999997,-5.942532697463388,-0.1525942127825026,0.0026253719507216846,380.8984093568576,0.15467962996065313,nan
1.899e-08,18.99,-5.9414512729508875,-0.15256644362571878,0.0026282126280158134,380.4867191262819,0.15476328974826312,nan
1.902e-08,19.02,-5.940018324500988,-0.15252964792735205,0.002631981420825157,379.9418917199227,0.15487421338855567,nan
1.905e-08,19.049999999999997,-5.938568437550172,-0.15249241727686227,0.0026358002641185415,379.3914180877502,0.15498652914542932,nan
1.908e-08,19.08,-5.9371185505993544,-0.15245518662637242,0.002639624648318863,378.84174200179746,0.15509892635439873,nan
1.911e-08,19.11,-5.935668663648535,-0.15241795597588256,0.0026434545814656364,378.2928623065505,0.15521140507453354,nan
1.9139999999999998e-08,19.139999999999997,-5.934218776697719,-0.15238072532539276,0.0026472900716100283,377.74477784817145,0.15532396536494567,nan
1.917e-08,19.169999999999998,-5.9327688897468995,-0.15234349467490288,0.002651131126814919,377.1974874744896,0.155436607284791,nan
1.92e-08,19.2,-5.931319002796084,-0.1523062640244131,0.002654977755154851,376.6509900350089,0.15554933089326717,nan
1.9229999999999997e-08,19.229999999999997,-5.929869115845266,-0.15226903337392328,0.002658829964716115,376.1052843808952,0.15566213624961564,nan
1.9260000000000002e-08,19.26,-5.928419228894448,-0.15223180272343345,0.002662687763596715,375.56036936498197,0.1557750234131204,nan
1.929e-08,19.29,-5.9269693419436305,-0.15219457207294362,0.0026665511599064094,375.01624384176375,0.1558879924431085,nan
1.9319999999999997e-08,19.319999999999997,-5.925519454992809,-0.15215734142245368,0.0026704201617667347,374.47290666739343,0.1560010433989503,nan
1.935e-08,19.35,-5.924069568041993,-0.1521201107719639,0.0026742947773109754,373.9303566996859,0.15611417634005828,nan
1.938e-08,19.38,-5.9226196810911755,-0.15208288012147408,0.0026781750146842613,373.3885927981048,0.1562273913258892,nan
1.941e-08,19.41,-5.921169794140356,-0.1520456494709842,0.002682060882043521,372.847613823769,0.15634068841594242,nan
1.944e-08,19.44,-5.919719907189542,-0.15200841882049446,0.0026859523875574992,372.30741863944996,0.1564540676697599,nan
1.9469999999999998e-08,19.47,-5.918270020238724,-0.15197118817000463,0.0026898495394068354,371.76800610956093,0.15656752914692798,nan
1.95e-08,19.5,-5.916820133287905,-0.15193395751951475,0.0026937523457840106,371.2293751001643,0.15668107290707545,nan
1.953e-08,19.53,-5.915370246337087,-0.15189672686902492,0.0026976608148933873,370.6915244789662,0.1567946990098741,nan
1.9559999999999998e-08,19.56,-5.9139203593862675,-0.15185949621853503,0.002701574954951252,370.1544531153104,0.15690840751503973,nan
1.959e-08,19.59,-5.9123829722234404,-0.1518200187102407,0.0027057315159094487,369.5858196277396,0.15702906837043748,nan
1.962e-08,19.62,-5.910422411404701,-0.1517696748164872,0.002711041470649309,368.8619339933943,0.15718307636303877,nan
1.965e-08,19.650000000000002,-5.908461850585962,-0.1517193309227337,0.0027163618460902526,368.13946619053434,0.15733723540067926,nan
1.9679999999999998e-08,19.68,-5.906501289767226,-0.15166898702898032,0.002721692662682729,367.4184134421393,0.15749154563149775,nan
1.971e-08,19.71,-5.904540728948486,-0.15161864313522683,0.00272703394091735,366.6987729766241,0.15764600720377916,nan
1.974e-08,19.74,-5.902580168129747,-0.15156829924147333,0.002732385701324911,365.9805420278361,0.15780062026595304,nan
1.9769999999999998e-08,19.769999999999996,-5.900619607311011,-0.15151795534771992,0.0027377479644764982,365.26371783504044,0.1579553849665945,nan
1.98e-08,19.799999999999997,-5.898659046492272,-0.15146761145396642,0.002743120750983599,364.5482976429057,0.15811030145442515,nan
1.983e-08,19.83,-5.896698485673536,-0.15141726756021304,0.002748504081498109,363.8342787015024,0.15826536987831147,nan
1.9859999999999997e-08,19.859999999999996,-5.894737924854795,-0.15136692366645949,0.0027538979767125,363.1216582662814,0.15842059038726708,nan
1.989e-08,19.89,-5.892777364036059,-0.15131657977270607,0.002759302457359795,362.410433598076,0.15857596313045025,nan
1.992e-08,19.919999999999998,-5.890816803217319,-0.15126623587895258,0.002764717544213762,361.7006019630778,0.1587314882571671,nan
1.995e-08,19.95,-5.8888562423985835,-0.1512158919851992,0.002770143258088892,360.99216063283853,0.15888716591686886,nan
1.998e-08,19.98,-5.886895681579844,-0.1511655480914457,0.0027755796198405632,360.2851068842488,0.15904299625915455,nan
2.001e-08,20.009999999999998,-5.884935120761105,-0.1511152041976922,0.0027810266503650524,359.5794379995368,0.15919897943376898,nan
2.004e-08,20.04,-5.882974559942365,-0.1510648603039387,0.002786484370599656,358.8751512662525,0.1593551155906042,nan
2.007e-08,20.07,-5.881013999123631,-0.15101451641018535,0.0027919528015227435,358.17224397726045,0.15951140487969873,nan
2.0099999999999998e-08,20.099999999999998,-5.879053438304892,-0.15096417251643185,0.0027974319641538995,357.47071343072184,0.15966784745123955,nan
2.013e-08,20.13,-5.877092877486156,-0.15091382862267846,0.002802921879553904,356.7705569300968,0.15982444345555952,nan
2.016e-08,20.16,-5.8751323166674165,-0.15086348472892497,0.0028084225688249135,356.0717717841212,0.15998119304313999,nan
2.019e-08,20.19,-5.872892573856337,-0.15080597191267442,0.0028147197624985815,355.27515503437405,0.16016045176127525,nan
2.022e-08,20.22,-5.870213686421675,-0.15073718260346294,0.0028222701887580205,354.3246865531553,0.1603751214090122,nan
2.025e-08,20.25,-5.867534798987011,-0.1506683932942514,0.0028298408688762888,353.37676086256164,0.16059007878731668,nan
2.028e-08,20.28,-5.864855911552345,-0.15059960398503983,0.0028374318571839346,352.4313711598592,0.16080532428184585,nan
2.0309999999999998e-08,20.31,-5.862177024117681,-0.1505308146758283,0.0028450432081572365,351.4885106605148,0.16102085827877344,nan
2.034e-08,20.34,-5.859498136683017,-0.15046202536661674,0.002852674976418619,350.5481725981438,0.1612366811647912,nan
2.037e-08,20.37,-5.856819249248355,-0.15039323605740526,0.0028603272167370217,349.6103502244652,0.161452793327109,nan
2.0399999999999997e-08,20.4,-5.854140361813689,-0.15032444674819367,0.0028679999840283197,348.67503680924904,0.16166919515345615,nan
2.043e-08,20.430000000000003,-5.851461474379025,-0.15025565743898214,0.002875693333355668,347.74222564027457,0.16188588703208087,nan
2.046e-08,20.46,-5.848782586944365,-0.1501868681297707,0.002883407319929939,346.81191002327694,0.162102869351752,nan
2.0489999999999997e-08,20.49,-5.846103699509699,-0.1501180788205591,0.002891141999110136,345.88408328189684,0.16232014250176038,nan
2.052e-08,20.52,-5.843424812075035,-0.15004928951134758,0.0028988974264037167,344.9587387576418,0.1625377068719173,nan
2.055e-08,20.549999999999997,-5.8407459246403715,-0.14998050020213602,0.0029066736574670624,344.03586980982976,0.16275556285255724,nan
2.058e-08,20.58,-5.8380670372057075,-0.1499117108929245,0.002914470748105845,343.11546981554505,0.16297371083453777,nan
2.061e-08,20.61,-5.835388149771044,-0.14984292158371296,0.002922288754275435,342.19753216959026,0.1631921512092403,nan
2.0639999999999998e-08,20.639999999999997,-5.83270926233638,-0.14977413227450143,0.002930127732081301,341.28205028443904,0.16341088436857082,nan
2.067e-08,20.669999999999998,-5.830030374901719,-0.14970534296528998,0.0029379877377794044,340.3690175901898,0.16362991070496036,nan
2.07e-08,20.7,-5.827351487467054,-0.1496365536560784,0.0029458688277766475,339.4584275345131,0.1638492306113669,nan
2.0729999999999998e-08,20.729999999999997,-5.82467260003239,-0.14956776434686686,0.002953771058631196,338.55027358261447,0.16406884448127382,nan
2.076e-08,20.759999999999998,-5.821993712597726,-0.1494989750376553,0.0029616944870529574,337.644549217179,0.16428875270869267,nan
2.079e-08,20.79,-5.818690820004354,-0.14941416232885762,0.0029714928183484255,336.5311852093946,0.16456029091460958,nan
2.082e-08,20.82,-5.814982169213678,-0.1493189304341926,0.0029825335079151764,335.28542004512497,0.16486572233822003,nan
2.0849999999999998e-08,20.849999999999998,-5.811273518423,-0.1492236985395275,0.0029936152195652963,334.04426643221376,0.1651717206565171,nan
2.088e-08,20.88,-5.807564867632321,-0.14912846664486235,0.0030047381057178276,332.8077072997021,0.1654782869216833,nan
2.091e-08,20.91,-5.803856216841643,-0.14903323475019728,0.003015902319358119,331.5757256398252,0.16578542218785366,nan
2.0939999999999998e-08,20.939999999999998,-5.800147566050967,-0.14893800285553221,0.003027108014039954,330.3483045077761,0.16609312751112007,nan
2.097e-08,20.97,-5.796438915260289,-0.14884277096086712,0.00303835534388766,329.12542702147283,0.16640140394953484,nan
2.1e-08,21.0,-5.7927302644696095,-0.148747539066202,0.0030496444635982095,327.9070763613282,0.16671025256311384,nan
2.1029999999999997e-08,21.029999999999998,-5.789021613678932,-0.1486523071715369,0.0030609755284433464,326.69323577001876,0.16701967441384,nan
2.106e-08,21.060000000000002,-5.785312962888252,-0.14855707527687176,0.0030723486942717533,325.48388855225056,0.16732967056566794,nan
2.109e-08,21.09,-5.781604312097574,-0.14846184338220667,0.003083764117511153,324.27901807453446,0.16764024208452655,nan
2.1119999999999997e-08,21.119999999999997,-5.777895661306895,-0.14836661148754154,0.003095221955170502,323.0786077649525,0.16795139003832357,nan
2.115e-08,21.150000000000002,-5.774187010516217,-0.14827137959287645,0.0031067223648421093,321.88264111293455,0.16826311549694836,nan
2.118e-08,21.18,-5.770478359725537,-0.1481761476982113,0.0031182655047038445,320.69110166902686,0.16857541953227653,nan
2.121e-08,21.21,-5.766769708934859,-0.14808091580354624,0.0031298515335212705,319.50397304467026,0.1688883032181726,nan
2.124e-08,21.240000000000002,-5.763061058144183,-0.14798568390888117,0.0031414806106498613,318.3212389119713,0.16920176763049455,nan
2.1269999999999998e-08,21.27,-5.759352407353505,-0.14789045201421608,0.003153152896037193,317.1428830034776,0.1695158138470975,nan
2.1300000000000002e-08,21.3,-5.755643756562828,-0.14779522011955099,0.0031648685502251154,315.96888911195714,0.16983044294783659,nan
2.133e-08,21.33,-5.751935105772148,-0.14769998822488586,0.003176627734351989,314.7992410901724,0.1701456560145716,nan
2.1359999999999997e-08,21.359999999999996,-5.74822645498147,-0.14760475633022077,0.003188430610154873,313.6339228506612,0.1704614541311698,nan
2.139e-08,21.39,-5.743271153681089,-0.14747751255395103,0.003204269455218079,312.08361655463244,0.17088432170656861,nan
2.142e-08,21.419999999999998,-5.738048259694912,-0.14734339744902153,0.0032210487950994206,310.45788611505156,0.17133116024829795,nan
2.145e-08,21.45,-5.732825365708736,-0.14720928234409209,0.003237916000951702,308.8406245579181,0.17177916721016293,nan
2.148e-08,21.48,-5.727602471722561,-0.14707516723916264,0.0032548715328901,307.23178776646506,0.17222834564741854,nan
2.151e-08,21.509999999999998,-5.7223795777363815,-0.1469410521342331,0.003271915853439218,305.63133185374164,0.172678698623309,nan
2.154e-08,21.54,-5.7171566837502095,-0.14680693702930378,0.0032890494275456487,304.03921316142066,0.17313022920908722,nan
2.157e-08,21.57,-5.71193378976403,-0.14667282192437422,0.003306272722590785,302.4553882585957,0.1735829404840392,nan
2.1599999999999998e-08,21.599999999999998,-5.7067108957778565,-0.14653870681944484,0.003323586208403402,300.87981394061205,0.17403683553550045,nan
2.163e-08,21.63,-5.701488001791677,-0.1464045917145153,0.0033409903572726375,299.31244722787335,0.17449191745888154,nan
2.166e-08,21.66,-5.696265107805502,-0.14627047660958586,0.0033584856439607316,297.7532453646815,0.17494818935768533,nan
2.169e-08,21.69,-5.691042213819326,-0.14613636150465642,0.0033760725457160864,296.20216581806113,0.17540565434353106,nan
2.172e-08,21.72,-5.685819319833149,-0.14600224639972695,0.003393751542286236,294.6591662766036,0.17586431553617415,nan
2.175e-08,21.75,-5.680596425846973,-0.1458681312947975,0.003411523115930923,293.12420464931364,0.1763241760635274,nan
2.178e-08,21.78,-5.675373531860796,-0.14573401618986803,0.003429387751435293,291.59723906445765,0.17678523906168322,nan
2.1809999999999998e-08,21.81,-5.67015063787462,-0.1455999010849386,0.0034473459361230746,290.07822786842553,0.17724750767493386,nan
2.184e-08,21.84,-5.664927743888443,-0.1454657859800091,0.0034653981598699174,288.56712962459056,0.17771098505579402,nan
2.187e-08,21.87,-5.659704849902267,-0.14533167087507964,0.003483544915116709,287.0639031121828,0.17817567436502127,nan
2.1899999999999998e-08,21.9,-5.654481955916092,-0.14519755577015023,0.0035017866968830506,285.56850732516136,0.17864157877163844,nan
2.1930000000000002e-08,21.930000000000003,-5.649259061929913,-0.14506344066522067,0.0035201240027807478,284.0809014710967,0.1791087014529552,nan
2.196e-08,21.96,-5.643984258968199,-0.14492799262538592,0.003538741020680857,282.5863758200647,0.1795817064853072,nan
2.199e-08,21.990000000000002,-5.637482702276724,-0.14476104361968337,0.0035618233001096676,280.7550840518142,0.18016643670728122,nan
2.202e-08,22.02,-5.630981145585249,-0.1445940946139808,0.0035850561391924667,278.9356599099868,0.1807530708505353,nan
2.205e-08,22.049999999999997,-5.624479588893774,-0.14442714560827824,0.003608440519990384,277.1280264868173,0.18134161511436633,nan
2.208e-08,22.08,-5.6179780322023,-0.14426019660257572,0.0036319774309702705,275.3321073729396,0.18193207571825637,nan
2.211e-08,22.11,-5.611476475510825,-0.14409324759687314,0.003655667867046505,273.5478266541545,0.18252445890193905,nan
2.214e-08,22.139999999999997,-5.604355533807183,-0.143910393829152,0.003681792570667591,271.6068275999258,0.1831754902188599,nan
2.217e-08,22.169999999999998,-5.597216684053061,-0.14372708021291092,0.003708170376226161,269.6747717988377,0.18383048966073187,nan
2.22e-08,22.2,-5.590077834298942,-0.14354376659666992,0.003734737162726129,267.75645953892547,0.18448783125148127,nan
2.223e-08,22.23,-5.582938984544821,-0.1433604529804289,0.0037614942841010758,265.85179305648757,0.1851475233661713,nan
2.226e-08,22.259999999999998,-5.575800134790702,-0.1431771393641879,0.0037884431039846606,263.96067528325983,0.1858095744098118,nan
2.229e-08,22.29,-5.568015188567562,-0.14297723508078677,0.0038180510283348686,261.9137336244877,0.18653424264290555,nan
2.232e-08,22.32,-5.560160999927492,-0.14277555276895224,0.0038481567947689387,259.8646711483711,0.1872682204644598,nan
2.2349999999999998e-08,22.349999999999998,-5.552306811287423,-0.14257387045711772,0.0038784999485940706,257.8316393590499,0.18800508635329252,nan
2.238e-08,22.38,-5.5444526226473485,-0.14237218814528307,0.003909082361636859,255.81451284164493,0.18874485167341626,nan
2.241e-08,22.41,-5.536598434007278,-0.1421705058334485,0.003939905920483402,253.81316716245504,0.18948752783355718,nan
2.2439999999999998e-08,22.439999999999998,-5.528071926926293,-0.14195155951846017,0.0039736431823187346,251.6582275050855,0.19029708565643533,nan
2.2470000000000002e-08,22.470000000000002,-5.519412090691498,-0.14172918953576946,0.004008203709805048,249.4883175607455,0.19112284289580192,nan
2.25e-08,22.5,-5.5107522544567065,-0.14150681955307884,0.004043064825443159,247.3371175517549,0.19195218334831102,nan
2.2529999999999997e-08,22.529999999999998,-5.502092418221913,-0.14128444957038816,0.004078229143580831,245.20446615267042,0.19278512256262054,nan
2.256e-08,22.560000000000002,-5.493432581987118,-0.14106207958769745,0.004113699301303942,243.09020342907036,0.19362167615485826,nan
2.259e-08,22.59,-5.484075203297985,-0.14082179789174895,0.004152373405404871,240.82612577625264,0.19452969433907663,nan
2.262e-08,22.62,-5.4745045117415625,-0.14057603868129312,0.004192305273484832,238.53224771695957,0.19546281706740085,nan
2.265e-08,22.650000000000002,-5.464933820185138,-0.14033027947083726,0.004232621151848241,236.26021893391857,0.19640041581173442,nan
2.268e-08,22.68,-5.455363128628713,-0.1400845202603814,0.004273324733382621,234.0098313119381,0.1973425120426926,nan
2.271e-08,22.71,-5.445792437072292,-0.13983876104992563,0.00431441974648865,231.7808787181321,0.19828912733388113,nan
2.274e-08,22.740000000000002,-5.435500687608021,-0.1395744862890437,0.0043590519513853326,229.40768110877733,0.19931212820362576,nan
2.2769999999999998e-08,22.77,-5.424895648700318,-0.13930216678387047,0.00440552586017222,226.9876586221896,0.20037179160085017,nan
2.28e-08,22.8,-5.414290609792614,-0.13902984727869727,0.004452495249219957,224.59316496186992,0.20143708880734418,nan
2.283e-08,22.83,-5.4036855708849085,-0.13875752777352401,0.004499965401077305,222.22393082413413,0.20250804977583348,nan
2.286e-08,22.86,-5.393080531977207,-0.13848520826835084,0.004547941654612736,219.87968974618505,0.20358470461828984,nan
2.289e-08,22.889999999999997,-5.381733619781961,-0.138193838708923,0.004599840639004072,217.39883584673785,0.2047430162100847,nan
2.292e-08,22.919999999999998,-5.369948038649859,-0.13789120487136663,0.004654373151513031,214.85170342969226,0.2059530857660694,nan
2.295e-08,22.95,-5.358162457517755,-0.13758857103381023,0.0047095521635757715,212.33441424306056,0.2071703070596687,nan
2.2979999999999998e-08,22.979999999999997,-5.346376876385653,-0.13728593719625387,0.004765385339641497,209.84661863152303,0.2083947223589905,nan
2.301e-08,23.009999999999998,-5.334591295253549,-0.1369833033586975,0.004821880435023827,207.38797103646112,0.20962637418195565,nan
2.304e-08,23.04,-5.322047117052341,-0.13666119002839408,0.004882747930666246,204.802708269962,0.2109453013692982,nan
2.3069999999999997e-08,23.069999999999997,-5.308906222888002,-0.13632375403900163,0.004947335041223857,202.12902333629356,0.21233586963412104,nan
2.3100000000000002e-08,23.1,-5.295765328723663,-0.1359863180496092,0.00501277648522432,199.49024317114558,0.21373560463594432,nan
2.313e-08,23.13,-5.282624434559324,-0.13564888206021675,0.005079083563461636,196.8859120952231,0.21514456680263006,nan
2.3159999999999997e-08,23.159999999999997,-5.269483540394987,-0.13531144607082435,0.00514626772621235,194.31558037809265,0.21656281696038537,nan
2.319e-08,23.19,-5.255573392589307,-0.1349542569458908,0.005218353268879295,191.6313343452047,0.21807427742373914,nan
2.322e-08,23.22,-5.2408658684007285,-0.13457659254086468,0.005295669497262854,188.8335366315562,0.21968385474963167,nan
2.325e-08,23.25,-5.226158344212143,-0.1341989281358384,0.005374131259278126,186.07658647591796,0.22130531215234392,nan
2.328e-08,23.28,-5.211450820023563,-0.13382126373081224,0.005453755527394197,183.35988750815895,0.2229387373171463,nan
2.3309999999999998e-08,23.31,-5.196743295834981,-0.13344359932578603,0.005534559525547961,180.68285206508693,0.2245842185765047,nan
2.334e-08,23.34,-5.1812647812084975,-0.13304613718721356,0.005620892717233372,177.90768305078134,0.2263290768770674,nan
2.337e-08,23.37,-5.1647316842395075,-0.13262159515349167,0.005714595949472675,174.99049956318905,0.22820779170953326,nan
2.3399999999999998e-08,23.4,-5.148198587270516,-0.13219705311976976,0.005809861263782186,172.1211496449755,0.23010210139826098,nan
2.343e-08,23.43,-5.1316654903015255,-0.1317725110860479,0.005906714700889996,169.29884896071326,0.23201213539320054,nan
2.346e-08,23.46,-5.115132393332532,-0.13134796905232593,0.006005182735636857,166.52282603585897,0.23393802421884238,nan
2.349e-08,23.490000000000002,-5.09783970125277,-0.13090392189783104,0.00610993159615813,163.66795343973916,0.23596950310686463,nan
2.3519999999999998e-08,23.52,-5.079158619316555,-0.130424223234465,0.006225144529462484,160.63884063529463,0.2381839117051947,nan
2.355e-08,23.55,-5.060477537380335,-0.12994452457109884,0.006342529994454286,157.66578965718244,0.24041910097804398,nan
2.358e-08,23.58,-5.041796455444116,-0.1294648259077327,0.006462128957835734,154.74776293150848,0.24267526593749456,nan
2.3609999999999998e-08,23.61,-5.023115373507901,-0.12898512724436667,0.006583983158804433,151.88374208745503,0.24495260342568118,nan
2.364e-08,23.639999999999997,-5.003705626920082,-0.1284867177022298,0.006713024885844949,148.96414314038893,0.24734141018939218,nan
2.367e-08,23.669999999999998,-4.982467243681262,-0.12794135185637012,0.0068571234751014344,145.83374553937247,0.24998197151896015,nan
2.3699999999999997e-08,23.699999999999996,-4.961228860442443,-0.1273959860105105,0.0070043152159220395,142.76913148152215,0.25265072288807633,nan
2.373e-08,23.73,-4.939990477203619,-0.1268506201646507,0.007154666504422475,139.76891856271365,0.255347965247271,nan
2.376e-08,23.759999999999998,-4.9187520939648,-0.12630525431879108,0.007308245161945663,136.8317534292694,0.2580740027599522,nan
2.379e-08,23.79,-4.896845612345251,-0.12574273283380263,0.007470109566969972,133.86684506230347,0.2609162871551329,nan
2.382e-08,23.82,-4.872517592810368,-0.12511803034103094,0.007654071176164789,130.6494252514997,0.2641094569221701,nan
2.385e-08,23.849999999999998,-4.848189573275485,-0.12449332784825923,0.00784256309021714,127.5093344479952,0.2673417056339229,nan
2.388e-08,23.88,-4.823861553740603,-0.12386862535548751,0.00803569687404642,124.44471408942587,0.27061351154993635,nan
2.391e-08,23.91,-4.799533534205716,-0.12324392286271571,0.008233586840009955,121.45375028300435,0.2739253587828359,nan
2.3939999999999998e-08,23.939999999999998,-4.774644326958754,-0.12260481001639481,0.008441085820267286,118.46817119178813,0.27735555071594326,nan
2.397e-08,23.97,-4.746512729015752,-0.12188243804791433,0.008681918676859428,115.18191280291249,0.28128434417072307,nan
2.4e-08,24.0,-4.718381131072746,-0.12116006607943376,0.00892962274244643,111.9868138713811,0.28526878972249764,nan
2.403e-08,24.03,-4.6902495331297445,-0.12043769411095329,0.009184394059685028,108.88034567130651,0.2893096756936695,nan
2.406e-08,24.06,-4.662117935186744,-0.11971532214247285,0.009446434264530578,105.86004962261737,0.2934078015733776,nan
2.409e-08,24.09,-4.6336078487841075,-0.11898323122897589,0.009719628817061092,102.88458734603905,0.2976202957702678,nan
2.412e-08,24.12,-4.600675873054692,-0.11813759365866053,0.010045044275047769,99.5515771377966,0.30256147702312897,nan
2.4149999999999998e-08,24.15,-4.567743897325279,-0.1172919560883452,0.01038135471907657,96.32654186860796,0.30758469324645593,nan
2.418e-08,24.18,-4.534811921595862,-0.11644631851802978,0.010728924915841771,93.20598362315428,0.3126913064093892,nan
2.421e-08,24.21,-4.501879945866447,-0.11560068094771442,0.011088131844512222,90.18651780326039,0.31788270109288674,nan
2.4239999999999997e-08,24.24,-4.46888430521779,-0.11475340856969529,0.011460094688386237,87.25931392289533,0.3231705720155864,nan
2.427e-08,24.270000000000003,-4.4296793520677475,-0.1137466915236689,0.011918310641827239,83.90450878923276,0.3295680135785706,nan
2.43e-08,24.3,-4.390474398917709,-0.1127399744776426,0.012394847723120711,80.6786837836379,0.3360920980419164,nan
2.433e-08,24.330000000000002,-4.3512694457676675,-0.11173325743161623,0.012890438477092519,77.57688008651458,0.34274533241159844,nan
2.4359999999999998e-08,24.36,-4.3120644926176315,-0.11072654038558999,0.013405844738354772,74.59432952695263,0.34953027332194414,nan
2.439e-08,24.389999999999997,-4.272859539467592,-0.10971982333956368,0.01394185880241761,71.72644725297272,0.35644952801807706,nan
2.442e-08,24.419999999999998,-4.22554800926291,-0.10850494307307382,0.014617322086396586,68.41198367864087,0.3649821391490338,nan
2.4449999999999997e-08,24.449999999999996,-4.177732344207651,-0.10727711747425235,0.015333238680245833,65.21779389557949,0.3738132163262843,nan
2.4479999999999998e-08,24.479999999999997,-4.129916679152382,-0.10604929187543065,0.016084218917512213,62.172742433343636,0.38285796950503215,nan
2.4510000000000002e-08,24.51,-4.082101014097115,-0.10482146627660899,0.01687198011987834,59.26986594903662,0.39212156877185617,nan
2.4539999999999997e-08,24.539999999999996,-4.034285349041856,-0.10359364067778754,0.01769832371876205,56.50252622172894,0.40160930930831823,nan
2.4569999999999998e-08,24.569999999999997,-3.975081726408142,-0.10207339154335361,0.01877776679253953,53.25446902436255,0.4136753800005423,nan
2.4600000000000002e-08,24.6,-3.914217791137337,-0.1005105083818595,0.019956152421437046,50.10985980071953,0.426457847112375,nan
2.4629999999999996e-08,24.629999999999995,-3.8533538558665414,-0.09894762522036564,0.021208486816752307,47.15093578529672,0.4396352893021636,nan
2.466e-08,24.66,-3.7924899205957345,-0.09738474205887149,0.02253941058163011,44.366732500760776,0.4532199112023081,nan
2.469e-08,24.69,-3.7316259853249285,-0.09582185889737735,0.023953855537020997,41.74693290833649,0.4672242945653298,nan
2.4719999999999996e-08,24.719999999999995,-3.6541243057066355,-0.093831746534054,0.02588415416764631,38.633675009166105,0.48568500228832306,nan
2.475e-08,24.75,-3.5725681932321587,-0.09173752317606453,0.02808363678060214,35.60792385303592,0.5058996485333893,nan
2.478e-08,24.78,-3.491012080757682,-0.08964329981807505,0.03047001844126732,32.81914653013934,0.5269556465206092,nan
2.481e-08,24.81,-3.4094559682832193,-0.08754907646008595,0.033059180727349195,30.24878348460463,0.548888014065549,nan
2.484e-08,24.84,-3.3278998558087425,-0.08545485310209647,0.03586835473927253,27.87972872658953,0.5717332264567384,nan
2.487e-08,24.87,-3.181705746794788,-0.08170083505724057,0.04151478098708905,24.087806227642066,0.6150905850849118,nan
2.4899999999999998e-08,24.9,-3.012250211180403,-0.07734950282649793,0.04918088677324785,20.33310226004209,0.6694773394534349,nan
2.493e-08,24.93,-2.842794675565985,-0.07299817059575446,0.0582626131294136,17.163665450068095,0.728673009975896,nan
2.496e-08,24.96,-2.673339139951568,-0.068646838365011,0.06902136808387492,14.488266862296873,0.7931028044964369,nan
2.4989999999999997e-08,24.99,-2.503883604337182,-0.06429550613426835,0.08176683118534109,12.229897936649856,0.8632295280442877,nan
2.502e-08,25.02,-2.3893095207203823,-0.06135343698886085,0.09169297412340736,10.905961002575008,nan,nan
2.505e-08,25.05,-2.3021761631023905,-0.059115999386121325,0.10004090135148816,9.99591153708777,nan,nan
2.5079999999999997e-08,25.08,-2.2150428054844147,-0.05687856178338221,0.10914884197941116,9.161801278557137,nan,nan
2.5109999999999998e-08,25.11,-2.1279094478664238,-0.0546411241806427,0.11908598927541977,8.397293469068131,nan,nan
2.5140000000000002e-08,25.14,-2.0407760902484315,-0.05240368657790317,0.12992783601295996,7.696580122370795,nan,nan
2.5169999999999996e-08,25.169999999999998,-1.9789883100304846,-0.05081708063697826,0.1382089912552907,7.235419280015326,nan,nan
2.5199999999999997e-08,25.199999999999996,-1.934240974386622,-0.04966804456022192,0.14453393215614666,6.918790522627268,nan,nan
2.523e-08,25.23,-1.8894936387427603,-0.048519008483465596,0.15114832511823215,6.616017737661163,nan,nan
2.5259999999999996e-08,25.259999999999994,-1.8447463030989075,-0.0473699724067095,0.15806541650970385,6.3264945747231724,nan,nan
2.529e-08,25.29,-1.7999989674550458,-0.04622093632995318,0.16529905890020763,6.049641217883207,nan,nan
2.532e-08,25.32,-1.760532368875385,-0.045207500670770846,0.17195329686824232,5.815532578978355,nan,nan
2.535e-08,25.349999999999998,-1.7257623607116797,-0.04431466552887141,0.17803727140173312,5.616801426615581,nan,nan
2.538e-08,25.38,-1.6909923525479686,-0.04342183038697182,0.1843365063972127,5.42486140995412,nan,nan
2.541e-08,25.41,-1.6562223443842576,-0.042528995245072226,0.1908586181039329,5.239480459066541,nan,nan
2.5439999999999998e-08,25.439999999999998,-1.6214523362205528,-0.0416361601031728,0.1976114922458652,5.06043443442963,nan,nan
2.547e-08,25.47,-1.589621350534102,-0.040818794099450446,0.20400284267898477,4.901892477908174,nan,nan
2.55e-08,25.5,-1.561232514385781,-0.04008981668789769,0.20987723501246744,4.764690176810251,nan,nan
2.5529999999999998e-08,25.529999999999998,-1.532843678237466,-0.03936083927634508,0.2159207842304045,4.6313281213953035,nan,nan
2.556e-08,25.56,-1.504454842089146,-0.038631861864792345,0.22213836131347756,4.501698824494426,nan,nan
2.559e-08,25.59,-1.4760660059408246,-0.037902884453239576,0.22853497750536916,4.375697807468033,nan,nan
2.5619999999999997e-08,25.619999999999997,-1.4493642994203828,-0.037217229683821906,0.23471945196865743,4.260405312012794,nan,nan
2.5649999999999998e-08,25.65,-1.4252806751801077,-0.03659880284984536,0.24044096792468225,4.159025014045229,nan,nan
2.568e-08,25.68,-1.4011970509398326,-0.03598037601586882,0.246301951421895,4.060057154346626,nan,nan
2.5709999999999997e-08,25.709999999999997,-1.377113426699562,-0.03536194918189239,0.2523058021178669,3.963444326709701,nan,nan
2.5739999999999998e-08,25.74,-1.3530298024592868,-0.03474352234791585,0.2584560025401471,3.8691304909610893,nan,nan
2.5770000000000002e-08,25.770000000000003,-1.3299855406859176,-0.03415178458836389,0.26448108548726024,3.7809887166701333,nan,nan
2.5799999999999996e-08,25.799999999999997,-1.3091179223016867,-0.03361593935837524,0.27005816363809193,3.70290602042348,nan,nan
2.583e-08,25.830000000000002,-1.2882503039174518,-0.03308009412838647,0.27575284490841884,3.626435840878136,nan,nan
2.586e-08,25.860000000000003,-1.2673826855332178,-0.032544248898397736,0.2815676091798803,3.5515448773127423,nan,nan
2.5889999999999996e-08,25.889999999999997,-1.2465150671489864,-0.03200840366840906,0.28750498862705703,3.478200516712322,nan,nan
2.592e-08,25.919999999999998,-1.226290967280351,-0.03148908290808638,0.29337871342654065,3.408563587727338,nan,nan
2.595e-08,25.95,-1.2079520303301585,-0.031018169950657114,0.2988086041874028,3.346623845452701,nan,nan
2.598e-08,25.979999999999997,-1.1896130933799691,-0.030547256993227932,0.3043389920611272,3.2858096599043334,nan,nan
2.601e-08,26.009999999999998,-1.1712741564297766,-0.030076344035798667,0.3099717370611375,3.2261005776883596,nan,nan
2.604e-08,26.04,-1.1529352194795837,-0.029605431078369396,0.31570873362622104,3.1674765170859542,nan,nan
2.6069999999999998e-08,26.069999999999997,-1.1349791790468724,-0.029144350257444347,0.3214288137189845,3.1111087659809793,nan,nan
2.61e-08,26.099999999999998,-1.118701137995509,-0.028726357629329007,0.3267038623942478,3.0608759647697594,nan,nan
2.613e-08,26.13,-1.102423096944146,-0.028308365001213677,0.33206548121300383,3.0114542359148397,nan,nan
2.6159999999999997e-08,26.159999999999997,-1.0861450558927852,-0.027890372373098406,0.33751509089953446,2.9628304836232116,nan,nan
2.6189999999999998e-08,26.189999999999998,-1.0698670148414222,-0.027472379744983077,0.3430541354939854,2.914991823550055,nan,nan
2.622e-08,26.22,-1.0537907368875603,-0.027059568052774905,0.3486137382511212,2.868504279311155,nan,nan
2.6249999999999997e-08,26.249999999999996,-1.0392357704298911,-0.02668582107286652,0.3537249057217696,2.8270556690361315,nan,nan
2.6279999999999998e-08,26.279999999999998,-1.0246808039722188,-0.02631207409295806,0.35891101009262305,2.7862059727338346,nan,nan
2.6310000000000002e-08,26.310000000000002,-1.0101258375145468,-0.0259383271130496,0.36417315004398065,2.7459465363639013,nan,nan
2.6339999999999996e-08,26.339999999999996,-0.9955708710568771,-0.025564580133141206,0.36951244036433983,2.706268830932995,nan,nan
2.6369999999999997e-08,26.369999999999997,-0.9810869810895444,-0.025192658277576666,0.3749033644242037,2.6673540301134735,nan,nan
2.64e-08,26.400000000000002,-0.9680005877888633,-0.024856621778403167,0.37984173958456874,2.632675390265682,nan,nan
2.6429999999999996e-08,26.429999999999996,-0.954914194488186,-0.02452058527922977,0.3848451649726409,2.5984476122263125,nan,nan
2.646e-08,26.46,-0.9418278011875054,-0.02418454878005628,0.3899144974557097,2.564664834278417,nan,nan
2.649e-08,26.490000000000002,-0.9287414078868255,-0.02384851228088281,0.39505060518805474,2.5313212709140718,nan,nan
2.6519999999999995e-08,26.519999999999996,-0.9156550145861477,-0.023512475781709397,0.40025436775962747,2.4984112118435378,nan,nan
2.655e-08,26.55,-0.9038133986054055,-0.02320840306378807,0.40502219998284916,2.4690004647704384,nan,nan
2.658e-08,26.580000000000002,-0.8919975727945324,-0.022904992593912994,0.40983625676667496,2.439998861714455,nan,nan
2.6609999999999998e-08,26.61,-0.8801817469836615,-0.022601582124037976,0.41470753298864144,2.4113379199875524,nan,nan
2.664e-08,26.64,-0.8683659211727879,-0.02229817165416289,0.4196367087537532,2.383013638081909,nan,nan
2.667e-08,26.669999999999998,-0.8565500953619154,-0.021994761184287833,0.42462447225067695,2.355022061492608,nan,nan
2.6699999999999998e-08,26.7,-0.8457478577196611,-0.021717377948346543,0.42923623051824294,2.329719461921095,nan,nan
2.673e-08,26.729999999999997,-0.8350446358562627,-0.021442537270536067,0.4338551155062122,2.3049169279316275,nan,nan
2.676e-08,26.759999999999998,-0.824341413992864,-0.021167696592725584,0.43852370295873433,2.2803784453450655,nan,nan
2.6789999999999997e-08,26.789999999999996,-0.8136381921294673,-0.020892855914915152,0.44324252770942923,2.256101203031576,nan,nan
2.6819999999999998e-08,26.819999999999997,-0.8029349702660689,-0.020618015237104676,0.4480121303471069,2.2320824197890103,nan,nan
2.685e-08,26.849999999999998,-0.793060618379573,-0.020364458541741362,0.45245787306291174,2.2101505124234087,nan,nan
2.6879999999999997e-08,26.879999999999995,-0.7833414416691735,-0.020114886483071748,0.456876830614493,2.188773719724447,nan,nan
2.6909999999999997e-08,26.909999999999997,-0.7736222649587727,-0.0198653144244021,0.46133894618587135,2.1676036854627587,nan,nan
2.6940000000000002e-08,26.94,-0.7639030882483719,-0.01961574236573245,0.46584464128249187,2.1466384098504463,nan,nan
2.6970000000000003e-08,26.970000000000002,-0.7541839115379712,-0.0193661703070628,0.47039434152645915,2.1258759124417552,nan,nan
2.6999999999999997e-08,26.999999999999996,-0.7451437483967356,-0.01913403417114367,0.47466606255004584,2.106744254324199,nan,nan
2.703e-08,27.03,-0.7363022897336571,-0.018907000430947778,0.47888141037267923,2.0881996635070283,nan,nan
2.7060000000000002e-08,27.060000000000002,-0.727460831070579,-0.018679966690751896,0.4831341932652863,2.069818311226226,nan,nan
2.709e-08,27.09,-0.7186193724075023,-0.01845293295055605,0.48742474367598776,2.0515987605765518,nan,nan
2.712e-08,27.12,-0.7097779137444238,-0.018225899210360153,0.4917533970052651,2.0335395873010986,nan,nan
2.715e-08,27.150000000000002,-0.7014923620035785,-0.018013140221940508,0.4958447714610912,2.016760199070627,nan,nan
2.718e-08,27.18,-0.6934395178463706,-0.01780635677161909,0.49985385271997784,2.000584760042268,nan,nan
2.721e-08,27.21,-0.6853866736891612,-0.017599573321297638,0.503895348826143,1.9845390562337304,nan,nan
2.724e-08,27.240000000000002,-0.677333829531952,-0.017392789870976186,0.5079695218651499,1.9686220471027962,nan,nan
2.727e-08,27.27,-0.6692809853747443,-0.017186006420654775,0.5120766360416174,1.9528327004529227,nan,nan
2.73e-08,27.3,-0.6616818512941396,-0.016990873479551475,0.5159827979852605,1.9380491053280537,nan,nan
2.733e-08,27.330000000000002,-0.6543421417052986,-0.01680240212166741,0.519783894282618,1.9238764628907068,nan,nan
2.7359999999999998e-08,27.36,-0.6470024321164589,-0.01661393076378338,0.5236129921589385,1.9098074627156272,nan,nan
2.739e-08,27.39,-0.6396627225276179,-0.016425459405899314,0.5274702978937712,1.8958413468835602,nan,nan
2.7420000000000003e-08,27.42,-0.6323230129387769,-0.01623698804801525,0.5313560192862649,1.8819773630178,nan,nan
2.7449999999999998e-08,27.45,-0.6253514133022284,-0.016057969132590857,0.535073363579035,1.8689025992830817,nan,nan
2.748e-08,27.479999999999997,-0.6186603293700446,-0.015886153387137898,0.5386655889030265,1.8564393579260645,nan,nan
2.7510000000000003e-08,27.51,-0.6119692454378605,-0.015714337641684933,0.542281930700864,1.8440592307908277,nan,nan
2.7539999999999997e-08,27.539999999999996,-0.6052781615056775,-0.015542521896231998,0.5459225508789578,1.8317616636095337,nan,nan
2.757e-08,27.57,-0.5985870775734934,-0.015370706150779035,0.5495876124306823,1.819546105810612,nan,nan
2.7600000000000002e-08,27.6,-0.5921918432606306,-0.015206487324360543,0.5531136167821287,1.8079468117558561,nan,nan
2.7629999999999997e-08,27.629999999999995,-0.58609385057855,-0.015049901161482089,0.5564968044125401,1.7969555118212033,nan,nan
2.766e-08,27.66,-0.5799958578964681,-0.0148933149986036,0.5599006857272067,1.7860310328093028,nan,nan
2.7690000000000002e-08,27.69,-0.5738978652143867,-0.014736728835725122,0.5633253873015988,1.775172968486524,nan,nan
2.772e-08,27.72,-0.5677998725323059,-0.014580142672846663,0.5667710364854016,1.764380915088905,nan,nan
2.775e-08,27.75,-0.5619363009650997,-0.014429576048657347,0.5701041013024659,1.7540656131316883,nan,nan
2.778e-08,27.78,-0.5563833089037185,-0.014286984582134047,0.5732786909290978,1.7443522946567684,nan,nan
2.781e-08,27.81,-0.5508303168423383,-0.014144393115610776,0.5764709580628272,1.7346927646804615,nan,nan
2.784e-08,27.84,-0.545277324780957,-0.014001801649087478,0.5796810011397666,1.725086725343428,nan,nan
2.787e-08,27.87,-0.5397243327195758,-0.01385921018256418,0.5829089191441619,1.715533880435762,nan,nan
2.79e-08,27.9,-0.5343531999002584,-0.013721288554524362,0.5860482236339738,1.7063442216396287,nan,nan
2.793e-08,27.93,-0.5293033688209048,-0.013591617413031526,0.5890151531090987,1.6977491915471616,nan,nan
2.796e-08,27.96,-0.5242535377415514,-0.013461946271538695,0.5919971029701839,1.6891974554989762,nan,nan
2.7989999999999998e-08,27.99,-0.5192037066621991,-0.013332275130045892,0.5949941492594792,1.6806887954185514,nan,nan
2.802e-08,28.02,-0.5141538755828456,-0.01320260398855306,0.5980063684042084,1.6722229943278353,nan,nan
2.8050000000000003e-08,28.050000000000004,-0.5094072783003203,-0.013080719379313687,0.6008516110759905,1.6643044331847994,nan,nan
2.8079999999999997e-08,28.08,-0.5053933045362755,-0.012977647305866707,0.6032682606181121,1.657637348557662,nan,nan
2.811e-08,28.110000000000003,-0.5013793307722301,-0.01287457523241971,0.605694630022679,1.6509969717951058,nan,nan
2.8140000000000003e-08,28.140000000000004,-0.4973653570081846,-0.012771503158972712,0.6081307583833715,1.6443831959073352,nan,nan
2.8169999999999997e-08,28.169999999999998,-0.49335138324413963,-0.012668431085525724,0.6105766849511068,1.6377959143331473,nan,nan
2.82e-08,28.2,-0.48933740948009397,-0.012565359012078722,0.6130324491346715,1.6312350209382134,nan,nan
2.8230000000000002e-08,28.23,-0.48532343571604863,-0.012462286938631726,0.6154980905013546,1.6247004100133746,nan,nan
2.826e-08,28.259999999999998,-0.48130946195200386,-0.012359214865184745,0.6179736487775871,1.6181919762729344,nan,nan
2.829e-08,28.29,-0.4772954881879582,-0.01225614279173774,0.6204591638495821,1.6117096148529606,nan,nan
2.832e-08,28.32,-0.47328151442391253,-0.012153070718290738,0.6229546757639755,1.6052532213096016,nan,nan
2.835e-08,28.349999999999998,-0.4692675406598681,-0.012049998644843766,0.6254602247284717,1.5988226916174013,nan,nan
2.838e-08,28.38,-0.4652535668958224,-0.011946926571396762,0.6279758511124951,1.5924179221676167,nan,nan
2.841e-08,28.41,-0.461239593131777,-0.011843854497949764,0.6305015954478344,1.5860388097665594,nan,nan
2.844e-08,28.439999999999998,-0.4572256193677319,-0.011740782424502775,0.6330374984293,1.5796852516339261,nan,nan
2.847e-08,28.47,-0.45321164560368654,-0.011637710351055779,0.635583600915379,1.5733571454011428,nan,nan
2.85e-08,28.5,-0.449197671839641,-0.01153463827760878,0.6381399439288925,1.5670543891097173,nan,nan
2.8529999999999998e-08,28.529999999999998,-0.4451836980755962,-0.011431566204161797,0.6407065686576564,1.5607768812095977,nan,nan
2.856e-08,28.56,-0.44116972431155077,-0.0113284941307148,0.6432835164551473,1.5545245205575304,nan,nan
2.8590000000000003e-08,28.590000000000003,-0.4371557505475051,-0.011225422057267797,0.6458708288411656,1.5482972064154377,nan,nan
2.8619999999999998e-08,28.619999999999997,-0.43401947944585895,-0.011144887907235692,0.6478996346365725,1.5434489333535923,nan,nan
2.865e-08,28.65,-0.43138192861744906,-0.011077160052325133,0.6496107584506738,1.5393833722597312,nan,nan
2.8680000000000003e-08,28.680000000000003,-0.4287443777890394,-0.011009432197414582,0.6513264013979103,1.535328520160934,nan,nan
2.8709999999999997e-08,28.709999999999997,-0.42610682696063007,-0.010941704342504039,0.653046575413458,1.5312843488488983,nan,nan
2.874e-08,28.740000000000002,-0.4234692761322204,-0.010873976487593487,0.6547712924640148,1.5272508301896244,nan,nan
2.8770000000000002e-08,28.770000000000003,-0.42083172530381063,-0.010806248632682933,0.6565005645478824,1.5232279361232204,nan,nan
2.8799999999999996e-08,28.799999999999997,-0.4181941744754012,-0.010738520777772386,0.6582344036950504,1.5192156386637066,nan,nan
2.883e-08,28.830000000000002,-0.41555662364699153,-0.010670792922861834,0.6599728219672802,1.515213909898819,nan,nan
2.8860000000000002e-08,28.860000000000003,-0.41291907281858165,-0.010603065067951277,0.6617158314581891,1.5112227219898178,nan,nan
2.889e-08,28.89,-0.41028152199017254,-0.01053533721304074,0.6634634442933326,1.5072420471712933,nan,nan
2.892e-08,28.92,-0.40764397116176265,-0.010467609358130183,0.6652156726302924,1.5032718577509692,nan,nan
2.895e-08,28.950000000000003,-0.4050064203333529,-0.010399881503219627,0.6669725286587567,1.4993121261095153,nan,nan
2.898e-08,28.98,-0.40236886950494366,-0.010332153648309087,0.6687340246006077,1.4953628247003528,nan,nan
2.901e-08,29.009999999999998,-0.39973131867653366,-0.010264425793398526,0.6705001727100072,1.4914239260494602,nan,nan
2.904e-08,29.04,-0.397093767848124,-0.010196697938487976,0.6722709852734787,1.4874954027551874,nan,nan
2.9069999999999998e-08,29.069999999999997,-0.39445621701971456,-0.010128970083577429,0.674046474609996,1.4835772274880616,nan,nan
2.91e-08,29.099999999999998,-0.3918186661913048,-0.010061242228666875,0.6758266530710676,1.4796693729905965,nan,nan
2.913e-08,29.13,-0.3891811153628949,-0.009993514373756318,0.6776115330408224,1.4757718120771055,nan,nan
2.9159999999999998e-08,29.159999999999997,-0.3865435645344857,-0.009925786518845776,0.6794011269360961,1.4718845176335118,nan,nan
2.919e-08,29.189999999999998,-0.3850396838468281,-0.009887169400298011,0.6804236338415488,1.469672642547968,nan,nan
2.9220000000000003e-08,29.220000000000002,-0.3835558764659417,-0.00984906773039826,0.6814340008612172,1.4674935485111826,nan,nan
2.9249999999999997e-08,29.249999999999996,-0.38207206908505587,-0.009810966060498524,0.6824458681837314,1.465317685432561,nan,nan
2.9279999999999998e-08,29.279999999999998,-0.3805882617041698,-0.009772864390598782,0.6834592380369048,1.4631450485215374,nan,nan
2.9310000000000002e-08,29.310000000000002,-0.3791044543232833,-0.009734762720699027,0.6844741126518584,1.4609756329946497,nan,nan
2.9339999999999997e-08,29.339999999999996,-0.3776206469423975,-0.009696661050799292,0.6854904942630254,1.4588094340755307,nan,nan
2.937e-08,29.37,-0.3761368395615112,-0.009658559380899543,0.6865083851081586,1.4566464469948917,nan,nan
2.9400000000000002e-08,29.400000000000002,-0.37465303218062496,-0.009620457710999796,0.6875277874283323,1.4544866669905174,nan,nan
2.9429999999999996e-08,29.429999999999996,-0.373169224799739,-0.009582356041100058,0.6885487034679488,1.452330089307254,nan,nan
2.946e-08,29.46,-0.37168541741885286,-0.009544254371200312,0.6895711354747438,1.4501767091969961,nan,nan
2.949e-08,29.490000000000002,-0.3702016100379667,-0.009506152701300567,0.6905950856997902,1.44802652191868,nan,nan
2.952e-08,29.52,-0.36871780265708065,-0.009468051031400825,0.6916205563975033,1.4458795227382717,nan,nan
2.955e-08,29.55,-0.3672339952761946,-0.009429949361501083,0.6926475498256466,1.443735706928755,nan,nan
2.958e-08,29.580000000000002,-0.3657501878953081,-0.00939184769160133,0.693676068245336,1.4415950697701232,nan,nan
2.961e-08,29.61,-0.3642663805144223,-0.009353746021701593,0.6947061139210442,1.4394576065493696,nan,nan
2.964e-08,29.64,-0.362782573133536,-0.009315644351801846,0.6957376891206076,1.4373233125604725,nan,nan
2.967e-08,29.67,-0.36129876575264974,-0.009277542681902099,0.6967707961152295,1.43519218310439,nan,nan
2.9699999999999998e-08,29.7,-0.359814958371764,-0.009239441012002365,0.6978054371794854,1.4330642134890472,nan,nan
2.973e-08,29.73,-0.3586714124294973,-0.00921007668172021,0.6986038661887819,1.4314263753727532,nan,nan
2.976e-08,29.76,-0.35822646386072987,-0.009198651153239947,0.6989147781439632,1.4307896059310665,nan,nan
2.9789999999999997e-08,29.79,-0.3577815152919628,-0.009187225624759692,0.6992258284697555,1.430153119756008,nan,nan
2.982e-08,29.819999999999997,-0.35733656672319536,-0.009175800096279428,0.6995370172277404,1.4295169167215653,nan,nan
2.985e-08,29.849999999999998,-0.35689161815442805,-0.009164374567799166,0.6998483444795268,1.4288809967017844,nan,nan
2.988e-08,29.88,-0.35644666958566074,-0.009152949039318906,0.7001598102867511,1.4282453595707658,nan,nan
2.991e-08,29.91,-0.3560017210168933,-0.009141523510838643,0.700471414711077,1.4276100052026668,nan,nan
2.994e-08,29.94,-0.3555567724481261,-0.009130097982358384,0.7007831578141956,1.4269749334717006,nan,nan
2.9969999999999996e-08,29.969999999999995,-0.3551118238793588,-0.009118672453878124,0.7010950396578257,1.4263401442521357,nan,nan
3e-08,29.999999999999996,-0.3546668753105915,-0.009107246925397864,0.7014070603037135,1.4257056374182975,nan,nan
3.003e-08,30.029999999999998,-0.35422192674182407,-0.0090958213969176,0.7017192198136325,1.4250714128445663,nan,nan
3.006e-08,30.06,-0.353776978173057,-0.009084395868437343,0.7020315182493835,1.4244374704053797,nan,nan
3.009e-08,30.09,-0.35333202960428955,-0.00907297033995708,0.7023439556727957,1.4238038099752293,nan,nan
3.012e-08,30.12,-0.35288708103552247,-0.009061544811476824,0.7026565321457247,1.4231704314286642,nan,nan
3.0149999999999995e-08,30.149999999999995,-0.35244213246675515,-0.009050119282996564,0.7029692477300545,1.4225373346402879,nan,nan
3.0179999999999996e-08,30.179999999999996,-0.35199718389798773,-0.0090386937545163,0.7032821024876963,1.4219045194847606,nan,nan
3.0210000000000004e-08,30.210000000000004,-0.35155223532922053,-0.009027268226036042,0.7035950964805885,1.4212719858367988,nan,nan
3.024e-08,30.24,-0.3511072867604532,-0.009015842697555782,0.7039082297706977,1.420639733571173,nan,nan
3.027e-08,30.27,-0.3506623381916859,-0.009004417169075522,0.7042215024200177,1.4200077625627108,nan,nan
3.03e-08,30.3,-0.3508975317444356,-0.009010456542665957,0.7040558935387748,1.420341778510979,nan,nan
3.0329999999999994e-08,30.329999999999995,-0.35146399785203863,-0.009025002436505893,0.7036571826759839,1.4211465819151234,nan,nan
3.036e-08,30.360000000000003,-0.3520304639596419,-0.009039548330345835,0.7032586976054254,1.4219518413422683,nan,nan
3.039e-08,30.390000000000004,-0.3525969300672448,-0.009054094224185768,0.7028604381992323,1.4227575570508078,nan,nan
3.042e-08,30.419999999999998,-0.3531633961748478,-0.009068640118025705,0.7024624043296094,1.4235637292992835,nan,nan
3.045e-08,30.45,-0.35372986228245074,-0.009083186011865637,0.7020645958688341,1.4243703583463834,nan,nan
3.048e-08,30.48,-0.35429632839005387,-0.009097731905705576,0.7016670126892559,1.4251774444509413,nan,nan
3.051e-08,30.51,-0.3548627944976568,-0.00911227779954551,0.7012696546632972,1.4259849878719382,nan,nan
3.054e-08,30.54,-0.3554292606052599,-0.009126823693385449,0.7008725216634516,1.426792988868502,nan,nan
3.057e-08,30.57,-0.35599572671286306,-0.009141369587225388,0.7004756135622859,1.427601447699907,nan,nan
3.0599999999999996e-08,30.599999999999994,-0.356562192820466,-0.009155915481065322,0.7000789302324388,1.4284103646255744,nan,nan
3.063e-08,30.629999999999995,-0.3571286589280689,-0.009170461374905254,0.699682471546621,1.4292197399050726,nan,nan
3.066e-08,30.659999999999997,-0.357695125035672,-0.009185007268745193,0.699286237377615,1.4300295737981175,nan,nan
3.069e-08,30.689999999999998,-0.35826159114327494,-0.009199553162585127,0.6988902275982759,1.4308398665645712,nan,nan
3.072e-08,30.72,-0.35882805725087785,-0.00921409905642506,0.6984944420815307,1.431650618464444,nan,nan
3.075e-08,30.75,-0.3593945233584811,-0.009228644950265001,0.6980988807003776,1.432461829757893,nan,nan
3.0779999999999995e-08,30.779999999999994,-0.3599609894660839,-0.009243190844104934,0.6977035433278881,1.4332735007052224,nan,nan
3.0809999999999996e-08,30.809999999999995,-0.3605274555736868,-0.009257736737944866,0.6973084298372044,1.4340856315668846,nan,nan
3.0840000000000004e-08,30.840000000000003,-0.36111250950686724,-0.009272759935782226,0.6969005861146087,1.434924894489248,nan,nan
3.087e-08,30.869999999999997,-0.3627473387998281,-0.009314739593563432,0.6957622034063891,1.4372726703234096,nan,nan
3.09e-08,30.9,-0.3643821680927892,-0.009356719251344644,0.6946256802391371,1.4396242875094,nan,nan
3.093e-08,30.93,-0.36601699738575033,-0.009398698909125857,0.6934910135753044,1.44197975233231,nan,nan
3.096e-08,30.96,-0.36765182667871144,-0.009440678566907067,0.6923582003823046,1.444339071087513,nan,nan
3.099e-08,30.990000000000002,-0.3692866559716723,-0.009482658224688275,0.6912272376325048,1.4467022500806834,nan,nan
3.102e-08,31.020000000000003,-0.3709214852646334,-0.009524637882469485,0.6900981223032174,1.4490692956278137,nan,nan
3.105e-08,31.049999999999997,-0.3725563145575941,-0.009566617540250687,0.6889708513766931,1.4514402140552278,nan,nan
3.108e-08,31.08,-0.3741911438505554,-0.009608597198031903,0.687845421840111,1.453815011699604,nan,nan
3.111e-08,31.11,-0.3758259731435165,-0.009650576855813116,0.6867218306855727,1.4561936949079854,nan,nan
3.114e-08,31.14,-0.3774608024364774,-0.009692556513594323,0.6856000749100928,1.4585762700378009,nan,nan
3.117e-08,31.17,-0.3790956317294385,-0.009734536171375534,0.6844801515155908,1.4609627434568822,nan,nan
3.12e-08,31.200000000000003,-0.3807304610223998,-0.009776515829156751,0.6833620575088841,1.463353121543479,nan,nan
3.1229999999999996e-08,31.229999999999997,-0.3823652903153605,-0.009818495486937952,0.6822457899016798,1.4657474106862756,nan,nan
3.1259999999999997e-08,31.259999999999998,-0.3840001196083216,-0.009860475144719164,0.6811313457105652,1.468145617284412,nan,nan
3.129e-08,31.29,-0.3856349489012827,-0.009902454802500377,0.6800187219570017,1.4705477477474964,nan,nan
3.132e-08,31.32,-0.3872697781942436,-0.009944434460281582,0.6789079156673165,1.4729538084956244,nan,nan
3.135e-08,31.349999999999998,-0.3889046074872049,-0.0099864141180628,0.6777989238726931,1.4753638059593968,nan,nan
3.138e-08,31.38,-0.390539436780166,-0.010028393775844012,0.6766917436091658,1.4777777465799347,nan,nan
3.1409999999999995e-08,31.409999999999993,-0.39261742895314344,-0.010081753108631368,0.6752870434458639,1.480851749942049,nan,nan
3.144e-08,31.44,-0.39547534779150806,-0.010155139642208657,0.6733598830288321,1.4850899573967964,nan,nan
3.147e-08,31.470000000000002,-0.39833326662987356,-0.010228526175785967,0.6714382224171181,1.4893402946291747,nan,nan
3.15e-08,31.499999999999996,-0.40119118546823773,-0.010301912709363245,0.6695220459151652,1.4936027963546843,nan,nan
3.153e-08,31.529999999999998,-0.404049104306603,-0.01037529924294055,0.667611337872206,1.497877497388188,nan,nan
3.156e-08,31.56,-0.40690702314496763,-0.010448685776517839,0.6657060826821409,1.5021644326441834,nan,nan
3.159e-08,31.59,-0.40976494198333224,-0.010522072310095129,0.6638062647834059,1.5064636371370963,nan,nan
3.162e-08,31.62,-0.4126228608216973,-0.010595458843672429,0.6619118686588472,1.5107751459815644,nan,nan
3.165e-08,31.650000000000002,-0.41548077966006236,-0.010668845377249728,0.6600228788355954,1.515098994392722,nan,nan
3.1679999999999996e-08,31.679999999999996,-0.41833869849842675,-0.01074223191082701,0.6581392798849379,1.5194352176864894,nan,nan
3.171e-08,31.709999999999997,-0.4211966173367918,-0.010815618444404311,0.6562610564221921,1.5237838512798638,nan,nan
3.174e-08,31.74,-0.42405453617515665,-0.010889004977981606,0.6543881931065824,1.5281449306912034,nan,nan
3.177e-08,31.77,-0.42691245501352126,-0.010962391511558894,0.6525206746411121,1.5325184915405208,nan,nan
3.18e-08,31.8,-0.4297703738518863,-0.011035778045136195,0.6506584857724399,1.5369045695497747,nan,nan
3.183e-08,31.830000000000002,-0.43262829269025116,-0.011109164578713488,0.6488016112907558,1.5413032005431584,nan,nan
3.1859999999999995e-08,31.859999999999996,-0.43548621152861555,-0.011182551112290771,0.6469500360296555,1.5457144204473945,nan,nan
3.1889999999999996e-08,31.889999999999997,-0.43834413036698083,-0.011255937645868077,0.6451037448660166,1.550138265292031,nan,nan
3.1920000000000004e-08,31.920000000000005,-0.44120204920534567,-0.011329324179445372,0.6432627227198773,1.5545747712097282,nan,nan
3.195e-08,31.95,-0.4440599680437103,-0.01140271071302266,0.6414269545543102,1.559023974436561,nan,nan
3.198e-08,31.98,-0.4475537311695812,-0.01149242465503738,0.639189870908282,1.5644803610216955,nan,nan
3.201e-08,32.01,-0.4513106710467145,-0.011588896531964042,0.6367929783031755,1.5703690745218968,nan,nan
3.2039999999999994e-08,32.03999999999999,-0.4550676109238472,-0.011685368408890687,0.6344050737850556,1.5762799531751737,nan,nan
3.207e-08,32.07,-0.4588245508009803,-0.011781840285817342,0.6320261236495713,1.5822130804112975,nan,nan
3.21e-08,32.1,-0.4625814906781134,-0.011878312162743999,0.6296560943187607,1.5881685399740677,nan,nan
3.213e-08,32.129999999999995,-0.46661386010151085,-0.011981856605683997,0.6271222005680409,1.5945855514191813,nan,nan
3.216e-08,32.16,-0.4708021247545169,-0.012089404175076934,0.624501139502451,1.6012781030259038,nan,nan
3.219e-08,32.19,-0.47499038940752314,-0.012196951744469876,0.621891033177585,1.6079987435908945,nan,nan
3.222e-08,32.22,-0.4791786540605285,-0.012304499313862795,0.619291835808038,1.6147475910048492,nan,nan
3.225e-08,32.25,-0.48336691871353454,-0.012412046883255732,0.6167035017997636,1.6215247636532608,nan,nan
3.228e-08,32.28,-0.4878199715637481,-0.012526393766773473,0.6139633939637954,1.6287616001728087,nan,nan
3.2309999999999996e-08,32.309999999999995,-0.4924728828825049,-0.012645872678540431,0.6111133124688639,1.6363577418401434,nan,nan
3.234e-08,32.339999999999996,-0.49712579420126124,-0.012765351590307377,0.6082764613466349,1.6439893100353524,nan,nan
3.237e-08,32.37,-0.5017787055200185,-0.012884830502074346,0.605452779180351,1.6516564699790106,nan,nan
3.24e-08,32.4,-0.5064316168387748,-0.013004309413841291,0.6026422048383596,1.659359387662236,nan,nan
3.243e-08,32.43,-0.5113367519294583,-0.013130265006491908,0.5996934014641677,1.6675187646862095,nan,nan
3.246e-08,32.46,-0.5164929296036189,-0.013262666949099833,0.5966092338273664,1.6761389923263539,nan,nan
3.2489999999999995e-08,32.489999999999995,-0.521649107277778,-0.013395068891707718,0.5935409277791522,1.684803782178413,nan,nan
3.2519999999999996e-08,32.519999999999996,-0.5268052849519382,-0.01352747083431563,0.5904884017448422,1.693513364606462,nan,nan
3.2550000000000004e-08,32.550000000000004,-0.5319614626260987,-0.013659872776923548,0.5874515745692864,1.7022679711654358,nan,nan
3.258e-08,32.58,-0.5373547181145535,-0.013798362477779038,0.584291826463961,1.7114735389194764,nan,nan
3.261e-08,32.61,-0.5430590816855567,-0.013944840909258934,0.5809683017630815,1.7212643047224276,nan,nan
3.264e-08,32.64,-0.5487634452565595,-0.014091319340738815,0.5776636816847504,1.7311110802110838,nan,nan
3.2669999999999994e-08,32.669999999999995,-0.5544678088275614,-0.014237797772218676,0.5743778586971199,1.741014185798061,nan,nan
3.27e-08,32.7,-0.5601721723985644,-0.014384276203698565,0.5711107258799952,1.7509739437289527,nan,nan
3.273e-08,32.730000000000004,-0.5660950574309171,-0.014536365897592706,0.567738100405797,1.7613755343973552,nan,nan
3.276e-08,32.76,-0.5724001168227317,-0.014698269184191627,0.5641697391498786,1.7725161961129892,nan,nan
3.279e-08,32.79,-0.5787051762145472,-0.01486017247079057,0.5606238058445298,1.783727322270215,nan,nan
3.282e-08,32.82,-0.5850102356063627,-0.015022075757389513,0.5571001595250533,1.7950093585550824,nan,nan
3.285e-08,32.85,-0.5913152949981775,-0.01518397904398844,0.5535986601127462,1.8063627534725961,nan,nan
3.288e-08,32.88,-0.5978158431032519,-0.015350902150894024,0.5500116368319063,1.8181433501299145,nan,nan
3.291e-08,32.910000000000004,-0.6047833872864972,-0.015529816929120395,0.546192726115161,1.830855579334751,nan,nan
3.2939999999999996e-08,32.94,-0.6117509314697414,-0.015708731707346737,0.5424003313447815,1.8436566908443524,nan,nan
3.297e-08,32.97,-0.6187184756529867,-0.015887646485573108,0.5386342684118769,1.8565473061125979,nan,nan
3.3e-08,33.0,-0.6256860198362317,-0.016066561263799475,0.5348943544858866,1.8695280509384873,nan,nan
3.303e-08,33.03,-0.6328201407108289,-0.016249753450393426,0.5310919330999581,1.8829131788220697,nan,nan
3.306e-08,33.06,-0.6405234879802388,-0.016447562410345406,0.5270164650339052,1.897473924150863,nan,nan
3.309e-08,33.09,-0.6482268352496492,-0.016645371370297393,0.5229722711012407,1.9121472690975865,nan,nan
3.3119999999999995e-08,33.12,-0.6559301825190573,-0.016843180330249324,0.5189591113120058,1.9269340844057086,nan,nan
3.3149999999999996e-08,33.15,-0.6636335297884677,-0.01704098929020131,0.5149767475178615,1.941835247552252,nan,nan
3.318e-08,33.18000000000001,-0.6714667693343457,-0.017242133664644593,0.5109585695155545,1.957105839223151,nan,nan
3.321e-08,33.21,-0.6799938299597588,-0.017461094193719846,0.5066201182224627,1.9738655533629805,nan,nan
3.324e-08,33.24,-0.6885208905851727,-0.017680054722795126,0.5023185038878746,1.9907687896427082,nan,nan
3.327e-08,33.269999999999996,-0.6970479512105872,-0.017899015251870414,0.498053413736235,2.0078167771169855,nan,nan
3.3299999999999994e-08,33.3,-0.7055750118360007,-0.01811797578094568,0.49382453764770695,2.0250107553654964,nan,nan
3.333e-08,33.33,-0.7141848808947757,-0.018339062690866263,0.48959102419125183,2.04252110555312,nan,nan
3.336e-08,33.36,-0.7236424294778039,-0.01858191658067245,0.4849825202199223,2.061929983675568,nan,nan
3.3389999999999997e-08,33.38999999999999,-0.7330999780608307,-0.01882477047047861,0.4804173959426734,2.0815232929644507,nan,nan
3.342e-08,33.419999999999995,-0.7425575266438589,-0.019067624360284797,0.4758952430278913,2.1013027859608,nan,nan
3.345e-08,33.449999999999996,-0.7520150752268875,-0.019310478250091,0.47141565698757565,2.1212702318590053,nan,nan
3.348e-08,33.48,-0.7614941857777335,-0.019553885814849053,0.46696816827998977,2.1414735905519136,nan,nan
3.351e-08,33.51,-0.7720139970549251,-0.019824016818276054,0.46208149975830287,2.164120399806228,nan,nan
3.354e-08,33.54,-0.7825338083321176,-0.020094147821703077,0.45724596861783967,2.1870067067464674,nan,nan
3.3569999999999996e-08,33.56999999999999,-0.7930536196093079,-0.020364278825130044,0.4524610397227013,2.2101350441418504,nan,nan
3.3599999999999996e-08,33.599999999999994,-0.8035734308864999,-0.020634409828557056,0.44772618353700716,2.233507971546507,nan,nan
3.363e-08,33.629999999999995,-0.8140932421636928,-0.02090454083198409,0.44304087606629805,2.257128075582707,nan,nan
3.366e-08,33.66,-0.8257817738336906,-0.021204682603106022,0.4378925256980533,2.283665377493895,nan,nan
3.369e-08,33.69,-0.8375297464638658,-0.02150635071779005,0.4327782761431598,2.3106520246621796,nan,nan
3.372e-08,33.72,-0.8492777190940419,-0.021808018832474102,0.42772375710882693,2.3379575798160945,nan,nan
3.3749999999999995e-08,33.74999999999999,-0.8610256917242154,-0.022109686947158085,0.42272827098829135,2.3655858115713717,nan,nan
3.3779999999999995e-08,33.779999999999994,-0.8727736643543911,-0.022411355061842126,0.41779112832229937,2.3935405330784416,nan,nan
3.381e-08,33.81,-0.8857950819954303,-0.022745723095710033,0.4123861620857931,2.4249116288047494,nan,nan
3.384e-08,33.839999999999996,-0.8989853895781601,-0.023084427938311048,0.4069823788937473,2.4571088377786365,nan,nan
3.387e-08,33.87,-0.9121756971608921,-0.02342313278091212,0.4016494052376921,2.4897335511008913,nan,nan
3.39e-08,33.9,-0.9253660047436245,-0.023761837623513204,0.3963863132509451,2.5227914450389157,nan,nan
3.3929999999999993e-08,33.92999999999999,-0.9385563123263534,-0.024100542466114195,0.3911921872253082,2.5562882712277872,nan,nan
3.396e-08,33.96,-0.9531535057902647,-0.02447537376429287,0.38552335437006113,2.5938765801464445,nan,nan
3.399e-08,33.99,-0.9680717313775355,-0.02485844862571906,0.3798147172413318,2.6328626949034377,nan,nan
3.4019999999999996e-08,34.019999999999996,-0.9829899569648028,-0.02524152348714516,0.37419061075775956,2.672434773216081,nan,nan
3.405e-08,34.05,-0.9979081825520746,-0.025624598348571368,0.36864978323180037,2.712601622150468,nan,nan
3.408e-08,34.08,-1.0128264081393454,-0.02600767320999756,0.36319100151027855,2.7533721811433685,nan,nan
3.411e-08,34.11,-1.029329035391882,-0.026431432832812726,0.3572465799836247,2.7991870490288178,nan,nan
3.414e-08,34.14,-1.0463725134100357,-0.026869080590706626,0.35120944874557536,2.8473038056684636,nan,nan
3.417e-08,34.17,-1.0634159914281902,-0.02730672834860055,0.3452743393479786,2.8962476675457998,nan,nan
3.4199999999999995e-08,34.199999999999996,-1.0804594694463412,-0.027744376106494384,0.33943952771767616,2.9460328522249632,nan,nan
3.4229999999999996e-08,34.23,-1.0975029474644944,-0.02818202386438827,0.33370331891672145,2.9966738216636037,nan,nan
3.426e-08,34.26,-1.1163819819811684,-0.028666805616013345,0.3274624188870636,3.0537855409444203,nan,nan
3.429e-08,34.29,-1.1361375075849702,-0.029174094179844637,0.3210567091023903,3.114714539982042,nan,nan
3.432e-08,34.32,-1.155893033188776,-0.029681382743676033,0.3147763056596921,3.176859191813218,nan,nan
3.435e-08,34.35,-1.1756485587925822,-0.030188671307507443,0.30861875735842137,3.240243751090694,nan,nan
3.4379999999999994e-08,34.379999999999995,-1.195404084396384,-0.030695959871338736,0.3025816609475921,3.304892956395009,nan,nan
3.4409999999999995e-08,34.41,-1.217377338516731,-0.03126019596148183,0.29600547194841575,3.378315925775412,nan,nan
3.444e-08,34.440000000000005,-1.2407797285795112,-0.0318611298512328,0.2891586647404292,3.4583089560801366,nan,nan
3.447e-08,34.47,-1.2641821186422861,-0.032462063740983635,0.2824702288241462,3.540196091328821,nan,nan
3.45e-08,34.5,-1.2875845087050655,-0.033062997630734586,0.27593650096423783,3.62402218084806,nan,nan
3.453e-08,34.53,-1.310986898767844,-0.03366393152048551,0.2695539026584956,3.7098331359235575,nan,nan
3.456e-08,34.56,-1.3373241743220312,-0.034340228317597386,0.2625472601937867,3.8088380707606615,nan,nan
3.459e-08,34.59,-1.366167353333303,-0.03508087248725396,0.2550827304423993,3.920296753393157,nan,nan
3.462e-08,34.620000000000005,-1.39501053234458,-0.03582151665691067,0.24783042611803746,4.035017070598575,nan,nan
3.465e-08,34.650000000000006,-1.4238537113558563,-0.03656216082656736,0.2407843134003045,4.1530944681495825,nan,nan
3.468e-08,34.68,-1.452696890367128,-0.03730280499622393,0.2339385300174677,4.2746271848648965,nan,nan
3.471e-08,34.71,-1.485567325933106,-0.0381468623189795,0.2263738764686777,4.417470847782939,nan,nan
3.474e-08,34.74,-1.5229659151322377,-0.039107194986640496,0.21806416707301235,4.5858061570710955,nan,nan
3.477e-08,34.77,-1.560364504331365,-0.04006752765430138,0.2100594896506373,4.760556172268917,nan,nan
3.48e-08,34.8,-1.5977630935304976,-0.0410278603219624,0.20234864711868053,4.941965336756045,nan,nan
3.483e-08,34.83,-1.6351616827296311,-0.04198819298962344,0.19492085341566015,5.130287408846625,nan,nan
3.4859999999999996e-08,34.85999999999999,-1.6874276401182735,-0.04333029458654829,0.18499478562381177,5.405557765468629,nan,nan
3.489e-08,34.88999999999999,-1.7618069895339596,-0.04524023077860426,0.17173426126704996,5.822949903077182,nan,nan
3.4920000000000004e-08,34.92,-1.8361863389496431,-0.04715016697066016,0.15942425832970766,6.272571128616357,nan,nan
3.495e-08,34.949999999999996,-1.9105656883653168,-0.04906010316271581,0.14799664293227494,6.75691002300378,nan,nan
3.498e-08,34.98,-1.9849450377810012,-0.050970039354771735,0.13738816506786014,7.278647323851148,nan,nan
3.501e-08,35.01,-2.081574025022915,-0.05345130870419313,0.12473372359801836,8.01707806962228,nan,-0.05185040042176326
3.504e-08,35.04,-2.22270228791722,-0.0570752443683437,0.10831601193692807,9.23224537275519,nan,-0.05564135884182541
3.507e-08,35.07,-2.363830550811551,-0.06069918003249496,0.0940592335696681,10.63159843057106,nan,-0.05970948707399671
3.51e-08,35.1,-2.5049588137058834,-0.06432311569664624,0.08167896196976879,12.243054709364726,nan,-0.06407504994216308
3.513e-08,35.129999999999995,-2.646087076600189,-0.06794705136079685,0.07092820742067477,14.098763191194248,nan,-0.06875979390013247
3.516e-08,35.16,-2.766483128480731,-0.07103861882775832,0.06288276693055833,15.902608120032372,nan,-0.07302612173076879
3.519e-08,35.19,-2.8292692750540294,-0.0726508611321362,0.059055991592815896,16.93308287658401,nan,-0.07535500018726957
3.522e-08,35.22,-2.892055421627319,-0.07426310343651386,0.05546209737975038,18.030331473997006,nan,-0.07775814898343214
3.525e-08,35.25,-2.954841568200619,-0.07587534574089179,0.05208691214550834,19.198680797326432,nan,-0.08023793667710886
3.528e-08,35.28,-3.017627714773921,-0.07748758804526976,0.04891712620021566,20.4427381099013,nan,-0.08279680736190752
3.5309999999999997e-08,35.309999999999995,-3.076938579412184,-0.0790105909734301,0.0461001728553789,21.691892634266367,nan,-0.08528895266270337
3.534e-08,35.339999999999996,-3.121988299663167,-0.08016739177668106,0.04406945796282923,22.691452226243825,nan,-0.08723187426277847
3.537e-08,35.37,-3.16703801991415,-0.08132419257993202,0.042128196161654294,23.73707139424628,nan,-0.08921905651122813
3.54e-08,35.4,-3.2120877401651278,-0.08248099338318284,0.040272447038758465,24.830872557547682,nan,-0.09125150768599521
3.543e-08,35.43,-3.2571374604161107,-0.08363779418643379,0.038498443756437094,25.97507593622654,nan,-0.09333025903405896
3.546e-08,35.46,-3.3007945257600184,-0.08475883396151009,0.03685387441318643,27.134189170683147,nan,-0.09538991954359427
3.5489999999999996e-08,35.489999999999995,-3.334899477454437,-0.08563459157543395,0.03561816646018185,28.07556085510232,nan,-0.09703050208495521
3.552e-08,35.52,-3.3690044291488572,-0.08651034918935785,0.03442389171248961,29.04959172983867,nan,-0.09869930051210264
3.5550000000000004e-08,35.550000000000004,-3.4031093808432793,-0.08738610680328181,0.03326966091749683,30.057414846512327,nan,-0.10039680010157143
3.558e-08,35.58,-3.437214332537696,-0.08826186441720563,0.0321541314041384,31.100202565922675,nan,-0.1021234944760211
3.561e-08,35.61,-3.470909044337075,-0.08912708776282631,0.0310887567536166,32.16596945079409,nan,-0.1038585800962486
3.564e-08,35.64,-3.4980070264793426,-0.08982291822157307,0.03025762601888219,33.04951946249692,nan,-0.10527533519839383
3.567e-08,35.67,-3.5251050086216065,-0.09051874868031975,0.029448714837785706,33.957339242420794,nan,-0.10671141653259011
3.57e-08,35.7,-3.552202990763872,-0.09121457913906647,0.0286614291899843,34.890095444,nan,-0.10816708773173007
3.573e-08,35.730000000000004,-3.5793009729061414,-0.09191040959781328,0.027895190935749825,35.848473032619516,nan,-0.10964261602497373
3.576e-08,35.76,-3.6063989550484035,-0.09260624005655992,0.027149437391414708,36.83317578861592,nan,-0.11113827228680541
3.579e-08,35.79,-3.6285816576956567,-0.0931758544314696,0.02655382011884157,37.65936484937014,nan,-0.11237780726210933
3.582e-08,35.82,-3.650713963318754,-0.0937441746958343,0.02597257868902409,38.502145357734385,nan,-0.11362830358031079
3.585e-08,35.85,-3.6728462689418464,-0.09431249496019888,0.02540406015927251,39.363786486507706,nan,-0.114892714932805
3.588e-08,35.88,-3.6949785745649457,-0.09488081522456362,0.024847986035697774,40.24471031830722,nan,-0.1161711961606559
3.591e-08,35.910000000000004,-3.717110880188045,-0.09544913548892839,0.02430408392041505,41.145348381553916,nan,-0.11746390382793702
3.5939999999999996e-08,35.94,-3.735834805466121,-0.09592993429702346,0.023853249931339318,41.92300851575623,nan,-0.11856876024957307
3.597e-08,35.97,-3.754266992862199,-0.09640324176856076,0.023417609594596454,42.70290680013502,nan,-0.11966655195912777
3.6000000000000005e-08,36.00000000000001,-3.7726991802582823,-0.09687654924009818,0.02298992551134277,43.49731361707196,nan,-0.12077450778472004
3.603e-08,36.03,-3.7911313676543603,-0.09734985671163547,0.02257005237370813,44.30649887037483,nan,-0.12189272183277572
3.606e-08,36.06,-3.809563555050442,-0.09782316418317286,0.02215784752763095,45.13073748490212,nan,-0.1230212890810243
3.609e-08,36.09,-3.8255588646635115,-0.09823389674500808,0.021806245385049564,45.858421857694196,nan,-0.12400911576806009
3.6119999999999995e-08,36.12,-3.841132403430347,-0.09863379894316973,0.02146927569302163,46.578189888587616,nan,-0.12497851550187897
3.615e-08,36.150000000000006,-3.8567059421971877,-0.0990337011413315,0.021137513159371395,47.30925499420192,nan,-0.1259554931934806
3.6180000000000004e-08,36.18000000000001,-3.8722794809640266,-0.09943360333949325,0.02081087731841022,48.05179448707604,nan,-0.1269401080810118
3.621e-08,36.21,-3.887853019730864,-0.09983350553765492,0.020489288947877417,48.80598846274725,nan,-0.12793241986569417
3.624e-08,36.24,-3.9016497631227516,-0.10018778262859059,0.020208544618016026,49.48401871100082,nan,-0.1288179962555771
3.627e-08,36.27,-3.9149562915544056,-0.1005294718264915,0.019941420235083166,50.146879620975476,nan,-0.12967791387790642
3.63e-08,36.300000000000004,-3.928262819986049,-0.10087116102439214,0.019677826805878557,50.818619853959675,nan,-0.13054357183418439
3.633e-08,36.33,-3.9415693484176995,-0.10121285022229297,0.01941771765688559,51.49935835251969,nan,-0.13141500844370343
3.636e-08,36.36,-3.954875876849348,-0.10155453942019374,0.01916104673153682,52.18921565251015,nan,-0.13229226228155266
3.639e-08,36.38999999999999,-3.966870896847446,-0.1018625512944408,0.018932582548319418,52.81899590020627,nan,-0.13308807049580218
3.642e-08,36.419999999999995,-3.978343314482043,-0.10215714362178477,0.018716621222351057,53.42844673299355,nan,-0.1338536852229113
3.645e-08,36.449999999999996,-3.989815732116636,-0.10245173594912865,0.018503123337077924,54.04492970092926,nan,-0.1346237042960159
3.648e-08,36.48,-4.001288149751229,-0.10274632827647252,0.018292060792375858,54.66852594415172,nan,-0.1353981530519638
3.651e-08,36.51,-4.0127605673858255,-0.10304092060381649,0.018083405808654897,55.29931753903295,nan,-0.13617705697335789
3.654e-08,36.54,-4.023258589326009,-0.10331049209383446,0.017894558812054172,55.88290890560419,nan,-0.13689373110899583
3.6569999999999996e-08,36.56999999999999,-4.033223514454807,-0.10356637455723507,0.01771712639191711,56.44256172695246,nan,-0.13757750101397984
3.66e-08,36.599999999999994,-4.043188439583602,-0.10382225702063559,0.017541453292255475,57.007819325979014,nan,-0.1382646862783024
3.6630000000000004e-08,36.63,-4.053153364712401,-0.1040781394840362,0.017367522068632936,57.5787378330773,nan,-0.13895530396132755
3.666e-08,36.66,-4.0631182898411975,-0.10433402194743675,0.01719531544958262,58.15537394077134,nan,-0.13964937120762824
3.669e-08,36.69,-4.072358226204123,-0.10457128792260975,0.01703716361075288,58.695216107971014,nan,-0.1402960395024291
3.672e-08,36.72,-4.081068133394785,-0.10479494364296196,0.016889415865526766,59.208678853193184,nan,-0.14090835457819692
3.6749999999999995e-08,36.74999999999999,-4.089778040585449,-0.1050185993633142,0.016742949401429227,59.72663334422053,nan,-0.1415233420726115
3.678e-08,36.78,-4.0984879477761105,-0.10524225508366641,0.016597753107080396,60.24911887461517,nan,-0.1421410136493106
3.6810000000000003e-08,36.81,-4.107197854966774,-0.10546591080401865,0.016453815967459127,60.7761750816777,nan,-0.14276138102283792
3.684e-08,36.839999999999996,-4.115370293288166,-0.10567576523068402,0.016319896142429197,61.27489974646072,nan,-0.14334592879517627
3.687e-08,36.87,-4.123024218779662,-0.10587230512276898,0.016195461686825615,61.74569267225407,nan,-0.14389555936147302
3.69e-08,36.9,-4.130678144271158,-0.10606884501485393,0.016071976007709717,62.220102837404724,nan,-0.14444729737345688
3.693e-08,36.93,-4.138332069762653,-0.10626538490693885,0.015949431870937104,62.69815803421751,nan,-0.14500115091169608
3.696e-08,36.96,-4.145985995254149,-0.1064619247990238,0.015827822097521534,63.17988626853402,nan,-0.14555712808774235
3.699e-08,36.99,-4.153245211674818,-0.10664832922816607,0.015713340537386745,63.64019144246892,nan,-0.1460864033848459
3.7019999999999997e-08,37.019999999999996,-4.160002639702391,-0.10682184857804562,0.01560751672072925,64.07169172991127,nan,-0.14658082234297207
3.705e-08,37.05,-4.166760067729967,-0.10699536792792529,0.015502405590221745,64.5061177234814,nan,-0.14707691462661332
3.708e-08,37.08,-4.173517495757544,-0.10716888727780494,0.015398002346173967,64.94348926037642,nan,-0.14757468589901965
3.711e-08,37.11,-4.180274923785115,-0.10734240662768446,0.015294302221219901,65.38382631229568,nan,-0.14807414184260773
3.714e-08,37.14,-4.186747370471252,-0.10750860813756752,0.015195630334223355,65.80839214993378,nan,-0.1485541190747994
3.717e-08,37.17,-4.192737859063495,-0.10766243377681155,0.015104873195265758,66.20379973222316,nan,-0.148999741994219
3.7199999999999996e-08,37.199999999999996,-4.198728347655743,-0.10781625941605572,0.015014658110707312,66.60158310810128,nan,-0.1494467016640943
3.7229999999999997e-08,37.23,-4.204718836247986,-0.10797008505529974,0.01492498184308416,67.00175655244588,nan,-0.149895002094321
3.7260000000000004e-08,37.260000000000005,-4.210709324840229,-0.10812391069454377,0.014835841174268222,67.40433442590592,nan,-0.15034464730682462
3.729e-08,37.29,-4.216499772865799,-0.10827259962956587,0.014750183245263272,67.79576791502778,nan,-0.15078055946708163
3.732e-08,37.32,-4.221829813317774,-0.10840946607494785,0.014671773321555611,68.15808682995468,nan,-0.15118292863058
3.735e-08,37.35,-4.22715985376975,-0.10854633252032987,0.014593780214102585,68.52234207512991,nan,-0.1515863715461876
3.7379999999999995e-08,37.379999999999995,-4.232489894221722,-0.10868319896571177,0.014516201707167027,68.88854399882538,nan,-0.1519908910792914
3.741e-08,37.410000000000004,-4.237819934673698,-0.10882006541109379,0.014439035596790068,69.2567030046182,nan,-0.15239649010292627
3.744e-08,37.440000000000005,-4.243016014187759,-0.10895349196562362,0.014364203804062121,69.61750290101044,nan,-0.15279293701246674
3.747e-08,37.47,-4.247774035545255,-0.1090756699258323,0.014296020951943527,69.94953374519581,nan,-0.15315686576480703
3.75e-08,37.5,-4.252532056902755,-0.10919784788604107,0.014228161744726225,70.28314816358181,nan,-0.15352166133821518
3.753e-08,37.53,-4.257290078260251,-0.10932002584624974,0.01416062464615862,70.6183537088014,nan,-0.15388732579732214
3.756e-08,37.56,-4.262048099617749,-0.10944220380645847,0.014093408127281099,70.95515796950954,nan,-0.15425386121167742
3.759e-08,37.59,-4.266723717603124,-0.10956226578711104,0.014027666545793235,71.28769398213922,nan,-0.15461489912998772
3.762e-08,37.620000000000005,-4.270983812763317,-0.10967165784272828,0.013968034460796646,71.5920341409987,nan,-0.1549445872227361
3.7649999999999996e-08,37.65,-4.275243907923507,-0.10978104989834543,0.013908655873810589,71.89767358346667,nan,-0.15527497831525403
3.768e-08,37.68,-4.279504003083696,-0.10989044195396258,0.013849529707206392,72.20461785642188,nan,-0.15560607390656067
3.771e-08,37.71,-4.283764098243887,-0.10999983400957977,0.013790654887936453,72.51287253042366,nan,-0.15593787549887142
3.774e-08,37.74,-4.2879820534420485,-0.11010814398207518,0.013732609026944892,72.8193745294787,nan,-0.15626709201825534
3.777e-08,37.77,-4.291806803407434,-0.11020635710765159,0.013680185548300812,73.0984237362342,nan,-0.1565662192261803
3.78e-08,37.800000000000004,-4.295631553372814,-0.11030457023322787,0.013627962193399332,73.37854228010313,nan,-0.15686591902482347
3.7829999999999995e-08,37.83,-4.299456303338195,-0.11040278335880414,0.013575938198279014,73.6597342588645,nan,-0.15716619251024122
3.7859999999999996e-08,37.86,-4.303281053303579,-0.11050099648438051,0.013524112801894826,73.94200378600013,nan,-0.15746704078058768
3.7890000000000004e-08,37.89,-4.3070950661652265,-0.11059893389924975,0.013472629902355338,74.22455802969664,nan,-0.15776761795020502
3.792e-08,37.919999999999995,-4.310537715257615,-0.11068733531912982,0.013426328111389312,74.480527490738,nan,-0.15803942108717123
3.795e-08,37.949999999999996,-4.313980364350003,-0.11077573673900987,0.013380185447175985,74.73737968340787,nan,-0.15831169248845064
3.798e-08,37.98,-4.3174230134423865,-0.11086413815888978,0.013334201362839746,74.99511765187809,nan,-0.1585844329607718
3.8009999999999994e-08,38.00999999999999,-4.320865662534775,-0.11095253957876984,0.013288375313384239,75.25374445081981,nan,-0.15885764331225435
3.804e-08,38.04,-4.3243083116271634,-0.11104094099864989,0.01324270675568632,75.5132631454372,nan,-0.15913132435240898
3.807e-08,38.07,-4.32703260118334,-0.11111089615773448,0.013206678885434114,75.7192636146335,nan,-0.15934823195114417
3.81e-08,38.099999999999994,-4.329726494004875,-0.11118007077996214,0.013171149385806965,75.9235181917825,nan,-0.15956301009508592
3.813e-08,38.129999999999995,-4.3324203868264135,-0.11124924540218989,0.013135715470039623,76.1283237506806,nan,-0.15977807772859773
3.816e-08,38.16,-4.335114279647952,-0.11131842002441764,0.013100376880985982,76.33368177761434,nan,-0.159993435241869
3.819e-08,38.19,-4.33780817246949,-0.11138759464664538,0.013065133362191677,76.53959376287987,nan,-0.16020908302561532
3.822e-08,38.22,-4.340502065291028,-0.11145676926887313,0.013029984657892277,76.74606120079342,nan,-0.16042502147107887
3.825e-08,38.25,-4.343195958112567,-0.11152594389110088,0.012994930513011418,76.95308558970217,nan,-0.16064125097002918
3.8279999999999996e-08,38.279999999999994,-4.3458898509341015,-0.11159511851332854,0.012959970673159014,77.16066843199486,nan,-0.1608577719147636
3.831e-08,38.309999999999995,-4.34858374375564,-0.11166429313555629,0.012925104884629217,77.36881123411379,nan,-0.16107458469810904
3.834e-08,38.339999999999996,-4.351277636577175,-0.11173346775778395,0.012890332894398894,77.57751550656383,nan,-0.16129168971342076
3.837e-08,38.37,-4.3539715293987165,-0.11180264238001178,0.01285565445012539,77.78678276392583,nan,-0.16150908735458558
3.84e-08,38.4,-4.356665422220251,-0.11187181700223944,0.012821069300145232,77.99661452486434,nan,-0.1617267780160193
3.843e-08,38.43,-4.359359315041788,-0.11194099162446715,0.012786577193471699,78.20701231214237,nan,-0.1619447620926712
3.8459999999999995e-08,38.459999999999994,-4.362053207863328,-0.11201016624669494,0.01275217787979338,78.41797765263,nan,-0.16216303998002227
3.8489999999999996e-08,38.489999999999995,-4.364747100684863,-0.1120793408689226,0.012717871109472404,78.62951207731533,nan,-0.16238161207408564
3.8520000000000003e-08,38.52,-4.367440993506401,-0.11214851549115035,0.012683656633542265,78.84161712131764,nan,-0.16260047877140973
3.855e-08,38.55,-4.370134886327936,-0.112217690113378,0.012649534203706451,79.05429432389606,nan,-0.1628196404690762
3.858e-08,38.58,-4.372828779149476,-0.1122868647356058,0.012615503572336229,79.2675452284631,nan,-0.16303909756470308
3.861e-08,38.61,-4.375522671971014,-0.11235603935783355,0.012581564492469255,79.48137138259347,nan,-0.16325885045644314
3.8639999999999994e-08,38.63999999999999,-4.378065294463015,-0.11242132961323856,0.012549614958620448,79.68371964377208,nan,-0.16346653525707666
3.867e-08,38.67,-4.379903184563496,-0.11246852352993056,0.012526571327840077,79.83030422518875,nan,-0.16361682106215353
3.87e-08,38.7,-4.381741074663973,-0.11251571744662246,0.012503570009825623,79.9771584606776,nan,-0.16376724503510148
3.873e-08,38.73,-4.383578964764451,-0.11256291136331442,0.012480610926882225,80.12428284628928,nan,-0.1639178073029479
3.876e-08,38.76,-4.385416854864932,-0.11261010528000642,0.012457694001457754,80.27167787898657,nan,-0.16406850799283665
3.879e-08,38.79,-4.3872547449654125,-0.11265729919669842,0.0124348191561425,80.41934405664631,nan,-0.16421934723202827
3.882e-08,38.82,-4.389092635065886,-0.11270449311339024,0.012411986313668964,80.5672818780608,nan,-0.16437032514789993
3.885e-08,38.85,-4.390930525166366,-0.11275168703008225,0.012389195396911254,80.7154918429416,nan,-0.16452144186794757
3.888e-08,38.88,-4.392768415266845,-0.11279888094677419,0.012366446328885394,80.86397445191771,nan,-0.16467269751978253
3.8909999999999996e-08,38.91,-4.394606305367322,-0.11284607486346611,0.012343739032748645,81.01273020653976,nan,-0.1648240922311342
3.8939999999999997e-08,38.94,-4.396444195467803,-0.11289326878015811,0.01232107343179931,81.16175960928146,nan,-0.16497562612984973
3.897e-08,38.97,-4.398282085568283,-0.11294046269685011,0.012298449449476632,81.31106316354014,nan,-0.1651272993438932
3.9e-08,39.0,-4.400119975668758,-0.11298765661354197,0.012275867009360468,81.46064137363905,nan,-0.16527911200134612
3.903e-08,39.03,-4.401957865769235,-0.11303485053023388,0.012253326035170835,81.61049474483016,nan,-0.16543106423040882
3.906e-08,39.06,-4.403795755869712,-0.1130820444469258,0.01223082645076793,81.76062378329418,nan,-0.16558315615939875
3.9089999999999995e-08,39.089999999999996,-4.405633645970196,-0.11312923836361788,0.012208368180151648,81.91102899614373,nan,-0.16573538791675202
3.9119999999999996e-08,39.12,-4.407471536070673,-0.1131764322803098,0.012185951147461696,82.0617108914225,nan,-0.16588775963102115
3.915e-08,39.150000000000006,-4.4093094261711485,-0.11322362619700166,0.012163575276976837,82.21266997811044,nan,-0.16604027143087835
3.918e-08,39.18,-4.4111473162716255,-0.11327082011369356,0.012141240493114897,82.3639067661236,nan,-0.16619292344511408
3.921e-08,39.21,-4.412985206372106,-0.11331801403038556,0.012118946720432506,82.51542176631598,nan,-0.16634571580263702
3.924e-08,39.24,-4.414604140548377,-0.11335958552839015,0.012099342816403232,82.64911699536997,nan,-0.16648042169747046
3.927e-08,39.27,-4.415886348006259,-0.11339251045242849,0.012083838890557355,82.75515827850266,nan,-0.16658718713682016
3.93e-08,39.300000000000004,-4.417168555464144,-0.11342543537646692,0.012068354831221565,82.8613356157659,nan,-0.1666940210458372
3.933e-08,39.330000000000005,-4.418450762922026,-0.11345836030050525,0.012052890612939286,82.9676491817206,nan,-0.16680092346843117
3.9359999999999996e-08,39.36,-4.419732970379908,-0.1134912852245436,0.01203744621028643,83.07409915115252,nan,-0.1669078944485408
3.939e-08,39.39,-4.421015177837793,-0.11352421014858202,0.012022021597871487,83.1806856990717,nan,-0.16701493403013296
3.942e-08,39.42,-4.422297385295675,-0.11355713507262036,0.012006616750335616,83.28740900071183,nan,-0.16712204225720179
3.945e-08,39.449999999999996,-4.42357959275356,-0.11359005999665879,0.011991231642352294,83.3942692315326,nan,-0.16722921917377087
3.948e-08,39.48,-4.4248618002114455,-0.11362298492069722,0.011975866248627584,83.50126656721793,nan,-0.1673364648238912
3.951e-08,39.51,-4.4261440076693255,-0.11365590984473552,0.011960520543899978,83.608401183677,nan,-0.16744377925164167
3.9539999999999995e-08,39.53999999999999,-4.427426215127209,-0.1136888347687739,0.011945194502940168,83.7156732570459,nan,-0.16755116250113083
3.9569999999999996e-08,39.56999999999999,-4.428708422585094,-0.11372175969281233,0.011929888100551303,83.8230829636858,nan,-0.16765861461649456
3.96e-08,39.599999999999994,-4.429990630042978,-0.11375468461685072,0.011914601311568842,83.93063048018399,nan,-0.16776613564189685
3.963e-08,39.629999999999995,-4.43127283750086,-0.11378760954088905,0.011899334110860443,84.03831598335462,nan,-0.16787372562153033
3.966e-08,39.66,-4.432555044958743,-0.11382053446492743,0.011884086473325927,84.14613965023902,nan,-0.16798138459961634
3.969e-08,39.69,-4.433837252416627,-0.11385345938896582,0.011868858373897345,84.25410165810518,nan,-0.16808911262040407
3.9719999999999994e-08,39.71999999999999,-4.4351194598745085,-0.11388638431300416,0.011853649787538865,84.3622021844486,nan,-0.16819690972817108
3.975e-08,39.75,-4.436401667332394,-0.11391930923704259,0.011838460689246653,84.47044140699305,nan,-0.16830477596722396
3.978e-08,39.78,-4.437683874790276,-0.11395223416108093,0.011823291054049063,84.57881950368929,nan,-0.1684127113818966
3.981e-08,39.809999999999995,-4.438966082248161,-0.11398515908511936,0.01180814085700628,84.68733665271759,nan,-0.1685207160165526
3.984e-08,39.839999999999996,-4.440020747368717,-0.11401224110586937,0.01179569378760452,84.77670054904681,nan,-0.1686096059123978
3.987e-08,39.87,-4.44093075462564,-0.11403560855676381,0.011784964503261084,84.85388307476738,nan,-0.16868634135100904
3.99e-08,39.9,-4.441840761882551,-0.11405897600765794,0.011774244978203225,84.93113586911305,nan,-0.16876311171246666
3.993e-08,39.93,-4.4427507691394705,-0.11408234345855228,0.01176353520355371,85.00845899605967,nan,-0.16883991701266607
3.996e-08,39.96,-4.443660776396385,-0.11410571090944649,0.011752835170443801,85.08585251963835,nan,-0.16891675726750696
3.9989999999999996e-08,39.989999999999995,-4.444570783653306,-0.11412907836034088,0.011742144870012513,85.16331650394076,nan,-0.16899363249289848
4.002e-08,40.019999999999996,-4.4454807909102225,-0.11415244581123514,0.01173146429340721,85.24085101311479,nan,-0.16907054270475488
4.005e-08,40.05,-4.446390798167139,-0.11417581326212939,0.011720793431783106,85.31845611136823,nan,-0.16914748791899928
4.008e-08,40.08,-4.447300805424057,-0.11419918071302369,0.011710132276303494,85.39613186296708,nan,-0.16922446815156164
4.011e-08,40.11,-4.448210812680976,-0.11422254816391804,0.011699480818139731,85.47387833223563,nan,-0.169301483418379
4.014e-08,40.14,-4.449120819937891,-0.11424591561481225,0.011688839048471289,85.55169558355617,nan,-0.16937853373539516
4.0169999999999995e-08,40.169999999999995,-4.450030827194807,-0.11426928306570651,0.011678206958485492,85.62958368137079,nan,-0.1694556191185623
4.0199999999999996e-08,40.199999999999996,-4.450940834451728,-0.1142926505166009,0.011667584539377723,85.70754269017996,nan,-0.16953273958383955
4.0230000000000004e-08,40.230000000000004,-4.451850841708644,-0.11431601796749515,0.011656971782351542,85.7855726745417,nan,-0.16960989514719216
4.026e-08,40.26,-4.452760848965561,-0.11433938541838941,0.011646368678618322,85.86367369907407,nan,-0.16968708582459396
4.029e-08,40.29,-4.4536708562224785,-0.11436275286928371,0.011635775219397468,85.94184582845376,nan,-0.16976431163202574
4.032e-08,40.32,-4.454580863479396,-0.114386120320178,0.011625191395916421,86.02008912741599,nan,-0.1698415725854753
4.0349999999999994e-08,40.349999999999994,-4.455490870736313,-0.11440948777107227,0.011614617199410596,86.09840366075488,nan,-0.16991886870093767
4.038e-08,40.38,-4.456400877993232,-0.11443285522196661,0.011604052621123297,86.17678949332425,nan,-0.16999619999441581
4.041e-08,40.410000000000004,-4.457310885250147,-0.11445622267286082,0.011593497652305962,86.25524669003566,nan,-0.1700735664819187
4.044e-08,40.44,-4.458009374888064,-0.11447415870819476,0.011585402541833122,86.31551613240477,nan,-0.17013297416716366
4.047e-08,40.47,-4.458664128730405,-0.11449097168209407,0.011577819437807951,86.37205005412761,nan,-0.17018868089448697
4.05e-08,40.5,-4.459318882572747,-0.11450778465599343,0.011570241297224164,86.42862100377384,nan,-0.1702444058618928
4.053e-08,40.53,-4.459973636415091,-0.11452459762989284,0.011562668116832993,86.48522900559558,nan,-0.17030014907535357
4.056e-08,40.56,-4.460628390257433,-0.1145414106037922,0.011555099893387835,86.5418740838605,nan,-0.17035591054084326
4.059e-08,40.59,-4.461283144099774,-0.1145582235776915,0.011547536623644173,86.59855626285253,nan,-0.17041169026433817
4.0619999999999996e-08,40.62,-4.461937897942118,-0.1145750365515909,0.011539978304359553,86.65527556687188,nan,-0.17046748825181693
4.065e-08,40.65,-4.4625926517844565,-0.11459184952549017,0.011532424932293806,86.71203202023354,nan,-0.17052330450925907
4.068e-08,40.68,-4.463247405626801,-0.11460866249938959,0.011524876504208657,86.76882564727003,nan,-0.1705791390426475
4.071e-08,40.71,-4.463902159469141,-0.1146254754732889,0.01151733301686818,86.8256564723282,nan,-0.17063499185796568
4.074e-08,40.74,-4.464556913311485,-0.1146422884471883,0.01150979446703838,86.88252451977216,nan,-0.17069086296120023
4.077e-08,40.77,-4.465211667153827,-0.11465910142108765,0.011502260851487521,86.93942981398094,nan,-0.17074675235833872
4.0799999999999995e-08,40.8,-4.465866420996171,-0.11467591439498706,0.011494732166985882,86.99637237935029,nan,-0.17080266005537145
4.0829999999999996e-08,40.83,-4.466521174838512,-0.11469272736888637,0.01148720841030596,87.05335224029119,nan,-0.1708585860582899
4.086e-08,40.86000000000001,-4.467175928680854,-0.11470954034278573,0.011479689578222235,87.11036942123148,nan,-0.17091453037308843
4.089e-08,40.89,-4.467830682523198,-0.11472635331668514,0.011472175667511368,87.16742394661462,nan,-0.17097049300576292
4.092e-08,40.92,-4.468485436365539,-0.11474316629058445,0.011464666674952186,87.22451584089954,nan,-0.17102647396231072
4.095e-08,40.95,-4.469140190207879,-0.11475997926448377,0.011457162597325522,87.281645128562,nan,-0.17108247324873194
4.0979999999999994e-08,40.98,-4.469794944050221,-0.11477679223838312,0.01144966343141434,87.33881183409365,nan,-0.1711384908710285
4.101e-08,41.01,-4.470441499796186,-0.11479339469900021,0.011442262978393914,87.39529950397664,nan,-0.17119382510202702
4.104e-08,41.04,-4.470917920821718,-0.11480562838706643,0.011436812942090374,87.43694638212943,nan,-0.17123461012840507
4.1069999999999997e-08,41.06999999999999,-4.471394341847251,-0.11481786207513268,0.011431365501680278,87.47861310645798,nan,-0.17127540487136259
4.11e-08,41.099999999999994,-4.471870762872783,-0.1148300957631989,0.011425920655927227,87.52029968641935,nan,-0.17131620933321412
4.113e-08,41.129999999999995,-4.472347183898314,-0.11484232945126512,0.011420478403595344,87.56200613147558,nan,-0.17135702351627521
4.116e-08,41.16,-4.47282360492385,-0.11485456313933143,0.011415038743449322,87.60373245109342,nan,-0.17139784742286218
4.119e-08,41.19,-4.473300025949385,-0.11486679682739773,0.011409601674254526,87.64547865474344,nan,-0.17143868105529123
4.122e-08,41.22,-4.473776446974915,-0.1148790305154639,0.011404167194776924,87.68724475190062,nan,-0.17147952441587896
4.1249999999999995e-08,41.24999999999999,-4.47425286800045,-0.1148912642035302,0.011398735303782895,87.72903075204583,nan,-0.1715203775069439
4.1279999999999996e-08,41.279999999999994,-4.474729289025985,-0.1149034978915965,0.011393306000039584,87.77083666466307,nan,-0.1715612403308038
4.131e-08,41.309999999999995,-4.475205710051515,-0.11491573157966267,0.011387879282314725,87.81266249924084,nan,-0.17160211288977695
4.134e-08,41.339999999999996,-4.475682131077052,-0.11492796526772903,0.011382455149376438,87.85450826527375,nan,-0.17164299518618364
4.137e-08,41.37,-4.476158552102586,-0.11494019895579528,0.01137703359999369,87.89637397225887,nan,-0.17168388722234285
4.14e-08,41.4,-4.476634973128117,-0.1149524326438615,0.011371614632935892,87.93825962969893,nan,-0.1717247890005751
4.1429999999999994e-08,41.42999999999999,-4.477111394153649,-0.11496466633192771,0.011366198246973045,87.98016524710116,nan,-0.17176570052320148
4.1459999999999995e-08,41.459999999999994,-4.477587815179183,-0.11497690001999397,0.011360784440875732,88.02209083397733,nan,-0.1718066217925436
4.149e-08,41.49,-4.478064236204714,-0.11498913370806019,0.011355373213415185,88.06403639984326,nan,-0.17184755281092326
4.152e-08,41.519999999999996,-4.4785406572302495,-0.11500136739612649,0.01134996456336312,88.1060019542201,nan,-0.17188849358066352
4.155e-08,41.55,-4.479017078255783,-0.11501360108419274,0.011344558489491958,88.1479875066326,nan,-0.171929444104087
4.158e-08,41.58,-4.479493499281315,-0.11502583477225896,0.011339154990574644,88.18999306661053,nan,-0.1719704043835175
4.1609999999999993e-08,41.60999999999999,-4.479936619447589,-0.11503721335044827,0.011334131495418016,88.22908049057523,nan,-0.17200851038183798
4.164e-08,41.64,-4.4802865579051705,-0.1150461991795847,0.01133016594081498,88.25996064167705,nan,-0.17203860921135267
4.167e-08,41.67,-4.480636496362754,-0.11505518500872117,0.011326201773669206,88.29085160082246,nan,-0.17206871330769727
4.1699999999999996e-08,41.699999999999996,-4.480986434820339,-0.11506417083785768,0.011322238993495258,88.32175337179424,nan,-0.17209882267179336
4.173e-08,41.73,-4.481336373277923,-0.11507315666699415,0.011318277599807905,88.35266595837622,nan,-0.1721289373045624
4.176e-08,41.76,-4.481686311735508,-0.11508214249613066,0.011314317592122007,88.38358936435418,nan,-0.1721590572069267
4.179e-08,41.79,-4.482036250193094,-0.11509112832526718,0.011310358969952654,88.41452359351474,nan,-0.17218918237980815
4.182e-08,41.82,-4.4823861886506755,-0.1151001141544036,0.011306401732815125,88.4454686496457,nan,-0.17221931282412872
4.185e-08,41.85,-4.482736127108259,-0.11510909998354008,0.01130244588022477,88.47642453653698,nan,-0.17224944854081128
4.1879999999999995e-08,41.879999999999995,-4.483086065565844,-0.11511808581267659,0.011298491411697163,88.50739125797932,nan,-0.1722795895307784
4.1909999999999996e-08,41.91,-4.483436004023432,-0.11512707164181314,0.011294538326748059,88.53836881776482,nan,-0.17230973579495287
4.194e-08,41.94,-4.483785942481013,-0.11513605747094957,0.01129058662489345,88.56935721968628,nan,-0.17233988733425695
4.197e-08,41.97,-4.484135880938599,-0.11514504330008608,0.011286636305649324,88.60035646753921,nan,-0.17237004414961446
4.2e-08,42.0,-4.484485819396184,-0.1151540291292226,0.011282687368531979,88.63136656511938,nan,-0.17240020624194835
4.203e-08,42.03,-4.484835757853768,-0.11516301495835907,0.011278739813057857,88.66238751622404,nan,-0.17243037361218183
4.2059999999999994e-08,42.059999999999995,-4.485185696311353,-0.11517200078749558,0.011274793638743515,88.69341932465221,nan,-0.1724605462612388
4.2089999999999995e-08,42.089999999999996,-4.485535634768935,-0.11518098661663201,0.011270848845105777,88.72446199420351,nan,-0.17249072419004244
4.212e-08,42.120000000000005,-4.48588557322652,-0.11518997244576852,0.011266905431661494,88.75551552867994,nan,-0.1725209073995173
4.215e-08,42.15,-4.486235511684104,-0.11519895827490499,0.011262963397927827,88.78657993188375,nan,-0.17255109589058695
4.218e-08,42.18,-4.4865854501416855,-0.11520794410404142,0.01125902274342205,88.81765520761898,nan,-0.17258128966417557
4.221e-08,42.21,-4.486891733652085,-0.11521580894779358,0.011255574818460764,88.84486275724062,nan,-0.17260772108961514
4.223999999999999e-08,42.239999999999995,-4.487150837391134,-0.11522246229462431,0.01125265883472761,88.86788577592264,nan,-0.1726300841911362
4.227e-08,42.27,-4.487409941130183,-0.11522911564145505,0.011249743606438873,88.89091476072777,nan,-0.17265245019002656
4.23e-08,42.300000000000004,-4.487669044869236,-0.11523576898828587,0.011246829133398795,88.91394971320237,nan,-0.17267481908666188
4.233e-08,42.330000000000005,-4.487928148608285,-0.11524242233511661,0.011243915415411799,88.93699063489227,nan,-0.172697190881417
4.236e-08,42.36,-4.488187252347338,-0.11524907568194744,0.011241002452282189,88.96003752734494,nan,-0.172719565574668
4.239e-08,42.39,-4.488446356086387,-0.11525572902877816,0.011238090243814487,88.98309039210697,nan,-0.17274194316678984
4.242e-08,42.42,-4.4887054598254394,-0.115262382375609,0.0112351787898131,89.00614923072668,nan,-0.17276432365815866
4.245e-08,42.45,-4.48896456356449,-0.11526903572243978,0.01123226809008263,89.02921404475163,nan,-0.1727867070491496
4.248e-08,42.480000000000004,-4.489223667303543,-0.1152756890692706,0.011229358144427626,89.05228483573057,nan,-0.17280909334013875
4.251e-08,42.51,-4.489482771042594,-0.11528234241610139,0.011226448952652773,89.07536160521207,nan,-0.17283148253150146
4.2539999999999996e-08,42.54,-4.489741874781641,-0.11528899576293207,0.01122354051456278,89.09844435474518,nan,-0.17285387462361335
4.257e-08,42.56999999999999,-4.490000978520694,-0.1152956491097629,0.01122063282996229,89.12153308588039,nan,-0.172876269616851
4.2600000000000004e-08,42.6,-4.490260082259743,-0.11530230245659363,0.011217725898656198,89.14462780016694,nan,-0.17289866751158955
4.263e-08,42.629999999999995,-4.490519185998796,-0.11530895580342446,0.011214819720449267,89.16772849915593,nan,-0.1729210683082055
4.266e-08,42.66,-4.490778289737845,-0.1153156091502552,0.01121191429514647,89.19083518439759,nan,-0.17294347200707422
4.269e-08,42.69,-4.491037393476901,-0.1153222624970861,0.011209009622552635,89.21394785744411,nan,-0.17296587860857263
4.2719999999999995e-08,42.71999999999999,-4.49129649721595,-0.11532891584391684,0.011206105702472916,89.2370665198459,nan,-0.1729882881130756
4.275e-08,42.75,-4.4915556009549995,-0.11533556919074758,0.011203202534712277,89.26019117315566,nan,-0.1730107005209598
4.278e-08,42.78,-4.49181470469405,-0.11534222253757836,0.011200300119075798,89.28332181892603,nan,-0.17303311583260161
4.281e-08,42.809999999999995,-4.492027798974352,-0.11534769443914063,0.011197913653462881,89.30234961141682,nan,-0.17305155299844116
4.284e-08,42.839999999999996,-4.492220978178265,-0.11535265495514413,0.01119575065834738,89.31960263463134,nan,-0.1730682687863359
4.287e-08,42.87,-4.492414157382177,-0.11535761547114759,0.011193588081037213,89.33685899109292,nan,-0.1730849861888798
4.29e-08,42.9,-4.492607336586085,-0.11536257598715095,0.011191425921451701,89.35411868144541,nan,-0.1731017052062286
4.293e-08,42.93,-4.492800515789996,-0.11536753650315441,0.011189264179510076,89.37138170633354,nan,-0.17311842583853898
4.296e-08,42.96,-4.49299369499391,-0.11537249701915792,0.011187102855131685,89.38864806640136,nan,-0.1731351480859667
4.2989999999999997e-08,42.989999999999995,-4.493186874197821,-0.11537745753516138,0.01118494194823591,89.4059177622929,nan,-0.1731518719486675
4.302e-08,43.019999999999996,-4.493380053401735,-0.11538241805116488,0.011182781458742071,89.42319079465297,nan,-0.1731685974267977
4.305e-08,43.05,-4.493573232605643,-0.11538737856716824,0.011180621386569623,89.44046716412552,nan,-0.17318532452051275
4.308e-08,43.08,-4.493766411809558,-0.11539233908317179,0.011178461731637815,89.45774687135639,nan,-0.17320205322996976
4.311e-08,43.11,-4.493959591013464,-0.11539729959917511,0.011176302493866233,89.475029916989,nan,-0.17321878355532344
4.314e-08,43.14,-4.494152770217379,-0.11540226011517866,0.011174143673174097,89.4923163016699,nan,-0.1732355154967314
4.3169999999999995e-08,43.169999999999995,-4.494345949421291,-0.11540722063118213,0.011171985269480987,89.5096060260431,nan,-0.17325224905434866
4.3199999999999996e-08,43.199999999999996,-4.494539128625201,-0.11541218114718553,0.01116982728270633,89.52689909075394,nan,-0.1732689842283315
4.3230000000000004e-08,43.230000000000004,-4.494732307829112,-0.11541714166318899,0.011167669712769559,89.54419549644813,nan,-0.17328572101883635
4.326e-08,43.26,-4.494925487033026,-0.11542210217919249,0.011165512559590153,89.5614952437711,nan,-0.17330245942601938
4.329e-08,43.29,-4.495118666236939,-0.115427062695196,0.011163355823087634,89.57879833336831,nan,-0.17331919945003654
4.332e-08,43.32,-4.495311845440845,-0.11543202321119932,0.011161199503181595,89.59610476588485,nan,-0.17333594109104347
4.335e-08,43.35,-4.495505024644759,-0.11543698372720282,0.011159043599791406,89.6134145419678,nan,-0.17335268434919757
4.338e-08,43.38,-4.495698203848667,-0.1154419442432062,0.011156888112836754,89.63072766226206,nan,-0.17336942922465393
4.341e-08,43.410000000000004,-4.495847197135179,-0.11544577013940611,0.011155225935239302,89.64408303385457,nan,-0.17338234514626477
4.344e-08,43.44,-4.49599209756026,-0.11544949093783041,0.011153609655362062,89.65707344072716,nan,-0.17339490718907724
4.347e-08,43.47,-4.496136997985348,-0.1154532117362549,0.011151993609667416,89.67006573005226,nan,-0.17340747014204594
4.35e-08,43.5,-4.496281898410434,-0.11545693253467933,0.011150377798121534,89.68305990210185,nan,-0.17342003400523606
4.353e-08,43.53,-4.496426798835522,-0.11546065333310382,0.01114876222069045,89.69605595714906,nan,-0.1734325987787139
4.356e-08,43.56,-4.496571699260608,-0.11546437413152826,0.011147146877340282,89.70905389546645,nan,-0.17344516446254504
4.359e-08,43.59,-4.496716599685696,-0.11546809492995273,0.011145531768037077,89.72205371732726,nan,-0.1734577310567958
4.3619999999999996e-08,43.62,-4.49686150011078,-0.11547181572837711,0.011143916892746979,89.73505542300394,nan,-0.17347029856153165
4.365e-08,43.65,-4.4970064005358665,-0.11547553652680155,0.011142302251436026,89.74805901276996,nan,-0.17348286697681903
4.368e-08,43.68,-4.4971513009609545,-0.11547925732522604,0.011140687844070315,89.76106448689833,nan,-0.1734954363027239
4.371e-08,43.71,-4.497296201386037,-0.11548297812365038,0.01113907367061603,89.77407184566151,nan,-0.17350800653931164
4.374e-08,43.74,-4.497441101811125,-0.11548669892207486,0.011137459731039162,89.78708108933353,nan,-0.17352057768664916
4.377e-08,43.77,-4.4975860022362095,-0.11549041972049925,0.01113584602530592,89.80009221818675,nan,-0.17353314974480163
4.3799999999999995e-08,43.8,-4.497730902661299,-0.11549414051892377,0.011134232553382327,89.81310523249515,nan,-0.17354572271383586
4.383e-08,43.830000000000005,-4.49787580308638,-0.11549786131734807,0.011132619315234661,89.82612013253066,nan,-0.1735582965938166
4.3860000000000004e-08,43.86000000000001,-4.498020703511468,-0.11550158211577256,0.011131006310828875,89.83913691856802,nan,-0.17357087138481125
4.389e-08,43.89,-4.498165603936558,-0.11550530291419708,0.011129393540131162,89.85215559088,nan,-0.17358344708688533
4.392e-08,43.92,-4.498310504361642,-0.11550902371262148,0.011127781003107736,89.86517614973936,nan,-0.1735960237001042
4.395e-08,43.95,-4.498455404786727,-0.11551274451104586,0.011126168699724683,89.8781985954199,nan,-0.17360860122453445
4.398e-08,43.980000000000004,-4.498595582465452,-0.11551634403731248,0.011124609168531538,89.89079839575176,nan,-0.17362076967632897
4.401e-08,44.010000000000005,-4.498704849696638,-0.11551914983544177,0.011123393679697419,89.90062105103901,nan,-0.1736302554658376
4.404e-08,44.04,-4.49881411692783,-0.11552195563357122,0.011122178323669083,89.91044477967974,nan,-0.17363974177360383
4.407e-08,44.07,-4.498923384159021,-0.11552476143170061,0.0111209631004321,89.92026958179058,nan,-0.1736492285996554
4.41e-08,44.099999999999994,-4.499032651390204,-0.11552756722982982,0.01111974800997202,89.93009545748836,nan,-0.17365871594402008
4.413e-08,44.129999999999995,-4.49914191862139,-0.11553037302795911,0.011118533052274218,89.93992240689136,nan,-0.17366820380672715
4.416e-08,44.16,-4.499251185852577,-0.11553317882608842,0.011117318227324226,89.94975043011657,nan,-0.17367769218780463
4.419e-08,44.19,-4.499360453083765,-0.11553598462421777,0.011116103535107523,89.95957952728149,nan,-0.17368718108728098
4.422e-08,44.22,-4.499469720314956,-0.11553879042234716,0.011114888975609603,89.96940969850348,nan,-0.17369667050518456
4.4249999999999996e-08,44.24999999999999,-4.499578987546142,-0.11554159622047645,0.011113674548816026,89.97924094389944,nan,-0.17370616044154316
4.428e-08,44.279999999999994,-4.4996882547773325,-0.11554440201860584,0.011112460254712212,89.98907326358736,nan,-0.17371565089638583
4.4310000000000004e-08,44.31,-4.499797522008519,-0.11554720781673515,0.011111246093283745,89.99890665768402,nan,-0.17372514186974017
4.434e-08,44.339999999999996,-4.499906789239709,-0.11555001361486454,0.011110032064516048,90.00874112630744,nan,-0.1737346333616352
4.437e-08,44.37,-4.500016056470894,-0.11555281941299379,0.011108818168394725,90.01857666957426,nan,-0.1737441253720984
4.44e-08,44.4,-4.500125323702083,-0.11555562521112314,0.011107604404905184,90.02841328760267,nan,-0.17375361790115898
4.4429999999999995e-08,44.42999999999999,-4.500234590933271,-0.11555843100925249,0.011106390774032974,90.03825098050984,nan,-0.1737631109488449
4.446e-08,44.46,-4.500343858164458,-0.11556123680738178,0.011105177275763625,90.04808974841305,nan,-0.17377260451518434
4.4490000000000003e-08,44.49,-4.500453125395648,-0.11556404260551117,0.011103963910082587,90.05792959143024,nan,-0.1737820986002061
4.452e-08,44.519999999999996,-4.500562392626833,-0.11556684840364044,0.011102750676975474,90.06777050967808,nan,-0.1737915932039378
4.455e-08,44.55,-4.500671659858021,-0.11556965420176979,0.0111015375764277,90.0776125032749,nan,-0.17380108832640848
4.458e-08,44.58,-4.500771663027852,-0.11557222211443478,0.011100427442989424,90.08662100048761,nan,-0.17380977887355353
4.461e-08,44.61,-4.500854450258185,-0.11557434795082211,0.011099508507384495,90.09407933105334,nan,-0.17381697363756005
4.464e-08,44.64,-4.500937237488511,-0.11557647378720926,0.011098589647852628,90.1015382790985,nan,-0.1738241686993894
4.467e-08,44.67,-4.501020024718841,-0.1155785996235965,0.011097670864387411,90.1089978446752,nan,-0.17383136405905483
4.4699999999999997e-08,44.699999999999996,-4.501102811949169,-0.11558072545998369,0.011096752156982602,90.11645802783408,nan,-0.17383855971656823
4.473e-08,44.73,-4.501185599179497,-0.11558285129637087,0.011095833525631888,90.12391882862643,nan,-0.17384575567194208
4.476e-08,44.76,-4.501268386409825,-0.11558497713275807,0.011094914970328969,90.13138024710337,nan,-0.1738529519251887
4.479e-08,44.79,-4.501351173640158,-0.1155871029691454,0.011093996491067494,90.13884228331654,nan,-0.17386014847632086
4.482e-08,44.82,-4.5014339608704805,-0.11558922880553245,0.011093078087841345,90.14630493731563,nan,-0.17386734532534956
4.485e-08,44.85,-4.50151674810081,-0.11559135464191969,0.011092159760644028,90.15376820915338,nan,-0.17387454247228865
4.4879999999999996e-08,44.879999999999995,-4.501599535331138,-0.11559348047830688,0.011091241509469349,90.16123209888016,nan,-0.17388173991714967
4.4909999999999996e-08,44.91,-4.501682322561466,-0.11559560631469407,0.011090323334310995,90.16869660654729,nan,-0.1738889376599451
4.4940000000000004e-08,44.940000000000005,-4.501765109791794,-0.11559773215108125,0.011089405235162674,90.1761617322059,nan,-0.1738961357006873
4.497e-08,44.97,-4.501847897022124,-0.1155998579874685,0.01108848721201807,90.18362747590733,nan,-0.17390333403938876
4.5e-08,45.0,-4.501930684252454,-0.11560198382385573,0.011087569264870917,90.1910938377026,nan,-0.17391053267606163
4.503e-08,45.03,-4.502013471482783,-0.11560410966024297,0.01108665139371492,90.19856081764286,nan,-0.17391773161071827
4.5059999999999995e-08,45.059999999999995,-4.502096258713108,-0.11560623549663006,0.011085733598543845,90.2060284157788,nan,-0.17392493084337057
4.509e-08,45.09,-4.502179045943436,-0.11560836133301726,0.011084815879351308,90.21349663216245,nan,-0.1739321303740316
4.512e-08,45.120000000000005,-4.502261833173764,-0.11561048716940445,0.011083898236131056,90.22096546684462,nan,-0.1739393302027134
4.515e-08,45.15,-4.502344620404093,-0.11561261300579168,0.01108298066887678,90.22843491987669,nan,-0.17394653032942844
4.518e-08,45.18,-4.502416179524735,-0.11561445052326741,0.011082187608901704,90.23489181835865,nan,-0.17395275417114545
4.521e-08,45.21,-4.5024791698416635,-0.11561606800832203,0.011081489560377335,90.24057592181218,nan,-0.17395823292698007
4.524e-08,45.24,-4.502542160158601,-0.11561768549337685,0.011080791555821782,90.24626038332126,nan,-0.17396371185537246
4.527e-08,45.27,-4.502605150475532,-0.11561930297843151,0.011080093595232451,90.25194520290701,nan,-0.17396919095632665
4.53e-08,45.300000000000004,-4.502668140792469,-0.11562092046348633,0.011079395678606415,90.25763038059327,nan,-0.17397467022984936
4.5329999999999996e-08,45.33,-4.502731131109401,-0.11562253794854103,0.011078697805941042,90.26331591640147,nan,-0.1739801496759449
4.536e-08,45.36,-4.502794121426337,-0.11562415543359582,0.011077999977233466,90.26900181035496,nan,-0.17398562929461947
4.539e-08,45.39,-4.502857111743269,-0.11562577291865052,0.011077302192480997,90.27468806247569,nan,-0.17399110908587795
4.542e-08,45.42,-4.502920102060205,-0.11562739040370532,0.011076604451680787,90.28037467278683,nan,-0.1739965890497263
4.545e-08,45.45,-4.502983092377139,-0.11562900788876006,0.011075906754830125,90.28606164131048,nan,-0.1740020691861696
4.548e-08,45.480000000000004,-4.5030460826940715,-0.11563062537381474,0.011075209101926248,90.29174896806921,nan,-0.1740075494952132
4.5509999999999995e-08,45.51,-4.503109073011007,-0.11563224285886954,0.011074511492966321,90.29743665308607,nan,-0.17401302997686302
4.5539999999999996e-08,45.54,-4.5031720633279395,-0.11563386034392424,0.011073813927947661,90.30312469638295,nan,-0.1740185106311239
4.5570000000000004e-08,45.57,-4.503235053644872,-0.11563547782897893,0.011073116406867459,90.30881309798278,nan,-0.17402399145800157
4.56e-08,45.6,-4.5032980439618076,-0.11563709531403372,0.011072418929722907,90.31450185790843,nan,-0.17402947245750178
4.563e-08,45.629999999999995,-4.50336103427874,-0.11563871279908843,0.011071721496511318,90.32019097618183,nan,-0.17403495362962934
4.566e-08,45.66,-4.503424024595677,-0.11564033028414325,0.011071024107229824,90.32588045282638,nan,-0.17404043497439045
4.5689999999999994e-08,45.69,-4.50348701491261,-0.11564194776919795,0.011070326761875778,90.33157028786366,nan,-0.17404591649178966
4.572e-08,45.72,-4.503550005229542,-0.11564356525425265,0.011069629460446354,90.33726048131675,nan,-0.17405139818183285
4.575e-08,45.75,-4.503612995546478,-0.11564518273930743,0.011068932202938744,90.34295103320852,nan,-0.17405688004452577
4.578e-08,45.779999999999994,-4.503664312815923,-0.11564650048019871,0.011068364190136971,90.3475873057286,nan,-0.17406134616372881
4.581e-08,45.809999999999995,-4.5037124231153545,-0.11564773587151117,0.011067831700630786,90.35193405976776,nan,-0.17406553328583124
4.584e-08,45.839999999999996,-4.503760533414786,-0.11564897126282363,0.011067299236742214,90.35628102293559,nan,-0.17406972050865668
4.587e-08,45.87,-4.503808643714221,-0.11565020665413618,0.011066766798469982,90.36062819524248,nan,-0.17407390783220794
4.59e-08,45.9,-4.503856754013652,-0.11565144204544865,0.011066234385812938,90.36497557669784,nan,-0.17407809525648682
4.593e-08,45.93,-4.503904864313087,-0.1156526774367612,0.011065701998769772,90.36932316731237,nan,-0.17408228278149632
4.5959999999999996e-08,45.959999999999994,-4.503952974612519,-0.11565391282807366,0.011065169637339329,90.3736709670955,nan,-0.17408647040723826
4.599e-08,45.989999999999995,-4.504001084911954,-0.11565514821938622,0.011064637301520299,90.37801897605793,nan,-0.17409065813371566
4.602e-08,46.019999999999996,-4.504049195211389,-0.11565638361069877,0.011064104991311488,90.38236719420941,nan,-0.1740948459609307
4.605e-08,46.05,-4.50409730551082,-0.11565761900201123,0.011063572706711704,90.38671562155967,nan,-0.17409903388888542
4.608e-08,46.08,-4.504145415810255,-0.11565885439332378,0.011063040447719635,90.39106425811944,nan,-0.17410322191758296
4.611e-08,46.11,-4.504193526109686,-0.11566008978463624,0.01106250821433413,90.39541310389812,nan,-0.17410741004702499
4.6139999999999995e-08,46.13999999999999,-4.504241636409121,-0.11566132517594879,0.011061976006553877,90.39976215890643,nan,-0.17411159827721465
4.6169999999999996e-08,46.169999999999995,-4.504289746708553,-0.11566256056726126,0.011061443824377723,90.40411142315378,nan,-0.1741157866081537
4.6200000000000003e-08,46.2,-4.504337857007988,-0.11566379595857382,0.011060911667804358,90.4084608966509,nan,-0.17411997503984522
4.623e-08,46.23,-4.504385967307419,-0.11566503134988627,0.011060379536832629,90.41281057940719,nan,-0.174124163572291
4.626e-08,46.26,-4.504434077606854,-0.11566626674119883,0.011059847431461224,90.41716047143339,nan,-0.17412835220549402
4.629e-08,46.29,-4.5044821879062855,-0.11566750213251129,0.011059315351688992,90.42151057273891,nan,-0.1741325409394562
4.6319999999999994e-08,46.31999999999999,-4.5045302982057205,-0.11566873752382384,0.011058783297514621,90.42586088333447,nan,-0.17413672977418052
4.635e-08,46.35,-4.5045783883722486,-0.11566997239815732,0.011058251491571667,90.43020958260679,nan,-0.17414091695668762
4.638e-08,46.38,-4.504615260586265,-0.11567091921439844,0.01105784375687311,90.43354400612147,nan,-0.1741441274668617
4.641e-08,46.41,-4.504652132800281,-0.11567186603063956,0.011057436037208358,90.43687855258598,nan,-0.17414733803622562
4.644e-08,46.44,-4.504689005014297,-0.11567281284688069,0.011057028332576857,90.44021322200489,nan,-0.1741505486647805
4.647e-08,46.47,-4.504725877228314,-0.11567375966312181,0.011056620642978049,90.4435480143827,nan,-0.17415375935252742
4.65e-08,46.5,-4.504762749442326,-0.11567470647936284,0.011056212968411422,90.44688292972363,nan,-0.17415697009946715
4.653e-08,46.53,-4.504799621656343,-0.11567565329560396,0.011055805308876341,90.45021796803286,nan,-0.1741601809056014
4.656e-08,46.56,-4.504836493870359,-0.11567660011184508,0.011055397664372295,90.45355312931461,nan,-0.17416339177093096
4.6589999999999996e-08,46.589999999999996,-4.504873366084375,-0.11567754692808621,0.011054990034898725,90.45688841357341,nan,-0.17416660269545695
4.6619999999999997e-08,46.62,-4.504910238298388,-0.11567849374432723,0.01105458242045512,90.46022382081347,nan,-0.17416981367918008
4.665e-08,46.65,-4.504947110512404,-0.11567944056056836,0.011054174821040845,90.46355935103996,nan,-0.17417302472210214
4.668e-08,46.68,-4.50498398272642,-0.11568038737680948,0.011053767236655385,90.46689500425711,nan,-0.17417623582422387
4.671e-08,46.71,-4.505020854940435,-0.11568133419305056,0.011053359667298208,90.47023078046928,nan,-0.17417944698554622
4.674e-08,46.74,-4.505057727154451,-0.11568228100929169,0.011052952112968717,90.47356667968133,nan,-0.17418265820607057
4.6769999999999995e-08,46.769999999999996,-4.5050945993684675,-0.11568322782553281,0.011052544573666381,90.47690270189764,nan,-0.1741858694857979
4.6799999999999996e-08,46.8,-4.505131471582484,-0.11568417464177393,0.011052137049390644,90.48023884712275,nan,-0.17418908082472923
4.683e-08,46.830000000000005,-4.505168343796496,-0.11568512145801496,0.01105172954014099,90.48357511536086,nan,-0.1741922922228654
4.686e-08,46.86,-4.505205216010516,-0.11568606827425618,0.011051322045916752,90.48691150661749,nan,-0.17419550368020842
4.689e-08,46.89,-4.505242088224529,-0.11568701509049721,0.011050914566717527,90.49024802089586,nan,-0.17419871519675814
4.692e-08,46.92,-4.505278960438545,-0.11568796190673833,0.011050507102542647,90.4935846582015,nan,-0.17420192677251656
4.6949999999999994e-08,46.949999999999996,-4.505313964941557,-0.11568886076331227,0.011050120291803594,90.49675239660044,nan,-0.1742049757251334
4.698e-08,46.980000000000004,-4.505342312878005,-0.11568958869048852,0.011049807048135745,90.49931782914832,nan,-0.1742074449184229
4.701e-08,47.010000000000005,-4.505370660814457,-0.11569031661766487,0.011049493813347543,90.50188333442227,nan,-0.17420991414671122
4.7039999999999996e-08,47.04,-4.505399008750908,-0.11569104454484122,0.011049180587438775,90.50444891242402,nan,-0.17421238340999853
4.707e-08,47.07,-4.505427356687356,-0.11569177247201748,0.01104886737040923,90.50701456315534,nan,-0.17421485270828505
4.71e-08,47.1,-4.505455704623808,-0.11569250039919383,0.011048554162258575,90.50958028661891,nan,-0.1742173220415719
4.713e-08,47.13,-4.505484052560254,-0.11569322832637004,0.011048240962986658,90.51214608281599,nan,-0.17421979140985877
4.716e-08,47.16,-4.505512400496704,-0.11569395625354635,0.01104792777259313,90.51471195174946,nan,-0.17422226081314693
4.719e-08,47.19,-4.505540748433155,-0.11569468418072269,0.011047614591077755,90.5172778934212,nan,-0.17422473025143675
4.7219999999999995e-08,47.22,-4.505569096369603,-0.11569541210789897,0.011047301418440346,90.51984390783281,nan,-0.17422719972472825
4.7249999999999996e-08,47.24999999999999,-4.505597444306053,-0.11569614003507527,0.011046988254680588,90.52240999498682,nan,-0.17422966923302238
4.728e-08,47.279999999999994,-4.505625792242501,-0.11569686796225152,0.011046675099798271,90.52497615488497,nan,-0.17423213877631935
4.731e-08,47.309999999999995,-4.505654140178951,-0.11569759588942782,0.011046361953793103,90.52754238752966,nan,-0.17423460835461993
4.734e-08,47.339999999999996,-4.505682488115399,-0.11569832381660408,0.01104604881666487,90.53010869292261,nan,-0.17423707796792434
4.737e-08,47.37,-4.505710836051849,-0.1156990517437804,0.011045735688413286,90.53267507106622,nan,-0.1742395476162334
4.7399999999999994e-08,47.39999999999999,-4.5057391839883,-0.11569977967095674,0.011045422569038095,90.53524152196255,nan,-0.17424201729954752
4.7429999999999995e-08,47.42999999999999,-4.5057675319247465,-0.11570050759813295,0.011045109458539126,90.537808045613,nan,-0.17424448701786668
4.746e-08,47.46,-4.5057958798612,-0.11570123552530935,0.011044796356915987,90.5403746420208,nan,-0.1742469567711924
4.749e-08,47.489999999999995,-4.5058242277976515,-0.1157019634524857,0.01104448326416853,90.54294131118716,nan,-0.1742494265595244
4.752e-08,47.519999999999996,-4.505852575734098,-0.11570269137966192,0.011044170180296537,90.54550805311386,nan,-0.17425189638286295
4.755e-08,47.55,-4.5058780908067835,-0.11570334656367667,0.011043888391086583,90.54781835780688,nan,-0.17425411942194408
4.758e-08,47.58,-4.505899947577166,-0.115703907808661,0.011043647009991801,90.54979746230973,nan,-0.17425602374848792
4.761e-08,47.61,-4.505921804347551,-0.11570446905364534,0.011043405634172752,90.55177661007005,nan,-0.17425792809584323
4.764e-08,47.64,-4.505943661117936,-0.1157050302986297,0.01104316426362934,90.55375580108863,nan,-0.17425983246401008
4.7669999999999996e-08,47.669999999999995,-4.5059655178883204,-0.11570559154361405,0.011042922898361451,90.5557350353664,nan,-0.17426173685298874
4.77e-08,47.699999999999996,-4.505987374658702,-0.11570615278859832,0.01104268153836901,90.557714312904,nan,-0.17426364126277907
4.773e-08,47.73,-4.506009231429083,-0.11570671403358258,0.011042440183651862,90.55969363370268,nan,-0.17426554569338168
4.776e-08,47.76,-4.506031088199471,-0.11570727527856703,0.01104219883420981,90.56167299776403,nan,-0.17426745014479736
4.779e-08,47.79,-4.506052944969852,-0.1157078365235513,0.0110419574900429,90.56365240508772,nan,-0.17426935461702509
4.782e-08,47.82,-4.506074801740237,-0.11570839776853564,0.011041716151150896,90.56563185567566,nan,-0.17427125911006608
4.7849999999999995e-08,47.849999999999994,-4.506096658510618,-0.11570895901351991,0.011041474817533764,90.56761134952814,nan,-0.17427316362391987
4.7879999999999996e-08,47.879999999999995,-4.506118515281003,-0.11570952025850427,0.011041233489191307,90.56959088664676,nan,-0.17427506815858737
4.7910000000000004e-08,47.910000000000004,-4.506140372051387,-0.11571008150348862,0.011040992166123451,90.57157046703215,nan,-0.17427697271406847
4.794e-08,47.94,-4.506162228821768,-0.11571064274847288,0.01104075084833012,90.5735500906849,nan,-0.1742788772903631
4.797e-08,47.97,-4.50618408559215,-0.11571120399345715,0.011040509535811158,90.57552975760633,nan,-0.17428078188747176
4.8e-08,48.0,-4.506205942362534,-0.11571176523844151,0.011040268228566411,90.57750946779767,nan,-0.17428268650539502
4.8029999999999994e-08,48.029999999999994,-4.506227799132919,-0.11571232648342586,0.011040026926595805,90.57948922125955,nan,-0.17428459114413283
4.806e-08,48.06,-4.506249655903304,-0.11571288772841022,0.011039785629899223,90.58146901799293,nan,-0.17428649580368533
4.809e-08,48.09,-4.506271512673685,-0.11571344897339449,0.011039544338476589,90.58344885799842,nan,-0.1742884004840525
4.812e-08,48.12,-4.506293369444069,-0.11571401021837883,0.011039303052327708,90.58542874127761,nan,-0.1742903051852352
4.815e-08,48.15,-4.506311983298172,-0.11571448819074487,0.01103909757026371,90.58711490092493,nan,-0.17429192729993973
4.818e-08,48.18,-4.5063288794461265,-0.11571492205531532,0.011038911053613591,90.58864548715154,nan,-0.17429339973725483
4.821e-08,48.21,-4.5063457755940775,-0.11571535591988567,0.011038724540114895,90.59017609923906,nan,-0.17429487218700893
4.824e-08,48.24,-4.506362671742028,-0.11571578978445604,0.011038538029767533,90.59170673718823,nan,-0.17429634464920243
4.827e-08,48.27,-4.506379567889979,-0.1157162236490264,0.011038351522571451,90.59323740099953,nan,-0.17429781712383546
4.8299999999999996e-08,48.3,-4.506396464037936,-0.1157166575135969,0.011038165018526537,90.59476809067384,nan,-0.1742992896109086
4.8329999999999997e-08,48.33,-4.506413360185883,-0.11571709137816717,0.011037978517632894,90.59629880621031,nan,-0.17430076211042064
4.836e-08,48.36,-4.506430256333838,-0.11571752524273762,0.011037792019890292,90.59782954761086,nan,-0.1743022346223732
4.839e-08,48.39,-4.506447152481787,-0.11571795910730794,0.011037605525298816,90.59936031487477,nan,-0.1743037071467652
4.842e-08,48.42,-4.506464048629741,-0.11571839297187839,0.011037419033858294,90.60089110800345,nan,-0.17430517968359777
4.845e-08,48.45,-4.506480944777696,-0.11571882683644884,0.011037232545568734,90.60242192699687,nan,-0.17430665223287042
4.8479999999999995e-08,48.48,-4.506497840925645,-0.11571926070101915,0.011037046060430138,90.60395277185495,nan,-0.1743081247945829
4.8509999999999996e-08,48.51,-4.506514737073596,-0.1157196945655895,0.011036859578442377,90.6054836425788,nan,-0.17430959736873589
4.854e-08,48.540000000000006,-4.506531633221551,-0.11572012843015995,0.011036673099605378,90.60701453916901,nan,-0.17431106995532966
4.857e-08,48.57,-4.506548529369503,-0.11572056229473036,0.011036486623919145,90.60854546162552,nan,-0.17431254255436385
4.86e-08,48.6,-4.506565425517454,-0.11572099615930073,0.011036300151383628,90.6100764099488,nan,-0.17431401516583855
4.863e-08,48.63,-4.506582321665409,-0.11572143002387118,0.011036113681998711,90.61160738413975,nan,-0.17431548778975436
4.866e-08,48.660000000000004,-4.506599217813362,-0.11572186388844158,0.011035927215764402,90.61313838419831,nan,-0.17431696042611092
4.869e-08,48.69,-4.506616113961313,-0.11572229775301195,0.011035740752680646,90.61466941012493,nan,-0.1743184330749083
4.8719999999999996e-08,48.72,-4.506633010109267,-0.1157227316175824,0.011035554292747333,90.61620046192054,nan,-0.17431990573614706
4.875e-08,48.75,-4.506646593358482,-0.11572308041250311,0.011035404395081197,90.61743133271393,nan,-0.1743210896555288
4.878e-08,48.779999999999994,-4.506659686145884,-0.115723416613192,0.011035259911823407,90.61861777524418,nan,-0.17432223083374737
4.880999999999999e-08,48.809999999999995,-4.506672778933279,-0.11572375281388073,0.01103511543045737,90.61980423330772,nan,-0.17432337201943593
4.884e-08,48.839999999999996,-4.506685871720684,-0.11572408901456971,0.011034970950982867,90.62099070690635,nan,-0.1743245132125961
4.887e-08,48.87,-4.506698964508082,-0.11572442521525853,0.011034826473400068,90.62217719603872,nan,-0.17432565441322637
4.8899999999999995e-08,48.89999999999999,-4.506712057295484,-0.11572476141594742,0.011034681997708833,90.62336370070594,nan,-0.17432679562132772
4.893e-08,48.93,-4.506725150082882,-0.11572509761663624,0.011034537523909215,90.6245502209076,nan,-0.17432793683689957
4.8959999999999996e-08,48.959999999999994,-4.506738242870284,-0.11572543381732514,0.011034393052001108,90.62573675664454,nan,-0.1743290780599426
4.899e-08,48.989999999999995,-4.506751335657684,-0.115725770018014,0.01103424858198455,90.62692330791648,nan,-0.17433021929045645
4.9020000000000005e-08,49.02,-4.506764428445081,-0.11572610621870276,0.011034104113859534,90.62810987472346,nan,-0.1743313605284409
4.905e-08,49.05,-4.5067775212324825,-0.11572644241939166,0.011033959647625937,90.6292964570665,nan,-0.17433250177389686
4.9079999999999993e-08,49.07999999999999,-4.506790614019883,-0.11572677862008052,0.011033815183283812,90.63048305494515,nan,-0.1743336430268237
4.911e-08,49.11,-4.506803706807284,-0.11572711482076942,0.011033670720833097,90.63166966835993,nan,-0.17433478428722185
4.9139999999999995e-08,49.13999999999999,-4.506816799594684,-0.11572745102145827,0.011033526260273804,90.63285629731072,nan,-0.17433592555509098
4.9169999999999996e-08,49.169999999999995,-4.506829892382083,-0.11572778722214709,0.011033381801605912,90.63404294179774,nan,-0.17433706683043118
4.9200000000000004e-08,49.2,-4.506842985169486,-0.11572812342283603,0.011033237344829314,90.63522960182183,nan,-0.1743382081132431
4.923e-08,49.23,-4.506856077956886,-0.11572845962352489,0.011033092889944085,90.6364162773824,nan,-0.17433934940352605
4.925999999999999e-08,49.25999999999999,-4.506869170744283,-0.11572879582421365,0.011032948436950199,90.63760296847963,nan,-0.17434049070128002
4.929e-08,49.29,-4.5068822635316845,-0.11572913202490255,0.011032803985847535,90.63878967511454,nan,-0.17434163200650585
4.932e-08,49.32,-4.506895097882879,-0.11572946158938571,0.011032662387875184,90.63995297263811,nan,-0.17434275079096204
4.9349999999999995e-08,49.349999999999994,-4.50690526581255,-0.11572972268466324,0.011032550209110249,90.64087459799087,nan,-0.17434363714562956
4.938e-08,49.38,-4.506915433742215,-0.11572998377994058,0.01103243803148601,90.64179623271407,nan,-0.17434452350480265
4.941e-08,49.41,-4.506925601671885,-0.11573024487521806,0.011032325855002321,90.6427178768089,nan,-0.1743454098684824
4.943999999999999e-08,49.43999999999999,-4.506935769601553,-0.1157305059704955,0.01103221367965925,90.64363953027484,nan,-0.17434629623666828
4.947e-08,49.47,-4.506945937531221,-0.11573076706577293,0.011032101505456764,90.64456119311212,nan,-0.1743471826093604
4.95e-08,49.5,-4.506956105460892,-0.11573102816105046,0.011031989332394812,90.64548286532118,nan,-0.1743480689865592
4.9529999999999994e-08,49.529999999999994,-4.506966273390557,-0.11573128925632781,0.0110318771604735,90.64640454690115,nan,-0.17434895536826364
4.956e-08,49.56,-4.506976441320225,-0.11573155035160525,0.011031764989692699,90.64732623785308,nan,-0.17434984175447474
4.9589999999999996e-08,49.589999999999996,-4.506986609249893,-0.11573181144688267,0.011031652820052437,90.64824793817675,nan,-0.17435072814519223
4.962e-08,49.62,-4.506996777179561,-0.11573207254216011,0.011031540651552702,90.64916964787224,nan,-0.17435161454041612
4.9650000000000005e-08,49.650000000000006,-4.5070069451092305,-0.1157323336374376,0.011031428484193464,90.65009136693982,nan,-0.17435250094014654
4.968e-08,49.68,-4.5070171130388985,-0.11573259473271504,0.011031316317974748,90.65101309537927,nan,-0.17435338734438327
4.970999999999999e-08,49.709999999999994,-4.507027280968568,-0.11573285582799252,0.011031204152896507,90.65193483319099,nan,-0.1743542737531266
4.974e-08,49.74,-4.507037448898238,-0.11573311692327,0.011031091988958746,90.65285658037493,nan,-0.17435516016637642
4.9769999999999995e-08,49.769999999999996,-4.507047616827906,-0.11573337801854744,0.011030979826161472,90.65377833693101,nan,-0.1743560465841326
4.9799999999999996e-08,49.8,-4.507057784757571,-0.11573363911382478,0.011030867664504698,90.65470010285918,nan,-0.174356933006395
4.9830000000000003e-08,49.830000000000005,-4.507067952687239,-0.11573390020910221,0.011030755503988328,90.65562187816016,nan,-0.17435781943316422
4.986e-08,49.86,-4.50707812061691,-0.11573416130437975,0.011030643344612356,90.65654366283407,nan,-0.17435870586444038
4.988999999999999e-08,49.88999999999999,-4.507088288546578,-0.11573442239965719,0.011030531186376844,90.65746545688033,nan,-0.1743595923002228
4.992e-08,49.92,-4.507097767017083,-0.11573466579078663,0.011030426634307842,90.6583247550651,nan,-0.17436041863330726
4.995e-08,49.95,-4.5071056793943,-0.11573486896728294,0.011030339357756725,90.65904208076633,nan,-0.17436110843737376
4.9979999999999995e-08,49.98,-4.5071135917715175,-0.11573507214377926,0.011030252081896171,90.65975941214333,nan,-0.17436179824416928
5.001e-08,50.010000000000005,-4.5071215041487385,-0.11573527532027568,0.011030164806726134,90.66047674919648,nan,-0.17436248805369411
5.004e-08,50.04,-4.507129416525956,-0.11573547849677199,0.011030077532246689,90.66119409192517,nan,-0.17436317786594763
5.006999999999999e-08,50.06999999999999,-4.507137328903175,-0.11573568167326835,0.011029990258457767,90.66191144032993,nan,-0.17436386768093037
5.01e-08,50.1,-4.507145241280389,-0.11573588484976459,0.011029902985359446,90.66262879441017,nan,-0.17436455749864166
5.013e-08,50.13,-4.50715315365761,-0.115736088026261,0.011029815712951583,90.66334615416703,nan,-0.17436524731908265
5.0159999999999994e-08,50.16,-4.507161066034824,-0.11573629120275722,0.011029728441234326,90.66406351959931,nan,-0.17436593714225207
5.019e-08,50.190000000000005,-4.5071689784120395,-0.1157364943792535,0.011029641170207573,90.66478089070783,nan,-0.17436662696815072
5.0219999999999996e-08,50.22,-4.50717689078926,-0.1157366975557499,0.011029553899871281,90.66549826749296,nan,-0.17436731679677892
5.0249999999999997e-08,50.25,-4.507184803166478,-0.11573690073224623,0.011029466630225542,90.66621564995397,nan,-0.17436800662813592
5.0280000000000004e-08,50.28,-4.507192715543697,-0.11573710390874259,0.01102937936127029,90.66693303809134,nan,-0.17436869646222217
5.031e-08,50.309999999999995,-4.507200627920911,-0.11573730708523881,0.011029292093005598,90.6676504319045,nan,-0.17436938629903712
5.033999999999999e-08,50.339999999999996,-4.507208540298128,-0.11573751026173514,0.011029204825431365,90.6683678313943,nan,-0.17437007613858146
5.037e-08,50.37,-4.5072164526753475,-0.1157377134382315,0.011029117558547604,90.66908523656062,nan,-0.1743707659808551
5.0399999999999995e-08,50.39999999999999,-4.507224365052565,-0.11573791661472782,0.011029030292354346,90.66980264740319,nan,-0.17437145582585775
5.0429999999999996e-08,50.42999999999999,-4.507232277429782,-0.11573811979122414,0.01102894302685157,90.67052006392218,nan,-0.17437214567358955
5.046e-08,50.46,-4.507240189807,-0.11573832296772045,0.011028855762039269,90.67123748611769,nan,-0.17437283552405053
5.049e-08,50.489999999999995,-4.507248102184217,-0.11573852614421677,0.011028768497917436,90.67195491398972,nan,-0.17437352537724068
5.051999999999999e-08,50.51999999999999,-4.5072551025018015,-0.11573870590056064,0.011028691293305616,90.67258964869178,nan,-0.1743741357133368
5.055e-08,50.55,-4.50726127093041,-0.11573886429539927,0.011028623263820543,90.67314895781283,nan,-0.17437467352136982
5.058e-08,50.58,-4.5072674393590155,-0.11573902269023781,0.011028555234755143,90.67370827038363,nan,-0.17437521133106126
5.0609999999999995e-08,50.60999999999999,-4.5072736077876225,-0.11573918108507639,0.011028487206109354,90.67426758640467,nan,-0.1743757491424116
5.064e-08,50.64,-4.507279776216228,-0.11573933947991492,0.011028419177883213,90.67482690587568,nan,-0.1743762869554205
5.0669999999999996e-08,50.669999999999995,-4.507285944644835,-0.11573949787475352,0.011028351150076679,90.67538622879697,nan,-0.17437682477008828
5.07e-08,50.699999999999996,-4.507292113073442,-0.1157396562695921,0.011028283122689768,90.67594555516841,nan,-0.1743773625864148
5.073e-08,50.73,-4.507298281502052,-0.11573981466443077,0.011028215095722438,90.67650488499035,nan,-0.1743779004044004
5.076e-08,50.76,-4.507304449930658,-0.11573997305926931,0.011028147069174786,90.677064218262,nan,-0.17437843822404425
5.0789999999999994e-08,50.78999999999999,-4.507310618359265,-0.1157401314541079,0.011028079043046729,90.67762355498405,nan,-0.17437897604534702
5.082e-08,50.82,-4.50731678678787,-0.11574028984894644,0.011028011017338305,90.67818289515616,nan,-0.1743795138683084
5.0849999999999995e-08,50.849999999999994,-4.507322955216477,-0.11574044824378502,0.011027942992049473,90.6787422387787,nan,-0.1743800516929287
5.0879999999999996e-08,50.879999999999995,-4.507329123645084,-0.1157406066386236,0.011027874967180247,90.67930158585152,nan,-0.17438058951920776
5.0910000000000004e-08,50.910000000000004,-4.507335292073691,-0.11574076503346219,0.011027806942730627,90.67986093637464,nan,-0.1743811273471456
5.094e-08,50.94,-4.507341460502298,-0.11574092342830077,0.01102773891870061,90.68042029034808,nan,-0.17438166517674222
5.096999999999999e-08,50.96999999999999,-4.507347628930905,-0.11574108182313934,0.011027670895090193,90.68097964777188,nan,-0.17438220300799762
5.1e-08,51.0,-4.507353797359508,-0.11574124021797784,0.011027602871899413,90.68153900864571,nan,-0.1743827408409115
5.1029999999999994e-08,51.029999999999994,-4.507359965788115,-0.11574139861281642,0.011027534849128188,90.68209837297026,nan,-0.17438327867548448
5.1059999999999995e-08,51.059999999999995,-4.507366134216722,-0.11574155700765501,0.011027466826776555,90.68265774074521,nan,-0.17438381651171625
5.109e-08,51.09,-4.507372302645329,-0.11574171540249359,0.011027398804844513,90.68321711197059,nan,-0.17438435434960686
5.112e-08,51.12,-4.50737747039808,-0.11574184810166462,0.011027341818121258,90.6836857416261,nan,-0.17438480493780237
5.114999999999999e-08,51.14999999999999,-4.507382287107818,-0.11574197178664343,0.011027288702744453,90.68412253967031,nan,-0.1743852249188022
5.118e-08,51.18,-4.50738710381755,-0.11574209547162206,0.011027235587623566,90.68455933981781,nan,-0.17438564490081288
5.121e-08,51.21,-4.507391920527279,-0.11574221915660064,0.011027182472758539,90.6849961420691,nan,-0.1743860648838349
5.1239999999999994e-08,51.239999999999995,-4.507396737237013,-0.11574234284157932,0.01102712935814931,90.68543294642465,nan,-0.17438648486786867
5.127e-08,51.27,-4.507401553946748,-0.11574246652655804,0.011027076243795899,90.68586975288434,nan,-0.17438690485291405
5.1299999999999996e-08,51.3,-4.5074063706564775,-0.11574259021153661,0.011027023129698383,90.68630656144752,nan,-0.17438732483897046
5.133e-08,51.33,-4.507411187366214,-0.11574271389651539,0.011026970015856622,90.68674337211533,nan,-0.17438774482603897
5.136e-08,51.36,-4.507416004075946,-0.115742837581494,0.011026916902270754,90.68718018488664,nan,-0.17438816481411848
5.139e-08,51.39,-4.507420820785683,-0.11574296126647278,0.01102686378894066,90.68761699976245,nan,-0.17438858480320996
5.141999999999999e-08,51.419999999999995,-4.507425637495414,-0.1157430849514514,0.011026810675866455,90.68805381674179,nan,-0.17438900479331243
5.145e-08,51.45,-4.5074304542051475,-0.11574320863643008,0.01102675756304806,90.68849063582532,nan,-0.17438942478442657
5.1479999999999995e-08,51.48,-4.507435270914881,-0.11574333232140875,0.011026704450485493,90.68892745701288,nan,-0.17438984477655217
5.1509999999999996e-08,51.51,-4.507440087624612,-0.11574345600638739,0.011026651338178773,90.68936428030433,nan,-0.17439026476968914
5.1540000000000004e-08,51.540000000000006,-4.507444904334347,-0.1157435796913661,0.01102659822612784,90.68980110570016,nan,-0.1743906847638379
5.157e-08,51.57,-4.507449721044077,-0.11574370337634468,0.01102654511433279,90.69023793319957,nan,-0.1743911047589977
5.159999999999999e-08,51.599999999999994,-4.507454537753812,-0.1157438270613234,0.011026492002793506,90.69067476280352,nan,-0.17439152475516942
5.163e-08,51.63,-4.5074593544635455,-0.11574395074630207,0.011026438891510063,90.69111159451143,nan,-0.17439194475235253
5.166e-08,51.660000000000004,-4.507464171173279,-0.11574407443128075,0.01102638578048244,90.69154842832342,nan,-0.17439236475054715
5.1689999999999995e-08,51.69,-4.50746898788301,-0.11574419811625937,0.011026332669710658,90.69198526423935,nan,-0.1743927847497531
5.172e-08,51.720000000000006,-4.507472798910143,-0.11574429597700576,0.01102629064813775,90.69233089451454,nan,-0.17439311705788693
5.175e-08,51.75,-4.507476565421696,-0.11574439269466717,0.011026249117564856,90.69267248886987,nan,-0.17439344548504124
5.177999999999999e-08,51.779999999999994,-4.507480331933252,-0.11574448941232866,0.011026207587148349,90.69301408451216,nan,-0.17439377391281433
5.181e-08,51.81,-4.507484098444804,-0.11574458612999006,0.011026166056888304,90.69335568144075,nan,-0.17439410234120564
5.184e-08,51.839999999999996,-4.507487864956358,-0.11574468284765149,0.011026124526784664,90.69369727965613,nan,-0.17439443077021563
5.1869999999999994e-08,51.87,-4.507491631467911,-0.1157447795653129,0.011026082996837466,90.69403887915799,nan,-0.17439475919984396
5.19e-08,51.9,-4.507495397979461,-0.11574487628297425,0.011026041467046712,90.69438047994632,nan,-0.17439508763009068
5.1929999999999996e-08,51.92999999999999,-4.507499164491014,-0.11574497300063565,0.01102599993741236,90.69472208202146,nan,-0.17439541606095604
5.196e-08,51.959999999999994,-4.50750293100257,-0.11574506971829714,0.01102595840793439,90.69506368538357,nan,-0.17439574449244027
5.199e-08,51.989999999999995,-4.5075066975141205,-0.11574516643595849,0.0110259168786129,90.69540529003186,nan,-0.17439607292454254
5.202e-08,52.019999999999996,-4.507510464025673,-0.11574526315361988,0.01102587534944781,90.69574689596698,nan,-0.1743964013572635
5.204999999999999e-08,52.04999999999999,-4.507514230537227,-0.11574535987128133,0.011025833820439122,90.6960885031889,nan,-0.1743967297906031
5.208e-08,52.08,-4.507517997048783,-0.11574545658894282,0.011025792291586832,90.69643011169767,nan,-0.17439705822456142
5.2109999999999995e-08,52.10999999999999,-4.507521763560337,-0.11574555330660426,0.01102575076289098,90.69677172149295,nan,-0.1743973866591381
5.2139999999999996e-08,52.13999999999999,-4.50752553007189,-0.11574565002426566,0.011025709234351568,90.69711333257474,nan,-0.17439771509433313
5.217e-08,52.17,-4.507529296583442,-0.11574574674192706,0.011025667705968571,90.69745494494323,nan,-0.1743980435301467
5.22e-08,52.199999999999996,-4.507533063094996,-0.11574584345958851,0.01102562617774197,90.69779655859857,nan,-0.17439837196657898
5.222999999999999e-08,52.22999999999999,-4.507536829606549,-0.1157459401772499,0.011025584649671807,90.69813817354043,nan,-0.1743987004036296
5.226e-08,52.26,-4.507540596118103,-0.11574603689491134,0.011025543121758042,90.69847978976915,nan,-0.1743990288412989
5.229e-08,52.29,-4.50754421956613,-0.1157461299389428,0.01102550317134795,90.6988084315922,nan,-0.17439934480449362
5.2319999999999995e-08,52.31999999999999,-4.507547168224226,-0.11574620565550742,0.011025470660956688,90.6990758717623,nan,-0.17439960192670317
5.235e-08,52.35,-4.507550116882321,-0.11574628137207199,0.011025438150661308,90.69934331272084,nan,-0.17439985904929167
5.2379999999999997e-08,52.379999999999995,-4.5075530655404155,-0.11574635708863656,0.01102540564046179,90.69961075446797,nan,-0.17440011617225928
5.240999999999999e-08,52.40999999999999,-4.50755601419851,-0.11574643280520112,0.011025373130358132,90.6998781970037,nan,-0.17440037329560593
5.244e-08,52.44,-4.507558962856603,-0.11574650852176566,0.011025340620350356,90.70014564032786,nan,-0.17440063041933154
5.247e-08,52.47,-4.507561911514697,-0.11574658423833023,0.01102530811043842,90.70041308444078,nan,-0.17440088754343636
5.2499999999999994e-08,52.49999999999999,-4.507564860172792,-0.1157466599548948,0.011025275600622345,90.7006805293423,nan,-0.17440114466792028
5.253e-08,52.53,-4.507567808830887,-0.11574673567145938,0.01102524309090213,90.70094797503243,nan,-0.1744014017927833
5.2559999999999996e-08,52.559999999999995,-4.507570757488979,-0.1157468113880239,0.011025210581277796,90.70121542151101,nan,-0.17440165891802523
5.2589999999999996e-08,52.589999999999996,-4.507573706147076,-0.11574688710458851,0.01102517807174928,90.70148286877853,nan,-0.17440191604364658
5.2620000000000004e-08,52.620000000000005,-4.507576654805169,-0.11574696282115304,0.011025145562316664,90.70175031683432,nan,-0.17440217316964668
5.265e-08,52.65,-4.507579603463263,-0.11574703853771762,0.011025113052979887,90.70201776567889,nan,-0.17440243029602603
5.267999999999999e-08,52.67999999999999,-4.507582552121356,-0.11574711425428214,0.01102508054373899,90.70228521531192,nan,-0.17440268742278434
5.271e-08,52.71,-4.507585500779452,-0.11574718997084675,0.01102504803459391,90.70255266573389,nan,-0.17440294454992203
5.2739999999999994e-08,52.739999999999995,-4.507588449437549,-0.11574726568741138,0.011025015525544688,90.70282011694448,nan,-0.1744032016774388
5.2769999999999995e-08,52.769999999999996,-4.507591398095643,-0.11574734140397594,0.011024983016591347,90.70308756894353,nan,-0.17440345880533453
5.28e-08,52.800000000000004,-4.507594346753736,-0.11574741712054047,0.01102495050773388,90.70335502173104,nan,-0.1744037159336092
5.283e-08,52.83,-4.507597295411832,-0.11574749283710509,0.011024917998972232,90.70362247530751,nan,-0.17440397306226324
5.285999999999999e-08,52.85999999999999,-4.507600244069929,-0.1157475685536697,0.011024885490306441,90.7038899296726,nan,-0.1744042301912964
5.289e-08,52.89,-4.507602942304906,-0.11574763783979118,0.01102485574261492,90.70413467041121,nan,-0.1744044654832522
5.292e-08,52.92,-4.507605252517848,-0.11574769716216148,0.011024830272879921,90.70434421651905,nan,-0.17440466693909518
5.2949999999999994e-08,52.949999999999996,-4.507607562730783,-0.1157477564845316,0.011024804803203841,90.70455376311034,nan,-0.17440486839517025
5.298e-08,52.980000000000004,-4.507609872943725,-0.11574781580690191,0.011024779333586525,90.70476331018638,nan,-0.17440506985147863
5.3009999999999996e-08,53.01,-4.5076121831566685,-0.11574787512927226,0.011024753864028028,90.70497285774667,nan,-0.1744052713080199
5.303999999999999e-08,53.03999999999999,-4.5076144933696085,-0.11574793445164251,0.01102472839452841,90.70518240579075,nan,-0.17440547276479354
5.307e-08,53.07,-4.507616803582545,-0.11574799377401268,0.01102470292508767,90.7053919543186,nan,-0.1744056742217996
5.31e-08,53.1,-4.507619113795487,-0.11574805309638299,0.011024677455705713,90.70560150333104,nan,-0.1744058756790388
5.3129999999999993e-08,53.129999999999995,-4.507621424008427,-0.11574811241875324,0.011024651986382616,90.70581105282741,nan,-0.17440607713651057
5.316e-08,53.160000000000004,-4.507623734221363,-0.11574817174112341,0.011024626517118396,90.70602060280758,nan,-0.1744062785942147
5.3189999999999995e-08,53.19,-4.507626044434305,-0.11574823106349372,0.011024601047912957,90.70623015327233,nan,-0.17440648005215204
5.3219999999999996e-08,53.22,-4.507628354647245,-0.11574829038586397,0.011024575578766377,90.70643970422104,nan,-0.17440668151032193
5.3250000000000004e-08,53.25000000000001,-4.507630664860185,-0.11574834970823422,0.011024550109678635,90.70664925565384,nan,-0.1744068829687245
5.328e-08,53.28,-4.507632975073125,-0.11574840903060449,0.011024524640649732,90.70685880757075,nan,-0.17440708442735978
5.330999999999999e-08,53.309999999999995,-4.507635285286067,-0.11574846835297478,0.01102449917167965,90.70706835997194,nan,-0.17440728588622795
5.334e-08,53.339999999999996,-4.507637595499004,-0.11574852767534495,0.011024473702768465,90.70727791285675,nan,-0.17440748734532832
5.3369999999999994e-08,53.37,-4.507639905711944,-0.11574858699771522,0.011024448233916078,90.707487466226,nan,-0.17440768880466173
5.3399999999999995e-08,53.4,-4.507642215924886,-0.11574864632008551,0.011024422765122511,90.70769702007952,nan,-0.174407890264228
5.343e-08,53.43,-4.507644526137826,-0.11574870564245578,0.011024397296387801,90.707906574417,nan,-0.17440809172402683
5.346e-08,53.459999999999994,-4.507646836350766,-0.11574876496482603,0.01102437182771193,90.70811612923859,nan,-0.17440829318405837
5.348999999999999e-08,53.48999999999999,-4.507648841980709,-0.11574881646601885,0.011024349716923862,90.70829805633481,nan,-0.1744084680833936
5.352e-08,53.519999999999996,-4.507650652510655,-0.11574886295737295,0.011024329757026628,90.7084622865735,nan,-0.17440862596934226
5.355e-08,53.55,-4.507652463040602,-0.11574890944872705,0.011024309797165533,90.70862651710954,nan,-0.17440878385543385
5.3579999999999994e-08,53.57999999999999,-4.507654273570552,-0.11574895594008125,0.011024289837340537,90.70879074794324,nan,-0.17440894174166865
5.361e-08,53.61,-4.5076560841004945,-0.11574900243143525,0.011024269877551757,90.70895497907364,nan,-0.1744090996280458
5.3639999999999996e-08,53.63999999999999,-4.507657894630444,-0.11574904892278945,0.011024249917799036,90.70911921050204,nan,-0.17440925751456648
5.366999999999999e-08,53.66999999999999,-4.507659705160394,-0.11574909541414363,0.011024229958082452,90.70928344222777,nan,-0.1744094154012301
5.37e-08,53.699999999999996,-4.507661515690337,-0.11574914190549765,0.011024209998402085,90.70944767425021,nan,-0.17440957328803597
5.373e-08,53.73,-4.507663326220287,-0.11574918839685183,0.011024190038757778,90.70961190657064,nan,-0.17440973117498546
5.375999999999999e-08,53.75999999999999,-4.50766513675023,-0.11574923488820585,0.011024170079149685,90.70977613918778,nan,-0.17440988906207722
5.379e-08,53.79,-4.5076669472801765,-0.11574928137955995,0.011024150119577691,90.7099403721026,nan,-0.17441004694931223
5.3819999999999995e-08,53.81999999999999,-4.507668757810123,-0.11574932787091405,0.011024130160041834,90.71010460531474,nan,-0.17441020483669017
5.385e-08,53.85,-4.507670568340071,-0.11574937436226819,0.011024110200542095,90.71026883882442,nan,-0.1744103627242112
5.3880000000000003e-08,53.88,-4.5076723788700175,-0.11574942085362229,0.011024090241078513,90.71043307263126,nan,-0.174410520611875
5.391e-08,53.91,-4.507674189399964,-0.11574946734497639,0.01102407028165107,90.71059730673547,nan,-0.17441067849968175
5.3940000000000005e-08,53.940000000000005,-4.50767599992991,-0.11574951383633049,0.011024050322259761,90.71076154113703,nan,-0.1744108363876314
5.397e-08,53.97,-4.5076778104598585,-0.11574956032768464,0.011024030362904572,90.7109257758361,nan,-0.17441099427572415
5.3999999999999994e-08,53.99999999999999,-4.507679620989803,-0.1157496068190387,0.011024010403585556,90.7110900108322,nan,-0.17441115216395953
5.403e-08,54.03,-4.5076814315197495,-0.1157496533103928,0.01102399044430266,90.7112542461258,nan,-0.17441131005233798
5.406e-08,54.06,-4.5076832420496995,-0.11574969980174699,0.011023970485055861,90.7114184817171,nan,-0.17441146794085968
5.4089999999999997e-08,54.089999999999996,-4.507684728251766,-0.11574973796490837,0.011023954101220321,90.71155329731486,nan,-0.17441159754624985
5.4120000000000004e-08,54.120000000000005,-4.507686146544108,-0.11574977438426262,0.011023938466041727,90.7116819529075,nan,-0.1744117212296103
5.415e-08,54.15,-4.507687564836459,-0.1157498108036171,0.011023922830885208,90.7118106086834,nan,-0.17441184491305925
5.418e-08,54.18,-4.507688983128803,-0.1157498472229714,0.011023907195750944,90.71193926464113,nan,-0.17441196859659527
5.421000000000001e-08,54.21000000000001,-4.5076904014211525,-0.11574988364232583,0.011023891560638797,90.71206792078182,nan,-0.17441209228021948
5.424e-08,54.24,-4.5076918197135,-0.11574992006168022,0.011023875925548843,90.71219657710482,nan,-0.17441221596393122
5.4269999999999996e-08,54.269999999999996,-4.507693238005849,-0.11574995648103466,0.011023860290481045,90.71232523361046,nan,-0.17441233964773084
5.43e-08,54.300000000000004,-4.507694656298195,-0.115749992900389,0.01102384465543546,90.71245389029824,nan,-0.1744124633316179
5.433e-08,54.33,-4.507696074590543,-0.11575002931974339,0.011023829020412034,90.71258254716865,nan,-0.17441258701559278
5.436e-08,54.36,-4.507697492882887,-0.11575006573909769,0.01102381338541082,90.71271120422122,nan,-0.17441271069965505
5.4390000000000006e-08,54.39000000000001,-4.507698911175236,-0.11575010215845212,0.011023797750431722,90.71283986145676,nan,-0.1744128343838055
5.442e-08,54.42,-4.5077003294675855,-0.11575013857780656,0.0110237821154748,90.71296851887475,nan,-0.1744129580680437
5.4449999999999995e-08,54.449999999999996,-4.5077017477599295,-0.11575017499716085,0.01102376648054011,90.71309717647475,nan,-0.1744130817523691
5.448e-08,54.480000000000004,-4.507703166052275,-0.11575021141651519,0.011023750845627577,90.71322583425737,nan,-0.17441320543678238
5.451e-08,54.510000000000005,-4.507704584344625,-0.11575024783586962,0.01102373521073718,90.71335449222279,nan,-0.17441332912128368
5.454e-08,54.54,-4.507706002636972,-0.115750284255224,0.011023719575868975,90.71348315037052,nan,-0.17441345280587256
5.4570000000000005e-08,54.57000000000001,-4.50770742092932,-0.1157503206745784,0.011023703941022946,90.71361180870073,nan,-0.17441357649054912
5.46e-08,54.6,-4.5077088392216655,-0.11575035709393273,0.011023688306199111,90.71374046721326,nan,-0.17441370017531324
5.4629999999999994e-08,54.629999999999995,-4.507710257514015,-0.11575039351328717,0.011023672671397413,90.71386912590859,nan,-0.17441382386016538
5.466e-08,54.660000000000004,-4.507711662154517,-0.1157504295820852,0.011023657187111176,90.71399654637271,nan,-0.17441394635456892
5.469e-08,54.690000000000005,-4.507712771436729,-0.11575045806658071,0.011023644958771122,90.71409717385134,nan,-0.17441404309173994
5.4719999999999996e-08,54.72,-4.507713880718944,-0.11575048655107628,0.011023632730444611,90.71419780144176,nan,-0.17441413982896473
5.4750000000000004e-08,54.75000000000001,-4.507714990001155,-0.11575051503557177,0.011023620502131706,90.71429842914347,nan,-0.1744142365662429
5.478e-08,54.78,-4.507716099283369,-0.11575054352006733,0.011023608273832326,90.71439905695713,nan,-0.174414333303575
5.481e-08,54.81,-4.507717208565582,-0.11575057200456285,0.01102359604554653,90.71449968488226,nan,-0.17441443004096063
5.4840000000000007e-08,54.84,-4.507718317847793,-0.11575060048905833,0.011023583817274318,90.71460031291885,nan,-0.17441452677839975
5.487e-08,54.87,-4.507719427130006,-0.11575062897355384,0.01102357158901565,90.71470094106724,nan,-0.17441462351589268
5.4899999999999995e-08,54.9,-4.50772053641222,-0.11575065745804941,0.011023559360770529,90.71480156932739,nan,-0.1744147202534394
5.493e-08,54.93,-4.50772164569443,-0.11575068594254484,0.01102354713253903,90.71490219769869,nan,-0.17441481699103933
5.496e-08,54.959999999999994,-4.507722754976644,-0.11575071442704041,0.011023534904321036,90.71500282618211,nan,-0.1744149137286934
5.499e-08,54.989999999999995,-4.507723864258857,-0.11575074291153593,0.011023522676116629,90.715103454777,nan,-0.17441501046640093
5.5020000000000006e-08,55.02,-4.507724973541068,-0.1157507713960314,0.011023510447925804,90.71520408348333,nan,-0.17441510720416198
5.505e-08,55.05,-4.507726082823282,-0.11575079988052697,0.011023498219748504,90.71530471230162,nan,-0.174415203941977
5.5079999999999994e-08,55.07999999999999,-4.507727192105493,-0.11575082836502246,0.011023485991584809,90.71540534123122,nan,-0.17441530067984534
5.511e-08,55.11,-4.507728301387706,-0.11575085684951797,0.011023473763434658,90.71550597027259,nan,-0.17441539741776751
5.514e-08,55.14,-4.507729410669921,-0.11575088533401354,0.011023461535298052,90.71560659942577,nan,-0.17441549415574348
5.517e-08,55.169999999999995,-4.507730519952132,-0.11575091381850902,0.01102344930717505,90.71570722869023,nan,-0.17441559089377281
5.5200000000000005e-08,55.2,-4.507731629234348,-0.11575094230300463,0.011023437079065553,90.71580785806681,nan,-0.17441568763185625
5.523e-08,55.23,-4.507732738516557,-0.11575097078750006,0.0110234248509697,90.71590848755437,nan,-0.17441578436999272
5.525999999999999e-08,55.25999999999999,-4.5077337838401945,-0.11575099762964729,0.01102341332792916,90.71600331508738,nan,-0.17441587553048762
5.529e-08,55.29,-4.507734648532118,-0.11575101983347688,0.011023403796076808,90.71608175651667,nan,-0.17441595093850334
5.532e-08,55.32,-4.507735513224038,-0.11575104203730638,0.011023394264232737,90.71616019801348,nan,-0.1744160263465514
5.5349999999999996e-08,55.349999999999994,-4.507736377915963,-0.11575106424113601,0.01102338473239685,90.7162386395786,nan,-0.17441610175463249
5.5380000000000004e-08,55.38,-4.5077372426078846,-0.11575108644496555,0.011023375200569244,90.71631708121123,nan,-0.17441617716274588
5.541e-08,55.41,-4.507738107299801,-0.11575110864879497,0.01102336566874994,90.7163955229112,nan,-0.1744162525708914
5.544e-08,55.44,-4.5077389719917225,-0.1157511308526245,0.011023356136938818,90.71647396467948,nan,-0.17441632797907003
5.5470000000000006e-08,55.470000000000006,-4.507739836683646,-0.1157511530564541,0.011023346605135919,90.71655240651575,nan,-0.17441640338728137
5.55e-08,55.5,-4.5077407013755675,-0.11575117526028364,0.01102333707334128,90.71663084841968,nan,-0.1744164787955252
5.5529999999999995e-08,55.529999999999994,-4.507741566067487,-0.11575119746411315,0.011023327541554905,90.7167092903913,nan,-0.17441655420380142
5.556e-08,55.56,-4.507742430759409,-0.11575121966794269,0.011023318009776751,90.71678773243089,nan,-0.17441662961211044
5.559e-08,55.589999999999996,-4.507743295451329,-0.11575124187177219,0.011023308478006859,90.71686617453815,nan,-0.17441670502045192
5.562e-08,55.62,-4.50774416014325,-0.11575126407560174,0.011023298946245189,90.71694461671339,nan,-0.1744167804288261
5.5650000000000005e-08,55.650000000000006,-4.507745024835176,-0.11575128627943138,0.011023289414491723,90.7170230589568,nan,-0.17441685583723324
5.568e-08,55.68,-4.507745889527095,-0.11575130848326087,0.011023279882746557,90.71710150126755,nan,-0.1744169312456725
5.5709999999999994e-08,55.709999999999994,-4.507746754219017,-0.11575133068709041,0.011023270351009614,90.71717994364627,nan,-0.17441700665414453
5.574e-08,55.74,-4.507747618910937,-0.11575135289091991,0.011023260819280931,90.71725838609268,nan,-0.174417082062649
5.577e-08,55.77,-4.507748483602855,-0.11575137509474936,0.011023251287560511,90.71733682860675,nan,-0.1744171574711859
5.58e-08,55.8,-4.507749348294778,-0.11575139729857896,0.011023241755848274,90.71741527118914,nan,-0.1744172328797559
5.5830000000000004e-08,55.830000000000005,-4.5077502129867,-0.1157514195024085,0.0110232322241443,90.71749371383919,nan,-0.17441730828835833
5.586e-08,55.86,-4.507750984381971,-0.11575143931053748,0.011023223720878368,90.71756369291184,nan,-0.17441737556071474
5.589e-08,55.89,-4.507751654221217,-0.11575145651087908,0.011023216337092981,90.7176244591166,nan,-0.17441743397652612
5.592e-08,55.92,-4.5077523240604584,-0.11575147371122059,0.011023208953312581,90.71768522536175,nan,-0.1744174923923568
5.595e-08,55.95,-4.5077529938996985,-0.11575149091156205,0.011023201569537145,90.71774599164743,nan,-0.17441755080820684
5.5979999999999996e-08,55.98,-4.507753663738946,-0.11575150811190368,0.011023194185766578,90.71780675797446,nan,-0.1744176092240771
5.601e-08,56.010000000000005,-4.507754333578189,-0.11575152531224524,0.011023186802000994,90.71786752434187,nan,-0.17441766763996658
5.604e-08,56.04,-4.507755003417433,-0.11575154251258679,0.011023179418240358,90.71792829075,nan,-0.17441772605587563
5.607e-08,56.07,-4.507755673256677,-0.11575155971292835,0.011023172034484666,90.71798905719882,nan,-0.17441778447180428
5.6100000000000006e-08,56.10000000000001,-4.50775634309592,-0.11575157691326989,0.011023164650733922,90.71804982368835,nan,-0.1744178428877525
5.613e-08,56.13,-4.507757012935164,-0.11575159411361144,0.011023157266988123,90.71811059021857,nan,-0.17441790130372023
5.6159999999999995e-08,56.16,-4.5077576827744075,-0.11575161131395299,0.01102314988324727,90.7181713567895,nan,-0.17441795971970755
5.619e-08,56.190000000000005,-4.507758352613651,-0.11575162851429455,0.011023142499511362,90.71823212340114,nan,-0.17441801813571445
5.622e-08,56.220000000000006,-4.507759022452895,-0.11575164571463609,0.0110231351157804,90.71829289005348,nan,-0.1744180765517409
5.625e-08,56.25,-4.507759692292138,-0.11575166291497764,0.011023127732054385,90.71835365674653,nan,-0.1744181349677869
5.6280000000000005e-08,56.28000000000001,-4.5077603621313855,-0.11575168011531929,0.011023120348333276,90.7184144234806,nan,-0.1744181933838528
5.631e-08,56.31,-4.507761031970626,-0.11575169731566075,0.011023112964617193,90.71847519025472,nan,-0.17441825179993764
5.6339999999999994e-08,56.339999999999996,-4.507761701809869,-0.1157517145160023,0.011023105580906014,90.71853595706989,nan,-0.17441831021604237
5.637e-08,56.370000000000005,-4.507762371649116,-0.11575173171634394,0.011023098197199745,90.71859672392607,nan,-0.17441836863216695
5.64e-08,56.4,-4.50776304148836,-0.11575174891668549,0.011023090813498457,90.71865749082264,nan,-0.1744184270483108
5.6429999999999996e-08,56.43,-4.507763711327607,-0.11575176611702713,0.011023083429802079,90.71871825776022,nan,-0.17441848546447453
5.6460000000000004e-08,56.46,-4.507764272115825,-0.11575178051712233,0.011023077248188502,90.7187691317628,nan,-0.17441853437039717
5.649e-08,56.489999999999995,-4.507764785299468,-0.1157517936948124,0.011023071591327014,90.7188156871632,nan,-0.17441857912477235
5.652e-08,56.519999999999996,-4.507765298483113,-0.1157518068725025,0.011023065934468407,90.71886224258763,nan,-0.17441862387915918
5.655e-08,56.55,-4.5077658116667525,-0.11575182005019247,0.011023060277612764,90.71890879803549,nan,-0.17441866863355704
5.658e-08,56.58,-4.507766324850397,-0.11575183322788256,0.011023054620759963,90.71895535350771,nan,-0.17441871338796683
5.6609999999999995e-08,56.60999999999999,-4.507766838034037,-0.11575184640557253,0.011023048963910126,90.71900190900334,nan,-0.17441875814238764
5.664e-08,56.64,-4.507767351217682,-0.11575185958326263,0.011023043307063132,90.71904846452335,nan,-0.1744188028968204
5.667e-08,56.669999999999995,-4.507767864401323,-0.11575187276095264,0.01102303765021908,90.71909502006693,nan,-0.17441884765126434
5.67e-08,56.699999999999996,-4.507768377584966,-0.11575188593864269,0.011023031993377912,90.71914157563457,nan,-0.17441889240571992
5.6730000000000006e-08,56.730000000000004,-4.507768890768606,-0.11575189911633266,0.011023026336539685,90.71918813122576,nan,-0.17441893716018667
5.676e-08,56.76,-4.507769403952251,-0.11575191229402276,0.011023020679704303,90.71923468684133,nan,-0.17441898191466537
5.6789999999999994e-08,56.78999999999999,-4.5077699171358905,-0.11575192547171273,0.011023015022871884,90.71928124248032,nan,-0.1744190266691551
5.682e-08,56.82,-4.507770430319535,-0.11575193864940284,0.011023009366042308,90.71932779814368,nan,-0.17441907142365676
5.685e-08,56.85,-4.507770943503175,-0.11575195182709279,0.011023003709215693,90.71937435383045,nan,-0.17441911617816944
5.688e-08,56.879999999999995,-4.50777145668682,-0.1157519650047829,0.011022998052391923,90.71942090954158,nan,-0.17441916093269405
5.6910000000000005e-08,56.910000000000004,-4.5077719698704595,-0.11575197818247286,0.011022992395571115,90.71946746527613,nan,-0.1744192056872297
5.694e-08,56.94,-4.507772483054104,-0.11575199136016297,0.011022986738753151,90.71951402103505,nan,-0.17441925044177733
5.6969999999999993e-08,56.96999999999999,-4.507772996237744,-0.11575200453785293,0.01102298108193815,90.71956057681739,nan,-0.17441929519633595
5.7e-08,57.0,-4.507773509421389,-0.11575201771554303,0.01102297542512599,90.71960713262409,nan,-0.1744193399509065
5.703e-08,57.03,-4.5077740226050285,-0.115752030893233,0.011022969768316794,90.71965368845422,nan,-0.1744193847054881
5.7059999999999996e-08,57.059999999999995,-4.50777441921988,-0.11575204107763316,0.011022965396444147,90.71968966922329,nan,-0.1744194192941507
5.7090000000000004e-08,57.09,-4.507774804787372,-0.11575205097835581,0.011022961146347838,90.71972464779331,nan,-0.17441945291938302
5.712e-08,57.12,-4.507775190354856,-0.11575206087907822,0.011022956896253265,90.719759626376,nan,-0.17441948654462103
5.715e-08,57.15,-4.507775575922352,-0.11575207077980094,0.011022952646160194,90.71979460497333,nan,-0.17441952016986662
5.7180000000000006e-08,57.18000000000001,-4.507775961489841,-0.11575208068052349,0.01102294839606884,90.71982958358348,nan,-0.1744195537951181
5.721e-08,57.21,-4.5077763470573355,-0.11575209058124618,0.011022944145979065,90.7198645622076,nan,-0.17441958742037647
5.7239999999999995e-08,57.239999999999995,-4.507776732624825,-0.11575210048196873,0.011022939895890989,90.71989954084474,nan,-0.17441962104564093
5.727e-08,57.27,-4.507777118192317,-0.11575211038269136,0.011022935645804512,90.71993451949568,nan,-0.1744196546709121
5.73e-08,57.3,-4.5077775037598045,-0.11575212028341386,0.011022931395719731,90.71996949815961,nan,-0.17441968829618937
5.733e-08,57.33,-4.507777889327301,-0.11575213018413659,0.011022927145636493,90.72000447683784,nan,-0.17441972192147384
5.7360000000000005e-08,57.36000000000001,-4.50777827489479,-0.11575214008485914,0.01102292289555497,90.72003945552892,nan,-0.1744197555467642
5.739e-08,57.39,-4.5077786604622805,-0.11575214998558173,0.011022918645475067,90.72007443423365,nan,-0.1744197891720612
5.7419999999999994e-08,57.419999999999995,-4.507779046029773,-0.11575215988630437,0.011022914395396783,90.72010941295203,nan,-0.17441982279736482
5.745e-08,57.45,-4.507779431597264,-0.11575216978702696,0.011022910145320157,90.72014439168372,nan,-0.17441985642267477
5.748e-08,57.480000000000004,-4.507779817164753,-0.1157521796877495,0.01102290589524519,90.72017937042874,nan,-0.17441989004799105
5.751e-08,57.51,-4.507780202732249,-0.11575218958847223,0.011022901645171782,90.7202143491879,nan,-0.17441992367331444
5.7540000000000004e-08,57.540000000000006,-4.507780588299738,-0.11575219948919478,0.011022897395100094,90.72024932795989,nan,-0.17441995729864368
5.757e-08,57.57,-4.507780973867229,-0.11575220938991738,0.011022893145030022,90.72028430674553,nan,-0.17441999092397958
5.759999999999999e-08,57.599999999999994,-4.507781359434718,-0.11575221929063993,0.01102288889496161,90.7203192855445,nan,-0.17442002454932176
5.763e-08,57.63,-4.5077817311506045,-0.1157522288356767,0.011022884797579454,90.72035300773467,nan,-0.17442005696667182
5.766e-08,57.660000000000004,-4.5077820107755056,-0.11575223601597234,0.011022881715306814,90.72037837540796,nan,-0.1744200813527691
5.7689999999999996e-08,57.69,-4.507782290400401,-0.11575224319626784,0.011022878633035095,90.72040374308784,nan,-0.17442010573886935
5.7720000000000003e-08,57.720000000000006,-4.507782570025304,-0.11575225037656353,0.01102287555076416,90.72042911077547,nan,-0.1744201301249736
5.775e-08,57.75,-4.5077828496502015,-0.11575225755685908,0.011022872468494146,90.7204544784697,nan,-0.17442015451108078
5.778e-08,57.78,-4.507783129275101,-0.11575226473715469,0.011022869386224973,90.72047984617119,nan,-0.17442017889719158
5.7810000000000006e-08,57.81000000000001,-4.5077834089,-0.11575227191745029,0.011022866303956663,90.72050521387978,nan,-0.17442020328330576
5.784e-08,57.84,-4.507783688524897,-0.11575227909774584,0.011022863221689234,90.72053058159528,nan,-0.1744202276694232
5.7869999999999995e-08,57.87,-4.5077839681498,-0.11575228627804153,0.011022860139422608,90.72055594931838,nan,-0.17442025205554448
5.79e-08,57.900000000000006,-4.507784247774701,-0.11575229345833718,0.011022857057156863,90.7205813170484,nan,-0.17442027644166905
5.7929999999999997e-08,57.93,-4.507784527399597,-0.11575230063863268,0.01102285397489204,90.72060668478504,nan,-0.17442030082779658
5.796e-08,57.96,-4.507784807024496,-0.11575230781892829,0.011022850892628038,90.72063205252908,nan,-0.17442032521392778
5.7990000000000005e-08,57.99,-4.507785086649397,-0.11575231499922392,0.01102284781036488,90.72065742028039,nan,-0.17442034960006259
5.802e-08,58.019999999999996,-4.507785366274296,-0.11575232217951953,0.011022844728102601,90.72068278803863,nan,-0.1744203739862006
5.8049999999999994e-08,58.05,-4.507785645899194,-0.11575232935981508,0.011022841645841205,90.72070815580379,nan,-0.1744203983723419
5.808e-08,58.08,-4.507785925524093,-0.11575233654011068,0.011022838563580653,90.72073352357621,nan,-0.1744204227584868
5.811e-08,58.11,-4.507786205148994,-0.11575234372040633,0.011022835481320941,90.7207588913559,nan,-0.17442044714463523
5.8139999999999997e-08,58.13999999999999,-4.507786484773893,-0.11575235090070192,0.011022832399062111,90.7207842591425,nan,-0.1744204715307869
5.8170000000000004e-08,58.17,-4.507786764398793,-0.11575235808099751,0.011022829316804143,90.7208096269362,nan,-0.174420495916942
5.82e-08,58.199999999999996,-4.507787044023692,-0.11575236526129312,0.011022826234547037,90.720834994737,nan,-0.17442052030310048
5.822999999999999e-08,58.22999999999999,-4.507787292215191,-0.11575237163443204,0.011022823498775607,90.72085751087985,nan,-0.17442054194794707
5.826e-08,58.26,-4.507787481529739,-0.1157523764957102,0.011022821411994956,90.72087468565962,nan,-0.17442055845812088
5.829e-08,58.29,-4.507787670844291,-0.11575238135698845,0.01102281932521466,90.72089186044296,nan,-0.17442057496829658
5.8319999999999995e-08,58.31999999999999,-4.507787860158837,-0.11575238621826657,0.011022817238434818,90.72090903522907,nan,-0.17442059147847336
5.835e-08,58.35,-4.507788049473385,-0.11575239107954473,0.011022815151655353,90.72092621001858,nan,-0.17442060798865186
5.838e-08,58.379999999999995,-4.507788238787933,-0.1157523959408229,0.01102281306487628,90.72094338481135,nan,-0.17442062449883192
5.841e-08,58.41,-4.507788428102485,-0.11575240080210115,0.011022810978097566,90.72096055960769,nan,-0.17442064100901386
5.8440000000000006e-08,58.440000000000005,-4.507788617417031,-0.11575240566337927,0.011022808891319305,90.7209777344068,nan,-0.1744206575191969
5.847e-08,58.47,-4.507788806731581,-0.11575241052465747,0.0110228068045414,90.72099490920948,nan,-0.1744206740293818
5.8499999999999994e-08,58.49999999999999,-4.507788996046127,-0.11575241538593559,0.011022804717763929,90.7210120840151,nan,-0.17442069053956796
5.853e-08,58.53,-4.507789185360677,-0.1157524202472138,0.011022802630986813,90.72102925882429,nan,-0.174420707049756
5.8559999999999996e-08,58.559999999999995,-4.507789374675227,-0.115752425108492,0.011022800544210093,90.72104643363673,nan,-0.1744207235599456
5.859e-08,58.589999999999996,-4.507789563989775,-0.11575242996977016,0.011022798457433787,90.72106360845225,nan,-0.1744207400701366
5.8620000000000005e-08,58.620000000000005,-4.507789753304323,-0.11575243483104833,0.011022796370657877,90.72108078327103,nan,-0.17442075658032918
5.865e-08,58.65,-4.507789942618869,-0.11575243969232644,0.01102279428388238,90.72109795809291,nan,-0.17442077309052317
5.8679999999999993e-08,58.67999999999999,-4.507790131933417,-0.1157524445536046,0.011022792197107261,90.72111513291819,nan,-0.17442078960071886
5.871e-08,58.71,-4.507790321247967,-0.11575244941488282,0.011022790110332515,90.72113230774688,nan,-0.17442080611091626
5.874e-08,58.74,-4.507790510562517,-0.11575245427616102,0.011022788023558166,90.72114948257884,nan,-0.17442082262111522
5.8769999999999996e-08,58.769999999999996,-4.507790699877063,-0.11575245913743913,0.01102278593678425,90.7211666574137,nan,-0.17442083913131545
5.8800000000000004e-08,58.800000000000004,-4.507790889191613,-0.11575246399871734,0.01102278385001069,90.72118383225215,nan,-0.17442085564151757
5.883e-08,58.83,-4.507791033405461,-0.11575246770188562,0.01102278226037273,90.72119691550411,nan,-0.1744208682184694
5.885999999999999e-08,58.85999999999999,-4.507791142948456,-0.11575247051476491,0.011022781052904213,90.72120685337629,nan,-0.17442087777176182
5.889e-08,58.89,-4.5077912524914545,-0.11575247332764428,0.011022779845435789,90.72121679124987,nan,-0.17442088732505506
5.892e-08,58.92,-4.507791362034448,-0.11575247614052352,0.011022778637967556,90.72122672912407,nan,-0.17442089687834839
5.8949999999999995e-08,58.949999999999996,-4.507791471577441,-0.11575247895340275,0.011022777430499455,90.72123666699935,nan,-0.17442090643164224
5.898e-08,58.980000000000004,-4.5077915811204345,-0.11575248176628199,0.011022776223031487,90.72124660487572,nan,-0.1744209159849366
5.901e-08,59.01,-4.50779169066343,-0.11575248457916126,0.01102277501556363,90.72125654275334,nan,-0.1744209255382316
5.904e-08,59.04,-4.507791800206423,-0.1157524873920405,0.011022773808095927,90.72126648063188,nan,-0.174420935091527
5.9070000000000006e-08,59.07000000000001,-4.507791909749415,-0.11575249020491969,0.011022772600628374,90.72127641851135,nan,-0.17442094464482277
5.91e-08,59.1,-4.507792019292413,-0.11575249301779907,0.011022771393160876,90.72128635639255,nan,-0.1744209541981197
5.9129999999999994e-08,59.129999999999995,-4.507792128835403,-0.11575249583067822,0.011022770185693608,90.72129629427405,nan,-0.17442096375141636
5.916e-08,59.160000000000004,-4.5077922383784,-0.11575249864355754,0.011022768978226394,90.72130623215727,nan,-0.17442097330471418
5.9189999999999996e-08,59.19,-4.5077923479213915,-0.11575250145643673,0.01102276777075937,90.7213161700411,nan,-0.17442098285801205
5.922e-08,59.22,-4.507792457464388,-0.11575250426931606,0.011022766563292421,90.7213261079265,nan,-0.1744209924113109
5.9250000000000004e-08,59.25000000000001,-4.5077925670073835,-0.11575250708219534,0.011022765355825623,90.72133604581283,nan,-0.1744210019646101
5.928e-08,59.28,-4.507792676550377,-0.11575250989507457,0.011022764148358977,90.72134598370008,nan,-0.1744210115179097
5.930999999999999e-08,59.309999999999995,-4.507792786093372,-0.11575251270795386,0.011022762940892444,90.72135592158858,nan,-0.17442102107120996
5.934e-08,59.34,-4.507792895636365,-0.1157525155208331,0.011022761733426064,90.72136585947801,nan,-0.17442103062451061
5.937e-08,59.370000000000005,-4.507793005179359,-0.11575251833371233,0.011022760525959813,90.72137579736854,nan,-0.17442104017781176
5.9399999999999996e-08,59.4,-4.507793114722354,-0.11575252114659161,0.011022759318493678,90.72138573526031,nan,-0.1744210497311136
5.9430000000000003e-08,59.43000000000001,-4.50779316658835,-0.11575252247842287,0.011022758746787303,90.72139044061545,nan,-0.17442105425437437
5.946e-08,59.46,-4.507793202440293,-0.1157525233990403,0.011022758351599984,90.72139369315369,nan,-0.17442105738104133
5.949e-08,59.49,-4.507793238292239,-0.11575252431965775,0.01102275795641266,90.7213969456922,nan,-0.17442106050770848
5.952e-08,59.52,-4.507793274144181,-0.11575252524027513,0.01102275756122539,90.72140019823051,nan,-0.17442106363437535
5.955e-08,59.55,-4.507793309996126,-0.1157525261608926,0.011022757166038096,90.72140345076926,nan,-0.17442106676104263
5.9579999999999995e-08,59.58,-4.50779334584807,-0.11575252708151001,0.011022756770850834,90.72140670330796,nan,-0.17442106988770978
5.961e-08,59.61,-4.507793381700013,-0.11575252800212743,0.011022756375663587,90.72140995584678,nan,-0.17442107301437698
5.964e-08,59.63999999999999,-4.507793417551957,-0.11575252892274486,0.011022755980476353,90.72141320838571,nan,-0.17442107614104424
5.966999999999999e-08,59.66999999999999,-4.507793453403901,-0.11575252984336228,0.011022755585289134,90.72141646092476,nan,-0.17442107926771158
5.97e-08,59.699999999999996,-4.507793489255846,-0.11575253076397973,0.01102275519010191,90.72141971346409,nan,-0.1744210823943791
5.972999999999999e-08,59.72999999999999,-4.50779352510779,-0.11575253168459716,0.011022754794914718,90.72142296600337,nan,-0.17442108552104654
5.976e-08,59.76,-4.507793560959733,-0.11575253260521458,0.011022754399727542,90.72142621854277,nan,-0.17442108864771402
5.979000000000001e-08,59.790000000000006,-4.507793596811677,-0.115752533525832,0.01102275400454038,90.72142947108229,nan,-0.17442109177438156
5.982e-08,59.82,-4.5077936326636205,-0.11575253444644941,0.011022753609353233,90.72143272362193,nan,-0.17442109490104918
5.985e-08,59.849999999999994,-4.507793668515564,-0.11575253536706684,0.011022753214166098,90.72143597616169,nan,-0.17442109802771683
5.988e-08,59.88,-4.507793704367508,-0.11575253628768425,0.011022752818978979,90.72143922870154,nan,-0.17442110115438456
5.991e-08,59.91,-4.5077937402194515,-0.11575253720830167,0.011022752423791872,90.72144248124152,nan,-0.17442110428105234
5.993999999999999e-08,59.93999999999999,-4.507793776071397,-0.11575253812891914,0.011022752028604761,90.72144573378179,nan,-0.1744211074077203
5.997e-08,59.97,-4.5077938119233405,-0.11575253904953656,0.011022751633417684,90.72144898632202,nan,-0.1744211105343882
6e-08,59.99999999999999,-4.507793847775284,-0.11575253997015397,0.01102275123823062,90.72145223886234,nan,-0.17442111366105614
