gap_nm,x_nm,phi_tilde,phi_s_mV,c_Red1_over_c_bulk,c_Ox2_over_c_bulk
3.0,0.0,-6.862962706236977,-176.22930235805524,0.0010458109077229262,956.1958023342179
3.0,0.0025,-6.85933766973043,-176.13621753712349,0.0010496088901958528,952.7358326904073
3.0,0.005,-6.8557172684097285,-176.0432517399433,0.0010534157826892691,949.2927829950452
3.0,0.0075,-6.852101499828392,-175.95040490369308,0.0010572315847507579,945.8665579270883
3.0,0.01,-6.848490361543073,-175.8576769656319,0.001061056295826912,942.4570627712747
3.0,0.012500000000000002,-6.844883851113549,-175.7650678630989,0.0010648899152630666,939.0642034138933
3.0,0.015,-6.841281966102727,-175.67257753351367,0.0010687324423030269,935.6878863385915
3.0,0.0175,-6.83768470407664,-175.580205914376,0.0010725838760887998,932.3280186222094
3.0,0.02,-6.834092062604443,-175.48795294326595,0.0010764442156603279,928.984507930646
3.0,0.022500000000000003,-6.8305040392584155,-175.3958185578437,0.001080313459955219,925.657262514763
3.0,0.025000000000000005,-6.826920631613957,-175.30380269584967,0.0010841916078084867,922.3461912063073
3.0,0.027500000000000004,-6.823341837249585,-175.21190529510423,0.0010880786579522824,919.0512034138757
3.0,0.03,-6.819767653746936,-175.12012629350784,0.0010919746090156343,915.7722091189052
3.0,0.0325,-6.8161980786907606,-175.02846562904102,0.0010958794595241842,912.5091188716924
3.0,0.035,-6.812633109668926,-174.93692323976435,0.0010997932078999257,909.2618437874493
3.0,0.037500000000000006,-6.8090727442724095,-174.845499063818,0.0011037158524609505,906.0302955423756
3.0,0.04,-6.8055169800953,-174.7541930394224,0.0011076473914211837,902.8143863697769
3.0,0.0425,-6.801965814734796,-174.66300510487764,0.0011115878228901293,899.6140290562009
3.0,0.045000000000000005,-6.798419245791204,-174.57193519856358,0.0011155371448726154,896.4291369376061
3.0,0.0475,-6.794877270867936,-174.4809832589399,0.001119495355268539,893.2596238955587
3.0,0.05000000000000001,-6.791339887571507,-174.39014922454592,0.0011234624518726111,890.1054043534598
3.0,0.052500000000000005,-6.787807093511538,-174.2994330340008,0.001127438432374105,886.9663932728005
3.0,0.05500000000000001,-6.784278886300749,-174.2088346260032,0.0011314232943566073,883.8425061494405
3.0,0.05750000000000001,-6.780755263554958,-174.11835393933137,0.0011354170352977679,880.7336590099213
3.0,0.06,-6.777236222893086,-174.02799091284314,0.001139419652569047,877.639768407805
3.0,0.0625,-6.773721761937145,-173.93774548547583,0.0011434311434354734,874.5607514200371
3.0,0.065,-6.770211878312244,-173.8476175962463,0.0011474515050553967,871.4965256433403
3.0,0.06750000000000002,-6.766706569646587,-173.75760718425076,0.0011514807344802404,868.4470091906345
3.0,0.07,-6.763205833571465,-173.6677141886648,0.0011555188286542634,865.4121206874809
3.0,0.07250000000000001,-6.759709667721264,-173.5779385487434,0.0011595657844143117,862.3917792685585
3.0,0.07500000000000001,-6.756218069733454,-173.48828020382084,0.001163621598489583,859.3859045741597
3.0,0.0775,-6.752731037248594,-173.3987390933106,0.001167686267501384,856.3944167467181
3.0,0.08,-6.749248567910328,-173.30931515670548,0.0011717597879628925,853.4172364273591
3.0,0.08250000000000002,-6.745770659365383,-173.22000833357734,0.0011758421562789222,850.454284752476
3.0,0.085,-6.742297309263569,-173.13081856357735,0.0011799333687456833,847.5054833503356
3.0,0.08750000000000001,-6.738828515257774,-173.04174578643554,0.0011840334215505552,844.5707543376997
3.0,0.09000000000000001,-6.735364275003969,-172.95278994196124,0.001188142310771844,841.6500203164868
3.0,0.0925,-6.731904586161196,-172.86395097004268,0.0011922600323785607,838.7432043704413
3.0,0.095,-6.728449446391577,-172.77522881064698,0.001196386582230185,835.8502300618411
3.0,0.09750000000000002,-6.724998853360309,-172.68662340382036,0.001200521956076436,832.9710214282252
3.0,0.10000000000000002,-6.721552804735658,-172.59813468968784,0.0012046661495570485,830.105502979142
3.0,0.10250000000000001,-6.718111298188963,-172.50976260845337,0.0012088191582015424,827.2535996929272
3.0,0.10500000000000001,-6.714674331394632,-172.42150710039965,0.0012129809774290028,824.4152370135015
3.0,0.10750000000000001,-6.711241902030139,-172.33336810588813,0.001217151602547856,821.5903408471928
3.0,0.11000000000000001,-6.707814007776029,-172.2453455653591,0.0012213310287556385,818.7788375595901
3.0,0.11250000000000002,-6.704390646315904,-172.15743941933138,0.0012255192511387931,815.9806539724013
3.0,0.11500000000000002,-6.700971815336436,-172.06964960840259,0.0012297162646724342,813.195717360358
3.0,0.11750000000000001,-6.697557512527355,-171.98197607324894,0.0012339220642201365,810.4239554481263
3.0,0.12,-6.694147735581452,-171.89441875462515,0.0012381366445337228,807.6652964072442
3.0,0.12250000000000001,-6.690742482194576,-171.8069775933646,0.001242360000253039,804.9196688530892
3.0,0.125,-6.687341750065632,-171.7196525303789,0.0012465921259057521,802.1870018418554
3.0,0.12750000000000003,-6.683945536896582,-171.63244350665843,0.0012508330159071283,799.4672248675662
3.0,0.13,-6.680553840392438,-171.54535046327175,0.0012550826645598319,796.7602678590964
3.0,0.1325,-6.677166658261272,-171.45837334136598,0.001259341066053702,794.0660611772323
3.0,0.13500000000000004,-6.673783988214197,-171.3715120821664,0.0012636082144655654,791.3845356117309
3.0,0.1375,-6.670405827965381,-171.2847666269767,0.0012678841037590115,788.7156223784248
3.0,0.14,-6.667032175232038,-171.19813691717872,0.0012721687277841998,786.0592531163302
3.0,0.14250000000000002,-6.663663027734426,-171.11162289423265,0.00127646208027765,783.4153598847877
3.0,0.14500000000000002,-6.660298383195852,-171.02522449967677,0.0012807641548620425,780.7838751606184
3.0,0.14750000000000002,-6.656938239342662,-170.93894167512752,0.0012850749450460193,778.1647318353012
3.0,0.15000000000000002,-6.653582593904245,-170.8527743622794,0.0012893944442239863,775.5578632121712
3.0,0.15250000000000002,-6.650231444613029,-170.76672250290503,0.0012937226456759124,772.9632030036427
3.0,0.155,-6.64688478920448,-170.680786038855,0.0012980595425671384,770.3806853284451
3.0,0.15750000000000003,-6.6435426254171,-170.5949649120578,0.0013024051279481798,767.8102447088861
3.0,0.16,-6.64020495099243,-170.50925906452005,0.0013067593947545344,765.2518160681316
3.0,0.1625,-6.636871763675041,-170.42366843832616,0.0013111223358064949,762.7053347275044
3.0,0.16500000000000004,-6.633543061212538,-170.33819297563838,0.0013154939438089527,760.170736403807
3.0,0.1675,-6.630218841355555,-170.25283261869686,0.0013198742113512188,757.6479572066582
3.0,0.17,-6.626899101857757,-170.16758730981942,0.001324263130906832,755.1369336358534
3.0,0.17250000000000001,-6.623583840475835,-170.08245699140173,0.0013286606948333748,752.6376025787445
3.0,0.17500000000000002,-6.6202730549695055,-169.99744160591706,0.001333066895372293,750.1499013076343
3.0,0.17750000000000002,-6.6169667431015124,-169.91254109591648,0.0013374817246487093,747.6737674771974
3.0,0.18000000000000002,-6.6136649026376215,-169.82775540402858,0.001341905174671247,745.2091391219128
3.0,0.18250000000000002,-6.6103675313466175,-169.74308447295954,0.0013463372373318555,742.7559546535163
3.0,0.185,-6.60707462700031,-169.65852824549322,0.0013507779044056216,740.3141528584796
3.0,0.18750000000000003,-6.603786187373523,-169.5740866644908,0.0013552271675506093,737.8836728954934
3.0,0.19,-6.600502210244098,-169.48975967289104,0.0013596850183076783,735.464454292982
3.0,0.1925,-6.5972226933928955,-169.40554721371015,0.0013641514481003082,733.0564369466317
3.0,0.19500000000000003,-6.5939476346037855,-169.32144923004165,0.0013686264482344393,730.6595611169314
3.0,0.1975,-6.5906770316636525,-169.2374656650565,0.0013731100098982962,728.2737674267397
3.0,0.20000000000000004,-6.587410882362395,-169.15359646200304,0.0013776021241622193,725.8989968588676
3.0,0.2025,-6.584149184492914,-169.06984156420665,0.0013821027819785115,723.5351907536698
3.0,0.20500000000000002,-6.580891935851126,-168.98620091507016,0.00138661197418126,721.1822908066698
3.0,0.20750000000000005,-6.577639134235948,-168.90267445807356,0.0013911296914861841,718.8402390661873
3.0,0.21000000000000002,-6.574390777449306,-168.81926213677392,0.0013956559244904716,716.5089779309909
3.0,0.21250000000000002,-6.57114686329613,-168.7359638948056,0.001400190663672617,714.1884501479673
3.0,0.21500000000000002,-6.567907389584348,-168.6527796758799,0.001404733899392277,711.8785988097995
3.0,0.21750000000000003,-6.564672354124891,-168.56970942378518,0.0014092856218901,709.5793673526762
3.0,0.22000000000000003,-6.561441754731692,-168.48675308238697,0.0014138458212875798,707.2906995540058
3.0,0.22250000000000003,-6.5582155892216765,-168.4039105956276,0.001418414487586907,705.0125395301488
3.0,0.22500000000000003,-6.55499385541477,-168.32118190752638,0.0014229916106708147,702.744831734172
3.0,0.2275,-6.551776551133891,-168.23856696217956,0.0014275771803024305,700.487520953614
3.0,0.23000000000000004,-6.548563674204949,-168.15606570376022,0.0014321711861251358,698.2405523082665
3.0,0.2325,-6.545355222456853,-168.07367807651832,0.0014367736176624072,696.0038712479796
3.0,0.23500000000000001,-6.542151193721493,-167.9914040247805,0.001441384464317692,693.7774235504681
3.0,0.23750000000000002,-6.538951585833754,-167.90924349295025,0.0014460037153742507,691.5611553191499
3.0,0.24,-6.535756396631504,-167.82719642550768,0.001450631359995032,689.3550129809855
3.0,0.24250000000000005,-6.532565623955602,-167.74526276700968,0.0014552673872225178,687.1589432843483
3.0,0.24500000000000002,-6.529379265649887,-167.66344246208968,0.0014599117859786057,684.9728932968931
3.0,0.24750000000000003,-6.526197319561184,-167.58173545545776,0.001464564545064458,682.7968104034557
3.0,0.25,-6.523019783539297,-167.50014169190052,0.001469225653160387,680.6306423039536
3.0,0.2525,-6.519846655437013,-167.4186611162812,0.001473895098825705,678.4743370113172
3.0,0.25500000000000006,-6.5166779331100955,-167.33729367353936,0.0014785728704986116,676.3278428494194
3.0,0.25750000000000006,-6.513513614417285,-167.2560393086911,0.0014832589564960587,674.1911084510328
3.0,0.26,-6.510353697220298,-167.17489796682892,0.0014879533450136266,672.064082755795
3.0,0.2625,-6.507198179383828,-167.09386959312172,0.0014926560241253987,669.9467150081924
3.0,0.265,-6.504047058775537,-167.01295413281468,0.0014973669817838456,667.8389547555525
3.0,0.2675,-6.5009003332660615,-166.93215153122935,0.0015020862058197017,665.7407518460575
3.0,0.2700000000000001,-6.497758000729007,-166.85146173376347,0.0015068136839418442,663.6520564267687
3.0,0.2725,-6.4946200590409475,-166.77088468589105,0.0015115494037371835,661.5728189416641
3.0,0.275,-6.491486506081425,-166.69042033316234,0.0015162933526705422,659.5029901296931
3.0,0.2775,-6.488357339732945,-166.61006862120362,0.001521045518084551,657.4425210228408
3.0,0.28,-6.4852325578809795,-166.5298294957174,0.001525805887199527,655.3913629442117
3.0,0.28250000000000003,-6.482112158413962,-166.44970290248222,0.0015305744471133778,653.3494675061204
3.0,0.28500000000000003,-6.478996139223288,-166.36968878735266,0.0015353511848014826,651.3167866082038
3.0,0.28750000000000003,-6.475884498203313,-166.2897870962593,0.0015401360871165972,649.2932724355378
3.0,0.29000000000000004,-6.472777233251351,-166.20999777520876,0.0015449291407887416,647.2788774567772
3.0,0.29250000000000004,-6.469674342267672,-166.13032077028348,0.0015497303324251092,645.2735544222982
3.0,0.29500000000000004,-6.466575823155504,-166.0507560276419,0.0015545396485099564,643.277256362365
3.0,0.2975,-6.463481673821026,-165.97130349351823,0.0015593570754045161,641.2899365852993
3.0,0.30000000000000004,-6.460391892173374,-165.89196311422265,0.0015641825993468912,639.3115486756725
3.0,0.30250000000000005,-6.457306476124632,-165.81273483614092,0.001569016206451969,637.342046492502
3.0,0.30500000000000005,-6.454225423589836,-165.73361860573476,0.0015738578827113273,635.3813841674657
3.0,0.30750000000000005,-6.45114873248697,-165.65461436954146,0.0015787076139931442,633.4295161031273
3.0,0.31,-6.448076400736964,-165.57572207417402,0.0015835653860421092,631.4863969711754
3.0,0.3125,-6.445008426263696,-165.49694166632116,0.001588431184479339,629.5519817106733
3.0,0.31500000000000006,-6.441944806993987,-165.4182730927471,0.0015933049948022933,627.6262255263224
3.0,0.31750000000000006,-6.438885540857602,-165.33971630029177,0.0015981868023846877,625.7090838867392
3.0,0.32,-6.435830625787246,-165.26127123587045,0.0016030765924764255,623.8005125227388
3.0,0.3225,-6.432780059718565,-165.18293784647403,0.0016079743502035065,621.9004674256397
3.0,0.325,-6.429733840590147,-165.1047160791689,0.001612880060567953,620.0089048455743
3.0,0.32750000000000007,-6.426691966343513,-165.02660588109686,0.0016177937084477455,618.1257812898089
3.0,0.33000000000000007,-6.423654434923121,-164.94860719947502,0.0016227152785967393,616.251053521084
3.0,0.3325,-6.420621244276365,-164.87071998159593,0.0016276447556445976,614.3846785559599
3.0,0.335,-6.41759239235357,-164.79294417482737,0.0016325821240967295,612.5266136631732
3.0,0.3375,-6.414567877107996,-164.71527972661255,0.0016375273683342092,610.6768163620128
3.0,0.34,-6.411547696495832,-164.63772658446985,0.001642480472613723,608.8352444206982
3.0,0.3425000000000001,-6.408531848476195,-164.5602846959928,0.0016474414210675076,607.001855854772
3.0,0.34500000000000003,-6.405520331011131,-164.4829540088502,0.0016524101977032817,605.1766089255078
3.0,0.34750000000000003,-6.402513142065613,-164.405734470786,0.0016573867864041881,603.3594621383263
3.0,0.35000000000000003,-6.399510279607538,-164.32862602961922,0.0016623711709287487,601.5503742412177
3.0,0.35250000000000004,-6.396511741607727,-164.2516286332439,0.0016673633349107966,599.7493042231852
3.0,0.35500000000000004,-6.393517526039921,-164.17474222962926,0.0016723632618594307,597.9562113126916
3.0,0.35750000000000004,-6.390527630880786,-164.0979667668194,0.0016773709351589612,596.1710549761207
3.0,0.36000000000000004,-6.387542054109906,-164.0213021929335,0.001682386338068865,594.3937949162466
3.0,0.36250000000000004,-6.384560793709779,-163.94474845616546,0.0016874094537237393,592.6243910707157
3.0,0.36500000000000005,-6.381583847665827,-163.86830550478436,0.0016924402651332503,590.8628036105413
3.0,0.36750000000000005,-6.378611213966382,-163.79197328713394,0.0016974787551821016,589.1089929386022
3.0,0.37,-6.375642890602692,-163.71575175163284,0.0017025249066299829,587.3629196881607
3.0,0.37250000000000005,-6.372678875568917,-163.63964084677445,0.0017075787021115414,585.6245447213821
3.0,0.37500000000000006,-6.369719166862131,-163.56364052112707,0.0017126401241363365,583.8938291278723
3.0,0.37750000000000006,-6.3667637624823135,-163.48775072333348,0.001717709155088815,582.1707342232186
3.0,0.38,-6.363812660432355,-163.41197140211133,0.0017227857772282717,580.4552215475474
3.0,0.3825,-6.360865858718056,-163.3363025062529,0.0017278699726888174,578.7472528640881
3.0,0.385,-6.357923355348117,-163.260743984625,0.0017329617234793657,577.0467901577441
3.0,0.38750000000000007,-6.354985148334148,-163.18529578616918,0.0017380610114835846,575.3537956336837
3.0,0.39000000000000007,-6.352051235690659,-163.10995785990133,0.0017431678184598926,573.6682317159289
3.0,0.3925,-6.349121615435066,-163.034730154912,0.0017482821260414244,571.9900610459629
3.0,0.395,-6.346196285587681,-162.9596126203663,0.0017534039157360171,570.3192464813421
3.0,0.3975,-6.343275244171719,-162.88460520550356,0.0017585331689261875,568.6557510943223
3.0,0.4000000000000001,-6.3403584892132905,-162.80970785963777,0.001763669866869124,566.9995381704883
3.0,0.4025000000000001,-6.337446018741401,-162.73492053215702,0.0017688139906966716,565.3505712073977
3.0,0.405,-6.334537830787957,-162.660243172524,0.0017739655214153087,563.7088139132366
3.0,0.40750000000000003,-6.331633923387753,-162.5856757302756,0.0017791244399061532,562.0742302054762
3.0,0.41000000000000003,-6.32873429457848,-162.511218155023,0.0017842907269249467,560.4467842095462
3.0,0.41250000000000003,-6.3258389424007175,-162.43687039645158,0.0017894643631020527,558.8264402575143
3.0,0.4150000000000001,-6.322947864897937,-162.362632404321,0.0017946453289424515,557.213162886775
3.0,0.41750000000000004,-6.3200610601164975,-162.28850412846504,0.0017998336048257427,555.6069168387478
3.0,0.42000000000000004,-6.317178526105646,-162.21448551879172,0.0018050291710061388,554.0076670575863
3.0,0.42250000000000004,-6.3143002609175145,-162.140576525283,0.0018102320076124811,552.4153786888909
3.0,0.42500000000000004,-6.311426262607121,-162.06677709799501,0.0018154420946482307,550.8300170784379
3.0,0.42750000000000005,-6.308556529232363,-161.99308718705794,0.001820659411991492,549.2515477709089
3.0,0.43000000000000005,-6.305691058854027,-161.91950674267596,0.0018258839393950025,547.6799365086397
3.0,0.43250000000000005,-6.302829849535773,-161.8460357151272,0.0018311156564861663,546.1151492303648
3.0,0.43500000000000005,-6.299972899344146,-161.7726740547637,0.0018363545427670508,544.5571520699824
3.0,0.43750000000000006,-6.297120206348567,-161.69942171201154,0.0018416005776144108,543.0059113553217
3.0,0.44000000000000006,-6.29427176862133,-161.62627863737043,0.0018468537402797137,541.4613936069165
3.0,0.4425,-6.291427584237613,-161.55324478141424,0.001852114009889138,539.923565536798
3.0,0.44500000000000006,-6.288587651275458,-161.48032009479027,0.0018573813654436241,538.3923940472807
3.0,0.44750000000000006,-6.28575196781579,-161.40750452821996,0.0018626557858188728,536.8678462297711
3.0,0.45000000000000007,-6.282920531942397,-161.3347980324982,0.0018679372497653942,535.3498893635726
3.0,0.4525,-6.280093341741942,-161.26220055849373,0.0018732257359085202,533.8384909147092
3.0,0.455,-6.277270395303956,-161.18971205714894,0.0018785212227484468,532.333618534748
3.0,0.4575,-6.27445169072084,-161.11733247947984,0.0018838236886602577,530.8352400596376
3.0,0.4600000000000001,-6.271637226087856,-161.04506177657606,0.00188913311189397,529.3433235085481
3.0,0.4625000000000001,-6.268826999503136,-160.9728998996008,0.0018944494705745666,527.8578370827228
3.0,0.465,-6.266021009067674,-160.9008467997908,0.0018997727427020345,526.3787491643377
3.0,0.4675000000000001,-6.263219252885326,-160.82890242845627,0.0019051029061514114,524.9060283153666
3.0,0.47000000000000003,-6.260421729062809,-160.7570667369809,0.0019104399386728303,523.4396432764556
3.0,0.4725000000000001,-6.257628435709703,-160.6853396768219,0.001915783817891555,521.9795629658075
3.0,0.47500000000000003,-6.254839370938445,-160.61372119950983,0.001921134521308043,520.5257564780679
3.0,0.47750000000000004,-6.252054532864327,-160.54221125664856,0.0019264920262979915,519.0781930832239
3.0,0.48,-6.249273919605502,-160.47080979991546,0.0019318563101123848,517.6368422255098
3.0,0.48250000000000004,-6.246497529282973,-160.39951678106104,0.0019372273498775591,516.2016735223175
3.0,0.4850000000000001,-6.2437253600205995,-160.32833215190917,0.0019426051225952523,514.7726567631177
3.0,0.48750000000000004,-6.240957409945093,-160.25725586435698,0.0019479896051426678,513.3497619083863
3.0,0.49000000000000005,-6.238193677186017,-160.18628787037483,0.001953380774272529,511.93295908854043
3.0,0.4925,-6.235434159875783,-160.11542812200616,0.001958778606613158,510.52221860287625
3.0,0.49500000000000005,-6.232678856149651,-160.0446765713676,0.0019641830786685313,509.11751091852096
3.0,0.4975000000000001,-6.229927764145729,-159.97403317064894,0.001969594166818344,507.71880666938944
3.0,0.5,-6.227180882004973,-159.90349787211304,0.00197501184731809,506.32607665514564
3.0,0.5025000000000001,-6.224438207871181,-159.83307062809573,0.0019804360962991318,504.93929184017287
3.0,0.505,-6.221699739890996,-159.76275139100602,0.0019858668897687753,503.5584233525517
3.0,0.5075000000000001,-6.218965476213902,-159.6925401133257,0.001991304203610346,502.18344248304396
3.0,0.5100000000000001,-6.216235414992226,-159.62243674760967,0.0019967480135832712,500.814320684084
3.0,0.5125000000000001,-6.213509554381132,-159.55244124648567,0.0020021982953231576,499.45102956877633
3.0,0.5150000000000001,-6.210787892538626,-159.4825535626544,0.0020076550243418806,498.09354090990064
3.0,0.5175000000000001,-6.20807042762555,-159.41277364888936,0.002013118176027661,496.7418266389244
3.0,0.52,-6.2053571578055795,-159.34310145803684,0.002018587725645172,495.3958588450172
3.0,0.5225,-6.202648081245229,-159.27353694301607,0.0020240636483356057,494.0556097740817
3.0,0.525,-6.1999431961138445,-159.20408005681887,0.002029545919116784,492.7210518277798
3.0,0.5275000000000001,-6.197242500583603,-159.1347307525099,0.00203503451288325,491.39215756257295
3.0,0.53,-6.194545992829515,-159.0654889832265,0.0020405294044063597,490.0688996887671
3.0,0.5325000000000001,-6.19185367102942,-158.9963547021786,0.0020460305683343877,488.7512510695625
3.0,0.535,-6.189165533363985,-158.92732786264884,0.002051537979192624,487.4391847201126
3.0,0.5375000000000001,-6.186481578016707,-158.85840841799254,0.0020570516113834823,486.13267380658675
3.0,0.5400000000000001,-6.183801803173907,-158.7895963216374,0.0020625714391866055,484.83169164524037
3.0,0.5425000000000001,-6.181126207024732,-158.7208915270838,0.0020680974367589706,483.5362117014927
3.0,0.545,-6.178454787761153,-158.65229398790459,0.0020736295781350073,482.2462075890071
3.0,0.5475,-6.175787543577961,-158.5838036577451,0.002079167837226703,480.96165306878225
3.0,0.55,-6.173124472672772,-158.5154204903231,0.0020847121878237226,479.682522048246
3.0,0.5525,-6.1704655732460205,-158.4471444394288,0.00209026260359352,478.4087885803575
3.0,0.555,-6.167810843500957,-158.37897545892474,0.0020958190580814755,477.1404268627109
3.0,0.5575000000000001,-6.165160281643656,-158.3109135027459,0.0021013815247109898,475.87741123665467
3.0,0.56,-6.162513885883002,-158.24295852489942,0.0021069499767836348,474.6197161864044
3.0,0.5625000000000001,-6.159871654430699,-158.17511047946493,0.0021125243874792633,473.36731633817226
3.0,0.5650000000000001,-6.157233585501263,-158.10736932059424,0.0021181047298561447,472.12018645929606
3.0,0.5675,-6.154599677312024,-158.03973500251135,0.0021236909768510962,470.87830145737615
3.0,0.5700000000000001,-6.151969928083123,-157.97220747951243,0.002129283101279616,469.64163637941766
3.0,0.5725,-6.149344336037511,-157.90478670596596,0.0021348810758360127,468.4101664109806
3.0,0.5750000000000001,-6.146722899400947,-157.8374726363124,0.0021404848730935586,467.18386687533064
3.0,0.5775,-6.144105616402003,-157.77026522506446,0.002146094465504606,465.9627132326034
3.0,0.5800000000000001,-6.141492485272051,-157.70316442680672,0.002151709825400756,464.7466810789647
3.0,0.5825000000000001,-6.138883504245275,-157.63617019619602,0.0021573309249929822,463.5357461457857
3.0,0.5850000000000001,-6.136278671558658,-157.56928248796112,0.0021629577363717883,462.32988429881703
3.0,0.5875000000000001,-6.133677985451992,-157.50250125690275,0.0021685902315073534,461.1290715373718
3.0,0.5900000000000001,-6.131081444167863,-157.4358264578936,0.0021742283822496905,459.9332839935115
3.0,0.5925,-6.1284890459516665,-157.36925804587827,0.002179872160328788,458.7424979312416
3.0,0.595,-6.125900789051593,-157.30279597587327,0.002185521537354773,457.55668974570773
3.0,0.5975,-6.12331667171863,-157.23644020296697,0.002191176484818074,456.37583596239926
3.0,0.6000000000000001,-6.120736692206568,-157.17019068231963,0.0021968369740895687,455.19991323636026
3.0,0.6025,-6.118160848771988,-157.10404736916323,0.0022025029764207588,454.02889835140155
3.0,0.6050000000000001,-6.1155891396742685,-157.03801021880145,0.002208174462943933,452.8627682193201
3.0,0.6075,-6.113021563175582,-156.97207918660988,0.0022138514046723245,451.7014998791265
3.0,0.6100000000000001,-6.110458117540893,-156.9062542280357,0.0022195337725002947,450.54507049627114
3.0,0.6125000000000002,-6.1078988010379565,-156.84053529859784,0.0022252215372034955,449.3934573618817
3.0,0.6150000000000001,-6.10534361193732,-156.7749223538868,0.002230914669439044,448.24663789200264
3.0,0.6175,-6.102792548512317,-156.70941534956478,0.0022366131397457065,447.104589626839
3.0,0.62,-6.100245609039072,-156.6440142413655,0.0022423169185440683,445.96729023000813
3.0,0.6225,-6.097702791796495,-156.57871898509433,0.0022480259761367147,444.834717487795
3.0,0.625,-6.0951640950662815,-156.51352953662806,0.002253740282708423,443.7068493084102
3.0,0.6275000000000001,-6.092629517132912,-156.44844585191507,0.0022594598083263387,442.583663721257
3.0,0.6300000000000001,-6.090099056283648,-156.38346788697507,0.0022651845229401724,441.4651388761991
3.0,0.6325000000000001,-6.087572710808535,-156.3185955978994,0.0022709143963823815,440.3512530428372
3.0,0.6350000000000001,-6.085050479000403,-156.25382894085078,0.002276649398368357,439.2419846097893
3.0,0.6375000000000001,-6.082532359154852,-156.18916787206308,0.002282389498496644,438.1373120839701
3.0,0.64,-6.080018349570271,-156.1246123478418,0.0022881346662491035,437.03721408988633
3.0,0.6425000000000001,-6.077508448547823,-156.0601623245637,0.0022938848709911355,435.9416693689264
3.0,0.645,-6.075002654391443,-155.99581775867662,0.0022996400819718797,434.8506567786585
3.0,0.6475000000000001,-6.072500965407848,-155.93157860670004,0.0023054002683244017,433.76415529213693
3.0,0.65,-6.070003379906524,-155.8674448252243,0.0023111653990659188,432.682143997206
3.0,0.6525000000000001,-6.0675098961997325,-155.80341637091115,0.0023169354430979954,431.6046020958145
3.0,0.6550000000000001,-6.065020512602505,-155.73949320049348,0.002322710369206761,430.53150890333103
3.0,0.6575000000000001,-6.0625352274326465,-155.67567527077534,0.0023284901460631125,429.4628438478672
3.0,0.6600000000000001,-6.060054039010731,-155.61196253863184,0.002334274742222938,428.3985864696015
3.0,0.6625000000000001,-6.057576945660095,-155.5483549610092,0.002340064126127341,427.33871642010814
3.0,0.665,-6.055103945706851,-155.48485249492475,0.002345858266102837,426.2832134616961
3.0,0.6675,-6.052635037479871,-155.42145509746675,0.0023516571303616005,425.23205746674296
3.0,0.67,-6.050170219310797,-155.35816272579459,0.002357460687001666,424.1852284170426
3.0,0.6725000000000001,-6.047709489534029,-155.29497533713842,0.0023632689040071772,423.1427064031487
3.0,0.675,-6.045252846486735,-155.23189288879965,0.002369081749248592,422.1044716237305
3.0,0.6775000000000001,-6.042800288508842,-155.16891533815027,0.0023748991904829356,421.0705043849251
3.0,0.68,-6.04035181394304,-155.1060426426334,0.0023807211953540118,420.04078509970196
3.0,0.6825000000000001,-6.037907421134774,-155.0432747597629,0.002386547731392661,419.01529428722284
3.0,0.6850000000000002,-6.03546710843225,-154.98061164712345,0.0023923787660169765,417.9940125722149
3.0,0.6875000000000001,-6.033030874186432,-154.9180532623706,0.0023982142665325587,416.97692068434026
3.0,0.6900000000000001,-6.0305987167510375,-154.85559956323058,0.0024040542001327486,415.9639994575752
3.0,0.6925,-6.028170634482541,-154.79325050750043,0.002409898533898876,414.95522982959
3.0,0.6950000000000001,-6.025746625740171,-154.7310060530479,0.002415747234800507,413.95059284113404
3.0,0.6975,-6.023326688885906,-154.66886615781138,0.002421600269695689,412.95006963542556
3.0,0.7000000000000001,-6.0209108222844785,-154.60683077979996,0.0024274576053312028,411.95364145754456
3.0,0.7025000000000001,-6.018499024303369,-154.54489987709331,0.002433319208342824,410.9612896538285
3.0,0.7050000000000001,-6.016091293312812,-154.48307340784174,0.0024391850452555605,409.9729956712764
3.0,0.7075000000000001,-6.013687627685787,-154.42135133026616,0.0024450550824839205,408.98874105695177
3.0,0.7100000000000001,-6.0112880257980175,-154.35973360265788,0.002450929286332189,408.00850745738904
3.0,0.7125,-6.008892486027981,-154.29822018337893,0.00245680762299465,407.0322766180125
3.0,0.7150000000000001,-6.006501006756892,-154.23681103086165,0.0024626900585558932,406.060030382546
3.0,0.7175,-6.0041135863687165,-154.175506103609,0.0024685765589910463,405.09175069243906
3.0,0.7200000000000001,-6.0017302232501555,-154.11430536019415,0.002474467090166075,404.1274195862854
3.0,0.7225,-5.9993509157906555,-154.05320875926088,0.00248036161783803,403.1670191992549
3.0,0.7250000000000001,-5.996975662382406,-153.99221625952325,0.0024862601076553236,402.21053176252485
3.0,0.7275000000000001,-5.994604461420332,-153.9313278197657,0.002492162525158018,401.2579396027128
3.0,0.7300000000000001,-5.992237311302099,-153.87054339884298,0.0024980688357780913,400.3092251413172
3.0,0.7325000000000002,-5.989874210428108,-153.80986295568005,0.0025039790048397258,399.36437089415926
3.0,0.7350000000000001,-5.987515157201499,-153.74928644927223,0.0025098929975595793,398.4233594708303
3.0,0.7375,-5.985160150028145,-153.6888138386851,0.0025158107790470797,397.48617357414
3.0,0.74,-5.982809187316654,-153.62844508305434,0.002521732314304706,396.55279599957095
3.0,0.7425,-5.9804622674783685,-153.5681801415859,0.0025276575682282765,395.623209634735
3.0,0.7450000000000001,-5.978119388927359,-153.50801897355583,0.0025335865056072488,394.697397458833
3.0,0.7475,-5.975780550080431,-153.44796153831035,0.0025395190911249982,393.7753425421202
3.0,0.7500000000000001,-5.973445749357116,-153.38800779526568,0.0025454552893591324,392.8570280453715
3.0,0.7525000000000001,-5.971114985179678,-153.32815770390823,0.0025513950647817613,391.9424372193559
3.0,0.7550000000000001,-5.968788255973108,-153.26841122379443,0.0025573383817598257,391.03155340430646
3.0,0.7575000000000002,-5.96646556016512,-153.20876831455064,0.0025632852045553837,390.1243600294005
3.0,0.76,-5.964146896186158,-153.14922893587325,0.0025692354973259174,389.22084061223995
3.0,0.7625000000000001,-5.961832262469388,-153.0897930475287,0.0025751892241246393,388.3209787583361
3.0,0.765,-5.9595216574507015,-153.03046060935327,0.0025811463489007988,387.42475816059704
3.0,0.7675000000000001,-5.9572150795687095,-152.9712315812531,0.0025871068355000034,386.53216259881765
3.0,0.77,-5.954912527264747,-152.91210592320436,0.002593070647664517,385.6431759391759
3.0,0.7725000000000001,-5.952613998982867,-152.85308359525294,0.002599037749033584,384.75778213372854
3.0,0.7750000000000001,-5.950319493169844,-152.7941645575146,0.002605008103143741,383.87596521991367
3.0,0.7775000000000001,-5.948029008275169,-152.7353487701749,0.0026109816734291454,382.9977093200525
3.0,0.7800000000000001,-5.94574254275105,-152.6766361934892,0.002616958423221887,382.1229986408583
3.0,0.7825000000000001,-5.943460095052415,-152.61802678778258,0.002622938315752313,381.25181747294704
3.0,0.785,-5.941181663636899,-152.55952051344974,0.002628921314149368,380.3841501903479
3.0,0.7875000000000001,-5.938907246964859,-152.50111733095528,0.002634907381440895,379.51998125002467
3.0,0.79,-5.936636843499361,-152.44281720083328,0.0026408964805539913,378.6592951913912
3.0,0.7925000000000001,-5.934370451706184,-152.38462008368757,0.00264688857431533,377.80207663583633
3.0,0.795,-5.9321080700538165,-152.32652594019146,0.0026528836254514957,376.9483102862492
3.0,0.7975000000000001,-5.92984969701346,-152.26853473108807,0.002658881596589313,376.0979809265491
3.0,0.8000000000000002,-5.92759533105902,-152.21064641718982,0.0026648824502562085,375.25107342121504
3.0,0.8025000000000001,-5.9253449706671155,-152.1528609593788,0.0026708861488805207,374.4075727148241
3.0,0.8050000000000002,-5.923098614317068,-152.09517831860668,0.0026768926547918663,373.56746383158645
3.0,0.8075000000000001,-5.920856260490904,-152.0375984558944,0.0026829019302214833,372.7307318748868
3.0,0.81,-5.91861790767336,-151.9801213323325,0.002688913937302559,371.8973620268305
3.0,0.8125,-5.916383554351871,-151.92274690908093,0.0026949286380706055,371.0673395477868
3.0,0.8150000000000001,-5.914153199016575,-151.86547514736898,0.0027009459944637975,370.2406497759404
3.0,0.8175000000000001,-5.911926840160317,-151.80830600849538,0.00270696596832332,369.41727812684496
3.0,0.8200000000000001,-5.909704476278636,-151.7512394538282,0.002712988521393738,368.597210092976
3.0,0.8225000000000001,-5.907486105869773,-151.69427544480473,0.0027190136153233497,367.7804312432905
3.0,0.8250000000000001,-5.905271727434671,-151.63741394293177,0.002725041211664536,366.9669272227888
3.0,0.8275000000000001,-5.903061339476964,-151.58065490978515,0.002731071271874143,366.15668375207576
3.0,0.8300000000000002,-5.900854940502988,-151.52399830701012,0.0027371037573138265,365.3496866269303
3.0,0.8325,-5.898652529021772,-151.46744409632097,0.00274313862925043,364.5459217178728
3.0,0.8350000000000001,-5.896454103545041,-151.41099223950144,0.0027491758488563467,363.7453749697381
3.0,0.8375,-5.894259662587213,-151.35464269840415,0.0027552153772098954,362.94803240125026
3.0,0.8400000000000001,-5.892069204665395,-151.29839543495106,0.002761257175295692,362.15388010459907
3.0,0.8425,-5.889882728299392,-151.24225041113314,0.002767301204005016,361.3629042450225
3.0,0.8450000000000001,-5.887700232011696,-151.18620758901054,0.002773347424136199,360.5750910603871
3.0,0.8475000000000001,-5.885521714327487,-151.13026693071237,0.002779395796394998,359.79042686077497
3.0,0.8500000000000001,-5.883347173774637,-151.0744283984368,0.0027854462813949707,359.0088980280722
3.0,0.8525000000000001,-5.881176608883704,-151.01869195445113,0.002791498839657868,358.2304910155586
3.0,0.8550000000000001,-5.879010018187932,-150.9630575610915,0.0027975534316140166,357.4551923475011
3.0,0.8575,-5.87684740022325,-150.907525180763,0.0028036100176027034,356.6829886187505
3.0,0.8600000000000001,-5.8746887535282735,-150.8520947759398,0.0028096685578725593,355.91386649434037
3.0,0.8625,-5.8725340766443015,-150.79676630916492,0.0028157290125819597,355.1478127090869
3.0,0.8650000000000001,-5.870383368115313,-150.74153974305014,0.0028217913417994183,354.38481406719234
3.0,0.8675,-5.86823662648797,-150.68641504027624,0.0028278555055039722,353.62485744185255
3.0,0.8700000000000001,-5.866093850311619,-150.63139216359286,0.002833921463585581,352.86792977486516
3.0,0.8725,-5.863955038138279,-150.57647107581835,0.0028399891758455384,352.11401807623935
3.0,0.8750000000000001,-5.8618201885226515,-150.5216517398398,0.0028460586019968624,351.3631094238103
3.0,0.8775000000000002,-5.859689300022117,-150.46693411861324,0.002852129701664693,350.61519096285605
3.0,0.8800000000000001,-5.857562371196732,-150.41231817516328,0.002858202434386706,349.870249905715
3.0,0.8825000000000001,-5.855439400609226,-150.35780387258333,0.002864276759613526,349.12827353140585
3.0,0.885,-5.853320386825005,-150.30339117403534,0.0028703526367091286,348.3892491852514
3.0,0.8875000000000001,-5.851205328412151,-150.24908004275017,0.0028764300249512374,347.6531642785061
3.0,0.8900000000000001,-5.849094223941416,-150.19487044202705,0.002882508883531764,346.9200062879808
3.0,0.8925000000000001,-5.846987071986222,-150.14076233523397,0.0028885891715572103,346.18976275567417
3.0,0.8950000000000001,-5.844883871122669,-150.08675568580747,0.002894670848049068,345.4624212884079
3.0,0.8975000000000001,-5.842784619929519,-150.0328504572526,0.0029007538719442796,344.7379695574561
3.0,0.9000000000000001,-5.840689316988211,-149.97904661314314,0.002906838202095607,344.01639529818925
3.0,0.9025000000000002,-5.838597960882843,-149.92534411712109,0.002912923797272108,343.29768630970676
3.0,0.905,-5.836510550200186,-149.8717429328971,0.002919010616159516,342.5818304544846
3.0,0.9075000000000001,-5.834427083529676,-149.81824302425025,0.002925098617360696,341.86881565801554
3.0,0.91,-5.8323475594634155,-149.76484435502817,0.0029311877593960526,341.15862990845795
3.0,0.9125000000000001,-5.830271976596167,-149.7115468891467,0.002937278000703982,340.45126125628167
3.0,0.915,-5.828200333525361,-149.6583505905902,0.0029433692996412852,339.74669781392095
3.0,0.9175000000000001,-5.826132628851086,-149.60525542341136,0.002949461614483617,339.04492775542593
3.0,0.9200000000000002,-5.824068861176096,-149.5522613517312,0.00295555490342591,338.3459393161187
3.0,0.9225000000000001,-5.8220090291058035,-149.49936833973905,0.0029616491245828204,337.6497207922497
3.0,0.9250000000000002,-5.819953131248279,-149.4465763516926,0.0029677442359891722,336.9562605406568
3.0,0.9275000000000001,-5.817901166214253,-149.3938853519177,0.002973840195600389,336.26554697842795
3.0,0.93,-5.815853132617114,-149.3412953048085,0.0029799369612929423,335.5775685825641
3.0,0.9325,-5.813809029072909,-149.28880617482744,0.002986034490864794,334.8923138896454
3.0,0.9350000000000002,-5.811768854200336,-149.236417926505,0.0029921327420358605,334.2097714954971
3.0,0.9375000000000001,-5.80973260662075,-149.18413052443992,0.0029982316724484403,333.5299300548619
3.0,0.9400000000000001,-5.8077002849581625,-149.1319439332991,0.0030043312396676744,332.8527782810711
3.0,0.9425,-5.8056718878392335,-149.07985811781754,0.003010431401182006,332.1783049457175
3.0,0.9450000000000002,-5.803647413893276,-149.02787304279826,0.0030165321144036313,331.5064988783321
3.0,0.9475000000000001,-5.801626861752259,-148.97598867311257,0.003022633336668939,330.8373489660639
3.0,0.9500000000000001,-5.799610230050794,-148.9242049736996,0.0030287350252390073,330.1708441533563
3.0,0.9525000000000001,-5.797597517426148,-148.87252190956661,0.0030348371373000275,329.50697344163245
3.0,0.9550000000000001,-5.795588722518232,-148.8209394457889,0.0030409396299637893,328.8457258889772
3.0,0.9575,-5.793583843969607,-148.76945754750963,0.0030470424602681368,328.187090609824
3.0,0.96,-5.791582880425482,-148.7180761799401,0.0030531455851774236,327.5310567746439
3.0,0.9625000000000001,-5.789585830533706,-148.66679530835938,0.003059248961583013,326.87761360963196
3.0,0.9650000000000001,-5.787592692944777,-148.6156148981145,0.003065352546303711,326.2267503964033
3.0,0.9675,-5.785603466311835,-148.56453491462037,0.0030714562960862655,325.57845647168335
3.0,0.9700000000000002,-5.783618149290666,-148.51355532335984,0.003077560167605817,324.9327212270064
3.0,0.9725000000000001,-5.781636740539692,-148.46267608988344,0.0030836641174663963,324.28953410841035
3.0,0.9750000000000001,-5.779659238719981,-148.41189717980973,0.003089768102201379,323.6488846161387
3.0,0.9775000000000001,-5.777685642495239,-148.36121855882485,0.003095872078273988,323.01076230433927
3.0,0.9800000000000001,-5.775715950531814,-148.31064019268288,0.003101976002077745,322.3751567807703
3.0,0.9825,-5.773750161498686,-148.26016204720548,0.00310807982993699,321.7420577065014
3.0,0.985,-5.771788274067481,-148.20978408828228,0.00311418351810732,321.11145479562526
3.0,0.9875000000000002,-5.769830286912452,-148.1595062818703,0.003120287022776124,320.4833378149612
3.0,0.9900000000000001,-5.7678761987104945,-148.1093285939945,0.0031263903000630275,319.85769658376955
3.0,0.9925,-5.765926008141139,-148.05925099074736,0.003132493306020399,319.2345209734625
3.0,0.9950000000000002,-5.7639797138865445,-148.00927343828897,0.0031385959966338537,318.6138009073167
3.0,0.9975000000000002,-5.762037314631507,-147.9593959028472,0.0031446983278227256,317.995526360191
3.0,1.0,-5.760098809063454,-147.9096183507173,0.003150800255440569,317.379687358243
3.0,1.0025,-5.758164195872442,-147.8599407482622,0.00315690173527566,316.7662739786483
3.0,1.0050000000000001,-5.756233473751161,-147.81036306191234,0.003163002723051482,316.1552763493222
3.0,1.0075,-5.754306641394929,-147.7608852581657,0.003169103174427237,315.54668464864153
3.0,1.01,-5.752383697501691,-147.7115073035877,0.0031752030449983433,314.9404891051689
3.0,1.0125000000000002,-5.750464640772022,-147.66222916481135,0.003181302290296933,314.33667999738026
3.0,1.0150000000000001,-5.74854946990912,-147.61305080853688,0.0031874008657923705,313.7352476533903
3.0,1.0175,-5.746638183618816,-147.5639722015322,0.0031934987268917242,313.13618245068585
3.0,1.0200000000000002,-5.74473078060956,-147.5149933106326,0.0031995958289403187,312.53947481585266
3.0,1.0225000000000002,-5.742827259592425,-147.46611410274056,0.003205692127222223,311.94511522431003
3.0,1.0250000000000001,-5.740927619281113,-147.41733454482608,0.0032117875769607502,311.3530942000466
3.0,1.0275,-5.739031858391943,-147.36865460392644,0.0032178821333189904,310.7634023153543
3.0,1.0300000000000002,-5.737139975643859,-147.32007424714627,0.0032239757514003118,310.1760301905673
3.0,1.0325000000000002,-5.735251969758424,-147.27159344165744,0.0032300683862488827,309.59096849380086
3.0,1.0350000000000001,-5.73336783945982,-147.22321215469913,0.0032361599928501846,309.00820794069256
3.0,1.0375,-5.731487583474854,-147.17493035357788,0.0032422505261315232,308.4277392941456
3.0,1.04,-5.72961120053294,-147.12674800566717,0.003248339940962585,307.8495533640696
3.0,1.0425,-5.72773868936612,-147.07866507840802,0.003254428192155901,307.2736410071314
3.0,1.045,-5.725870048709044,-147.03068153930835,0.003260515234467433,306.69999312649685
3.0,1.0475,-5.724005277298984,-146.98279735594338,0.003266601022597045,306.12860067158437
3.0,1.05,-5.722144373875823,-146.93501249595553,0.003272685511189059,305.5594546378127
3.0,1.0525,-5.720287337182059,-146.88732692705426,0.0032787686548327796,304.99254606635276
3.0,1.0550000000000002,-5.718434165962801,-146.83974061701602,0.0032848504080630267,304.4278660438813
3.0,1.0575,-5.716584858965774,-146.79225353368452,0.003290930725360648,303.86540570233717
3.0,1.06,-5.71473941494131,-146.74486564497045,0.003297009561153077,303.3051562186752
3.0,1.0625000000000002,-5.712897832642355,-146.6975769188515,0.0033030868698148506,302.7471088146263
3.0,1.0650000000000002,-5.711060110824461,-146.65038732337237,0.0033091626056681507,302.19125475645546
3.0,1.0675000000000001,-5.709226248245793,-146.60329682664482,0.003315236722983338,301.63758535472334
3.0,1.07,-5.7073962436671195,-146.55630539684753,0.0033213091759794994,301.086091964048
3.0,1.0725000000000002,-5.705570095851819,-146.50941300222607,0.0033273799188249776,300.53676598286904
3.0,1.0750000000000002,-5.703747803565873,-146.462619611093,0.0033334489056379233,299.98959885321227
3.0,1.0775000000000001,-5.701929365577874,-146.4159251918278,0.0033395160904868214,299.4445820604577
3.0,1.0800000000000003,-5.700114780659014,-146.36932971287678,0.0033455814273910607,298.90170713310556
3.0,1.0825000000000002,-5.69830404758309,-146.32283314275307,0.003351644870321458,298.36096564254717
3.0,1.0850000000000002,-5.696497165126502,-146.27643545003676,0.003357706373200817,297.82234920283554
3.0,1.0875,-5.6946941320682525,-146.23013660337466,0.003363765889904471,297.2858494704575
3.0,1.09,-5.692894947189945,-146.18393657148042,0.003369823374260841,296.7514581441072
3.0,1.0925,-5.691099609275784,-146.1378353231344,0.003375878780051978,296.2191669644617
3.0,1.095,-5.689308117112572,-146.0918328271838,0.0033819320610141263,295.6889677139564
3.0,1.0975000000000001,-5.687520469489711,-146.04592905254248,0.003387983170838267,295.1608522165641
3.0,1.1,-5.685736665199203,-146.00012396819113,0.0033940320631706835,294.634812337573
3.0,1.1025,-5.683956703035643,-145.95441754317693,0.0034000786916135142,294.11083998336755
3.0,1.105,-5.682180581796226,-145.90880974661388,0.003406123009725313,293.58892710121034
3.0,1.1075000000000002,-5.680408300280741,-145.8633005476826,0.003412164971021606,293.06906567902513
3.0,1.11,-5.678639857291571,-145.81788991563033,0.0034182045289754565,292.5512477451814
3.0,1.1125,-5.676875251633693,-145.77257781977087,0.0034242416370180275,292.0354653682798
3.0,1.1150000000000002,-5.67511448211468,-145.72736422948472,0.0034302762485391397,291.5217106569398
3.0,1.1175000000000002,-5.673357547544693,-145.68224911421882,0.0034363083168878505,291.00997575958684
3.0,1.12,-5.671604446736488,-145.6372324434867,0.0034423377953730003,290.50025286424375
3.0,1.1225000000000003,-5.669855178505409,-145.59231418686846,0.0034483646372638027,289.9925341983198
3.0,1.1250000000000002,-5.668109741669391,-145.54749431401066,0.0034543887957903946,289.48681202840436
3.0,1.1275000000000002,-5.666368135048958,-145.50277279462628,0.0034604102241444228,288.983078660059
3.0,1.1300000000000001,-5.664630357467223,-145.45814959849494,0.003466428875479601,288.48132643761346
3.0,1.1325000000000003,-5.6628964077498845,-145.4136246954625,0.003472444702912294,287.9815477439606
3.0,1.135,-5.66116628472523,-145.36919805544133,0.0034784576595220866,287.4837350003543
3.0,1.1375,-5.659439987224131,-145.32486964841027,0.0034844676983523605,286.98788066620693
3.0,1.1400000000000001,-5.657717514080046,-145.28063944441445,0.003490474772410868,286.4939772388903
3.0,1.1425,-5.655998864129015,-145.23650741356533,0.0034964788346703224,286.0020172535346
3.0,1.145,-5.654284036209664,-145.19247352604083,0.0035024798380689564,285.51199328283246
3.0,1.1475,-5.652573029163202,-145.1485377520851,0.003508477735511119,285.02389793684097
3.0,1.1500000000000001,-5.650865841833417,-145.10470006200862,0.0035144724798678545,284.5377238627859
3.0,1.1525,-5.649162473066681,-145.06096042618816,0.003520464023977475,284.0534637448686
3.0,1.155,-5.647462921711948,-145.01731881506674,0.0035264523206461553,283.57111030407157
3.0,1.1575000000000002,-5.645767186620743,-144.97377519915352,0.003532437322648528,283.09065629796555
3.0,1.1600000000000001,-5.644075266647181,-144.9303295490241,0.0035384189827282345,282.6120945205217
3.0,1.1625,-5.642387160647948,-144.88698183532006,0.003544397253598548,282.13541780191883
3.0,1.1650000000000003,-5.640702867482309,-144.84373202874934,0.0035503720879429455,281.6606190083562
3.0,1.1675000000000002,-5.6390223860121065,-144.8005801000859,0.0035563434384157026,281.18769104186543
3.0,1.1700000000000002,-5.637345715101759,-144.7575260201699,0.0035623112576424736,280.7166268401254
3.0,1.1725,-5.6356728536182565,-144.71456975990768,0.0035682754982209086,280.2474193762746
3.0,1.1750000000000003,-5.6340038004311666,-144.6717112902715,0.0035742361127212175,279.78006165872955
3.0,1.1775000000000002,-5.63233855441263,-144.62895058229995,0.003580193053686776,279.314546731001
3.0,1.1800000000000002,-5.6306771144373595,-144.58628760709746,0.003586146273634729,278.85086767151097
3.0,1.1825,-5.62901947938264,-144.54372233583464,0.003592095725056573,278.3890175934136
3.0,1.185,-5.627365648128325,-144.50125473974808,0.0035980413604187675,277.9289896444138
3.0,1.1875,-5.6257156195568445,-144.45888479014036,0.003603983132163314,277.47077700659037
3.0,1.19,-5.624069392553192,-144.41661245838003,0.0036099209927083773,277.0143728962169
3.0,1.1925000000000001,-5.622426966004934,-144.3744377159017,0.00361585489444887,276.5597705635863
3.0,1.195,-5.620788338802202,-144.33236053420583,0.003621784789757061,276.10696329283473
3.0,1.1975,-5.619153509837697,-144.29038088485882,0.0036277106309831816,275.6559444017673
3.0,1.2000000000000002,-5.617522478006687,-144.24849873949302,0.0036336323704560147,275.2067072416854
3.0,1.2025000000000001,-5.615895242207003,-144.2067140698066,0.0036395499604835175,274.75924519721366
3.0,1.205,-5.614271801339045,-144.1650268475637,0.003645463353353408,274.3135516861292
3.0,1.2075000000000002,-5.612652154305775,-144.12343704459414,0.003651372501333793,273.86962015919073
3.0,1.2100000000000002,-5.611036300012719,-144.08194463279384,0.0036572773566737543,273.4274440999703
3.0,1.2125000000000001,-5.609424237367968,-144.04054958412428,0.003663177871603967,272.9870170246846
3.0,1.215,-5.607815965282169,-143.9992518706128,0.0036690739983373214,272.54833248202686
3.0,1.2175000000000002,-5.606211482668538,-143.95805146435256,0.003674965689069506,272.11138405300267
3.0,1.2200000000000002,-5.60461078844285,-143.91694833750248,0.003680852895979628,271.67616535076405
3.0,1.2225000000000001,-5.603013881523436,-143.8759424622872,0.0036867355712308443,271.2426700204437
3.0,1.2250000000000003,-5.601420760831189,-143.83503381099706,0.0036926136669709593,270.81089173899346
3.0,1.2275000000000003,-5.599831425289562,-143.79422235598807,0.0036984871353330268,270.3808242150222
3.0,1.2300000000000002,-5.598245873824562,-143.753508069682,0.0037043559284359873,269.95246118863344
3.0,1.2325,-5.5966641053647574,-143.71289092456624,0.0037102199983852706,269.52579643126586
3.0,1.235,-5.5950861188412695,-143.6723708931938,0.0037160792972734144,269.1008237455338
3.0,1.2375,-5.593511913187777,-143.63194794818332,0.0037219337771806815,268.6775369650686
3.0,1.24,-5.591941487340514,-143.59162206221913,0.0037277833901756792,268.2559299543617
3.0,1.2425000000000002,-5.590374840238265,-143.551393208051,0.0037336280883159836,267.8359966086071
3.0,1.245,-5.588811970822374,-143.5112613584944,0.0037394678236487397,267.4177308535476
3.0,1.2475,-5.587252878036734,-143.4712264864303,0.003745302548211303,267.00112664531844
3.0,1.25,-5.585697560827789,-143.43128856480516,0.0037511322140318594,266.58617797029393
3.0,1.2525000000000002,-5.584146018144538,-143.3914475666311,0.003756956773130027,266.1728788449359
3.0,1.2550000000000001,-5.582598248938527,-143.35170346498546,0.0037627761775175053,265.76122331564
3.0,1.2575,-5.581054252163855,-143.31205623301142,0.0037685903791986725,265.35120545858666
3.0,1.2600000000000002,-5.579514026777169,-143.27250584391732,0.0037743993301712375,264.942819379589
3.0,1.2625000000000002,-5.577977571737662,-143.23305227097708,0.0037802029824268455,264.5360592139451
3.0,1.2650000000000001,-5.576444886007079,-143.19369548752996,0.0037860012879517113,264.13091912628914
3.0,1.2675000000000003,-5.57491596854971,-143.15443546698077,0.0037917941987272363,263.7273933104446
3.0,1.2700000000000002,-5.573390818332391,-143.1152721827996,0.00379758166673065,263.3254759892769
3.0,1.2725000000000002,-5.571869434324505,-143.07620560852186,0.003803363643935631,262.9251614145482
3.0,1.2750000000000001,-5.570351815497978,-143.03723571774842,0.0038091400823129355,262.52644386677247
3.0,1.2775,-5.568837960827284,-142.99836248414547,0.003814910933831021,262.12931765507227
3.0,1.28,-5.567327869289437,-142.95958588144444,0.003820676150456688,261.73377711703444
3.0,1.2825,-5.565821539863994,-142.92090588344215,0.003826435684155706,261.3398166185688
3.0,1.2850000000000001,-5.564318971533058,-142.88232246400062,0.003832189486893436,260.94743055376676
3.0,1.2875,-5.562820163281269,-142.84383559704722,0.0038379375106354758,260.5566133447604
3.0,1.29,-5.56132511409581,-142.80544525657444,0.003843679707348285,260.1673594415831
3.0,1.2925,-5.559833822966405,-142.76715141664013,0.0038494160289998195,259.77966332203033
3.0,1.2950000000000002,-5.558346288885315,-142.72895405136723,0.0038551464275601625,259.3935194915224
3.0,1.2975,-5.556862510847343,-142.690853134944,0.003860870855002162,259.0089224829666
3.0,1.3,-5.555382487849828,-142.65284864162382,0.0038665892633020643,258.625866856621
3.0,1.3025000000000002,-5.553906218892646,-142.61494054572515,0.003872301604440156,258.2443471999585
3.0,1.3050000000000002,-5.552433702978212,-142.5771288216317,0.003878007830401382,257.8643581275332
3.0,1.3075,-5.550964939111476,-142.53941344379228,0.0038837078931760025,257.4858942808451
3.0,1.3100000000000003,-5.549499926299922,-142.50179438672075,0.003889401744760223,257.1089503282076
3.0,1.3125000000000002,-5.548038663553571,-142.46427162499612,0.0038950893371568216,256.7335209646152
3.0,1.3150000000000002,-5.546581149884977,-142.4268451332624,0.0039007706223758024,256.3596009116117
3.0,1.3175000000000001,-5.545127384309228,-142.38951488622877,0.003906445552435023,255.98718491715965
3.0,1.3200000000000003,-5.543677365843942,-142.3522808586693,0.003912114079360844,255.61626775550948
3.0,1.3225000000000002,-5.542231093509275,-142.31514302542325,0.003917776155188751,255.24684422707196
3.0,1.3250000000000002,-5.54078856632791,-142.27810136139476,0.00392343173196401,254.8789091582881
3.0,1.3275000000000001,-5.53934978332506,-142.2411558415529,0.003929080761742315,254.5124574015015
3.0,1.33,-5.53791474352847,-142.20430644093193,0.003934723196590402,254.1474838348326
3.0,1.3325,-5.536483445968415,-142.16755313463085,0.0039403589885867105,253.78398336205154
3.0,1.335,-5.5350558896777,-142.13089589781376,0.00394598808982201,253.42195091245358
3.0,1.3375000000000001,-5.533632073691653,-142.09433470570946,0.003951610452400082,253.0613814407318
3.0,1.34,-5.532211997048135,-142.0578695336119,0.003957226028438296,252.70226992685733
3.0,1.3425,-5.53079565878753,-142.0215003568797,0.003962834770068317,252.3446113759521
3.0,1.3450000000000002,-5.529383057952749,-141.9852271509365,0.003968436629436707,251.98840081816883
3.0,1.3475000000000001,-5.527974193589234,-141.94904989127082,0.003974031558705575,251.63363330856913
3.0,1.35,-5.526569064744943,-141.91296855343586,0.0039796195100532455,251.2803039270004
3.0,1.3525,-5.525167670470364,-141.87698311304973,0.003985200435674875,250.92840777797787
3.0,1.3550000000000002,-5.523770009818507,-141.84109354579527,0.003990774287783112,250.57793999056335
3.0,1.3575000000000002,-5.5223760818449055,-141.8052998274203,0.003996341018608729,250.22889571824783
3.0,1.36,-5.5209858856076135,-141.7696019337371,0.004001900580401289,249.88127013883127
3.0,1.3625000000000003,-5.51959942016721,-141.73399984062306,0.0040074529254297605,249.53505845430726
3.0,1.3650000000000002,-5.518216684586793,-141.69849352402,0.004012998005983189,249.1902558907449
3.0,1.3675000000000002,-5.516837677931981,-141.66308295993466,0.004018535774371337,248.84685769817258
3.0,1.3700000000000003,-5.515462399270912,-141.62776812443835,0.004024066182925331,248.50485915046286
3.0,1.3725000000000003,-5.514090847674245,-141.59254899366712,0.004029589183998284,248.16425554521885
3.0,1.3750000000000002,-5.512723022215155,-141.5574255438218,0.0040351047299659855,247.82504220365792
3.0,1.3775,-5.511358921969338,-141.52239775116772,0.004040612773227516,247.48721447050002
3.0,1.3800000000000001,-5.509998546015003,-141.48746559203488,0.004046113266205905,247.15076771385432
3.0,1.3825,-5.5086418934328805,-141.45262904281793,0.004051606161348778,246.8156973251073
3.0,1.385,-5.507288963306215,-141.41788807997625,0.004057091411128998,246.48199871881184
3.0,1.3875000000000002,-5.505939754720764,-141.3832426800335,0.004062568968045335,246.1496673325746
3.0,1.3900000000000001,-5.504594266764804,-141.34869281957828,0.004068038784623074,245.81869862694916
3.0,1.3925,-5.503252498529123,-141.31423847526347,0.004073500813414709,245.48908808532343
3.0,1.395,-5.501914449107024,-141.27987962380666,0.004078955007000551,245.16083121381317
3.0,1.3975000000000002,-5.50058011759432,-141.2456162419899,0.004084401317989411,244.833923541152
3.0,1.4000000000000001,-5.4992495030893425,-141.21144830665978,0.004089839699019216,244.50836061858607
3.0,1.4025,-5.497922604692929,-141.17737579472737,0.004095270102757683,244.18413801976516
3.0,1.4050000000000002,-5.49659942150843,-141.1433986831682,0.004100692481902955,243.86125134063775
3.0,1.4075000000000002,-5.495279952641708,-141.10951694902235,0.0041061067891842475,243.5396961993451
3.0,1.4100000000000001,-5.493964197201131,-141.0757305693942,0.004111512977362522,243.21946823611538
3.0,1.4125000000000003,-5.492652154297582,-141.04203952145275,0.00411691099923109,242.90056311316147
3.0,1.4150000000000003,-5.491343823044452,-141.00844378243136,0.004122300807616295,242.58297651457565
3.0,1.4175000000000002,-5.490039202557635,-140.97494332962765,0.004127682355378165,242.2667041462262
3.0,1.4200000000000002,-5.488738291955537,-140.94153814040382,0.004133055595411042,241.95174173565593
3.0,1.4225,-5.487441090359069,-140.90822819218636,0.004138420480644237,241.63808503198004
3.0,1.425,-5.4861475968916515,-140.87501346246611,0.004143776964042681,241.32572980578496
3.0,1.4275,-5.484857810679207,-140.8418939287983,0.004149124998607577,241.014671849027
3.0,1.4300000000000002,-5.483571730850164,-140.80886956880244,0.0041544645373770535,240.7049069749326
3.0,1.4325,-5.482289356535458,-140.7759403601624,0.0041597955334267845,240.39643101789989
3.0,1.435,-5.481010686868525,-140.74310628062628,0.004165117939870681,240.0892398333979
3.0,1.4375,-5.479735720985307,-140.7103673080065,0.0041704317098615095,239.78332929786964
3.0,1.4400000000000002,-5.4784644580242485,-140.67772342017986,0.0041757367965915455,239.47869530863446
3.0,1.4425000000000001,-5.477196897126294,-140.64517459508718,0.004181033153293239,239.1753337837894
3.0,1.445,-5.475933037434894,-140.61272081073372,0.004186320733239836,238.8732406621147
3.0,1.4475000000000002,-5.474672878095994,-140.58036204518888,0.004191599489746056,238.57241190297594
3.0,1.4500000000000002,-5.473416418258046,-140.54809827658627,0.004196869376168711,238.2728434862302
3.0,1.4525000000000001,-5.472163657072,-140.5159294831237,0.004202130345907377,237.97453141213006
3.0,1.4550000000000003,-5.470914593691301,-140.48385564306312,0.0042073823524050365,237.67747170122936
3.0,1.4575000000000002,-5.4696692272719005,-140.45187673473075,0.004212625349148711,237.38166039429078
3.0,1.4600000000000002,-5.468427556972243,-140.4199927365169,0.0042178592896701325,237.08709355219085
3.0,1.4625000000000001,-5.467189581953271,-140.388203626876,0.0042230841275463765,236.79376725582844
3.0,1.4650000000000003,-5.4659553013784254,-140.35650938432656,0.00422829981640051,236.50167760603253
3.0,1.4675000000000002,-5.464724714413643,-140.32490998745132,0.004233506309902246,236.21082072347036
3.0,1.4700000000000002,-5.463497820227358,-140.293405414897,0.004238703561768577,235.92119274855713
3.0,1.4725000000000001,-5.462274617990498,-140.26199564537444,0.00424389152576444,235.63278984136448
3.0,1.475,-5.461055106876485,-140.23068065765858,0.0042490701557033475,235.3456081815317
3.0,1.4775,-5.459839286061238,-140.19946043058832,0.004254239405448042,235.05964396817564
3.0,1.48,-5.4586271547231675,-140.16833494306667,0.00425939922891114,234.77489341980208
3.0,1.4825000000000002,-5.457418712043179,-140.13730417406063,0.004264549580055768,234.49135277421794
3.0,1.485,-5.456213957204667,-140.10636810260124,0.004269690412896236,234.209018288442
3.0,1.4875,-5.455012889393521,-140.0755267077834,0.00427482168149865,233.9278862386194
3.0,1.4900000000000002,-5.453815507798122,-140.04477996876625,0.004279943339981569,233.6479529199343
3.0,1.4925000000000002,-5.452621811609343,-140.0141278647726,0.004285055342516656,233.3692146465231
3.0,1.495,-5.451431800020544,-139.9835703750894,0.004290157643329316,233.09166775138922
3.0,1.4975,-5.450245472227577,-139.95310747906746,0.00429525019669935,232.81530858631749
3.0,1.5000000000000002,-5.449062827428783,-139.9227391561215,0.004300332956961572,232.54013352179044
3.0,1.5025000000000002,-5.447883864824992,-139.89246538573028,0.004305405878506483,232.26613894690308
3.0,1.5050000000000001,-5.446708583619521,-139.86228614743624,0.0043104689157809,231.9933212692792
3.0,1.5075000000000003,-5.445536983018177,-139.83220142084585,0.00431552202328859,231.7216769149894
3.0,1.5100000000000002,-5.444369062229253,-139.8022111856294,0.004320565155590924,231.45120232846713
3.0,1.5125000000000002,-5.443204820463528,-139.7723154215211,0.00432559826730752,231.18189397242676
3.0,1.5150000000000003,-5.442044256934267,-139.74251410831886,0.00433062131311688,230.913748327782
3.0,1.5175000000000003,-5.440887370857221,-139.71280722588452,0.004335634247757023,230.646761893565
3.0,1.52,-5.439734161450628,-139.6831947541437,0.004340637026026137,230.38093118684523
3.0,1.5225,-5.438584627935207,-139.6536766730858,0.004345629602783209,230.11625274264938
3.0,1.5250000000000001,-5.437438769534163,-139.62425296276413,0.004350611932948675,229.85272311388138
3.0,1.5275,-5.436296585473184,-139.5949236032955,0.0043555839715050506,229.59033887124326
3.0,1.53,-5.435158074980443,-139.56568857486081,0.004360545673497566,229.3290966031566
3.0,1.5325000000000002,-5.43402323728659,-139.53654785770442,0.004365496994034824,229.0689929156833
3.0,1.5350000000000001,-5.432892071624764,-139.5075014321346,0.004370437888289405,228.81002443244907
3.0,1.5375,-5.431764577230577,-139.47854927852327,0.004375368311498542,228.5521877945642
3.0,1.54,-5.430640753342132,-139.44969137730604,0.004380288218964708,228.29547966054903
3.0,1.5425000000000002,-5.4295205992000035,-139.42092770898225,0.004385197566056306,228.03989670625478
3.0,1.5450000000000002,-5.42840411404725,-139.3922582541149,0.004390096308208265,227.78543562478953
3.0,1.5475,-5.427291297129409,-139.36368299333063,0.004394984400922689,227.53209312644174
3.0,1.5500000000000003,-5.426182147694497,-139.3352019073198,0.004399861799769487,227.27986593860535
3.0,1.5525000000000002,-5.425076664993005,-139.3068149768363,0.0044047284603870255,227.02875080570436
3.0,1.5550000000000002,-5.423974848277909,-139.2785221826978,0.004409584338482715,226.77874448912067
3.0,1.5575000000000003,-5.422876696804655,-139.2503235057854,0.004414429389833692,226.5298437671179
3.0,1.5600000000000003,-5.421782209831171,-139.22221892704394,0.004419263570287425,226.28204543476934
3.0,1.5625000000000002,-5.420691386617859,-139.1942084274818,0.004424086835762345,226.03534630388486
3.0,1.5650000000000002,-5.419604226427596,-139.16629198817094,0.004428899142248492,225.78974320293818
3.0,1.5675000000000001,-5.418520728525736,-139.1384695902468,0.004433700445808122,225.54523297699515
3.0,1.57,-5.417440892180107,-139.11074121490856,0.004438490702576347,225.30181248764237
3.0,1.5725,-5.416364716661011,-139.0831068434187,0.004443269868761767,225.05947861291534
3.0,1.5750000000000002,-5.4152922012412255,-139.05556645710342,0.004448037900647091,224.81822824722832
3.0,1.5775000000000001,-5.414223345195998,-139.02812003735232,0.004452794754589773,224.57805830130343
3.0,1.58,-5.413158147803053,-139.00076756561856,0.004457540387022612,224.33896570210197
3.0,1.5825,-5.412096608342585,-138.97350902341873,0.004462274754454405,224.10094739275382
3.0,1.5850000000000002,-5.411038726097258,-138.94634439233286,0.00446699781347058,223.86400033248773
3.0,1.5875000000000001,-5.409984500352213,-138.91927365400457,0.004471709520733775,223.62812149656523
3.0,1.59,-5.408933930395056,-138.89229679014088,0.004476409832984497,223.3933078762101
3.0,1.5925000000000002,-5.407887015515868,-138.8654137825121,0.004481098707041739,223.15955647854148
3.0,1.5950000000000002,-5.4068437550071975,-138.83862461295217,0.00448577609980359,222.9268643265064
3.0,1.5975000000000001,-5.405804148164062,-138.81192926335837,0.0044904419682478686,222.69522845881278
3.0,1.6000000000000003,-5.404768194283951,-138.78532771569132,0.004495096269432723,222.46464592986328
3.0,1.6025000000000003,-5.40373589266682,-138.7588199519751,0.004499738960497279,222.23511380968802
3.0,1.6050000000000002,-5.402707242615091,-138.73240595429712,0.004504369998662234,222.00662918387985
3.0,1.6075000000000002,-5.401682243433657,-138.70608570480815,0.00450898934123048,221.77918915352882
3.0,1.6100000000000003,-5.400660894429876,-138.6798591857223,0.00451359694558773,221.5527908351566
3.0,1.6125000000000003,-5.399643194913574,-138.65372637931713,0.004518192769203108,221.3274313606531
3.0,1.6150000000000002,-5.3986291441970415,-138.6276872679334,0.0045227767696298,221.10310787721065
3.0,1.6175000000000002,-5.397618741595035,-138.60174183397515,0.004527348904505638,220.87981754726158
3.0,1.62,-5.396611986424777,-138.57589005990988,0.004531909131553721,220.65755754841442
3.0,1.6225,-5.395608878005955,-138.55013192826834,0.004536457408583022,220.436325073391
3.0,1.625,-5.394609415660719,-138.5244674216444,0.004540993693489026,220.21611732996269
3.0,1.6275000000000002,-5.393613598713687,-138.4988965226954,0.004545517944254288,219.9969315408905
3.0,1.6300000000000001,-5.392621426491933,-138.4734192141418,0.004550030118949104,219.77876494386032
3.0,1.6325,-5.391632898325002,-138.44803547876742,0.004554530175732061,219.5616147914241
3.0,1.6350000000000002,-5.3906480135448955,-138.42274529941912,0.00455901807285069,219.34547835093667
3.0,1.6375000000000002,-5.38966677148608,-138.3975486590072,0.004563493768642032,219.13035290449668
3.0,1.6400000000000001,-5.388689171485483,-138.37244554050505,0.00456795722153328,218.91623574888473
3.0,1.6425,-5.387715212882492,-138.3474359269493,0.004572408390042355,218.7031241955045
3.0,1.6450000000000002,-5.386744895018958,-138.3225198014397,0.004576847232778517,218.49101557032284
3.0,1.6475000000000002,-5.385778217239189,-138.29769714713925,0.0045812737084429764,218.27990721380996
3.0,1.6500000000000001,-5.384815178889953,-138.27296794727408,0.004585687775829486,218.06979648088102
3.0,1.6525000000000003,-5.383855779320481,-138.24833218513348,0.004590089393824936,217.86068074083778
3.0,1.6550000000000002,-5.382900017882459,-138.22378984406984,0.004594478521409956,217.65255737731027
3.0,1.6575000000000002,-5.3819478939300325,-138.19934090749877,0.00459885511765953,217.44542378819804
3.0,1.6600000000000004,-5.380999406819807,-138.17498535889894,0.004603219141743553,217.2392773856149
3.0,1.6625000000000003,-5.380054555910842,-138.15072318181205,0.004607570552927477,217.03411559582904
3.0,1.665,-5.379113340564658,-138.12655435984308,0.0046119093105728565,216.82993585920872
3.0,1.6675,-5.378175760145227,-138.10247887665992,0.004616235374137979,216.62673563016418
3.0,1.6700000000000002,-5.377241814018985,-138.07849671599362,0.004620548703178424,216.42451237709304
3.0,1.6725,-5.376311501554817,-138.0546078616383,0.004624849257347691,216.22326358232286
3.0,1.675,-5.375384822124065,-138.03081229745104,0.004629136996397757,216.02298674205738
3.0,1.6775000000000002,-5.37446177510053,-138.00711000735214,0.004633411880179673,215.82367936632093
3.0,1.6800000000000002,-5.373542359860461,-137.9835009753247,0.004637673868644169,215.62533897890313
3.0,1.6825,-5.372626575782567,-137.959985185415,0.004641922921842212,215.42796311730572
3.0,1.685,-5.371714422248008,-137.93656262173232,0.0046461589999256085,215.2315493326878
3.0,1.6875000000000002,-5.3708058986403975,-137.91323326844883,0.004650382063147588,215.03609518981222
3.0,1.6900000000000002,-5.369901004345802,-137.88999710979985,0.004654592071863376,214.84159826699255
3.0,1.6925000000000001,-5.368999738752742,-137.86685413008354,0.004658788986530782,214.64805615604
3.0,1.6950000000000003,-5.3681021012521875,-137.84380431366102,0.00466297276771078,214.4554664622105
3.0,1.6975000000000002,-5.367208091237561,-137.8208476449565,0.00466714337606808,214.26382680415279
3.0,1.7000000000000002,-5.366317708104738,-137.79798410845697,0.004671300772371712,214.07313481385614
3.0,1.7025000000000003,-5.365430951252044,-137.77521368871254,0.0046754449174955925,213.88338813659922
3.0,1.7050000000000003,-5.364547820080253,-137.75253637033606,0.00467957577241912,213.6945844308975
3.0,1.7075000000000002,-5.363668313992592,-137.72995213800334,0.0046836932982277256,213.50672136845353
3.0,1.7100000000000002,-5.362792432394734,-137.7074609764532,0.004687797456113453,213.31979663410573
3.0,1.7125000000000001,-5.3619201746948075,-137.68506287048726,0.004691888207375522,213.13380792577854
3.0,1.715,-5.361051540303381,-137.66275780496997,0.004695965513420934,212.94875295443052
3.0,1.7175,-5.360186528633481,-137.64054576482883,0.004700029335764976,212.76462944400754
3.0,1.7200000000000002,-5.359325139100573,-137.61842673505402,0.0047040796360318495,212.58143513139058
3.0,1.7225000000000001,-5.358467371122577,-137.5964007006986,0.004708116375955192,212.39916776634857
3.0,1.725,-5.357613224119858,-137.57446764687865,0.004712139517378664,212.21782511148868
3.0,1.7275,-5.356762697515227,-137.55262755877283,0.004716149022256511,212.03740494220753
3.0,1.7300000000000002,-5.355915790733941,-137.53088042162275,0.00472014485265411,211.85790504664402
3.0,1.7325000000000002,-5.355072503203706,-137.5092262207329,0.0047241269707485375,211.67932322563087
3.0,1.735,-5.35423283435467,-137.48766494147037,0.004728095338829138,211.50165729264657
3.0,1.7375000000000003,-5.353396783619429,-137.46619656926524,0.004732049919298063,211.3249050737691
3.0,1.7400000000000002,-5.352564350433024,-137.4448210896103,0.004735990674670828,211.14906440762883
3.0,1.7425000000000002,-5.3517355342329385,-137.42353848806104,0.004739917567576884,210.97413314536078
3.0,1.745,-5.350910334459103,-137.4023487502359,0.004743830560760144,210.80010915055985
3.0,1.7475000000000003,-5.350088750553887,-137.38125186181577,0.004747729617079573,210.62699029923292
3.0,1.7500000000000002,-5.34927078196211,-137.36024780854464,0.004751614699509679,210.45477447975534
3.0,1.7525000000000002,-5.348456428131029,-137.33933657622893,0.00475548577114112,210.28345959282333
3.0,1.7550000000000003,-5.347645688510346,-137.318518150738,0.004759342795181216,210.11304355140996
3.0,1.7575000000000003,-5.346838562552207,-137.29779251800377,0.0047631857349544875,209.94352428072074
3.0,1.7600000000000002,-5.346035049711196,-137.277159664021,0.0047670145539032375,209.77489971814722
3.0,1.7625000000000002,-5.34523514944434,-137.256619574847,0.004770829215588061,209.60716781322432
3.0,1.7650000000000001,-5.34443886121111,-137.23617223660187,0.004774629683688385,209.440326527586
3.0,1.7675,-5.343646184473413,-137.21581763546834,0.004778415922003025,209.27437383492102
3.0,1.77,-5.342857118695601,-137.19555575769186,0.004782187894450706,209.10930772093022
3.0,1.7725000000000002,-5.342071663344464,-137.17538658958046,0.004785945565070608,208.9451261832826
3.0,1.7750000000000001,-5.341289817889231,-137.15531011750488,0.0047896888980228924,208.78182723157326
3.0,1.7775,-5.340511581801572,-137.13532632789847,0.004793417857589242,208.61940888728006
3.0,1.7800000000000002,-5.339736954555594,-137.1154352072572,0.004797132408173389,208.45786918372167
3.0,1.7825000000000002,-5.338965935627845,-137.09563674213973,0.004800832514301636,208.29720616601583
3.0,1.7850000000000001,-5.338198524497312,-137.07593091916726,0.004804518140623393,208.1374178910372
3.0,1.7875,-5.337434720645414,-137.05631772502358,0.00480818925191171,207.97850242737542
3.0,1.7900000000000003,-5.336674523556015,-137.03679714645514,0.0048118458130637694,207.82045785529564
3.0,1.7925000000000002,-5.335917932715413,-137.01736917027094,0.0048154877891014485,207.6632822666956
3.0,1.7950000000000002,-5.335164947612341,-136.99803378334252,0.004819115145171818,207.50697376506585
3.0,1.7975000000000003,-5.334415567737974,-136.9787909726041,0.0048227278465476555,207.35153046544997
3.0,1.8000000000000003,-5.333669792585916,-136.9596407250523,0.004826325858627991,207.1969504944028
3.0,1.8025000000000002,-5.332927621652212,-136.9405830277464,0.004829909146938583,207.04323198995277
3.0,1.8050000000000004,-5.332189054435343,-136.92161786780827,0.004833477677132461,206.8903731015607
3.0,1.8075000000000003,-5.331454090436221,-136.90274523242212,0.004837031414990438,206.7383719900808
3.0,1.81,-5.330722729158198,-136.88396510883487,0.004840570326421595,206.58722682772233
3.0,1.8125,-5.329994970107054,-136.86527748435586,0.004844094377463827,206.43693579800973
3.0,1.8150000000000002,-5.329270812791011,-136.84668234635694,0.0048476035342843145,206.28749709574524
3.0,1.8175000000000001,-5.328550256720719,-136.82817968227255,0.0048510977631800465,206.13890892697012
3.0,1.82,-5.327833301409264,-136.80976947959945,0.004854577030578333,205.991169508926
3.0,1.8225000000000002,-5.3271199463721635,-136.79145172589702,0.004858041303037285,205.8442770700184
3.0,1.8250000000000002,-5.326410191127369,-136.77322640878705,0.004861490547246329,205.6982298497783
3.0,1.8275000000000001,-5.325704035195267,-136.75509351595386,0.004864924730026691,205.55302609882594
3.0,1.83,-5.325001478098672,-136.73705303514416,0.004868343818331913,205.40866407883235
3.0,1.8325000000000002,-5.324302519362833,-136.7191049541671,0.004871747779248332,205.26514206248405
3.0,1.8350000000000002,-5.323607158515429,-136.70124926089434,0.00487513657999558,205.12245833344565
3.0,1.8375000000000001,-5.3229153950865715,-136.68348594325985,0.004878510187927069,204.9806111863242
3.0,1.8400000000000003,-5.322227228608803,-136.66581498926018,0.004881868570530481,204.83959892663324
3.0,1.8425000000000002,-5.321542658617094,-136.64823638695415,0.004885211695428264,204.69941987075643
3.0,1.8450000000000002,-5.32086168464885,-136.6307501244631,0.004888539530378096,204.56007234591323
3.0,1.8475000000000004,-5.320184306243903,-136.61335618997066,0.004891852043273395,204.42155469012255
3.0,1.8500000000000003,-5.319510522944516,-136.59605457172296,0.004895149202143778,204.28386525216857
3.0,1.8525000000000003,-5.318840334295381,-136.57884525802845,0.004898430975155552,204.14700239156568
3.0,1.8550000000000002,-5.318173739843619,-136.56172823725797,0.004901697330612195,204.01096447852393
3.0,1.8575000000000002,-5.31751073913878,-136.5447034978447,0.0049049482369548135,203.87574989391524
3.0,1.86,-5.316851331732843,-136.52777102828423,0.004908183662762635,203.74135702923903
3.0,1.8625,-5.316195517180213,-136.5109308171344,0.004911403576753476,203.60778428658833
3.0,1.865,-5.315543295037725,-136.49418285301556,0.004914607947784206,203.47503007861673
3.0,1.8675,-5.314894664864642,-136.47752712461025,0.004917796744851207,203.34309282850526
3.0,1.8700000000000003,-5.314249626222653,-136.46096362066342,0.00492096993709087,203.21197096992836
3.0,1.8725000000000003,-5.313608178675873,-136.44449232998227,0.004924127493780024,203.08166294702218
3.0,1.8750000000000002,-5.312970321790845,-136.42811324143636,0.0049272693843364235,202.95216721435136
3.0,1.8775000000000002,-5.312336055136539,-136.41182634395756,0.004930395578319184,202.82348223687742
3.0,1.8800000000000001,-5.311705378284351,-136.39563162654005,0.004933506045429262,202.6956064899259
3.0,1.8825,-5.311078290808102,-136.37952907824027,0.004936600755509903,202.5685384591547
3.0,1.885,-5.3104547922840375,-136.3635186881769,0.004939679678547101,202.4422766405226
3.0,1.8875000000000004,-5.309834882290831,-136.34760044553101,0.004942742784670026,202.31681954025842
3.0,1.8900000000000003,-5.309218560409578,-136.33177433954583,0.004945790044151513,202.19216567482846
3.0,1.8925000000000003,-5.3086058262238005,-136.3160403595269,0.004948821427408476,202.06831357090712
3.0,1.8950000000000002,-5.307996679319444,-136.30039849484206,0.004951836905002369,201.94526176534512
3.0,1.8975000000000002,-5.307391119284881,-136.28484873492127,0.0049548364476396265,201.8230088051398
3.0,1.9000000000000001,-5.306789145710901,-136.26939106925687,0.004957820026172115,201.70155324740387
3.0,1.9025,-5.306190758190725,-136.25402548740334,0.004960787611597546,201.5808936593367
3.0,1.9050000000000002,-5.305595956319992,-136.2387519789774,0.004963739175059949,201.46102861819338
3.0,1.9075000000000002,-5.3050047396967654,-136.22357053365803,0.004966674687850081,201.34195671125562
3.0,1.9100000000000001,-5.304417107921533,-136.20848114118638,0.004969594121405857,201.22367653580298
3.0,1.9125,-5.303833060597203,-136.19348379136585,0.004972497447312804,201.1061866990825
3.0,1.915,-5.303252597329105,-136.17857847406194,0.004975384637304482,200.9894858182805
3.0,1.9175,-5.302675717724993,-136.16376517920241,0.004978255663262893,200.87357252049426
3.0,1.92,-5.302102421395043,-136.14904389677733,0.004981110497218918,200.7584454427031
3.0,1.9225000000000003,-5.301532707951849,-136.13441461683868,0.0049839491113527565,200.64410323173973
3.0,1.9250000000000003,-5.300966577010428,-136.11987732950075,0.004986771477994323,200.53054454426285
3.0,1.9275000000000002,-5.30040402818822,-136.10543202494011,0.004989577569623656,200.41776804672986
3.0,1.9300000000000002,-5.299845061105081,-136.09107869339525,0.004992367358871384,200.30577241536733
3.0,1.9325,-5.299289675383292,-136.07681732516696,0.004995140818519081,200.19455633614587
3.0,1.935,-5.298737870647551,-136.06264791061818,0.0049978979214997145,200.08411850475147
3.0,1.9375000000000004,-5.298189646524978,-136.04857044017396,0.0050006386408980395,199.9744576265593
3.0,1.9400000000000004,-5.29764500264511,-136.0345849043214,0.005003362949951019,199.86557241660626
3.0,1.9425000000000003,-5.297103938639905,-136.02069129360987,0.005006070822048213,199.75746159956526
3.0,1.9450000000000003,-5.296566454143742,-136.00688959865076,0.005008762230732188,199.65012390971862
3.0,1.9475000000000002,-5.296032548793413,-135.99317981011757,0.0050114371496989335,199.54355809093124
3.0,1.9500000000000002,-5.295502222228135,-135.979561918746,0.0050140955527982235,199.4377628966262
3.0,1.9525000000000001,-5.294975474089542,-135.96603591533375,0.0050167374140340495,199.33273708975767
3.0,1.9550000000000003,-5.29445230402168,-135.95260179074057,0.0050193627075650095,199.22847944278556
3.0,1.9575000000000002,-5.293932711671024,-135.9392595358885,0.005021971407704658,199.12498873765193
3.0,1.9600000000000002,-5.293416696686455,-135.92600914176145,0.005024563488921971,199.02226376575288
3.0,1.9625000000000001,-5.292904258719279,-135.91285059940552,0.005027138925841652,198.92030332791694
3.0,1.965,-5.292395397423217,-135.89978389992885,0.005029697693244574,198.8191062343782
3.0,1.9675,-5.291890112454407,-135.88680903450165,0.005032239766068137,198.71867130475277
3.0,1.97,-5.291388403471403,-135.87392599435614,0.005034765119406657,198.61899736801408
3.0,1.9725000000000004,-5.2908902701351765,-135.86113477078666,0.005037273728511744,198.52008326246917
3.0,1.9750000000000003,-5.290395712109113,-135.84843535514952,0.005039765568792673,198.42192783573464
3.0,1.9775000000000003,-5.289904729059018,-135.83582773886314,0.00504224061581675,198.32452994471356
3.0,1.9800000000000002,-5.28941732065311,-135.82331191340796,0.005044698845309707,198.22788845557093
3.0,1.9825000000000002,-5.288933486562023,-135.8108878703264,0.0050471402331560425,198.13200224371158
3.0,1.985,-5.288453226458808,-135.798555601223,0.005049564755399409,198.03687019375639
3.0,1.9875,-5.287976540018927,-135.78631509776415,0.005051972388242982,197.9424911995191
3.0,1.9900000000000004,-5.287503426920264,-135.77416635167842,0.005054363108049778,197.84886416398547
3.0,1.9925000000000004,-5.28703388684311,-135.76210935475626,0.0050567368913430775,197.7559879992883
3.0,1.9950000000000003,-5.286567919470178,-135.75014409885028,0.0050590937148067205,197.6638616266875
3.0,1.9975000000000003,-5.286105524486588,-135.73827057587488,0.005061433555285517,197.57248397654598
3.0,2.0,-5.2856467015798785,-135.7264887778065,0.005063756389785561,197.48185398830924
3.0,2.0025,-5.285191450440001,-135.7147986966838,0.005066062195474582,197.39197061048344
3.0,2.005,-5.284739770759321,-135.70320032460705,0.005068350949682311,197.30283280061354
3.0,2.0075000000000003,-5.284291662232615,-135.69169365373875,0.005070622629900829,197.2144395252616
3.0,2.0100000000000002,-5.2838471245570755,-135.6802786763033,0.005072877213784875,197.12678975998708
3.0,2.0125,-5.283406157432307,-135.66895538458698,0.005075114679152222,197.03988248932458
3.0,2.015,-5.282968760560324,-135.65772377093813,0.005077335003984003,196.95371670676366
3.0,2.0175,-5.282534933645561,-135.64658382776702,0.005079538166425031,196.8682914147288
3.0,2.02,-5.282104676394857,-135.63553554754583,0.005081724144784159,196.78360562455794
3.0,2.0225000000000004,-5.281677988517468,-135.62457892280875,0.0050838929175345896,196.69965835648352
3.0,2.0250000000000004,-5.281254869725059,-135.61371394615176,0.005086044463314222,196.6164486396113
3.0,2.0275000000000003,-5.2808353197317075,-135.60294061023296,0.005088178760925956,196.53397551190164
3.0,2.0300000000000002,-5.280419338253907,-135.5922589077723,0.005090295789338017,196.45223802015013
3.0,2.0325,-5.280006925010555,-135.58166883155153,0.00509239552768431,196.3712352199663
3.0,2.035,-5.279598079722966,-135.57117037441455,0.005094477955264684,196.29096617575703
3.0,2.0375,-5.279192802114862,-135.56076352926698,0.005096543051545309,196.21142996070498
3.0,2.0400000000000005,-5.278791091912378,-135.5504482890764,0.005098590796158925,196.13262565675205
3.0,2.0425000000000004,-5.2783929488440595,-135.5402246468723,0.005100621168905206,196.05455235457904
3.0,2.0450000000000004,-5.277998372640862,-135.53009259574614,0.005102634149751033,195.97720915358823
3.0,2.0475000000000003,-5.277607363036152,-135.52005212885118,0.005104629718830822,195.90059516188427
3.0,2.0500000000000003,-5.277219919765702,-135.51010323940253,0.005106607856446828,195.82470949625625
3.0,2.0525,-5.276836042567701,-135.50024592067726,0.00510856854306942,195.7495512821606
3.0,2.055,-5.276455731182743,-135.49048016601432,0.005110511759337399,195.67511965370264
3.0,2.0575000000000006,-5.276078985353836,-135.48080596881456,0.005112437486058288,195.6014137536192
3.0,2.0600000000000005,-5.275705804826391,-135.4712233225406,0.005114345704208648,195.5284327332604
3.0,2.0625000000000004,-5.275336189348234,-135.46173222071704,0.005116236394934321,195.45617575257435
3.0,2.0650000000000004,-5.274970138669599,-135.45233265693028,0.005118109539550757,195.38464198008842
3.0,2.0675000000000003,-5.274607652543125,-135.44302462482847,0.005119965119543304,195.3138305928926
3.0,2.0700000000000003,-5.274248730723864,-135.43380811812185,0.00512180311656745,195.24374077662395
3.0,2.0725000000000002,-5.273893372969276,-135.4246831305823,0.005123623512449133,195.17437172544942
3.0,2.075,-5.273541579039227,-135.41564965604368,0.005125426289185034,195.10572264204868
3.0,2.0775,-5.273193348695994,-135.40670768840164,0.005127211428942809,195.03779273759972
3.0,2.08,-5.272848681704261,-135.3978572216136,0.005128978914061394,194.9705812317617
3.0,2.0825,-5.272507577831118,-135.38909824969892,0.005130728727051275,194.90408735265925
3.0,2.085,-5.272170036846067,-135.3804307667387,0.005132460850594734,194.83831033686755
3.0,2.0875,-5.271836058521014,-135.37185476687597,0.005134175267546128,194.7732494293964
3.0,2.09,-5.2715056426302755,-135.36337024431546,0.005135871960932154,194.70890388367494
3.0,2.0925000000000002,-5.271178788950571,-135.35497719332375,0.005137550913952118,194.64527296153625
3.0,2.095,-5.27085549726103,-135.3466756082293,0.005139212109978157,194.58235593320356
3.0,2.0975,-5.2705357673431905,-135.3384654834223,0.005140855532555522,194.52015207727487
3.0,2.1,-5.270219598980994,-135.33034681335482,0.005142481165402836,194.45866068070762
3.0,2.1025,-5.2699069919607915,-135.32231959254062,0.00514408899241231,194.39788103880605
3.0,2.105,-5.269597946071338,-135.31438381555532,0.005145678997650036,194.337812455205
3.0,2.1075,-5.269292461103796,-135.30653947703638,0.0051472511653561865,194.27845424185756
3.0,2.1100000000000003,-5.268990536851737,-135.298786571683,0.005148805479945276,194.2198057190206
3.0,2.1125000000000003,-5.268692173111133,-135.29112509425605,0.005150341926006412,194.16186621524028
3.0,2.115,-5.268397369680368,-135.2835550395785,0.0051518604883035,194.1046350673402
3.0,2.1175,-5.268106126360228,-135.27607640253473,0.005153361151775514,194.0481116204062
3.0,2.12,-5.267818442953905,-135.2686891780711,0.0051548439015366935,193.99229522777466
3.0,2.1225,-5.267534319266998,-135.2613933611958,0.0051563087228767915,193.9371852510187
3.0,2.1250000000000004,-5.267253755107511,-135.25418894697856,0.0051577556012613,193.88278105993538
3.0,2.1275000000000004,-5.266976750285854,-135.24707593055112,0.005159184522331652,193.82908203253373
3.0,2.1300000000000003,-5.26670330461484,-135.2400543071068,0.005160595471905484,193.7760875550206
3.0,2.1325000000000003,-5.26643341790969,-135.23312407190076,0.005161988435976793,193.72379702179086
3.0,2.1350000000000002,-5.266167089988027,-135.22628522024996,0.005163363400716219,193.6722098354124
3.0,2.1375,-5.265904320669881,-135.21953774753294,0.005164720352471203,193.62132540661617
3.0,2.14,-5.265645109777687,-135.21288164919025,0.005166059277766213,193.57114315428387
3.0,2.1425000000000005,-5.265389457136283,-135.20631692072402,0.005167380163302964,193.5216625054358
3.0,2.1450000000000005,-5.265137362572911,-135.19984355769802,0.005168682995960624,193.4728828952191
3.0,2.1475000000000004,-5.26488882591722,-135.19346155573797,0.005169967762795982,193.42480376689772
3.0,2.1500000000000004,-5.2646438470012615,-135.18717091053128,0.005171234451043674,193.3774245718403
3.0,2.1525000000000003,-5.264402425659492,-135.18097161782703,0.005172483048116375,193.33074476950924
3.0,2.1550000000000002,-5.264164561728769,-135.174863673436,0.005173713541605004,193.2847638274494
3.0,2.1575,-5.2639302550483595,-135.1688470732308,0.0051749259192788765,193.23948122127894
3.0,2.1600000000000006,-5.263699505459929,-135.16292181314574,0.0051761201690859356,193.194896434677
3.0,2.1625000000000005,-5.263472312807551,-135.15708788917686,0.005177296279152903,193.1510089593748
3.0,2.1650000000000005,-5.263248676937698,-135.15134529738182,0.005178454237785493,193.10781829514409
3.0,2.1675000000000004,-5.263028597699249,-135.1456940338801,0.005179594033468573,193.0653239497882
3.0,2.1700000000000004,-5.262812074943486,-135.14013409485293,0.005180715654866324,193.02352543913213
3.0,2.1725,-5.262599108524094,-135.13466547654306,0.005181819090822461,192.98242228701184
3.0,2.175,-5.262389698297163,-135.12928817525523,0.0051829043303603505,192.94201402526625
3.0,2.1775,-5.262183844121183,-135.12400218735561,0.005183971362683222,192.90230019372643
3.0,2.18,-5.261981545857048,-135.1188075092723,0.005185020177174317,192.86328034020698
3.0,2.1825,-5.261782803368057,-135.11370413749498,0.005186050763397042,192.8249540204974
3.0,2.185,-5.261587616519908,-135.108692068575,0.005187063111095155,192.7873207983521
3.0,2.1875,-5.2613959851807035,-135.10377129912553,0.005188057210192899,192.75038024548283
3.0,2.19,-5.261207909220952,-135.09894182582133,0.005189033050795155,192.71413194154974
3.0,2.1925,-5.261023388513557,-135.09420364539886,0.005189990623187633,192.6785754741521
3.0,2.1950000000000003,-5.260842422933834,-135.08955675465643,0.005190929917836953,192.643710438822
3.0,2.1975000000000002,-5.2606650123594925,-135.08500115045376,0.005191850925390866,192.60953643901388
3.0,2.2,-5.260491156670648,-135.08053682971249,0.00519275363667835,192.5760530860983
3.0,2.2025,-5.26032085574982,-135.0761637894159,0.005193638042709755,192.54325999935392
3.0,2.205,-5.260154109481924,-135.0718820266088,0.005194504134676973,192.5111568059588
3.0,2.2075,-5.259990917754285,-135.0676915383979,0.005195351903953522,192.47974314098474
3.0,2.21,-5.259831280456625,-135.06359232195143,0.005196181342094732,192.44901864738824
3.0,2.2125000000000004,-5.259675197481069,-135.05958437449934,0.00519699244083784,192.41898297600443
3.0,2.2150000000000003,-5.259522668722146,-135.0556676933333,0.005197785192102123,192.3896357855399
3.0,2.2175000000000002,-5.259373694076783,-135.05184227580662,0.0051985595879890335,192.36097674256564
3.0,2.22,-5.259228273444311,-135.0481081193343,0.005199315620782312,192.33300552151044
3.0,2.2225,-5.259086406726462,-135.0444652213929,0.005200053282948111,192.30572180465458
3.0,2.225,-5.258948093827372,-135.04091357952086,0.0052007725671350934,192.27912528212357
3.0,2.2275000000000005,-5.258813334653574,-135.03745319131806,0.005201473466174577,192.2532156518814
3.0,2.2300000000000004,-5.258682129114005,-135.03408405444623,0.005202155973080625,192.22799261972486
3.0,2.2325000000000004,-5.258554477120004,-135.03080616662862,0.005202820081050144,192.2034558992781
3.0,2.2350000000000003,-5.2584303785853095,-135.02761952565024,0.005203465783463015,192.17960521198606
3.0,2.2375000000000003,-5.258309833426063,-135.0245241293577,0.0052040930738821685,192.15644028710966
3.0,2.24,-5.258192841560805,-135.02151997565932,0.005204701946053708,192.1339608617198
3.0,2.2425,-5.25807940291048,-135.01860706252498,0.005205292393906986,192.11216668069252
3.0,2.2450000000000006,-5.257969517398431,-135.01578538798637,0.0052058644115547045,192.09105749670402
3.0,2.2475000000000005,-5.257863184950402,-135.01305495013668,0.00520641799329302,192.07063307022483
3.0,2.2500000000000004,-5.257760405494542,-135.01041574713088,0.0052069531336015945,192.0508931695167
3.0,2.2525000000000004,-5.257661178961396,-135.0078677771855,0.005207469827143729,192.03183757062595
3.0,2.2550000000000003,-5.257565505283912,-135.00541103857876,0.0052079680687664,192.01346605738078
3.0,2.2575000000000003,-5.257473384397438,-135.0030455296505,0.0052084478535003795,191.99577842138555
3.0,2.2600000000000002,-5.257384816239725,-135.00077124880227,0.005208909176560277,191.97877446201775
3.0,2.2625000000000006,-5.257299800750923,-134.99858819449722,0.005209352033344622,191.96245398642375
3.0,2.2650000000000006,-5.2572183378735815,-134.99649636526016,0.005209776419435964,191.94681680951382
3.0,2.2675,-5.257140427552653,-134.99449575967748,0.0052101823306008955,191.93186275396027
3.0,2.27,-5.25706606973549,-134.99258637639736,0.005210569762790149,191.91759165019246
3.0,2.2725,-5.256995264371845,-134.99076821412947,0.005210938712138643,191.90400333639423
3.0,2.275,-5.256928011413873,-134.98904127164525,0.005211289174965546,191.89109765850046
3.0,2.2775,-5.256864310816125,-134.98740554777766,0.005211621147774349,191.8788744701935
3.0,2.2800000000000002,-5.2568041625355555,-134.98586104142137,0.005211934627252899,191.8673336329007
3.0,2.2825,-5.256747566531523,-134.98440775153276,0.005212229610273432,191.85647501579277
3.0,2.285,-5.2566945227657795,-134.9830456771297,0.005212506093892681,191.84629849577854
3.0,2.2875,-5.256645031202481,-134.98177481729172,0.00521276407535187,191.8368039575047
3.0,2.29,-5.256599091808186,-134.98059517116022,0.005213003552076759,191.82799129335322
3.0,2.2925,-5.2565567045518495,-134.97950673793787,0.005213224521677721,191.81986040343796
3.0,2.295,-5.256517869404828,-134.97850951688926,0.005213426981949739,191.81241119560397
3.0,2.2975000000000003,-5.256482586340879,-134.9776035073405,0.005213610930872457,191.80564358542532
3.0,2.3000000000000003,-5.25645085533616,-134.9767887086793,0.005213776366610214,191.79955749620297
3.0,2.3025,-5.25642267636923,-134.97606512035514,0.0052139232875120615,191.7941528589639
3.0,2.305,-5.256398049421044,-134.97543274187902,0.005214051692111807,191.78942961245895
3.0,2.3075,-5.256376974474964,-134.9748915728236,0.0052141615791280035,191.78538770316285
3.0,2.31,-5.256359451516747,-134.97444161282323,0.00521425294746401,191.78202708527158
3.0,2.3125,-5.256345480534552,-134.97408286157383,0.005214325796207983,191.77934772070256
3.0,2.3150000000000004,-5.2563350615189375,-134.97381531883295,0.005214380124632898,191.77734957909342
3.0,2.3175000000000003,-5.256328194462864,-134.97363898441984,0.0052144159321965465,191.77603263780207
3.0,2.3200000000000003,-5.256324879361691,-134.9735538582153,0.005214433218541573,191.7753968819051
3.0,2.3225000000000002,-5.256325116213177,-134.97355994016183,0.005214431983495463,191.7754423041982
3.0,2.325,-5.256328905017484,-134.97365723026354,0.005214412227070533,191.7761689051964
3.0,2.3275,-5.25633624577717,-134.97384572858618,0.005214373949463963,191.77757669313303
3.0,2.3300000000000005,-5.256347138497198,-134.9741254352571,0.005214317151057759,191.77966568396081
3.0,2.3325000000000005,-5.256361583184928,-134.97449635046536,0.005214241832418763,191.78243590135207
3.0,2.3350000000000004,-5.256379579850119,-134.97495847446152,0.005214147994298669,191.78588737669793
3.0,2.3375000000000004,-5.256401128504933,-134.9755118075579,0.005214035637633961,191.79002014911094
3.0,2.3400000000000003,-5.256426229163934,-134.9761563501285,0.005213904763545921,191.794834265425
3.0,2.3425000000000002,-5.256454881844082,-134.97689210260876,0.005213755373340637,191.80032978019543
3.0,2.345,-5.2564870865647375,-134.97771906549588,0.00521358746850895,191.806506755701
3.0,2.3475000000000006,-5.256522843347664,-134.9786372393487,0.00521340105072644,191.81336526194528
3.0,2.3500000000000005,-5.256562152217025,-134.9796466247877,0.005213196121853396,191.82090537665786
3.0,2.3525000000000005,-5.256605013199383,-134.98074722249493,0.005212972683934808,191.82912718529522
3.0,2.3550000000000004,-5.256651426323701,-134.98193903321413,0.00521273073920031,191.83803078104336
3.0,2.3575000000000004,-5.256701391621342,-134.98322205775065,0.005212470290064169,191.8476162648189
3.0,2.3600000000000003,-5.256754909126071,-134.98459629697155,0.0052121913391252155,191.85788374527215
3.0,2.3625000000000003,-5.256811978874051,-134.98606175180535,0.005211893889166847,191.86883333878774
3.0,2.365,-5.256872600903848,-134.98761842324248,0.00521157794315694,191.88046516948853
3.0,2.3675,-5.256936775256426,-134.9892663123347,0.005211243504247845,191.8927793692368
3.0,2.37,-5.257004501975153,-134.99100542019573,0.0052108905757762905,191.9057760776382
3.0,2.3725,-5.257075781105794,-134.99283574800066,0.005210519161263395,191.9194554420427
3.0,2.375,-5.257150612696513,-134.9947572969863,0.005210129264414567,191.93381761754898
3.0,2.3775,-5.257228996797883,-134.99677006845133,0.00520972088911943,191.94886276700794
3.0,2.38,-5.2573109334628665,-134.99887406375564,0.005209294039451838,191.96459106102364
3.0,2.3825000000000003,-5.257396422746835,-135.0010692843211,0.00520884871966973,191.9810026779594
3.0,2.3850000000000002,-5.257485464707557,-135.00335573163113,0.005208384934215117,191.99809780393971
3.0,2.3875,-5.257578059405203,-135.00573340723085,0.005207902687713987,192.01587663285446
3.0,2.39,-5.257674206902342,-135.00820231272684,0.005207401984976262,192.03433936636225
3.0,2.3925,-5.257773907263948,-135.01076244978756,0.005206882830995684,192.05348621389572
3.0,2.395,-5.257877160557392,-135.013413820143,0.005206345230949771,192.0733173926644
3.0,2.3975,-5.257983966852446,-135.0161564255848,0.005205789190199734,192.09383312765922
3.0,2.4000000000000004,-5.258094326221287,-135.0189902679663,0.005205214714290368,192.1150336516581
3.0,2.4025000000000003,-5.258208238738488,-135.0219153492024,0.005204621808950002,192.13691920522913
3.0,2.4050000000000002,-5.258325704481026,-135.02493167126977,0.0052040104800903896,192.1594900367362
3.0,2.4075,-5.258446723528278,-135.02803923620672,0.005203380733806612,192.18274640234424
3.0,2.41,-5.258571295962023,-135.0312380461131,0.005202732576377015,192.2066885660231
3.0,2.4125,-5.25869942186644,-135.03452810315054,0.005202066014263077,192.23131679955424
3.0,2.4150000000000005,-5.258831101328109,-135.03790940954227,0.0052013810541093304,192.2566313825352
3.0,2.4175000000000004,-5.258966334436014,-135.04138196757324,0.005200677702743254,192.28263260238563
3.0,2.4200000000000004,-5.2591051212815385,-135.04494577959002,0.00519995596717516,192.30932075435302
3.0,2.4225000000000003,-5.2592474619584655,-135.04860084800083,0.005199215854598115,192.33669614151793
3.0,2.4250000000000003,-5.259393356562983,-135.05234717527557,0.005198457372387784,192.36475907480119
3.0,2.4275,-5.259542805193679,-135.05618476394582,0.005197680528102354,192.39350987296922
3.0,2.43,-5.259695807951543,-135.06011361660487,0.005196885329482399,192.42294886264082
3.0,2.4325000000000006,-5.259852364939966,-135.06413373590755,0.005196071784450778,192.45307637829325
3.0,2.4350000000000005,-5.260012476264741,-135.06824512457052,0.00519523990111249,192.48389276226948
3.0,2.4375000000000004,-5.260176142034064,-135.07244778537202,0.0051943896877545675,192.5153983647847
3.0,2.4400000000000004,-5.26034336235853,-135.07674172115196,0.005193521152845948,192.547593543933
3.0,2.4425000000000003,-5.26051413735114,-135.08112693481203,0.005192634305037319,192.5804786656959
3.0,2.4450000000000003,-5.260688467127293,-135.08560342931548,0.00519172915316103,192.61405410394747
3.0,2.4475000000000002,-5.260866351804795,-135.09017120768732,0.005190805706230908,192.64832024046405
3.0,2.4500000000000006,-5.261047791503847,-135.09483027301414,0.0051898639734421735,192.68327746492955
3.0,2.4525000000000006,-5.26123278634706,-135.09958062844441,0.005188903964171229,192.71892617494603
3.0,2.4550000000000005,-5.261421336459443,-135.10442227718812,0.005187925687975582,192.75526677603918
3.0,2.4575000000000005,-5.261613441968407,-135.109355222517,0.005186929154593665,192.79229968166746
3.0,2.4600000000000004,-5.2618091030037695,-135.11437946776448,0.005185914373944681,192.83002531323075
3.0,2.4625,-5.262008319697746,-135.1194950163257,0.00518488135612847,192.8684441000779
3.0,2.465,-5.262211092184959,-135.1247018716575,0.005183830111425339,192.90755647951613
3.0,2.4675000000000002,-5.262417420602429,-135.13000003727834,0.005182760650295923,192.94736289681882
3.0,2.47,-5.262627305089583,-135.1353895167685,0.0051816729833809895,192.98786380523575
3.0,2.4725,-5.262840745788251,-135.1408703137699,0.005180567121501311,193.02905966600107
3.0,2.475,-5.263057742842665,-135.14644243198617,0.005179443075657484,193.0709509483428
3.0,2.4775,-5.263278296399459,-135.1521058751827,0.005178300857029753,193.11353812949272
3.0,2.48,-5.2635024066076745,-135.15786064718648,0.005177140476977847,193.15682169469534
3.0,2.4825,-5.263730073618751,-135.16370675188637,0.005175961947040816,193.20080213721755
3.0,2.4850000000000003,-5.263961297586535,-135.16964419323278,0.005174765278936826,193.24547995835928
3.0,2.4875000000000003,-5.2641960786672755,-135.175672975238,0.005173550484563008,193.2908556674627
3.0,2.49,-5.264434417019626,-135.18179310197593,0.0051723175759952516,193.33692978192298
3.0,2.4925,-5.2646763128046405,-135.1880045775822,0.005171066565488044,193.38370282719814
3.0,2.495,-5.264921766185784,-135.1943074062543,0.005169797465474242,193.43117533682084
3.0,2.4975,-5.265170777328919,-135.20070159225128,0.005168510288564938,193.479347852407
3.0,2.5,-5.265423346402315,-135.20718713989405,0.005167205047549212,193.52822092366873
3.0,2.5025000000000004,-5.265679473576645,-135.21376405356517,0.005165881755393974,193.5777951084239
3.0,2.5050000000000003,-5.265939159024985,-135.22043233770898,0.005164540425243753,193.6280709726079
3.0,2.5075000000000003,-5.2662024029228185,-135.22719199683155,0.005163181070420473,193.6790490902856
3.0,2.5100000000000002,-5.266469205448031,-135.23404303550075,0.005161803704423289,193.73073004366145
3.0,2.5125,-5.266739566780916,-135.24098545834616,0.005160408340928338,193.78311442309308
3.0,2.515,-5.267013487104168,-135.24801927005905,0.005158994993788567,193.83620282710112
3.0,2.5175000000000005,-5.267290966602888,-135.25514447539254,0.005157563677033502,193.88999586238253
3.0,2.5200000000000005,-5.267572005464583,-135.2623610791615,0.00515611440486903,193.94449414382242
3.0,2.5225000000000004,-5.267856603879165,-135.26966908624254,0.005154647191677175,193.99969829450703
3.0,2.5250000000000004,-5.2681447620389505,-135.277068501574,0.005153162052015913,194.05560894573475
3.0,2.5275000000000003,-5.268436480138661,-135.28455933015601,0.005151659000618908,194.11222673703026
3.0,2.5300000000000002,-5.268731758375425,-135.29214157705053,0.005150138052395298,194.16955231615705
3.0,2.5325,-5.2690305969487765,-135.2998152473812,0.0051485992224294865,194.22758633912989
3.0,2.5350000000000006,-5.269332996060656,-135.30758034633354,0.005147042525980877,194.28632947022894
3.0,2.5375000000000005,-5.269638955915408,-135.3154368791548,0.005145467978483669,194.34578238201232
3.0,2.5400000000000005,-5.269948476719784,-135.32338485115395,0.005143875595546614,194.40594575532984
3.0,2.5425000000000004,-5.270261558682943,-135.3314242677019,0.005142265392952761,194.46682027933724
3.0,2.5450000000000004,-5.27057820201645,-135.33955513423123,0.005140637386659231,194.52840665150953
3.0,2.5475000000000003,-5.2708984069342755,-135.34777745623637,0.005138991592796972,194.59070557765503
3.0,2.5500000000000003,-5.271222173652797,-135.35609123927352,0.005137328027670506,194.6537177719299
3.0,2.5525000000000007,-5.2715495023907994,-135.36449648896075,0.005135646707757678,194.71744395685255
3.0,2.555,-5.271880393369477,-135.3729932109779,0.005133947649709399,194.78188486331834
3.0,2.5575,-5.2722148468124255,-135.38158141106655,0.0051322308703494225,194.84704123061323
3.0,2.56,-5.272552862945654,-135.3902610950302,0.00513049638667404,194.91291380643045
3.0,2.5625,-5.272894441997573,-135.39903226873412,0.005128744215851866,194.97950334688383
3.0,2.565,-5.273239584199006,-135.4078949381054,0.005126974375223534,195.04681061652477
3.0,2.5675,-5.273588289783183,-135.41684910913304,0.005125186882301453,195.1148363883567
3.0,2.5700000000000003,-5.273940558985741,-135.42589478786778,0.005123381754769551,195.18358144385041
3.0,2.5725000000000002,-5.2742963920447234,-135.43503198042214,0.005121559010482986,195.25304657296047
3.0,2.575,-5.274655789200586,-135.44426069297066,0.00511971866746787,195.3232325741414
3.0,2.5775,-5.275018750696189,-135.45358093174957,0.00511786074392101,195.39414025436292
3.0,2.58,-5.275385276776804,-135.46299270305707,0.005115985258209616,195.46577042912722
3.0,2.5825,-5.275755367690111,-135.47249601325308,0.005114092228871024,195.53812392248503
3.0,2.585,-5.276129023686197,-135.48209086875949,0.005112181674612428,195.6112015670518
3.0,2.5875000000000004,-5.276506245017561,-135.49177727606002,0.005110253614310555,195.685004204026
3.0,2.5900000000000003,-5.276887031939108,-135.50155524170015,0.005108308067011432,195.75953268320418
3.0,2.5925000000000002,-5.277271384708154,-135.51142477228743,0.005106345051930041,195.83478786300014
3.0,2.595,-5.277659303584427,-135.5213858744911,0.005104364588450054,195.91077061046124
3.0,2.5975,-5.27805078883006,-135.53143855504243,0.005102366696123543,195.98748180128587
3.0,2.6,-5.278445840709599,-135.54158282073445,0.0051003513946706654,196.06492231984166
3.0,2.6025,-5.278844459490002,-135.55181867842217,0.005098318703979355,196.14309305918383
3.0,2.6050000000000004,-5.279246645440633,-135.56214613502243,0.005096268644105048,196.22199492107217
3.0,2.6075000000000004,-5.279652398833267,-135.572565197514,0.005094201235270365,196.30162881598983
3.0,2.6100000000000003,-5.280061719942093,-135.58307587293746,0.005092116497864781,196.38199566316257
3.0,2.6125000000000003,-5.2804746090437105,-135.59367816839554,0.005090014452444333,196.4630963905768
3.0,2.615,-5.2808910664171265,-135.60437209105262,0.005087895119731317,196.54493193499795
3.0,2.6175,-5.281311092343762,-135.61515764813515,0.005085758520613954,196.6275032419903
3.0,2.6200000000000006,-5.2817346871074475,-135.62603484693136,0.005083604676146076,196.71081126593592
3.0,2.6225000000000005,-5.282161850994427,-135.63700369479156,0.005081433607546809,196.79485697005407
3.0,2.6250000000000004,-5.282592584293359,-135.64806419912802,0.00507924533620023,196.87964132642145
3.0,2.6275000000000004,-5.283026887295306,-135.65921636741467,0.005077039883655087,196.96516531599025
3.0,2.6300000000000003,-5.28346476029375,-135.67046020718774,0.005074817271624421,197.05142992861016
3.0,2.6325000000000003,-5.283906203584584,-135.68179572604512,0.005072577521985252,197.13843616304763
3.0,2.6350000000000002,-5.28435121746611,-135.69322293164686,0.0050703206567782695,197.2261850270057
3.0,2.6375000000000006,-5.284799802239046,-135.70474183171478,0.005068046698207461,197.31467753714549
3.0,2.6400000000000006,-5.2852519582065245,-135.71635243403279,0.005065755668639787,197.40391471910675
3.0,2.6425000000000005,-5.285707685674087,-135.7280547464468,0.005063447590604854,197.49389760752814
3.0,2.6450000000000005,-5.286166984949691,-135.73984877686456,0.0050611224867945495,197.58462724606923
3.0,2.6475000000000004,-5.286629856343707,-135.75173453325584,0.005058780380062725,197.67610468743078
3.0,2.6500000000000004,-5.287096300168921,-135.76371202365254,0.005056421293424799,197.76833099337796
3.0,2.6525000000000003,-5.287566316740529,-135.7757812561483,0.005054045250057479,197.86130723475955
3.0,2.6550000000000002,-5.288039906376147,-135.78794223889892,0.005051652273298329,197.95503449153264
3.0,2.6575,-5.2885170693958,-135.80019498012223,0.005049242386645485,198.04951385278216
3.0,2.66,-5.288997806121932,-135.8125394880979,0.005046815613757246,198.14474641674525
3.0,2.6625,-5.289482116879398,-135.82497577116777,0.0050443719784517525,198.2407332908319
3.0,2.665,-5.289970001995471,-135.83750383773562,0.005041911504706598,198.33747559164917
3.0,2.6675,-5.29046146179984,-135.8501236962673,0.005039434216658461,198.43497444502378
3.0,2.67,-5.290956496624606,-135.86283535529066,0.005036940138602776,198.53323098602385
3.0,2.6725000000000003,-5.291455106804289,-135.87563882339552,0.005034429294993325,198.63224635898393
3.0,2.6750000000000003,-5.291957292675823,-135.88853410923383,0.005031901710441887,198.73202171752735
3.0,2.6775,-5.29246305457856,-135.90152122151952,0.005029357409717852,198.83255822459043
3.0,2.68,-5.292972392854269,-135.91460016902874,0.005026796417747844,198.93385705244654
3.0,2.6825,-5.293485307847133,-135.92777096059945,0.0050242187596153684,199.0359193827292
3.0,2.685,-5.294001799903754,-135.94103360513182,0.005021624460560402,199.13874640645713
3.0,2.6875,-5.294521869373149,-135.95438811158803,0.005019013545979024,199.24233932405872
3.0,2.6900000000000004,-5.2950455166067565,-135.96783448899245,0.00501638604142302,199.3466993453968
3.0,2.6925000000000003,-5.295572741958429,-135.98137274643136,0.005013741972599511,199.45182768979288
3.0,2.6950000000000003,-5.2961035457844385,-135.99500289305325,0.005011081365370548,199.5577255860531
3.0,2.6975000000000002,-5.296637928443474,-136.00872493806864,0.005008404245752737,199.66439427249253
3.0,2.7,-5.297175890296645,-136.02253889075024,0.005005710639916818,199.77183499696207
3.0,2.7025,-5.2977174317074756,-136.03644476043274,0.005003000574187306,199.8800490168725
3.0,2.705,-5.298262553041916,-136.05044255651308,0.005000274075042044,199.98903759922234
3.0,2.7075000000000005,-5.298811254668328,-136.06453228845024,0.004997531169111852,200.098802020622
3.0,2.7100000000000004,-5.299363536957495,-136.07871396576522,0.004994771883180101,200.20934356732104
3.0,2.7125000000000004,-5.299919400282622,-136.0929875980413,0.004991996244182295,200.32066353523533
3.0,2.7150000000000003,-5.3004788450193345,-136.107353194924,0.004989204279205674,200.4327632299732
3.0,2.7175000000000002,-5.3010418715456735,-136.12181076612075,0.004986396015488825,200.54564396686177
3.0,2.72,-5.3016084802421055,-136.13636032140118,0.004983571480421228,200.65930707097564
3.0,2.7225000000000006,-5.302178671491513,-136.1510018705972,0.0049807307015428915,200.77375387716262
3.0,2.7250000000000005,-5.302752445679204,-136.1657354236028,0.00497787370654388,200.8889857300732
3.0,2.7275000000000005,-5.303329803192903,-136.18056099037412,0.00497500052326395,201.00500398418646
3.0,2.7300000000000004,-5.303910744422762,-136.1954785809296,0.004972111179692083,201.12181000384004
3.0,2.7325000000000004,-5.304495269761347,-136.21048820534963,0.004969205703966108,201.23940516325632
3.0,2.7350000000000003,-5.305083379603652,-136.22558987377707,0.00496628412437223,201.35779084657312
3.0,2.7375000000000003,-5.305675074347091,-136.24078359641675,0.004963346469344641,201.47696844787055
3.0,2.7400000000000007,-5.306270354391502,-136.25606938353593,0.004960392767465056,201.59693937120164
3.0,2.7425000000000006,-5.306869220139143,-136.27144724546383,0.0049574230474623265,201.71770503061944
3.0,2.7450000000000006,-5.307471671994697,-136.28691719259206,0.004954437338211962,201.8392668502083
3.0,2.7475000000000005,-5.30807771036527,-136.30247923537442,0.0049514356687357175,201.9616262641127
3.0,2.7500000000000004,-5.308687335660389,-136.3181333843269,0.004948418068201164,202.0847847165665
3.0,2.7525,-5.309300548292011,-136.33387965002782,0.004945384565921211,202.20874366192453
3.0,2.755,-5.309917348674512,-136.34971804311766,0.004942335191353714,202.33350456469108
3.0,2.7575000000000003,-5.310537737224692,-136.36564857429917,0.004939269974101002,202.45906889955137
3.0,2.7600000000000002,-5.311161714361781,-136.38167125433742,0.00493618894390942,202.5854381514028
3.0,2.7625,-5.311789280507427,-136.39778609405968,0.004933092130668919,202.71261381538432
3.0,2.765,-5.312420436085709,-136.41399310435554,0.0049299795644125715,202.84059739690915
3.0,2.7675,-5.313055181523129,-136.43029229617684,0.004926851275316135,202.9693904116954
3.0,2.77,-5.313693517248614,-136.44668368053775,0.0049237072936975995,203.0989943857977
3.0,2.7725,-5.31433544369352,-136.4631672685147,0.0049205476500167175,203.2294108556397
3.0,2.7750000000000004,-5.314980961291626,-136.4797430712465,0.004917372374874563,203.36064136804544
3.0,2.7775000000000003,-5.31563007047914,-136.49641109993414,0.00491418149901306,203.49268748027217
3.0,2.7800000000000002,-5.316282771694698,-136.51317136584106,0.004910975053314522,203.6255507600428
3.0,2.7825,-5.316939065379359,-136.53002388029302,0.004907753068801192,203.75923278557863
3.0,2.785,-5.317598951976615,-136.546968654678,0.004904515576634775,203.89373514563255
3.0,2.7875,-5.318262431932381,-136.56400570044644,0.004901262608115971,204.029059439522
3.0,2.79,-5.318929505695004,-136.58113502911107,0.0048979941946839965,204.16520727716318
3.0,2.7925000000000004,-5.319600173715258,-136.59835665224708,0.0048947103679161195,204.3021802791043
3.0,2.7950000000000004,-5.3202744364463435,-136.61567058149186,0.004891411159527197,204.43998007655932
3.0,2.7975000000000003,-5.320952294343896,-136.63307682854534,0.004888096601369164,204.57860831144342
3.0,2.8000000000000003,-5.321633747865974,-136.65057540516966,0.004884766725430608,204.7180666364056
3.0,2.8025,-5.32231879747307,-136.66816632318958,0.004881421563836236,204.85835671486547
3.0,2.805,-5.323007443628104,-136.68584959449205,0.004878061148846434,204.99948022104653
3.0,2.8075000000000006,-5.323699686796428,-136.7036252310266,0.004874685512856753,205.1414388400128
3.0,2.8100000000000005,-5.324395527445825,-136.72149324480495,0.004871294688397447,205.28423426770325
3.0,2.8125000000000004,-5.325094966046507,-136.73945364790148,0.004867888708132974,205.42786821096803
3.0,2.8150000000000004,-5.325798003071119,-136.7575064524529,0.004864467604861506,205.5723423876045
3.0,2.8175000000000003,-5.326504638994736,-136.7756516706583,0.0048610314115144545,205.71765852639285
3.0,2.8200000000000003,-5.327214874294868,-136.79388931477934,0.00485758016115594,205.863818367134
3.0,2.8225000000000002,-5.327928709451454,-136.81221939714007,0.004854113886982347,206.01082366068448
3.0,2.8250000000000006,-5.328646144946868,-136.83064193012697,0.004850632622321784,206.15867616899507
3.0,2.8275000000000006,-5.329367181265915,-136.8491569261891,0.004847136400633617,206.30737766514682
3.0,2.8300000000000005,-5.330091818895832,-136.86776439783785,0.004843625255507957,206.4569299333891
3.0,2.8325000000000005,-5.330820058326296,-136.8864643576473,0.00484009922066514,206.60733476917795
3.0,2.8350000000000004,-5.33155190004941,-136.9052568182538,0.004836558329955263,206.75859397921283
3.0,2.8375000000000004,-5.332287344559717,-136.9241417923564,0.004833002617357643,206.91070938147598
3.0,2.8400000000000003,-5.33302639235419,-136.94311929271655,0.00482943211698033,207.0636828052703
3.0,2.8425000000000007,-5.333769043932243,-136.96218933215832,0.004825846863059579,207.217516091259
3.0,2.845,-5.334515299795718,-136.98135192356818,0.004822246889959374,207.37221109150317
3.0,2.8475,-5.335265160448897,-137.00060707989527,0.004818632232170874,207.52776966950293
3.0,2.85,-5.3360186263984986,-137.01995481415122,0.00481500292431193,207.68419370023568
3.0,2.8525,-5.336775698153675,-137.03939513941023,0.004811359001126549,207.8414850701967
3.0,2.855,-5.337536376226016,-137.05892806880905,0.00480770049748439,207.99964567743893
3.0,2.8575,-5.338300661129548,-137.07855361554704,0.004804027448380244,208.15867743161337
3.0,2.8600000000000003,-5.339068553380737,-137.09827179288615,0.004800339888933496,208.31858225401047
3.0,2.8625000000000003,-5.339840053498484,-137.11808261415084,0.004796637854387629,208.47936207759983
3.0,2.865,-5.340615162004128,-137.1379860927283,0.0047929213801096784,208.64101884707247
3.0,2.8675,-5.341393879421449,-137.15798224206827,0.0047891905015897155,208.803554518882
3.0,2.87,-5.342176206276662,-137.17807107568308,0.0047854452544403205,208.96697106128624
3.0,2.8725,-5.342962143098425,-137.19825260714774,0.004781685674396044,209.13127045438972
3.0,2.875,-5.3437516904178315,-137.2185268500999,0.004777911797312895,209.2964546901853
3.0,2.8775000000000004,-5.34454484876842,-137.23889381823983,0.004774123659167775,209.462525772598
3.0,2.8800000000000003,-5.345341618686161,-137.25935352533048,0.004770321296058003,209.62948571752577
3.0,2.8825000000000003,-5.3461420007094755,-137.27990598519744,0.004766504744200697,209.7973365528857
3.0,2.8850000000000002,-5.346945995379217,-137.30055121172904,0.0047626740399323185,209.96608031865452
3.0,2.8875,-5.347753603238684,-137.32128921887625,0.0047588292197080825,210.1357190669142
3.0,2.89,-5.348564824833618,-137.34212002065271,0.004754970320101421,210.30625486189587
3.0,2.8925,-5.349379660712197,-137.3630436311348,0.004751097377803483,210.4776897800225
3.0,2.8950000000000005,-5.350198111425049,-137.38406006446166,0.004747210429622519,210.6500259099566
3.0,2.8975000000000004,-5.351020177525239,-137.40516933483508,0.004743309512483414,210.82326535264164
3.0,2.9000000000000004,-5.351845859568277,-137.42637145651963,0.004739394663427082,210.99741022134978
3.0,2.9025000000000003,-5.352675158112115,-137.44766644384256,0.004735465919609953,211.17246264172613
3.0,2.9050000000000002,-5.353508073717151,-137.46905431119396,0.0047315233183034,211.34842475183527
3.0,2.9075,-5.354344606946228,-137.4905350730267,0.004727566896893199,211.52529870220704
3.0,2.9100000000000006,-5.355184758364629,-137.51210874385626,0.004723596692878985,211.70308665588254
3.0,2.9125000000000005,-5.356028528540087,-137.53377533826108,0.004719612743873685,211.88179078846136
3.0,2.9150000000000005,-5.3568759180427765,-137.5555348708823,0.00471561508760296,212.06141328814854
3.0,2.9175000000000004,-5.35772692744532,-137.57738735642386,0.004711603761904665,212.24195635580145
3.0,2.9200000000000004,-5.358581557322788,-137.59933280965265,0.0047075788047282645,212.4234222049785
3.0,2.9225000000000003,-5.3594398082526915,-137.6213712453981,0.004703540254134311,212.60581306198483
3.0,2.9250000000000003,-5.360301680814995,-137.64350267855284,0.004699488148293837,212.78913116592346
3.0,2.9275000000000007,-5.361167175592106,-137.665727124072,0.004695422525487836,212.97337876874113
3.0,2.9300000000000006,-5.362036293168883,-137.68804459697378,0.004691343424106664,213.15855813527918
3.0,2.9325000000000006,-5.3629090341326275,-137.71045511233916,0.004687250882649505,213.344671543321
3.0,2.9350000000000005,-5.3637853990730955,-137.73295868531198,0.004683144939723773,213.53172128364304
3.0,2.9375000000000004,-5.3646653885824875,-137.75555533109903,0.004679025634044572,213.71970966006342
3.0,2.9400000000000004,-5.365549003255456,-137.77824506496998,0.004674893004434103,213.90863898949283
3.0,2.9425000000000003,-5.366436243689101,-137.8010279022573,0.004670747089821114,214.09851160198426
3.0,2.9450000000000003,-5.367327110482975,-137.8239038583565,0.004666587929240309,214.2893298407845
3.0,2.9475000000000002,-5.3682216042390785,-137.84687294872595,0.004662415561831793,214.48109606238424
3.0,2.95,-5.369119725561866,-137.869935188887,0.004658230026840472,214.6738126365709
3.0,2.9525,-5.370021475058239,-137.8930905944239,0.004654031363615515,214.86748194647822
3.0,2.955,-5.370926853337556,-137.91633918098395,0.004649819611609732,215.06210638864067
3.0,2.9575,-5.371835861011622,-137.9396809642772,0.004645594810379038,215.25768837304372
3.0,2.96,-5.372748498694699,-137.96311596007692,0.004641356999581832,215.45423032317834
3.0,2.9625000000000004,-5.3736647670035005,-137.98664418421927,0.004637106218978455,215.65173467609245
3.0,2.9650000000000003,-5.374584666557192,-138.01026565260335,0.004632842508430579,215.85020388244536
3.0,2.9675000000000002,-5.375508197977395,-138.03398038119138,0.004628565907900634,216.0496404065611
3.0,2.97,-5.376435361888184,-138.05778838600853,0.004624276457451227,216.2500467264823
3.0,2.9725,-5.3773661589160895,-138.08168968314303,0.004619974197244543,216.45142533402515
3.0,2.975,-5.378300589690095,-138.10568428874612,0.004615659167541774,216.65377873483322
3.0,2.9775,-5.3792386548416395,-138.12977221903208,0.00461133140870253,216.85710944843274
3.0,2.9800000000000004,-5.380180355004622,-138.1539534902784,0.004606990961184213,217.06142000828953
3.0,2.9825000000000004,-5.381125690815392,-138.17822811882547,0.004602637865541493,217.26671296186183
3.0,2.9850000000000003,-5.3820746629127605,-138.2025961210768,0.004598272162425653,217.47299087065912
3.0,2.9875000000000003,-5.383027271937991,-138.227057513499,0.004593893892584039,217.68025631029667
3.0,2.99,-5.38398351853481,-138.25161231262192,0.00458950309685942,217.88851187055445
3.0,2.9925,-5.384943403349398,-138.27626053503835,0.004585099816189456,218.09776015543127
3.0,2.995,-5.385906927030398,-138.30100219740433,0.004580684091606035,218.30800378320558
3.0,2.9975000000000005,-5.386874090228907,-138.32583731643896,0.004576255964234728,218.51924538649067
3.0,3.0000000000000004,-5.387844893598484,-138.35076590892453,0.004571815475294161,218.73148761229427
