L_support_nm,x_nm,material,sigma_C_per_m2,sigma_uC_per_cm2,phi_RP_with_V,phi_RP_no_V,i1_with_A_per_m2,i2_with_A_per_m2,i1_no_A_per_m2,i2_no_A_per_m2,c_R1_over_bulk,c_O2_over_bulk
1000.0,0.0,Au,-0.06966248732739878,-6.966248732739879,-0.19331363911079266,0.0,0.06901422448508025,0.0,0.23512070815752426,0.0,0.0005376599116069489,1859.9117739896524
1000.0,0.008333333333,Au,-0.06966350069753263,-6.966350069753263,-0.19331161237052497,0.0,0.06901694811940785,0.0,0.23512070815752426,0.0,0.0005377023497535393,1859.764980492198
1000.0,0.016666666667,Au,-0.06966651575338882,-6.966651575338882,-0.19330558225881259,0.0,0.06902505231897793,0.0,0.23512070815752426,0.0,0.0005378286347636754,1859.328297831158
1000.0,0.025,Au,-0.06967145826449277,-6.9671458264492765,-0.1932956972366047,0.0,0.06903833940393445,0.0,0.23512070815752426,0.0,0.0005380357150143688,1858.6126758765338
1000.0,0.033333333333,Au,-0.069678207589541,-6.9678207589541,-0.19328219858650822,0.0,0.06905648792644406,0.0,0.23512070815752426,0.0,0.0005383186255479241,1857.635891721481
1000.0,0.041666666667,Au,-0.06968660117145176,-6.968660117145175,-0.19326541142268672,0.0,0.06907906441106275,0.0,0.23512070815752426,0.0,0.0005386706657158285,1856.4218615304035
1000.0,0.05,Au,-0.06969644059656946,-6.969644059656946,-0.1932457325724513,0.0,0.06910553922386696,0.0,0.23512070815752426,0.0,0.0005390836399791583,1854.9997177407597
1000.0,0.058333333333,Au,-0.06970749899445078,-6.970749899445078,-0.19322361577668867,0.0,0.06913530602094843,0.0,0.23512070815752426,0.0,0.00053954815409862,1853.4026896461542
1000.0,0.066666666667,Au,-0.06971952950503121,-6.9719529505031215,-0.1931995547555278,0.0,0.06916770409585503,0.0,0.23512070815752426,0.0,0.0005400539569457747,1851.666832802055
1000.0,0.075,Au,-0.06973227450038066,-6.973227450038067,-0.1931740647648289,0.0,0.06920204283466051,0.0,0.23512070815752426,0.0,0.0005405903163737708,1849.8296578967716
1000.0,0.083333333333,Au,-0.0697454752200998,-6.97454752200998,-0.19314766332539063,0.0,0.0692376274010323,0.0,0.23512070815752426,0.0,0.0005411464160805104,1847.9287126078323
1000.0,0.091666666667,Au,-0.06975888146369927,-6.975888146369927,-0.1931208508381917,0.0,0.0692737847162015,0.0,0.23512070815752426,0.0,0.000541711759268673,1846.0001705520106
1000.0,0.1,Au,-0.06977226098074303,-6.977226098074303,-0.19309409180410417,0.0,0.06930988877416297,0.0,0.23512070815752426,0.0,0.0005422765642506734,1844.0774798774798
1000.0,0.108333333333,Au,-0.06978540821014505,-6.978540821014505,-0.19306779734530014,0.0,0.06934538434323678,0.0,0.23512070815752426,0.0,0.0005428321370387694,1842.190120605515
1000.0,0.116666666667,Au,-0.06979815204339723,-6.979815204339723,-0.19304230967879576,0.0,0.06937980815265968,0.0,0.23512070815752426,0.0,0.0005433712064596291,1840.36251481849
1000.0,0.125,Au,-0.06981036232196948,-6.981036232196948,-0.19301788912165127,0.0,0.06941280674723546,0.0,0.23512070815752426,0.0,0.0005438882084720176,1838.6131275200255
1000.0,0.133333333333,Au,-0.06982195482528168,-6.9821954825281685,-0.19299470411502687,0.0,0.06944415031187413,0.0,0.23512070815752426,0.0,0.0005443795081303705,1836.9537887905133
1000.0,0.141666666667,Au,-0.06983289456080986,-6.983289456080986,-0.1929728246439705,0.0,0.06947374191698487,0.0,0.23512070815752426,0.0,0.0005448435499702392,1835.389260007983
1000.0,0.15,Au,-0.06984319723021323,-6.984319723021323,-0.19295221930516376,0.0,0.06950162180975095,0.0,0.23512070815752426,0.0,0.0005452809304033801,1833.9170586072657
1000.0,0.158333333333,Au,-0.06985292881242623,-6.985292881242623,-0.19293275614073777,0.0,0.06952796656747341,0.0,0.23512070815752426,0.0,0.0005456943888588158,1832.527547316826
1000.0,0.166666666667,Au,-0.06986220327406906,-6.9862203274069055,-0.19291420721745212,0.0,0.0695530831291056,0.0,0.23512070815752426,0.0,0.0005460887177318174,1831.2042851819128
1000.0,0.175,Au,-0.06987117848681057,-6.9871178486810575,-0.1928962567919691,0.0,0.06957739792090215,0.0,0.23512070815752426,0.0,0.0005464705945310811,1829.9246290792394
1000.0,0.183333333333,Au,-0.06988005049785947,-6.988005049785947,-0.19287851276987128,0.0,0.06960144148255534,0.0,0.23512070815752426,0.0,0.000546848342766426,1828.6605660010705
1000.0,0.191666666667,Au,-0.06988904636110536,-6.9889046361105365,-0.1928605210433795,0.0,0.06962582917284428,0.0,0.23512070815752426,0.0,0.00054723163093412,1827.3797483033063
1000.0,0.2,Au,-0.06989841579040801,-6.989841579040801,-0.1928417821847742,0.0,0.06965123868167696,0.0,0.23512070815752426,0.0,0.0005476311213064577,1826.046696568937
1000.0,0.208333333333,Au,-0.06990842194104895,-6.990842194104895,-0.19282176988349234,0.0,0.06967838519251589,0.0,0.23512070815752426,0.0,0.0005480580820184438,1824.624128006832
1000.0,0.216666666667,Au,-0.06991933165873751,-6.991933165873751,-0.1927999504481152,0.0,0.06970799512160815,0.0,0.23512070815752426,0.0,0.0005485239771148852,1823.074362691999
1000.0,0.225,Au,-0.0699314055566355,-6.99314055566355,-0.19277580265231922,0.0,0.06974077940644194,0.0,0.23512070815752426,0.0,0.0005490400497704346,1821.3607557738662
1000.0,0.233333333333,Au,-0.06994488828869411,-6.994488828869411,-0.19274883718820202,0.0,0.0697774073248806,0.0,0.23512070815752426,0.0,0.0005496169138456442,1819.4491013805346
1000.0,0.241666666667,Au,-0.06995999938187283,-6.995999938187284,-0.19271861500184456,0.0,0.06981848179991393,0.0,0.23512070815752426,0.0,0.0005502641683518095,1817.308953616354
1000.0,0.25,Au,-0.0699769249707225,-6.99769249707225,-0.19268476382414523,0.0,0.06986451708562892,0.0,0.23512070815752426,0.0,0.0005509900483430528,1814.9148119956399
1000.0,0.258333333333,Au,-0.06999581074597527,-6.999581074597527,-0.19264699227363968,0.0,0.06991591964127031,0.0,0.23512070815752426,0.0,0.000551801124317275,1812.247122977987
1000.0,0.266666666667,Au,-0.0700167563852183,-7.00167563852183,-0.19260510099515363,0.0,0.06997297288596299,0.0,0.23512070815752426,0.0,0.0005527020604651689,1809.2930559339209
1000.0,0.275,Au,-0.07003981168013053,-7.003981168013053,-0.19255899040532917,0.0,0.0700358263915581,0.0,0.23512070815752426,0.0,0.0005536954401361387,1806.0470206403131
1000.0,0.283333333333,Au,-0.07006497451297614,-7.006497451297614,-0.19250866473963796,0.0,0.07010448991930816,0.0,0.23512070815752426,0.0,0.0005547816647456341,1802.510903921991
1000.0,0.291666666667,Au,-0.070092190767164,-7.0092190767164,-0.19245423223126223,0.0,0.07017883254163944,0.0,0.23512070815752426,0.0,0.0005559589300671118,1798.6940148245958
1000.0,0.3,Au,-0.07012135618545486,-7.012135618545486,-0.19239590139468052,0.0,0.0702585869182448,0.0,0.23512070815752426,0.0,0.0005572232814777053,1794.6127400637158
1000.0,0.308333333333,Au,-0.07015232011720741,-7.015232011720742,-0.1923339735311754,0.0,0.07034335861977288,0.0,0.23512070815752426,0.0,0.0005585687472759664,1790.2899238040259
1000.0,0.316666666667,Au,-0.07018489102549731,-7.018489102549731,-0.1922688317145956,0.0,0.07043264021681407,0.0,0.23512070815752426,0.0,0.000559987546687262,1785.7539974160768
1000.0,0.325,Au,-0.07021884355892218,-7.021884355892218,-0.19220092664774588,0.0,0.07052582968220224,0.0,0.23512070815752426,0.0,0.0005614703666667681,1781.0378950836039
1000.0,0.333333333333,Au,-0.07025392693361436,-7.025392693361436,-0.1921307598983615,0.0,0.0706222524951685,0.0,0.23512070815752426,0.0,0.0005630066991415697,1776.177799526586
1000.0,0.341666666667,Au,-0.07028987432062478,-7.028987432062478,-0.19205886512434067,0.0,0.07072118669192015,0.0,0.23512070815752426,0.0,0.0005645852279725935,1771.211768311697
1000.0,0.35,Au,-0.0703264128946405,-7.032641289464051,-0.19198578797630922,0.0,0.07082188998526284,0.0,0.23512070815752426,0.0,0.0005661942527696709,1766.1782950078834
1000.0,0.358333333333,Au,-0.07036327417317455,-7.036327417317454,-0.19191206541924113,0.0,0.07092362798075186,0.0,0.23512070815752426,0.0,0.000567822134855089,1761.1148608273345
1000.0,0.366666666667,Au,-0.07040020426198933,-7.040020426198932,-0.19183820524161158,0.0,0.07102570245386162,0.0,0.23512070815752426,0.0,0.0005694577492615307,1756.056531492975
1000.0,0.375,Au,-0.0704369736234877,-7.04369736234877,-0.19176466651861482,0.0,0.07112747862726318,0.0,0.23512070815752426,0.0,0.0005710909258016592,1751.0346510868947
1000.0,0.383333333333,Au,-0.07047338599990174,-7.047338599990175,-0.19169184176578674,0.0,0.07122841040206221,0.0,0.23512070815752426,0.0,0.0005727128620500671,1746.0756799147616
1000.0,0.391666666667,Au,-0.07050928615182017,-7.050928615182017,-0.19162004146194989,0.0,0.07132806255335451,0.0,0.23512070815752426,0.0,0.0005743164916077143,1741.2002173238095
1000.0,0.4,Au,-0.07054456611437737,-7.054456611437737,-0.1915494815368355,0.0,0.07142612899956564,0.0,0.23512070815752426,0.0,0.0005758967923285939,1736.4222432227446
1000.0,0.408333333333,Au,-0.07057916972641508,-7.057916972641507,-0.19148027431276007,0.0,0.07152244639306361,0.0,0.23512070815752426,0.0,0.0005774510212456985,1731.7486041374787
1000.0,0.416666666667,Au,-0.07061309525033219,-7.061309525033218,-0.19141242326492586,0.0,0.07161700245185396,0.0,0.23512070815752426,0.0,0.0005789788656734975,1727.178761243296
1000.0,0.425,Au,-0.07064639597020746,-7.064639597020745,-0.19134582182517532,0.0,0.0717099386526238,0.0,0.23512070815752426,0.0,0.0005804825032790102,1722.704809104897
1000.0,0.433333333333,Au,-0.07067917873028814,-7.067917873028814,-0.19128025630501394,0.0,0.0718015471244233,0.0,0.23512070815752426,0.0,0.0005819665676235714,1718.3117650270622
1000.0,0.441666666667,Au,-0.07071160045234501,-7.0711600452345005,-0.1912154128609002,0.0,0.07189226180984067,0.0,0.23512070815752426,0.0,0.0005834380195832968,1713.9781200995783
1000.0,0.45,Au,-0.07074386274625577,-7.074386274625577,-0.1911508882730787,0.0,0.07198264418715838,0.0,0.23512070815752426,0.0,0.0005849059289617924,1709.6766342837373
1000.0,0.458333333333,Au,-0.07077620480028773,-7.077620480028774,-0.19108620416501476,0.0,0.0720733640612119,0.0,0.23512070815752426,0.0,0.0005863811742866901,1705.3753494328346
1000.0,0.466666666667,Au,-0.07080889480328474,-7.080889480328474,-0.19102082415902075,0.0,0.07216517612321968,0.0,0.23512070815752426,0.0,0.000587876072048329,1701.038786143673
1000.0,0.475,Au,-0.07084222020807769,-7.084222020807769,-0.19095417334943485,0.0,0.07225889314334699,0.0,0.23512070815752426,0.0,0.0005894039493552649,1696.6292830135876
1000.0,0.483333333333,Au,-0.07087647719145326,-7.087647719145326,-0.1908856593826837,0.0,0.07235535678721218,0.0,0.23512070815752426,0.0,0.0005909786760311151,1692.1084305711054
1000.0,0.491666666667,Au,-0.07091195969912857,-7.0911959699128575,-0.1908146943673331,0.0,0.07245540713488431,0.0,0.23512070815752426,0.0,0.0005926141735088493,1687.438547206916
1000.0,0.5,Au,-0.07094894848331508,-7.094894848331508,-0.19074071679896007,0.0,0.0725598520269986,0.0,0.23512070815752426,0.0,0.0005943239185022437,1682.5841411870165
1000.0,0.508333333333,Au,-0.07098770054450408,-7.098770054450408,-0.19066321267658207,0.0,0.07266943736674805,0.0,0.23512070815752426,0.0,0.0005961204593772935,1677.5133016648992
1000.0,0.516666666667,Au,-0.07102843937772184,-7.1028439377721835,-0.19058173501014655,0.0,0.07278481947028571,0.0,0.23512070815752426,0.0,0.0005980149624764684,1672.198962813325
1000.0,0.525,Au,-0.07107134639730144,-7.107134639730144,-0.19049592097098736,0.0,0.07290654048550452,0.0,0.23512070815752426,0.0,0.0006000168044689256,1666.619988893643
1000.0,0.533333333333,Au,-0.07111655387371983,-7.111655387371983,-0.19040550601815057,0.0,0.07303500779325846,0.0,0.23512070815752426,0.0,0.0006021332251863908,1660.762034332932
1000.0,0.541666666667,Au,-0.07116413966253636,-7.116413966253636,-0.1903103344405175,0.0,0.07317047816998287,0.0,0.23512070815752426,0.0,0.0006043690534359607,1654.6181415391757
1000.0,0.55,Au,-0.07121412394122734,-7.121412394122734,-0.19021036588313556,0.0,0.0733130473321098,0.0,0.23512070815752426,0.0,0.0006067265160440527,1648.1890498542061
1000.0,0.558333333333,Au,-0.07126646809663806,-7.126646809663805,-0.1901056775723141,0.0,0.07346264530410088,0.0,0.23512070815752426,0.0,0.0006092051379095783,1641.483201260239
1000.0,0.566666666667,Au,-0.07132107582642984,-7.132107582642984,-0.18999646211273055,0.0,0.07361903785763584,0.0,0.23512070815752426,0.0,0.0006118017381554914,1634.516441576122
1000.0,0.575,Au,-0.07137779643565052,-7.137779643565052,-0.18988302089428918,0.0,0.0737818340653981,0.0,0.23512070815752426,0.0,0.0006145105246068371,1627.3114291082295
1000.0,0.583333333333,Au,-0.07143643022701221,-7.143643022701221,-0.1897657533115658,0.0,0.07395049980255107,0.0,0.23512070815752426,0.0,0.0006173232857867357,1619.896775359072
1000.0,0.591666666667,Au,-0.07149673580359545,-7.149673580359544,-0.18964514215839934,0.0,0.07412437681727499,0.0,0.23512070815752426,0.0,0.0006202296764296123,1612.3059537501613
1000.0,0.6,Au,-0.07155843902910908,-7.155843902910908,-0.18952173570737207,0.0,0.07430270678613426,0.0,0.23512070815752426,0.0,0.0006232175892375751,1604.5760217123664
1000.0,0.608333333333,Au,-0.07162124332580144,-7.162124332580144,-0.18939612711398734,0.0,0.07448465957554162,0.0,0.23512070815752426,0.0,0.000626273602301071,1596.7462085672678
1000.0,0.616666666667,Au,-0.07168484093610676,-7.168484093610676,-0.1892689318933767,0.0,0.07466936475418809,0.0,0.23512070815752426,0.0,0.0006293834883753107,1588.8564261216923
1000.0,0.625,Au,-0.07174892473390279,-7.174892473390279,-0.18914076429778465,0.0,0.074855945252561,0.0,0.23512070815752426,0.0,0.0006325327692245737,1580.9457606851056
1000.0,0.633333333333,Au,-0.07181320014588828,-7.181320014588828,-0.18901221347381367,0.0,0.07504355195056425,0.0,0.23512070815752426,0.0,0.0006357072956586114,1573.05100449409
1000.0,0.641666666667,Au,-0.07187739673420875,-7.187739673420874,-0.18888382029717274,0.0,0.075231397900215,0.0,0.23512070815752426,0.0,0.0006388938318757207,1565.2052815475024
1000.0,0.65,Au,-0.07194127899919611,-7.194127899919611,-0.188756055767198,0.0,0.0754187908654637,0.0,0.23512070815752426,0.0,0.0006420806215077602,1557.436817905762
1000.0,0.658333333333,Au,-0.07200465598526573,-7.2004655985265735,-0.18862930179505877,0.0,0.07560516288822085,0.0,0.23512070815752426,0.0,0.0006452579124633734,1549.7679000670337
1000.0,0.666666666667,Au,-0.07206738931292865,-7.206738931292865,-0.18850383513973293,0.0,0.0757900956708425,0.0,0.23512070815752426,0.0,0.0006484184183996455,1542.2140575033159
1000.0,0.675,Au,-0.07212939931483739,-7.212939931483739,-0.18837981513591545,0.0,0.07597334070175568,0.0,0.23512070815752426,0.0,0.000651557696499311,1534.7834971067023
1000.0,0.683333333333,Au,-0.0721906690213133,-7.219066902131329,-0.18825727572296364,0.0,0.07615483323699215,0.0,0.23512070815752426,0.0,0.0006546744241325718,1527.476808529639
1000.0,0.691666666667,Au,-0.07225124581854502,-7.225124581854502,-0.1881361221285002,0.0,0.07633469947918806,0.0,0.23512070815752426,0.0,0.0006577705608298811,1520.286950419828
1000.0,0.7,Au,-0.0723112406884081,-7.231124068840809,-0.18801613238877404,0.0,0.07651325655905176,0.0,0.23512070815752426,0.0,0.0006608513866278768,1513.1995184313605
1000.0,0.708333333333,Au,-0.07237082502894271,-7.237082502894271,-0.1878969637077048,0.0,0.07669100520863015,0.0,0.23512070815752426,0.0,0.0006639254129955248,1506.1932868153979
1000.0,0.716666666667,Au,-0.07243022514560589,-7.243022514560589,-0.18777816347437845,0.0,0.07686861530738673,0.0,0.23512070815752426,0.0,0.0006670041679088007,1499.2410064470987
1000.0,0.725,Au,-0.07248971459269181,-7.248971459269181,-0.1876591845802066,0.0,0.07704690476904488,0.0,0.23512070815752426,0.0,0.000670101861945781,1492.3104333664894
1000.0,0.733333333333,Au,-0.07254960462781852,-7.2549604627818525,-0.18753940450995318,0.0,0.07722681250421116,0.0,0.23512070815752426,0.0,0.0006732349471985106,1485.3655535281343
1000.0,0.741666666667,Au,-0.07261023311690429,-7.261023311690429,-0.18741814753178165,0.0,0.07740936642907603,0.0,0.23512070815752426,0.0,0.0006764215850928212,1478.3679616947413
1000.0,0.75,Au,-0.07267195229026692,-7.267195229026692,-0.1872947091850564,0.0,0.07759564768609792,0.0,0.23512070815752426,0.0,0.0006796810427143185,1471.2783455111269
1000.0,0.758333333333,Au,-0.07273511579926319,-7.273511579926319,-0.18716838216706386,0.0,0.07778675238979242,0.0,0.23512070815752426,0.0,0.0006830330398119099,1464.058020202617
1000.0,0.766666666667,Au,-0.0728000655552156,-7.2800065555215605,-0.18703848265515902,0.0,0.0779837523054868,0.0,0.23512070815752426,0.0,0.0006864970702486472,1456.6704554730336
1000.0,0.775,Au,-0.0728671188473746,-7.28671188473746,-0.18690437607084104,0.0,0.07818765591156908,0.0,0.23512070815752426,0.0,0.0006900917223506607,1449.0827343844933
1000.0,0.783333333333,Au,-0.07293655623297014,-7.293655623297014,-0.18676550129964994,0.0,0.07839937128578432,0.0,0.23512070815752426,0.0,0.0006938340224193604,1441.2668847126522
1000.0,0.791666666667,Au,-0.07300861066984358,-7.300861066984359,-0.18662139242590306,0.0,0.07861967219630214,0.0,0.23512070815752426,0.0,0.0006977388247289282,1433.2010267430658
1000.0,0.8,Au,-0.07308345832193856,-7.308345832193856,-0.1864716971217131,0.0,0.07884916867479608,0.0,0.23512070815752426,0.0,0.0007018182697878953,1424.8702877202409
1000.0,0.808333333333,Au,-0.073161211410709,-7.3161211410709,-0.18631619094417223,0.0,0.07908828320465798,0.0,0.23512070815752426,0.0,0.0007060813305804092,1416.2674421344427
1000.0,0.816666666667,Au,-0.0732419134131325,-7.3241913413132504,-0.18615478693932522,0.0,0.07933723347762697,0.0,0.23512070815752426,0.0,0.0007105334640037278,1407.3932483984368
1000.0,0.825,Au,-0.07332553682267634,-7.332553682267634,-0.18598754012023755,0.0,0.0795960224636044,0.0,0.23512070815752426,0.0,0.0007151763818739345,1398.2564656004984
1000.0,0.833333333333,Au,-0.07341198359563385,-7.341198359563385,-0.18581464657432253,0.0,0.0798644363041362,0.0,0.23512070815752426,0.0,0.0007200079526671419,1388.873548265234
1000.0,0.841666666667,Au,-0.07350108830497935,-7.350108830497935,-0.18563643715563152,0.0,0.08014205028419293,0.0,0.23512070815752426,0.0,0.0007250222415810133,1379.2680315839125
1000.0,0.85,Au,-0.07359262392181383,-7.359262392181383,-0.18545336592196257,0.0,0.08042824286704915,0.0,0.23512070815752426,0.0,0.0007302096925679628,1369.4696334189332
1000.0,0.858333333333,Au,-0.07368631004364207,-7.3686310043642065,-0.1852659936783061,0.0,0.08072221749647095,0.0,0.23512070815752426,0.0,0.0007355574516513903,1359.513111796928
1000.0,0.866666666667,Au,-0.07378182329284703,-7.378182329284703,-0.18507496717989616,0.0,0.08102303158533511,0.0,0.23512070815752426,0.0,0.0007410498260985055,1349.436926886308
1000.0,0.875,Au,-0.07387880952244297,-7.387880952244297,-0.1848809947207043,0.0,0.08132963183123894,0.0,0.23512070815752426,0.0,0.0007466688690069112,1339.2817639900077
1000.0,0.883333333333,Au,-0.07397689739199191,-7.397689739199191,-0.1846848189816064,0.0,0.08164089473439207,0.0,0.23512070815752426,0.0,0.0007523950736470453,1329.0889786834362
1000.0,0.891666666667,Au,-0.07407571281743727,-7.407571281743727,-0.18448718813071568,0.0,0.08195567095206276,0.0,0.23512070815752426,0.0,0.0007582081566891271,1318.8990268407388
1000.0,0.9,Au,-0.07417489375793275,-7.417489375793275,-0.18428882624972473,0.0,0.08227283192205091,0.0,0.23512070815752426,0.0,0.0007640879045556805,1308.7499409920683
1000.0,0.908333333333,Au,-0.07427410478144249,-7.427410478144249,-0.18409040420270525,0.0,0.08259131703453165,0.0,0.23512070815752426,0.0,0.0007700150528495663,1298.6759106842612
1000.0,0.916666666667,Au,-0.07437305085005858,-7.437305085005858,-0.18389251206547308,0.0,0.08291017953868018,0.0,0.23512070815752426,0.0,0.0007759721654580666,1288.7060187393279
1000.0,0.925,Au,-0.07447148978693975,-7.447148978693975,-0.18369563419171073,0.0,0.08322862935058199,0.0,0.23512070815752426,0.0,0.0007819444779192488,1278.863177934316
1000.0,0.933333333333,Au,-0.07456924292814725,-7.456924292814724,-0.18350012790929573,0.0,0.08354607098585765,0.0,0.23512070815752426,0.0,0.0007879206691877927,1269.1633042585665
1000.0,0.941666666667,Au,-0.07466620352319771,-7.4666203523197705,-0.18330620671919481,0.0,0.08386213497681164,0.0,0.23512070815752426,0.0,0.000793893527243631,1259.6147539733233
1000.0,0.95,Au,-0.07476234252689062,-7.476234252689062,-0.18311392871180898,0.0,0.08417670135096687,0.0,0.23512070815752426,0.0,0.0007998604771768874,1250.2180424384842
1000.0,0.958333333333,Au,-0.07485771151822967,-7.485771151822967,-0.18292319072913088,0.0,0.0844899140352563,0.0,0.23512070815752426,0.0,0.0008058239453198071,1240.9658534075086
1000.0,0.966666666667,Au,-0.07495244258681498,-7.495244258681498,-0.18273372859196027,0.0,0.08480218539604441,0.0,0.23512070815752426,0.0,0.0008117915394564792,1231.8433383397078
1000.0,0.975,Au,-0.07504674514011231,-7.5046745140112305,-0.1825451234853656,0.0,0.08511419051646044,0.0,0.23512070815752426,0.0,0.0008177760328237577,1222.8286961981853
1000.0,0.983333333333,Au,-0.07514089970140711,-7.514089970140711,-0.182356814362776,0.0,0.0854268512269008,0.0,0.23512070815752426,0.0,0.0008237951480028926,1213.8940153074182
1000.0,0.991666666667,Au,-0.07523524888374418,-7.523524888374418,-0.18216811599810187,0.0,0.08574131032142644,0.0,0.23512070815752426,0.0,0.0008298711453787682,1205.0063501648583
1000.0,1.0,Au,-0.07533018583624758,-7.533018583624758,-0.18197824209309507,0.0,0.08605889679450539,0.0,0.23512070815752426,0.0,0.0008360302291536565,1196.1289976468147
1000.0,1.008333333333,Au,-0.07542614056070714,-7.542614056070714,-0.18178633264417596,0.0,0.08638108329718774,0.0,0.23512070815752426,0.0,0.0008423017914225389,1187.2229291013725
1000.0,1.016666666667,Au,-0.07552356458422492,-7.552356458422492,-0.1815914845971404,0.0,0.08670943732352798,0.0,0.23512070815752426,0.0,0.0008487175211779654,1178.248327679231
1000.0,1.025,Au,-0.07562291454537429,-7.562291454537428,-0.18139278467484166,0.0,0.08704556788808077,0.0,0.23512070815752426,0.0,0.0008553104101294146,1169.166174241575
1000.0,1.033333333333,Au,-0.07572463530281376,-7.572463530281376,-0.1811893431599627,0.0,0.08739106963315087,0.0,0.23512070815752426,0.0,0.0008621136907300356,1159.939820875832
1000.0,1.041666666667,Au,-0.07582914320430549,-7.582914320430549,-0.18098032735697925,0.0,0.0877474664071015,0.0,0.23512070815752426,0.0,0.0008691597438236377,1150.5364889551436
1000.0,1.05,Au,-0.0759368101600287,-7.59368101600287,-0.18076499344553282,0.0,0.0881161563863905,0.0,0.23512070815752426,0.0,0.0008764790140465301,1140.928629178693
1000.0,1.058333333333,Au,-0.07604794914539383,-7.604794914539383,-0.18054271547480258,0.0,0.0884983607748298,0.0,0.23512070815752426,0.0,0.0008840989706784526,1131.095084561184
1000.0,1.066666666667,Au,-0.07616280171543999,-7.616280171543998,-0.18031301033471026,0.0,0.08889507800918924,0.0,0.23512070815752426,0.0,0.000892043150246874,1121.0220040625263
1000.0,1.075,Au,-0.07628152804751948,-7.628152804751948,-0.18007555767055128,0.0,0.08930704524055745,0.0,0.23512070815752426,0.0,0.00090033031511734,1110.7034642831838
1000.0,1.083333333333,Au,-0.07640419994244554,-7.640419994244555,-0.17983021388069914,0.0,0.08973470864885395,0.0,0.23512070815752426,0.0,0.0009089737596288649,1100.141769118067
1000.0,1.091666666667,Au,-0.07653079710934133,-7.653079710934133,-0.17957701954690758,0.0,0.09017820388850267,0.0,0.23512070815752426,0.0,0.0009179807921080559,1089.3474118381005
1000.0,1.1,Au,-0.07666120694085514,-7.666120694085514,-0.17931619988387995,0.0,0.09063734766510352,0.0,0.23512070815752426,0.0,0.0009273524173738652,1078.3386997921057
1000.0,1.108333333333,Au,-0.07679522785635551,-7.679522785635551,-0.1790481580528792,0.0,0.09111164110614617,0.0,0.23512070815752426,0.0,0.0009370832399493124,1067.1410578787973
1000.0,1.116666666667,Au,-0.07693257615571737,-7.693257615571738,-0.17877346145415549,0.0,0.0916002852165503,0.0,0.23512070815752426,0.0,0.0009471616029574937,1055.7860420835466
1000.0,1.125,Au,-0.07707289619166281,-7.707289619166281,-0.1784928213822646,0.0,0.09210220831135837,0.0,0.23512070815752426,0.0,0.0009575699715249988,1044.310107602297
1000.0,1.133333333333,Au,-0.07721577353817088,-7.721577353817088,-0.17820706668924846,0.0,0.09261610489540845,0.0,0.23512070815752426,0.0,0.0009682855622318486,1032.753186668457
1000.0,1.141666666667,Au,-0.07736075071119705,-7.736075071119705,-0.17791711234319613,0.0,0.09314048502242006,0.0,0.23512070815752426,0.0,0.000979281211692515,1021.157138582978
1000.0,1.15,Au,-0.0775073448919233,-7.750734489192331,-0.17762392398174362,0.0,0.09367373273131498,0.0,0.23512070815752426,0.0,0.0009905264679310845,1009.5641382392363
1000.0,1.158333333333,Au,-0.07765506701504366,-7.765506701504366,-0.17732847973550292,0.0,0.09421417173806006,0.0,0.23512070815752426,0.0,0.001001988878013212,998.0150697708784
1000.0,1.166666666667,Au,-0.07780344151877813,-7.780344151877813,-0.17703173072803396,0.0,0.0947601361766133,0.0,0.23512070815752426,0.0,0.0010136354348722779,986.5479891456281
1000.0,1.175,Au,-0.07795202601376187,-7.795202601376188,-0.17673456173806648,0.0,0.09531004386045071,0.0,0.23512070815752426,0.0,0.0010254341361625567,975.1967139910732
1000.0,1.183333333333,Au,-0.0781004301153389,-7.810043011533891,-0.17643775353491242,0.0,0.09586246929499963,0.0,0.23512070815752426,0.0,0.0010373555989472987,963.9895914330564
1000.0,1.191666666667,Au,-0.07824833269908896,-7.824833269908896,-0.17614194836741232,0.0,0.09641621353261001,0.0,0.23512070815752426,0.0,0.0010493746668915527,952.9484859418136
1000.0,1.2,Au,-0.0783954968841077,-7.83954968841077,-0.17584761999737483,0.0,0.0969703679488932,0.0,0.23512070815752426,0.0,0.0010614719422733746,942.0880196402375
1000.0,1.208333333333,Au,-0.07854178212012486,-7.854178212012486,-0.1755550495253405,0.0,0.09752436913880554,0.0,0.23512070815752426,0.0,0.001073635174079301,931.4150878649751
1000.0,1.216666666667,Au,-0.07868715285087793,-7.868715285087793,-0.17526430806383436,0.0,0.09807804238632828,0.0,0.23512070815752426,0.0,0.0010858604361124388,920.928663337405
1000.0,1.225,Au,-0.07883168334557476,-7.883168334557476,-0.1749752470744407,0.0,0.09863163155263209,0.0,0.23512070815752426,0.0,0.0010981530356299935,910.6198931793831
1000.0,1.233333333333,Au,-0.07897555842733396,-7.8975558427333965,-0.1746874969109223,0.0,0.0991858137335114,0.0,0.23512070815752426,0.0,0.0011105281031803704,900.4724843398055
1000.0,1.241666666667,Au,-0.079119069977438,-7.911906997743801,-0.17440047381071422,0.0,0.09974169763346456,0.0,0.23512070815752426,0.0,0.0011230108274432025,890.4633647003516
1000.0,1.25,Au,-0.07926260925309012,-7.926260925309012,-0.17411339525941,0.0,0.10030080526531328,0.0,0.23512070815752426,0.0,0.0011356363142423218,880.5635989785901
1000.0,1.258333333333,Au,-0.07940665521691673,-7.940665521691673,-0.17382530333175678,0.0,0.10086503726992573,0.0,0.23512070815752426,0.0,0.001148449065330513,870.73953054436
1000.0,1.266666666667,Au,-0.07955175923274144,-7.955175923274144,-0.17353509530010736,0.0,0.10143662282400746,0.0,0.23512070815752426,0.0,0.0011615020889162067,860.9541123882922
1000.0,1.275,Au,-0.07969852662952313,-7.969852662952313,-0.17324156050654396,0.0,0.1020180557359716,0.0,0.23512070815752426,0.0,0.0011748556692818192,851.1683827608312
1000.0,1.283333333333,Au,-0.07984759576671761,-7.984759576671761,-0.172943422232155,0.0,0.10261201888626224,0.0,0.23512070815752426,0.0,0.00118857583625137,841.3430338226325
1000.0,1.291666666667,Au,-0.07999961534430748,-7.999961534430748,-0.17263938307697527,0.0,0.10322129962679874,0.0,0.23512070815752426,0.0,0.001202732586101274,831.4400154747256
1000.0,1.3,Au,-0.08015522078615905,-8.015522078615906,-0.17232817219327212,0.0,0.10384869910656598,0.0,0.23512070815752426,0.0,0.0012173979136403034,821.4241118664044
1000.0,1.308333333333,Au,-0.08031501058103489,-8.031501058103489,-0.17200859260352044,0.0,0.1044969387262312,0.0,0.23512070815752426,0.0,0.0012326437205495712,811.264425664013
1000.0,1.316666666667,Au,-0.08047952348863201,-8.0479523488632,-0.17167956678832622,0.0,0.10516856704565405,0.0,0.23512070815752426,0.0,0.001248539667988616,800.9357056400053
1000.0,1.325,Au,-0.08064921750831715,-8.064921750831715,-0.17134017874895593,0.0,0.10586587048806015,0.0,0.23512070815752426,0.0,0.0012651510426009754,790.4194569085904
1000.0,1.333333333333,Au,-0.08082445146390432,-8.082445146390432,-0.17098971083778158,0.0,0.10659079110823172,0.0,0.23512070815752426,0.0,0.0012825367048471664,779.7047805498597
1000.0,1.341666666667,Au,-0.08100546997961203,-8.100546997961203,-0.17062767380636618,0.0,0.10734485452979618,0.0,0.23512070815752426,0.0,0.0013007471875790314,768.7889003713426
1000.0,1.35,Au,-0.08119239251394365,-8.119239251394365,-0.17025382873770292,0.0,0.10812911092420621,0.0,0.23512070815752426,0.0,0.0013198230114806276,757.6773486303758
1000.0,1.358333333333,Au,-0.08138520698148177,-8.138520698148177,-0.16986819980262668,0.0,0.10894409160086962,0.0,0.23512070815752426,0.0,0.0013397932824258008,746.3837989913053
1000.0,1.366666666667,Au,-0.08158376833170641,-8.15837683317064,-0.1694710771021774,0.0,0.10978978340450161,0.0,0.23512070815752426,0.0,0.0013606746337457224,734.929552737496
1000.0,1.375,Au,-0.0817878022761605,-8.17878022761605,-0.16906300921326922,0.0,0.11066562267727065,0.0,0.23512070815752426,0.0,0.001382470573575125,723.3427019093502
1000.0,1.383333333333,Au,-0.08199691416516187,-8.199691416516188,-0.16864478543526648,0.0,0.11157051002813627,0.0,0.23512070815752426,0.0,0.001405171292968277,711.6570093654595
1000.0,1.391666666667,Au,-0.08221060281934758,-8.221060281934758,-0.16821740812689506,0.0,0.11250284655389779,0.0,0.23512070815752426,0.0,0.001428753983426507,699.9105595504634
1000.0,1.4,Au,-0.08242827892886119,-8.242827892886119,-0.16778205590786785,0.0,0.11346059148305075,0.0,0.23512070815752426,0.0,0.0014531837021768844,688.1442439121698
1000.0,1.408333333333,Au,-0.08264928744927807,-8.264928744927808,-0.16734003886703408,0.0,0.11444134046096449,0.0,0.23512070815752426,0.0,0.001478414809035779,676.4001509510035
1000.0,1.416666666667,Au,-0.08287293325538467,-8.287293325538467,-0.1668927472548209,0.0,0.11544242287608496,0.0,0.23512070815752426,0.0,0.0015043929795359847,664.7199326258757
1000.0,1.425,Au,-0.08309850917044194,-8.309850917044194,-0.16644159542470635,0.0,0.11646101577584016,0.0,0.23512070815752426,0.0,0.001531057775502107,653.1432164093561
1000.0,1.433333333333,Au,-0.08332532537352509,-8.33253253735251,-0.16598796301854005,0.0,0.11749427106555374,0.0,0.23512070815752426,0.0,0.0015583457269049362,641.7061263973312
1000.0,1.441666666667,Au,-0.08355273910587019,-8.35527391058702,-0.16553313555384985,0.0,0.1185394518704614,0.0,0.23512070815752426,0.0,0.0015861938489549034,630.4399683928107
1000.0,1.45,Au,-0.08378018355501808,-8.378018355501808,-0.16507824665555407,0.0,0.11959407323500275,0.0,0.23512070815752426,0.0,0.001614543488273701,619.370123668343
1000.0,1.458333333333,Au,-0.08400719479337296,-8.400719479337296,-0.16462422417884431,0.0,0.12065604178350106,0.0,0.23512070815752426,0.0,0.0016433443638527593,608.5151852503619
1000.0,1.466666666667,Au,-0.0842334356867497,-8.42334356867497,-0.16417174239209084,0.0,0.12172378862697353,0.0,0.23512070815752426,0.0,0.0016725586450687705,597.8863598883751
1000.0,1.475,Au,-0.08445871577048579,-8.445871577048578,-0.16372118222461865,0.0,0.12279638972814115,0.0,0.23512070815752426,0.0,0.0017021648931794008,587.4871488696626
1000.0,1.483333333333,Au,-0.0846830062116685,-8.468300621166849,-0.16327260134225324,0.0,0.12387366815032634,0.0,0.23512070815752426,0.0,0.001732161686357368,577.3133119593125
1000.0,1.491666666667,Au,-0.08490644913266637,-8.490644913266637,-0.16282571550025748,0.0,0.12495627312438606,0.0,0.23512070815752426,0.0,0.0017625707527756693,567.3531110312681
1000.0,1.5,Au,-0.0851293607608793,-8.51293607608793,-0.16237989224383162,0.0,0.12604573166633146,0.0,0.23512070815752426,0.0,0.0017934394521022417,557.5878231226684
1000.0,1.508333333333,Au,-0.08535222808418391,-8.535222808418391,-0.1619341575972224,0.0,0.12714446951735836,0.0,0.23512070815752426,0.0,0.001824842471818217,547.9925064455732
1000.0,1.516666666667,Au,-0.0855756989238762,-8.55756989238762,-0.16148721591783782,0.0,0.12825579939755347,0.0,0.23512070815752426,0.0,0.0018568826389992366,538.5369968987098
1000.0,1.525,Au,-0.08580056558115322,-8.580056558115322,-0.1610374826032838,0.0,0.12938387589997147,0.0,0.23512070815752426,0.0,0.0018896907879631622,529.1871063613895
1000.0,1.533333333333,Au,-0.08602774245858605,-8.602774245858605,-0.16058312884841813,0.0,0.1305336177106262,0.0,0.23512070815752426,0.0,0.00192342466575692,519.9059873792733
1000.0,1.541666666667,Au,-0.08625823829576096,-8.625823829576095,-0.1601221371740683,0.0,0.13171059914187747,0.0,0.23512070815752426,0.0,0.0019582668973279252,510.6556217462033
1000.0,1.55,Au,-0.08649312388158449,-8.64931238815845,-0.15965236600242125,0.0,0.13292091415306034,0.0,0.23512070815752426,0.0,0.0019944220676717888,501.3983831252736
1000.0,1.558333333333,Au,-0.08673349630399828,-8.673349630399828,-0.15917162115759367,0.0,0.1341710170408709,0.0,0.23512070815752426,0.0,0.002032113006794911,492.0986168860855
1000.0,1.566666666667,Au,-0.08698044096307991,-8.698044096307992,-0.1586777318394304,0.0,0.13546754478305947,0.0,0.23512070815752426,0.0,0.002071576383938559,482.72417457219814
1000.0,1.575,Au,-0.08723499270103156,-8.723499270103156,-0.1581686283635271,0.0,0.13681712661830284,0.0,0.23512070815752426,0.0,0.002113057730798578,473.24783673661136
1000.0,1.583333333333,Au,-0.08749809748445257,-8.749809748445257,-0.15764241879668509,0.0,0.13822618684739216,0.0,0.23512070815752426,0.0,0.002156806020603443,463.6485573794043
1000.0,1.591666666667,Au,-0.08777057610615563,-8.777057610615563,-0.15709746155327897,0.0,0.13970074707702382,0.0,0.23512070815752426,0.0,0.002203067933298308,453.91246674035006
1000.0,1.6,Au,-0.08805309135535194,-8.805309135535195,-0.15653243105488635,0.0,0.14124623425073224,0.0,0.23512070815752426,0.0,0.0022520819401570026,444.03357718426787
1000.0,1.608333333333,Au,-0.08834612003320977,-8.834612003320977,-0.1559463736991707,0.0,0.1428673008509288,0.0,0.23512070815752426,0.0,0.0023040723467332414,434.0141495200094
1000.0,1.616666666667,Au,-0.08864993106616849,-8.864993106616849,-0.15533875163325325,0.0,0.14456766364071932,0.0,0.23512070815752426,0.0,0.0023592434438579222,423.86469382946046
1000.0,1.625,Au,-0.08896457079764156,-8.896457079764156,-0.15470947217030712,0.0,0.14634996727472993,0.0,0.23512070815752426,0.0,0.002417773934787444,413.60359858785307
1000.0,1.633333333333,Au,-0.08928985632183954,-8.928985632183954,-0.15405890112191115,0.0,0.148215679023528,0.0,0.23512070815752426,0.0,0.0024798118327662238,403.25640308139936
1000.0,1.641666666667,Au,-0.08962537746743203,-8.962537746743203,-0.15338785883072617,0.0,0.15016502069313006,0.0,0.23512070815752426,0.0,0.0025454700560488064,392.8547490172582
1000.0,1.65,Au,-0.08997050775445074,-8.997050775445075,-0.15269759825668874,0.0,0.15219694354247432,0.0,0.23512070815752426,0.0,0.0026148229845008165,382.4350657491659
1000.0,1.658333333333,Au,-0.09032442434146733,-9.032442434146732,-0.15198976508265558,0.0,0.1543091515207662,0.0,0.23512070815752426,0.0,0.002687904278053999,372.03705807707723
1000.0,1.666666666667,Au,-0.09068613666132727,-9.068613666132727,-0.1512663404429357,0.0,0.15649817738101487,0.0,0.23512070815752426,0.0,0.002764706286102941,361.70207483760396
1000.0,1.675,Au,-0.09105452312665019,-9.105452312665019,-0.15052956751228985,0.0,0.15875951512091843,0.0,0.23512070815752426,0.0,0.0028451813917039974,351.47143971762506
1000.0,1.683333333333,Au,-0.09142837497873789,-9.142837497873789,-0.14978186380811445,0.0,0.16108781068416794,0.0,0.23512070815752426,0.0,0.002929245626970277,341.3848230386543
1000.0,1.691666666667,Au,-0.09180644606604606,-9.180644606604606,-0.14902572163349811,0.0,0.16347711090076686,0.0,0.23512070815752426,0.0,0.003016784859480711,331.47872539115474
1000.0,1.7,Au,-0.0921875070850617,-9.21875070850617,-0.14826359959546684,0.0,0.16592116830405867,0.0,0.23512070815752426,0.0,0.003107663780041801,321.7851321054265
1000.0,1.708333333333,Au,-0.09257040260342589,-9.257040260342588,-0.14749780855873845,0.0,0.1684137967995027,0.0,0.23512070815752426,0.0,0.0032017378179356824,312.3303833306217
1000.0,1.716666666667,Au,-0.09295410902068574,-9.295410902068573,-0.14673039572421875,0.0,0.17094927031927257,0.0,0.23512070815752426,0.0,0.0032988679742008324,303.1342896474222
1000.0,1.725,Au,-0.09333779151689649,-9.333779151689649,-0.14596303073179726,0.0,0.17352275380221244,0.0,0.23512070815752426,0.0,0.0033989384060961027,294.20950912392783
1000.0,1.733333333333,Au,-0.09372085799488987,-9.372085799488987,-0.1451968977758105,0.0,0.17613075330716912,0.0,0.23512070815752426,0.0,0.0035018764296226913,285.56118986407085
1000.0,1.741666666667,Au,-0.09410300804158099,-9.4103008041581,-0.14443259768242825,0.0,0.17877157005250743,0.0,0.23512070815752426,0.0,0.003607674449528232,277.1868731478163
1000.0,1.75,Au,-0.09448427502203097,-9.448427502203097,-0.1436700637215283,0.0,0.18144574193903906,0.0,0.23512070815752426,0.0,0.003716413198419582,269.0766463818538
1000.0,1.758333333333,Au,-0.09486505957226077,-9.486505957226077,-0.1429084946210687,0.0,0.1841564558211825,0.0,0.23512070815752426,0.0,0.003828285586705413,261.21353210239226
1000.0,1.766666666667,Au,-0.09524615296973915,-9.524615296973915,-0.14214630782611193,0.0,0.18690991454661038,0.0,0.23512070815752426,0.0,0.003943620448324236,253.5740984974683
1000.0,1.775,Au,-0.09562874913225397,-9.562874913225397,-0.1413811155010823,0.0,0.18971564461335091,0.0,0.23512070815752426,0.0,0.0040629055232252725,246.12927725825284
1000.0,1.783333333333,Au,-0.09601444431537572,-9.60144443153757,-0.1406097251348388,0.0,0.19258673305269972,0.0,0.23512070815752426,0.0,0.0041868091450684266,238.84537492660334
1000.0,1.791666666667,Au,-0.09640522393665978,-9.640522393665977,-0.13982816589227068,0.0,0.19553998560479818,0.0,0.23512070815752426,0.0,0.0043162002914131576,231.68526307489594
1000.0,1.8,Au,-0.09680343634405622,-9.680343634405622,-0.1390317410774778,0.0,0.19859600211712553,0.0,0.23512070815752426,0.0,0.004452166885777868,224.60972952169183
1000.0,1.808333333333,Au,-0.09721175375108589,-9.721175375108588,-0.13821510626341846,0.0,0.20177916896078343,0.0,0.23512070815752426,0.0,0.00459603248922295,217.57896671637099
1000.0,1.816666666667,Au,-0.09763312096937718,-9.763312096937717,-0.13737237182683587,0.0,0.205117571733938,0.0,0.23512070815752426,0.0,0.004749371753627905,210.55416418732213
1000.0,1.825,Au,-0.09807069297077275,-9.807069297077275,-0.13649722782404472,0.0,0.20864283428062355,0.0,0.23512070815752426,0.0,0.004914025201099883,203.49915986921977
1000.0,1.833333333333,Au,-0.09852776268969851,-9.852776268969851,-0.1355830883861932,0.0,0.2123898917926022,0.0,0.23512070815752426,0.0,0.005092114016434587,196.3820913617687
1000.0,1.841666666667,Au,-0.09900768081886213,-9.900768081886213,-0.13462325212786597,0.0,0.21639670631024763,0.0,0.23512070815752426,0.0,0.005286055571465704,189.17697449077755
1000.0,1.85,Au,-0.09951376965006636,-9.951376965006636,-0.1336110744654575,0.0,0.22070393228880358,0.0,0.23512070815752426,0.0,0.00549858032959005,181.8651251885149
1000.0,1.858333333333,Au,-0.10004923325274057,-10.004923325274056,-0.1325401472601091,0.0,0.2253545381094608,0.0,0.23512070815752426,0.0,0.00573275059792331,174.43633434223534
1000.0,1.866666666667,Au,-0.10061706645629824,-10.061706645629824,-0.13140448085299375,0.0,0.23039338669243117,0.0,0.23512070815752426,0.0,0.0059919813022482485,166.88970635218612
1000.0,1.875,Au,-0.10121996520671246,-10.121996520671246,-0.1301986833521653,0.0,0.23586677506075418,0.0,0.23512070815752426,0.0,0.006280062561606569,159.2340824936272
1000.0,1.883333333333,Au,-0.10186024089386808,-10.186024089386809,-0.12891813197785407,0.0,0.2418219291543895,0.0,0.23512070815752426,0.0,0.00660118333961704,151.4879906453278
1000.0,1.891666666667,Au,-0.10253974119126476,-10.253974119126475,-0.12755913138306071,0.0,0.24830644681909353,0.0,0.23512070815752426,0.0,0.006959954856127111,143.67909284923914
1000.0,1.9,Au,-0.1032597798196181,-10.325977981961811,-0.12611905412635402,0.0,0.25536767919005926,0.0,0.23512070815752426,0.0,0.007361431769880642,135.84313911479938
1000.0,1.908333333333,Au,-0.10402107743869692,-10.402107743869692,-0.1245964588881964,0.0,0.2630520390549084,0.0,0.23512070815752426,0.0,0.00781112840577726,128.02247614574878
1000.0,1.916666666667,Au,-0.10482371559147471,-10.482371559147472,-0.12299118258264082,0.0,0.2714042246151633,0.0,0.23512070815752426,0.0,0.00831502652536124,120.26419843038994
1000.0,1.925,Au,-0.10566710528603074,-10.566710528603075,-0.12130440319352877,0.0,0.280466348807328,0.0,0.23512070815752426,0.0,0.008879570373321228,112.61806123013693
1000.0,1.933333333333,Au,-0.10654997140723156,-10.654997140723156,-0.11953867095112711,0.0,0.29027696823550114,0.0,0.23512070815752426,0.0,0.009511644038053237,105.13429602698541
1000.0,1.941666666667,Au,-0.1074703537123225,-10.74703537123225,-0.11769790634094522,0.0,0.30087001197728486,0.0,0.23512070815752426,0.0,0.010218525631191307,97.86147592051564
1000.0,1.95,Au,-0.10842562470335504,-10.842562470335505,-0.11578736435888017,0.0,0.3122736191807074,0.0,0.23512070815752426,0.0,0.011007812546410502,90.84457023444556
1000.0,1.958333333333,Au,-0.10941252419160576,-10.941252419160575,-0.11381356538237872,0.0,0.32450890524020587,0.0,0.23512070815752426,0.0,0.011887312246782206,84.12330552439988
1000.0,1.966666666667,Au,-0.11042720988807181,-11.042720988807181,-0.11178419398944663,0.0,0.3375886889850013,0.0,0.23512070815752426,0.0,0.01286489381692645,77.73091750545903
1000.0,1.975,Au,-0.11146532289395367,-11.146532289395367,-0.10970796797768288,0.0,0.351516227129661,0.0,0.23512070815752426,0.0,0.01394829707367256,71.69333967567282
1000.0,1.983333333333,Au,-0.11252206653148457,-11.252206653148457,-0.10759448070262109,0.0,0.36628401608877936,0.0,0.23512070815752426,0.0,0.015144898484394464,66.02883479413318
1000.0,1.991666666667,Au,-0.11359229656106036,-11.359229656106036,-0.10545402064346951,0.0,0.38187273375974534,0.0,0.23512070815752426,0.0,0.016461436554425186,60.74803961937202
1000.0,2.0,Au,0.040131751800831325,4.013175180083133,-0.10329737276974679,0.0,0.3982504035528676,0.0,0.23512070815752426,0.0,0.017903703669091692,55.85436502316355
1000.0,2.000685967104,support,0.04009617047347219,4.009617047347219,-0.10311946613295113,0.0,0.0,0.0,0.0,0.0,0.018028176301418605,55.46872757846903
1000.0,2.002228713697,support,0.040016128802439245,4.001612880243925,-0.1027192577777864,0.0,0.0,0.0,0.0,0.0,0.01831135475130015,54.61092385471903
1000.0,2.004440270443,support,0.039901365548623266,3.9901365548623264,-0.1021454415087065,0.0,0.0,0.0,0.0,0.0,0.018725152699282006,53.40410388420191
1000.0,2.007241112164,support,0.03975604480899181,3.9756044808991806,-0.10141883781054921,0.0,0.0,0.0,0.0,0.0,0.019262574725370647,51.91413994531607
1000.0,2.0105816233,support,0.03958286563296162,3.9582865632961624,-0.10055294193039825,0.0,0.0,0.0,0.0,0.0,0.01992320200609897,50.19273506808173
1000.0,2.014426481232,support,0.03938390770195978,3.9383907701959777,-0.09955815227538906,0.0,0.0,0.0,0.0,0.0,0.020710181575154363,48.28542890225947
1000.0,2.018748648089,support,0.03916097767050573,3.9160977670505726,-0.0984435021181188,0.0,0.0,0.0,0.0,0.0,0.02162897119387864,46.23428414769061
1000.0,2.02352644283,support,0.038915793686603,3.8915793686603,-0.09721758219860518,0.0,0.0,0.0,0.0,0.0,0.02268661553234463,44.07885339152002
1000.0,2.028741905392,support,0.038650099324067204,3.8650099324067204,-0.09588911038592617,0.0,0.0,0.0,0.0,0.0,0.023891202480900823,41.856411404968966
1000.0,2.034379795531,support,0.038365739135504506,3.836573913550451,-0.09446730944311271,0.0,0.0,0.0,0.0,0.0,0.025251359921401186,39.601827509989825
1000.0,2.040426938539,support,0.03806470855920662,3.806470855920662,-0.09296215656162325,0.0,0.0,0.0,0.0,0.0,0.026775726145145527,37.34725977473822
1000.0,2.046871775808,support,0.03774918314124146,3.7749183141241462,-0.09138452947179747,0.0,0.0,0.0,0.0,0.0,0.028472361640363947,35.12177924090239
1000.0,2.0537040438,support,0.03742152856668664,3.742152856668664,-0.08974625659902337,0.0,0.0,0.0,0.0,0.0,0.030348093983739947,32.950998521877025
1000.0,2.060914537357,support,0.037084291447238425,3.7084291447238424,-0.08806007100178231,0.0,0.0,0.0,0.0,0.0,0.03240781060600249,30.856758951028382
1000.0,2.06849493058,support,0.036740170299053444,3.6740170299053445,-0.08633946526085738,0.0,0.0,0.0,0.0,0.0,0.03465373963111623,28.856914452663617
1000.0,2.076437638267,support,0.03639196631908584,3.639196631908584,-0.08459844536101938,0.0,0.0,0.0,0.0,0.0,0.03708478677839396,26.96523525875068
1000.0,2.084735706691,support,0.03604251427566681,3.604251427566681,-0.0828511851439242,0.0,0.0,0.0,0.0,0.0,0.03969602372316642,25.191440003508575
1000.0,2.09338272612,support,0.035694594981427206,3.5694594981427206,-0.08111158867272619,0.0,0.0,0.0,0.0,0.0,0.04247844502640643,23.54135136957949
1000.0,2.102372759746,support,0.035350832339665336,3.5350832339665335,-0.07939277546391685,0.0,0.0,0.0,0.0,0.0,0.04541911937601268,22.017159595747966
1000.0,2.111700285226,support,0.03501357974021341,3.5013579740213405,-0.07770651246665722,0.0,0.0,0.0,0.0,0.0,0.048501848457250536,20.617770905811945
1000.0,2.121360146071,support,0.034684802486042936,3.4684802486042936,-0.07606262619580484,0.0,0.0,0.0,0.0,0.0,0.05170840697171763,19.339215005153008
1000.0,2.131347510824,support,0.034365964762675325,3.4365964762675323,-0.07446843757896679,0.0,0.0,0.0,0.0,0.0,0.055020368559963555,18.17508726627589
1000.0,2.141657838467,support,0.0340579311761081,3.40579311761081,-0.07292826964613067,0.0,0.0,0.0,0.0,0.0,0.058421430426170935,17.1170064256426
1000.0,2.152286848887,support,0.03376089380272919,3.376089380272919,-0.07144308277923611,0.0,0.0,0.0,0.0,0.0,0.0619000484059727,16.155076219674015
1000.0,2.163230497467,support,0.03347433572882327,3.3474335728823275,-0.07001029240970655,0.0,0.0,0.0,0.0,0.0,0.06545210445021982,15.278347555051633
1000.0,2.174484953082,support,0.03319704093590752,3.3197040935907522,-0.06862381844512778,0.0,0.0,0.0,0.0,0.0,0.06908327163585629,14.475284339037731
1000.0,2.186046578934,support,0.03292715791218016,3.2927157912180163,-0.06727440332649097,0.0,0.0,0.0,0.0,0.0,0.07281073352178417,13.734238780890882
1000.0,2.197911915763,support,0.03266232045715974,3.266232045715974,-0.06595021605138891,0.0,0.0,0.0,0.0,0.0,0.07666395853454167,13.04393901796032
1000.0,2.210077667064,support,0.03239982388339815,3.239982388339815,-0.06463773318258093,0.0,0.0,0.0,0.0,0.0,0.08068431548048687,12.39398257325298
1000.0,2.222540686008,support,0.03213684850903751,3.213684850903751,-0.06332285631077772,0.0,0.0,0.0,0.0,0.0,0.08492342222185924,11.775314440196931
1000.0,2.235297963822,support,0.03187071551908409,3.1870715519084087,-0.06199219136101061,0.0,0.0,0.0,0.0,0.0,0.0894402237612573,11.180651813543076
1000.0,2.248346619417,support,0.03159915372645256,3.1599153726452562,-0.060634382397852994,0.0,0.0,0.0,0.0,0.0,0.0942968859552794,10.604804070351308
1000.0,2.261683890109,support,0.031320550446160215,3.1320550446160214,-0.059241365996391265,0.0,0.0,0.0,0.0,0.0,0.09955367219216105,10.044832882405125
1000.0,2.275307123267,support,0.031034156662463404,3.1034156662463404,-0.05780939707790719,0.0,0.0,0.0,0.0,0.0,0.10526306642131689,9.500008255483325
1000.0,2.289213768786,support,0.030740216919279074,3.0740216919279075,-0.05633969836198555,0.0,0.0,0.0,0.0,0.0,0.1114635498659867,8.971542725871428
1000.0,2.303401372278,support,0.030439998673989978,3.043999867398998,-0.05483860713554007,0.0,0.0,0.0,0.0,0.0,0.11817365315562595,8.462123098480117
1000.0,2.317867568895,support,0.030135704563399188,3.013570456339919,-0.053317136582586105,0.0,0.0,0.0,0.0,0.0,0.12538717727271304,7.975297169542565
1000.0,2.332610077702,support,0.029830263863833608,2.9830263863833606,-0.051789933084758204,0.0,0.0,0.0,0.0,0.0,0.1330707334549894,7.514800392516402
1000.0,2.347626696552,support,0.029527015358956844,2.9527015358956845,-0.05027369056037439,0.0,0.0,0.0,0.0,0.0,0.14116485743766824,7.083916054968235
1000.0,2.362915297393,support,0.029229311050187435,2.9229311050187436,-0.04878516901652736,0.0,0.0,0.0,0.0,0.0,0.1495897358343695,6.684950637971791
1000.0,2.378473821971,support,0.028940086160766623,2.894008616076662,-0.04733904456942327,0.0,0.0,0.0,0.0,0.0,0.15825591059453467,6.318879315427823
1000.0,2.394300277874,support,0.028661452789106256,2.8661452789106256,-0.04594587771112147,0.0,0.0,0.0,0.0,0.0,0.1670792115712346,5.985185054417424
1000.0,2.410392734897,support,0.02839437946177524,2.839437946177524,-0.04461051107446636,0.0,0.0,0.0,0.0,0.0,0.17599783539938488,5.681888062604519
1000.0,2.426749321688,support,0.02813851439394087,2.813851439394087,-0.04333118573529452,0.0,0.0,0.0,0.0,0.0,0.18498836561434134,5.4057453650072915
1000.0,2.443368222641,support,0.02789219532304481,2.789219532304481,-0.04209959038081425,0.0,0.0,0.0,0.0,0.0,0.19407708132538617,5.15259191436117
1000.0,2.460247675029,support,0.02765266388506899,2.765266388506899,-0.04090193319093513,0.0,0.0,0.0,0.0,0.0,0.20334340745870752,4.9177891356181185
1000.0,2.477385966332,support,0.027416470235526937,2.7416470235526935,-0.03972096494322484,0.0,0.0,0.0,0.0,0.0,0.2129137372203402,4.696737810605052
1000.0,2.494781431768,support,0.027180018588210064,2.7180018588210064,-0.038538706706640495,0.0,0.0,0.0,0.0,0.0,0.22294569298076858,4.48539725809487
1000.0,2.512432451983,support,0.026940172746164004,2.6940172746164004,-0.03733947749641019,0.0,0.0,0.0,0.0,0.0,0.2336046690012651,4.280736358033086
1000.0,2.530337450904,support,0.026694819373763126,2.669481937376313,-0.036112710634405805,0.0,0.0,0.0,0.0,0.0,0.24503588573201418,4.081034894185497
1000.0,2.548494893733,support,0.026443281891918736,2.6443281891918735,-0.034855023225183863,0.0,0.0,0.0,0.0,0.0,0.25733616282842997,3.8859676347420926
1000.0,2.566903285074,support,0.026186493472754625,2.6186493472754626,-0.0335710811293633,0.0,0.0,0.0,0.0,0.0,0.2705303488127449,3.6964429476715672
1000.0,2.585561167177,support,0.025926874082097796,2.5926874082097795,-0.032272984176079156,0.0,0.0,0.0,0.0,0.0,0.2845578452967214,3.514223967212201
1000.0,2.604467118291,support,0.02566790976872585,2.5667909768725847,-0.030978162609219432,0.0,0.0,0.0,0.0,0.0,0.29927451701987484,3.3414137961288226
1000.0,2.623619751122,support,0.025413493737503557,2.541349373750356,-0.029706082453107963,0.0,0.0,0.0,0.0,0.0,0.31447367108680746,3.1799164506969473
1000.0,2.643017711384,support,0.02516714590791624,2.516714590791624,-0.028474343305171367,0.0,0.0,0.0,0.0,0.0,0.329926013478243,3.0309825813900093
1000.0,2.662659676431,support,0.02493126697822487,2.493126697822487,-0.027294948656714533,0.0,0.0,0.0,0.0,0.0,0.3454327671398102,2.89491934502919
1000.0,2.682544353976,support,0.024706592447861647,2.4706592447861646,-0.026171576004898403,0.0,0.0,0.0,0.0,0.0,0.36088016267092493,2.7710029628640687
1000.0,2.702670480875,support,0.02449198453847495,2.449198453847495,-0.02509853645796492,0.0,0.0,0.0,0.0,0.0,0.3762800645385644,2.6575949518513795
1000.0,2.723036821989,support,0.024284636259561183,2.4284636259561183,-0.024061795063396094,0.0,0.0,0.0,0.0,0.0,0.39178292397971526,2.5524338576118635
1000.0,2.743642169098,support,0.0240806720025043,2.40806720025043,-0.023041973778111683,0.0,0.0,0.0,0.0,0.0,0.40765580265803925,2.4530498363563016
1000.0,2.764485339887,support,0.02387603153595162,2.387603153595162,-0.022018771445348268,0.0,0.0,0.0,0.0,0.0,0.4242276167598376,2.357225132200945
1000.0,2.785565176974,support,0.02366744290410467,2.366744290410467,-0.020975828286113517,0.0,0.0,0.0,0.0,0.0,0.4418126233867083,2.263402961043789
1000.0,2.806880546994,support,0.02345324811645038,2.345324811645038,-0.019904854347842078,0.0,0.0,0.0,0.0,0.0,0.46062911490168373,2.1709439712976875
1000.0,2.828430339737,support,0.023233860544541778,2.323386054454178,-0.018807916488299062,0.0,0.0,0.0,0.0,0.0,0.4807328218091465,2.0801575316548813
1000.0,2.850213467317,support,0.02301170869435535,2.301170869435535,-0.017697157237366923,0.0,0.0,0.0,0.0,0.0,0.5019840563184,1.992095142092953
1000.0,2.872228863394,support,0.022790645197202683,2.279064519720268,-0.0165918397516036,0.0,0.0,0.0,0.0,0.0,0.5240636494178581,1.9081651648818285
1000.0,2.894475482431,support,0.022574944293719642,2.257494429371964,-0.015513335234188373,0.0,0.0,0.0,0.0,0.0,0.5465434139368236,1.8296808167476932
1000.0,2.916952298981,support,0.022368137179489593,2.236813717948959,-0.01447929966303814,0.0,0.0,0.0,0.0,0.0,0.5690012170014356,1.7574654853461888
1000.0,2.939658307022,support,0.02217200306668088,2.217200306668088,-0.013498629098994578,0.0,0.0,0.0,0.0,0.0,0.5911520075813613,1.691612287829993
1000.0,2.962592519309,support,0.021986016668222672,2.198601666822267,-0.012568697106703533,0.0,0.0,0.0,0.0,0.0,0.6129527621496395,1.6314470898099505
1000.0,2.985753966763,support,0.021807443966230355,2.1807443966230355,-0.011675833596741951,0.0,0.0,0.0,0.0,0.0,0.6346406833616871,1.5756947611725856
1000.0,3.009141697894,support,0.021632099225348696,2.1632099225348695,-0.01079910989233365,0.0,0.0,0.0,0.0,0.0,0.6566831014083564,1.5228045275648916
1000.0,3.032754778235,support,0.021455574363979584,2.1455574363979584,-0.009916485585488093,0.0,0.0,0.0,0.0,0.0,0.6796472571718386,1.4713514833580281
1000.0,3.056592289818,support,0.021274588457026233,2.1274588457026233,-0.009011556050721332,0.0,0.0,0.0,0.0,0.0,0.7040257475333621,1.4204025967851586
1000.0,3.080653330661,support,0.0210880380523635,2.10880380523635,-0.008078804027407668,0.0,0.0,0.0,0.0,0.0,0.7300692806841482,1.3697330191223764
1000.0,3.104937014285,support,0.020897392025770557,2.089739202577056,-0.007125573894442956,0.0,0.0,0.0,0.0,0.0,0.7576802230152359,1.3198180045144077
1000.0,3.129442469246,support,0.020706262409897765,2.0706262409897764,-0.006169925815078992,0.0,0.0,0.0,0.0,0.0,0.7864094478459819,1.2716022203688604
1000.0,3.15416883869,support,0.02051924580737638,2.051924580737638,-0.00523484280247208,0.0,0.0,0.0,0.0,0.0,0.8155745754351154,1.2261294431186653
1000.0,3.179115279929,support,0.020340386239941628,2.034038623994163,-0.004340544965298313,0.0,0.0,0.0,0.0,0.0,0.8444789718536507,1.1841621086253658
1000.0,3.204280964028,support,0.020171768496427857,2.0171768496427855,-0.0034974562477294562,0.0,0.0,0.0,0.0,0.0,0.8726657004847326,1.1459141793295395
1000.0,3.229665075417,support,0.020012743383031193,2.0012743383031193,-0.0027023306807461445,0.0,0.0,0.0,0.0,0.0,0.9001103966966854,1.1109748356089424
1000.0,3.255266811511,support,0.019860096866491483,1.9860096866491483,-0.001939098098047605,0.0,0.0,0.0,0.0,0.0,0.9272658100609473,1.0784394174247318
1000.0,3.281085382349,support,0.019709153761389386,1.9709153761389386,-0.001184382572537093,0.0,0.0,0.0,0.0,0.0,0.9549236901815705,1.0472040962873783
1000.0,3.307120010248,support,0.019555459537197003,1.9555459537197002,-0.0004159114515751916,0.0,0.0,0.0,0.0,0.0,0.9839334729305026,1.016328875387932
1000.0,3.333369929471,support,0.01939644057138484,1.9396440571384839,0.0003791833774856375,0.0,0.0,0.0,0.0,0.0,1.0148762441286336,0.9853418146156271
1000.0,3.359834385901,support,0.019232409033752947,1.9232409033752946,0.0011993410656450899,0.0,0.0,0.0,0.0,0.0,1.04781430611355,0.9543675765499917
1000.0,3.386512636738,support,0.01906648903898092,1.906648903898092,0.002028941039505216,0.0,0.0,0.0,0.0,0.0,1.0822192555896895,0.9240271736387751
1000.0,3.4134039502,support,0.018903437255557713,1.8903437255557713,0.002844199956621256,0.0,0.0,0.0,0.0,0.0,1.117129811455718,0.8951511182902838
1000.0,3.440507605235,support,0.01874777235330567,1.874777235330567,0.0036225244678814734,0.0,0.0,0.0,0.0,0.0,1.1515090575953097,0.868425648416778
1000.0,3.467822891249,support,0.01860193671623547,1.860193671623547,0.00435170265323248,0.0,0.0,0.0,0.0,0.0,1.1846767601284842,0.8441121102869824
1000.0,3.495349107838,support,0.018465248595783728,1.8465248595783728,0.005035143255491172,0.0,0.0,0.0,0.0,0.0,1.2166308504495296,0.821942004536966
1000.0,3.523085564535,support,0.018334121418711883,1.8334121418711884,0.005690779140850412,0.0,0.0,0.0,0.0,0.0,1.2480946526681955,0.8012212838683227
1000.0,3.551031580561,support,0.018203519081672462,1.8203519081672461,0.006343790826047504,0.0,0.0,0.0,0.0,0.0,1.280241312316201,0.7811027424125292
1000.0,3.579186484587,support,0.018069080870090792,1.8069080870090792,0.007015981883955859,0.0,0.0,0.0,0.0,0.0,1.3141971799488645,0.7609208231894928
1000.0,3.607549614505,support,0.01792902072215028,1.7929020722150282,0.007716282623658419,0.0,0.0,0.0,0.0,0.0,1.3505312581430196,0.7404493557409401
1000.0,3.636120317209,support,0.017784949622347248,1.7784949622347248,0.008436638122673595,0.0,0.0,0.0,0.0,0.0,1.3889542271580058,0.7199661302346438
1000.0,3.664897948376,support,0.017641201848882914,1.7641201848882915,0.009155376989995244,0.0,0.0,0.0,0.0,0.0,1.4283804102368303,0.7000936115010123
1000.0,3.69388187226,support,0.01750290285510186,1.750290285510186,0.00984687195890052,0.0,0.0,0.0,0.0,0.0,1.4673680674182528,0.6814922732777201
1000.0,3.723071461496,support,0.01737361309323194,1.7373613093231939,0.01049332076825013,0.0,0.0,0.0,0.0,0.0,1.5047778210403266,0.6645499328988321
1000.0,3.752466096902,support,0.017253630883709858,1.7253630883709858,0.011093231815860525,0.0,0.0,0.0,0.0,0.0,1.540347156364014,0.6492043016851459
1000.0,3.782065167295,support,0.017139788353724435,1.7139788353724434,0.011662444465787658,0.0,0.0,0.0,0.0,0.0,1.5748733799359471,0.6349716826381762
1000.0,3.811868069308,support,0.017026904264489186,1.7026904264489187,0.012226864911963894,0.0,0.0,0.0,0.0,0.0,1.609873024183945,0.6211670019794925
1000.0,3.841874207216,support,0.01691025855391248,1.6910258553912478,0.012810093464847423,0.0,0.0,0.0,0.0,0.0,1.6468562928783586,0.607217523668814
1000.0,3.872082992765,support,0.01678791195875532,1.6787911958755322,0.013421826440633219,0.0,0.0,0.0,0.0,0.0,1.6865603117567332,0.5929227629923255
1000.0,3.902493845011,support,0.016661704960311784,1.6661704960311785,0.01405286143285089,0.0,0.0,0.0,0.0,0.0,1.7285203694360523,0.5785294854964657
1000.0,3.933106190157,support,0.01653637471423546,1.6536374714235458,0.014679512663232525,0.0,0.0,0.0,0.0,0.0,1.7712219483829086,0.564581983027582
1000.0,3.963919461401,support,0.016417164075433997,1.6417164075433996,0.015275565857239845,0.0,0.0,0.0,0.0,0.0,1.812817009124708,0.5516276573788522
1000.0,3.994933098786,support,0.016307101562309075,1.6307101562309074,0.015825878422864446,0.0,0.0,0.0,0.0,0.0,1.8520868293254267,0.5399314892618848
1000.0,4.026146549056,support,0.016205368417755744,1.6205368417755746,0.01633454414563109,0.0,0.0,0.0,0.0,0.0,1.8891409010471552,0.5293411409629095
1000.0,4.057559265513,support,0.016107665633009343,1.6107665633009343,0.016823058069363104,0.0,0.0,0.0,0.0,0.0,1.925424675182574,0.5193659419084661
1000.0,4.089170707885,support,0.016008463347664377,1.6008463347664377,0.017319069496087934,0.0,0.0,0.0,0.0,0.0,1.9629783963105756,0.5094299569875569
1000.0,4.120980342187,support,0.015903980964014103,1.5903980964014104,0.0178414814143393,0.0,0.0,0.0,0.0,0.0,2.0033231762207246,0.4991705840924294
1000.0,4.1529876406,support,0.015794282465912652,1.5794282465912652,0.01838997390484657,0.0,0.0,0.0,0.0,0.0,2.0465747357053337,0.48862129613622873
1000.0,4.185192081342,support,0.015683282770838906,1.5683282770838907,0.01894497238021529,0.0,0.0,0.0,0.0,0.0,2.0912898847782,0.47817378512594816
1000.0,4.217593148546,support,0.015576581190021388,1.5576581190021388,0.019478480284302876,0.0,0.0,0.0,0.0,0.0,2.1351942804212163,0.4683414568732953
1000.0,4.250190332145,support,0.015478277413371367,1.5478277413371366,0.019969999167552994,0.0,0.0,0.0,0.0,0.0,2.176458558754016,0.45946199893302
1000.0,4.282983127759,support,0.015388572367889587,1.5388572367889586,0.02041852439496189,0.0,0.0,0.0,0.0,0.0,2.2148089010147802,0.45150622229386045
1000.0,4.315971036577,support,0.01530358613706494,1.530358613706494,0.02084345554908513,0.0,0.0,0.0,0.0,0.0,2.2517650502628594,0.4440960658321192
1000.0,4.349153565256,support,0.015217582587117634,1.5217582587117635,0.021273473298821646,0.0,0.0,0.0,0.0,0.0,2.28979138522971,0.43672100718453916
1000.0,4.382530225814,support,0.015126358357779854,1.5126358357779854,0.021729594445510553,0.0,0.0,0.0,0.0,0.0,2.3308280932708603,0.429032069283452
1000.0,4.416100535526,support,0.015029788990900099,1.50297889909001,0.022212441279909335,0.0,0.0,0.0,0.0,0.0,2.3750709045662566,0.42104006161560187
1000.0,4.449864016827,support,0.01493194515592109,1.4931945155921091,0.02270166045480438,0.0,0.0,0.0,0.0,0.0,2.4207541753447948,0.4130944026390318
1000.0,4.483820197211,support,0.014838620706985701,1.4838620706985701,0.023168282699481325,0.0,0.0,0.0,0.0,0.0,2.4651458558240584,0.40565551025609237
1000.0,4.517968609143,support,0.014753725999870838,1.4753725999870837,0.02359275623505563,0.0,0.0,0.0,0.0,0.0,2.506234445788246,0.3990049700579732
1000.0,4.552308789963,support,0.01467678481103914,1.467678481103914,0.023977462179214114,0.0,0.0,0.0,0.0,0.0,2.5440648877096645,0.3930717352497507
1000.0,4.586840281799,support,0.014603170815329615,1.4603170815329616,0.024345532157761758,0.0,0.0,0.0,0.0,0.0,2.5807938263189443,0.38747767830269764
1000.0,4.621562631476,support,0.014527024893198778,1.4527024893198779,0.024726261768415924,0.0,0.0,0.0,0.0,0.0,2.6193440657634035,0.381774969188155
1000.0,4.656475390439,support,0.014445042528533781,1.444504252853378,0.025136173591740925,0.0,0.0,0.0,0.0,0.0,2.6614930894499196,0.3757289485229064
1000.0,4.691578114661,support,0.01435866597084258,1.435866597084258,0.025568056380196925,0.0,0.0,0.0,0.0,0.0,2.7066352216685035,0.3694624203491857
1000.0,4.726870364571,support,0.014273169264171973,1.4273169264171972,0.025995539913549952,0.0,0.0,0.0,0.0,0.0,2.7520714886157567,0.3633626539632451
1000.0,4.762351704969,support,0.01419414870938397,1.419414870938397,0.02639064268748997,0.0,0.0,0.0,0.0,0.0,2.7947440543236115,0.35781451916963525
1000.0,4.798021704956,support,0.014123717179764446,1.4123717179764446,0.026742800335587593,0.0,0.0,0.0,0.0,0.0,2.8333357701171136,0.352940872926849
1000.0,4.833879937852,support,0.014059003062972737,1.4059003062972737,0.027066370919546147,0.0,0.0,0.0,0.0,0.0,2.8692643229247388,0.34852139344926786
1000.0,4.869925981131,support,0.013994067695644048,1.3994067695644048,0.027391047756189592,0.0,0.0,0.0,0.0,0.0,2.9057736548452544,0.3441424277257598
1000.0,4.906159416345,support,0.013924008599511296,1.3924008599511297,0.02774134323685335,0.0,0.0,0.0,0.0,0.0,2.9456849163588483,0.3394796213425626
1000.0,4.942579829056,support,0.013848418586012507,1.3848418586012508,0.02811929330434729,0.0,0.0,0.0,0.0,0.0,2.9893620640473104,0.3345195324537221
1000.0,4.979186808768,support,0.013771713013720667,1.3771713013720666,0.02850282116580649,0.0,0.0,0.0,0.0,0.0,3.0343458779380588,0.3295603204864483
1000.0,5.015979948865,support,0.013699992486876417,1.3699992486876418,0.028861423800027743,0.0,0.0,0.0,0.0,0.0,3.0770183800428104,0.32498993391976005
1000.0,5.05295884654,support,0.01363661592229523,1.363661592229523,0.02917830662293368,0.0,0.0,0.0,0.0,0.0,3.1152255406130904,0.321004045120661
1000.0,5.090123102738,support,0.013579694379129526,1.3579694379129525,0.0294629143387622,0.0,0.0,0.0,0.0,0.0,3.14994545727252,0.31746581442901606
1000.0,5.127472322092,support,0.013523420611705306,1.3523420611705306,0.029744283175883283,0.0,0.0,0.0,0.0,0.0,3.1846506211305794,0.3140061874809335
1000.0,5.165006112864,support,0.013462354636985514,1.3462354636985514,0.030049613049482258,0.0,0.0,0.0,0.0,0.0,3.2227439716311195,0.3102945839951017
1000.0,5.202724086885,support,0.01339551794766546,1.3395517947665458,0.030383796496082534,0.0,0.0,0.0,0.0,0.0,3.264959606437889,0.30628250286104225
1000.0,5.240625859499,support,0.013327171755586197,1.3327171755586196,0.030725527456478847,0.0,0.0,0.0,0.0,0.0,3.308700604729369,0.3022334503673818
1000.0,5.278711049509,support,0.013263584396639445,1.3263584396639445,0.031043464251212606,0.0,0.0,0.0,0.0,0.0,3.349922045626403,0.29851440910560345
1000.0,5.316979279117,support,0.01320817972592024,1.320817972592024,0.031320487604808635,0.0,0.0,0.0,0.0,0.0,3.3862573948946135,0.29531127831796783
1000.0,5.355430173878,support,0.013158817586667619,1.315881758666762,0.03156729830107173,0.0,0.0,0.0,0.0,0.0,3.4189618014841643,0.29248644999950046
1000.0,5.394063362642,support,0.013109414496134132,1.310941449613413,0.03181431375373916,0.0,0.0,0.0,0.0,0.0,3.452009592466178,0.28968633290661916
1000.0,5.432878477505,support,0.013054735479400743,1.3054735479400743,0.032087708837406116,0.0,0.0,0.0,0.0,0.0,3.488959232614212,0.28661842495955986
1000.0,5.471875153757,support,0.012994594284396027,1.2994594284396028,0.032388414812429676,0.0,0.0,0.0,0.0,0.0,3.530056869867861,0.28328155518849546
1000.0,5.51105302984,support,0.012934040385726854,1.2934040385726855,0.032691184305775556,0.0,0.0,0.0,0.0,0.0,3.571925639845559,0.279961035259188
1000.0,5.550411747292,support,0.01287926976274938,1.287926976274938,0.03296503742066293,0.0,0.0,0.0,0.0,0.0,3.610223234055578,0.27699118175488574
1000.0,5.589950950704,support,0.012832515852268267,1.2832515852268267,0.03319880697306849,0.0,0.0,0.0,0.0,0.0,3.6432399503694604,0.274480960250392
1000.0,5.629670287675,support,0.0127901429959834,1.27901429959834,0.03341067125449281,0.0,0.0,0.0,0.0,0.0,3.6734236094854356,0.27222561466034617
1000.0,5.669569408766,support,0.012745627400670718,1.2745627400670718,0.03363324923105623,0.0,0.0,0.0,0.0,0.0,3.7054030084997347,0.26987617749165854
1000.0,5.709647967456,support,0.012695033572465625,1.2695033572465624,0.0338862183720817,0.0,0.0,0.0,0.0,0.0,3.742087076402173,0.2672305533203811
1000.0,5.749905620102,support,0.01264038049901769,1.264038049901769,0.03415948373932137,0.0,0.0,0.0,0.0,0.0,3.7821225437943453,0.2644017977790768
1000.0,5.790342025893,support,0.012587947382251212,1.2587947382251212,0.034421649323153766,0.0,0.0,0.0,0.0,0.0,3.820934333242757,0.26171609161137255
1000.0,5.83095684681,support,0.01254285717167248,1.254285717167248,0.034647100376047436,0.0,0.0,0.0,0.0,0.0,3.854629163129003,0.25942832829818785
1000.0,5.871749747587,support,0.012504577649674182,1.2504577649674182,0.034838497986038906,0.0,0.0,0.0,0.0,0.0,3.8834676306940086,0.2575018244252216
1000.0,5.912720395673,support,0.01246732844683044,1.2467328446830441,0.03502474400025762,0.0,0.0,0.0,0.0,0.0,3.911737000364172,0.2556409083501531
1000.0,5.953868461189,support,0.012425156216423776,1.2425156216423776,0.03523560515229094,0.0,0.0,0.0,0.0,0.0,3.9439910385522863,0.2535502718502799
1000.0,5.995193616893,support,0.012377249818137495,1.2377249818137495,0.03547513714372234,0.0,0.0,0.0,0.0,0.0,3.9809534353790297,0.2511961057150092
1000.0,6.036695538145,support,0.012328703690126747,1.2328703690126748,0.035717867783776086,0.0,0.0,0.0,0.0,0.0,4.018762807992924,0.24883279949020587
1000.0,6.078373902865,support,0.012285922792454091,1.2285922792454091,0.03593177227213937,0.0,0.0,0.0,0.0,0.0,4.052379572826116,0.24676859164567433
1000.0,6.120228391502,support,0.012250751439523174,1.2250751439523173,0.03610762903679395,0.0,0.0,0.0,0.0,0.0,4.080227359610657,0.2450843817917593
1000.0,6.162258686998,support,0.012218720296552294,1.2218720296552295,0.03626778475164835,0.0,0.0,0.0,0.0,0.0,4.105755276235605,0.24356054677395628
1000.0,6.204464474755,support,0.012183142908628415,1.2183142908628415,0.03644567169126775,0.0,0.0,0.0,0.0,0.0,4.134296710907161,0.24187910784482056
1000.0,6.246845442597,support,0.012141357361224504,1.2141357361224503,0.036654599428287304,0.0,0.0,0.0,0.0,0.0,4.168072013068209,0.239919079340445
1000.0,6.289401280741,support,0.012097262428775311,1.209726242877531,0.03687507409053327,0.0,0.0,0.0,0.0,0.0,4.204013263499907,0.23786794601296862
1000.0,6.332131681767,support,0.012057645203957463,1.2057645203957463,0.03707316021462251,0.0,0.0,0.0,0.0,0.0,4.236569022888641,0.2360400584995462
1000.0,6.37503634058,support,0.012025680435967032,1.2025680435967032,0.03723298405457466,0.0,0.0,0.0,0.0,0.0,4.263019993120228,0.2345754891165948
1000.0,6.418114954382,support,0.011997822256764963,1.1997822256764963,0.037372274950585004,0.0,0.0,0.0,0.0,0.0,4.286207393265896,0.23330648945524896
1000.0,6.461367222645,support,0.011967193967162405,1.1967193967162404,0.0375254163985978,0.0,0.0,0.0,0.0,0.0,4.311846041456055,0.23191922679649132
1000.0,6.504792847075,support,0.011930297077475966,1.1930297077475966,0.03770990084702999,0.0,0.0,0.0,0.0,0.0,4.342935813752349,0.2302589867511737
1000.0,6.548391531588,support,0.011890482417747183,1.1890482417747184,0.03790897414567391,0.0,0.0,0.0,0.0,0.0,4.376735640992074,0.22848078614438094
1000.0,6.592162982277,support,0.011854654627035239,1.185465462703524,0.03808811309923363,0.0,0.0,0.0,0.0,0.0,4.4073757019441295,0.2268923884929737
1000.0,6.636106907387,support,0.011826364906620916,1.1826364906620916,0.038229561701305245,0.0,0.0,0.0,0.0,0.0,4.431720655542111,0.22564599119067782
1000.0,6.680223017286,support,0.011802189586605073,1.1802189586605072,0.03835043830138446,0.0,0.0,0.0,0.0,0.0,4.45263145889887,0.2245862944712021
1000.0,6.724511024437,support,0.011775150471136439,1.177515047113644,0.03848563387872763,0.0,0.0,0.0,0.0,0.0,4.476136257138535,0.22340696139560134
1000.0,6.768970643374,support,0.011741825405520627,1.1741825405520627,0.03865225920680669,0.0,0.0,0.0,0.0,0.0,4.505276130005336,0.221961977722066
1000.0,6.813601590671,support,0.011705892158002837,1.1705892158002837,0.038831925444395635,0.0,0.0,0.0,0.0,0.0,4.536909220806563,0.2204143727218377
1000.0,6.858403584923,support,0.011674347498713425,1.1674347498713424,0.0389896487408427,0.0,0.0,0.0,0.0,0.0,4.564861930422124,0.21906467604980281
1000.0,6.903376346714,support,0.011650201876592619,1.1650201876592619,0.03911037685144673,0.0,0.0,0.0,0.0,0.0,4.5863744311419765,0.2180371478634392
1000.0,6.948519598597,support,0.011629271174678624,1.1629271174678624,0.0392150303610167,0.0,0.0,0.0,0.0,0.0,4.605104618377632,0.21715033270021517
1000.0,6.993833065067,support,0.011604553820947291,1.1604553820947292,0.03933861712967337,0.0,0.0,0.0,0.0,0.0,4.6273218794756,0.21610772408884746
1000.0,7.039316472539,support,0.011573675983822416,1.1573675983822416,0.03949300631529774,0.0,0.0,0.0,0.0,0.0,4.655227156708098,0.21481228871055585
1000.0,7.084969549321,support,0.011541463335152165,1.1541463335152164,0.039654069558649,0.0,0.0,0.0,0.0,0.0,4.684518114250321,0.21346912865124726
1000.0,7.130792025595,support,0.011514756462853432,1.1514756462853433,0.03978760392014266,0.0,0.0,0.0,0.0,0.0,4.708942361574948,0.21236191127757634
1000.0,7.176783633394,support,0.011494962284904863,1.1494962284904864,0.03988657480988551,0.0,0.0,0.0,0.0,0.0,4.7271268704774085,0.2115449886156761
1000.0,7.222944106574,support,0.011476466135935033,1.1476466135935033,0.039979055554734653,0.0,0.0,0.0,0.0,0.0,4.744182367791593,0.2107844771712471
1000.0,7.269273180801,support,0.011452774491340544,1.1452774491340543,0.0400975137777071,0.0,0.0,0.0,0.0,0.0,4.766118609657826,0.20981433361176735
1000.0,7.315770593521,support,0.011423714228148337,1.1423714228148336,0.04024281509366814,0.0,0.0,0.0,0.0,0.0,4.793164247144525,0.20863044711971618
1000.0,7.362436083946,support,0.011395655780074364,1.1395655780074363,0.04038310733403801,0.0,0.0,0.0,0.0,0.0,4.81942313887692,0.20749371266724506
1000.0,7.409269393026,support,0.011374373148885073,1.1374373148885073,0.04048952048998446,0.0,0.0,0.0,0.0,0.0,4.83943668685257,0.20663561995071192
1000.0,7.456270263436,support,0.011358489331760648,1.1358489331760648,0.04056893957560658,0.0,0.0,0.0,0.0,0.0,4.854427493002286,0.2059975149369337
1000.0,7.50343843955,support,0.011340993448258674,1.1340993448258674,0.04065641899311645,0.0,0.0,0.0,0.0,0.0,4.870993482937371,0.20529692833770058
1000.0,7.550773667422,support,0.011317241919098872,1.1317241919098873,0.04077517663891546,0.0,0.0,0.0,0.0,0.0,4.893573137822884,0.20434965859014276
1000.0,7.598275694772,support,0.011290324928852166,1.1290324928852167,0.040909761590148995,0.0,0.0,0.0,0.0,0.0,4.919288622210482,0.20328142477451344
1000.0,7.645944270959,support,0.011267511594858474,1.1267511594858475,0.041023828260117454,0.0,0.0,0.0,0.0,0.0,4.9411894000440135,0.20238042281704333
1000.0,7.693779146967,support,0.011251765412913062,1.1251765412913062,0.04110255916984452,0.0,0.0,0.0,0.0,0.0,4.956362567170988,0.2017608652408946
1000.0,7.741780075387,support,0.01123822373052738,1.1238223730527381,0.041170267581772925,0.0,0.0,0.0,0.0,0.0,4.9694487176883255,0.20122956424534294
1000.0,7.789946810394,support,0.011219900836336722,1.1219900836336723,0.04126188205272621,0.0,0.0,0.0,0.0,0.0,4.987210263948176,0.2005129014168213
1000.0,7.838279107735,support,0.011195987816918562,1.1195987816918562,0.041381447149817015,0.0,0.0,0.0,0.0,0.0,5.010486197276193,0.1995814299505747
1000.0,7.886776724707,support,0.011172847261166933,1.1172847261166934,0.04149714992857516,0.0,0.0,0.0,0.0,0.0,5.033113666238482,0.19868416775640874
1000.0,7.935439420143,support,0.01115637238936533,1.115637238936533,0.04157952428758318,0.0,0.0,0.0,0.0,0.0,5.049285493137107,0.1980478230750036
1000.0,7.984266954391,support,0.01114482734909545,1.114482734909545,0.04163724948893257,0.0,0.0,0.0,0.0,0.0,5.06064912463209,0.1976031088843173
1000.0,8.033259089301,support,0.011130915868265605,1.1130915868265605,0.041706806893081795,0.0,0.0,0.0,0.0,0.0,5.074375992428039,0.19706856596598193
1000.0,8.082415588206,support,0.01111069993112805,1.111069993112805,0.041807886578769576,0.0,0.0,0.0,0.0,0.0,5.094390047874847,0.19629435331854017
1000.0,8.131736215906,support,0.011088471855069615,1.1088471855069615,0.041919026959061745,0.0,0.0,0.0,0.0,0.0,5.116487275033908,0.19544659182082552
1000.0,8.181220738654,support,0.011071456762189786,1.1071456762189786,0.04200410242346089,0.0,0.0,0.0,0.0,0.0,5.133466950229279,0.19480012430105084
1000.0,8.230868924137,support,0.011060791702581058,1.1060791702581059,0.04205742772150453,0.0,0.0,0.0,0.0,0.0,5.144138527152765,0.1943960091124317
1000.0,8.280680541465,support,0.011050057541697916,1.1050057541697915,0.042111098525920244,0.0,0.0,0.0,0.0,0.0,5.154901648085448,0.1939901220756373
1000.0,8.33065536115,support,0.011033347213155917,1.1033347213155917,0.042194650168630235,0.0,0.0,0.0,0.0,0.0,5.171701893855246,0.19335994620806532
1000.0,8.380793155095,support,0.011012770322969932,1.1012770322969931,0.042297534619560165,0.0,0.0,0.0,0.0,0.0,5.19246474889021,0.1925867672406887
1000.0,8.431093696578,support,0.010995786954537689,1.099578695453769,0.04238245146172138,0.0,0.0,0.0,0.0,0.0,5.209664382745646,0.191950944731102
1000.0,8.481556760238,support,0.010985632148195715,1.0985632148195714,0.04243322549343125,0.0,0.0,0.0,0.0,0.0,5.219975704800994,0.19157177284949142
1000.0,8.53218212206,support,0.010977104027855211,1.0977104027855211,0.04247586609513377,0.0,0.0,0.0,0.0,0.0,5.2286510339412855,0.19125391874665112
1000.0,8.582969559359,support,0.01096328169289689,1.096328169289689,0.04254497776992538,0.0,0.0,0.0,0.0,0.0,5.2427425967917385,0.1907398621118541
1000.0,8.63391885077,support,0.010944561411303101,1.0944561411303102,0.04263857917789432,0.0,0.0,0.0,0.0,0.0,5.261888074614861,0.19004585156882003
1000.0,8.685029776233,support,0.010928161759469555,1.0928161759469555,0.04272057743706204,0.0,0.0,0.0,0.0,0.0,5.278717657550355,0.18943994827411562
1000.0,8.736302116976,support,0.010918600705683635,1.0918600705683634,0.04276838270599165,0.0,0.0,0.0,0.0,0.0,5.288554190283408,0.18908759634859884
1000.0,8.787735655506,support,0.010911667969769875,1.0911667969769876,0.04280304638556044,0.0,0.0,0.0,0.0,0.0,5.29569813856189,0.1888325153426441
1000.0,8.839330175594,support,0.010900008448610499,1.0900008448610499,0.042861343991357326,0.0,0.0,0.0,0.0,0.0,5.307734647474652,0.18840429418900706
1000.0,8.891085462263,support,0.010882989580049619,1.0882989580049618,0.04294643833416173,0.0,0.0,0.0,0.0,0.0,5.325352915095507,0.1877809820200556
1000.0,8.943001301773,support,0.010867578607104536,1.0867578607104535,0.043023493198887146,0.0,0.0,0.0,0.0,0.0,5.341357106861043,0.18721833796049453
1000.0,8.995077481611,support,0.010858899521789315,1.0858899521789316,0.04306688862546325,0.0,0.0,0.0,0.0,0.0,5.350391440312111,0.1869022128858792
1000.0,9.047313790477,support,0.010853217131913732,1.0853217131913733,0.043095300574841164,0.0,0.0,0.0,0.0,0.0,5.356314694798105,0.18669552798515937
1000.0,9.099710018273,support,0.010843023810342476,1.0843023810342476,0.04314626718269744,0.0,0.0,0.0,0.0,0.0,5.366956526807145,0.18632534007032658
1000.0,9.152265956091,support,0.010827384759678642,1.0827384759678642,0.04322446243601661,0.0,0.0,0.0,0.0,0.0,5.383324820427355,0.18575880768060637
1000.0,9.204981396197,support,0.01081325604129491,1.081325604129491,0.04329510602793527,0.0,0.0,0.0,0.0,0.0,5.39815527305071,0.18524846904503
1000.0,9.257856132028,support,0.010805802339192204,1.0805802339192203,0.043332374538448806,0.0,0.0,0.0,0.0,0.0,5.405995635185802,0.18497980159128088
1000.0,9.310889958171,support,0.01080113791555951,1.080113791555951,0.04335569665661227,0.0,0.0,0.0,0.0,0.0,5.410907817036856,0.1848118714666302
1000.0,9.364082670358,support,0.010791763920277798,1.0791763920277797,0.043402566633020834,0.0,0.0,0.0,0.0,0.0,5.420793229635398,0.1844748466945787
1000.0,9.417434065451,support,0.010777177287973793,1.0777177287973794,0.04347549979454086,0.0,0.0,0.0,0.0,0.0,5.436211593832884,0.18395163299648803
1000.0,9.470943941436,support,0.010764608185657677,1.0764608185657676,0.04353834530612144,0.0,0.0,0.0,0.0,0.0,5.449532559017984,0.18350197731091303
1000.0,9.524612097404,support,0.010758689205391525,1.0758689205391525,0.0435679402074522,0.0,0.0,0.0,0.0,0.0,5.455816903115406,0.18329060849329004
1000.0,9.57843833355,support,0.010754771516456572,1.0754771516456572,0.043587528652126964,0.0,0.0,0.0,0.0,0.0,5.459980406455416,0.18315084039819723
1000.0,9.632422451153,support,0.010745609634853211,1.074560963485321,0.043633338060143766,0.0,0.0,0.0,0.0,0.0,5.469729555794029,0.182824395575593
1000.0,9.686564252573,support,0.010731880513291743,1.0731880513291743,0.043701983667951104,0.0,0.0,0.0,0.0,0.0,5.484371297880286,0.182336305418727
1000.0,9.740863541236,support,0.010721217118358342,1.0721217118358342,0.043755300642618115,0.0,0.0,0.0,0.0,0.0,5.495770561961604,0.18195810555145706
1000.0,9.795320121626,support,0.010717018197052855,1.0717018197052854,0.043776295249145544,0.0,0.0,0.0,0.0,0.0,5.500265745222819,0.18180939727658366
1000.0,9.849933799276,support,0.010713411689210493,1.0713411689210492,0.04379432778835735,0.0,0.0,0.0,0.0,0.0,5.504129651425002,0.18168176684230233
1000.0,9.904704380754,support,0.010703925753225626,1.0703925753225625,0.04384175746828169,0.0,0.0,0.0,0.0,0.0,5.514305567448115,0.181346497354657
1000.0,9.959631673657,support,0.010691126732258433,1.0691126732258434,0.04390575257311766,0.0,0.0,0.0,0.0,0.0,5.528065375752026,0.18089511104306763
1000.0,10.014715486601,support,0.010682800687391903,1.0682800687391902,0.04394738279745031,0.0,0.0,0.0,0.0,0.0,5.537034861204102,0.18060207765831848
1000.0,10.069955629209,support,0.010680247687987976,1.0680247687987976,0.043960147794469946,0.0,0.0,0.0,0.0,0.0,5.539788071870959,0.18051232051233845
1000.0,10.125351912106,support,0.010676289079331876,1.0676289079331875,0.04397994083775044,0.0,0.0,0.0,0.0,0.0,5.544059829774384,0.1803732338221709
1000.0,10.180904146904,support,0.010666142751012412,1.0666142751012413,0.04403067247934776,0.0,0.0,0.0,0.0,0.0,5.555023839723213,0.18001722924195881
1000.0,10.236612146198,support,0.010654726905293413,1.0654726905293412,0.044087751707942754,0.0,0.0,0.0,0.0,0.0,5.567385599959644,0.17961752101511497
1000.0,10.292475723554,support,0.010649140730691179,1.064914073069118,0.04411568258095393,0.0,0.0,0.0,0.0,0.0,5.573444664050156,0.17942225325214084
1000.0,10.348494693503,support,0.010647723896249947,1.0647723896249948,0.044122766753160084,0.0,0.0,0.0,0.0,0.0,5.574982486612959,0.17937276079364742
1000.0,10.404668871527,support,0.01064259584805092,1.064259584805092,0.04414840699415522,0.0,0.0,0.0,0.0,0.0,5.580551983563956,0.17919374336897786
1000.0,10.460998074057,support,0.010631893175252705,1.0631893175252705,0.044201920358146296,0.0,0.0,0.0,0.0,0.0,5.59219392845291,0.17882069413080096
1000.0,10.517482118459,support,0.01062269548633748,1.0622695486337481,0.04424790880272242,0.0,0.0,0.0,0.0,0.0,5.602218213750636,0.17850072272185
1000.0,10.574120823028,support,0.010619929168182071,1.0619929168182072,0.04426174039349947,0.0,0.0,0.0,0.0,0.0,5.605236654399467,0.17840459942313316
1000.0,10.630914006981,support,0.01061858430784006,1.061858430784006,0.04426846469520952,0.0,0.0,0.0,0.0,0.0,5.606704672892665,0.17835788726929153
1000.0,10.687861490446,support,0.010611621902397957,1.0611621902397956,0.04430327672242004,0.0,0.0,0.0,0.0,0.0,5.614310823687455,0.17811625173670104
1000.0,10.744963094454,support,0.010601170779631016,1.0601170779631015,0.04435553233625474,0.0,0.0,0.0,0.0,0.0,5.625747633391012,0.17775415201076725
1000.0,10.802218640934,support,0.010595143652007233,1.0595143652007233,0.04438566797437366,0.0,0.0,0.0,0.0,0.0,5.6323537923628715,0.1775456650745092
1000.0,10.859627952702,support,0.010594535490499678,1.0594535490499677,0.04438870878191143,0.0,0.0,0.0,0.0,0.0,5.633020811188881,0.17752464148786704
1000.0,10.917190853454,support,0.010591794758857069,1.059179475885707,0.04440241244012448,0.0,0.0,0.0,0.0,0.0,5.636027768622507,0.1774299277883807
1000.0,10.97490716776,support,0.010583038521655479,1.058303852165548,0.04444619362613243,0.0,0.0,0.0,0.0,0.0,5.645645318540982,0.17712766983711836
1000.0,11.032776721054,support,0.01057438062427243,1.057438062427243,0.04448948311304767,0.0,0.0,0.0,0.0,0.0,5.655170991621861,0.17682931276198377
1000.0,11.090799339628,support,0.010571953346703883,1.0571953346703884,0.04450161950089041,0.0,0.0,0.0,0.0,0.0,5.6578444371478644,0.17674575734784656
1000.0,11.148974850624,support,0.010571829018284596,1.0571829018284595,0.04450224114298684,0.0,0.0,0.0,0.0,0.0,5.657981408641784,0.17674147859033937
1000.0,11.207303082025,support,0.010566471829845691,1.0566471829845692,0.04452902708518137,0.0,0.0,0.0,0.0,0.0,5.663886525464797,0.17655720952459172
1000.0,11.265783862653,support,0.010557213959607188,1.0557213959607188,0.04457531643637388,0.0,0.0,0.0,0.0,0.0,5.67410581388543,0.17623922302485842
1000.0,11.324417022156,support,0.010552055573150032,1.0552055573150032,0.04460110836865966,0.0,0.0,0.0,0.0,0.0,5.679807889257616,0.17606229286228656
1000.0,11.383202391003,support,0.010552302747755638,1.0552302747755637,0.04459987249563163,0.0,0.0,0.0,0.0,0.0,5.6795345320265405,0.17607076677869682
1000.0,11.442139800478,support,0.010550355266838483,1.0550355266838483,0.04460960990021741,0.0,0.0,0.0,0.0,0.0,5.681688661599438,0.1760040121097541
1000.0,11.501229082673,support,0.010542497441223623,1.0542497441223624,0.04464889902829171,0.0,0.0,0.0,0.0,0.0,5.690388589000811,0.175734922907188
1000.0,11.56047007048,support,0.010535195057353121,1.0535195057353122,0.044685410947644215,0.0,0.0,0.0,0.0,0.0,5.698485491372879,0.17548522348857995
1000.0,11.619862597584,support,0.01053411896839674,1.053411896839674,0.04469079139242612,0.0,0.0,0.0,0.0,0.0,5.6996796352130925,0.17544845745748888
1000.0,11.67940649846,support,0.01053445550694586,1.0534455506945861,0.04468910869968052,0.0,0.0,0.0,0.0,0.0,5.699306149016585,0.17545995492320585
1000.0,11.739101608359,support,0.01052913562411488,1.052913562411488,0.04471570811383543,0.0,0.0,0.0,0.0,0.0,5.705212952616682,0.1752782951846438
1000.0,11.798947763311,support,0.01052100033793263,1.0521000337932631,0.04475638454474667,0.0,0.0,0.0,0.0,0.0,5.714257612480835,0.17500086062200682
1000.0,11.858944800111,support,0.010517904788593787,1.0517904788593788,0.04477186229144089,0.0,0.0,0.0,0.0,0.0,5.7177029514834175,0.17489540965757186
1000.0,11.919092556316,support,0.010519084835613023,1.0519084835613024,0.044765962056344706,0.0,0.0,0.0,0.0,0.0,5.716389317036122,0.17493560087305038
1000.0,11.979390870239,support,0.010516469032315505,1.0516469032315505,0.044779041072832294,0.0,0.0,0.0,0.0,0.0,5.719301649892047,0.1748465216935839
1000.0,12.039839580939,support,0.01050879269378207,1.050879269378207,0.04481742276549948,0.0,0.0,0.0,0.0,0.0,5.727856753165843,0.17458537164835522
1000.0,12.100438528223,support,0.010503830980141807,1.0503830980141806,0.044842231333700786,0.0,0.0,0.0,0.0,0.0,5.733393277008932,0.17441678107274242
1000.0,12.161187552629,support,0.010504688506141455,1.0504688506141455,0.044837943703702546,0.0,0.0,0.0,0.0,0.0,5.732436024985655,0.17444590670377388
1000.0,12.222086495431,support,0.01050428539843129,1.050428539843129,0.044839959242253376,0.0,0.0,0.0,0.0,0.0,5.732885992216554,0.1744322146572745
1000.0,12.283135198624,support,0.0104979340939861,1.04979340939861,0.04487171576447932,0.0,0.0,0.0,0.0,0.0,5.73998027232896,0.17421662663559231
1000.0,12.344333504924,support,0.010491715279201095,1.0491715279201095,0.04490280983840435,0.0,0.0,0.0,0.0,0.0,5.746935070245116,0.1740057940061864
1000.0,12.40568125776,support,0.010491586498316031,1.0491586498316032,0.04490345374282967,0.0,0.0,0.0,0.0,0.0,5.747079181089348,0.17400143072510302
1000.0,12.467178301268,support,0.010492650362199384,1.0492650362199385,0.0448981344234129,0.0,0.0,0.0,0.0,0.0,5.745888784193515,0.1740374792409698
1000.0,12.528824480288,support,0.010487988127519585,1.0487988127519585,0.044921445596811896,0.0,0.0,0.0,0.0,0.0,5.751107360186167,0.17387955699154767
1000.0,12.590619640354,support,0.010481211914499557,1.0481211914499557,0.04495532666191204,0.0,0.0,0.0,0.0,0.0,5.758700625790868,0.1736502841494153
1000.0,12.652563627692,support,0.010479896539792226,1.0479896539792226,0.0449619035354487,0.0,0.0,0.0,0.0,0.0,5.760175765411732,0.17360581355949667
1000.0,12.714656289213,support,0.010481725989280492,1.0481725989280493,0.044952756288007364,0.0,0.0,0.0,0.0,0.0,5.7581242143582845,0.17366766724247285
1000.0,12.776897472508,support,0.010478729013171359,1.047872901317136,0.044967741168553024,0.0,0.0,0.0,0.0,0.0,5.761485415918141,0.17356635100336212
1000.0,12.839287025844,support,0.010471963608924391,1.047196360892439,0.04500156818978787,0.0,0.0,0.0,0.0,0.0,5.769080241903066,0.1733378559612696
1000.0,12.901824798155,support,0.01046956952892731,1.046956952892731,0.04501353858977327,0.0,0.0,0.0,0.0,0.0,5.771770227718201,0.17325707028280954
1000.0,12.964510639042,support,0.010471654120647694,1.0471654120647693,0.045003115631171355,0.0,0.0,0.0,0.0,0.0,5.769427912040713,0.17332741048952435
1000.0,13.027344398764,support,0.01047007857860033,1.047007857860033,0.04501099334140817,0.0,0.0,0.0,0.0,0.0,5.7711981550564575,0.17327424446929554
1000.0,13.090325928233,support,0.01046367961468696,1.046367961468696,0.045042988160975024,0.0,0.0,0.0,0.0,0.0,5.778393469186456,0.17305848162340365
1000.0,13.153455079011,support,0.010460462023872553,1.0460462023872554,0.04505907611504706,0.0,0.0,0.0,0.0,0.0,5.7820148775455245,0.17295009113233237
1000.0,13.216731703304,support,0.010462510455796232,1.0462510455796232,0.04504883395542866,0.0,0.0,0.0,0.0,0.0,5.779709098690756,0.17301908849123984
1000.0,13.280155653957,support,0.010462033214278082,1.0462033214278081,0.04505122016301941,0.0,0.0,0.0,0.0,0.0,5.780246214455116,0.17300301109998073
1000.0,13.343726784448,support,0.010456153734603763,1.0456153734603761,0.045080617561391007,0.0,0.0,0.0,0.0,0.0,5.786867424629802,0.17280506474778484
1000.0,13.407444948886,support,0.010452400450181143,1.0452400450181143,0.045099383983504104,0.0,0.0,0.0,0.0,0.0,5.791098173405367,0.17267882015751862
1000.0,13.471310002005,support,0.010454304900671027,1.0454304900671028,0.04508986173105469,0.0,0.0,0.0,0.0,0.0,5.788951066772923,0.17274286627498728
1000.0,13.535321799156,support,0.010454609872042296,1.0454609872042295,0.04508833687419834,0.0,0.0,0.0,0.0,0.0,5.788607311334631,0.1727531245800535
1000.0,13.599480196309,support,0.010449250197455528,1.0449250197455529,0.04511513524713218,0.0,0.0,0.0,0.0,0.0,5.794651564839792,0.1725729301944055
1000.0,13.663785050042,support,0.010445221721780487,1.0445221721780487,0.04513527762550738,0.0,0.0,0.0,0.0,0.0,5.799198742657785,0.17243761498363444
1000.0,13.728236217539,support,0.010447001637913473,1.0447001637913473,0.04512637804484246,0.0,0.0,0.0,0.0,0.0,5.797189206630536,0.1724973887097302
1000.0,13.792833556587,support,0.010447816021034517,1.0447816021034517,0.04512230612923724,0.0,0.0,0.0,0.0,0.0,5.796269995389669,0.17252474449868557
1000.0,13.857576925569,support,0.010442879955819558,1.0442879955819557,0.04514698645531203,0.0,0.0,0.0,0.0,0.0,5.801843671677585,0.17235900458359868
1000.0,13.922466183462,support,0.010438792348838247,1.0438792348838246,0.045167424490218586,0.0,0.0,0.0,0.0,0.0,5.80646334771311,0.1722218741626695
1000.0,13.987501189828,support,0.010440541366700671,1.044054136670067,0.04515867940090647,0.0,0.0,0.0,0.0,0.0,5.804486216443289,0.17228053659032586
1000.0,14.052681804818,support,0.010441637435814324,1.0441637435814324,0.045153199055338204,0.0,0.0,0.0,0.0,0.0,5.803247537080717,0.17231730916359342
1000.0,14.118007889158,support,0.01043697996448972,1.0436979964489719,0.045176486411961224,0.0,0.0,0.0,0.0,0.0,5.808512820457921,0.1721611074831309
1000.0,14.183479304151,support,0.010433013925642581,1.043301392564258,0.04519631660619691,0.0,0.0,0.0,0.0,0.0,5.813000203486091,0.17202820660496349
1000.0,14.249095911673,support,0.010434857496847166,1.0434857496847165,0.04518709875017399,0.0,0.0,0.0,0.0,0.0,5.8109138599167585,0.17208997140672208
1000.0,14.314857574165,support,0.010436035749896268,1.0436035749896269,0.04518120748492848,0.0,0.0,0.0,0.0,0.0,5.809580839770866,0.17212945780085587
1000.0,14.38076415463,support,0.010431500222878148,1.0431500222878147,0.045203885120019084,0.0,0.0,0.0,0.0,0.0,5.814713799596828,0.17197750989383803
1000.0,14.446815516633,support,0.010427822221476547,1.0427822221476546,0.04522227512702709,0.0,0.0,0.0,0.0,0.0,5.818879607874832,0.1718543890556999
1000.0,14.513011524293,support,0.0104298839915694,1.04298839915694,0.04521196627656282,0.0,0.0,0.0,0.0,0.0,5.816544021379833,0.17192339580415902
1000.0,14.579352042277,support,0.010430949946499457,1.0430949946499457,0.045206636501912534,0.0,0.0,0.0,0.0,0.0,5.8153368683938735,0.17195908382108707
1000.0,14.645836935802,support,0.010426399238967668,1.0426399238967667,0.045229390039571486,0.0,0.0,0.0,0.0,0.0,5.820492118641647,0.17180677846762107
1000.0,14.712466070629,support,0.010423184063545185,1.0423184063545186,0.0452454659166839,0.0,0.0,0.0,0.0,0.0,5.824137171679764,0.1716992527000503
1000.0,14.779239313054,support,0.01042555519500965,1.042555519500965,0.04523361025936157,0.0,0.0,0.0,0.0,0.0,5.821448792662822,0.1717785444167043
1000.0,14.846156529911,support,0.010426299268277636,1.0426299268277637,0.04522988989302164,0.0,0.0,0.0,0.0,0.0,5.820605421311467,0.1718034341133341
1000.0,14.913217588567,support,0.01042164701465125,1.042164701465125,0.045253151161153575,0.0,0.0,0.0,0.0,0.0,5.825880534543148,0.171647872638435
1000.0,14.980422356915,support,0.010419092931623375,1.0419092931623375,0.045265921576292945,0.0,0.0,0.0,0.0,0.0,5.828778599423257,0.1715625294292268
1000.0,15.047770703371,support,0.010421798879246089,1.042179887924609,0.045252391838179376,0.0,0.0,0.0,0.0,0.0,5.825708262338872,0.171652948443135
1000.0,15.115262496875,support,0.010421988078456295,1.0421988078456295,0.04525144584212835,0.0,0.0,0.0,0.0,0.0,5.8254936456090665,0.17165927230111125
1000.0,15.18289760688,support,0.010417234007449165,1.0417234007449165,0.045275216197163994,0.0,0.0,0.0,0.0,0.0,5.830888788437099,0.17150044123342614
1000.0,15.250675903354,support,0.010415561457578555,1.0415561457578555,0.04528357894651704,0.0,0.0,0.0,0.0,0.0,5.832788064420817,0.1714445971558368
1000.0,15.318597256776,support,0.010418524498565257,1.0418524498565258,0.04526876374158354,0.0,0.0,0.0,0.0,0.0,5.82942378469169,0.17154354134040517
1000.0,15.38666153813,support,0.010417915516221777,1.0417915516221776,0.04527180865330094,0.0,0.0,0.0,0.0,0.0,5.830115073618549,0.1715232010642519
1000.0,15.454868618901,support,0.010413183359891616,1.0413183359891616,0.045295469434951746,0.0,0.0,0.0,0.0,0.0,5.835489595470731,0.17136522713983746
1000.0,15.523218371076,support,0.010412607257386486,1.0412607257386486,0.04529834994747739,0.0,0.0,0.0,0.0,0.0,5.836144239095965,0.1713460050046506
1000.0,15.591710667137,support,0.010415610438976639,1.041561043897664,0.045283334039526627,0.0,0.0,0.0,0.0,0.0,5.832732434451058,0.1714462323170348
1000.0,15.660345380057,support,0.01041399380757059,1.041399380757059,0.045291417196556875,0.0,0.0,0.0,0.0,0.0,5.834568782271293,0.17139227204563315
1000.0,15.7291223833,support,0.01040956112900081,1.040956112900081,0.04531358058940577,0.0,0.0,0.0,0.0,0.0,5.8396068727463,0.17124440425382806
1000.0,15.798041550815,support,0.010410228548602015,1.0410228548602014,0.04531024349139975,0.0,0.0,0.0,0.0,0.0,5.838848019371704,0.17126666025254864
1000.0,15.867102757032,support,0.010412897347329206,1.0412897347329206,0.04529689949776379,0.0,0.0,0.0,0.0,0.0,5.835814591475771,0.17135568382530095
1000.0,15.936305876863,support,0.010410177636296451,1.0410177636296452,0.04531049805292757,0.0,0.0,0.0,0.0,0.0,5.83890590298181,0.1712649624117629
1000.0,16.005650785694,support,0.010406475432908653,1.0406475432908653,0.045329009069866553,0.0,0.0,0.0,0.0,0.0,5.843116578918362,0.17114154518291558
1000.0,16.075137359385,support,0.010408369338667933,1.0408369338667933,0.04531953954107016,0.0,0.0,0.0,0.0,0.0,5.840962178815583,0.1712046696050988
1000.0,16.144765474263,support,0.010410198482087015,1.0410198482087014,0.04531039382397475,0.0,0.0,0.0,0.0,0.0,5.83888220275586,0.17126565758220227
1000.0,16.214535007126,support,0.010406501345664218,1.0406501345664219,0.045328879506088736,0.0,0.0,0.0,0.0,0.0,5.843087096671715,0.17114240870542743
1000.0,16.284445835231,support,0.010404052323196036,1.0404052323196036,0.04534112461842964,0.0,0.0,0.0,0.0,0.0,5.845874130274387,0.17106081617824076
1000.0,16.354497836297,support,0.010406882187380501,1.0406882187380502,0.045326975297507316,0.0,0.0,0.0,0.0,0.0,5.842653811035423,0.17115510046329138
1000.0,16.424690888501,support,0.010407339252827838,1.0407339252827839,0.04532468997027063,0.0,0.0,0.0,0.0,0.0,5.842133847675778,0.17117033366119092
1000.0,16.495024870474,support,0.010403109980258056,1.0403109980258056,0.045345836333119546,0.0,0.0,0.0,0.0,0.0,5.846946888384865,0.17102943110130348
1000.0,16.565499661298,support,0.010402378296702234,1.0402378296702235,0.04534949475089865,0.0,0.0,0.0,0.0,0.0,5.847779968756973,0.1710050660836618
1000.0,16.636115140502,support,0.010405509265483795,1.0405509265483794,0.04533383990699085,0.0,0.0,0.0,0.0,0.0,5.844215942422905,0.1711093515113027
1000.0,16.706871188062,support,0.010404231050378935,1.0404231050378936,0.04534023098251515,0.0,0.0,0.0,0.0,0.0,5.845670690420837,0.17106676940229912
1000.0,16.777767684395,support,0.010400256871320089,1.0400256871320088,0.04536010187780938,0.0,0.0,0.0,0.0,0.0,5.850196052632612,0.17093444236796063
1000.0,16.848804510361,support,0.010401412932809358,1.0401412932809357,0.04535432157036303,0.0,0.0,0.0,0.0,0.0,5.848879294540431,0.17097292483594909
1000.0,16.919981547252,support,0.010403913970572783,1.0403913970572782,0.04534181638154591,0.0,0.0,0.0,0.0,0.0,5.846031617825308,0.17105620793272316
1000.0,16.991298676797,support,0.01040096335907581,1.040096335907581,0.04535656943903077,0.0,0.0,0.0,0.0,0.0,5.849391325379311,0.17095795859326507
1000.0,17.062755781156,support,0.010398234112424399,1.0398234112424398,0.04537021567228783,0.0,0.0,0.0,0.0,0.0,5.852500695263256,0.17086713049164676
1000.0,17.134352742915,support,0.010400903708827349,1.040090370882735,0.04535686769027308,0.0,0.0,0.0,0.0,0.0,5.84945926591661,0.17095597294381706
1000.0,17.206089445089,support,0.01040179222112627,1.040179222112627,0.04535242512877847,0.0,0.0,0.0,0.0,0.0,5.848447348389399,0.17098555230652618
1000.0,20.236051386057,support,0.010388182025546274,1.0388182025546275,0.04542047610667845,0.0,0.0,0.0,0.0,0.0,5.863967075058977,0.17053301752891278
1000.0,23.266013327025,support,0.010386018383325956,1.0386018383325957,0.04543129431778004,0.0,0.0,0.0,0.0,0.0,5.8664380706968835,0.17046118751258008
1000.0,26.295975267993,support,0.010385934704532494,1.0385934704532493,0.04543171271174735,0.0,0.0,0.0,0.0,0.0,5.866533657284844,0.17045841009677615
1000.0,29.325937208961,support,0.010383538442223979,1.0383538442223978,0.045443694023289925,0.0,0.0,0.0,0.0,0.0,5.869271577370559,0.17037889401055817
1000.0,32.35589914993,support,0.010385924520176903,1.0385924520176903,0.04543176363352531,0.0,0.0,0.0,0.0,0.0,5.866545291017329,0.17045807206690602
1000.0,35.385861090898,support,0.01038378534936297,1.038378534936297,0.04544245948759497,0.0,0.0,0.0,0.0,0.0,5.868989407308338,0.17038708550994375
1000.0,38.415823031866,support,0.010384973866825173,1.0384973866825173,0.045436516900283955,0.0,0.0,0.0,0.0,0.0,5.8676313372895095,0.17042652179677317
1000.0,41.445784972834,support,0.010384883763098728,1.0384883763098727,0.04543696741891618,0.0,0.0,0.0,0.0,0.0,5.867734284101708,0.1704235317385525
1000.0,44.475746913802,support,0.010383989971017415,1.0383989971017415,0.04544143637932275,0.0,0.0,0.0,0.0,0.0,5.868755572162538,0.1703938744260083
1000.0,47.505708854771,support,0.010385474376105435,1.0385474376105435,0.04543401435388265,0.0,0.0,0.0,0.0,0.0,5.867059519960519,0.17044313196378297
1000.0,50.535670795739,support,0.010383901718322366,1.0383901718322366,0.045441877642797994,0.0,0.0,0.0,0.0,0.0,5.868856423404643,0.17039094635405644
1000.0,53.565632736707,support,0.010385093189641726,1.0385093189641725,0.04543592028620119,0.0,0.0,0.0,0.0,0.0,5.867495009374875,0.17043048156022897
1000.0,56.595594677675,support,0.010384589569243145,1.0384589569243146,0.04543843838819409,0.0,0.0,0.0,0.0,0.0,5.868070423948201,0.1704137693915357
1000.0,59.625556618643,support,0.010384328968200802,1.0384328968200802,0.04543974139340581,0.0,0.0,0.0,0.0,0.0,5.868368197420923,0.17040512223474458
1000.0,62.655518559612,support,0.01038520141130684,1.038520141130684,0.04543537917787563,0.0,0.0,0.0,0.0,0.0,5.867371367413425,0.17043407300820648
1000.0,65.68548050058,support,0.010384032489247463,1.0384032489247463,0.04544122378817251,0.0,0.0,0.0,0.0,0.0,5.8687069848449855,0.17039528512538504
1000.0,68.715442441548,support,0.010385125018185117,1.0385125018185117,0.045435761143484237,0.0,0.0,0.0,0.0,0.0,5.867458645373266,0.17043153781553133
1000.0,71.745404382516,support,0.010384426677334836,1.0384426677334837,0.04543925284773564,0.0,0.0,0.0,0.0,0.0,5.868256549173798,0.17040836432769657
1000.0,74.775366323484,support,0.010384555481509246,1.0384555481509246,0.04543860882686359,0.0,0.0,0.0,0.0,0.0,5.868109373136446,0.17041263828140102
1000.0,77.805328264453,support,0.010384989685791664,1.0384989685791663,0.0454364378054515,0.0,0.0,0.0,0.0,0.0,5.867613263726487,0.17042704674863077
1000.0,80.835290205421,support,0.010384164785936525,1.0384164785936525,0.0454405623047272,0.0,0.0,0.0,0.0,0.0,5.868555806589567,0.17039967463155753
1000.0,83.865252146389,support,0.010385105193347474,1.0385105193347475,0.045435860267672455,0.0,0.0,0.0,0.0,0.0,5.867481295155778,0.17043087991189762
1000.0,86.895214087357,support,0.010384339054751479,1.038433905475148,0.04543969096065243,0.0,0.0,0.0,0.0,0.0,5.868356671832036,0.17040545691436493
1000.0,89.925176028325,support,0.010384712954764756,1.0384712954764757,0.045437821460586045,0.0,0.0,0.0,0.0,0.0,5.867929443845394,0.1704178636723137
1000.0,92.955137969294,support,0.010384817898953236,1.0384817898953236,0.04543729673964364,0.0,0.0,0.0,0.0,0.0,5.867809537446327,0.1704213460948837
1000.0,95.985099910262,support,0.01038429597634033,1.038429597634033,0.04543990635270818,0.0,0.0,0.0,0.0,0.0,5.868405896355621,0.17040402754366682
1000.0,99.01506185123,support,0.010385052226231583,1.0385052226231584,0.04543612510325191,0.0,0.0,0.0,0.0,0.0,5.867541810262073,0.17042912216680653
1000.0,102.045023792198,support,0.010384303436687848,1.0384303436687847,0.04543986905097058,0.0,0.0,0.0,0.0,0.0,5.8683973715907545,0.17040427508216416
1000.0,105.074985733166,support,0.010384819339311662,1.0384819339311662,0.04543728953785151,0.0,0.0,0.0,0.0,0.0,5.867807891748686,0.1704213938916099
1000.0,108.104947674134,support,0.010384679074244315,1.0384679074244314,0.04543799086318825,0.0,0.0,0.0,0.0,0.0,5.867968155337392,0.17041673941096955
1000.0,111.134909615103,support,0.010384421689726126,1.0384421689726127,0.04543927778577919,0.0,0.0,0.0,0.0,0.0,5.868262248259645,0.17040819883204275
1000.0,114.164871556071,support,0.01038497792277193,1.038497792277193,0.045436496620550174,0.0,0.0,0.0,0.0,0.0,5.8676267032640625,0.17042665639307228
1000.0,117.194833497039,support,0.01038430651615961,1.038430651615961,0.04543985365361178,0.0,0.0,0.0,0.0,0.0,5.868393852753909,0.1704043772608619
1000.0,120.224795438007,support,0.010384883982971507,1.0384883982971507,0.04543696631955228,0.0,0.0,0.0,0.0,0.0,5.867734032886795,0.170423539034884
1000.0,123.254757378975,support,0.010384570930923674,1.0384570930923673,0.045438531579791455,0.0,0.0,0.0,0.0,0.0,5.868091720357164,0.17041315092790243
1000.0,126.284719319944,support,0.01038453712864459,1.038453712864459,0.04543870059118687,0.0,0.0,0.0,0.0,0.0,5.86813034351928,0.17041202929386062
1000.0,129.314681260912,support,0.01038489152025821,1.038489152025821,0.045436928633118774,0.0,0.0,0.0,0.0,0.0,5.8677254211914365,0.17042378915490408
1000.0,132.34464320188,support,0.010384338599456797,1.0384338599456797,0.045439693237125836,0.0,0.0,0.0,0.0,0.0,5.86835719208267,0.17040544180731806
1000.0,135.374605142848,support,0.010384913304796212,1.038491330479621,0.04543681971042877,0.0,0.0,0.0,0.0,0.0,5.867700531429821,0.17042451206287507
1000.0,138.404567083816,support,0.010384492492614862,1.0384492492614863,0.04543892377133551,0.0,0.0,0.0,0.0,0.0,5.868181345931683,0.17041054818343063
1000.0,141.434529024785,support,0.010384637837519271,1.038463783751927,0.04543819704681347,0.0,0.0,0.0,0.0,0.0,5.8680152722885275,0.1704153710578193
1000.0,144.464490965753,support,0.010384800924083675,1.0384800924083675,0.04543738161399145,0.0,0.0,0.0,0.0,0.0,5.867828932308311,0.17042078280332823
1000.0,147.494452906721,support,0.010384391413959668,1.0384391413959668,0.04543942916461148,0.0,0.0,0.0,0.0,0.0,5.868296842951121,0.1704071942443027
1000.0,150.524414847689,support,0.01038491293412963,1.0384912934129629,0.04543682156376168,0.0,0.0,0.0,0.0,0.0,5.86770095493128,0.17042449976248178
1000.0,153.554376788657,support,0.010384442662711404,1.0384442662711404,0.045439172920852804,0.0,0.0,0.0,0.0,0.0,5.86823828353737,0.170408894745358
1000.0,156.584338729626,support,0.010384720193622275,1.0384720193622274,0.04543778526629845,0.0,0.0,0.0,0.0,0.0,5.8679211728433724,0.17041810388114637
1000.0,159.614300670594,support,0.010384713003182385,1.0384713003182384,0.0454378212184979,0.0,0.0,0.0,0.0,0.0,5.867929388524153,0.17041786527896696
1000.0,162.644262611562,support,0.010384457371821051,1.0384457371821052,0.04543909937530457,0.0,0.0,0.0,0.0,0.0,5.868221476273244,0.1704093828161159
1000.0,165.67422455253,support,0.010384888520571178,1.0384888520571178,0.04543694363155393,0.0,0.0,0.0,0.0,0.0,5.867728848469778,0.17042368961217186
1000.0,168.704186493498,support,0.010384419604635086,1.0384419604635087,0.04543928821123439,0.0,0.0,0.0,0.0,0.0,5.868264630788372,0.17040812964592825
1000.0,171.734148434467,support,0.010384781724894869,1.038478172489487,0.045437477609935474,0.0,0.0,0.0,0.0,0.0,5.867850868672955,0.17042014570253647
1000.0,174.764110375435,support,0.010384633552688129,1.038463355268813,0.04543821847096918,0.0,0.0,0.0,0.0,0.0,5.868020168144689,0.1704152288754272
1000.0,177.794072316403,support,0.010384529423541811,1.038452942354181,0.045438739116700766,0.0,0.0,0.0,0.0,0.0,5.868139147559851,0.1704117736226194
1000.0,180.824034257371,support,0.010384845955175812,1.0384845955175812,0.04543715645853076,0.0,0.0,0.0,0.0,0.0,5.867777481578266,0.1704222771124968
1000.0,183.853996198339,support,0.01038442052416642,1.038442052416642,0.04543928361357772,0.0,0.0,0.0,0.0,0.0,5.8682635800860155,0.17040816015720656
1000.0,186.883958139308,support,0.010384821289567463,1.0384821289567463,0.04543727978657251,0.0,0.0,0.0,0.0,0.0,5.86780566346283,0.1704214586087467
1000.0,189.913920080276,support,0.010384567154861519,1.038456715486152,0.04543855046010223,0.0,0.0,0.0,0.0,0.0,5.8680960349489135,0.17041302562948013
1000.0,192.943882021244,support,0.010384601163378974,1.0384601163378975,0.045438380417514954,0.0,0.0,0.0,0.0,0.0,5.868057176362668,0.17041415411358565
1000.0,195.973843962212,support,0.010384791300937347,1.0384791300937346,0.04543742972972309,0.0,0.0,0.0,0.0,0.0,5.86783992739004,0.1704204634710938
1000.0,199.00380590318,support,0.010384441686803015,1.0384441686803014,0.04543917780039475,0.0,0.0,0.0,0.0,0.0,5.868239398654159,0.1704088623632743
1000.0,202.033767844149,support,0.010384839131840445,1.0384839131840444,0.0454371905752076,0.0,0.0,0.0,0.0,0.0,5.867785277620143,0.1704220506864866
1000.0,205.063729785117,support,0.01038451704183878,1.038451704183878,0.04543880102521592,0.0,0.0,0.0,0.0,0.0,5.868153295226936,0.17041136277291605
1000.0,208.093691726085,support,0.010384667030114328,1.0384667030114327,0.045438051083838187,0.0,0.0,0.0,0.0,0.0,5.867981916882971,0.17041633975095694
1000.0,211.123653667053,support,0.010384730575995402,1.0384730575995402,0.04543773335443281,0.0,0.0,0.0,0.0,0.0,5.867909310131393,0.17041844840264042
1000.0,214.153615608021,support,0.0103844785852849,1.03844785852849,0.04543899330798533,0.0,0.0,0.0,0.0,0.0,5.868197236937792,0.17041008671375726
1000.0,217.18357754899,support,0.010384836824302399,1.03848368243024,0.04543720211289783,0.0,0.0,0.0,0.0,0.0,5.867787914113628,0.17042197411306018
1000.0,220.213539489958,support,0.010384485011576036,1.0384485011576037,0.045438961176529645,0.0,0.0,0.0,0.0,0.0,5.86818989402536,0.17041029994924675
1000.0,223.243501430926,support,0.010384722519390124,1.0384722519390124,0.045437773637459204,0.0,0.0,0.0,0.0,0.0,5.867918515460959,0.17041818105775866
1000.0,226.273463371894,support,0.010384669471857852,1.0384669471857852,0.04543803887512056,0.0,0.0,0.0,0.0,0.0,5.8679791269598915,0.17041642077518507
1000.0,229.303425312862,support,0.010384526203176815,1.0384526203176816,0.04543875521852574,0.0,0.0,0.0,0.0,0.0,5.868142827232275,0.17041166676436412
1000.0,232.333387253831,support,0.010384817110348155,1.0384817110348155,0.045437300682669046,0.0,0.0,0.0,0.0,0.0,5.867810438476085,0.17042131992588833
1000.0,235.363349194799,support,0.010384471422077012,1.038447142207701,0.04543902912402476,0.0,0.0,0.0,0.0,0.0,5.868205421888755,0.17040984902640602
1000.0,238.393311135767,support,0.010384764358193545,1.0384764358193546,0.045437564443442095,0.0,0.0,0.0,0.0,0.0,5.867870711368029,0.17041956941257505
1000.0,241.423273076735,support,0.01038461306114565,1.038461306114565,0.04543832092868157,0.0,0.0,0.0,0.0,0.0,5.8680435818763215,0.1704145489117597
1000.0,244.453235017703,support,0.010384579332726806,1.0384579332726807,0.04543848957077579,0.0,0.0,0.0,0.0,0.0,5.86808212032782,0.17041342971937398
1000.0,247.483196958672,support,0.010384783664320966,1.0384783664320967,0.045437467912804994,0.0,0.0,0.0,0.0,0.0,5.867848652744461,0.17042021005982977
1000.0,250.51315889964,support,0.010384475272762754,1.0384475272762754,0.04543900987059605,0.0,0.0,0.0,0.0,0.0,5.868201021948861,0.1704099767986296
1000.0,253.543120840608,support,0.010384790611827687,1.0384790611827688,0.04543743317527139,0.0,0.0,0.0,0.0,0.0,5.867840714744237,0.17042044060386313
1000.0,256.573082781576,support,0.010384565534056395,1.0384565534056396,0.045438558564127846,0.0,0.0,0.0,0.0,0.0,5.868097886908918,0.1704129718474687
1000.0,259.603044722544,support,0.010384632911110477,1.0384632911110476,0.04543822167885744,0.0,0.0,0.0,0.0,0.0,5.868020901212877,0.17041520758613987
1000.0,262.633006663512,support,0.010384740791421113,1.0384740791421112,0.045437682277304256,0.0,0.0,0.0,0.0,0.0,5.867897638193922,0.17041878738494656
1000.0,265.662968604481,support,0.010384494370243228,1.0384494370243227,0.04543891438319368,0.0,0.0,0.0,0.0,0.0,5.868179200490534,0.1704106104865386
1000.0,268.692930545449,support,0.01038480070746818,1.038480070746818,0.04543738269706892,0.0,0.0,0.0,0.0,0.0,5.867829179805627,0.17042077561520377
1000.0,271.722892486417,support,0.010384529991997165,1.0384529991997165,0.045438736274424,0.0,0.0,0.0,0.0,0.0,5.868138498028285,0.17041179248513025
1000.0,274.752854427385,support,0.010384682343384589,1.0384682343384588,0.04543797451748688,0.0,0.0,0.0,0.0,0.0,5.867964420044278,0.1704168478909172
1000.0,277.782816368354,support,0.01038469309261138,1.0384693092611381,0.04543792077135292,0.0,0.0,0.0,0.0,0.0,5.867952138081847,0.17041720458321363
1000.0,280.812778309322,support,0.010384525566947023,1.0384525566947023,0.045438758399674706,0.0,0.0,0.0,0.0,0.0,5.868143554205182,0.1704116456529745
1000.0,283.84274025029,support,0.010384795369351937,1.0384795369351936,0.04543740938765014,0.0,0.0,0.0,0.0,0.0,5.86783527895453,0.17042059847633786
1000.0,286.872702191258,support,0.010384508317667471,1.0384508317667471,0.045438844646072465,0.0,0.0,0.0,0.0,0.0,5.868163263720333,0.17041107328803495
1000.0,289.902664132226,support,0.010384723784899992,1.0384723784899992,0.04543776730990986,0.0,0.0,0.0,0.0,0.0,5.867917069511614,0.17041822305154525
1000.0,292.932626073194,support,0.010384645121228402,1.0384645121228402,0.04543816062826781,0.0,0.0,0.0,0.0,0.0,5.868006949918086,0.17041561275144018
1000.0,295.962588014163,support,0.010384565054508979,1.0384565054508978,0.04543856096186493,0.0,0.0,0.0,0.0,0.0,5.868098434848214,0.1704129559349947
1000.0,298.992549955131,support,0.010384776469801309,1.038477646980131,0.045437503885403276,0.0,0.0,0.0,0.0,0.0,5.867856872985127,0.17041997131932002
1000.0,302.022511896099,support,0.010384501132223209,1.038450113222321,0.045438880573293775,0.0,0.0,0.0,0.0,0.0,5.868171474031901,0.1704108348614633
1000.0,305.052473837067,support,0.01038475436125618,1.038475436125618,0.04543761442812892,0.0,0.0,0.0,0.0,0.0,5.867882133612507,0.17041923767892034
1000.0,308.082435778035,support,0.010384601057583084,1.0384601057583085,0.0454383809464944,0.0,0.0,0.0,0.0,0.0,5.8680572972460645,0.17041415060301296
1000.0,311.112397719004,support,0.010384608689425439,1.0384608689425439,0.04543834278728263,0.0,0.0,0.0,0.0,0.0,5.8680485770362365,0.17041440384685227
1000.0,314.142359659972,support,0.010384746807916151,1.038474680791615,0.04543765219482907,0.0,0.0,0.0,0.0,0.0,5.867890763880029,0.17041898703287542
1000.0,317.17232160094,support,0.010384507841881583,1.0384507841881583,0.04543884702500191,0.0,0.0,0.0,0.0,0.0,5.868163807367697,0.17041105750055288
1000.0,320.202283541908,support,0.01038477231015237,1.038477231015237,0.04543752468364798,0.0,0.0,0.0,0.0,0.0,5.867861625679512,0.17041983328708737
1000.0,323.232245482876,support,0.010384564425480206,1.0384564425480205,0.04543856410700879,0.0,0.0,0.0,0.0,0.0,5.8680991535876075,0.1704129350623916
1000.0,326.262207423845,support,0.010384652326280185,1.0384652326280184,0.045438124603008896,0.0,0.0,0.0,0.0,0.0,5.867998717433188,0.1704158518353299
1000.0,329.292169364813,support,0.010384709833689564,1.0384709833689565,0.045437837065962,0.0,0.0,0.0,0.0,0.0,5.867933009939242,0.1704177601049938
1000.0,332.322131305781,support,0.010384526768630577,1.0384526768630578,0.045438752391256935,0.0,0.0,0.0,0.0,0.0,5.86814218113,0.17041168552726427
1000.0,335.352093246749,support,0.010384777036473619,1.0384777036473618,0.04543750105204173,0.0,0.0,0.0,0.0,0.0,5.86785622552206,0.17041999012357031
1000.0,338.382055187717,support,0.010384537870514401,1.03845378705144,0.04543869688183782,0.0,0.0,0.0,0.0,0.0,5.8681294958412265,0.17041205391065503
1000.0,341.412017128686,support,0.010384692133792357,1.0384692133792357,0.04543792556544804,0.0,0.0,0.0,0.0,0.0,5.867953233618135,0.17041717276662882
1000.0,344.441979069654,support,0.010384669339388265,1.0384669339388264,0.0454380395374685,0.0,0.0,0.0,0.0,0.0,5.8679792783189,0.1704164163794537
1000.0,347.471941010622,support,0.010384555352956518,1.038455535295652,0.04543860946962723,0.0,0.0,0.0,0.0,0.0,5.8681095200233315,0.17041263401573734
1000.0,350.50190295159,support,0.01038476907918478,1.0384769079184781,0.04543754083848592,0.0,0.0,0.0,0.0,0.0,5.867865317292141,0.17041972607194614
1000.0,353.531864892558,support,0.01038452301454114,1.038452301454114,0.04543877116170412,0.0,0.0,0.0,0.0,0.0,5.86814647065223,0.1704115609590182
1000.0,356.561826833527,support,0.010384724870916101,1.0384724870916102,0.045437761879829314,0.0,0.0,0.0,0.0,0.0,5.867915828648971,0.1704182590891458
1000.0,359.591788774495,support,0.010384629142104035,1.0384629142104034,0.04543824052388965,0.0,0.0,0.0,0.0,0.0,5.868025207690675,0.1704150825203329
1000.0,362.621750715463,support,0.01038459041110804,1.0384590411108041,0.04543843417886962,0.0,0.0,0.0,0.0,0.0,5.868069462023222,0.17041379732666204
1000.0,365.651712656431,support,0.010384749995623192,1.0384749995623193,0.045437636256293865,0.0,0.0,0.0,0.0,0.0,5.867887121679872,0.17041909281201675
1000.0,368.681674597399,support,0.010384520394355985,1.0384520394355985,0.0454387842626299,0.0,0.0,0.0,0.0,0.0,5.8681494645471926,0.1704114740160531
1000.0,371.711636538368,support,0.010384748103968413,1.0384748103968413,0.04543764571456776,0.0,0.0,0.0,0.0,0.0,5.8678892830404905,0.17041903004036277
1000.0,374.741598479336,support,0.010384592781424389,1.0384592781424389,0.04543842232728788,0.0,0.0,0.0,0.0,0.0,5.868066753672029,0.17041387597955246
1000.0,377.771560420304,support,0.010384628425625984,1.0384628425625984,0.045438244106279904,0.0,0.0,0.0,0.0,0.0,5.86802602634095,0.1704150587456677
1000.0,380.801522361272,support,0.010384722175038719,1.0384722175038719,0.04543777535921623,0.0,0.0,0.0,0.0,0.0,5.867918908910887,0.17041816963104636
1000.0,383.83148430224,support,0.010384529485820658,1.0384529485820657,0.04543873880530653,0.0,0.0,0.0,0.0,0.0,5.8681390763984504,0.17041177568915877
1000.0,386.861446243209,support,0.01038476035090048,1.038476035090048,0.04543758447990742,0.0,0.0,0.0,0.0,0.0,5.867875289995735,0.17041943643637436
1000.0,389.891408184177,support,0.010384563254266566,1.0384563254266566,0.045438569963077,0.0,0.0,0.0,0.0,0.0,5.868100491837252,0.17041289619887007
1000.0,392.921370125145,support,0.010384665845969927,1.0384665845969927,0.04543805700456019,0.0,0.0,0.0,0.0,0.0,5.867983269880503,0.17041630045757858
1000.0,395.951332066113,support,0.010384688598338751,1.0384688598338752,0.045437943242716064,0.0,0.0,0.0,0.0,0.0,5.867957273191101,0.1704170554493799
1000.0,398.981294007081,support,0.010384548808056681,1.0384548808056682,0.04543864219412642,0.0,0.0,0.0,0.0,0.0,5.868116998360007,0.17041241684163339
1000.0,402.01125594805,support,0.010384761144897081,1.0384761144897081,0.04543758050992441,0.0,0.0,0.0,0.0,0.0,5.867874382795808,0.17041946278399026
1000.0,405.041217889018,support,0.010384542805334317,1.0384542805334316,0.045438672207738236,0.0,0.0,0.0,0.0,0.0,5.8681238572019705,0.17041221765840817
1000.0,408.071179829986,support,0.010384699376063561,1.0384699376063562,0.045437889354092015,0.0,0.0,0.0,0.0,0.0,5.867944958682145,0.17041741308776445
1000.0,411.101141770954,support,0.010384652564548364,1.0384652564548364,0.045438123411668,0.0,0.0,0.0,0.0,0.0,5.867998445188405,0.17041585974174414
1000.0,414.131103711922,support,0.010384576096342557,1.0384576096342557,0.04543850575269704,0.0,0.0,0.0,0.0,0.0,5.868085818268328,0.17041332232852383
1000.0,417.16106565289,support,0.01038475101597149,1.0384751015971492,0.04543763115455237,0.0,0.0,0.0,0.0,0.0,5.867885955854041,0.17041912667071513
1000.0,420.191027593859,support,0.010384532786714692,1.038453278671469,0.045438722300836364,0.0,0.0,0.0,0.0,0.0,5.868135304713903,0.17041188521960204
1000.0,423.220989534827,support,0.010384726227425277,1.0384726227425276,0.04543775509728344,0.0,0.0,0.0,0.0,0.0,5.867914278726144,0.1704183041026101
1000.0,426.250951475795,support,0.010384617406311596,1.0384617406311596,0.04543829920285184,0.0,0.0,0.0,0.0,0.0,5.868038617061719,0.17041469309565077
1000.0,429.280913416763,support,0.010384608527484178,1.0384608527484178,0.04543834359698893,0.0,0.0,0.0,0.0,0.0,5.868048762071602,0.1704143984732276
1000.0,432.310875357732,support,0.01038473139558048,1.038473139558048,0.04543772925650743,0.0,0.0,0.0,0.0,0.0,5.867908373689311,0.17041847559921477
1000.0,435.3408372987,support,0.010384533594312996,1.0384533594312997,0.045438718262844846,0.0,0.0,0.0,0.0,0.0,5.868134381932136,0.17041191201738312
1000.0,438.370799239668,support,0.010384744319999015,1.0384744319999015,0.04543766463441475,0.0,0.0,0.0,0.0,0.0,5.8678936065180345,0.17041890447522834
1000.0,441.400761180636,support,0.010384586216758966,1.0384586216758966,0.04543845515061499,0.0,0.0,0.0,0.0,0.0,5.868074254538612,0.17041365814799606
1000.0,444.430723121604,support,0.010384642978016664,1.0384642978016663,0.045438171344326504,0.0,0.0,0.0,0.0,0.0,5.868009398751884,0.17041554163370945
1000.0,447.460685062572,support,0.01038470445501189,1.038470445501189,0.045437863959350365,0.0,0.0,0.0,0.0,0.0,5.867939155541013,0.17041758162330534
1000.0,450.490647003541,support,0.010384544682599889,1.0384544682599888,0.04543866282141038,0.0,0.0,0.0,0.0,0.0,5.868121712196377,0.17041227995008823
1000.0,453.520608944509,support,0.010384752417542034,1.0384752417542034,0.04543762414669965,0.0,0.0,0.0,0.0,0.0,5.867884354453065,0.17041917317970187
1000.0,456.550570885477,support,0.010384561608289851,1.038456160828985,0.045438578192960564,0.0,0.0,0.0,0.0,0.0,5.868102372560185,0.17041284158164946
1000.0,459.580532826445,support,0.010384676293845723,1.0384676293845723,0.04543800476518121,0.0,0.0,0.0,0.0,0.0,5.867971332200103,0.1704166471490013
1000.0,462.610494767413,support,0.010384672892983782,1.0384672892983782,0.04543802176949091,0.0,0.0,0.0,0.0,0.0,5.867975218001951,0.17041653429826523
1000.0,465.640456708382,support,0.010384564653045597,1.0384564653045598,0.045438562969181834,0.0,0.0,0.0,0.0,0.0,5.8680988935673595,0.17041294261352774
1000.0,468.67041864935,support,0.010384750190008942,1.0384750190008942,0.04543763528436511,0.0,0.0,0.0,0.0,0.0,5.867886899579293,0.1704190992624102
1000.0,471.700380590318,support,0.010384545520532558,1.0384545520532558,0.04543865863174703,0.0,0.0,0.0,0.0,0.0,5.868120754756035,0.17041230775449076
1000.0,474.730342531286,support,0.010384705549939678,1.038470554993968,0.04543785848471143,0.0,0.0,0.0,0.0,0.0,5.867937904491339,0.17041761795648805
1000.0,477.760304472254,support,0.010384639691159233,1.0384639691159234,0.04543818777861366,0.0,0.0,0.0,0.0,0.0,5.86801315431727,0.1704154325666892
1000.0,480.790266413223,support,0.01038459140611908,1.038459140611908,0.045438429203814426,0.0,0.0,0.0,0.0,0.0,5.868068325111813,0.17041383034355612
1000.0,483.820228354191,support,0.010384738201322038,1.038473820132204,0.045437695227799633,0.0,0.0,0.0,0.0,0.0,5.867900597586204,0.17041870143665283
1000.0,486.850190295159,support,0.010384539090196834,1.0384539090196834,0.045438690783425655,0.0,0.0,0.0,0.0,0.0,5.868128102203395,0.17041209438228094
1000.0,489.880152236127,support,0.010384728280348055,1.0384728280348055,0.04543774483266955,0.0,0.0,0.0,0.0,0.0,5.867911933094516,0.1704183722254055
1000.0,492.910114177095,support,0.010384607857986046,1.0384607857986046,0.045438346944479596,0.0,0.0,0.0,0.0,0.0,5.868049527045531,0.17041437625757122
1000.0,495.940076118064,support,0.010384622342241242,1.038462234224124,0.04543827452320361,0.0,0.0,0.0,0.0,0.0,5.868032977241806,0.17041485688276367
1000.0,498.970038059032,support,0.01038471782676717,1.0384717826767171,0.04543779710057397,0.0,0.0,0.0,0.0,0.0,5.867923877172615,0.1704180253411599
1000.0,502.0,support,0.010384542590223596,1.0384542590223595,0.04543867328329185,0.0,0.0,0.0,0.0,0.0,5.868124102992338,0.1704122105205766
1000.0,505.029961940968,support,0.010384742661977262,1.0384742661977262,0.04543767292452351,0.0,0.0,0.0,0.0,0.0,5.867895500937058,0.17041884945638647
1000.0,508.059923881936,support,0.010384580181279083,1.0384580181279084,0.04543848532801441,0.0,0.0,0.0,0.0,0.0,5.868081150759825,0.17041345787634782
1000.0,511.089885822905,support,0.010384654593934598,1.0384654593934597,0.04543811326473683,0.0,0.0,0.0,0.0,0.0,5.8679961264159335,0.1704159270825528
1000.0,514.119847763873,support,0.01038469110950533,1.038469110950533,0.04543793068688318,0.0,0.0,0.0,0.0,0.0,5.867954403957683,0.1704171387776195
1000.0,517.149809704841,support,0.010384555439931387,1.0384555439931387,0.04543860903475289,0.0,0.0,0.0,0.0,0.0,5.86810942064413,0.17041263690175568
1000.0,520.179771645809,support,0.010384747639847444,1.0384747639847445,0.045437648035172605,0.0,0.0,0.0,0.0,0.0,5.867889813334403,0.17041901463922587
1000.0,523.209733586777,support,0.0103845590083918,1.0384559008391798,0.045438591192450827,0.0,0.0,0.0,0.0,0.0,5.868105343252218,0.17041275531120248
1000.0,526.239695527746,support,0.010384685269777923,1.0384685269777922,0.045437959885520206,0.0,0.0,0.0,0.0,0.0,5.8679610763730485,0.17041694499754487
1000.0,529.269657468714,support,0.010384660569979961,1.0384660569979962,0.04543808338451002,0.0,0.0,0.0,0.0,0.0,5.867989298204311,0.17041612538489365
1000.0,532.299619409682,support,0.01038457628231049,1.0384576282310491,0.04543850482285737,0.0,0.0,0.0,0.0,0.0,5.868085605778552,0.17041332849937596
1000.0,535.32958135065,support,0.010384742986639724,1.0384742986639723,0.0454376713012112,0.0,0.0,0.0,0.0,0.0,5.867895129984852,0.17041886022979785
1000.0,538.359543291618,support,0.010384546069844593,1.0384546069844593,0.045438655885186856,0.0,0.0,0.0,0.0,0.0,5.868120127100079,0.17041232598184425
1000.0,541.389505232587,support,0.010384711690738423,1.0384711690738422,0.04543782778071771,0.0,0.0,0.0,0.0,0.0,5.867930888102723,0.17041782172784414
1000.0,544.419467173555,support,0.010384628985025603,1.0384628985025603,0.04543824130928181,0.0,0.0,0.0,0.0,0.0,5.86802538716902,0.17041507730804856
1000.0,547.449429114523,support,0.010384603119589888,1.0384603119589888,0.04543837063646038,0.0,0.0,0.0,0.0,0.0,5.8680549411777765,0.17041421902557888
1000.0,550.479391055491,support,0.01038472929472854,1.038472929472854,0.04543773976076712,0.0,0.0,0.0,0.0,0.0,5.867910774082467,0.17041840588592871
1000.0,553.509352996459,support,0.010384542358204341,1.038454235820434,0.045438674443388116,0.0,0.0,0.0,0.0,0.0,5.868124368102788,0.17041220282168423
1000.0,556.539314937428,support,0.010384731600927528,1.0384731600927528,0.045437728229772184,0.0,0.0,0.0,0.0,0.0,5.867908139063761,0.17041848241331747
1000.0,559.569276878396,support,0.010384599155031368,1.0384599155031367,0.045438390459252985,0.0,0.0,0.0,0.0,0.0,5.868059471120315,0.17041408747159179
1000.0,562.599238819364,support,0.010384633494128177,1.0384633494128177,0.04543821876376894,0.0,0.0,0.0,0.0,0.0,5.868020235055426,0.17041522693224906
1000.0,565.629200760332,support,0.010384707904194953,1.0384707904194954,0.04543784671343506,0.0,0.0,0.0,0.0,0.0,5.86793521455202,0.17041769607818408
1000.0,568.6591627013,support,0.010384548069200332,1.0384548069200332,0.045438645888408166,0.0,0.0,0.0,0.0,0.0,5.868117842593011,0.17041239232477967
1000.0,571.689124642268,support,0.010384743337633721,1.0384743337633722,0.04543766954624122,0.0,0.0,0.0,0.0,0.0,5.867894728946842,0.17041887187698032
1000.0,574.719086583237,support,0.010384573677593836,1.0384573677593836,0.04543851784644064,0.0,0.0,0.0,0.0,0.0,5.868088581967907,0.17041324206879005
1000.0,577.749048524205,support,0.010384664698797966,1.0384664698797965,0.04543806274042,0.0,0.0,0.0,0.0,0.0,5.867984580633804,0.17041626239106264
1000.0,580.779010465173,support,0.010384680775060742,1.0384680775060742,0.045437982359106115,0.0,0.0,0.0,0.0,0.0,5.867966211998066,0.1704167958491867
1000.0,583.808972406141,support,0.010384562606956357,1.0384562606956356,0.04543857319962804,0.0,0.0,0.0,0.0,0.0,5.868101231465598,0.17041287471965497
1000.0,586.83893434711,support,0.010384745949331153,1.0384745949331153,0.04543765648775406,0.0,0.0,0.0,0.0,0.0,5.867891744879725,0.17041895854206784
1000.0,589.868896288078,support,0.010384554744699653,1.0384554744699654,0.04543861251091155,0.0,0.0,0.0,0.0,0.0,5.868110215029688,0.17041261383243136
1000.0,592.898858229046,support,0.010384693999536792,1.0384693999536792,0.04543791623672586,0.0,0.0,0.0,0.0,0.0,5.867951101838832,0.17041723467781306
1000.0,595.928820170014,support,0.010384650315857377,1.0384650315857378,0.04543813465512293,0.0,0.0,0.0,0.0,0.0,5.868001014539097,0.17041578512381106
1000.0,598.958782110982,support,0.010384584650226028,1.0384584650226028,0.04543846298327968,0.0,0.0,0.0,0.0,0.0,5.868076044479626,0.17041360616666631
1000.0,601.98874405195,support,0.010384739254887707,1.0384739254887707,0.045437689959971286,0.0,0.0,0.0,0.0,0.0,5.867899393804229,0.17041873639753868
1000.0,605.018705992919,support,0.010384543977855964,1.0384543977855965,0.045438666345130004,0.0,0.0,0.0,0.0,0.0,5.868122517452443,0.17041225656517733
1000.0,608.048667933887,support,0.010384718852655362,1.0384718852655361,0.04543779197113301,0.0,0.0,0.0,0.0,0.0,5.867922705009691,0.17041805938347795
1000.0,611.078629874855,support,0.010384619183376702,1.0384619183376702,0.04543829031752631,0.0,0.0,0.0,0.0,0.0,5.868036586576892,0.1704147520633214
1000.0,614.108591815823,support,0.010384612272015627,1.0384612272015628,0.04543832487433169,0.0,0.0,0.0,0.0,0.0,5.868044483541821,0.17041452272638913
1000.0,617.138553756792,support,0.010384723842006002,1.0384723842006,0.045437767024379815,0.0,0.0,0.0,0.0,0.0,5.8679170042633,0.170418224946511
1000.0,620.16851569776,support,0.010384542311978941,1.0384542311978942,0.045438674674515116,0.0,0.0,0.0,0.0,0.0,5.868124420920979,0.17041220128782716
1000.0,623.198477638728,support,0.010384737100779286,1.0384737100779287,0.04543770073051339,0.0,0.0,0.0,0.0,0.0,5.867901855043467,0.1704186649169156
1000.0,626.228439579696,support,0.010384590069882424,1.0384590069882425,0.045438435884997706,0.0,0.0,0.0,0.0,0.0,5.868069851911707,0.17041378600396498
1000.0,629.258401520664,support,0.010384643101344753,1.0384643101344753,0.04543817072768606,0.0,0.0,0.0,0.0,0.0,5.868009257837176,0.17041554572607795
1000.0,632.288363461633,support,0.010384701007631829,1.038470100763183,0.04543788119625068,0.0,0.0,0.0,0.0,0.0,5.867943094472572,0.17041746722833256
1000.0,635.318325402601,support,0.010384549934600619,1.038454993460062,0.045438636561406724,0.0,0.0,0.0,0.0,0.0,5.868115711147138,0.17041245422280765
1000.0,638.348287343569,support,0.010384747133744274,1.0384747133744274,0.04543765056568845,0.0,0.0,0.0,0.0,0.0,5.867890391596264,0.17041899784497616
1000.0,641.378249284537,support,0.010384565494144965,1.0384565494144964,0.045438558763685,0.0,0.0,0.0,0.0,0.0,5.868097932512418,0.17041297052311657
1000.0,644.408211225505,support,0.010384674513290245,1.0384674513290246,0.0454380136679586,0.0,0.0,0.0,0.0,0.0,5.867973366650427,0.17041658806485396
1000.0,647.438173166474,support,0.010384672647291485,1.0384672647291486,0.045438022997952396,0.0,0.0,0.0,0.0,0.0,5.867975498728407,0.1704165261454654
1000.0,650.468135107442,support,0.010384566282451695,1.0384566282451695,0.045438554822151346,0.0,0.0,0.0,0.0,0.0,5.868097031779415,0.1704129966809299
1000.0,653.49809704841,support,0.010384748004141232,1.038474800414123,0.045437646213703664,0.0,0.0,0.0,0.0,0.0,5.867889397100719,0.170419026727752
1000.0,656.528058989378,support,0.01038454761150182,1.038454761150182,0.04543864817690072,0.0,0.0,0.0,0.0,0.0,5.868118365569143,0.17041237713735366
1000.0,659.558020930346,support,0.010384703832118584,1.0384703832118585,0.045437867073816904,0.0,0.0,0.0,0.0,0.0,5.867939867250598,0.1704175609537298
1000.0,662.587982871314,support,0.010384641103742813,1.0384641103742813,0.04543818071569576,0.0,0.0,0.0,0.0,0.0,5.868011540298081,0.1704154794401107
1000.0,665.617944812283,support,0.010384590093075276,1.0384590093075277,0.04543843576903344,0.0,0.0,0.0,0.0,0.0,5.868069825411274,0.17041378677356028
1000.0,668.647906753251,support,0.010384739491161282,1.0384739491161281,0.04543768877860341,0.0,0.0,0.0,0.0,0.0,5.867899123843046,0.17041874423789907
1000.0,671.677868694219,support,0.01038453805585416,1.038453805585416,0.045438695955139025,0.0,0.0,0.0,0.0,0.0,5.868129284067638,0.17041206006061704
1000.0,674.707830635187,support,0.010384728532186187,1.0384728532186187,0.045437743573478885,0.0,0.0,0.0,0.0,0.0,5.867911645348984,0.17041838058223296
1000.0,677.737792576156,support,0.010384608987769078,1.0384608987769077,0.045438341295564434,0.0,0.0,0.0,0.0,0.0,5.868048236146448,0.17041441374665672
1000.0,680.767754517124,support,0.010384619505171961,1.0384619505171961,0.04543828870855002,0.0,0.0,0.0,0.0,0.0,5.8680362188918505,0.1704147627413324
1000.0,683.797716458092,support,0.010384722110604115,1.0384722110604114,0.04543777568138925,0.0,0.0,0.0,0.0,0.0,5.867918982532747,0.17041816749289437
1000.0,686.82767839906,support,0.010384537823397743,1.0384537823397744,0.04543869711742111,0.0,0.0,0.0,0.0,0.0,5.8681295496778345,0.1704120523472255
1000.0,689.857640340028,support,0.010384746422375486,1.0384746422375486,0.045437654122532395,0.0,0.0,0.0,0.0,0.0,5.8678912043900056,0.1704189742393076
1000.0,692.887602280996,support,0.010384578985226293,1.0384578985226294,0.04543849130827836,0.0,0.0,0.0,0.0,0.0,5.868082517386934,0.17041341818848543
1000.0,695.917564221965,support,0.010384652198155125,1.0384652198155124,0.0454381252436342,0.0,0.0,0.0,0.0,0.0,5.867998863828653,0.17041584758377695
1000.0,698.947526162933,support,0.010384697073012922,1.0384697073012923,0.04543790086934521,0.0,0.0,0.0,0.0,0.0,5.867947590120117,0.170417336665328
1000.0,701.977488103901,support,0.010384547204193836,1.0384547204193837,0.045438650213440644,0.0,0.0,0.0,0.0,0.0,5.868118830968015,0.1704123636219954
1000.0,705.007450044869,support,0.01038475580191677,1.038475580191677,0.045437607224825975,0.0,0.0,0.0,0.0,0.0,5.86788048754926,0.17041928548508206
1000.0,708.037411985838,support,0.010384553664600664,1.0384553664600664,0.045438617911406506,0.0,0.0,0.0,0.0,0.0,5.868111449172417,0.17041257799236764
1000.0,711.067373926806,support,0.010384685559107126,1.0384685559107125,0.045437958438874194,0.0,0.0,0.0,0.0,0.0,5.867960745788156,0.17041695459837042
1000.0,714.097335867774,support,0.010384666195600405,1.0384666195600405,0.045438055256407796,0.0,0.0,0.0,0.0,0.0,5.867982870394415,0.17041631205934063
1000.0,717.127297808742,support,0.010384565763783033,1.0384565763783034,0.04543855741549466,0.0,0.0,0.0,0.0,0.0,5.8680976244192475,0.17041297947032158
1000.0,720.15725974971,support,0.010384755578336817,1.0384755578336817,0.04543760834272574,0.0,0.0,0.0,0.0,0.0,5.867880743006169,0.17041927806591564
1000.0,723.187221690678,support,0.01038453529836151,1.038453529836151,0.04543870974260227,0.0,0.0,0.0,0.0,0.0,5.868132434844698,0.17041196856124896
1000.0,726.217183631646,support,0.010384716864079206,1.0384716864079206,0.04543780191401379,0.0,0.0,0.0,0.0,0.0,5.867924977124213,0.1704179933960379
1000.0,729.247145572615,support,0.010384631776658201,1.0384631776658202,0.04543822735111882,0.0,0.0,0.0,0.0,0.0,5.868022197441037,0.1704151699419416
1000.0,732.277107513583,support,0.010384592373206809,1.038459237320681,0.04543842436837578,0.0,0.0,0.0,0.0,0.0,5.868067220106121,0.17041386243389275
1000.0,735.307069454551,support,0.010384745341682676,1.0384745341682675,0.04543765952599644,0.0,0.0,0.0,0.0,0.0,5.867892439165158,0.17041893837820124
1000.0,738.337031395519,support,0.010384525709498577,1.0384525709498575,0.04543875768691694,0.0,0.0,0.0,0.0,0.0,5.868143391322017,0.17041165038312275
1000.0,741.366993336488,support,0.01038474346048377,1.038474346048377,0.04543766893199098,0.0,0.0,0.0,0.0,0.0,5.8678945885810885,0.17041887595356572
1000.0,744.396955277456,support,0.010384596443333166,1.0384596443333167,0.04543840401774399,0.0,0.0,0.0,0.0,0.0,5.868062569534667,0.17041399749070832
1000.0,747.426917218424,support,0.010384625282338408,1.0384625282338407,0.045438259822717784,0.0,0.0,0.0,0.0,0.0,5.868029617873456,0.1704149544429864
1000.0,750.456879159392,support,0.010384725392797986,1.0384725392797987,0.045437759270419896,0.0,0.0,0.0,0.0,0.0,5.86791523235613,0.17041827640691265
1000.0,753.48684110036,support,0.010384526152013771,1.038452615201377,0.04543875547434097,0.0,0.0,0.0,0.0,0.0,5.868142885692513,0.17041166506667088
1000.0,756.516803041328,support,0.01038476293813372,1.038476293813372,0.04543757154374122,0.0,0.0,0.0,0.0,0.0,5.867872333890644,0.17041952228994017
1000.0,759.546764982297,support,0.010384562984928306,1.0384562984928305,0.04543857130976829,0.0,0.0,0.0,0.0,0.0,5.868100799588004,0.17041288726161782
1000.0,762.576726923265,support,0.010384662228503401,1.03846622285034,0.045438075091892814,0.0,0.0,0.0,0.0,0.0,5.867987403181779,0.17041618041950354
1000.0,765.606688864233,support,0.010384696727010359,1.0384696727010359,0.04543790259935803,0.0,0.0,0.0,0.0,0.0,5.8679479854585885,0.17041732518388172
1000.0,768.636650805201,support,0.010384537231007053,1.0384537231007054,0.04543870007937456,0.0,0.0,0.0,0.0,0.0,5.868130226557495,0.17041203269046132
1000.0,771.66661274617,support,0.010384773278103696,1.0384773278103696,0.04543751984389134,0.0,0.0,0.0,0.0,0.0,5.867860519726022,0.1704198654072117
1000.0,774.696574687138,support,0.010384534184240101,1.0384534184240102,0.04543871531320932,0.0,0.0,0.0,0.0,0.0,5.868133707866949,0.17041193159238652
1000.0,777.726536628106,support,0.010384700570180363,1.0384700570180363,0.04543788338350801,0.0,0.0,0.0,0.0,0.0,5.867943594299108,0.170417452712315
1000.0,780.756498569074,support,0.010384660977925744,1.0384660977925744,0.0454380813447811,0.0,0.0,0.0,0.0,0.0,5.867988832086964,0.17041613892171428
1000.0,783.786460510042,support,0.010384558864691442,1.0384558864691442,0.04543859191095261,0.0,0.0,0.0,0.0,0.0,5.868105507446971,0.1704127505429037
1000.0,786.816422451011,support,0.010384772970845068,1.0384772970845069,0.04543752138018448,0.0,0.0,0.0,0.0,0.0,5.867860870790915,0.170419855211259
1000.0,789.846384391979,support,0.010384512659011079,1.0384512659011078,0.04543882293935443,0.0,0.0,0.0,0.0,0.0,5.868158303171988,0.17041121734215275
1000.0,792.876346332947,support,0.010384737434056527,1.0384737434056526,0.04543769906412719,0.0,0.0,0.0,0.0,0.0,5.867901474247794,0.17041867597618277
1000.0,795.906308273915,support,0.010384620328917411,1.038462032891741,0.04543828458982276,0.0,0.0,0.0,0.0,0.0,5.86803527767585,0.17041479007537075
1000.0,798.936270214883,support,0.010384590287312746,1.0384590287312745,0.045438434797846095,0.0,0.0,0.0,0.0,0.0,5.868069603473208,0.17041379321883254
1000.0,801.966232155852,support,0.010384761097608997,1.0384761097608997,0.045437580746364836,0.0,0.0,0.0,0.0,0.0,5.867874436825943,0.17041946121480422
1000.0,804.99619409682,support,0.010384500724539121,1.038450072453912,0.045438882611714214,0.0,0.0,0.0,0.0,0.0,5.868171939864734,0.17041082133374755
1000.0,808.026156037788,support,0.01038476986282838,1.038476986282838,0.04543753692026792,0.0,0.0,0.0,0.0,0.0,5.867864421922806,0.17041975207605697
1000.0,811.056117978756,support,0.01038457740239642,1.038457740239642,0.045438499222427715,0.0,0.0,0.0,0.0,0.0,5.868084325951586,0.1704133656664583
1000.0,814.086079919724,support,0.01038463008879628,1.038463008879628,0.045438235790428425,0.0,0.0,0.0,0.0,0.0,5.868024125997045,0.1704151139341283
1000.0,817.116041860692,support,0.010384737371950264,1.0384737371950263,0.045437699374658504,0.0,0.0,0.0,0.0,0.0,5.867901545209121,0.17041867391528667
1000.0,820.146003801661,support,0.010384500287203106,1.0384500287203107,0.045438884798394294,0.0,0.0,0.0,0.0,0.0,5.8681724395788475,0.1704108068221269
1000.0,823.175965742629,support,0.010384794950534813,1.0384794950534812,0.04543741148173576,0.0,0.0,0.0,0.0,0.0,5.867835757480908,0.17042058457841108
1000.0,826.205927683597,support,0.010384535139174568,1.0384535139174569,0.04543871053853698,0.0,0.0,0.0,0.0,0.0,5.868132616735557,0.1704119632790951
1000.0,829.235889624565,support,0.010384676283947628,1.038467628394763,0.04543800481467168,0.0,0.0,0.0,0.0,0.0,5.867971343509596,0.17041664682055288
1000.0,832.265851565534,support,0.010384702140630326,1.0384702140630326,0.04543787553125819,0.0,0.0,0.0,0.0,0.0,5.867941799922954,0.17041750482479737
1000.0,835.295813506502,support,0.010384512777599279,1.038451277759928,0.04543882234641343,0.0,0.0,0.0,0.0,0.0,5.868158167669642,0.17041122127713867
1000.0,838.32577544747,support,0.010384809951338267,1.0384809951338267,0.04543733647771849,0.0,0.0,0.0,0.0,0.0,5.867818618091065,0.17042108236217476
1000.0,841.355737388438,support,0.010384496682693065,1.0384496682693065,0.045438902820944496,0.0,0.0,0.0,0.0,0.0,5.868176558208866,0.1704106872178414
1000.0,844.385699329406,support,0.010384726401067638,1.0384726401067639,0.045437754229071634,0.0,0.0,0.0,0.0,0.0,5.867914080325554,0.17041830986463927
1000.0,847.415661270374,support,0.010384656345317704,1.0384656345317704,0.0454381045078213,0.0,0.0,0.0,0.0,0.0,5.867994125289993,0.1704159851984481
1000.0,850.445623211343,support,0.010384539131925675,1.0384539131925674,0.04543869057478145,0.0,0.0,0.0,0.0,0.0,5.868128054523044,0.17041209576693178
1000.0,853.475585152311,support,0.01038481234538892,1.038481234538892,0.04543732450746522,0.0,0.0,0.0,0.0,0.0,5.867815882737715,0.1704211618060237
1000.0,856.505547093279,support,0.010384465286687962,1.0384465286687963,0.04543905980097001,0.0,0.0,0.0,0.0,0.0,5.868212432424306,0.1704096454440854
1000.0,859.535509034247,support,0.010384777576277983,1.0384777576277984,0.045437498353019905,0.0,0.0,0.0,0.0,0.0,5.867855608757578,0.1704200080362464
1000.0,862.565470975216,support,0.010384601447764985,1.0384601447764985,0.0454383789955849,0.0,0.0,0.0,0.0,0.0,5.868056851420498,0.1704141635502265
1000.0,865.595432916184,support,0.010384579832659216,1.0384579832659215,0.045438487071113746,0.0,0.0,0.0,0.0,0.0,5.868081549097864,0.17041344630831454
1000.0,868.625394857152,support,0.01038479983941673,1.0384799839416732,0.045437387037326166,0.0,0.0,0.0,0.0,0.0,5.867830171611067,0.17042074680996444
1000.0,871.65535679812,support,0.010384444272452715,1.0384444272452715,0.04543916487214625,0.0,0.0,0.0,0.0,0.0,5.86823644417506,0.17040894815896893
1000.0,874.685318739088,support,0.010384826634167886,1.0384826634167887,0.04543725306357039,0.0,0.0,0.0,0.0,0.0,5.867799556936147,0.1704216359636775
1000.0,877.715280680056,support,0.010384539321157316,1.0384539321157316,0.04543868962862324,0.0,0.0,0.0,0.0,0.0,5.868127838302551,0.17041210204603618
1000.0,880.745242621025,support,0.010384635027501657,1.0384635027501656,0.04543821109690154,0.0,0.0,0.0,0.0,0.0,5.868018483019504,0.17041527781375196
1000.0,883.775204561993,support,0.010384770264717312,1.0384770264717311,0.04543753491082326,0.0,0.0,0.0,0.0,0.0,5.867863962735768,0.17041976541217752
1000.0,886.805166502961,support,0.010384437079075083,1.0384437079075084,0.045439200839034403,0.0,0.0,0.0,0.0,0.0,5.8682446636540515,0.1704087094721299
1000.0,889.835128443929,support,0.010384870123746608,1.0384870123746608,0.04543703561567678,0.0,0.0,0.0,0.0,0.0,5.867749867719152,0.1704230791263618
1000.0,892.865090384897,support,0.010384472108097448,1.038447210809745,0.04543902569392258,0.0,0.0,0.0,0.0,0.0,5.868204638015489,0.17040987178970984
1000.0,895.895052325866,support,0.010384704766467377,1.0384704766467376,0.04543786240207294,0.0,0.0,0.0,0.0,0.0,5.867938799676163,0.17041759195838707
1000.0,898.925014266834,support,0.010384721297994455,1.0384721297994455,0.04543777974443755,0.0,0.0,0.0,0.0,0.0,5.867919911006531,0.17041814052783635
1000.0,901.954976207802,support,0.010384447492088746,1.0384447492088746,0.04543914877396609,0.0,0.0,0.0,0.0,0.0,5.868232765276879,0.17040905499133135
1000.0,904.98493814877,support,0.010384904250750893,1.0384904250750893,0.04543686498065536,0.0,0.0,0.0,0.0,0.0,5.867710876049033,0.170424211608964
1000.0,908.014900089738,support,0.010384402038955026,1.0384402038955025,0.045439376039634695,0.0,0.0,0.0,0.0,0.0,5.868284702246442,0.17040754679424283
1000.0,911.044862030706,support,0.010384789451265324,1.0384789451265324,0.0454374389780832,0.0,0.0,0.0,0.0,0.0,5.867842040765135,0.17042040209207907
1000.0,914.074823971675,support,0.010384649833474077,1.0384649833474078,0.04543813706703944,0.0,0.0,0.0,0.0,0.0,5.868001565709626,0.17041576911697168
1000.0,917.104785912643,support,0.010384480247229396,1.0384480247229397,0.04543898499826284,0.0,0.0,0.0,0.0,0.0,5.868195337939083,0.17041014185993358
1000.0,920.134747853611,support,0.010384924571818296,1.0384924571818297,0.045436763375318344,0.0,0.0,0.0,0.0,0.0,5.867687658419092,0.1704248859540397
1000.0,923.164709794579,support,0.010384331186645803,1.0384331186645803,0.04543973030118081,0.0,0.0,0.0,0.0,0.0,5.868365662470627,0.17040519584442398
1000.0,926.194671735548,support,0.010384890742203336,1.0384890742203337,0.04543693252339314,0.0,0.0,0.0,0.0,0.0,5.867726310154188,0.17042376333563566
1000.0,929.224633676516,support,0.010384550556768093,1.0384550556768093,0.04543863345056936,0.0,0.0,0.0,0.0,0.0,5.868115000245579,0.17041247486767902
1000.0,932.254595617484,support,0.01038454253475287,1.038454253475287,0.04543867356064547,0.0,0.0,0.0,0.0,0.0,5.868124166374443,0.17041220867993992
1000.0,935.284557558452,support,0.010384925083541054,1.0384925083541054,0.04543676081670455,0.0,0.0,0.0,0.0,0.0,5.867687073756618,0.17042490293535348
1000.0,938.31451949942,support,0.010384261086071945,1.0384261086071944,0.0454400808040501,0.0,0.0,0.0,0.0,0.0,5.868445764814791,0.1704028698698488
1000.0,941.344481440389,support,0.010385013646074623,1.0385013646074623,0.04543631800403671,0.0,0.0,0.0,0.0,0.0,5.867585888612744,0.17042784187287408
1000.0,944.374443381357,support,0.010384412352926914,1.0384412352926915,0.04543932446977525,0.0,0.0,0.0,0.0,0.0,5.868272916958325,0.17040788902475335
1000.0,947.404405322325,support,0.01038464807275244,1.0384648072752438,0.04543814587064763,0.0,0.0,0.0,0.0,0.0,5.868003577508303,0.17041571069127132
1000.0,950.434367263293,support,0.010384895498895024,1.0384895498895024,0.0454369087399347,0.0,0.0,0.0,0.0,0.0,5.867720875421701,0.1704239211835604
1000.0,953.464329204261,support,0.010384192042016233,1.0384192042016234,0.045440426024328656,0.0,0.0,0.0,0.0,0.0,5.868524660968299,0.17040057898214597
1000.0,956.49429114523,support,0.010385172452261608,1.0385172452261608,0.04543552397310178,0.0,0.0,0.0,0.0,0.0,5.867404452521842,0.17043311196489866
1000.0,959.524253086198,support,0.01038420776303,1.038420776303,0.04544034741925983,0.0,0.0,0.0,0.0,0.0,5.868506696583941,0.17040110060402594
1000.0,962.554215027166,support,0.01038483142004499,1.038483142004499,0.04543722913418487,0.0,0.0,0.0,0.0,0.0,5.8677940887897755,0.17042179477812056
1000.0,965.584176968134,support,0.010384814486955905,1.0384814486955904,0.04543731379963029,0.0,0.0,0.0,0.0,0.0,5.867813435863908,0.17042123287152053
1000.0,968.614138909102,support,0.01038413074625963,1.038413074625963,0.04544073250311167,0.0,0.0,0.0,0.0,0.0,5.868594704084103,0.17039854520948172
1000.0,971.64410085007,support,0.010385440735839392,1.0385440735839393,0.045434182555212865,0.0,0.0,0.0,0.0,0.0,5.86709795124141,0.17044201550928795
1000.0,974.674062791039,support,0.01038393600475975,1.038393600475975,0.045441706210611076,0.0,0.0,0.0,0.0,0.0,5.868817242187986,0.17039208391283703
1000.0,977.704024732007,support,0.010385482836330125,1.0385482836330124,0.045433972052759196,0.0,0.0,0.0,0.0,0.0,5.867049854878253,0.17044341274320923
1000.0,980.733986672975,support,0.010385463466502967,1.0385463466502967,0.04543406890189498,0.0,0.0,0.0,0.0,0.0,5.8670719832706615,0.17044276989465867
1000.0,983.763948613943,support,0.010386882764648995,1.0386882764648995,0.04542697241116485,0.0,0.0,0.0,0.0,0.0,5.865450775922005,0.17048988018193836
1000.0,986.793910554912,support,0.010395328541568905,1.0395328541568905,0.0453847435265653,0.0,0.0,0.0,0.0,0.0,5.855812763880817,0.17077048743226397
1000.0,986.865647257085,support,0.010394825940936912,1.0394825940936911,0.045387256529725264,0.0,0.0,0.0,0.0,0.0,5.8563858699199,0.1707537758289273
1000.0,986.937244218844,support,0.010393126642001337,1.0393126642001336,0.045395753024403136,0.0,0.0,0.0,0.0,0.0,5.858323963945888,0.17069728580295987
1000.0,987.008701323203,support,0.010394787879407568,1.0394787879407568,0.04538744683737198,0.0,0.0,0.0,0.0,0.0,5.856429273049869,0.17075251033967104
1000.0,987.080018452748,support,0.010396674553223082,1.0396674553223082,0.04537801346829441,0.0,0.0,0.0,0.0,0.0,5.854278208337832,0.17081525072993134
1000.0,987.151195489639,support,0.010395142561536222,1.0395142561536221,0.045385673426728716,0.0,0.0,0.0,0.0,0.0,5.856024826873806,0.1707643033565898
1000.0,987.222232315605,support,0.010394367730350466,1.0394367730350467,0.045389547582657494,0.0,0.0,0.0,0.0,0.0,5.856908407703161,0.1707385416314132
1000.0,987.293128811939,support,0.010396833453867277,1.0396833453867276,0.04537721896507344,0.0,0.0,0.0,0.0,0.0,5.854097076072893,0.1708205359434918
1000.0,987.363884859498,support,0.010397688028183085,1.0397688028183085,0.0453729460934944,0.0,0.0,0.0,0.0,0.0,5.853123035282718,0.17084896284803586
1000.0,987.434500338702,support,0.010395733619090148,1.0395733619090148,0.04538271813895908,0.0,0.0,0.0,0.0,0.0,5.855350902425645,0.17078395755679457
1000.0,987.504975129526,support,0.01039613343555569,1.039613343555569,0.04538071905663137,0.0,0.0,0.0,0.0,0.0,5.854895075244613,0.1707972537762721
1000.0,987.575309111499,support,0.010398786973625354,1.0398786973625354,0.045367451366283056,0.0,0.0,0.0,0.0,0.0,5.851870699350241,0.17088552556553147
1000.0,987.645502163703,support,0.010398554815756201,1.03985548157562,0.04536861215562882,0.0,0.0,0.0,0.0,0.0,5.852135239422589,0.17087780085182494
1000.0,987.71555416477,support,0.010396762158659612,1.0396762158659612,0.04537757544111176,0.0,0.0,0.0,0.0,0.0,5.85417834542435,0.17081816456473423
1000.0,987.785464992874,support,0.010398243350380157,1.0398243350380156,0.045370169482509035,0.0,0.0,0.0,0.0,0.0,5.852490167878819,0.170867437845255
1000.0,987.855234525737,support,0.010400587239072938,1.0400587239072938,0.04535845003904513,0.0,0.0,0.0,0.0,0.0,5.849819732353281,0.170945438620844
1000.0,987.924862640616,support,0.01039948481709418,1.039948481709418,0.045363962148938924,0.0,0.0,0.0,0.0,0.0,5.851075590193355,0.1709087473892905
1000.0,987.994349214306,support,0.01039825815651873,1.0398258156518732,0.04537009545181617,0.0,0.0,0.0,0.0,0.0,5.852473295147235,0.17086793045756943
1000.0,988.063694123137,support,0.010400538217770058,1.040053821777006,0.045358695145559534,0.0,0.0,0.0,0.0,0.0,5.849875570748308,0.170943806907688
1000.0,988.132897242968,support,0.010402285676334454,1.0402285676334455,0.04534995785273755,0.0,0.0,0.0,0.0,0.0,5.847885432932514,0.17100198207859457
1000.0,988.201958449186,support,0.010400640971012502,1.0400640971012503,0.045358181379347315,0.0,0.0,0.0,0.0,0.0,5.849758528854476,0.1709472271491904
1000.0,988.2708776167,support,0.010400170492039635,1.0400170492039635,0.04536053377421165,0.0,0.0,0.0,0.0,0.0,5.850294450837624,0.1709315673601392
1000.0,988.339654619943,support,0.010402924990071746,1.0402924990071747,0.045346761284051094,0.0,0.0,0.0,0.0,0.0,5.847157503328293,0.17102327061153808
1000.0,988.408289332863,support,0.010403989362400777,1.0403989362400776,0.04534143942240594,0.0,0.0,0.0,0.0,0.0,5.84594579836738,0.17105871906634407
1000.0,988.476781628924,support,0.01040211796773511,1.040211796773511,0.04535079639573428,0.0,0.0,0.0,0.0,0.0,5.848076402779413,0.17099639798220326
1000.0,988.545131381099,support,0.010402421487018518,1.0402421487018518,0.04534927879931724,0.0,0.0,0.0,0.0,0.0,5.847730789823876,0.17100650422214775
1000.0,988.61333846187,support,0.010405379637741454,1.0405379637741454,0.04533448804570255,0.0,0.0,0.0,0.0,0.0,5.8443634564142615,0.17110503264516985
1000.0,988.681402743224,support,0.010405814568334178,1.0405814568334177,0.04533231339273893,0.0,0.0,0.0,0.0,0.0,5.843868528094491,0.17111952385521406
1000.0,988.749324096646,support,0.010403953083274136,1.0403953083274136,0.04534162081803914,0.0,0.0,0.0,0.0,0.0,5.845987095192372,0.17105751068495872
1000.0,988.81710239312,support,0.010404943373061944,1.0404943373061943,0.0453366693691001,0.0,0.0,0.0,0.0,0.0,5.844859944964658,0.1710904982182677
1000.0,988.884737503126,support,0.010407928443886754,1.0407928443886754,0.04532174401497605,0.0,0.0,0.0,0.0,0.0,5.841463644842182,0.17118997237669478
1000.0,988.952229296629,support,0.010407861409496377,1.0407861409496377,0.04532207918692794,0.0,0.0,0.0,0.0,0.0,5.8415398923578685,0.17118773789565986
1000.0,989.019577643085,support,0.010406149037179551,1.040614903717955,0.04533064104851207,0.0,0.0,0.0,0.0,0.0,5.843487948510484,0.17113066867108057
1000.0,989.086782411433,support,0.010407694014817706,1.0407694014817706,0.04532291616032129,0.0,0.0,0.0,0.0,0.0,5.841730297903851,0.17118215819700258
1000.0,989.153843470089,support,0.010410624936696554,1.0410624936696553,0.045308261550927056,0.0,0.0,0.0,0.0,0.0,5.838397374395097,0.17127987971247122
1000.0,989.220760686946,support,0.010410206787468726,1.0410206787468725,0.045310352297066196,0.0,0.0,0.0,0.0,0.0,5.838872760136553,0.1712659345528559
1000.0,989.287533929372,support,0.010408695740435334,1.0408695740435334,0.04531790753223316,0.0,0.0,0.0,0.0,0.0,5.84059096287589,0.17121555102150193
1000.0,989.354163064198,support,0.0104106579423768,1.04106579423768,0.04530809652252582,0.0,0.0,0.0,0.0,0.0,5.838359852525962,0.1712809804910108
1000.0,989.420647957723,support,0.01041353142235411,1.041353142235411,0.04529372912263927,0.0,0.0,0.0,0.0,0.0,5.835094116593976,0.17137684157590138
1000.0,989.486988475708,support,0.01041290816133461,1.041290816133461,0.045296845427736765,0.0,0.0,0.0,0.0,0.0,5.8358023031948285,0.1713560446440324
1000.0,989.553184483367,support,0.010411585714386086,1.0411585714386087,0.04530345766247939,0.0,0.0,0.0,0.0,0.0,5.837305231516043,0.17131192568120748
1000.0,989.61923584537,support,0.010413840256216753,1.0413840256216753,0.045292184953326056,0.0,0.0,0.0,0.0,0.0,5.834743232855302,0.17138714765870477
1000.0,989.685142425836,support,0.010416707329229842,1.0416707329229842,0.045277849588260616,0.0,0.0,0.0,0.0,0.0,5.831486794941054,0.1714828542298205
1000.0,989.750904088327,support,0.010416011304689853,1.0416011304689852,0.045281329710960556,0.0,0.0,0.0,0.0,0.0,5.8322771765013615,0.17145961512752986
1000.0,989.816520695849,support,0.010414823158126606,1.0414823158126605,0.04528727044377679,0.0,0.0,0.0,0.0,0.0,5.833626642452899,0.17141995216538647
1000.0,989.881992110842,support,0.010417259124715002,1.0417259124715001,0.04527509061083481,0.0,0.0,0.0,0.0,0.0,5.830860271059927,0.17150128000207096
1000.0,989.947318195182,support,0.010420202979181413,1.0420202979181412,0.045260371338502754,0.0,0.0,0.0,0.0,0.0,5.8275188744705355,0.17159961581263106
1000.0,990.012498810172,support,0.010419557557978455,1.0419557557978454,0.04526359844451755,0.0,0.0,0.0,0.0,0.0,5.828251290311266,0.17157805149245609
1000.0,990.077533816538,support,0.010418428797125264,1.0418428797125263,0.0452692422487835,0.0,0.0,0.0,0.0,0.0,5.829532415164273,0.17154034471078938
1000.0,990.142423074431,support,0.010420940234374716,1.0420940234374716,0.045256685062536245,0.0,0.0,0.0,0.0,0.0,5.826682359190901,0.1716242517360876
1000.0,990.207166443413,support,0.01042405642846301,1.042405642846301,0.04524110409209477,0.0,0.0,0.0,0.0,0.0,5.82314794362764,0.17172842072376254
1000.0,990.271763782461,support,0.010423588145488981,1.0423588145488982,0.045243445506964915,0.0,0.0,0.0,0.0,0.0,5.8236789375048215,0.1717127627967166
1000.0,990.336214949958,support,0.010422442711248547,1.0422442711248547,0.04524917267816709,0.0,0.0,0.0,0.0,0.0,5.824977968576342,0.17167446905286848
1000.0,990.400519803691,support,0.010424914937644579,1.0424914937644578,0.04523681154618693,0.0,0.0,0.0,0.0,0.0,5.822174591482613,0.17175713031054102
1000.0,990.464678200844,support,0.010428291621536995,1.0428291621536996,0.045219928126724845,0.0,0.0,0.0,0.0,0.0,5.818347786011763,0.17187009728159594
1000.0,990.528689997995,support,0.01042814427790476,1.042814427790476,0.04522066484488602,0.0,0.0,0.0,0.0,0.0,5.818514718474358,0.1718651663499108
1000.0,990.592555051114,support,0.010426926260576674,1.0426926260576674,0.04522675493152645,0.0,0.0,0.0,0.0,0.0,5.819894850478202,0.1718244101811965
1000.0,990.656273215552,support,0.010429223083265587,1.0429223083265586,0.04521527081808189,0.0,0.0,0.0,0.0,0.0,5.817292600473646,0.1719012724095363
1000.0,990.719844346044,support,0.010432917530123884,1.0432917530123884,0.0451967985837904,0.0,0.0,0.0,0.0,0.0,5.813109313542385,0.1720249776948752
1000.0,990.783268296696,support,0.010433262268024743,1.0433262268024743,0.045195074894286105,0.0,0.0,0.0,0.0,0.0,5.812719114258784,0.17203652547857823
1000.0,990.846544920989,support,0.010431962533699237,1.0431962533699237,0.04520157356591364,0.0,0.0,0.0,0.0,0.0,5.814190384341444,0.17199299195519327
1000.0,990.909674071767,support,0.010433921073330715,1.0433921073330716,0.04519178086775625,0.0,0.0,0.0,0.0,0.0,5.811973503628272,0.17205859582390123
1000.0,990.972655601236,support,0.010437929846158501,1.04379298461585,0.04517173700361732,0.0,0.0,0.0,0.0,0.0,5.8074385891201095,0.17219295299539467
1000.0,991.035489360958,support,0.010438963486831716,1.0438963486831716,0.045166568800251244,0.0,0.0,0.0,0.0,0.0,5.806269859546315,0.17222761328529382
1000.0,991.098175201845,support,0.010437652714823482,1.0437652714823482,0.045173122660292414,0.0,0.0,0.0,0.0,0.0,5.807751979383196,0.17218366134605553
1000.0,991.160712974156,support,0.010439094681378012,1.0439094681378012,0.04516591282751976,0.0,0.0,0.0,0.0,0.0,5.806121535702108,0.17223201303158298
1000.0,991.223102527492,support,0.010443318841742575,1.0443318841742575,0.04514479202569695,0.0,0.0,0.0,0.0,0.0,5.801347876111639,0.1723737347518369
1000.0,991.285343710787,support,0.010445240669891588,1.044524066989159,0.045135182884951885,0.0,0.0,0.0,0.0,0.0,5.799177346458455,0.17243825119621456
1000.0,991.347436372308,support,0.010444103907566957,1.0444103907566957,0.045140866696575035,0.0,0.0,0.0,0.0,0.0,5.800461117718096,0.17240008676989466
1000.0,991.409380359646,support,0.010444873564628875,1.0444873564628876,0.045137018411265446,0.0,0.0,0.0,0.0,0.0,5.799591895622877,0.17242592547843402
1000.0,991.471175519712,support,0.010449088354170593,1.0449088354170593,0.04511594446355686,0.0,0.0,0.0,0.0,0.0,5.794834178127681,0.1725674918834522
1000.0,991.532821698732,support,0.010452045784151716,1.0452045784151716,0.04510115731365125,0.0,0.0,0.0,0.0,0.0,5.791498117268957,0.17266689546496145
1000.0,991.59431874224,support,0.010451403605610338,1.0451403605610339,0.04510436820635814,0.0,0.0,0.0,0.0,0.0,5.7922223487237625,0.1726453060318612
1000.0,991.655666495076,support,0.010451439563103366,1.0451439563103366,0.04510418841889299,0.0,0.0,0.0,0.0,0.0,5.79218179444979,0.17264651481730503
1000.0,991.716864801377,support,0.010455289555414735,1.0455289555414735,0.04508493845733615,0.0,0.0,0.0,0.0,0.0,5.787841264155849,0.1727759892436941
1000.0,991.77791350457,support,0.010459290445779212,1.0459290445779212,0.045064934005513764,0.0,0.0,0.0,0.0,0.0,5.783334055868928,0.17291064122177066
1000.0,991.838812447371,support,0.010459579728648633,1.0459579728648634,0.04506348759116666,0.0,0.0,0.0,0.0,0.0,5.783008299972817,0.17292038124944425
1000.0,991.899561471778,support,0.010459014725366709,1.0459014725366709,0.04506631260757628,0.0,0.0,0.0,0.0,0.0,5.78364455642167,0.17290135834673387
1000.0,991.960160419061,support,0.01046206618540564,1.0462066185405638,0.04505105530738163,0.0,0.0,0.0,0.0,0.0,5.780209105197631,0.1730041217887409
1000.0,992.020609129762,support,0.010466875337043512,1.046687533704351,0.04502700954919226,0.0,0.0,0.0,0.0,0.0,5.774798918947006,0.17316620267400462
1000.0,992.080907443684,support,0.01046855605125229,1.046855605125229,0.04501860597814838,0.0,0.0,0.0,0.0,0.0,5.772909348025489,0.1732228829025404
1000.0,992.141055199889,support,0.0104678119107827,1.04678119107827,0.04502232668049632,0.0,0.0,0.0,0.0,0.0,5.773745884048602,0.17319778529961752
1000.0,992.201052236689,support,0.010469692849519388,1.0469692849519388,0.04501292198681288,0.0,0.0,0.0,0.0,0.0,5.771631634192872,0.1732612306848727
1000.0,992.260898391641,support,0.010474763499255227,1.0474763499255226,0.044987568738133685,0.0,0.0,0.0,0.0,0.0,5.765935878438655,0.17343238306541622
1000.0,992.32059350154,support,0.010478131503507801,1.0478131503507802,0.044970728716870814,0.0,0.0,0.0,0.0,0.0,5.762155776062776,0.17354615856694006
1000.0,992.380137402416,support,0.010477939816577075,1.0477939816577075,0.04497168715152445,0.0,0.0,0.0,0.0,0.0,5.762370850663225,0.17353968113400825
1000.0,992.43952992952,support,0.010478567667806306,1.0478567667806307,0.04496854789537829,0.0,0.0,0.0,0.0,0.0,5.761666425391255,0.17356089821393877
1000.0,992.498770917327,support,0.010483093120068615,1.0483093120068616,0.044945920634066744,0.0,0.0,0.0,0.0,0.0,5.756591586165011,0.17371390431854328
1000.0,992.557860199522,support,0.0104880301142042,1.04880301142042,0.04492123566338882,0.0,0.0,0.0,0.0,0.0,5.751060342115556,0.17388097855223425
1000.0,992.616797608997,support,0.01048928594407353,1.048928594407353,0.04491495651404217,0.0,0.0,0.0,0.0,0.0,5.749654200195072,0.17392350308059787
1000.0,992.675582977844,support,0.010489110021521178,1.0489110021521177,0.04491583612680393,0.0,0.0,0.0,0.0,0.0,5.749851158456856,0.17391754541840693
1000.0,992.734216137347,support,0.010492281032258586,1.0492281032258586,0.04489998107311689,0.0,0.0,0.0,0.0,0.0,5.746302013267025,0.17402496382738092
1000.0,992.792696917975,support,0.01049806353916629,1.049806353916629,0.04487106853857837,0.0,0.0,0.0,0.0,0.0,5.739835597048738,0.174221017848346
1000.0,992.851025149376,support,0.010501455216068031,1.0501455216068032,0.04485411015406966,0.0,0.0,0.0,0.0,0.0,5.7360461656562585,0.1743361143059403
1000.0,992.909200660372,support,0.010501542961515571,1.050154296151557,0.04485367142683197,0.0,0.0,0.0,0.0,0.0,5.735948163181503,0.1743390929539607
1000.0,992.967223278946,support,0.010503011864151836,1.0503011864151837,0.04484632691365064,0.0,0.0,0.0,0.0,0.0,5.734307801399087,0.17438896456796665
1000.0,993.02509283224,support,0.010508387603694934,1.0508387603694933,0.044819448215935156,0.0,0.0,0.0,0.0,0.0,5.728308572086275,0.1745716012703896
1000.0,993.082809146546,support,0.010513886727046036,1.0513886727046036,0.04479195259917964,0.0,0.0,0.0,0.0,0.0,5.722178142722001,0.1747586277564415
1000.0,993.140372047298,support,0.010515635741078876,1.0515635741078877,0.04478320752901544,0.0,0.0,0.0,0.0,0.0,5.720229715272695,0.1748181541258834
1000.0,993.197781359066,support,0.010515993897761478,1.0515993897761478,0.04478141674560244,0.0,0.0,0.0,0.0,0.0,5.719830805288575,0.1748303462185274
1000.0,993.255036905546,support,0.010519707421087324,1.0519707421087325,0.0447628491289732,0.0,0.0,0.0,0.0,0.0,5.715696373289324,0.17495680923031787
1000.0,993.312138509554,support,0.010526231101915693,1.0526231101915693,0.04473023072483136,0.0,0.0,0.0,0.0,0.0,5.708440502003195,0.175179192924772
1000.0,993.369085993019,support,0.010530622904152446,1.0530622904152445,0.04470827171364759,0.0,0.0,0.0,0.0,0.0,5.703560970865093,0.1753290628623409
1000.0,993.425879176972,support,0.010531478099241183,1.0531478099241183,0.044703995738203904,0.0,0.0,0.0,0.0,0.0,5.70261128789801,0.17535826124466591
1000.0,993.482517881541,support,0.010533163021459123,1.0533163021459122,0.04469557112711421,0.0,0.0,0.0,0.0,0.0,5.700740666459049,0.1754158027015003
1000.0,993.539001925943,support,0.010538868540758223,1.0538868540758224,0.04466704353061871,0.0,0.0,0.0,0.0,0.0,5.694410884282154,0.17561079105833816
1000.0,993.595331128473,support,0.01054557294344479,1.054557294344479,0.04463352151718587,0.0,0.0,0.0,0.0,0.0,5.686981908078078,0.17584019364991282
1000.0,993.651505306497,support,0.010548816817429744,1.0548816817429745,0.044617302147261104,0.0,0.0,0.0,0.0,0.0,5.683390934648362,0.1759512958898491
1000.0,993.707524276446,support,0.010549693500820141,1.054969350082014,0.04461291873030912,0.0,0.0,0.0,0.0,0.0,5.682420834072471,0.17598133422359025
1000.0,993.763387853802,support,0.010553131395085203,1.0553131395085202,0.04459572925898381,0.0,0.0,0.0,0.0,0.0,5.678618204012088,0.1760991783693918
1000.0,993.819095853096,support,0.010560239781378968,1.0560239781378968,0.04456018732751499,0.0,0.0,0.0,0.0,0.0,5.670763737567302,0.17634308997485926
1000.0,993.874648087894,support,0.01056661088740038,1.056661088740038,0.04452833179740792,0.0,0.0,0.0,0.0,0.0,5.6637331673456535,0.1765619902020661
1000.0,993.930044370791,support,0.010569113712840077,1.0569113712840077,0.044515817670209436,0.0,0.0,0.0,0.0,0.0,5.660973663232914,0.17664805729354197
1000.0,993.985284513399,support,0.010570681744584814,1.0570681744584813,0.044507977511485754,0.0,0.0,0.0,0.0,0.0,5.6592455061796585,0.17670200010019743
1000.0,994.040368326343,support,0.010575831765856275,1.0575831765856276,0.04448222740512845,0.0,0.0,0.0,0.0,0.0,5.6535732825778915,0.17687928501459602
1000.0,994.095295619246,support,0.010583820143025852,1.0583820143025853,0.04444228551928056,0.0,0.0,0.0,0.0,0.0,5.644786145802258,0.1771546298071273
1000.0,994.150066200724,support,0.010589784448059523,1.0589784448059523,0.04441246399411221,0.0,0.0,0.0,0.0,0.0,5.638234374923395,0.17736048796545223
1000.0,994.204679878374,support,0.010592054782293702,1.0592054782293703,0.04440111232294131,0.0,0.0,0.0,0.0,0.0,5.635742418446309,0.17743891146034407
1000.0,994.259136458764,support,0.010594639213716707,1.0594639213716708,0.044388190165826284,0.0,0.0,0.0,0.0,0.0,5.632907044146047,0.17752822692844575
1000.0,994.313435747428,support,0.010601253950255511,1.0601253950255511,0.04435511648313226,0.0,0.0,0.0,0.0,0.0,5.625656526712617,0.17775703071306337
1000.0,994.367577548847,support,0.010609834811505736,1.0609834811505736,0.044312212176881145,0.0,0.0,0.0,0.0,0.0,5.616264812981223,0.17805428221415728
1000.0,994.42156166645,support,0.010615597129718615,1.0615597129718615,0.04428340058581675,0.0,0.0,0.0,0.0,0.0,5.609966783124292,0.1782541748746473
1000.0,994.475387902596,support,0.010618051280811606,1.0618051280811607,0.044271129830351794,0.0,0.0,0.0,0.0,0.0,5.607286619273072,0.17833937658240123
1000.0,994.529056058564,support,0.010621703792645085,1.0621703792645085,0.0442528672711844,0.0,0.0,0.0,0.0,0.0,5.603300103547529,0.17846625765535667
1000.0,994.582565934549,support,0.010629513704476169,1.0629513704476168,0.04421381771202898,0.0,0.0,0.0,0.0,0.0,5.594785521066675,0.17873786157388652
1000.0,994.635917329642,support,0.01063863669796144,1.063863669796144,0.04416820274460262,0.0,0.0,0.0,0.0,0.0,5.584855763510814,0.17905565377956492
1000.0,994.689110041829,support,0.010644529798299001,1.0644529798299,0.04413873724291482,0.0,0.0,0.0,0.0,0.0,5.578450895732434,0.17926123554569767
1000.0,994.742143867972,support,0.0106474435572435,1.0647443557243501,0.04412416844819232,0.0,0.0,0.0,0.0,0.0,5.57528681496335,0.17936296968904433
1000.0,994.795018603803,support,0.010652051860501641,1.0652051860501641,0.044101126931901616,0.0,0.0,0.0,0.0,0.0,5.570286274433943,0.17952398687114526
1000.0,994.84773404391,support,0.010660838595498802,1.0660838595498803,0.044057193256915816,0.0,0.0,0.0,0.0,0.0,5.560764078893611,0.1798314019103223
1000.0,994.900289981727,support,0.010670621004690649,1.0670621004690648,0.044008281210956575,0.0,0.0,0.0,0.0,0.0,5.550182017907798,0.18017427118128299
1000.0,994.952686209523,support,0.010677024051585958,1.0677024051585957,0.043976265976480036,0.0,0.0,0.0,0.0,0.0,5.543266467951423,0.18039904914936575
1000.0,995.004922518389,support,0.010680571021364176,1.0680571021364176,0.04395853112758894,0.0,0.0,0.0,0.0,0.0,5.539439306354723,0.18052368564681665
1000.0,995.056998698227,support,0.01068594405095276,1.068594405095276,0.04393166597964602,0.0,0.0,0.0,0.0,0.0,5.533646868301821,0.18071265185501123
1000.0,995.108914537737,support,0.010695531291576278,1.069553129157628,0.04388372977652843,0.0,0.0,0.0,0.0,0.0,5.523326307825622,0.18105032081540587
1000.0,995.160669824406,support,0.010706173666541294,1.0706173666541294,0.04383051790170335,0.0,0.0,0.0,0.0,0.0,5.511892447742589,0.18142589128522504
1000.0,995.212264344494,support,0.010713491323395587,1.0713491323395588,0.043793929617431886,0.0,0.0,0.0,0.0,0.0,5.504044304407376,0.1816845840429096
1000.0,995.263697883024,support,0.010717820787242139,1.0717820787242138,0.04377228229819913,0.0,0.0,0.0,0.0,0.0,5.4994062427984245,0.18183781227464668
1000.0,995.314970223767,support,0.010723745894118985,1.0723745894118986,0.0437426567638149,0.0,0.0,0.0,0.0,0.0,5.493065136849984,0.18204772291730972
1000.0,995.36608114923,support,0.010733947286161973,1.0733947286161973,0.043691649803599956,0.0,0.0,0.0,0.0,0.0,5.4821646362787355,0.18240969878620694
1000.0,995.417030440641,support,0.010745646575081902,1.0745646575081902,0.043633153359000316,0.0,0.0,0.0,0.0,0.0,5.469690212801283,0.18282571061512704
1000.0,995.46781787794,support,0.010754314065259622,1.0754314065259623,0.043589815908111715,0.0,0.0,0.0,0.0,0.0,5.460466767425441,0.18313452724692447
1000.0,995.518443239762,support,0.010759645365669819,1.0759645365669819,0.04356315940606073,0.0,0.0,0.0,0.0,0.0,5.454801230885815,0.1833247368094489
1000.0,995.568906303422,support,0.010765945121505601,1.0765945121505602,0.04353166062688182,0.0,0.0,0.0,0.0,0.0,5.448114099930607,0.1835497534849237
1000.0,995.619206844905,support,0.010776505768629815,1.0776505768629814,0.04347885739126075,0.0,0.0,0.0,0.0,0.0,5.436922458281329,0.18392758176582696
1000.0,995.66934463885,support,0.010789354651548712,1.0789354651548713,0.04341461297666627,0.0,0.0,0.0,0.0,0.0,5.423336856951074,0.18438832519103127
1000.0,995.719319458535,support,0.010799823348006743,1.0799823348006743,0.043362269494376104,0.0,0.0,0.0,0.0,0.0,5.412293015971616,0.18476457151322206
1000.0,995.769131075863,support,0.010806540852837936,1.0806540852837936,0.04332868197022015,0.0,0.0,0.0,0.0,0.0,5.405218303249825,0.18500640379293498
1000.0,995.818779261346,support,0.010813167152040747,1.0813167152040746,0.04329555047420609,0.0,0.0,0.0,0.0,0.0,5.3982487063994,0.1852452627487395
1000.0,995.868263784094,support,0.010823742553927838,1.0823742553927838,0.043242673464770634,0.0,0.0,0.0,0.0,0.0,5.38714402210007,0.18562711445946642
1000.0,995.917584411795,support,0.010837608470104905,1.0837608470104905,0.0431733438838853,0.0,0.0,0.0,0.0,0.0,5.372618741590905,0.18612897138200551
1000.0,995.966740910699,support,0.010850259882540897,1.0850259882540898,0.043110086821705335,0.0,0.0,0.0,0.0,0.0,5.359399889660786,0.18658805474269122
1000.0,996.015733045609,support,0.010858970998554748,1.085897099855475,0.04306653124163608,0.0,0.0,0.0,0.0,0.0,5.350316975525951,0.18690481415854754
1000.0,996.064560579857,support,0.010866160110616686,1.0866160110616685,0.043030585681326394,0.0,0.0,0.0,0.0,0.0,5.342832621012857,0.18716663443041326
1000.0,996.113223275293,support,0.01087639693327385,1.087639693327385,0.04297940156804057,0.0,0.0,0.0,0.0,0.0,5.332193456949244,0.18754008234580055
1000.0,996.161720892265,support,0.010890815817281563,1.0890815817281563,0.042907307148002005,0.0,0.0,0.0,0.0,0.0,5.317243788976786,0.18806735964845298
1000.0,996.210053189606,support,0.010905762471740382,1.0905762471740381,0.042832573875707915,0.0,0.0,0.0,0.0,0.0,5.301791164031564,0.18861550164106888
1000.0,996.258219924614,support,0.010917234485452369,1.091723448545237,0.04277521380714798,0.0,0.0,0.0,0.0,0.0,5.289961270835037,0.18903730080468942
1000.0,996.306220853033,support,0.010925688660255038,1.0925688660255037,0.042732942933134635,0.0,0.0,0.0,0.0,0.0,5.281260257690891,0.1893487446568723
1000.0,996.354055729041,support,0.010935477461901846,1.0935477461901846,0.042683998924900594,0.0,0.0,0.0,0.0,0.0,5.271203527635316,0.18970999597289392
1000.0,996.401724305228,support,0.01094967687557311,1.094967687557311,0.04261300185654427,0.0,0.0,0.0,0.0,0.0,5.256649490669868,0.19023524428914654
1000.0,996.449226332578,support,0.010966477909727497,1.0966477909727497,0.04252899668577234,0.0,0.0,0.0,0.0,0.0,5.23948075303135,0.19085860739567384
1000.0,996.49656156045,support,0.010981336641209923,1.0981336641209922,0.042454703028360206,0.0,0.0,0.0,0.0,0.0,5.224343558355175,0.1914116077608875
1000.0,996.543729736564,support,0.010992278799793885,1.0992278799793884,0.0423999922354404,0.0,0.0,0.0,0.0,0.0,5.213224303660953,0.1918198684253345
1000.0,996.590730606974,support,0.011002171590047755,1.1002171590047756,0.042350528284171046,0.0,0.0,0.0,0.0,0.0,5.203191772628304,0.1921897257872675
1000.0,996.637563916054,support,0.011015409377399867,1.1015409377399867,0.042284339347410486,0.0,0.0,0.0,0.0,0.0,5.189797191047525,0.19268575691647727
1000.0,996.684229406479,support,0.011032897713490945,1.1032897713490946,0.0421968976669551,0.0,0.0,0.0,0.0,0.0,5.172154567680329,0.19334302308921372
1000.0,996.730726819199,support,0.011051053919468215,1.1051053919468214,0.04210611663706875,0.0,0.0,0.0,0.0,0.0,5.153901634716122,0.19402776204809744
1000.0,996.777055893426,support,0.011065874963587264,1.1065874963587263,0.0420320114164735,0.0,0.0,0.0,0.0,0.0,5.1390493956599,0.1945885168654992
1000.0,996.823216366606,support,0.011077424843808383,1.1077424843808383,0.04197426201536791,0.0,0.0,0.0,0.0,0.0,5.1275048849600715,0.1950266303857041
1000.0,996.869207974405,support,0.011089744333030255,1.1089744333030254,0.041912664569258545,0.0,0.0,0.0,0.0,0.0,5.115219705224891,0.19549502418802459
1000.0,996.915030450679,support,0.011106370212493692,1.1106370212493692,0.041829535171941365,0.0,0.0,0.0,0.0,0.0,5.098686781913437,0.19612893334560152
1000.0,996.960683527461,support,0.011126465016684049,1.1126465016684048,0.04172906115098958,0.0,0.0,0.0,0.0,0.0,5.078775635883763,0.19689784934277552
1000.0,997.006166934933,support,0.011145763919085656,1.1145763919085656,0.041632566638981544,0.0,0.0,0.0,0.0,0.0,5.0597263186812516,0.19763914824955126
1000.0,997.051480401403,support,0.011161219473400775,1.1161219473400774,0.04155528886740595,0.0,0.0,0.0,0.0,0.0,5.044522180707905,0.1982348306097979
1000.0,997.096623653286,support,0.011174276389629706,1.1174276389629705,0.041490004286261296,0.0,0.0,0.0,0.0,0.0,5.0317132694594084,0.19873946436288825
1000.0,997.141596415077,support,0.01118930556583882,1.118930556583882,0.04141485840521572,0.0,0.0,0.0,0.0,0.0,5.017009818729904,0.1993219140745389
1000.0,997.186398409329,support,0.011208955403880517,1.1208955403880516,0.04131660921500724,0.0,0.0,0.0,0.0,0.0,4.997850640678576,0.20008601134671491
1000.0,997.231029356626,support,0.011231380417254173,1.1231380417254173,0.04120448414813896,0.0,0.0,0.0,0.0,0.0,4.9760749634393875,0.20096160273855987
1000.0,997.275488975563,support,0.01125220893198426,1.125220893198426,0.041100341574488525,0.0,0.0,0.0,0.0,0.0,4.955934551041047,0.20177829018947382
1000.0,997.319776982714,support,0.011269108365043405,1.1269108365043405,0.0410158444091928,0.0,0.0,0.0,0.0,0.0,4.939653333875822,0.2024433563266606
1000.0,997.363893092613,support,0.01128418385839633,1.128418385839633,0.04094046694242817,0.0,0.0,0.0,0.0,0.0,4.925174477622753,0.20303849224904466
1000.0,997.407837017723,support,0.01130179755337169,1.1301797553371689,0.04085239846755138,0.0,0.0,0.0,0.0,0.0,4.90831162364198,0.2037360454424443
1000.0,997.451608468412,support,0.011324122879284112,1.132412287928411,0.04074077183798926,0.0,0.0,0.0,0.0,0.0,4.887020928853537,0.2046236377044928
1000.0,997.495207152925,support,0.011348972377181084,1.1348972377181084,0.04061652434850441,0.0,0.0,0.0,0.0,0.0,4.863431627981039,0.20561613208390694
1000.0,997.538632777355,support,0.01137202928789806,1.137202928789806,0.04050123979491952,0.0,0.0,0.0,0.0,0.0,4.841645857638749,0.20654133519953397
1000.0,997.581885045618,support,0.011391166722191265,1.1391166722191264,0.0404055526234535,0.0,0.0,0.0,0.0,0.0,4.823637615082907,0.2073124226565292
1000.0,997.62496365942,support,0.011408540045725595,1.1408540045725595,0.04031868600578185,0.0,0.0,0.0,0.0,0.0,4.807347403462817,0.2080149230071624
1000.0,997.667868318233,support,0.011428447700131697,1.1428447700131696,0.04021914773375134,0.0,0.0,0.0,0.0,0.0,4.788748486575787,0.20882282767685173
1000.0,997.710598719259,support,0.01145313676662267,1.1453136766622671,0.04009570240129647,0.0,0.0,0.0,0.0,0.0,4.765782414268671,0.20982913466758724
1000.0,997.753154557404,support,0.01148065397948662,1.1480653979486621,0.03995811633697672,0.0,0.0,0.0,0.0,0.0,4.740315331159799,0.21095643014013013
1000.0,997.795535525245,support,0.011506758972319016,1.1506758972319016,0.03982759137281475,0.0,0.0,0.0,0.0,0.0,4.716281056366131,0.21203146887316646
1000.0,997.837741313002,support,0.01152898644767568,1.152898644767568,0.03971645399603143,0.0,0.0,0.0,0.0,0.0,4.695912800190384,0.21295114337716356
1000.0,997.879771608498,support,0.011548968896699971,1.1548968896699972,0.039616541750909964,0.0,0.0,0.0,0.0,0.0,4.677676882204937,0.21378133316652384
1000.0,997.921626097136,support,0.011570880540038193,1.1570880540038193,0.03950698353421885,0.0,0.0,0.0,0.0,0.0,4.657761779670394,0.21469539390457298
1000.0,997.963304461855,support,0.011597540028270835,1.1597540028270836,0.039373686093055645,0.0,0.0,0.0,0.0,0.0,4.633645746779452,0.21581278644251894
1000.0,998.004806383107,support,0.01162782616522037,1.162782616522037,0.039222255408307975,0.0,0.0,0.0,0.0,0.0,4.6064005282894325,0.21708924220954487
1000.0,998.046131538811,support,0.011657744785793067,1.1657744785793067,0.03907266230544448,0.0,0.0,0.0,0.0,0.0,4.579643223050309,0.21835762117162083
1000.0,998.087279604327,support,0.011684090780700722,1.1684090780700722,0.03894093233090621,0.0,0.0,0.0,0.0,0.0,4.556209770521449,0.2194806759052167
1000.0,998.128250252413,support,0.0117073396207385,1.17073396207385,0.03882468813071733,0.0,0.0,0.0,0.0,0.0,4.535630694106261,0.22047650424877646
1000.0,998.169043153191,support,0.011731198406251577,1.1731198406251577,0.03870539420315194,0.0,0.0,0.0,0.0,0.0,4.514608350616268,0.22150315649495808
1000.0,998.209657974107,support,0.011759295454018265,1.1759295454018266,0.038564908964318495,0.0,0.0,0.0,0.0,0.0,4.4899765121663515,0.22271831429191905
1000.0,998.250094379898,support,0.01179199391788644,1.1791993917886439,0.03840141664497763,0.0,0.0,0.0,0.0,0.0,4.461479907944202,0.22414087267755695
1000.0,998.290352032544,support,0.011826110606444014,1.1826110606444014,0.03823083320218976,0.0,0.0,0.0,0.0,0.0,4.4319401043943305,0.2256348182613041
1000.0,998.330430591234,support,0.011857712134994428,1.185771213499443,0.03807282555943768,0.0,0.0,0.0,0.0,0.0,4.404752559233755,0.227027508708448
1000.0,998.370329712326,support,0.01188550852488942,1.1885508524889419,0.03793384360996272,0.0,0.0,0.0,0.0,0.0,4.380976565942588,0.22825960946103468
1000.0,998.410049049296,support,0.01191193634253086,1.191193634253086,0.037801704521755526,0.0,0.0,0.0,0.0,0.0,4.358490224285441,0.22943724742756455
1000.0,998.449588252708,support,0.011941073999959443,1.1941073999959444,0.03765601623461261,0.0,0.0,0.0,0.0,0.0,4.3338319426832665,0.23074268066353676
1000.0,998.48894697016,support,0.01197521741540785,1.197521741540785,0.037485299157370575,0.0,0.0,0.0,0.0,0.0,4.305114901551298,0.232281837504421
1000.0,998.528124846243,support,0.012012996833506179,1.201299683350618,0.037296402066878925,0.0,0.0,0.0,0.0,0.0,4.2735614324511895,0.2339968702465637
1000.0,998.567121522496,support,0.012050547042373377,1.2050547042373378,0.03710865102254293,0.0,0.0,0.0,0.0,0.0,4.242428567293803,0.2357140454194821
1000.0,998.605936637358,support,0.012084695194173774,1.2084695194173773,0.03693791026354095,0.0,0.0,0.0,0.0,0.0,4.214313300866767,0.2372865823227542
1000.0,998.644569826122,support,0.012115530816703812,1.2115530816703812,0.036783732150890765,0.0,0.0,0.0,0.0,0.0,4.189085469786454,0.23871558773685678
1000.0,998.683020720883,support,0.012146310541081236,1.2146310541081236,0.03662983352900365,0.0,0.0,0.0,0.0,0.0,4.1640539808152734,0.24015058512863263
1000.0,998.721288950492,support,0.012180844576046755,1.2180844576046754,0.03645716335417604,0.0,0.0,0.0,0.0,0.0,4.136147322247712,0.2417708853408463
1000.0,998.759374140501,support,0.012220494835906558,1.2220494835906557,0.03625891205487704,0.0,0.0,0.0,0.0,0.0,4.104336848591241,0.24364471944919353
1000.0,998.797275913115,support,0.012263142726498883,1.2263142726498883,0.03604567260191541,0.0,0.0,0.0,0.0,0.0,4.070394485607892,0.24567643346014786
1000.0,998.834993887136,support,0.012304872623071056,1.2304872623071057,0.03583702311905454,0.0,0.0,0.0,0.0,0.0,4.037454447845868,0.24768081297698286
1000.0,998.872527677908,support,0.012343003125627241,1.234300312562724,0.03564637060627362,0.0,0.0,0.0,0.0,0.0,4.007588765537085,0.24952660028379506
1000.0,998.909876897262,support,0.012378121675799346,1.2378121675799345,0.03547077785541309,0.0,0.0,0.0,0.0,0.0,3.980277664700558,0.2512387537353456
1000.0,998.94704115346,support,0.012413616279969841,1.2413616279969841,0.03529330483456062,0.0,0.0,0.0,0.0,0.0,3.9528632295713253,0.25298117893860106
1000.0,998.984020051135,support,0.012453125058193801,1.2453125058193801,0.035095760943440815,0.0,0.0,0.0,0.0,0.0,3.922570426560892,0.2549348746497201
1000.0,999.020813191232,support,0.012497850818667664,1.2497850818667664,0.0348721321410715,0.0,0.0,0.0,0.0,0.0,3.888557635409052,0.25716476230004653
1000.0,999.057420170944,support,0.012545713565732659,1.254571356573266,0.03463281840574652,0.0,0.0,0.0,0.0,0.0,3.8524858606004986,0.25957265936444657
1000.0,999.093840583655,support,0.012592903096325523,1.2592903096325523,0.03439687075278221,0.0,0.0,0.0,0.0,0.0,3.817249058974823,0.261968759321291
1000.0,999.130074018869,support,0.012636644470508857,1.2636644470508855,0.03417816388186554,0.0,0.0,0.0,0.0,0.0,3.7848749167142564,0.2642095239617918
1000.0,999.166120062148,support,0.012677170181275907,1.2677170181275907,0.033975535328030285,0.0,0.0,0.0,0.0,0.0,3.7551258529345954,0.26630265912885703
1000.0,999.201978295044,support,0.012717531123574289,1.2717531123574288,0.033773730616538385,0.0,0.0,0.0,0.0,0.0,3.725730147792867,0.26840376525723497
1000.0,999.237648295031,support,0.012761443396103855,1.2761443396103855,0.033554169253890535,0.0,0.0,0.0,0.0,0.0,3.69400925188571,0.27070858024774086
1000.0,999.273129635429,support,0.012810720144866311,1.281072014486631,0.03330778551007827,0.0,0.0,0.0,0.0,0.0,3.658734685718713,0.2733185338372144
1000.0,999.308421885339,support,0.012864060270619149,1.2864060270619149,0.03304108488131408,0.0,0.0,0.0,0.0,0.0,3.6209309179194498,0.2761720736098964
1000.0,999.343524609561,support,0.012917973557105292,1.2917973557105291,0.03277151844888336,0.0,0.0,0.0,0.0,0.0,3.5831178436567988,0.2790865507731771
1000.0,999.378437368524,support,0.012969154691845492,1.2969154691845493,0.03251561277518237,0.0,0.0,0.0,0.0,0.0,3.5475864478643797,0.28188178489688176
1000.0,999.413159718202,support,0.013016683202983399,1.30166832029834,0.03227797021949282,0.0,0.0,0.0,0.0,0.0,3.5149064020258285,0.28450259711713705
1000.0,999.447691210037,support,0.01306260799460128,1.306260799460128,0.03204834626140342,0.0,0.0,0.0,0.0,0.0,3.4836150646529354,0.28705812250804114
1000.0,999.482031390857,support,0.013110587646615133,1.3110587646615133,0.03180844800133416,0.0,0.0,0.0,0.0,0.0,3.4512211325206517,0.28975251413972275
1000.0,999.51617980279,support,0.013163524939200338,1.316352493920034,0.031543761538408134,0.0,0.0,0.0,0.0,0.0,3.415829414061208,0.2927546662264561
1000.0,999.550135983174,support,0.013221735889804243,1.3221735889804243,0.0312527067853886,0.0,0.0,0.0,0.0,0.0,3.3773307709487415,0.29609181564383324
1000.0,999.583899464474,support,0.013282790294240301,1.32827902942403,0.03094743476320831,0.0,0.0,0.0,0.0,0.0,3.3374176986498916,0.29963285698536835
1000.0,999.617469774186,support,0.013343067873327001,1.3343067873327001,0.03064604686777482,0.0,0.0,0.0,0.0,0.0,3.2984752092677603,0.30317038527083345
1000.0,999.650846434744,support,0.01340001238728688,1.3400012387286881,0.030361324297975414,0.0,0.0,0.0,0.0,0.0,3.262103549486236,0.30655066120065216
1000.0,999.684028963423,support,0.01345368431069518,1.345368431069518,0.030092964680933927,0.0,0.0,0.0,0.0,0.0,3.2281893921041127,0.3097711684592974
1000.0,999.717016872241,support,0.013506698634636173,1.3506698634636172,0.029827893061228964,0.0,0.0,0.0,0.0,0.0,3.1950369046401494,0.31298543016755165
1000.0,999.749809667855,support,0.01356264041417866,1.356264041417866,0.029548184163516525,0.0,0.0,0.0,0.0,0.0,3.1604228494530067,0.31641335594478315
1000.0,999.782406851454,support,0.01362394618207227,1.362394618207227,0.02924165532404847,0.0,0.0,0.0,0.0,0.0,3.122920326527879,0.32021310038089207
1000.0,999.814807918658,support,0.013690506459438723,1.3690506459438723,0.028908853937216202,0.0,0.0,0.0,0.0,0.0,3.082707160062385,0.3243902025321675
1000.0,999.8470123594,support,0.013759770260521297,1.3759770260521296,0.02856253493180334,0.0,0.0,0.0,0.0,0.0,3.0414103242078854,0.3287948331208625
1000.0,999.879019657813,support,0.013828238410165273,1.3828238410165272,0.028220194183583458,0.0,0.0,0.0,0.0,0.0,3.001131632214547,0.33320764383203544
1000.0,999.910829292116,support,0.01389345376471523,1.3893453764715231,0.027894117410833665,0.0,0.0,0.0,0.0,0.0,2.963262627326554,0.3374658698079005
1000.0,999.942440734487,support,0.013955361351830373,1.3955361351830373,0.027584579475257956,0.0,0.0,0.0,0.0,0.0,2.9277565592536225,0.34155845261087264
1000.0,999.973853450944,support,0.014016312649807723,1.4016312649807723,0.027279822985371214,0.0,0.0,0.0,0.0,0.0,2.8932146105626937,0.34563630238460347
1000.0,1000.005066901214,support,0.014079761913182193,1.4079761913182192,0.02696257666849886,0.0,0.0,0.0,0.0,0.0,2.8576898842042846,0.34993300201237443
1000.0,1000.036080538599,support,0.014148404192715092,1.4148404192715092,0.026619365270834354,0.0,0.0,0.0,0.0,0.0,2.819748672145931,0.3546415359206336
1000.0,1000.066893809843,support,0.014222764783236218,1.4222764783236217,0.026247562318228734,0.0,0.0,0.0,0.0,0.0,2.779214956681716,0.35981383793140076
1000.0,1000.097506154989,support,0.014300962641578291,1.4300962641578292,0.02585657302651837,0.0,0.0,0.0,0.0,0.0,2.7372179502873326,0.3653344447397868
1000.0,1000.127917007235,support,0.014379725085106765,1.4379725085106765,0.02546276080887599,0.0,0.0,0.0,0.0,0.0,2.6955592144687173,0.3709805351826024
1000.0,1000.158125792784,support,0.014456086091772869,1.4456086091772868,0.025080955775545477,0.0,0.0,0.0,0.0,0.0,2.655776049542123,0.3765377732706069
1000.0,1000.188131930692,support,0.014528883670911354,1.4528883670911354,0.024716967879853054,0.0,0.0,0.0,0.0,0.0,2.6183962041487403,0.38191317204613323
1000.0,1000.217934832705,support,0.014599317731731712,1.4599317731731711,0.02436479757575126,0.0,0.0,0.0,0.0,0.0,2.5827308199434826,0.38718707821896936
1000.0,1000.247533903098,support,0.014670331561517503,1.4670331561517502,0.0240097284268223,0.0,0.0,0.0,0.0,0.0,2.547263657969035,0.3925781286407205
1000.0,1000.276928538504,support,0.014745164996205344,1.4745164996205344,0.02363556125338311,0.0,0.0,0.0,0.0,0.0,2.5104157515558234,0.3983403941678795
1000.0,1000.30611812774,support,0.01482580671114115,1.482580671114115,0.02323235267870407,0.0,0.0,0.0,0.0,0.0,2.471304323090167,0.40464462051746847
1000.0,1000.335102051624,support,0.014912081837725534,1.4912081837725533,0.022800977045782152,0.0,0.0,0.0,0.0,0.0,2.430135110773109,0.4114997538889374
1000.0,1000.363879682791,support,0.015001774113309186,1.5001774113309185,0.0223525156678639,0.0,0.0,0.0,0.0,0.0,2.3880622430934735,0.41874955432677896
1000.0,1000.392450385495,support,0.015091682671542978,1.5091682671542979,0.021902972876694925,0.0,0.0,0.0,0.0,0.0,2.346618954609048,0.4261450279500543
1000.0,1000.420813515414,support,0.015179093832760874,1.5179093832760873,0.021465917070605457,0.0,0.0,0.0,0.0,0.0,2.3070164832048645,0.4334602753296407
1000.0,1000.448968419439,support,0.015262991080764846,1.5262991080764847,0.02104643083058559,0.0,0.0,0.0,0.0,0.0,2.269634752809373,0.4405995276386174
1000.0,1000.476914435465,support,0.01534448050725962,1.5344480507259621,0.02063898369811172,0.0,0.0,0.0,0.0,0.0,2.233905843638594,0.44764644080575766
1000.0,1000.504650892162,support,0.015426281121258531,1.5426281121258532,0.020229980628117167,0.0,0.0,0.0,0.0,0.0,2.198606158810461,0.454833620834139
1000.0,1000.532177108751,support,0.015511540278953205,1.5511540278953204,0.019803684839643797,0.0,0.0,0.0,0.0,0.0,2.162407536698374,0.46244751880897933
1000.0,1000.559492394765,support,0.015602505372746017,1.5602505372746016,0.01934885937067973,0.0,0.0,0.0,0.0,0.0,2.1244432442865606,0.4707115629892123
1000.0,1000.5865960498,support,0.01569961163820276,1.569961163820276,0.018863328043396018,0.0,0.0,0.0,0.0,0.0,2.084651176553323,0.47969656086701234
1000.0,1000.613487363262,support,0.015801341294820116,1.5801341294820117,0.018354679760309238,0.0,0.0,0.0,0.0,0.0,2.0437637065073644,0.48929335461628454
1000.0,1000.640165614099,support,0.015904875079053794,1.5904875079053793,0.01783701083914085,0.0,0.0,0.0,0.0,0.0,2.0029744295004095,0.49925749688648013
1000.0,1000.66663007053,support,0.016007239488057348,1.6007239488057348,0.017325188794123078,0.0,0.0,0.0,0.0,0.0,1.963446241740065,0.5093085711955984
1000.0,1000.692879989752,support,0.01610647637486038,1.6106476374860381,0.016829004360107917,0.0,0.0,0.0,0.0,0.0,1.9258705946943422,0.519245686992127
1000.0,1000.718914617652,support,0.01620238238491004,1.620238238491004,0.016349474309859627,0.0,0.0,0.0,0.0,0.0,1.8902396253097227,0.5290334551293444
1000.0,1000.744733188489,support,0.016296558242485902,1.6296558242485901,0.015878595021980312,0.0,0.0,0.0,0.0,0.0,1.8558929987537724,0.5388241674878333
1000.0,1000.770334924583,support,0.016391783446653603,1.6391783446653603,0.015402469001141814,0.0,0.0,0.0,0.0,0.0,1.8217981902960863,0.5489082189929477
1000.0,1000.795719035972,support,0.01649098003802384,1.649098003802384,0.014906486044290623,0.0,0.0,0.0,0.0,0.0,1.7869473675639347,0.5596135723702121
1000.0,1000.820884720071,support,0.01659616119015184,1.6596161190151841,0.01438058028365062,0.0,0.0,0.0,0.0,0.0,1.750721941423406,0.5711929326635162
1000.0,1000.84583116131,support,0.016707739666971633,1.6707739666971633,0.013822687899551652,0.0,0.0,0.0,0.0,0.0,1.7130956097249574,0.5837385808025933
1000.0,1000.870557530754,support,0.016824419624658495,1.6824419624658495,0.013239288111117336,0.0,0.0,0.0,0.0,0.0,1.6746136448754583,0.5971526644728674
1000.0,1000.895062985715,support,0.016943678486294408,1.6943678486294407,0.012642993802937798,0.0,0.0,0.0,0.0,0.0,1.636174294961389,0.6111818301262325
1000.0,1000.919346669339,support,0.017062644640416583,1.7062644640416582,0.012048163032326904,0.0,0.0,0.0,0.0,0.0,1.598708403965985,0.6255049373101792
1000.0,1000.943407710182,support,0.017179057967793853,1.7179057967793854,0.011466096395440559,0.0,0.0,0.0,0.0,0.0,1.5628771039664606,0.6398455754851599
1000.0,1000.967245221765,support,0.017291994974373334,1.7291994974373333,0.010901411362543165,0.0,0.0,0.0,0.0,0.0,1.5288834268131501,0.654072104165868
1000.0,1000.990858302106,support,0.017402138824378504,1.7402138824378504,0.010350692112517294,0.0,0.0,0.0,0.0,0.0,1.4964427920565098,0.6682514061401135
1000.0,1001.014246033237,support,0.017511534529082082,1.7511534529082082,0.009803713588999405,0.0,0.0,0.0,0.0,0.0,1.4649038858861017,0.6826386424629577
1000.0,1001.037407480691,support,0.017622934049345274,1.7622934049345274,0.009246715987683457,0.0,0.0,0.0,0.0,0.0,1.4334702753827342,0.697607768485469
1000.0,1001.060341692978,support,0.017738953580025012,1.7738953580025012,0.008666618334284757,0.0,0.0,0.0,0.0,0.0,1.4014498580054626,0.7135467560881527
1000.0,1001.083047701019,support,0.017861304967510535,1.7861304967510534,0.00805486139685715,0.0,0.0,0.0,0.0,0.0,1.3684564661170955,0.7307503196191792
1000.0,1001.105524517569,support,0.017990321557850585,1.7990321557850586,0.0074097784451568945,0.0,0.0,0.0,0.0,0.0,1.3345067318769888,0.7493405436730141
1000.0,1001.127771136606,support,0.018124896883258124,1.8124896883258124,0.006736901818119207,0.0,0.0,0.0,0.0,0.0,1.299991403474529,0.7692358559658684
1000.0,1001.149786532683,support,0.018262828514828633,1.8262828514828633,0.006047243660266656,0.0,0.0,0.0,0.0,0.0,1.2655414316019866,0.7901756315746606
1000.0,1001.171569660264,support,0.018401447547217113,1.8401447547217114,0.005354148498324266,0.0,0.0,0.0,0.0,0.0,1.2318394983498175,0.811794070038839
1000.0,1001.193119453006,support,0.018538346012919496,1.8538346012919495,0.004669656169812336,0.0,0.0,0.0,0.0,0.0,1.199436834623162,0.833724604025671
1000.0,1001.214434823026,support,0.018672003625775268,1.8672003625775269,0.004001368105533486,0.0,0.0,0.0,0.0,0.0,1.1686237257411645,0.855707425729167
1000.0,1001.235514660113,support,0.01880215788748581,1.880215788748581,0.0033505967969807743,0.0,0.0,0.0,0.0,0.0,1.1393791702861251,0.8776709510573871
1000.0,1001.256357830902,support,0.018929840282342195,1.8929840282342194,0.002712184822698842,0.0,0.0,0.0,0.0,0.0,1.1114012578877792,0.8997650424658529
1000.0,1001.276963178012,support,0.019057091508223944,1.9057091508223944,0.002075928693290113,0.0,0.0,0.0,0.0,0.0,1.0842013755870346,0.9223378816122197
1000.0,1001.297329519125,support,0.01918644632479778,1.918644632479778,0.0014291546104209353,0.0,0.0,0.0,0.0,0.0,1.0572340331330512,0.9458643674537779
1000.0,1001.317455646024,support,0.019320326022204494,1.9320326022204495,0.0007597561233873625,0.0,0.0,0.0,0.0,0.0,1.0300295208733763,0.970845960950795
1000.0,1001.337340323569,support,0.01946048600836175,1.946048600836175,5.8956192601067435e-05,0.0,0.0,0.0,0.0,0.0,1.0022985904663606,0.9977066809349785
1000.0,1001.356982288616,support,0.0196076401079332,1.96076401079332,-0.0006768143052561656,0.0,0.0,0.0,0.0,0.0,0.9739868961599204,1.0267078581268803
1000.0,1001.376380248878,support,0.019761332388764485,1.9761332388764485,-0.001445275709412601,0.0,0.0,0.0,0.0,0.0,0.9452707308022776,1.0578979835240134
1000.0,1001.395532881709,support,0.019920066432493857,1.9920066432493857,-0.0022389459280594587,0.0,0.0,0.0,0.0,0.0,0.9165010217287525,1.0911062577036166
1000.0,1001.414438832823,support,0.020081645809229054,2.008164580922905,-0.0030468428117354355,0.0,0.0,0.0,0.0,0.0,0.8881147484242121,1.1259806255602742
1000.0,1001.433096714926,support,0.020243639681588727,2.0243639681588728,-0.003856812173533817,0.0,0.0,0.0,0.0,0.0,0.8605382110567297,1.1620634472140556
1000.0,1001.451505106267,support,0.020403870221170784,2.0403870221170783,-0.004657964871444094,0.0,0.0,0.0,0.0,0.0,0.834104284050901,1.1988908570801386
1000.0,1001.469662549096,support,0.02056082435962948,2.056082435962948,-0.0054427355637375685,0.0,0.0,0.0,0.0,0.0,0.8089983042227027,1.2360965341711248
1000.0,1001.487567548017,support,0.020713916917706843,2.0713916917706845,-0.006208198354124393,0.0,0.0,0.0,0.0,0.0,0.7852382078222415,1.2734989077688579
1000.0,1001.505218568232,support,0.020863567842016654,2.0863567842016653,-0.006956452975673441,0.0,0.0,0.0,0.0,0.0,0.7626868789196356,1.3111540628790208
1000.0,1001.522614033668,support,0.021011094591100787,2.101109459110079,-0.007694086721094123,0.0,0.0,0.0,0.0,0.0,0.7410896644342162,1.349364385972713
1000.0,1001.539752324971,support,0.021158453986936127,2.1158453986936125,-0.008430883700270808,0.0,0.0,0.0,0.0,0.0,0.7201274902713597,1.3886430021206082
1000.0,1001.556631777359,support,0.02130789065145265,2.1307890651452652,-0.009178067022853434,0.0,0.0,0.0,0.0,0.0,0.6994752635963228,1.429643122558104
1000.0,1001.573250678312,support,0.021461558913579388,2.146155891357939,-0.00994640833348711,0.0,0.0,0.0,0.0,0.0,0.6788557305157538,1.4730670377346011
1000.0,1001.589607265103,support,0.021621182056171997,2.1621182056171997,-0.01074452404645015,0.0,0.0,0.0,0.0,0.0,0.6580805347025892,1.51957085381949
1000.0,1001.605699722126,support,0.021787799470283153,2.1787799470283153,-0.01157761111700593,0.0,0.0,0.0,0.0,0.0,0.6370729052796625,1.5696790613956804
1000.0,1001.621526178029,support,0.021961632558933006,2.1961632558933006,-0.012446776560255215,0.0,0.0,0.0,0.0,0.0,0.6158699798918614,1.6237193444232931
1000.0,1001.637084702607,support,0.022142078357433027,2.2142078357433026,-0.013349005552755314,0.0,0.0,0.0,0.0,0.0,0.5946066136150289,1.681784186557061
1000.0,1001.652373303448,support,0.02232781968133878,2.232781968133878,-0.014277712172284079,0.0,0.0,0.0,0.0,0.0,0.5734857386001098,1.7437225247152965
1000.0,1001.667389922298,support,0.022517025056974768,2.2517025056974767,-0.015223739050464018,0.0,0.0,0.0,0.0,0.0,0.5527421375479679,1.8091618714580417
1000.0,1001.682132431105,support,0.022707602348254592,2.270760234825459,-0.016176625506863128,0.0,0.0,0.0,0.0,0.0,0.5326065581371298,1.8775585556018084
1000.0,1001.696598627722,support,0.02289746721004526,2.289746721004526,-0.017125949815816475,0.0,0.0,0.0,0.0,0.0,0.5132756858367883,1.948270739475434
1000.0,1001.710786231214,support,0.02308479054734692,2.308479054734692,-0.01806256650232476,0.0,0.0,0.0,0.0,0.0,0.4948912745731072,2.0206458496618254
1000.0,1001.724692876733,support,0.023268196588547712,2.326819658854771,-0.018979596708328734,0.0,0.0,0.0,0.0,0.0,0.4775294558435134,2.0941116569104388
1000.0,1001.738316109891,support,0.023446893179972922,2.3446893179972923,-0.019873079665454797,0.0,0.0,0.0,0.0,0.0,0.4611994562375485,2.168259278009498
1000.0,1001.751653380583,support,0.023620726662482106,2.3620726662482108,-0.02074224707800071,0.0,0.0,0.0,0.0,0.0,0.4458498795066944,2.2429074133796756
1000.0,1001.764702036178,support,0.023790163640526527,2.379016364052653,-0.021589431968222817,0.0,0.0,0.0,0.0,0.0,0.43138030047881487,2.318140162844803
1000.0,1001.777459313992,support,0.02395620996982542,2.395620996982542,-0.022419663614717287,0.0,0.0,0.0,0.0,0.0,0.4176559684229584,2.3943151196328754
1000.0,1001.789922332936,support,0.024120282730403737,2.4120282730403737,-0.023240027417608857,0.0,0.0,0.0,0.0,0.0,0.4045236983290511,2.4720430573799694
1000.0,1001.802088084237,support,0.024284053645130806,2.4284053645130808,-0.0240588819912442,0.0,0.0,0.0,0.0,0.0,0.39182737225318454,2.552144313577553
1000.0,1001.813953421066,support,0.024449282562572717,2.444928256257272,-0.02488502657845377,0.0,0.0,0.0,0.0,0.0,0.37942179908727075,2.6355892107558905
1000.0,1001.825515046918,support,0.02461765773005598,2.461765773005598,-0.025726902415870067,0.0,0.0,0.0,0.0,0.0,0.3671839803925205,2.723430360254273
1000.0,1001.836769502533,support,0.024790656263599237,2.479065626359924,-0.026591895083586357,0.0,0.0,0.0,0.0,0.0,0.3550211279256477,2.8167337697418127
1000.0,1001.847713151113,support,0.02496943413381642,2.4969434133816417,-0.02748578443467227,0.0,0.0,0.0,0.0,0.0,0.342875099814152,2.916513915831241
1000.0,1001.858342161533,support,0.02515475073143036,2.515475073143036,-0.028412367422741974,0.0,0.0,0.0,0.0,0.0,0.33072326800998214,3.0236759754376195
1000.0,1001.868652489176,support,0.025346929135764574,2.5346929135764573,-0.029373259444413054,0.0,0.0,0.0,0.0,0.0,0.31857617202639166,3.1389667144257025
1000.0,1001.878639853929,support,0.025545849923346083,2.5545849923346085,-0.03036786338232059,0.0,0.0,0.0,0.0,0.0,0.3064726067957241,3.2629343628957317
1000.0,1001.888299714774,support,0.02575097390999517,2.5750973909995167,-0.031393483315566004,0.0,0.0,0.0,0.0,0.0,0.29447298934357374,3.395897200042544
1000.0,1001.897627240254,support,0.025961387673843702,2.59613876738437,-0.03244555213480868,0.0,0.0,0.0,0.0,0.0,0.2826519205529214,3.537920414776621
1000.0,1001.90661727388,support,0.026175865006194413,2.617586500619441,-0.033517938796562216,0.0,0.0,0.0,0.0,0.0,0.27109080232733346,3.688800916205678
1000.0,1001.915264293309,support,0.02639293745856155,2.639293745856155,-0.034603301058397935,0.0,0.0,0.0,0.0,0.0,0.25987121097967864,3.8480599533520388
1000.0,1001.923562361733,support,0.026610967726967295,2.6610967726967294,-0.035693452400426665,0.0,0.0,0.0,0.0,0.0,0.24906950652976956,4.014943514895818
1000.0,1001.93150506942,support,0.026828220559657747,2.6828220559657745,-0.03677971656387889,0.0,0.0,0.0,0.0,0.0,0.23875292111545304,4.188430429784911
1000.0,1001.939085462644,support,0.027042927017464437,2.7042927017464438,-0.03785324885291235,0.0,0.0,0.0,0.0,0.0,0.22897715769629762,4.367247851536106
1000.0,1001.9462959562,support,0.027253339105215504,2.7253339105215506,-0.038905309291667675,0.0,0.0,0.0,0.0,0.0,0.21978536860871534,4.5498934088751986
1000.0,1001.953128224192,support,0.027457772907779635,2.7457772907779634,-0.03992747830448833,0.0,0.0,0.0,0.0,0.0,0.211208282643191,4.734662805290502
1000.0,1001.959573061461,support,0.027654639313547058,2.765463931354706,-0.04091181033332548,0.0,0.0,0.0,0.0,0.0,0.2032652066209577,4.919681123118957
1000.0,1001.965620204469,support,0.027842462129635582,2.7842462129635583,-0.0418509244137681,0.0,0.0,0.0,0.0,0.0,0.19596563202020806,5.1029355999366235
1000.0,1001.971258094609,support,0.028019883833144493,2.801988383314449,-0.04273803293131265,0.0,0.0,0.0,0.0,0.0,0.1893112153510452,5.28230722171252
1000.0,1001.97647355717,support,0.02818565931240359,2.818565931240359,-0.04356691032760812,0.0,0.0,0.0,0.0,0.0,0.18329795987541012,5.4555980911064825
1000.0,1001.981251351911,support,0.028338637632523117,2.8338637632523116,-0.04433180192820577,0.0,0.0,0.0,0.0,0.0,0.17791849802169818,5.620551045108555
1000.0,1001.985573518768,support,0.028477730892737935,2.8477730892737934,-0.04502726822927985,0.0,0.0,0.0,0.0,0.0,0.17316445822827775,5.774857093836939
1000.0,1001.9894183767,support,0.028601867081870198,2.86018670818702,-0.04564794917494116,0.0,0.0,0.0,0.0,0.0,0.16902901077704635,5.916144189703778
1000.0,1001.992758887836,support,0.028709918987009322,2.8709918987009324,-0.04618820870063678,0.0,0.0,0.0,0.0,0.0,0.1655098708544867,6.041935715599597
1000.0,1001.995559729557,support,0.028800589060125517,2.8800589060125517,-0.046641559066217746,0.0,0.0,0.0,0.0,0.0,0.16261343913486878,6.149553230779513
1000.0,1001.997771286303,support,0.028872193320043767,2.887219332004377,-0.046999580365809,0.0,0.0,0.0,0.0,0.0,0.1603619246425961,6.235894226317955
1000.0,1001.999314032896,support,0.028922133702435317,2.8922133702435318,-0.047249282277766744,0.0,0.0,0.0,0.0,0.0,0.1588100852740917,6.296829312030727
1000.0,1002.0,Pd,-0.06763916514247462,-6.7639165142474615,-0.04736028348064097,0.0,0.0,-0.04670857461485994,0.0,-0.23512070815737265,0.15812506891438788,6.324107915750034
1000.0,1002.008333333334,Pd,-0.06696636826297889,-6.696636826297889,-0.04870587723963242,0.0,0.0,-0.047948558359824436,0.0,-0.23512070815737265,0.1500523662281997,6.664340090973304
1000.0,1002.016666666667,Pd,-0.06629862406398743,-6.629862406398742,-0.050041365637615354,0.0,0.0,-0.049211775975813984,0.0,-0.23512070815737265,0.1424478437895037,7.020113280743708
1000.0,1002.025,Pd,-0.0656392974583568,-6.563929745835679,-0.051360018848876615,0.0,0.0,-0.05049171902288559,0.0,-0.23512070815737265,0.13531739945130045,7.390032649569883
1000.0,1002.033333333333,Pd,-0.06499159834599899,-6.499159834599899,-0.05265541707359222,0.0,0.0,-0.05178149926698893,0.0,-0.23512070815737265,0.1286603459970133,7.77240253980985
1000.0,1002.041666666667,Pd,-0.06435851963503876,-6.435851963503876,-0.05392157449551269,0.0,0.0,-0.05307399893856339,0.0,-0.23512070815737265,0.12247017363861396,8.165253386108594
1000.0,1002.05,Pd,-0.06374278094659826,-6.374278094659826,-0.05515305187239369,0.0,0.0,-0.05436203830254893,0.0,-0.23512070815737265,0.11673537747551997,8.566383401721602
1000.0,1002.058333333333,Pd,-0.06314677942954187,-6.314677942954187,-0.056345054906506466,0.0,0.0,-0.055638554755669395,0.0,-0.23512070815737265,0.11144030078397098,8.973414401837607
1000.0,1002.066666666667,Pd,-0.06257254890457277,-6.257254890457277,-0.05749351595644467,0.0,0.0,-0.056896786478365324,0.0,-0.23512070815737265,0.10656595469440423,9.383860003578702
1000.0,1002.075,Pd,-0.06202172831045456,-6.2021728310454565,-0.05859515714468109,0.0,0.0,-0.05813045287407744,0.0,-0.23512070815737265,0.10209078509223557,9.79520334863263
1000.0,1002.083333333334,Pd,-0.06149554015470217,-6.149554015470217,-0.05964753345618587,0.0,0.0,-0.05933392371195284,0.0,-0.23512070815737265,0.09799136755195165,10.20498055065753
1000.0,1002.091666666667,Pd,-0.060994779383643616,-6.099477938364362,-0.060649054998302976,0.0,0.0,-0.0605023691115472,0.0,-0.23512070815737265,0.09424302005941929,10.61086539214798
1000.0,1002.1,Pd,-0.06051981278541903,-6.051981278541903,-0.061598988194752145,0.0,0.0,-0.06163188329014733,0.0,-0.23512070815737265,0.09082033071563662,11.010750479769273
1000.0,1002.108333333334,Pd,-0.06007058874401587,-6.007058874401587,-0.062497436277558466,0.0,0.0,-0.06271957626326576,0.0,-0.23512070815737265,0.08769760343155639,11.402820155518278
1000.0,1002.116666666667,Pd,-0.05964665687113463,-5.964665687113463,-0.06334530002332095,0.0,0.0,-0.06376362937229806,0.0,-0.23512070815737265,0.08484922871120082,11.785610961811742
1000.0,1002.125,Pd,-0.05924719677094484,-5.924719677094484,-0.06414422022370053,0.0,0.0,-0.06476331245743867,0.0,-0.23512070815737265,0.0822499891431121,12.158056316093063
1000.0,1002.133333333334,Pd,-0.05887105494888114,-5.887105494888114,-0.06489650386782793,0.0,0.0,-0.06571896253619049,0.0,-0.23512070815737265,0.07987531036222359,12.519513169528068
1000.0,1002.141666666667,Pd,-0.058516788661282605,-5.85167886612826,-0.065605036443025,0.0,0.0,-0.06663192583628817,0.0,-0.23512070815737265,0.0777014681995435,12.869769686100668
1000.0,1002.15,Pd,-0.05818271532961634,-5.818271532961634,-0.06627318310635753,0.0,0.0,-0.06750446680260917,0.0,-0.23512070815737265,0.07570576179241355,13.209034244210057
1000.0,1002.158333333333,Pd,-0.05786696601482371,-5.786696601482371,-0.06690468173594279,0.0,0.0,-0.06833964913334882,0.0,-0.23512070815737265,0.07386666082020411,13.537907208694055
1000.0,1002.166666666667,Pd,-0.05756754136380502,-5.756754136380502,-0.06750353103798017,0.0,0.0,-0.06914119493238986,0.0,-0.23512070815737265,0.07216393297921998,13.85733785169325
1000.0,1002.175,Pd,-0.057282368408141444,-5.728236840814144,-0.06807387694930732,0.0,0.0,-0.06991332864704439,0.0,-0.23512070815737265,0.07057875557790498,14.168569448581419
1000.0,1002.183333333333,Pd,-0.05700935661066212,-5.700935661066212,-0.06861990054426596,0.0,0.0,-0.07066061261633666,0.0,-0.23512070815737265,0.0690938129070854,14.47307592280021
1000.0,1002.191666666667,Pd,-0.05674645162102715,-5.674645162102715,-0.06914571052353591,0.0,0.0,-0.07138778082305457,0.0,-0.23512070815737265,0.06769337903928342,14.77249347265832
1000.0,1002.2,Pd,-0.05649168530993462,-5.649168530993462,-0.06965524314572097,0.0,0.0,-0.07209957690942274,0.0,-0.23512070815737265,0.0663633840802521,15.068550434238215
1000.0,1002.208333333334,Pd,-0.056243220802050756,-5.624322080205076,-0.0701521721614887,0.0,0.0,-0.07280060176109315,0.0,-0.23512070815737265,0.0650914607869103,15.362998278279491
1000.0,1002.216666666667,Pd,-0.05599939141460517,-5.599939141460517,-0.07063983093637986,0.0,0.0,-0.07349517507786044,0.0,-0.23512070815737265,0.06386696796090859,15.657546176484777
1000.0,1002.225,Pd,-0.05575873262155817,-5.575873262155817,-0.07112114852247386,0.0,0.0,-0.07418721442433554,0.0,-0.23512070815737265,0.06268098713500257,15.95380107601362
1000.0,1002.233333333334,Pd,-0.05552000640124024,-5.552000640124024,-0.07159860096310973,0.0,0.0,-0.07488013433814268,0.0,-0.23512070815737265,0.06152628978879828,16.253214738491575
1000.0,1002.241666666667,Pd,-0.05528221757419496,-5.528221757419495,-0.0720741786172003,0.0,0.0,-0.07557676723049614,0.0,-0.23512070815737265,0.060397273534146076,16.557038778160113
1000.0,1002.25,Pd,-0.055044621993575835,-5.504462199357583,-0.07254936977843854,0.0,0.0,-0.07627930705783617,0.0,-0.23512070815737265,0.05928986727478711,16.8662883889647
1000.0,1002.258333333334,Pd,-0.054806726703875354,-5.480672670387535,-0.0730251603578395,0.0,0.0,-0.07698927608180473,0.0,-0.23512070815737265,0.058201407084735396,17.181715186784068
1000.0,1002.266666666667,Pd,-0.05456828242527409,-5.456828242527409,-0.07350204891504203,0.0,0.0,-0.07770751446490774,0.0,-0.23512070815737265,0.05713048626330868,17.503789402230893
1000.0,1002.275,Pd,-0.054329268944858136,-5.432926894485814,-0.07398007587587394,0.0,0.0,-0.07843419194743727,0.0,-0.23512070815737265,0.056076784537263155,17.832691518457118
1000.0,1002.283333333333,Pd,-0.05408987419607272,-5.408987419607271,-0.07445886537344477,0.0,0.0,-0.07916884039416484,0.0,-0.23512070815737265,0.0550408825422496,18.16831333023042
1000.0,1002.291666666667,Pd,-0.05385046797539664,-5.385046797539664,-0.07493767781479693,0.0,0.0,-0.079910405575167,0.0,-0.23512070815737265,0.05402406841169778,18.510268282265667
1000.0,1002.3,Pd,-0.05361157137958409,-5.361157137958409,-0.07541547100642203,0.0,0.0,-0.08065731612763354,0.0,-0.23512070815737265,0.05302814350499485,18.857910797986122
1000.0,1002.308333333333,Pd,-0.053373823140642485,-5.337382314064248,-0.07589096748430524,0.0,0.0,-0.08140756724092643,0.0,-0.23512070815737265,0.05205523401588872,19.210364123899087
1000.0,1002.316666666667,Pd,-0.053137944091091724,-5.313794409109172,-0.07636272558340676,0.0,0.0,-0.08215881620798204,0.0,-0.23512070815737265,0.05110761450015732,19.566555977620943
1000.0,1002.325,Pd,-0.05290470100370258,-5.290470100370258,-0.07682921175818505,0.0,0.0,-0.08290848662232646,0.0,-0.23512070815737265,0.05018754833185312,19.925261010714053
1000.0,1002.333333333334,Pd,-0.05267487102225982,-5.2674871022259815,-0.07728887172107057,0.0,0.0,-0.08365387768454806,0.0,-0.23512070815737265,0.049297148878544264,20.285148791540617
1000.0,1002.341666666667,Pd,-0.052449207833946784,-5.2449207833946785,-0.07774019809769664,0.0,0.0,-0.08439227484799017,0.0,-0.23512070815737265,0.04843826389800199,20.644835704800077
1000.0,1002.35,Pd,-0.052228410630560065,-5.2228410630560065,-0.07818179250447008,0.0,0.0,-0.08512105791987652,0.0,-0.23512070815737265,0.04761238440466311,21.002938888774935
1000.0,1002.358333333334,Pd,-0.05201309677411003,-5.201309677411003,-0.07861242021737015,0.0,0.0,-0.08583780275351173,0.0,-0.23512070815737265,0.0468205781409461,21.35813011513132
1000.0,1002.366666666667,Pd,-0.05180377892241483,-5.1803778922414825,-0.07903105592076055,0.0,0.0,-0.08654037285687582,0.0,-0.23512070815737265,0.046063446853441395,21.709187399320513
1000.0,1002.375,Pd,-0.051600847191605646,-5.160084719160564,-0.07943691938237891,0.0,0.0,-0.08722699760013085,0.0,-0.23512070815737265,0.045341105858461364,22.055042131562484
1000.0,1002.383333333334,Pd,-0.05140455674120698,-5.140455674120698,-0.07982950028317624,0.0,0.0,-0.0878963342248654,0.0,-0.23512070815737265,0.04465318388289691,22.39481965323016
1000.0,1002.391666666667,Pd,-0.051215020968034326,-5.121502096803432,-0.08020857182952155,0.0,0.0,-0.08854751152955946,0.0,-0.23512070815737265,0.04399884085365225,22.727871475663935
1000.0,1002.4,Pd,-0.05103221029718507,-5.103221029718507,-0.08057419317122007,0.0,0.0,-0.08918015388627962,0.0,-0.23512070815737265,0.043376801155491786,23.05379772969712
1000.0,1002.408333333333,Pd,-0.050855956367825,-5.0855956367825,-0.0809267010299402,0.0,0.0,-0.08979438509144137,0.0,-0.23512070815737265,0.04278539983643,23.372458918767457
1000.0,1002.416666666667,Pd,-0.05068596123273643,-5.068596123273643,-0.08126669130011735,0.0,0.0,-0.09039081242472263,0.0,-0.23512070815737265,0.042222639262762714,23.683976593143175
1000.0,1002.425,Pd,-0.05052181103231585,-5.052181103231585,-0.0815949917009585,0.0,0.0,-0.09097049212307456,0.0,-0.23512070815737265,0.041686253786027236,23.98872312040639
1000.0,1002.433333333333,Pd,-0.05036299346791388,-5.036299346791388,-0.08191262682976244,0.0,0.0,-0.09153487823291043,0.0,-0.23512070815737265,0.04117378004515789,24.28730126073527
1000.0,1002.441666666667,Pd,-0.05020891829259733,-5.0208918292597335,-0.08222077718039554,0.0,0.0,-0.09208575743382898,0.0,-0.23512070815737265,0.04068263058306799,24.58051472257051
1000.0,1002.45,Pd,-0.0500589399598688,-5.00589399598688,-0.08252073384585261,0.0,0.0,-0.09262517291161071,0.0,-0.23512070815737265,0.040210168496972065,24.869331250758194
1000.0,1002.458333333333,Pd,-0.0499123815264122,-4.99123815264122,-0.08281385071276581,0.0,0.0,-0.09315534067327334,0.0,-0.23512070815737265,0.039753780881390074,25.15484006373164
1000.0,1002.466666666667,Pd,-0.04976855889349578,-4.9768558893495785,-0.08310149597859864,0.0,0.0,-0.09367856184155943,0.0,-0.23512070815737265,0.039310948876224064,25.43820560395623
1000.0,1002.475,Pd,-0.04962680449193752,-4.962680449193752,-0.08338500478171516,0.0,0.0,-0.09419713445148514,0.0,-0.23512070815737265,0.038879312218019144,25.720619603361616
1000.0,1002.483333333334,Pd,-0.04948648956673654,-4.9486489566736545,-0.08366563463211713,0.0,0.0,-0.09471326811199103,0.0,-0.23512070815737265,0.03845672633425161,26.0032534050967
1000.0,1002.491666666667,Pd,-0.04934704429742962,-4.934704429742962,-0.08394452517073096,0.0,0.0,-0.09522900461308173,0.0,-0.23512070815737265,0.0380413102365812,26.28721234313276
1000.0,1002.5,Pd,-0.049207975092962604,-4.920797509296261,-0.084222663579665,0.0,0.0,-0.09574614718855275,0.0,-0.23512070815737265,0.037631483761699856,26.573493788670874
1000.0,1002.508333333334,Pd,-0.04906887852462836,-4.906887852462836,-0.08450085671633349,0.0,0.0,-0.09626620069991282,0.0,-0.23512070815737265,0.03722599308839545,26.86295024085556
1000.0,1002.516666666667,Pd,-0.048929451499025035,-4.892945149902504,-0.08477971076754014,0.0,0.0,-0.09679032452528923,0.0,-0.23512070815737265,0.036823923905183964,27.1562585935939
1000.0,1002.525,Pd,-0.04878949742170925,-4.878949742170925,-0.0850596189221717,0.0,0.0,-0.0973192994310074,0.0,-0.23512070815737265,0.036424702099480726,27.453896459300243
1000.0,1002.533333333333,Pd,-0.048648928255904625,-4.864892825590463,-0.08534075725378096,0.0,0.0,-0.09785350918832769,0.0,-0.23512070815737265,0.036028082358144455,27.75612618121879
1000.0,1002.541666666667,Pd,-0.04850776253182608,-4.850776253182608,-0.08562308870193805,0.0,0.0,-0.09839293719248826,0.0,-0.23512070815737265,0.03563412557123568,28.062986925297608
1000.0,1002.55,Pd,-0.04836611950797616,-4.836611950797616,-0.08590637474963789,0.0,0.0,-0.09893717784522656,0.0,-0.23512070815737265,0.03524316638882107,28.374295004242136
1000.0,1002.558333333333,Pd,-0.048224209818982094,-4.822420981898209,-0.08619019412762602,0.0,0.0,-0.09948546199032214,0.0,-0.23512070815737265,0.034855772657509505,28.689652351876784
1000.0,1002.566666666667,Pd,-0.048082323062968134,-4.808232306296813,-0.08647396763965394,0.0,0.0,-0.10003669524219541,0.0,-0.23512070815737265,0.034472698741613524,29.008462827218562
1000.0,1002.575,Pd,-0.04794081287874274,-4.794081287874274,-0.08675698800810473,0.0,0.0,-0.10058950763723183,0.0,-0.23512070815737265,0.034094834891755264,29.32995578875256
1000.0,1002.583333333333,Pd,-0.04780008013863521,-4.780008013863521,-0.08703845348831979,0.0,0.0,-0.10114231266606231,0.0,-0.23512070815737265,0.03372315486421957,29.653216136696773
1000.0,1002.591666666667,Pd,-0.04766055493338071,-4.7660554933380705,-0.0873175038988288,0.0,0.0,-0.10169337342786496,0.0,-0.23512070815737265,0.03335866392051629,29.977219782623806
1000.0,1002.6,Pd,-0.04752267804987565,-4.752267804987565,-0.0875932576658389,0.0,0.0,-0.10224087339752418,0.0,-0.23512070815737265,0.03300234916369548,30.300873281471084
1000.0,1002.608333333334,Pd,-0.047386882640711434,-4.738688264071143,-0.08786484848416734,0.0,0.0,-0.10278298912665788,0.0,-0.23512070815737265,0.032655133917438434,30.62305616410233
1000.0,1002.616666666667,Pd,-0.04725357675824044,-4.7253576758240445,-0.08813146024910933,0.0,0.0,-0.10331796211749134,0.0,-0.23512070815737265,0.03231783755395091,30.94266435155555
1000.0,1002.625,Pd,-0.04712312737421903,-4.712312737421903,-0.08839235901715214,0.0,0.0,-0.1038441671364784,0.0,-0.23512070815737265,0.03199114184448468,31.25865293777882
1000.0,1002.633333333334,Pd,-0.046995846435097584,-4.699584643509758,-0.08864692089539504,0.0,0.0,-0.10436017436358837,0.0,-0.23512070815737265,0.031675564574455056,31.570076601143075
1000.0,1002.641666666667,Pd,-0.0468719794123478,-4.68719794123478,-0.0888946549408946,0.0,0.0,-0.1048648030183517,0.0,-0.23512070815737265,0.03137144084264842,31.87612596487866
1000.0,1002.65,Pd,-0.0467516967028841,-4.67516967028841,-0.089135220359822,0.0,0.0,-0.10535716445005676,0.0,-0.23512070815737265,0.031078912169991226,32.17615837164233
1000.0,1002.658333333333,Pd,-0.0466350881203141,-4.663508812031409,-0.08936843752496201,0.0,0.0,-0.10583669311600447,0.0,-0.23512070815737265,0.030797923283950833,32.46972176598388
1000.0,1002.666666666667,Pd,-0.04652216059685093,-4.6522160596850926,-0.08959429257188835,0.0,0.0,-0.10630316438327206,0.0,-0.23512070815737265,0.0305282262199805,32.75657068295397
1000.0,1002.675,Pd,-0.046412839094341865,-4.641283909434186,-0.08981293557690648,0.0,0.0,-0.10675669864485296,0.0,-0.23512070815737265,0.030269391194133882,33.0366737007184
1000.0,1002.683333333333,Pd,-0.04630697060396683,-4.630697060396683,-0.09002467255765655,0.0,0.0,-0.10719775181814156,0.0,-0.23512070815737265,0.03002082354366751,33.310212111450774
1000.0,1002.691666666667,Pd,-0.046204331003528956,-4.620433100352896,-0.0902299517585323,0.0,0.0,-0.10762709285642534,0.0,-0.23512070815737265,0.02978178590426961,33.577569968919725
1000.0,1002.7,Pd,-0.046104634441032556,-4.610463444103256,-0.0904293448835251,0.0,0.0,-0.10804576943075223,0.0,-0.23512070815737265,0.029551424685190977,33.83931606184548
1000.0,1002.708333333333,Pd,-0.046007544828205245,-4.600754482820524,-0.09062352410917972,0.0,0.0,-0.10845506339892365,0.0,-0.23512070815737265,0.029328799817761222,34.096178712175266
1000.0,1002.716666666667,Pd,-0.045912688960122856,-4.591268896012286,-0.0908132358453445,0.0,0.0,-0.10885643805157692,0.0,-0.23512070815737265,0.029112916687005233,34.349014588646746
1000.0,1002.725,Pd,-0.045819670728659105,-4.58196707286591,-0.090999272308272,0.0,0.0,-0.10925147940045014,0.0,-0.23512070815737265,0.028902759110827965,34.59877294639894
1000.0,1002.733333333333,Pd,-0.04572808586999905,-4.572808586999905,-0.09118244202559211,0.0,0.0,-0.10964183394114231,0.0,-0.23512070815737265,0.0286973222115412,34.84645684459821
1000.0,1002.741666666667,Pd,-0.04563753668061927,-4.563753668061927,-0.09136354040435167,0.0,0.0,-0.1100291453804788,0.0,-0.23512070815737265,0.028495644035535228,35.093082955168846
1000.0,1002.75,Pd,-0.04554764615076604,-4.554764615076604,-0.09154332146405812,0.0,0.0,-0.11041499277598839,0.0,-0.23512070815737265,0.028296834821542768,35.339641564387485
1000.0,1002.758333333334,Pd,-0.04545807099932328,-4.545807099932328,-0.09172247176694365,0.0,0.0,-0.11080083239843591,0.0,-0.23512070815737265,0.02810010290199153,35.58705829255619
1000.0,1002.766666666667,Pd,-0.04536851314748722,-4.536851314748723,-0.09190158747061576,0.0,0.0,-0.1111879454100848,0.0,-0.23512070815737265,0.02790477634757323,35.836158926497404
1000.0,1002.775,Pd,-0.04527872923706806,-4.5278729237068065,-0.09208115529145408,0.0,0.0,-0.11157739317224759,0.0,-0.23512070815737265,0.0277103196281373,36.08763859167439
1000.0,1002.783333333333,Pd,-0.045188537881892574,-4.518853788189257,-0.09226153800180506,0.0,0.0,-0.11196998166116175,0.0,-0.23512070815737265,0.027516344763801305,36.34203629093695
1000.0,1002.791666666667,Pd,-0.045097824431897984,-4.509782443189798,-0.09244296490179424,0.0,0.0,-0.1123662361065602,0.0,-0.23512070815737265,0.02732261666526807,36.5997156220831
1000.0,1002.8,Pd,-0.04500654312764973,-4.500654312764973,-0.09262552751029075,0.0,0.0,-0.11276638657660812,0.0,-0.23512070815737265,0.027129052605471625,36.860852258376
1000.0,1002.808333333333,Pd,-0.04491471662272792,-4.491471662272792,-0.09280918052013437,0.0,0.0,-0.11317036483553393,0.0,-0.23512070815737265,0.02693571600899292,37.12542854498963
1000.0,1002.816666666667,Pd,-0.0448224329505358,-4.48224329505358,-0.09299374786451861,0.0,0.0,-0.11357781240010083,0.0,-0.23512070815737265,0.026742804980612715,37.39323532908958
1000.0,1002.825,Pd,-0.04472984010540805,-4.472984010540805,-0.09317893355477411,0.0,0.0,-0.11398809933452858,0.0,-0.23512070815737265,0.026550636203083445,37.66388090858122
1000.0,1002.833333333333,Pd,-0.044637138493263104,-4.46371384932631,-0.093364336779064,0.0,0.0,-0.11440035295459376,0.0,-0.23512070815737265,0.026359625007600383,37.93680675319417
1000.0,1002.841666666667,Pd,-0.044544571581230326,-4.454457158123033,-0.09354947060312956,0.0,0.0,-0.11481349527051597,0.0,-0.23512070815737265,0.026170262549240972,38.21130942490309
1000.0,1002.85,Pd,-0.04445241513566966,-4.445241513566966,-0.09373378349425089,0.0,0.0,-0.11522628769649075,0.0,-0.23512070815737265,0.025983091097632895,38.4865679084311
1000.0,1002.858333333333,Pd,-0.04436096548228631,-4.436096548228631,-0.09391668280101759,0.0,0.0,-0.11563738130003137,0.0,-0.23512070815737265,0.02579867848001662,38.761675361572856
1000.0,1002.866666666667,Pd,-0.044270527249803585,-4.427052724980358,-0.09409755926598304,0.0,0.0,-0.11604537066400528,0.0,-0.23512070815737265,0.02561759269314329,39.03567411576718
1000.0,1002.875,Pd,-0.04418140106787802,-4.418140106787802,-0.09427581162983417,0.0,0.0,-0.11644884930359416,0.0,-0.23512070815737265,0.025440377634919135,39.30759261322493
1000.0,1002.883333333334,Pd,-0.0440938716819453,-4.40938716819453,-0.09445087040169961,0.0,0.0,-0.11684646452141689,0.0,-0.23512070815737265,0.025267530806896144,39.57648286420907
1000.0,1002.891666666667,Pd,-0.04400819692289444,-4.400819692289444,-0.09462221991980133,0.0,0.0,-0.11723696960353339,0.0,-0.23512070815737265,0.025099483713112842,39.84145695704351
1000.0,1002.9,Pd,-0.04392459792799282,-4.392459792799282,-0.09478941790960457,0.0,0.0,-0.1176192713650604,0.0,-0.23512070815737265,0.024936585536355423,40.10172116555753
1000.0,1002.908333333333,Pd,-0.04384325095526227,-4.384325095526227,-0.09495211185506566,0.0,0.0,-0.11799247123613334,0.0,-0.23512070815737265,0.024779090522395134,40.35660627238148
1000.0,1002.916666666667,Pd,-0.04376428106662448,-4.3764281066624475,-0.09511005163234125,0.0,0.0,-0.11835589834171234,0.0,-0.23512070815737265,0.02462714934902285,40.605592869386555
1000.0,1002.925,Pd,-0.04368775788000449,-4.368775788000448,-0.09526309800558123,0.0,0.0,-0.118709133354742,0.0,-0.23512070815737265,0.024480804608771382,40.84833059946501
1000.0,1002.933333333333,Pd,-0.04361369350903575,-4.361369350903575,-0.0954112267475187,0.0,0.0,-0.11905202228277745,0.0,-0.23512070815737265,0.024339990393740574,41.08465056161921
1000.0,1002.941666666667,Pd,-0.04354204272514669,-4.354204272514669,-0.09555452831529683,0.0,0.0,-0.11938467976168378,0.0,-0.23512070815737265,0.02420453584214746,41.31457039794566
1000.0,1002.95,Pd,-0.04347270529273118,-4.347270529273118,-0.09569320318012785,0.0,0.0,-0.11970748186173184,0.0,-0.23512070815737265,0.024074172388230418,41.53829190360406
1000.0,1002.958333333333,Pd,-0.04340553034777459,-4.340553034777459,-0.09582755307004102,0.0,0.0,-0.1200210488367902,0.0,-0.23512070815737265,0.023948544352089644,41.75619132829442
1000.0,1002.966666666667,Pd,-0.043340322616542394,-4.334032261654239,-0.09595796853250542,0.0,0.0,-0.12032621864656033,0.0,-0.23512070815737265,0.02382722241401501,41.96880285180898
1000.0,1002.975,Pd,-0.04327685020567532,-4.327685020567532,-0.09608491335423956,0.0,0.0,-0.1206240124397712,0.0,-0.23512070815737265,0.023709719438030304,42.17679600189632
1000.0,1002.983333333333,Pd,-0.04321485364132894,-4.321485364132894,-0.09620890648293233,0.0,0.0,-0.12091559348380096,0.0,-0.23512070815737265,0.023595508044300544,42.38094802292458
1000.0,1002.991666666667,Pd,-0.043154055794396025,-4.315405579439602,-0.09633050217679816,0.0,0.0,-0.121202221252933,0.0,-0.23512070815737265,0.02348403928084403,42.5821123888045
1000.0,1003.0,Pd,-0.043094172302237777,-4.309417230223778,-0.09645026916111465,0.0,0.0,-0.12148520253811002,0.0,-0.23512070815737265,0.023374761713089748,42.78118477845295
1000.0,1003.008333333334,Pd,-0.0430349220858206,-4.3034922085820595,-0.09656876959394901,0.0,0.0,-0.1217658415112088,0.0,-0.23512070815737265,0.023267140238364334,42.97906789383324
1000.0,1003.016666666667,Pd,-0.04297603756518651,-4.297603756518651,-0.09668653863521719,0.0,0.0,-0.12204539066643103,0.0,-0.23512070815737265,0.023160673944296828,43.17663650052134
1000.0,1003.025,Pd,-0.042917274194168804,-4.291727419416881,-0.0968040653772526,0.0,0.0,-0.12232500448104618,0.0,-0.23512070815737265,0.023054912364984977,43.37470401834042
1000.0,1003.033333333333,Pd,-0.04285841896794362,-4.285841896794363,-0.09692177582970296,0.0,0.0,-0.12260569748717269,0.0,-0.23512070815737265,0.02294946955041093,43.57399188697563
1000.0,1003.041666666667,Pd,-0.042799297601247344,-4.279929760124734,-0.09704001856309552,0.0,0.0,-0.12288830824313667,0.0,-0.23512070815737265,0.022844035449266397,43.77510279306249
1000.0,1003.05,Pd,-0.04273978013039964,-4.273978013039964,-0.09715905350479093,0.0,0.0,-0.12317347044128021,0.0,-0.23512070815737265,0.02273838421322671,43.978498675306454
1000.0,1003.058333333333,Pd,-0.04267978475530134,-4.267978475530134,-0.09727904425498753,0.0,0.0,-0.1234615921052045,0.0,-0.23512070815737265,0.022632379155710116,44.18448423473417
1000.0,1003.066666666667,Pd,-0.042619279806941995,-4.2619279806942,-0.09740005415170622,0.0,0.0,-0.1237528435188126,0.0,-0.23512070815737265,0.022525974236652452,44.39319647151512
1000.0,1003.075,Pd,-0.04255828379779787,-4.255828379779787,-0.09752204616999446,0.0,0.0,-0.12404715420818735,0.0,-0.23512070815737265,0.022419212087877907,44.60460055778236
1000.0,1003.083333333333,Pd,-0.04249686358506187,-4.249686358506187,-0.09764488659546647,0.0,0.0,-0.12434421897042934,0.0,-0.23512070815737265,0.022312218735522943,44.81849213892455
1000.0,1003.091666666667,Pd,-0.04243513074687377,-4.243513074687377,-0.09776835227184266,0.0,0.0,-0.12464351262198359,0.0,-0.23512070815737265,0.022205195308543393,45.03450593903367
1000.0,1003.1,Pd,-0.042373236336811775,-4.237323633681178,-0.09789214109196666,0.0,0.0,-0.12494431283268424,0.0,-0.23512070815737265,0.022098407138326552,45.25213033411996
1000.0,1003.108333333333,Pd,-0.04231136423981871,-4.231136423981871,-0.09801588528595279,0.0,0.0,-0.1252457301279267,0.0,-0.23512070815737265,0.02199217074869151,45.47072735234643
1000.0,1003.116666666667,Pd,-0.04224972340163724,-4.224972340163724,-0.09813916696231573,0.0,0.0,-0.125546743887484,0.0,-0.23512070815737265,0.021886839304389703,45.689557367903575
1000.0,1003.125,Pd,-0.04218853924134768,-4.218853924134768,-0.09826153528289484,0.0,0.0,-0.12584624295720004,0.0,-0.23512070815737265,0.021782787126232186,45.907807582425384
1000.0,1003.133333333334,Pd,-0.04212804458221195,-4.2128044582211945,-0.09838252460116631,0.0,0.0,-0.12614306932358121,0.0,-0.23512070815737265,0.021680393893153155,46.12462323923958
1000.0,1003.141666666667,Pd,-0.04206847044890938,-4.206847044890938,-0.09850167286777145,0.0,0.0,-0.1264360631885107,0.0,-0.23512070815737265,0.021580029137281534,46.33914039867563
1000.0,1003.15,Pd,-0.042010037078394145,-4.201003707839415,-0.09861853960880192,0.0,0.0,-0.1267241077314184,0.0,-0.23512070815737265,0.021482037599141766,46.550519027112735
1000.0,1003.158333333333,Pd,-0.0419529454785708,-4.19529454785708,-0.09873272280844861,0.0,0.0,-0.1270061718567432,0.0,-0.23512070815737265,0.021386725952683386,46.75797512028859
1000.0,1003.166666666667,Pd,-0.041897369842984505,-4.189736984298451,-0.0988438740796212,0.0,0.0,-0.1272813493044147,0.0,-0.23512070815737265,0.02129435133591339,46.960810603020256
1000.0,1003.175,Pd,-0.041843451093201235,-4.184345109320123,-0.09895171157918774,0.0,0.0,-0.12754889264282696,0.0,-0.23512070815737265,0.021205112039258525,47.15843982095587
1000.0,1003.183333333333,Pd,-0.04179129177406474,-4.179129177406474,-0.09905603021746073,0.0,0.0,-0.12780824086794557,0.0,-0.23512070815737265,0.02111914061303345,47.350411568492554
1000.0,1003.191666666667,Pd,-0.04174095247326032,-4.174095247326032,-0.09915670881906957,0.0,0.0,-0.12805903958721515,0.0,-0.23512070815737265,0.021036499562646742,47.53642577378417
1000.0,1003.2,Pd,-0.04169244987689073,-4.169244987689074,-0.09925371401180874,0.0,0.0,-0.12830115306644269,0.0,-0.23512070815737265,0.0209571797070971,47.716344182578744
1000.0,1003.208333333333,Pd,-0.041645756510029046,-4.164575651002904,-0.09934710074553212,0.0,0.0,-0.12853466774562278,0.0,-0.23512070815737265,0.02088110118632671,47.890194634697544
1000.0,1003.216666666667,Pd,-0.041600802147634314,-4.160080214763432,-0.09943700947032158,0.0,0.0,-0.12875988717201106,0.0,-0.23512070815737265,0.020808117017506702,48.05816879819832
1000.0,1003.225,Pd,-0.041557476818917354,-4.155747681891735,-0.0995236601277555,0.0,0.0,-0.12897731864131642,0.0,-0.23512070815737265,0.020738019020245153,48.220613503332515
1000.0,1003.233333333333,Pd,-0.041515635269831964,-4.151563526983196,-0.09960734322592628,0.0,0.0,-0.1291876521635763,0.0,-0.23512070815737265,0.020670545857684713,48.37801608554178
1000.0,1003.241666666667,Pd,-0.04147510269599429,-4.147510269599429,-0.09968840837360163,0.0,0.0,-0.12939173266447138,0.0,-0.23512070815737265,0.02060539287566961,48.53098439005149
1000.0,1003.25,Pd,-0.04143568151341962,-4.143568151341962,-0.09976725073875096,0.0,0.0,-0.12959052658530185,0.0,-0.23512070815737265,0.020542223366147194,48.68022229998541
1000.0,1003.258333333333,Pd,-0.04139715889900358,-4.1397158899003585,-0.09984429596758304,0.0,0.0,-0.12978508424357008,0.0,-0.23512070815737265,0.020480680835909128,48.826501814660524
1000.0,1003.266666666667,Pd,-0.041359314807807156,-4.135931480780716,-0.0999199841499759,0.0,0.0,-0.12997649945456421,0.0,-0.23512070815737265,0.020420401829248053,48.970632819169325
1000.0,1003.275,Pd,-0.04132193016031794,-4.132193016031794,-0.09999475344495433,0.0,0.0,-0.1301658679910242,0.0,-0.23512070815737265,0.02036102883419885,49.11343174959691
1000.0,1003.283333333333,Pd,-0.04128479489072212,-4.1284794890722125,-0.10006902398414597,0.0,0.0,-0.13035424647048138,0.0,-0.23512070815737265,0.02030222279902428,49.25569036943383
1000.0,1003.291666666667,Pd,-0.041247715556719876,-4.1247715556719875,-0.10014318265215046,0.0,0.0,-0.13054261321084523,0.0,-0.23512070815737265,0.020243674799681907,49.39814583544452
1000.0,1003.3,Pd,-0.04121052223164476,-4.121052223164476,-0.10021756930230069,0.0,0.0,-0.13073183249115344,0.0,-0.23512070815737265,0.020185116430168234,49.541453152354464
1000.0,1003.308333333333,Pd,-0.04117307443014317,-4.117307443014317,-0.10029246490530387,0.0,0.0,-0.13092262350050216,0.0,-0.23512070815737265,0.02012632853637865,49.68616100012899
1000.0,1003.316666666667,Pd,-0.041135265858092414,-4.113526585809241,-0.10036808204940538,0.0,0.0,-0.13111553506224266,0.0,-0.23512070815737265,0.020067147979115713,49.83269177267842
1000.0,1003.325,Pd,-0.041097027823843356,-4.1097027823843355,-0.1004445581179035,0.0,0.0,-0.13131092699298094,0.0,-0.23512070815737265,0.02000747219027691,49.981326500904636
1000.0,1003.333333333333,Pd,-0.041058331199926454,-4.105833119992646,-0.1005219513657373,0.0,0.0,-0.1315089587030919,0.0,-0.23512070815737265,0.019947261375543875,50.13219515066059
1000.0,1003.341666666667,Pd,-0.04101918687983497,-4.101918687983497,-0.10060024000592027,0.0,0.0,-0.13170958537728475,0.0,-0.23512070815737265,0.019886538312607935,50.28527259397411
1000.0,1003.35,Pd,-0.04097964473123033,-4.0979644731230325,-0.10067932430312955,0.0,0.0,-0.13191256179915128,0.0,-0.23512070815737265,0.019825385791335613,50.440380355021134
1000.0,1003.358333333333,Pd,-0.0409397911028272,-4.09397911028272,-0.1007590315599358,0.0,0.0,-0.1321174536106921,0.0,-0.23512070815737265,0.019763941836503592,50.597194035099854
1000.0,1003.366666666667,Pd,-0.04089974499555989,-4.089974499555989,-0.10083912377447042,0.0,0.0,-0.13232365553298592,0.0,-0.23512070815737265,0.019702392940606966,50.75525612622328
1000.0,1003.375,Pd,-0.040859653056850534,-4.085965305685053,-0.10091930765188914,0.0,0.0,-0.132530415828466,0.0,-0.23512070815737265,0.019640965608646033,50.91399373764984
1000.0,1003.383333333333,Pd,-0.040819683598717,-4.0819683598717,-0.1009992465681562,0.0,0.0,-0.13273686606342947,0.0,-0.23512070815737265,0.019579916576286736,51.072740586193376
1000.0,1003.391666666667,Pd,-0.04078001987450249,-4.078001987450249,-0.10107857401658522,0.0,0.0,-0.13294205503919673,0.0,-0.23512070815737265,0.01951952210496484,51.23076244503176
1000.0,1003.4,Pd,-0.04074085287371176,-4.074085287371176,-0.1011569080181667,0.0,0.0,-0.13314498561014854,0.0,-0.23512070815737265,0.019460066780812503,51.3872851138411
1000.0,1003.408333333333,Pd,-0.04070237390931827,-4.070237390931827,-0.10123386594695367,0.0,0.0,-0.13334465300106874,0.0,-0.23512070815737265,0.019401832249293628,51.54152387006684
1000.0,1003.416666666667,Pd,-0.040664767276596396,-4.06647672765964,-0.10130907921239742,0.0,0.0,-0.1335400831794343,0.0,-0.23512070815737265,0.019345086305316044,51.69271329253255
1000.0,1003.425,Pd,-0.04062820325656343,-4.062820325656343,-0.10138220725246334,0.0,0.0,-0.1337303698362067,0.0,-0.23512070815737265,0.019290072730584366,51.84013632123337
1000.0,1003.433333333333,Pd,-0.040592831721215104,-4.059283172121511,-0.10145295032316,0.0,0.0,-0.13391470858090881,0.0,-0.23512070815737265,0.01923700222909677,51.98315143341088
1000.0,1003.441666666667,Pd,-0.040558776572643354,-4.055877657264335,-0.1015210606203035,0.0,0.0,-0.13409242706254462,0.0,-0.23512070815737265,0.019186044760730377,52.12121687773712
1000.0,1003.45,Pd,-0.040526131214436656,-4.052613121443666,-0.1015863513367169,0.0,0.0,-0.13426300988648954,0.0,-0.23512070815737265,0.01913732351389296,52.25391101707814
1000.0,1003.458333333333,Pd,-0.04049495521329368,-4.049495521329368,-0.10164870333900285,0.0,0.0,-0.1344261174008194,0.0,-0.23512070815737265,0.01909091069455676,52.38094798092173
1000.0,1003.466666666667,Pd,-0.040465272262940666,-4.046527226294066,-0.10170806923970888,0.0,0.0,-0.13458159766655645,0.0,-0.23512070815737265,0.01904682524268933,52.50218801602257
1000.0,1003.475,Pd,-0.04043706951282089,-4.043706951282089,-0.10176447473994843,0.0,0.0,-0.1347294911958458,0.0,-0.23512070815737265,0.019005032519878208,52.61764214052544
1000.0,1003.483333333333,Pd,-0.04041029827269041,-4.041029827269041,-0.10181801722020939,0.0,0.0,-0.13487002832749653,0.0,-0.23512070815737265,0.018965445945759996,52.727470941623956
1000.0,1003.491666666667,Pd,-0.04038487605315078,-4.038487605315078,-0.10186886165928864,0.0,0.0,-0.13500361939795716,0.0,-0.23512070815737265,0.018927930497144658,52.83197759791295
1000.0,1003.5,Pd,-0.04036068985290011,-4.036068985290011,-0.10191723405978999,0.0,0.0,-0.1351308381463295,0.0,-0.23512070815737265,0.018892307923322686,52.93159544395807
1000.0,1003.508333333333,Pd,-0.04033760055811419,-4.033760055811419,-0.10196341264936183,0.0,0.0,-0.13525239905111516,0.0,-0.23512070815737265,0.018858363475497426,53.02687061362958
1000.0,1003.516666666667,Pd,-0.04031544827954355,-4.031544827954355,-0.1020077172065031,0.0,0.0,-0.13536912952302171,0.0,-0.23512070815737265,0.018825853898877448,53.11844048994921
1000.0,1003.525,Pd,-0.04029405841973657,-4.029405841973658,-0.10205049692611706,0.0,0.0,-0.13548193806498038,0.0,-0.23512070815737265,0.018794516393566926,53.207008845531384
1000.0,1003.533333333333,Pd,-0.04027324823775657,-4.027324823775657,-0.10209211729007707,0.0,0.0,-0.13559177964909738,0.0,-0.23512070815737265,0.018764078216921623,53.29331867196069
1000.0,1003.541666666667,Pd,-0.04025283366256819,-4.025283366256819,-0.10213294644045383,0.0,0.0,-0.13569961964707178,0.0,-0.23512070815737265,0.018734266576758193,53.37812376603011
1000.0,1003.55,Pd,-0.04023263609933101,-4.023263609933101,-0.10217334156692819,0.0,0.0,-0.1358063976845849,0.0,-0.23512070815737265,0.01870481845294326,53.462160165614804
1000.0,1003.558333333333,Pd,-0.040212488975439484,-4.021248897543948,-0.10221363581471124,0.0,0.0,-0.1359129927714248,0.0,-0.23512070815737265,0.01867548998577554,53.54611850942944
1000.0,1003.566666666667,Pd,-0.040192243785163506,-4.01922437851635,-0.1022541261952632,0.0,0.0,-0.13602019099018353,0.0,-0.23512070815737265,0.018646065084057223,53.630618336467194
1000.0,1003.575,Pd,-0.0401717754123853,-4.01717754123853,-0.10229506294081961,0.0,0.0,-0.13612865691320017,0.0,-0.23512070815737265,0.018616362933650085,53.71618524864735
1000.0,1003.583333333333,Pd,-0.04015098653961909,-4.01509865396191,-0.10233664068635202,0.0,0.0,-0.1362389097644711,0.0,-0.23512070815737265,0.018586244128527645,53.803231738741694
1000.0,1003.591666666667,Pd,-0.040129810987023465,-4.012981098702347,-0.10237899179154328,0.0,0.0,-0.13635130515772498,0.0,-0.23512070815737265,0.018555615199482473,53.89204234133345
1000.0,1003.6,Pd,-0.040108215866003154,-4.010821586600315,-0.1024221820335839,0.0,0.0,-0.13646602303156513,0.0,-0.23512070815737265,0.01852443137856145,53.98276360360038
1000.0,1003.608333333333,Pd,-0.04008620247683239,-4.008620247683239,-0.10246620881192543,0.0,0.0,-0.1365830621742757,0.0,-0.23512070815737265,0.018492697507479918,54.0753991999015
1000.0,1003.616666666667,Pd,-0.04006380592683135,-4.006380592683135,-0.10251100191192751,0.0,0.0,-0.13670224149212523,0.0,-0.23512070815737265,0.018460467072470326,54.169810334391656
1000.0,1003.625,Pd,-0.04004109349310484,-4.004109349310484,-0.10255642677938052,0.0,0.0,-0.13682320793396896,0.0,-0.23512070815737265,0.018427839422509744,54.26572139425594
1000.0,1003.633333333333,Pd,-0.04001816180007715,-4.001816180007714,-0.10260229016543591,0.0,0.0,-0.13694545074835865,0.0,-0.23512070815737265,0.0183949552992162,54.36273063640494
1000.0,1003.641666666667,Pd,-0.03999513292543469,-3.999513292543469,-0.10264834791472083,0.0,0.0,-0.1370683215238831,0.0,-0.23512070815737265,0.018361990871652144,54.46032551643588
1000.0,1003.65,Pd,-0.039972149586750355,-3.9972149586750354,-0.1026943145920895,0.0,0.0,-0.13719105925768352,0.0,-0.23512070815737265,0.018329150524454198,54.5579021060376
1000.0,1003.658333333333,Pd,-0.039949369593945946,-3.9949369593945945,-0.10273987457769831,0.0,0.0,-0.13731281951600674,0.0,-0.23512070815737265,0.0182966586913048,54.654787897160396
1000.0,1003.666666666667,Pd,-0.039926959778574016,-3.9926959778574016,-0.10278469420844218,0.0,0.0,-0.13743270660122606,0.0,-0.23512070815737265,0.01826475105609436,54.75026716371982
1000.0,1003.675,Pd,-0.03990508962868423,-3.990508962868423,-0.10282843450822175,0.0,0.0,-0.13754980752818133,0.0,-0.23512070815737265,0.018233665460379793,54.84360794997118
1000.0,1003.683333333333,Pd,-0.03988392486730662,-3.9883924867306617,-0.10287076403097697,0.0,0.0,-0.1376632265431774,0.0,-0.23512070815737265,0.018203632858206913,54.934089683596355
1000.0,1003.691666666667,Pd,-0.039863621213116186,-3.9863621213116187,-0.10291137133935783,0.0,0.0,-0.1377721188948968,0.0,-0.23512070815737265,0.018174868648909923,55.02103037536819
1000.0,1003.7,Pd,-0.0398443185534592,-3.9844318553459197,-0.10294997665867181,0.0,0.0,-0.137875722591192,0.0,-0.23512070815737265,0.0181475646961484,55.10381237060628
1000.0,1003.708333333333,Pd,-0.03982613574319064,-3.982613574319064,-0.10298634227920893,0.0,0.0,-0.13797338694850925,0.0,-0.23512070815737265,0.01812188230918028,55.18190566183153
1000.0,1003.716666666667,Pd,-0.03980916621837219,-3.9809166218372187,-0.10302028132884583,0.0,0.0,-0.1380645968598252,0.0,-0.23512070815737265,0.01809794642209554,55.25488785728272
1000.0,1003.725,Pd,-0.03979347458257939,-3.979347458257939,-0.10305166460043143,0.0,0.0,-0.13814899186958748,0.0,-0.23512070815737265,0.01807584116011204,55.32246002508033
1000.0,1003.733333333333,Pd,-0.03977909428669207,-3.9779094286692067,-0.10308042519220607,0.0,0.0,-0.13822637934356125,0.0,-0.23512070815737265,0.018055606931082963,55.38445779291346
1000.0,1003.741666666667,Pd,-0.039766026482057446,-3.9766026482057444,-0.10310656080147532,0.0,0.0,-0.13829674124939104,0.0,-0.23512070815737265,0.018037239126860394,55.44085727126813
1000.0,1003.75,Pd,-0.039754240083091294,-3.9754240083091292,-0.10313013359940762,0.0,0.0,-0.13836023431205277,0.0,-0.23512070815737265,0.01802068846421572,55.49177557703931
1000.0,1003.758333333333,Pd,-0.03974367303056223,-3.9743673030562228,-0.10315126770446575,0.0,0.0,-0.13841718356544572,0.0,-0.23512070815737265,0.018005862940271743,55.53746595301519
1000.0,1003.766666666667,Pd,-0.039734234702626006,-3.973423470262601,-0.1031701443603382,0.0,0.0,-0.1384680695761792,0.0,-0.23512070815737265,0.017992631324049005,55.57830769662895
1000.0,1003.775,Pd,-0.03972580937854457,-3.972580937854457,-0.10318699500850106,0.0,0.0,-0.1385135098583827,0.0,-0.23512070815737265,0.017980828054637757,55.6147913189166
1000.0,1003.783333333333,Pd,-0.039718260621716274,-3.9718260621716275,-0.10320209252215766,0.0,0.0,-0.13855423521761176,0.0,-0.23512070815737265,0.017970259369221295,55.64749954097814
1000.0,1003.791666666667,Pd,-0.03971143641541775,-3.9711436415417753,-0.1032157409347547,0.0,0.0,-0.13859106194945656,0.0,-0.23512070815737265,0.017960710441779153,55.677084892692136
1000.0,1003.8,Pd,-0.03970517485766932,-3.970517485766932,-0.10322826405025157,0.0,0.0,-0.13862486096737506,0.0,-0.23512070815737265,0.017951953277084425,55.70424480084264
1000.0,1003.808333333333,Pd,-0.03969931020191566,-3.969931020191566,-0.10323999336175889,0.0,0.0,-0.1386565250390826,0.0,-0.23512070815737265,0.017943755076081213,55.72969513683269
1000.0,1003.816666666667,Pd,-0.0396936790184318,-3.9693679018431802,-0.10325125572872661,0.0,0.0,-0.13868693536872795,0.0,-0.23512070815737265,0.017935886769243545,55.7541432361627
1000.0,1003.825,Pd,-0.039688126247852326,-3.9688126247852327,-0.10326236126988556,0.0,0.0,-0.13871692877265532,0.0,-0.23512070815737265,0.017928131405241524,55.77826140361939
1000.0,1003.833333333333,Pd,-0.03968251092313995,-3.968251092313995,-0.1032735919193103,0.0,0.0,-0.1387472666606223,0.0,-0.23512070815737265,0.017920292084273162,55.80266188169999
1000.0,1003.841666666667,Pd,-0.03967671134942238,-3.9676711349422384,-0.10328519106674544,0.0,0.0,-0.13877860695496108,0.0,-0.23512070815737265,0.01791219913933157,55.827874189060466
1000.0,1003.85,Pd,-0.03967062955188163,-3.967062955188163,-0.10329735466182695,0.0,0.0,-0.13881147996185147,0.0,-0.23512070815737265,0.017903716294490765,55.85432563560642
1000.0,1003.858333333333,Pd,-0.039664194829543864,-3.9664194829543864,-0.10331022410650248,0.0,0.0,-0.1388462690566804,0.0,-0.23512070815737265,0.01789474556654052,55.882325696197306
1000.0,1003.866666666667,Pd,-0.03965736628632106,-3.9657366286321056,-0.1033238811929481,0.0,0.0,-0.13888319686564388,0.0,-0.23512070815737265,0.01788523072373176,55.91205478121725
1000.0,1003.875,Pd,-0.03965013424875943,-3.965013424875943,-0.10333834526807134,0.0,0.0,-0.13892231742479164,0.0,-0.23512070815737265,0.017875159171164764,55.94355778454525
1000.0,1003.883333333333,Pd,-0.039642520521233245,-3.9642520521233244,-0.10335357272312372,0.0,0.0,-0.13896351458245232,0.0,-0.23512070815737265,0.017864562194033293,55.976742622553424
1000.0,1003.891666666667,Pd,-0.03963457747232716,-3.963457747232716,-0.10336945882093589,0.0,0.0,-0.13900650668793704,0.0,-0.23512070815737265,0.017853513554783974,56.011383805852766
1000.0,1003.9,Pd,-0.03962638598920111,-3.962638598920111,-0.10338584178718799,0.0,0.0,-0.13905085738601392,0.0,-0.23512070815737265,0.017842126505065285,56.047130913240935
1000.0,1003.908333333333,Pd,-0.03961805237834449,-3.961805237834449,-0.10340250900890123,0.0,0.0,-0.139095992119209,0.0,-0.23512070815737265,0.01783054933518633,56.083521668433775
1000.0,1003.916666666667,Pd,-0.039609704329769777,-3.9609704329769775,-0.10341920510605065,0.0,0.0,-0.13914121973535615,0.0,-0.23512070815737265,0.017818959639800833,56.11999915900686
1000.0,1003.925,Pd,-0.03960148609591451,-3.960148609591451,-0.10343564157376119,0.0,0.0,-0.1391857584128511,0.0,-0.23512070815737265,0.017807557526155593,56.155932588240034
1000.0,1003.933333333333,Pd,-0.039593553065140175,-3.9593553065140172,-0.10345150763530986,0.0,0.0,-0.1392287649567568,0.0,-0.23512070815737265,0.017796558028688545,56.19064081874552
1000.0,1003.941666666667,Pd,-0.03958606593168614,-3.9586065931686143,-0.10346648190221792,0.0,0.0,-0.1392693663912516,0.0,-0.23512070815737265,0.017786183019763886,56.22341785692899
1000.0,1003.95,Pd,-0.03957918467844802,-3.9579184678448023,-0.10348024440869416,0.0,0.0,-0.1393066926832895,0.0,-0.23512070815737265,0.017776652920296093,56.25355934458688
1000.0,1003.958333333333,Pd,-0.03957306259550139,-3.957306259550139,-0.10349248857458743,0.0,0.0,-0.13933990938298252,0.0,-0.23512070815737265,0.01776817851604406,56.28038907291673
1000.0,1003.966666666667,Pd,-0.03956784055568194,-3.956784055568194,-0.10350293265422633,0.0,0.0,-0.13936824896108038,0.0,-0.23512070815737265,0.017760953176119233,56.30328451879292
1000.0,1003.975,Pd,-0.03956364175878635,-3.956364175878635,-0.10351133024801751,0.0,0.0,-0.13939103966479935,0.0,-0.23512070815737265,0.017755145750748942,56.32170042635771
1000.0,1003.983333333333,Pd,-0.0395605671384631,-3.95605671384631,-0.10351747948866401,0.0,0.0,-0.13940773079974766,0.0,-0.23512070815737265,0.017750894396953702,56.33518951989337
1000.0,1003.991666666667,Pd,-0.039558691601302626,-3.9558691601302627,-0.10352123056298496,0.0,0.0,-0.1394179134753617,0.0,-0.23512070815737265,0.017748301545085332,56.343419535651805
1000.0,1004.0,Pd,-0.03955806123683579,-3.9558061236835793,-0.10352249129191862,0.0,0.0,-0.13942133602023346,0.0,-0.23512070815737265,0.017747430177551687,56.346185898219616
