x_m,x_nm,phi_tilde,phi_s_V,c_Red1_over_c_bulk,c_Ox2_over_c_bulk,j_Au_A_per_m2,j_Pd_A_per_m2
0.0,0.0,-6.018098402116896,-0.15453461257531806,0.0024342942453021354,410.7966824182685,0.15106650577371303,nan
3e-11,0.03,-6.0180983101359775,-0.15453461021340326,0.002434294469210767,410.7966446328139,0.1510665127213312,nan
6e-11,0.06,-6.018098218155062,-0.15453460785148856,0.002434294693119411,410.7966068473643,0.15106651966894943,nan
9e-11,0.09,-6.018098126174145,-0.15453460548957382,0.00243429491702808,410.7965690619174,0.1510665266165681,nan
1.2e-10,0.12,-6.018098034193224,-0.15453460312765896,0.0024342951409367774,410.7965312764725,0.15106653356418734,nan
1.5e-10,0.15,-6.018097942212309,-0.15453460076574427,0.002434295364845483,410.7964934910333,0.1510665405118065,nan
1.8e-10,0.18,-6.01809785023139,-0.15453459840382947,0.002434295588754218,410.7964557055961,0.1510665474594263,nan
2.0999999999999997e-10,0.20999999999999996,-6.018097758250473,-0.15453459604191472,0.002434295812662969,410.7964179201631,0.15106655440704622,nan
2.4e-10,0.24,-6.018097666269554,-0.15453459367999992,0.002434296036571745,410.79638013473283,0.15106656135466665,nan
2.7e-10,0.27,-6.018097574288639,-0.15453459131808522,0.002434296260480533,410.7963423493075,0.1510665683022871,nan
3e-10,0.3,-6.01809748230772,-0.15453458895617042,0.00243429648438935,410.7963045638842,0.15106657524990813,nan
3.2999999999999995e-10,0.32999999999999996,-6.018097390326803,-0.15453458659425567,0.0024342967082981834,410.7962667784651,0.15106658219752936,nan
3.6e-10,0.36,-6.018097298345884,-0.15453458423234087,0.002434296932207042,410.7962289930487,0.15106658914515106,nan
3.9e-10,0.39,-6.018097206364969,-0.15453458187042615,0.002434297156115912,410.7961912076373,0.1510665960927728,nan
4.1999999999999995e-10,0.41999999999999993,-6.018097114384048,-0.15453457950851132,0.002434297380024816,410.7961534222272,0.15106660304039524,nan
4.4999999999999995e-10,0.44999999999999996,-6.018097022403133,-0.15453457714659663,0.0024342976039337274,410.7961156368227,0.1510666099880176,nan
4.8e-10,0.48,-6.018096930422212,-0.15453457478468177,0.0024342978278426726,410.7960778514195,0.15106661693564072,nan
5.1e-10,0.51,-6.018096838441297,-0.15453457242276708,0.0024342980517516252,410.79604006602204,0.1510666238832637,nan
5.4e-10,0.54,-6.018096746460376,-0.15453457006085222,0.0024342982756606116,410.79600228062577,0.15106663083088745,nan
5.7e-10,0.57,-6.018096654479461,-0.15453456769893753,0.0024342984995696054,410.79596449523524,0.1510666377785111,nan
6e-10,0.6,-6.0180965214653135,-0.15453456428335866,0.002434298823365766,410.79590985356396,0.15106664782551144,nan
6.3e-10,0.63,-6.018096240663898,-0.1545345570728521,0.0024342995069204184,410.79579450150703,0.15106666903537722,nan
6.599999999999999e-10,0.6599999999999999,-6.018095959862475,-0.15453454986234536,0.00243430019047528,410.79567914947955,0.15106669024524652,nan
6.9e-10,0.69,-6.018095679061057,-0.15453454265183875,0.0024343008740303203,410.79556379748664,0.1510667114551184,nan
7.2e-10,0.72,-6.018095398259641,-0.1545345354413322,0.0024343015575855483,410.7954484455269,0.15106673266499315,nan
7.5e-10,0.75,-6.018095117458218,-0.15453452823082545,0.002434302241140986,410.7953330935966,0.15106675387487137,nan
7.8e-10,0.78,-6.018094836656802,-0.15453452102031887,0.0024343029246965977,410.7952177417016,0.15106677508475205,nan
8.1e-10,0.8099999999999999,-6.018094555855383,-0.15453451380981223,0.0024343036082524103,410.79510238983755,0.15106679629463599,nan
8.399999999999999e-10,0.8399999999999999,-6.01809427505396,-0.15453450659930548,0.0024343042918084238,410.7949870380045,0.15106681750452314,nan
8.7e-10,0.87,-6.0180939942525455,-0.15453449938879896,0.002434304975364607,410.7948716862074,0.15106683871441265,nan
8.999999999999999e-10,0.8999999999999999,-6.018093713451126,-0.15453449217829232,0.0024343056589209953,410.7947563344405,0.1510668599243055,nan
9.3e-10,0.93,-6.018093432649705,-0.1545344849677856,0.0024343063424775804,410.7946409827053,0.15106688113420147,nan
9.6e-10,0.96,-6.018093151848287,-0.154534477757279,0.0024343070260343484,410.7945256310039,0.15106690234410017,nan
9.899999999999999e-10,0.9899999999999999,-6.0180928710468695,-0.15453447054677238,0.002434307709591308,410.79441027933495,0.1510669235540018,nan
1.02e-09,1.02,-6.018092590245448,-0.1545344633362657,0.0024343083931484687,410.7942949276969,0.15106694476390672,nan
1.0499999999999999e-09,1.0499999999999998,-6.018092309444031,-0.15453445612575908,0.0024343090767058127,410.7941795760927,0.1510669659738143,nan
1.08e-09,1.08,-6.018092028642611,-0.15453444891525245,0.0024343097602633527,410.7940642245202,0.15106698718372505,nan
1.11e-09,1.11,-6.018091747841192,-0.15453444170474578,0.0024343104438210848,410.79394887298,0.15106700839363876,nan
1.14e-09,1.14,-6.018091467039774,-0.15453443449423918,0.0024343111273790042,410.793833521473,0.1510670296035553,nan
1.17e-09,1.1700000000000002,-6.018091186238355,-0.15453442728373254,0.00243431181093712,410.79371816999765,0.15106705081347496,nan
1.2e-09,1.2,-6.018090816916409,-0.15453441780016813,0.0024343127099820602,410.7935664548905,0.1510670787096661,nan
1.2299999999999999e-09,1.23,-6.018090332444803,-0.15453440535975474,0.0024343138893377337,410.79336743711985,0.15106711530352565,nan
1.26e-09,1.26,-6.018089847973199,-0.1545343929193414,0.0024343150686939744,410.7931684194464,0.15106715189739392,nan
1.2899999999999999e-09,1.2899999999999998,-6.0180893635015895,-0.15453438047892792,0.0024343162480507997,410.7929694018671,0.15106718849127146,nan
1.3199999999999998e-09,1.3199999999999998,-6.018088879029984,-0.15453436803851453,0.0024343174274081875,410.79277038438573,0.1510672250851576,nan
1.3499999999999999e-09,1.3499999999999999,-6.018088394558379,-0.1545343555981012,0.002434318606766142,410.79257136700147,0.1510672616790525,nan
1.38e-09,1.38,-6.0180879100867735,-0.1545343431576878,0.0024343197861246726,410.79237234971293,0.15106729827295634,nan
1.41e-09,1.4100000000000001,-6.018087425615166,-0.15453433071727438,0.0024343209654837787,410.79217333252006,0.1510673348668692,nan
1.44e-09,1.44,-6.018086941143562,-0.15453431827686104,0.0024343221448434476,410.7919743154251,0.1510673714607907,nan
1.4699999999999999e-09,1.47,-6.018086456671956,-0.15453430583644764,0.002434323324203692,410.79177529842576,0.15106740805472113,nan
1.5e-09,1.5,-6.0180859722003515,-0.1545342933960343,0.0024343245035645038,410.79157628152365,0.15106744464866032,nan
1.5299999999999999e-09,1.5299999999999998,-6.018085487728742,-0.15453428095562083,0.0024343256829258996,410.7913772647157,0.1510674812426088,nan
1.56e-09,1.56,-6.018085003257138,-0.1545342685152075,0.002434326862287854,410.7911782480064,0.1510675178365657,nan
1.5899999999999999e-09,1.5899999999999999,-6.018084518785532,-0.1545342560747941,0.002434328041650384,410.7909792313928,0.1510675544305316,nan
1.62e-09,1.6199999999999999,-6.018084034313924,-0.15453424363438065,0.00243432922101349,410.7907802148748,0.15106759102450654,nan
1.65e-09,1.6500000000000001,-6.018083549842318,-0.15453423119396728,0.0024343304003771626,410.79058119845405,0.15106762761849019,nan
1.6799999999999998e-09,1.6799999999999997,-6.018083065370714,-0.15453421875355394,0.0024343315797414025,410.79038218213043,0.15106766421248255,nan
1.7099999999999999e-09,1.71,-6.018082580899108,-0.15453420631314055,0.002434332759106218,410.7901831659025,0.15106770080648393,nan
1.74e-09,1.74,-6.0180820964275,-0.1545341938727271,0.0024343339384716093,410.7899841497702,0.1510677374004943,nan
1.77e-09,1.77,-6.018081611955896,-0.15453418143231376,0.002434335117837563,410.7897851337358,0.15106777399451327,nan
1.7999999999999998e-09,1.7999999999999998,-6.01808097796261,-0.15453416515243593,0.002434336661190174,410.7895246958525,0.15106782188249812,nan
1.8299999999999999e-09,1.8299999999999998,-6.018080264142252,-0.15453414682273356,0.0024343383988698598,410.78923146603177,0.15106787580015105,nan
1.86e-09,1.86,-6.0180795503219,-0.15453412849303136,0.002434340136550773,410.78893823642255,0.15106792971782282,nan
1.89e-09,1.89,-6.018078836501541,-0.15453411016332896,0.0024343418742329443,410.78864500701974,0.15106798363551438,nan
1.92e-09,1.92,-6.018078122681187,-0.1545340918336267,0.0024343436119163425,410.78835177782844,0.15106803755322476,nan
1.95e-09,1.9500000000000002,-6.018077408860828,-0.15453407350392434,0.0024343453496009945,410.7880585488442,0.15106809147095482,nan
1.9799999999999998e-09,1.9799999999999998,-6.018076695040476,-0.1545340551742221,0.0024343470872868695,410.78776532007225,0.15106814538870356,nan
2.01e-09,2.01,-6.018075981220115,-0.1545340368445197,0.0024343488249740064,410.787472091506,0.15106819930647222,nan
2.04e-09,2.04,-6.018075267399762,-0.1545340185148175,0.002434350562662362,410.78717886315263,0.15106825322425946,nan
2.0699999999999997e-09,2.07,-6.018074553579403,-0.1545340001851151,0.0024343523003519754,410.7868856350057,0.15106830714206648,nan
2.0999999999999998e-09,2.0999999999999996,-6.018073839759046,-0.15453398185541276,0.002434354038042825,410.7865924070688,0.1510683610598926,nan
2.13e-09,2.13,-6.01807312593869,-0.15453396352571044,0.0024343557757349104,410.78629917934194,0.15106841497773785,nan
2.16e-09,2.16,-6.018072412118336,-0.1545339451960082,0.002434357513428232,410.78600595182513,0.1510684688956022,nan
2.19e-09,2.19,-6.018071698297977,-0.1545339268663058,0.002434359251122807,410.78571272451546,0.15106852281348618,nan
2.22e-09,2.22,-6.018070984477621,-0.1545339085366035,0.002434360988818614,410.7854194974165,0.15106857673138913,nan
2.2500000000000003e-09,2.2500000000000004,-6.018070270657267,-0.15453389020690125,0.002434362726515657,410.78512627052766,0.15106863064931123,nan
2.28e-09,2.28,-6.018069556836911,-0.15453387187719894,0.0024343644642139443,410.78483304384736,0.1510686845672527,nan
2.31e-09,2.31,-6.018068843016556,-0.15453385354749666,0.0024343662019134724,410.78453981737636,0.15106873848521338,nan
2.34e-09,2.3400000000000003,-6.0180681291962,-0.15453383521779435,0.002434367939614241,410.78424659111465,0.15106879240319332,nan
2.37e-09,2.3699999999999997,-6.018067415375842,-0.154533816888092,0.002434369677316254,410.78395336506156,0.15106884632119266,nan
2.4e-09,2.4,-6.018066469195475,-0.15453379259177666,0.0024343719806701404,410.78356468953336,0.15106891779039783,nan
2.43e-09,2.43,-6.018065488065334,-0.1545337673980101,0.0024343743691070357,410.78316165759446,0.15106899189955028,nan
2.4599999999999998e-09,2.46,-6.018064506935193,-0.15453374220424357,0.0024343767575462747,410.78275862605096,0.15106906600873912,nan
2.49e-09,2.4899999999999998,-6.018063525805049,-0.15453371701047694,0.002434379145987866,410.78235559490145,0.15106914011796455,nan
2.52e-09,2.52,-6.018062544674903,-0.15453369181671026,0.0024343815344318046,410.78195256414665,0.15106921422722647,nan
2.5499999999999997e-09,2.55,-6.0180615635447605,-0.15453366662294366,0.002434383922878078,410.78154953378873,0.1510692883365245,nan
2.5799999999999998e-09,2.5799999999999996,-6.01806058241462,-0.1545336414291771,0.0024343863113266903,410.78114650382696,0.15106936244585872,nan
2.61e-09,2.61,-6.018059601284477,-0.15453361623541054,0.0024343886997776503,410.78074347425985,0.15106943655522947,nan
2.6399999999999996e-09,2.6399999999999997,-6.018058620154333,-0.1545335910416439,0.0024343910882309583,410.78034044508746,0.15106951066463667,nan
2.6699999999999997e-09,2.6699999999999995,-6.018057639024189,-0.15453356584787725,0.0024343934766866094,410.77993741631053,0.15106958477408025,nan
2.6999999999999998e-09,2.6999999999999997,-6.018056657894048,-0.15453354065411073,0.0024343958651445955,410.7795343879304,0.15106965888355992,nan
2.73e-09,2.73,-6.018055676763902,-0.15453351546034405,0.0024343982536049378,410.7791313599436,0.15106973299307633,nan
2.76e-09,2.76,-6.0180546956337615,-0.1545334902665775,0.00243440064206761,410.7787283323544,0.15106980710262868,nan
2.79e-09,2.79,-6.0180537145036155,-0.15453346507281082,0.0024344030305326397,410.7783253051584,0.15106988121221784,nan
2.82e-09,2.8200000000000003,-6.018052733373477,-0.15453343987904433,0.0024344054189999946,410.77792227836073,0.15106995532184278,nan
2.85e-09,2.85,-6.0180517522433306,-0.15453341468527765,0.0024344078074697104,410.77751925195554,0.1510700294315046,nan
2.88e-09,2.88,-6.018050771113188,-0.15453338949151105,0.002434410195941761,410.7771162259473,0.15107010354120254,nan
2.91e-09,2.91,-6.018049789983044,-0.15453336429774442,0.0024344125844161595,410.7767132003337,0.15107017765093694,nan
2.9399999999999998e-09,2.94,-6.018048808852903,-0.15453333910397787,0.0024344149728928927,410.77631017511703,0.15107025176070746,nan
2.97e-09,2.9699999999999998,-6.018047800046183,-0.1545333131995235,0.0024344174287483154,410.7758957814239,0.15107032796106926,nan
3e-09,3.0,-6.018046499203544,-0.15453327979607942,0.0024344205955443674,410.7753614269712,0.15107042622046327,nan
3.0299999999999997e-09,3.03,-6.018045198360905,-0.15453324639263538,0.002434423762344539,410.7748270732136,0.15107052447992117,nan
3.0599999999999998e-09,3.0599999999999996,-6.018043897518263,-0.15453321298919126,0.0024344269291488385,410.7742927201496,0.15107062273944327,nan
3.0899999999999995e-09,3.0899999999999994,-6.018042596675622,-0.15453317958574717,0.0024344300959572534,410.7737583677815,0.1510707209990291,nan
3.12e-09,3.12,-6.018041295832983,-0.15453314618230313,0.0024344332627697835,410.7732240161092,0.15107081925867877,nan
3.1499999999999997e-09,3.1499999999999995,-6.018039994990341,-0.15453311277885898,0.002434436429586442,410.7726896651306,0.15107091751839258,nan
3.1799999999999998e-09,3.1799999999999997,-6.018038694147702,-0.15453307937541494,0.002434439596407211,410.7721553148485,0.15107101577817006,nan
3.21e-09,3.21,-6.018037393305061,-0.15453304597197084,0.002434442763232104,410.7716209652608,0.15107111403801154,nan
3.24e-09,3.2399999999999998,-6.018036092462422,-0.1545330125685268,0.0024344459300611123,410.7710866163689,0.15107121229791684,nan
3.2699999999999997e-09,3.2699999999999996,-6.01803479161978,-0.15453297916508266,0.0024344490968942487,410.7705522681707,0.1510713105578863,nan
3.3e-09,3.3000000000000003,-6.018033490777139,-0.15453294576163856,0.0024344522637315003,410.7700179206683,0.15107140881791953,nan
3.33e-09,3.33,-6.0180321899345,-0.15453291235819452,0.0024344554305728676,410.76948357386175,0.15107150707801656,nan
3.3599999999999996e-09,3.3599999999999994,-6.018030889091861,-0.15453287895475049,0.002434458597418354,410.7689492277503,0.15107160533817746,nan
3.39e-09,3.39,-6.0180295882492185,-0.15453284555130634,0.0024344617642679685,410.7684148823325,0.15107170359840258,nan
3.4199999999999998e-09,3.42,-6.018028287406578,-0.15453281214786227,0.0024344649311216983,410.7678805376105,0.15107180185869146,nan
3.4500000000000003e-09,3.45,-6.018026986563939,-0.1545327787444182,0.0024344680979795437,410.76734619358433,0.1510719001190441,nan
3.48e-09,3.48,-6.018025685721298,-0.15453274534097414,0.002434471264841513,410.7668118502525,0.1510719983794608,nan
3.5099999999999997e-09,3.51,-6.018024384878656,-0.15453271193753,0.0024344744317076057,410.7662775076151,0.15107209663994156,nan
3.54e-09,3.54,-6.018023084036017,-0.15453267853408595,0.0024344775985778097,410.7657431656742,0.15107219490048593,nan
3.57e-09,3.57,-6.018021664814871,-0.15453264209088158,0.002434481053642349,410.7651601986592,0.15107230210295075,nan
3.5999999999999996e-09,3.5999999999999996,-6.018019974416086,-0.15453259868429303,0.002434485168889641,410.76446584231854,0.15107242978922264,nan
3.63e-09,3.63,-6.018018284017305,-0.15453255527770454,0.002434489284143881,410.76377148715306,0.15107255747560216,nan
3.6599999999999998e-09,3.6599999999999997,-6.018016593618521,-0.154532511871116,0.002434493399405086,410.7630771331599,0.15107268516208988,nan
3.69e-09,3.69,-6.018014903219742,-0.15453246846452756,0.0024344975146732345,410.76238278034265,0.15107281284868515,nan
3.72e-09,3.72,-6.018013212820957,-0.15453242505793902,0.002434501629948352,410.76168842869697,0.1510729405353887,nan
3.75e-09,3.7499999999999996,-6.018011522422178,-0.15453238165135058,0.002434505745230414,410.76099407822716,0.1510730682221998,nan
3.78e-09,3.78,-6.0180098320233935,-0.154532338244762,0.0024345098605194444,410.76029972892894,0.1510731959091192,nan
3.81e-09,3.81,-6.018008141624611,-0.1545322948381735,0.0024345139758154277,410.7596053808051,0.1510733235961464,nan
3.84e-09,3.84,-6.01800645122583,-0.15453225143158503,0.0024345180911183625,410.7589110338558,0.15107345128328137,nan
3.87e-09,3.87,-6.018004760827045,-0.15453220802499648,0.002434522206428263,410.75821668807873,0.15107357897052454,nan
3.9e-09,3.9000000000000004,-6.018003070428266,-0.15453216461840805,0.002434526321745107,410.75752234347755,0.15107370665787523,nan
3.93e-09,3.93,-6.018001380029483,-0.15453212121181953,0.002434530437068916,410.75682800004864,0.1510738343453341,nan
3.9599999999999996e-09,3.9599999999999995,-6.017999689630702,-0.15453207780523107,0.002434534552399677,410.7561336577942,0.15107396203290077,nan
3.9900000000000005e-09,3.9900000000000007,-6.017997999231918,-0.1545320343986425,0.002434538667737404,410.755439316712,0.15107408972057565,nan
4.02e-09,4.02,-6.017996308833137,-0.15453199099205403,0.0024345427830820784,410.75474497680494,0.15107421740835814,nan
4.05e-09,4.05,-6.017994618434358,-0.1545319475854656,0.0024345468984337047,410.75405063807233,0.15107434509624845,nan
4.08e-09,4.08,-6.017992928035575,-0.15453190417887708,0.002434551013792297,410.753356300512,0.1510744727842469,nan
4.11e-09,4.11,-6.017991237636791,-0.15453186077228853,0.0024345551291578495,410.7526619641246,0.15107460047235347,nan
4.139999999999999e-09,4.14,-6.01798954723801,-0.15453181736570007,0.0024345592445303506,410.75196762891244,0.15107472816056766,nan
4.17e-09,4.17,-6.017987606213493,-0.1545317675234656,0.0024345639700741164,410.75117035004695,0.15107487478051437,nan
4.1999999999999996e-09,4.199999999999999,-6.017985434946199,-0.15453171176898509,0.0024345692561689785,410.750278500433,0.1510750387925707,nan
4.23e-09,4.2299999999999995,-6.0179832636789055,-0.15453165601450458,0.002434574542275318,410.74938665275556,0.15107520280480505,nan
4.26e-09,4.26,-6.0179810924116115,-0.15453160026002405,0.002434579828393135,410.74849480701454,0.15107536681721748,nan
4.29e-09,4.29,-6.0179789211443175,-0.15453154450554354,0.0024345851145224297,410.74760296320994,0.15107553082980796,nan
4.32e-09,4.32,-6.01797674987702,-0.15453148875106296,0.002434590400663211,410.7467111213403,0.15107569484257674,nan
4.35e-09,4.35,-6.01797457860973,-0.15453143299658254,0.002434595686815452,410.74581928141,0.15107585885552308,nan
4.38e-09,4.38,-6.017972407342436,-0.15453137724210203,0.0024346009729791797,410.74492744341467,0.1510760228686477,nan
4.41e-09,4.41,-6.01797023607514,-0.15453132148762147,0.0024346062591543895,410.74403560735504,0.15107618688195054,nan
4.44e-09,4.44,-6.017968064807842,-0.15453126573314085,0.002434611545341081,410.74314377323105,0.1510763508954316,nan
4.47e-09,4.47,-6.01796589354055,-0.1545312099786604,0.0024346168315392378,410.7422519410457,0.15107651490909027,nan
4.500000000000001e-09,4.500000000000001,-6.017963722273256,-0.15453115422417987,0.002434622117748876,410.74136011079605,0.15107667892292717,nan
4.53e-09,4.53,-6.0179615510059605,-0.15453109846969934,0.0024346274039699967,410.740468282482,0.15107684293694223,nan
4.56e-09,4.56,-6.017959379738667,-0.1545310427152188,0.0024346326902025908,410.7395764561051,0.15107700695113524,nan
4.59e-09,4.59,-6.017957208471369,-0.15453098696073822,0.0024346379764466717,410.73868463166315,0.15107717096550657,nan
4.62e-09,4.62,-6.017955037204077,-0.15453093120625774,0.002434643262702217,410.73779280915977,0.15107733498005557,nan
4.6499999999999995e-09,4.6499999999999995,-6.017952865936781,-0.1545308754517772,0.002434648548969249,410.73690098859134,0.15107749899478287,nan
4.68e-09,4.680000000000001,-6.017950694669487,-0.15453081969729668,0.002434653835247755,410.73600916995997,0.1510776630096881,nan
4.71e-09,4.71,-6.017948523402191,-0.15453076394281612,0.0024346591215377426,410.7351173532643,0.15107782702477154,nan
4.74e-09,4.739999999999999,-6.017946352134899,-0.15453070818833567,0.0024346644078392,410.7342255385064,0.15107799104003275,nan
4.77e-09,4.77,-6.01794373852989,-0.15453064107536899,0.0024346707710986063,410.7331520428801,0.15107818846925883,nan
4.8e-09,4.8,-6.017940968300735,-0.15453056994055853,0.0024346775157039024,410.7320142195032,0.15107839773000498,nan
4.829999999999999e-09,4.829999999999999,-6.017938198071578,-0.15453049880574798,0.0024346842603278867,410.73087639927763,0.15107860699104111,nan
4.86e-09,4.86,-6.017935427842421,-0.15453042767093747,0.0024346910049705553,410.7297385822041,0.15107881625236708,nan
4.8899999999999995e-09,4.89,-6.017932657613262,-0.1545303565361269,0.0024346977496319125,410.7286007682818,0.15107902551398306,nan
4.9199999999999996e-09,4.92,-6.017929887384106,-0.15453028540131641,0.0024347044943119453,410.727462957513,0.1510792347758886,nan
4.95e-09,4.949999999999999,-6.017927117154947,-0.15453021426650584,0.002434711239010671,410.72632514989476,0.15107944403808427,nan
4.98e-09,4.9799999999999995,-6.01792434692579,-0.15453014313169533,0.0024347179837280767,410.72518734542916,0.15107965330056966,nan
5.01e-09,5.01,-6.017921576696631,-0.15453007199688476,0.0024347247284641715,410.72404954411485,0.15107986256334505,nan
5.04e-09,5.04,-6.017918806467474,-0.15453000086207425,0.002434731473218946,410.72291174595324,0.15108007182641014,nan
5.07e-09,5.07,-6.017916036238319,-0.15452992972726376,0.002434738217992401,410.72177395094434,0.15108028108976496,nan
5.099999999999999e-09,5.1,-6.01791326600916,-0.1545298585924532,0.0024347449627845495,410.72063615908587,0.1510804903534099,nan
5.13e-09,5.13,-6.0179104957800025,-0.15452978745764268,0.002434751707595378,410.7194983703801,0.15108069961734452,nan
5.1599999999999996e-09,5.159999999999999,-6.0179077255508435,-0.1545297163228321,0.0024347584524248957,410.7183605848255,0.1510809088815692,nan
5.19e-09,5.1899999999999995,-6.01790495532169,-0.15452964518802167,0.0024347651972730848,410.71722280242506,0.15108111814608327,nan
5.22e-09,5.22,-6.017902185092531,-0.1545295740532111,0.002434771942139972,410.71608502317434,0.15108132741088764,nan
5.25e-09,5.25,-6.017899414863374,-0.15452950291840056,0.0024347786870255396,410.7149472470762,0.15108153667598173,nan
5.279999999999999e-09,5.279999999999999,-6.017896644634218,-0.15452943178359008,0.0024347854319297876,410.71380947413076,0.1510817459413655,nan
5.31e-09,5.3100000000000005,-6.017893874405061,-0.15452936064877956,0.0024347921768527255,410.7126717043364,0.1510819552070393,nan
5.339999999999999e-09,5.339999999999999,-6.017891104175902,-0.154529289513969,0.002434798921794352,410.7115339376933,0.1510821644730031,nan
5.37e-09,5.37,-6.017887616340625,-0.15452919995224412,0.002434807413986735,410.71010144601445,0.15108242794808435,nan
5.3999999999999996e-09,5.3999999999999995,-6.01788409533666,-0.15452910953880333,0.002434815986968386,410.7086553366648,0.15108269392923238,nan
5.43e-09,5.43,-6.017880574332693,-0.1545290191253625,0.0024348245599802266,410.70720923240606,0.15108295991084883,nan
5.46e-09,5.46,-6.0178770533287285,-0.1545289287119217,0.002434833133022249,410.7057631332398,0.15108322589293338,nan
5.49e-09,5.49,-6.017873532324764,-0.1545288382984809,0.002434841706094457,410.70431703916535,0.1510834918754862,nan
5.52e-09,5.52,-6.017870011320799,-0.1545287478850401,0.0024348502791968507,410.7028709501825,0.1510837578585073,nan
5.55e-09,5.55,-6.017866490316836,-0.15452865747159936,0.0024348588523294265,410.7014248662921,0.1510840238419965,nan
5.58e-09,5.58,-6.017862969312867,-0.15452856705815846,0.0024348674254922008,410.69997878749115,0.1510842898259544,nan
5.6099999999999994e-09,5.609999999999999,-6.017859448308904,-0.15452847664471772,0.0024348759986851484,410.698532713784,0.15108455581038016,nan
5.64e-09,5.640000000000001,-6.0178559273049395,-0.15452838623127693,0.0024348845719082872,410.69708664516776,0.15108482179527433,nan
5.67e-09,5.67,-6.017852406300973,-0.1545282958178361,0.0024348931451616163,410.6956405816424,0.15108508778063687,nan
5.7e-09,5.7,-6.017848885297008,-0.1545282054043953,0.0024349017184451273,410.6941945232094,0.15108535376646753,nan
5.73e-09,5.7299999999999995,-6.017845364293041,-0.15452811499095445,0.00243491029175883,410.6927484698672,0.15108561975276663,nan
5.76e-09,5.76,-6.017841843289075,-0.1545280245775136,0.002434918865102719,410.6913024216165,0.151085885739534,nan
5.789999999999999e-09,5.789999999999999,-6.017838322285112,-0.15452793416407284,0.002434927438476786,410.6898563784589,0.15108615172676934,nan
5.82e-09,5.82,-6.017834801281147,-0.15452784375063205,0.0024349360118810443,410.688410340392,0.15108641771447312,nan
5.8499999999999994e-09,5.85,-6.01783128027718,-0.1545277533371912,0.002434944585315494,410.6869643074159,0.1510866837026453,nan
5.8799999999999995e-09,5.88,-6.017827759273214,-0.15452766292375036,0.002434953158780131,410.68551827953127,0.15108694969128575,nan
5.91e-09,5.909999999999999,-6.017824238269252,-0.15452757251030966,0.0024349617322749423,410.6840722567403,0.15108721568039404,nan
5.94e-09,5.9399999999999995,-6.017820553597177,-0.15452747789414797,0.0024349707043269707,410.68255902339547,0.15108749403407273,nan
5.97e-09,5.97,-6.01781608726775,-0.15452736320634436,0.002434981579732568,410.680724783893,0.1510878314377098,nan
6e-09,6.0,-6.017811620938325,-0.15452724851854077,0.0024349924551867346,410.67889055258365,0.15108816884210025,nan
6.03e-09,6.03,-6.017807154608899,-0.1545271338307372,0.0024350033306894748,410.6770563294665,0.15108850624724415,nan
6.059999999999999e-09,6.06,-6.017802688279469,-0.1545270191429335,0.0024350142062408014,410.6752221145394,0.15108884365314193,nan
6.0899999999999994e-09,6.09,-6.017798221950043,-0.15452690445512995,0.002435025081840689,410.67338790780667,0.1510891810597928,nan
6.1199999999999995e-09,6.119999999999999,-6.017793755620616,-0.15452678976732634,0.002435035957489155,410.67155370926537,0.1510895184671973,nan
6.1500000000000005e-09,6.15,-6.017789289291189,-0.15452667507952272,0.0024350468331861956,410.66971951891617,0.15108985587535528,nan
6.179999999999999e-09,6.179999999999999,-6.01778482296176,-0.15452656039171905,0.0024350577089318147,410.66788533675833,0.15109019328426687,nan
6.21e-09,6.21,-6.0177803566323345,-0.1545264457039155,0.002435068584726,410.666051162794,0.1510905306939317,nan
6.24e-09,6.24,-6.0177758903029055,-0.15452633101611182,0.0024350794605687695,410.6642169970202,0.15109086810435027,nan
6.269999999999999e-09,6.27,-6.017771423973478,-0.15452621632830824,0.0024350903364601093,410.6623828394391,0.15109120551552224,nan
6.299999999999999e-09,6.299999999999999,-6.017766957644055,-0.1545261016405047,0.002435101212400016,410.6605486900514,0.1510915429274474,nan
6.33e-09,6.33,-6.017762491314624,-0.154525986952701,0.0024351120883885154,410.6587145488527,0.1510918803401266,nan
6.3599999999999995e-09,6.359999999999999,-6.0177580249851985,-0.15452587226489742,0.002435122964425578,410.65688041584804,0.1510922177535589,nan
6.39e-09,6.39,-6.0177535586557696,-0.15452575757709378,0.002435133840511225,410.6550462910337,0.15109255516774497,nan
6.42e-09,6.42,-6.017749092326344,-0.15452564288929022,0.0024351447166454402,410.65321217441266,0.15109289258268427,nan
6.449999999999999e-09,6.449999999999999,-6.017744625996919,-0.15452552820148663,0.0024351555928282314,410.65137806598335,0.1510932299983771,nan
6.48e-09,6.4799999999999995,-6.01774015966749,-0.15452541351368299,0.0024351664690596083,410.64954396574433,0.1510935674148237,nan
6.51e-09,6.51,-6.017735693338063,-0.15452529882587937,0.002435177345339558,410.6477098736977,0.15109390483202362,nan
6.539999999999999e-09,6.539999999999999,-6.017730760693251,-0.1545251721638835,0.002435189357234081,410.64568429939783,0.15109427747876603,nan
6.5699999999999994e-09,6.569999999999999,-6.017725100053891,-0.15452502680821598,0.002435203142001821,410.64335978885345,0.15109470512447828,nan
6.6e-09,6.6000000000000005,-6.017719439414529,-0.15452488145254842,0.0024352169268475957,410.6410352914665,0.15109513277140108,nan
6.629999999999999e-09,6.629999999999999,-6.017713778775169,-0.15452473609688092,0.002435230711771397,410.63871080723834,0.1510955604195341,nan
6.66e-09,6.66,-6.017708118135813,-0.15452459074121347,0.002435244496773222,410.6363863361697,0.15109598806887722,nan
6.69e-09,6.6899999999999995,-6.017702457496451,-0.1545244453855459,0.002435258281853092,410.63406187825683,0.15109641571943114,nan
6.719999999999999e-09,6.719999999999999,-6.017696796857093,-0.15452430002987844,0.0024352720670109858,410.6317374335033,0.1510968433711952,nan
6.749999999999999e-09,6.749999999999999,-6.017691136217733,-0.15452415467421093,0.002435285852246917,410.62941300190687,0.15109727102416975,nan
6.78e-09,6.78,-6.017685475578375,-0.15452400931854346,0.0024352996375608775,410.62708858346883,0.1510976986783546,nan
6.81e-09,6.8100000000000005,-6.017679814939013,-0.1545238639628759,0.0024353134229528803,410.62476417818704,0.1510981263337501,nan
6.8399999999999995e-09,6.84,-6.017674154299655,-0.15452371860720843,0.002435327208422909,410.6224397860643,0.15109855399035574,nan
6.87e-09,6.869999999999999,-6.017668493660297,-0.15452357325154095,0.002435340993970972,410.62011540709904,0.15109898164817176,nan
6.9000000000000006e-09,6.9,-6.017662833020935,-0.1545234278958734,0.00243535477959708,410.61779104128976,0.15109940930719848,nan
6.93e-09,6.93,-6.0176571723815755,-0.1545232825402059,0.0024353685653012184,410.6154666886386,0.1510998369674355,nan
6.96e-09,6.96,-6.017651511742217,-0.15452313718453842,0.0024353823510833887,410.61314234914545,0.15110026462888276,nan
6.99e-09,6.99,-6.017645851102857,-0.15452299182887091,0.0024353961369436,410.61081802280876,0.1511006922915406,nan
7.019999999999999e-09,7.02,-6.0176401904634975,-0.15452284647320338,0.0024354099228818486,410.6084937096292,0.15110111995540887,nan
7.05e-09,7.05,-6.017634529824139,-0.1545227011175359,0.00243542370889813,410.60616940960745,0.15110154762048744,nan
7.08e-09,7.08,-6.0176288691847795,-0.1545225557618684,0.0024354374949924536,410.6038451227419,0.15110197528677655,nan
7.11e-09,7.109999999999999,-6.017623208545421,-0.15452241040620093,0.0024354512811648114,410.60152084903405,0.15110240295427596,nan
7.14e-09,7.14,-6.017616628429144,-0.1545222414399176,0.002435467306770155,410.5988190521722,0.1511029000907844,nan
7.170000000000001e-09,7.170000000000001,-6.0176094548974195,-0.1545220572357269,0.0024354847777348075,410.5958736190824,0.15110344206248005,nan
7.199999999999999e-09,7.199999999999999,-6.017602281365699,-0.15452187303153628,0.00243550224882478,410.5929282071231,0.15110398403611938,nan
7.23e-09,7.23,-6.017595107833978,-0.15452168882734565,0.0024355197200400833,410.58998281629283,0.15110452601170266,nan
7.26e-09,7.26,-6.017587934302254,-0.15452150462315495,0.0024355371913807253,410.5870374465898,0.15110506798923015,nan
7.2899999999999994e-09,7.289999999999999,-6.017580760770532,-0.15452132041896427,0.0024355546628466946,410.5840920980162,0.15110560996870145,nan
7.3199999999999995e-09,7.319999999999999,-6.017573587238809,-0.1545211362147736,0.0024355721344379968,410.58114677057097,0.1511061519501167,nan
7.3500000000000005e-09,7.3500000000000005,-6.017566413707083,-0.15452095201058286,0.002435589606154641,410.5782014642527,0.15110669393347617,nan
7.38e-09,7.38,-6.017559240175364,-0.15452076780639226,0.002435607077996602,410.5752561790655,0.15110723591877911,nan
7.41e-09,7.41,-6.017552066643638,-0.1545205836022015,0.002435624549963916,410.57231091500336,0.15110777790602653,nan
7.44e-09,7.44,-6.0175448931119195,-0.15452039939801093,0.0024356420220565484,410.569365672072,0.15110831989521742,nan
7.47e-09,7.47,-6.017537719580194,-0.15452021519382017,0.0024356594942745355,410.5664204502655,0.15110886188635284,nan
7.5e-09,7.499999999999999,-6.017530546048473,-0.15452003098962955,0.0024356769666178477,410.56347524958875,0.15110940387943184,nan
7.53e-09,7.53,-6.017523372516749,-0.15451984678543884,0.002435694439086507,410.56053007003794,0.15110994587445511,nan
7.56e-09,7.56,-6.017516198985028,-0.15451966258124822,0.0024357119116804977,410.55758491161583,0.15111048787142214,nan
7.59e-09,7.590000000000001,-6.017509025453304,-0.1545194783770575,0.0024357293843998377,410.55463977431936,0.15111102987033345,nan
7.62e-09,7.62,-6.017501851921583,-0.1545192941728669,0.0024357468572445105,410.55169465815135,0.15111157187118854,nan
7.649999999999999e-09,7.649999999999999,-6.017494678389859,-0.15451910996867615,0.002435764330214534,410.5487495631087,0.1511121138739879,nan
7.68e-09,7.68,-6.017487504858138,-0.15451892576448556,0.0024357818033098927,410.54580448919415,0.15111265587873104,nan
7.710000000000001e-09,7.710000000000001,-6.017480331326414,-0.15451874156029483,0.0024357992765306046,410.5428594364046,0.1511131978854185,nan
7.74e-09,7.74,-6.017471573033832,-0.15451851666211927,0.0024358206100667614,410.5392637976701,0.15111385963366747,nan
7.77e-09,7.77,-6.017462478753014,-0.15451828313633273,0.002435842762204141,410.5355302552952,0.15111454677116723,nan
7.8e-09,7.800000000000001,-6.017453384472198,-0.15451804961054622,0.0024358649145429746,410.5317967468748,0.15111523391179138,nan
7.83e-09,7.83,-6.017444290191378,-0.15451781608475962,0.0024358870670832776,410.5280632724063,0.15111592105554034,nan
7.86e-09,7.86,-6.017435195910558,-0.15451758255897302,0.0024359092198250427,410.52432983189095,0.15111660820241385,nan
7.89e-09,7.89,-6.017426101629743,-0.15451734903318656,0.002435931372768259,410.52059642533055,0.1511172953524115,nan
7.919999999999999e-09,7.919999999999999,-6.017417007348925,-0.15451711550740002,0.00243595352591295,410.5168630527212,0.151117982505534,nan
7.95e-09,7.95,-6.017407913068105,-0.15451688198161342,0.0024359756792591137,410.5131297140633,0.15111866966178122,nan
7.980000000000001e-09,7.980000000000001,-6.017398818787289,-0.1545166484558269,0.0024359978328067377,410.50939640935877,0.1511193568211528,nan
8.009999999999999e-09,8.009999999999998,-6.017389724506469,-0.1545164149300403,0.0024360199865558424,410.5056631386043,0.15112004398364923,nan
8.04e-09,8.04,-6.017380630225652,-0.15451618140425383,0.0024360421405064114,410.50192990180255,0.15112073114927005,nan
8.07e-09,8.07,-6.017371535944834,-0.15451594787846726,0.00243606429465846,410.49819669895106,0.15112141831801562,nan
8.1e-09,8.1,-6.017362441664018,-0.15451571435268077,0.0024360864490119813,410.49446353005095,0.15112210548988575,nan
8.129999999999999e-09,8.129999999999999,-6.017353347383201,-0.15451548082689426,0.0024361086035669813,410.49073039510114,0.15112279266488052,nan
8.16e-09,8.16,-6.0173442531023795,-0.15451524730110763,0.002436130758323475,410.4869972940991,0.1511234798430004,nan
8.19e-09,8.19,-6.017335158821563,-0.15451501377532112,0.0024361529132814383,410.48326422704906,0.15112416702424458,nan
8.22e-09,8.22,-6.017326064540745,-0.15451478024953458,0.00243617506844089,410.47953119394765,0.1511248542086136,nan
8.25e-09,8.25,-6.0173169702599285,-0.15451454672374806,0.002436197223801824,410.4757981947961,0.1511255413961072,nan
8.279999999999999e-09,8.28,-6.0173078759791085,-0.15451431319796147,0.0024362193793642543,410.47206522959186,0.15112622858672586,nan
8.31e-09,8.31,-6.017298678125764,-0.1545140770126072,0.0024362417874558744,410.4682897850968,0.15112692360676758,nan
8.34e-09,8.34,-6.017287140393012,-0.15451378074309785,0.002436269896324692,410.4635539389868,0.15112779544031038,nan
8.37e-09,8.37,-6.017275602660263,-0.15451348447358856,0.0024362980055178196,410.45881814751823,0.15112866727888255,nan
8.399999999999999e-09,8.399999999999999,-6.017264064927511,-0.15451318820407922,0.00243632611503527,410.45408241068884,0.1511295391224844,nan
8.43e-09,8.43,-6.0172525271947634,-0.15451289193457,0.002436354224877033,410.4493467285003,0.15113041097111554,nan
8.46e-09,8.459999999999999,-6.01724098946201,-0.1545125956650606,0.0024363823350431356,410.44461110094824,0.15113128282477667,nan
8.49e-09,8.49,-6.017229451729261,-0.1545122993955513,0.0024364104455335584,410.43987552803577,0.15113215468346716,nan
8.52e-09,8.52,-6.017217913996504,-0.15451200312604182,0.002436438556348332,410.43514000975784,0.15113302654718783,nan
8.549999999999999e-09,8.549999999999999,-6.017206376263756,-0.1545117068565326,0.002436466667487421,410.4304045461204,0.15113389841593752,nan
8.58e-09,8.58,-6.017194838531006,-0.1545114105870233,0.0024364947789508548,410.4256691371184,0.15113477028971703,nan
8.61e-09,8.610000000000001,-6.017183300798253,-0.1545111143175139,0.0024365228907386417,410.4209337827505,0.15113564216852657,nan
8.64e-09,8.64,-6.0171717630655035,-0.15451081804800462,0.002436551002850768,410.41619848301906,0.1511365140523656,nan
8.67e-09,8.67,-6.01716022533275,-0.15451052177849522,0.0024365791152872554,410.41146323792043,0.15113738594123471,nan
8.7e-09,8.7,-6.017148687600002,-0.154510225508986,0.0024366072280480847,410.40672804745765,0.1511382578351332,nan
8.730000000000001e-09,8.73,-6.017137149867249,-0.1545099292394766,0.002436635341133287,410.40199291162577,0.151139129734062,nan
8.76e-09,8.76,-6.0171256121345,-0.1545096329699673,0.0024366634545428434,410.3972578304277,0.15114000163802038,nan
8.79e-09,8.79,-6.017114074401746,-0.15450933670045794,0.0024366915682767754,410.39252280386,0.15114087354700895,nan
8.82e-09,8.82,-6.0171025366689985,-0.15450904043094868,0.002436719682335065,410.38778783192566,0.15114174546102704,nan
8.85e-09,8.85,-6.017090998936245,-0.1545087441614393,0.002436747796717742,410.3830529146196,0.15114261738007553,nan
8.88e-09,8.88,-6.017079461203496,-0.15450844789193002,0.002436775911424789,410.378318051945,0.15114348930415375,nan
8.91e-09,8.91,-6.017067114681565,-0.15450813085407922,0.0024368059973177477,410.37325133831933,0.15114442235523645,nan
8.94e-09,8.94,-6.017052462642189,-0.1545077546144306,0.002436841701756742,410.36723857733176,0.15114552964630634,nan
8.97e-09,8.97,-6.017037810602817,-0.154507378374782,0.002436877406718874,410.3612259044442,0.15114663694548802,nan
9.000000000000001e-09,9.000000000000002,-6.017023158563438,-0.15450700213513327,0.002436913112204178,410.355213319651,0.15114774425278235,nan
9.029999999999999e-09,9.03,-6.017008506524062,-0.15450662589548464,0.0024369488182126348,410.34920082295525,0.15114885156818864,nan
9.06e-09,9.06,-6.016993854484685,-0.15450624965583593,0.002436984524744266,410.34318841435345,0.15114995889170726,nan
9.09e-09,9.09,-6.016979202445311,-0.15450587341618732,0.002437020231799066,410.33717609384655,0.15115106622333793,nan
9.12e-09,9.12,-6.016964550405936,-0.1545054971765387,0.002437055939377055,410.331163861431,0.1511521735630811,nan
9.15e-09,9.149999999999999,-6.01694989836656,-0.15450512093689003,0.002437091647478237,410.3251517171063,0.15115328091093672,nan
9.18e-09,9.18,-6.016935246327179,-0.15450474469724126,0.002437127356102632,410.31913966086887,0.1511543882669052,nan
9.21e-09,9.209999999999999,-6.016920594287804,-0.1545043684575926,0.0024371630652502223,410.31312769272193,0.1511554956309858,nan
9.24e-09,9.24,-6.01690594224843,-0.154503992217944,0.002437198774921024,410.3071158126627,0.15115660300317887,nan
9.27e-09,9.27,-6.016891290209053,-0.15450361597829532,0.002437234485115057,410.3011040206876,0.1511577103834849,nan
9.299999999999999e-09,9.299999999999999,-6.016876638169677,-0.15450323973864666,0.0024372701958323174,410.2950923167976,0.15115881777190351,nan
9.33e-09,9.33,-6.016861986130301,-0.15450286349899803,0.002437305907072816,410.2890807009907,0.15115992516843488,nan
9.36e-09,9.360000000000001,-6.016847334090926,-0.15450248725934937,0.0024373416188365614,410.2830691732656,0.1511610325730791,nan
9.39e-09,9.39,-6.01683268205155,-0.1545021110197007,0.0024373773311235605,410.27705773362095,0.15116213998583622,nan
9.42e-09,9.42,-6.016818030012175,-0.15450173478005208,0.0024374130439338212,410.27104638205554,0.15116324740670628,nan
9.45e-09,9.450000000000001,-6.016803377972799,-0.15450135854040342,0.0024374487572673513,410.26503511856805,0.15116435483568935,nan
9.48e-09,9.479999999999999,-6.016788725933418,-0.15450098230075462,0.0024374844711241715,410.259023943155,0.15116546227278593,nan
9.51e-09,9.51,-6.016772176899487,-0.15450055734948662,0.0024375248094711715,410.2522346088256,0.15116671309914315,nan
9.54e-09,9.54,-6.016753548054174,-0.1545000789921716,0.0024375702181667473,410.2445921545932,0.15116812113635802,nan
9.569999999999999e-09,9.569999999999999,-6.016734919208865,-0.15449960063485668,0.0024376156277082337,410.23694984273106,0.15116952918668777,nan
9.6e-09,9.6,-6.0167162903635525,-0.15449912227754167,0.002437661038095664,410.22930767323356,0.151170937250133,nan
9.630000000000001e-09,9.63,-6.016697661518242,-0.1544986439202267,0.002437706449329041,410.22166564610023,0.15117234532669346,nan
9.659999999999998e-09,9.659999999999998,-6.016679032672931,-0.15449816556291174,0.0024377518614083844,410.2140237613277,0.1511737534163694,nan
9.69e-09,9.69,-6.01666040382762,-0.15449768720559678,0.0024377972743337105,410.2063820189134,0.15117516151916094,nan
9.72e-09,9.72,-6.016641774982308,-0.15449720884828178,0.0024378426881050395,410.1987404188539,0.15117656963506834,nan
9.75e-09,9.75,-6.016623146136997,-0.1544967304909668,0.0024378881027223775,410.19109896114793,0.15117797776409145,nan
9.779999999999999e-09,9.78,-6.016604517291684,-0.15449625213365178,0.00243793351818575,410.18345764579146,0.15117938590623067,nan
9.81e-09,9.81,-6.016585888446373,-0.15449577377633683,0.002437978934495164,410.17581647278325,0.15118079406148585,nan
9.839999999999999e-09,9.84,-6.016567259601061,-0.15449529541902182,0.002438024351650643,410.16817544211926,0.15118220222985737,nan
9.87e-09,9.87,-6.01654863075575,-0.15449481706170684,0.002438069769652195,410.1605345537982,0.15118361041134512,nan
9.9e-09,9.899999999999999,-6.016530001910439,-0.1544943387043919,0.0024381151884998397,410.1528938078168,0.1511850186059493,nan
9.929999999999999e-09,9.929999999999998,-6.0165113730651285,-0.15449386034707693,0.002438160608193593,410.1452532041723,0.1511864268136701,nan
9.96e-09,9.959999999999999,-6.016492744219816,-0.15449338198976192,0.0024382060287334753,410.1376127428614,0.1511878350345077,nan
9.99e-09,9.99,-6.016474115374505,-0.15449290363244694,0.002438251450119493,410.12997242388286,0.151189243268462,nan
1.002e-08,10.02,-6.016455486529194,-0.154492425275132,0.0024382968723516666,410.1223322472333,0.15119065151553324,nan
1.0049999999999999e-08,10.049999999999999,-6.016436857683882,-0.15449194691781698,0.0024383422954300164,410.11469221290935,0.15119205977572167,nan
1.008e-08,10.08,-6.0164182288385675,-0.15449146856050192,0.0024383877193545575,410.1070523209084,0.15119346804902747,nan
1.011e-08,10.11,-6.016396067309422,-0.1544908994898268,0.0024384417583538584,410.0979638222236,0.15119514339753387,nan
1.014e-08,10.14,-6.016372350546467,-0.15449029048337162,0.0024384995909848203,410.08823774136323,0.15119693633785253,nan
1.017e-08,10.17,-6.01634863378351,-0.15448968147691639,0.0024385574249874056,410.07851189117054,0.1511987292994328,nan
1.0199999999999999e-08,10.2,-6.016324917020549,-0.15448907247046106,0.002438615260361651,410.06878627163934,0.15120052228227507,nan
1.023e-08,10.23,-6.016301200257594,-0.15448846346400588,0.002438673097107568,410.05906088276777,0.15120231528637895,nan
1.026e-08,10.26,-6.016277483494637,-0.15448785445755064,0.0024387309352252055,410.0493357245475,0.15120410831174524,nan
1.029e-08,10.29,-6.01625376673168,-0.1544872454510954,0.0024387887747145923,410.03961079697376,0.15120590135837403,nan
1.0319999999999999e-08,10.319999999999999,-6.0162300499687245,-0.15448663644464022,0.0024388466155757568,410.02988610004184,0.15120769442626542,nan
1.035e-08,10.35,-6.016206333205767,-0.154486027438185,0.0024389044578087397,410.02016163374475,0.15120948751541996,nan
1.038e-08,10.379999999999999,-6.0161826164428085,-0.15448541843172972,0.0024389623014135736,410.0104373980771,0.1512112806258379,nan
1.041e-08,10.41,-6.016158899679855,-0.15448480942527457,0.002439020146390274,410.0007133930362,0.15121307375751894,nan
1.044e-08,10.44,-6.016135182916898,-0.15448420041881936,0.0024390779927388946,409.9909896186131,0.15121486691046404,nan
1.0469999999999999e-08,10.469999999999999,-6.016111466153941,-0.15448359141236412,0.00243913584045946,409.9812660748038,0.15121666008467313,nan
1.05e-08,10.5,-6.0160877493909855,-0.15448298240590894,0.002439193689551998,409.97154276160336,0.15121845328014638,nan
1.053e-08,10.530000000000001,-6.016064032628028,-0.1544823733994537,0.0024392515400165496,409.96181967900503,0.1512202464968843,nan
1.0559999999999998e-08,10.559999999999999,-6.016040315865068,-0.15448176439299838,0.002439309391853152,409.9520968270025,0.1512220397348872,nan
1.059e-08,10.59,-6.016016599102112,-0.1544811553865432,0.002439367245061816,409.94237420559404,0.1512238329941548,nan
1.062e-08,10.620000000000001,-6.015992882339155,-0.15448054638008796,0.0024394250996425913,409.9326518147712,0.15122562627468775,nan
1.0650000000000001e-08,10.65,-6.015969165576198,-0.15447993737363272,0.0024394829555955066,409.9229296545293,0.15122741957648625,nan
1.0679999999999999e-08,10.679999999999998,-6.015945448813243,-0.15447932836717754,0.0024395408129205894,409.9132077248635,0.1512292128995504,nan
1.071e-08,10.709999999999999,-6.015915785855997,-0.15447856667248602,0.0024396131779886986,409.9010486672459,0.15123145586902192,nan
1.074e-08,10.74,-6.015885546578804,-0.15447779017887073,0.0024396869512432495,409.8886537432215,0.15123374245126517,nan
1.077e-08,10.77,-6.015855307301617,-0.15447701368525557,0.002439760726728671,409.8762591940071,0.15123602906808054,nan
1.0799999999999999e-08,10.799999999999999,-6.015825068024425,-0.15447623719164025,0.002439834504445057,409.86386501958714,0.1512383157194694,nan
1.083e-08,10.83,-6.015794828747232,-0.15447546069802495,0.002439908284392461,409.8514712199523,0.15124060240543188,nan
1.086e-08,10.86,-6.015764589470042,-0.1544746842044097,0.002439982066570947,409.8390777950921,0.15124288912596834,nan
1.089e-08,10.89,-6.015734350192854,-0.15447390771079453,0.0024400558509805777,409.82668474499593,0.1512451758810792,nan
1.092e-08,10.92,-6.015704110915664,-0.1544731312171793,0.002440129637621438,409.8142920696495,0.15124746267076547,nan
1.0949999999999999e-08,10.95,-6.0156738716384766,-0.1544723547235641,0.002440203426493578,409.8018997690444,0.15124974949502717,nan
1.098e-08,10.98,-6.015643632361284,-0.1544715782299488,0.002440277217597087,409.78950784316567,0.15125203635386553,nan
1.101e-08,11.01,-6.015613393084092,-0.1544708017363335,0.0024403510109320195,409.77711629200417,0.1512543232472806,nan
1.104e-08,11.04,-6.0155831538069044,-0.15447002524271836,0.0024404248064984297,409.76472511555073,0.15125661017527253,nan
1.107e-08,11.069999999999999,-6.015552914529712,-0.15446924874910306,0.0024404986042964112,409.7523343137896,0.15125889713784266,nan
1.11e-08,11.1,-6.015522675252523,-0.15446847225548785,0.0024405724043260095,409.7399438867132,0.15126118413499082,nan
1.113e-08,11.129999999999999,-6.015492435975332,-0.15446769576187258,0.002440646206587306,409.72755383430797,0.15126347116671796,nan
1.116e-08,11.16,-6.015462196698143,-0.15446691926825737,0.002440720011080359,409.7151641565641,0.1512657582330243,nan
1.119e-08,11.19,-6.015431957420951,-0.15446614277464207,0.0024407938178052486,409.7027748534679,0.1512680453339108,nan
1.1219999999999999e-08,11.219999999999999,-6.015401718143764,-0.15446536628102692,0.002440867626762021,409.6903859250118,0.15127033246937727,nan
1.125e-08,11.25,-6.015371478866571,-0.15446458978741162,0.0024409414379507697,409.67799737118014,0.15127261963942512,nan
1.128e-08,11.280000000000001,-6.015340159028309,-0.15446378554681128,0.0024410178890390257,409.6651665234939,0.15127498857496405,nan
1.131e-08,11.31,-6.01530154037636,-0.15446279388499082,0.002441112159679575,409.6493461124956,0.15127790962123186,nan
1.134e-08,11.34,-6.015262921724412,-0.1544618022231704,0.0024412064339607957,409.63352631244925,0.15128083072390355,nan
1.137e-08,11.370000000000001,-6.015224303072467,-0.15446081056135003,0.002441300711882828,409.6177071233312,0.15128375188298013,nan
1.14e-08,11.4,-6.015185684420516,-0.15445981889952953,0.0024413949934458294,409.6018885451149,0.1512866730984633,nan
1.143e-08,11.43,-6.01514706576857,-0.15445882723770915,0.002441489278649915,409.58607057778113,0.1512895943703533,nan
1.146e-08,11.459999999999999,-6.0151084471166225,-0.15445783557588874,0.002441583567495243,409.5702532213034,0.1512925156986518,nan
1.1489999999999999e-08,11.489999999999998,-6.015069828464677,-0.15445684391406836,0.0024416778599819448,409.55443647565966,0.15129543708335955,nan
1.152e-08,11.52,-6.015031209812726,-0.15445585225224787,0.002441772156110179,409.5386203408233,0.15129835852447823,nan
1.1550000000000001e-08,11.55,-6.0149925911607784,-0.15445486059042746,0.002441866455880064,409.52280481677434,0.15130128002200827,nan
1.1579999999999998e-08,11.579999999999998,-6.014953972508831,-0.15445386892860705,0.0024419607592917492,409.50698990348786,0.15130420157595098,nan
1.161e-08,11.61,-6.014915353856884,-0.1544528772667866,0.0024420550663453756,409.49117560094027,0.15130712318630749,nan
1.164e-08,11.64,-6.014876735204938,-0.15445188560496625,0.002442149377041079,409.4753619091086,0.1513100448530787,nan
1.167e-08,11.67,-6.014838116552987,-0.15445089394314573,0.002442243691379018,409.45954882796644,0.1513129665762663,nan
1.1699999999999999e-08,11.7,-6.014799497901041,-0.15444990228132538,0.002442338009359307,409.4437363574945,0.15131588835587054,nan
1.173e-08,11.73,-6.014760879249094,-0.15444891061950497,0.0024424323309821033,409.4279244976664,0.15131881019189306,nan
1.1759999999999999e-08,11.76,-6.014722260597143,-0.15444791895768445,0.002442526656247553,409.41211324845773,0.15132173208433508,nan
1.179e-08,11.79,-6.014683641945197,-0.1544469272958641,0.0024426209851557746,409.3963026098486,0.151324654033197,nan
1.182e-08,11.819999999999999,-6.01464502329325,-0.15444593563404369,0.002442715317706926,409.3804925818125,0.1513275760384805,nan
1.1849999999999999e-08,11.849999999999998,-6.014606404641302,-0.15444494397222325,0.002442809653901144,409.3646831643266,0.15133049810018645,nan
1.188e-08,11.879999999999999,-6.0145640499732185,-0.15444385637581226,0.002442913120484358,409.34734502622405,0.15133370291063,nan
1.191e-08,11.91,-6.014514641952305,-0.1544425876612018,0.002443033822968716,409.3271204836714,0.15133744150618814,nan
1.194e-08,11.94,-6.014465233931389,-0.1544413189465913,0.0024431545314168965,409.30689694034805,0.15134118019410586,nan
1.1969999999999999e-08,11.969999999999999,-6.014415825910476,-0.15444005023198082,0.0024432752458291855,409.28667439620597,0.15134491897438515,nan
1.2e-08,12.0,-6.014366417889558,-0.15443878151737025,0.002443395966205891,409.2664528511936,0.15134865784702875,nan
1.203e-08,12.03,-6.014317009868643,-0.15443751280275975,0.0024435166925472944,409.24623230526385,0.1513523968120385,nan
1.206e-08,12.06,-6.014267601847726,-0.15443624408814918,0.002443637424853699,409.2260127583658,0.15135613586941693,nan
1.209e-08,12.09,-6.0142181938268084,-0.15443497537353862,0.0024437581631253954,409.2057942104509,0.15135987501916623,nan
1.2119999999999999e-08,12.12,-6.0141687858058965,-0.1544337066589282,0.002443878907362665,409.18557666147194,0.15136361426128828,nan
1.215e-08,12.15,-6.014119377784979,-0.15443243794431763,0.0024439996575658287,409.1653601113752,0.15136735359578612,nan
1.2179999999999999e-08,12.18,-6.014069969764064,-0.15443116922970712,0.0024441204137351643,409.1451445601142,0.15137109302266155,nan
1.221e-08,12.209999999999999,-6.014020561743145,-0.1544299005150965,0.0024442411758709794,409.1249300076375,0.15137483254191722,nan
1.2239999999999999e-08,12.239999999999998,-6.013971153722235,-0.15442863180048613,0.002444361943973538,409.1047164539008,0.1513785721535545,nan
1.2269999999999998e-08,12.269999999999998,-6.013921745701317,-0.15442736308587557,0.0024444827180431744,409.0845038988482,0.15138231185757683,nan
1.2300000000000001e-08,12.3,-6.0138723376804,-0.154426094371265,0.002444603498080166,409.06429234243325,0.15138605165398603,nan
1.233e-08,12.33,-6.013822929659483,-0.15442482565665444,0.002444724284084808,409.04408178460665,0.1513897915427843,nan
1.2359999999999998e-08,12.359999999999998,-6.0137735216385675,-0.15442355694204393,0.00244484507605739,409.02387222531974,0.15139353152397383,nan
1.239e-08,12.39,-6.013724113617654,-0.15442228822743348,0.0024449658739982075,409.00366366452323,0.15139727159755692,nan
1.242e-08,12.42,-6.013674705596737,-0.15442101951282292,0.0024450866779075686,408.98345610216563,0.15140101176353624,nan
1.2449999999999999e-08,12.45,-6.013625297575821,-0.15441975079821238,0.0024452074877857545,408.9632495381997,0.15140475202191367,nan
1.248e-08,12.48,-6.013568040724033,-0.15441828053886847,0.002445347496676669,408.9398342603832,0.15140908656368215,nan
1.251e-08,12.51,-6.013504706006962,-0.15441665421019932,0.002445502376973109,408.91393499185136,0.15141388136543085,nan
1.2539999999999998e-08,12.54,-6.013441371289897,-0.1544150278815303,0.0024456572670791465,408.8880373635927,0.15141867631902026,nan
1.2570000000000001e-08,12.57,-6.013378036572824,-0.15441340155286112,0.002445812166995433,408.862141375498,0.15142347142445609,nan
1.2599999999999999e-08,12.599999999999998,-6.013314701855755,-0.15441177522419203,0.002445967076722564,408.836247027468,0.1514282666817424,nan
1.2629999999999998e-08,12.629999999999997,-6.013251367138686,-0.15441014889552293,0.0024461219962611694,408.8103543193973,0.15143306209088422,nan
1.266e-08,12.66,-6.013188032421619,-0.15440852256685386,0.002446276925611866,408.7844632511826,0.1514378576518863,nan
1.269e-08,12.69,-6.013124697704546,-0.15440689623818468,0.0024464318647752937,408.7585738227174,0.1514426533647539,nan
1.2719999999999999e-08,12.719999999999999,-6.013061362987479,-0.1544052699095156,0.0024465868137520464,408.73268603390204,0.1514474492294911,nan
1.275e-08,12.75,-6.012998028270408,-0.15440364358084646,0.0024467417725427686,408.7067998846291,0.1514522452461033,nan
1.278e-08,12.78,-6.012934693553339,-0.15440201725217736,0.0024468967411480683,408.6809153747969,0.15145704141459498,nan
1.2809999999999999e-08,12.809999999999999,-6.012871358836268,-0.1544003909235082,0.002447051719568576,408.65503250430015,0.15146183773497116,nan
1.284e-08,12.84,-6.012808024119199,-0.15439876459483912,0.0024472067078049045,408.6291512730365,0.1514666342072364,nan
1.2869999999999999e-08,12.87,-6.01274468940213,-0.15439713826617002,0.00244736170585768,408.6032716809014,0.15147143083139566,nan
1.2899999999999998e-08,12.899999999999999,-6.012681354685061,-0.1543955119375009,0.0024475167137275244,408.57739372779105,0.15147622760745377,nan
1.293e-08,12.930000000000001,-6.0126180199679915,-0.1543938856088318,0.002447671731415059,408.5515174136017,0.1514810245354155,nan
1.296e-08,12.959999999999999,-6.012554685250922,-0.1543922592801627,0.002447826758920906,408.5256427382294,0.15148582161528568,nan
1.299e-08,12.989999999999998,-6.012491350533853,-0.1543906329514936,0.002447981796245687,408.4997697015705,0.15149061884706908,nan
1.302e-08,13.02,-6.012428015816782,-0.15438900662282445,0.0024481368433900285,408.4738983035204,0.1514954162307707,nan
1.305e-08,13.049999999999999,-6.012364681099713,-0.15438738029415536,0.002448291900354544,408.4480285439768,0.15150021376639508,nan
1.3079999999999999e-08,13.079999999999998,-6.012287271184682,-0.1543853925381518,0.002448481429758154,408.4164118405316,0.1515060776892132,nan
1.311e-08,13.11,-6.012205912026165,-0.1543833033722391,0.0024486806442507777,408.38318477662074,0.1515122410180687,nan
1.3139999999999999e-08,13.139999999999999,-6.012124552867652,-0.15438121420632653,0.002448879874951971,408.349960415928,0.15151840459765054,nan
1.3169999999999998e-08,13.169999999999998,-6.012043193709134,-0.15437912504041382,0.0024490791218630785,408.3167387582292,0.15152456842796974,nan
1.32e-08,13.200000000000001,-6.0119618345506165,-0.1543770358745011,0.002449278384985407,408.2835198033065,0.15153073250903604,nan
1.323e-08,13.23,-6.011880475392099,-0.15437494670858842,0.002449477664320275,408.2503035509401,0.15153689684085964,nan
1.3259999999999998e-08,13.259999999999998,-6.011799116233584,-0.1543728575426758,0.0024496769598689925,408.2170900009116,0.15154306142345053,nan
1.329e-08,13.290000000000001,-6.011717757075067,-0.15437076837676308,0.002449876271632897,408.18387915299814,0.1515492262568194,nan
1.332e-08,13.32,-6.011636397916551,-0.15436867921085043,0.002450075599613294,408.1506710069822,0.1515553913409761,nan
1.3349999999999999e-08,13.35,-6.011555038758038,-0.15436659004493786,0.0024502749438114983,408.11746556264455,0.15156155667593063,nan
1.338e-08,13.379999999999999,-6.01147367959952,-0.15436450087902517,0.002450474304228852,408.0842628197619,0.15156772226169388,nan
1.3409999999999999e-08,13.409999999999998,-6.0113923204410025,-0.15436241171311246,0.0024506736808666612,408.05106277811655,0.15157388809827568,nan
1.3439999999999998e-08,13.439999999999998,-6.011310961282488,-0.15436032254719984,0.0024508730737262375,408.01786543749023,0.15158005418568596,nan
1.3470000000000001e-08,13.47,-6.011229602123972,-0.15435823338128718,0.002451072482808913,407.984670797661,0.15158622052393533,nan
1.3499999999999998e-08,13.499999999999998,-6.011148242965456,-0.15435614421537452,0.0024512719081160035,407.9514788584099,0.15159238711303383,nan
1.3530000000000001e-08,13.530000000000001,-6.011066883806938,-0.1543540550494618,0.002451471349648834,407.9182896195165,0.15159855395299182,nan
1.356e-08,13.56,-6.0109855246484205,-0.15435196588354913,0.0024516708074087197,407.8851030807617,0.15160472104381936,nan
1.359e-08,13.59,-6.010904165489908,-0.15434987671763656,0.002451870281396968,407.8519192419282,0.15161088838552625,nan
1.362e-08,13.620000000000001,-6.01082280633139,-0.15434778755172385,0.0024520697716149255,407.8187381027919,0.15161705597812353,nan
1.365e-08,13.65,-6.010741447172876,-0.15434569838581122,0.0024522692780638905,407.7855596631368,0.15162322382162072,nan
1.3679999999999999e-08,13.68,-6.010636733629276,-0.1543430095186957,0.002452526077314802,407.74286122774697,0.15163116253197073,nan
1.3710000000000002e-08,13.71,-6.010531978171473,-0.15434031957529412,0.0024527830062639256,407.7001501748,0.15163910483589296,nan
1.374e-08,13.739999999999998,-6.010427222713663,-0.15433762963189238,0.0024530399621291864,407.65744359583175,0.1516470475558265,nan
1.3769999999999999e-08,13.769999999999998,-6.0103224672558575,-0.15433493968849074,0.002453296944913373,407.61474149037855,0.1516549906917921,nan
1.3800000000000001e-08,13.8,-6.010217711798052,-0.15433224974508913,0.0024535539546193187,407.57204385796973,0.15166293424381208,nan
1.383e-08,13.83,-6.010112956340246,-0.15432955980168747,0.0024538109912498485,407.5293506981359,0.1516708782119083,nan
1.386e-08,13.86,-6.010008200882439,-0.1543268698582858,0.0024540680548077788,407.4866620104093,0.1516788225961024,nan
1.389e-08,13.89,-6.009903445424634,-0.15432417991488417,0.0024543251452959257,407.4439777943223,0.1516867673964161,nan
1.392e-08,13.92,-6.009798689966827,-0.1543214899714825,0.0024545822627171196,407.40129804940494,0.1516947126128714,nan
1.395e-08,13.95,-6.009693934509018,-0.15431880002808082,0.002454839407074182,407.3586227751889,0.15170265824549012,nan
1.398e-08,13.98,-6.009589179051211,-0.15431611008467916,0.0024550965783699252,407.3159519712073,0.1517106042942938,nan
1.401e-08,14.01,-6.009484423593404,-0.1543134201412775,0.002455353776607177,407.27328563699126,0.1517185507593044,nan
1.4039999999999999e-08,14.04,-6.0093796681355975,-0.15431073019787583,0.0024556110017887587,407.2306237720725,0.15172649764054366,nan
1.4070000000000001e-08,14.070000000000002,-6.009274912677791,-0.15430804025447417,0.0024558682539174937,407.1879663759828,0.15173444493803342,nan
1.41e-08,14.1,-6.009170157219987,-0.1543053503110726,0.002456125532996196,407.14531344825554,0.15174239265179523,nan
1.413e-08,14.129999999999999,-6.009065401762182,-0.15430266036767099,0.002456382839027702,407.10266498842054,0.15175034078185126,nan
1.416e-08,14.16,-6.008960646304374,-0.15429997042426927,0.00245664017201484,407.06002099600903,0.15175828932822344,nan
1.419e-08,14.19,-6.008855890846569,-0.15429728048086763,0.002456897531960416,407.01738147055596,0.15176623829093308,nan
1.422e-08,14.219999999999999,-6.008751135388762,-0.15429459053746597,0.002457154918867267,406.97474641159124,0.15177418767000236,nan
1.425e-08,14.25,-6.0086398135787675,-0.15429173198121962,0.0024574284690260383,406.9294437678317,0.1517826357937562,nan
1.428e-08,14.28,-6.008504590908872,-0.15428825969121912,0.0024577607915329583,406.8744214022059,0.15179289836731333,nan
1.4309999999999999e-08,14.309999999999999,-6.008369368238979,-0.15428478740121868,0.002458093158980449,406.81940647634895,0.15180316163476007,nan
1.4340000000000001e-08,14.340000000000002,-6.008234145569089,-0.15428131511121831,0.0024584255713745837,406.76439898925565,0.15181342559614322,nan
1.437e-08,14.370000000000001,-6.008098922899194,-0.15427784282121781,0.002458758028721462,406.7093989399166,0.15182369025151035,nan
1.4399999999999998e-08,14.399999999999999,-6.007963700229304,-0.15427437053121748,0.002459090531027137,406.6544063273304,0.1518339556009076,nan
1.4430000000000001e-08,14.430000000000001,-6.007828477559407,-0.15427089824121692,0.002459423078297719,406.5994211504864,0.15184422164438283,nan
1.446e-08,14.46,-6.007693254889517,-0.15426742595121656,0.002459755670539254,406.5444434083851,0.15185448838198187,nan
1.449e-08,14.49,-6.007558032219622,-0.1542639536612161,0.0024600883077578535,406.489473100016,0.15186475581375264,nan
1.452e-08,14.52,-6.007422809549732,-0.15426048137121573,0.002460420989959574,406.43451022437847,0.15187502393974123,nan
1.455e-08,14.549999999999999,-6.007287586879839,-0.15425700908121528,0.002460753717150521,406.3795547804638,0.15188529275999527,nan
1.4579999999999999e-08,14.579999999999998,-6.007152364209944,-0.15425353679121478,0.0024610864893367733,406.3246067672678,0.15189556227456155,nan
1.4610000000000001e-08,14.610000000000001,-6.00701714154005,-0.15425006450121434,0.002461419306524407,406.26966618378725,0.1519058324834868,nan
1.4639999999999999e-08,14.639999999999999,-6.00688191887016,-0.15424659221121398,0.002461752168719504,406.21473302901825,0.15191610338681774,nan
1.4669999999999998e-08,14.669999999999998,-6.006746696200267,-0.15424311992121353,0.0024620850759281675,406.1598073019535,0.15192637498460193,nan
1.4700000000000001e-08,14.700000000000001,-6.006611473530375,-0.15423964763121314,0.002462418028156472,406.1048890015907,0.1519366472768859,nan
1.473e-08,14.73,-6.006476250860482,-0.15423617534121267,0.002462751025410515,406.0499781269244,0.1519469202637169,nan
1.476e-08,14.76,-6.0063410281905885,-0.15423270305121223,0.0024630840676963793,405.9950746769511,0.1519571939451417,nan
1.479e-08,14.790000000000001,-6.006205805520699,-0.1542292307612119,0.0024634171550201476,405.94017865066843,0.15196746832120706,nan
1.482e-08,14.82,-6.006070582850803,-0.1542257584712114,0.0024637502873879314,405.8852900470689,0.15197774339196055,nan
1.4849999999999999e-08,14.85,-6.005918125945593,-0.15422184363512748,0.00246412593176602,405.823414748656,0.15198932886173536,nan
1.488e-08,14.88,-6.00574308620487,-0.15421734890993183,0.0024645572894814957,405.75238573998996,0.1520026315302091,nan
1.491e-08,14.909999999999998,-6.00556804646415,-0.15421285418473626,0.0024649887227083138,405.6813691631366,0.15201593536298136,nan
1.494e-08,14.94,-6.005393006723429,-0.15420835945954064,0.0024654202314597063,405.6103650159178,0.15202924036015442,nan
1.497e-08,14.97,-6.0052179669827055,-0.154203864734345,0.0024658518157488936,405.53937329615815,0.1520425465218302,nan
1.5e-08,14.999999999999998,-6.005042927241986,-0.1541993700091494,0.0024662834755890864,405.46839400168466,0.15205585384811018,nan
1.503e-08,15.03,-6.004867887501268,-0.1541948752839539,0.0024667152109935147,405.3974271303219,0.1520691623390965,nan
1.506e-08,15.06,-6.004692847760543,-0.1541903805587582,0.002467147021975428,405.32647267989194,0.15208247199489172,nan
1.5089999999999998e-08,15.089999999999998,-6.004517808019823,-0.15418588583356263,0.002467578908548026,405.2555306482258,0.15209578281559688,nan
1.512e-08,15.12,-6.0043427682791,-0.15418139110836696,0.002468010870724563,405.1846010331463,0.1521090948013146,nan
1.515e-08,15.15,-6.0041677285383805,-0.1541768963831714,0.0024684429085182562,405.1136838324831,0.15212240795214627,nan
1.518e-08,15.180000000000001,-6.003992688797661,-0.15417240165797583,0.002468875021942352,405.04277904406206,0.15213572226819416,nan
1.521e-08,15.209999999999999,-6.003817649056936,-0.15416790693278012,0.002469307211010103,404.9718866657084,0.15214903774956068,nan
1.524e-08,15.24,-6.003642609316216,-0.15416341220758456,0.0024697394757347245,404.9010066952545,0.15216235439634698,nan
1.527e-08,15.27,-6.003467569575498,-0.15415891748238905,0.0024701718161294693,404.8301391305272,0.15217567220865538,nan
1.5299999999999998e-08,15.299999999999997,-6.0032925298347735,-0.15415442275719335,0.0024706042322076055,404.75928396935154,0.15218899118658852,nan
1.533e-08,15.329999999999998,-6.003117490094054,-0.15414992803199778,0.0024710367239823517,404.68844120956174,0.15220231133024748,nan
1.536e-08,15.36,-6.002942450353332,-0.15414543330680217,0.0024714692914669764,404.61761084898427,0.15221563263973484,nan
1.5389999999999998e-08,15.389999999999997,-6.002767410612611,-0.15414093858160655,0.0024719019346747285,404.54679288544975,0.1522289551151525,nan
1.5420000000000002e-08,15.420000000000002,-6.002592370871891,-0.15413644385641098,0.0024723346536188596,404.4759873167891,0.15224227875660234,nan
1.545e-08,15.45,-6.00238336485943,-0.15413107693466868,0.002472851440430177,404.3914582373942,0.1522581893637465,nan
1.548e-08,15.48,-6.002156081271977,-0.1541252406756405,0.0024734135428527036,404.29955714023185,0.15227549324069853,nan
1.551e-08,15.510000000000002,-6.001928797684522,-0.1541194044166123,0.0024739757730464097,404.20767692830634,0.15229279908420604,nan
1.554e-08,15.54,-6.0017015140970695,-0.15411356815758412,0.0024745381310403293,404.1158175968727,0.15231010689449226,nan
1.557e-08,15.57,-6.001474230509615,-0.15410773189855592,0.0024751006168635217,404.0239791411843,0.15232741667178099,nan
1.56e-08,15.600000000000001,-6.001246946922164,-0.1541018956395278,0.002475663230545031,403.9321615564991,0.15234472841629534,nan
1.5629999999999998e-08,15.629999999999999,-6.001019663334711,-0.15409605938049964,0.002476225972113933,403.84036483807193,0.15236204212825935,nan
1.566e-08,15.66,-6.000792379747256,-0.15409022312147141,0.0024767888415992982,403.74858898116065,0.15237935780789658,nan
1.569e-08,15.69,-6.000565096159805,-0.1540843868624433,0.00247735183903019,403.65683398102647,0.15239667545543026,nan
1.572e-08,15.72,-6.000337812572351,-0.15407855060341508,0.002477914964435709,403.5650998329267,0.15241399507108455,nan
1.575e-08,15.749999999999998,-6.0001105289849015,-0.15407271434438702,0.002478478217844923,403.4733865321262,0.15243131665508244,nan
1.578e-08,15.78,-5.999883245397447,-0.1540668780853588,0.0024790415992869555,403.38169407388284,0.1524486402076485,nan
1.581e-08,15.81,-5.999655961809992,-0.1540610418263306,0.0024796051087908957,403.29002245346226,0.152465965729006,nan
1.5839999999999998e-08,15.839999999999998,-5.999428678222543,-0.1540552055673025,0.0024801687463858403,403.1983716661309,0.15248329321937829,nan
1.587e-08,15.87,-5.999201394635088,-0.1540493693082743,0.002480732512100932,403.10674170715015,0.15250062267898998,nan
1.59e-08,15.9,-5.998974111047634,-0.1540435330492461,0.00248129640596528,403.0151325717886,0.15251795410806443,nan
1.5929999999999998e-08,15.929999999999998,-5.998746827460183,-0.15403769679021795,0.002481860428008006,402.9235442553155,0.15253528750682524,nan
1.5960000000000002e-08,15.960000000000003,-5.99851954387273,-0.1540318605311898,0.0024824245782582586,402.8319767529973,0.15255262287549662,nan
1.599e-08,15.99,-5.998292260285275,-0.15402602427216158,0.002482988856745181,402.74043006010396,0.1525699602143025,nan
1.6019999999999997e-08,16.019999999999996,-5.998064976697826,-0.1540201880131335,0.002483553263497905,402.6489041719091,0.15258729952346617,nan
1.605e-08,16.05,-5.997777963019644,-0.1540128179861585,0.0024842661795584594,402.53335501179464,0.15260919841578907,nan
1.608e-08,16.08,-5.997481823298619,-0.1540052136178018,0.0024850019783960783,402.414166545429,0.15263179691154816,nan
1.611e-08,16.11,-5.997185683577591,-0.15399760924944497,0.0024857379951652363,402.2950133702753,0.15265439875371137,nan
1.614e-08,16.14,-5.996889543856563,-0.15399000488108816,0.002486474229930472,402.17589547588534,0.152677003942774,nan
1.617e-08,16.169999999999998,-5.996593404135533,-0.15398240051273132,0.0024872106827563568,402.05681285181197,0.15269961247923175,nan
1.62e-08,16.2,-5.996297264414508,-0.1539747961443746,0.002487947353707459,401.9377654876146,0.1527222243635798,nan
1.623e-08,16.23,-5.996001124693482,-0.1539671917760178,0.0024886842428484012,401.81875337285015,0.15274483959631444,nan
1.6259999999999998e-08,16.259999999999998,-5.995704984972452,-0.15395958740766097,0.002489421350243812,401.6997764970806,0.15276745817793164,nan
1.629e-08,16.29,-5.995408845251424,-0.15395198303930416,0.002490158675958322,401.58083484987407,0.1527900801089269,nan
1.632e-08,16.32,-5.995112705530397,-0.15394437867094737,0.0024908962200565934,401.46192842079944,0.15281270538979616,nan
1.635e-08,16.35,-5.994816565809371,-0.15393677430259062,0.002491633982603312,401.34305719942813,0.15283533402103566,nan
1.638e-08,16.38,-5.994520426088341,-0.15392916993423375,0.0024923719636631885,401.22422117533375,0.15285796600314178,nan
1.641e-08,16.41,-5.9942242863673165,-0.15392156556587702,0.0024931101633009194,401.1054203380982,0.15288060133661005,nan
1.644e-08,16.44,-5.993928146646287,-0.15391396119752018,0.0024938485815812718,400.9866546772985,0.15290324002193753,nan
1.6469999999999998e-08,16.47,-5.99363200692526,-0.1539063568291634,0.0024945872185689806,400.8679241825226,0.1529258820596199,nan
1.65e-08,16.5,-5.99333586720423,-0.15389875246080653,0.002495326074328842,400.74922884335507,0.1529485274501541,nan
1.653e-08,16.53,-5.993039727483206,-0.15389114809244983,0.0024960651489256305,400.6305686493901,0.15297117619403602,nan
1.6559999999999997e-08,16.56,-5.992743587762176,-0.15388354372409296,0.002496804442424188,400.51194359021713,0.15299382829176297,nan
1.659e-08,16.590000000000003,-5.992447448041146,-0.1538759393557361,0.002497543954889337,400.39335365543496,0.1530164837438312,nan
1.662e-08,16.62,-5.99214357584647,-0.15386813643050307,0.002498303004373385,400.2717037322766,0.15303973423744954,nan
1.6649999999999997e-08,16.65,-5.991756225027128,-0.15385818991504288,0.0024992709115368066,400.1166881845146,0.15306937714113197,nan
1.668e-08,16.68,-5.991368874207787,-0.15384824339958267,0.002500239193692483,399.96173267052427,0.15309902578647194,nan
1.671e-08,16.709999999999997,-5.9909815233884505,-0.15383829688412262,0.002501207850985683,399.806837167058,0.1531286801745811,nan
1.674e-08,16.74,-5.990594172569111,-0.15382835036866246,0.002502176883561766,399.65200165087174,0.15315834030657252,nan
1.677e-08,16.77,-5.990206821749771,-0.1538184038532023,0.002503146291566118,399.4972260987352,0.15318800618355846,nan
1.6799999999999998e-08,16.799999999999997,-5.989819470930437,-0.1538084573377423,0.0025041160751441763,399.3425104874279,0.1532176778066513,nan
1.683e-08,16.83,-5.989432120111097,-0.15379851082228213,0.002505086234441474,399.18785479373196,0.1532473551769648,nan
1.686e-08,16.86,-5.989044769291754,-0.1537885643068219,0.0025060567696035705,399.0332589944435,0.1532770382956121,nan
1.6889999999999998e-08,16.889999999999997,-5.9886574184724175,-0.15377861779136182,0.002507027680776059,398.878723066371,0.15330672716370575,nan
1.692e-08,16.919999999999998,-5.988270067653081,-0.15376867127590174,0.002507998968104633,398.72424698632506,0.15333642178235996,nan
1.695e-08,16.95,-5.98788271683374,-0.15375872476044156,0.0025089706317350385,398.56983073112576,0.15336612215268897,nan
1.698e-08,16.98,-5.987495366014402,-0.15374877824498143,0.0025099426718130425,398.41547427760804,0.15339582827580614,nan
1.7009999999999998e-08,17.009999999999998,-5.987108015195066,-0.15373883172952138,0.0025109150884844948,398.2611776026114,0.15342554015282595,nan
1.704e-08,17.04,-5.986720664375724,-0.15372888521406117,0.0025118878818953154,398.10694068298216,0.15345525778486338,nan
1.707e-08,17.07,-5.9863333135563845,-0.153718938698601,0.0025128610521914447,397.95276349558145,0.15348498117303264,nan
1.7099999999999998e-08,17.099999999999998,-5.985945962737048,-0.15370899218314096,0.0025138345995188937,397.7986460172771,0.1535147103184485,nan
1.713e-08,17.13,-5.98555861191771,-0.15369904566768083,0.002514808524023748,397.64458822494305,0.15354444522222652,nan
1.716e-08,17.16,-5.985171261098369,-0.15368909915222065,0.002515782825852139,397.49059009546374,0.15357418588548222,nan
1.7189999999999997e-08,17.189999999999998,-5.984783910279033,-0.15367915263676057,0.0025167575051502303,397.3366516057367,0.15360393230933045,nan
1.722e-08,17.220000000000002,-5.984359848347562,-0.1536682634418839,0.0025178249925232885,397.16819197899457,0.1536365045524788,nan
1.725e-08,17.25,-5.983850973364623,-0.1536551963909513,0.0025191065767288176,396.9661344374515,0.1536756004128107,nan
1.728e-08,17.28,-5.983342098381684,-0.1536421293400187,0.002520388813266451,396.7641796917791,0.15371470622186081,nan
1.731e-08,17.310000000000002,-5.982833223398741,-0.15362906228908602,0.0025216717024682377,396.562327689679,0.15375382198216114,nan
1.734e-08,17.34,-5.982324348415801,-0.15361599523815342,0.0025229552446663687,396.3605783788837,0.15379294769624333,nan
1.737e-08,17.37,-5.98181547343286,-0.1536029281872208,0.0025242394401932358,396.15893170714736,0.1538320833666408,nan
1.74e-08,17.4,-5.981306598449917,-0.1535898611362881,0.002525524289381386,395.9573876222528,0.15387122899588712,nan
1.7429999999999998e-08,17.429999999999996,-5.980797723466976,-0.15357679408535546,0.002526809792563527,395.7559460720108,0.15391038458651624,nan
1.7460000000000002e-08,17.46,-5.980288848484035,-0.15356372703442284,0.002528095950072549,395.55460700425664,0.1539495501410631,nan
1.749e-08,17.49,-5.979779973501094,-0.1535506599834902,0.0025293827622415075,395.35337036685286,0.15398872566206334,nan
1.752e-08,17.52,-5.979271098518154,-0.15353759293255761,0.0025306702294036225,395.15223610768913,0.1540279111520529,nan
1.755e-08,17.55,-5.978762223535211,-0.15352452588162493,0.002531958351892302,394.9512041746789,0.154067106613569,nan
1.758e-08,17.58,-5.97825334855227,-0.15351145883069228,0.002533247130041097,394.7502745157662,0.15410631204914874,nan
1.761e-08,17.61,-5.977744473569329,-0.15349839177975966,0.0025345365641837457,394.549447078919,0.15414552746133028,nan
1.764e-08,17.64,-5.977235598586388,-0.153485324728827,0.002535826654654152,394.34872181213217,0.15418475285265243,nan
1.767e-08,17.669999999999998,-5.97672672360345,-0.15347225767789446,0.002537117401786381,394.1480986634286,0.15422398822565425,nan
1.77e-08,17.7,-5.976217848620509,-0.15345919062696184,0.0025384088059146937,393.9475775808533,0.15426323358287639,nan
1.773e-08,17.73,-5.975708973637568,-0.1534461235760292,0.0025397008673734957,393.7471585124821,0.1543024889268592,nan
1.776e-08,17.76,-5.975200098654627,-0.15343305652509656,0.0025409935864973707,393.5468414064156,0.15434175426014404,nan
1.779e-08,17.79,-5.974691223671686,-0.1534199894741639,0.002542286963621074,393.34662621078104,0.15438102958527286,nan
1.782e-08,17.82,-5.9740976886586825,-0.15340474849650693,0.002543796347838964,393.11323048699705,0.15442685165738876,nan
1.785e-08,17.85,-5.973425818608522,-0.1533874960072711,0.0025455060226941364,392.84919818874,0.15447873776036505,nan
1.788e-08,17.88,-5.972753948558356,-0.1533702435180352,0.002547216846614621,392.5853432262943,0.15453064129662913,nan
1.791e-08,17.91,-5.972082078508196,-0.15335299102879937,0.0025489288203726724,392.3216654805576,0.15458256227203757,nan
1.794e-08,17.94,-5.971410208458034,-0.15333573853956353,0.0025506419447411106,392.0581648325005,0.15463450069245036,nan
1.7969999999999998e-08,17.97,-5.970738338407871,-0.1533184860503277,0.002552356220493251,391.794841163177,0.15468645656372873,nan
1.8000000000000002e-08,18.000000000000004,-5.970066468357711,-0.15330123356109188,0.0025540716484029288,391.53169435372104,0.1547384298917359,nan
1.803e-08,18.03,-5.969394598307549,-0.15328398107185603,0.002555788229244514,391.26872428534426,0.15479042068233742,nan
1.8059999999999998e-08,18.06,-5.9687227282573865,-0.1532667285826202,0.002557505963792882,391.0059308393403,0.15484242894140046,nan
1.8090000000000002e-08,18.090000000000003,-5.9680508582072225,-0.1532494760933843,0.00255922485282344,390.7433138970809,0.1548944546747944,nan
1.812e-08,18.12,-5.967378988157064,-0.15323222360414857,0.002560944897112091,390.48087334002116,0.1549464978883899,nan
1.815e-08,18.150000000000002,-5.966707118106902,-0.1532149711149127,0.0025626660974353032,390.21860904968946,0.15499855858806091,nan
1.818e-08,18.18,-5.966035248056738,-0.15319771862567683,0.0025643884545700373,389.95652090769795,0.15505063677968242,nan
1.821e-08,18.209999999999997,-5.965363378006575,-0.15318046613644098,0.0025661119692937722,389.694608795739,0.15510273246913128,nan
1.824e-08,18.24,-5.964691507956417,-0.15316321364720523,0.002567836642384515,389.43287259558366,0.15515484566228652,nan
1.827e-08,18.27,-5.9640196379062544,-0.15314596115796938,0.0025695624746208162,389.171312189079,0.15520697636502975,nan
1.83e-08,18.299999999999997,-5.96334776785609,-0.1531287086687335,0.002571289466781729,388.90992745815487,0.1552591245832439,nan
1.833e-08,18.33,-5.962675897805928,-0.15311145617949765,0.0025730176196468247,388.6487182848212,0.1553112903228138,nan
1.836e-08,18.36,-5.9620040277557695,-0.1530942036902619,0.002574746933996203,388.38768455116633,0.15536347358962624,nan
1.839e-08,18.39,-5.9613321577056055,-0.153076951201026,0.0025764774106105154,388.1268261393538,0.155415674389571,nan
1.842e-08,18.419999999999998,-5.9604979679833505,-0.15305553061649424,0.0025786275782852695,387.80318973590516,0.15548051098926388,nan
1.845e-08,18.45,-5.959605769187942,-0.1530326204568431,0.002580929253327593,387.4573465005675,0.15554988622454582,nan
1.848e-08,18.48,-5.9587135703925345,-0.15300971029719201,0.002583232982837972,387.11181168854057,0.1556192924149823,nan
1.8509999999999998e-08,18.509999999999998,-5.957821371597127,-0.15298680013754096,0.0025855387686502243,386.76658502477153,0.15568872957438565,nan
1.854e-08,18.54,-5.956929172801718,-0.15296388997788982,0.002587846612599802,386.4216662344528,0.1557581977165743,nan
1.857e-08,18.57,-5.9560369740063095,-0.1529409798182387,0.0025901565165237887,386.07705504302317,0.15582769685537262,nan
1.8599999999999998e-08,18.599999999999998,-5.955144775210902,-0.15291806965858762,0.0025924684822609062,385.73275117616646,0.15589722700461112,nan
1.8630000000000002e-08,18.630000000000003,-5.954252576415495,-0.15289515949893653,0.002594782511651527,385.3887543598096,0.15596678817812676,nan
1.866e-08,18.66,-5.953360377620086,-0.15287224933928542,0.0025970986065376664,385.04506432012397,0.15603638038976267,nan
1.8689999999999997e-08,18.689999999999998,-5.952468178824679,-0.15284933917963434,0.00259941676876297,384.70168078352725,0.15610600365336774,nan
1.872e-08,18.720000000000002,-5.9515759800292685,-0.15282642901998317,0.002601737000172753,384.3586034766777,0.15617565798279778,nan
1.875e-08,18.75,-5.950683781233861,-0.15280351886033208,0.002604059302613944,384.01583212648194,0.15624534339191376,nan
1.878e-08,18.78,-5.949791582438454,-0.152780608700681,0.0026063836779351484,383.67336646008636,0.15631505989458364,nan
1.881e-08,18.810000000000002,-5.948899383643047,-0.1527576985410299,0.002608710127986613,383.3312062048818,0.15638480750468134,nan
1.884e-08,18.84,-5.948007184847635,-0.1527347883813787,0.002611038654620249,382.98935108850026,0.15645458623608743,nan
1.887e-08,18.87,-5.947114986052227,-0.15271187822172763,0.00261336925968958,382.6478008388227,0.1565243961026873,nan
1.89e-08,18.900000000000002,-5.94622278725682,-0.15268896806207655,0.002615701945049825,382.3065551839667,0.15659423711837395,nan
1.8929999999999998e-08,18.93,-5.945330588461413,-0.15266605790242546,0.0026180367125578454,381.9656138522943,0.15666410929704597,nan
1.896e-08,18.959999999999997,-5.944438389666006,-0.15264314774277438,0.0026203735640721593,381.6249765724099,0.1567340126526083,nan
1.899e-08,18.99,-5.943546190870595,-0.1526202375831232,0.0026227125014529544,381.28464307315835,0.1568039471989723,nan
1.902e-08,19.02,-5.9423672158513945,-0.15258996349392517,0.002625806437452964,380.8353828890759,0.15689640841699123,nan
1.905e-08,19.049999999999997,-5.941174422258786,-0.15255933456707826,0.0026289403512315583,380.3813956948617,0.15699000884104486,nan
1.908e-08,19.08,-5.9399816286661835,-0.15252870564023147,0.0026320780053526983,379.9279496908375,0.15708366510474076,nan
1.911e-08,19.11,-5.938788835073577,-0.15249807671338458,0.002635219404280526,379.4750442318568,0.15717737724139214,nan
1.9139999999999998e-08,19.139999999999997,-5.937596041480974,-0.1524674477865378,0.0026383645524844686,379.022678673548,0.1572711452843308,nan
1.917e-08,19.169999999999998,-5.936403247888366,-0.15243681885969088,0.002641513454439331,378.57085237230143,0.15736496926690974,nan
1.92e-08,19.2,-5.935210454295765,-0.15240618993284416,0.002644666114625201,378.119564685283,0.15745884922250017,nan
1.9229999999999997e-08,19.229999999999997,-5.934017660703162,-0.15237556100599736,0.0026478225375275717,377.6688149704168,0.15755278518449484,nan
1.9260000000000002e-08,19.26,-5.932824867110554,-0.15234493207915042,0.0026509827276372734,377.2186025863942,0.15764677718630604,nan
1.929e-08,19.29,-5.9316320735179495,-0.1523143031523036,0.0026541466894504646,376.76892689267595,0.15774082526136501,nan
1.9319999999999997e-08,19.319999999999997,-5.930439279925343,-0.15228367422545672,0.0026573144274687076,376.31978724948084,0.15783492944312405,nan
1.935e-08,19.35,-5.9292464863327385,-0.1522530452986099,0.0026604859461989133,375.8711830177938,0.1579290897650547,nan
1.938e-08,19.38,-5.928053692740136,-0.15222241637176312,0.0026636612501533814,375.4231135593601,0.1580233062606488,nan
1.941e-08,19.41,-5.926860899147533,-0.15219178744491632,0.0026668403438498012,374.97557823668535,0.15811757896341824,nan
1.944e-08,19.44,-5.925668105554925,-0.1521611585180694,0.0026700232318112647,374.52857641303353,0.15821190790689527,nan
1.9469999999999998e-08,19.47,-5.92447531196232,-0.15213052959122256,0.002673209918566223,374.0821074524332,0.1583062931246309,nan
1.95e-08,19.5,-5.923282518369717,-0.1520999006643758,0.0026764004086485605,373.636170719667,0.1584007346501971,nan
1.953e-08,19.53,-5.922089724777109,-0.15206927173752885,0.0026795947065975877,373.1907655802727,0.15849523251718628,nan
1.9559999999999998e-08,19.56,-5.920896931184506,-0.15203864281068208,0.0026827928169579855,372.7458914005512,0.15858978675920943,nan
1.959e-08,19.59,-5.919633081327635,-0.15200618927886275,0.002686185607813217,372.27509413025444,0.1586900352702884,nan
1.962e-08,19.62,-5.9180255849991585,-0.15196491148549035,0.0026905071137872973,371.67714401332626,0.1588176333663184,nan
1.965e-08,19.650000000000002,-5.91641808867068,-0.1519236336921179,0.0026948355721528442,371.0801543268639,0.15894533406030992,nan
1.9679999999999998e-08,19.68,-5.914810592342199,-0.15188235589874538,0.0026991709940947886,370.48412352821924,0.15907313743475904,nan
1.971e-08,19.71,-5.913203096013721,-0.15184107810537292,0.002703513390816046,369.8890500772232,0.1592010435722279,nan
1.974e-08,19.74,-5.911595599685246,-0.15179980031200055,0.0027078627735375614,369.29493243617975,0.15932905255534507,nan
1.9769999999999998e-08,19.769999999999996,-5.909988103356763,-0.151758522518628,0.002712219153498363,368.7017690698583,0.15945716446680674,nan
1.98e-08,19.799999999999997,-5.908380607028285,-0.15171724472525555,0.0027165825419555043,368.109558445502,0.15958537938937373,nan
1.983e-08,19.83,-5.906773110699804,-0.15167596693188304,0.0027209529501841918,367.51829903280986,0.1597136974058747,nan
1.9859999999999997e-08,19.859999999999996,-5.905165614371324,-0.15163468913851055,0.0027253303894777523,366.9279893039417,0.1598421185992044,nan
1.989e-08,19.89,-5.903558118042845,-0.1515934113451381,0.0027297148711476816,366.3386277335112,0.15997064305232428,nan
1.992e-08,19.919999999999998,-5.90195062171437,-0.15155213355176572,0.0027341064065236715,365.75021279858225,0.16009927084826234,nan
1.995e-08,19.95,-5.90034312538589,-0.1515108557583932,0.002738505006953673,365.1627429786609,0.16022800207011428,nan
1.998e-08,19.98,-5.898735629057411,-0.15146957796502075,0.0027429106838038463,364.5762167557013,0.1603568368010414,nan
2.001e-08,20.009999999999998,-5.89712813272893,-0.15142830017164827,0.00274732344845867,363.990632614092,0.1604857751242726,nan
2.004e-08,20.04,-5.89552063640045,-0.15138702237827575,0.0027517433123209205,363.40598904065786,0.16061481712310335,nan
2.007e-08,20.07,-5.893913140071973,-0.15134574458490335,0.002756170286811716,362.8222845246549,0.16074396288089596,nan
2.0099999999999998e-08,20.099999999999998,-5.892305643743494,-0.1513044667915309,0.0027606043833705717,362.2395175577624,0.1608732124810804,nan
2.013e-08,20.13,-5.890698147415016,-0.15126318899815844,0.0027650456134553883,361.65768663408494,0.16100256600715326,nan
2.016e-08,20.16,-5.889090651086535,-0.15122191120478592,0.002769493988542509,361.0767902501446,0.1611320235426785,nan
2.019e-08,20.19,-5.887257709952291,-0.15117484436919643,0.002774574963136285,360.4155639282617,0.1612797639892208,nan
2.022e-08,20.22,-5.885070151123907,-0.15111867154957104,0.0027806511526798556,359.6279954197954,0.1614562649839788,nan
2.025e-08,20.25,-5.882882592295527,-0.15106249872994573,0.002786740648794643,358.8421478807269,0.16163295913750844,nan
2.028e-08,20.28,-5.880695033467145,-0.15100632591032037,0.002792843480621431,358.0580175504471,0.16180984666119885,nan
2.0309999999999998e-08,20.31,-5.878507474638759,-0.15095015309069493,0.00279895967736481,357.27560067656606,0.16198692776667015,nan
2.034e-08,20.34,-5.876319915810381,-0.15089398027106968,0.002805089268293294,356.4948935148976,0.1621642026657731,nan
2.037e-08,20.37,-5.874132356981997,-0.1508378074514443,0.0028112322827395573,355.71589232942927,0.1623416715705922,nan
2.0399999999999997e-08,20.4,-5.8719447981536135,-0.15078163463181887,0.002817388750100462,354.9385933923184,0.1625193346934425,nan
2.043e-08,20.430000000000003,-5.869757239325233,-0.15072546181219357,0.002823558699837252,354.162992983868,0.16269719224687165,nan
2.046e-08,20.46,-5.86756968049685,-0.15066928899256818,0.0028297421614757205,353.3890873925052,0.16287524444366072,nan
2.0489999999999997e-08,20.49,-5.865382121668468,-0.15061311617294282,0.002835939164606287,352.6168729147721,0.1630534914968227,nan
2.052e-08,20.52,-5.863194562840087,-0.1505569433533175,0.0028421497388841856,351.8463458553015,0.163231933619604,nan
2.055e-08,20.549999999999997,-5.8610070040117055,-0.15050077053369218,0.0028483739140296054,351.0775025268,0.16341057102548484,nan
2.058e-08,20.58,-5.8588194451833235,-0.15044459771406682,0.002854611719827806,350.31033925003345,0.16358940392817853,nan
2.061e-08,20.61,-5.856631886354943,-0.1503884248944415,0.0028608631861292743,349.54485235380736,0.16376843254163231,nan
2.0639999999999998e-08,20.639999999999997,-5.85444432752656,-0.15033225207481613,0.00286712834284989,348.781038174947,0.16394765708002815,nan
2.067e-08,20.669999999999998,-5.8522567686981795,-0.15027607925519082,0.002873407219971011,348.01889305828666,0.16412707775778132,nan
2.07e-08,20.7,-5.850069209869794,-0.15021990643556538,0.0028796998475396993,347.25841335664205,0.16430669478954318,nan
2.0729999999999998e-08,20.729999999999997,-5.847881651041412,-0.15016373361594001,0.0028860062556687665,346.499595430805,0.16448650839019843,nan
2.076e-08,20.759999999999998,-5.84569409221303,-0.15010756079631468,0.0028923264745370067,345.74243564951513,0.16466651877486796,nan
2.079e-08,20.79,-5.843006184228054,-0.1500385398545916,0.0029001112396422365,344.81435964620516,0.16488797177819595,nan
2.082e-08,20.82,-5.839992925131838,-0.14996116444529967,0.002908863205563464,343.7769084800583,0.16513658410491552,nan
2.0849999999999998e-08,20.849999999999998,-5.836979666035619,-0.1498837890360077,0.0029176415831983073,342.7425787179123,0.1653855712806212,nan
2.088e-08,20.88,-5.833966406939405,-0.14980641362671582,0.002926446452252103,341.71136096832754,0.16563493387049652,nan
2.091e-08,20.91,-5.830953147843186,-0.1497290382174238,0.0029352778926707806,340.6832458681143,0.16588467244057867,nan
2.0939999999999998e-08,20.939999999999998,-5.827939888746972,-0.14965166280813197,0.0029441359846414665,339.6582240822612,0.16613478755775665,nan
2.097e-08,20.97,-5.8249266296507525,-0.14957428739883996,0.00295302080859334,338.63628630383613,0.16638527978977588,nan
2.1e-08,21.0,-5.821913370554537,-0.14949691198954806,0.0029619324451982424,337.61742325391555,0.16663614970523621,nan
2.1029999999999997e-08,21.029999999999998,-5.818900111458317,-0.14941953658025606,0.0029708709753715127,336.6016256814883,0.16688739787359616,nan
2.106e-08,21.060000000000002,-5.8158868523621035,-0.14934216117096422,0.0029798364802726307,335.5888843633823,0.1671390248651715,nan
2.109e-08,21.09,-5.812873593265886,-0.14926478576167226,0.0029888290413060507,334.5791901041695,0.16739103125113935,nan
2.1119999999999997e-08,21.119999999999997,-5.80986033416967,-0.14918741035238034,0.0029978487401218492,333.5725337360932,0.16764341760353696,nan
2.115e-08,21.150000000000002,-5.806847075073451,-0.14911003494308836,0.003006895658616537,332.56890611897614,0.1678961844952648,nan
2.118e-08,21.18,-5.803833815977237,-0.1490326595337965,0.0030159698789337303,331.5682981401463,0.1681493325000861,nan
2.121e-08,21.21,-5.800820556881018,-0.1489552841245045,0.003025071483464998,330.57070071434254,0.16840286219263076,nan
2.124e-08,21.240000000000002,-5.797807297784804,-0.14887790871521264,0.0030342005548504845,329.576104783646,0.1686567741483933,nan
2.1269999999999998e-08,21.27,-5.794794038688588,-0.14880053330592075,0.0030433571759797815,328.5845013173845,0.16891106894373745,nan
2.1300000000000002e-08,21.3,-5.79178077959237,-0.1487231578966288,0.003052541429992603,327.59588131205913,0.16916574715589539,nan
2.133e-08,21.33,-5.788767520496151,-0.14864578248733679,0.0030617534002795625,326.61023579126004,0.16942080936296955,nan
2.1359999999999997e-08,21.359999999999996,-5.785754261399937,-0.14856840707804492,0.0030709931704829075,325.6275558055872,0.1696762561439335,nan
2.139e-08,21.39,-5.781750584086534,-0.14846559940007714,0.0030833130821879217,324.3264544807105,0.17001626083633178,nan
2.142e-08,21.419999999999998,-5.777534314175014,-0.14835733270289908,0.0030963406068451513,322.9618853265939,0.17037505612040782,nan
2.145e-08,21.45,-5.7733180442634975,-0.14824906600572113,0.0031094231750202262,321.603057452447,0.17073460859120937,nan
2.148e-08,21.48,-5.769101774351981,-0.14814079930854315,0.003122561019281426,320.2499467024421,0.17109491984667227,nan
2.151e-08,21.509999999999998,-5.764885504440464,-0.14803253261136518,0.00313575437317966,318.9025290223859,0.17145599148810425,nan
2.154e-08,21.54,-5.760669234528946,-0.14792426591418717,0.003149003471252636,317.56078045928984,0.1718178251201926,nan
2.157e-08,21.57,-5.756452964617427,-0.14781599921700916,0.0031623085490290123,316.2246771609463,0.17218042235101072,nan
2.1599999999999998e-08,21.599999999999998,-5.7522366947059105,-0.1477077325198312,0.0031756698430325967,314.89419537550316,0.17254378479202562,nan
2.163e-08,21.63,-5.748020424794396,-0.14759946582265326,0.003189087590786555,313.56931145104124,0.1729079140581052,nan
2.166e-08,21.66,-5.743804154882875,-0.1474911991254752,0.0032025620308176518,312.25000183515203,0.17327281176752607,nan
2.169e-08,21.69,-5.73958788497136,-0.14738293242829728,0.003216093402660412,310.93624307452683,0.17363847954197828,nan
2.172e-08,21.72,-5.735371615059844,-0.14727466573111933,0.003229681946861492,309.6280118145287,0.17400491900657583,nan
2.175e-08,21.75,-5.731155345148325,-0.1471663990339413,0.0032433279049838746,308.32528479878505,0.17437213178986175,nan
2.178e-08,21.78,-5.726939075236809,-0.14705813233676335,0.003257031519611177,307.0280388687732,0.1747401195238154,nan
2.1809999999999998e-08,21.81,-5.722722805325288,-0.1469498656395853,0.003270793034352003,305.7362509634047,0.17510888384386114,nan
2.184e-08,21.84,-5.718506535413773,-0.14684159894240736,0.0032846126938441966,304.4498981186225,0.17547842638887337,nan
2.187e-08,21.87,-5.714290265502257,-0.1467333322452294,0.003298490743759292,303.16895746698367,0.17584874880118645,nan
2.1899999999999998e-08,21.9,-5.7100739955907365,-0.14662506554805133,0.0033124274308068092,301.89340623725894,0.17621985272660026,nan
2.1930000000000002e-08,21.930000000000003,-5.705857725679222,-0.1465167988508734,0.003326423002738624,300.6232217540301,0.17659173981438692,nan
2.196e-08,21.96,-5.701600538551322,-0.1464074814686187,0.0033406143941990566,299.3461327762013,0.1769680321998986,nan
2.199e-08,21.990000000000002,-5.696376363589744,-0.14627333347040233,0.0033581120137911907,297.786373978346,0.17743089243384438,nan
2.202e-08,22.02,-5.691152188628166,-0.14613918547218596,0.0033757012831983776,296.23474238589307,0.17789496327963633,nan
2.205e-08,22.049999999999997,-5.685928013666583,-0.14600503747396945,0.0033933826824681383,294.691195651609,0.17836024790363253,nan
2.208e-08,22.08,-5.6807038387050035,-0.14587088947575305,0.003411156694162361,293.1556916489169,0.17882674948047145,nan
2.211e-08,22.11,-5.675479663743422,-0.1457367414775366,0.003429023803370566,291.6281884707385,0.1792944711930961,nan
2.214e-08,22.139999999999997,-5.669770063153715,-0.14559012856825285,0.0034486581585240774,289.9678524321964,0.17980705241270914,nan
2.217e-08,22.169999999999998,-5.664046427631806,-0.14544315526559143,0.0034684536178185405,288.31292275689793,0.1803223644417067,nan
2.22e-08,22.2,-5.658322792109898,-0.14529618196293004,0.003488362703976168,286.6674382397685,0.1808391533120388,nan
2.223e-08,22.23,-5.652599156587989,-0.14514920866026862,0.003508386069220474,285.0313449745824,0.18135742325620946,nan
2.226e-08,22.259999999999998,-5.646875521066082,-0.14500223535760726,0.0035285243695187605,283.40458936277247,0.18187717851885288,nan
2.229e-08,22.29,-5.640647519023586,-0.14484231077371928,0.003550568601004203,281.64502995863006,0.18244442698627164,nan
2.232e-08,22.32,-5.634365463819405,-0.14468099819584362,0.0035729436761059168,279.8812661636695,0.18301839091365588,nan
2.2349999999999998e-08,22.349999999999998,-5.628083408615224,-0.14451968561796794,0.003595459755098012,278.12854770022034,0.1835941605119251,nan
2.238e-08,22.38,-5.621801353411042,-0.14435837304009227,0.0036181177265628512,276.3868053983922,0.18417174146165813,nan
2.241e-08,22.41,-5.615519298206861,-0.14419706046221661,0.003640918484682491,274.6559705214619,0.18475113946130478,nan
2.2439999999999998e-08,22.439999999999998,-5.608714657654303,-0.14402232877435756,0.0036657781107385687,272.7933796839993,0.1853807925424883,nan
2.2470000000000002e-08,22.470000000000002,-5.601806381892519,-0.14384493590919017,0.0036911899918868106,270.9153422603517,0.18602223053027178,nan
2.25e-08,22.5,-5.594898106130735,-0.14366754304402277,0.0037167780330982056,269.05023412614906,0.18666588796423697,nan
2.2529999999999997e-08,22.529999999999998,-5.587989830368953,-0.14349015017885544,0.0037425434555482936,267.1979662701063,0.1873117725239123,nan
2.256e-08,22.560000000000002,-5.581081554607168,-0.14331275731368806,0.0037684874888780587,265.3584502937322,0.18795989191539864,nan
2.259e-08,22.59,-5.573633639761669,-0.1431215074273887,0.003796659644470448,263.38942482148104,0.18866115147002427,nan
2.262e-08,22.62,-5.566020699892194,-0.14292601997692184,0.0038256736869991506,261.39187024714533,0.189380652982635,nan
2.265e-08,22.650000000000002,-5.558407760022719,-0.14273053252645498,0.0038549094546079733,259.40946519629614,0.190102898475247,nan
2.268e-08,22.68,-5.550794820153245,-0.14253504507598813,0.003884368641718198,257.4420947744196,0.19082789841264194,nan
2.271e-08,22.71,-5.54318188028377,-0.14233955762552128,0.003914052955699862,255.4896449583658,0.19155566329951132,nan
2.274e-08,22.740000000000002,-5.535014012769958,-0.1421298205694822,0.00394615333906124,253.41133860700214,0.19233956354800613,nan
2.2769999999999998e-08,22.77,-5.526605037058104,-0.14191389226174142,0.003979476356508765,251.2893432233657,0.19314995535458987,nan
2.28e-08,22.8,-5.518196061346252,-0.1416979639540007,0.004013080767859763,249.18511683314938,0.1939637616166711,nan
2.283e-08,22.83,-5.5097870856344,-0.14148203564625997,0.00404696894932549,247.09851064379188,0.1947809967205089,nan
2.286e-08,22.86,-5.50137810992255,-0.14126610733851927,0.0040811432971829395,245.02937710868,0.1956016751129762,nan
2.289e-08,22.889999999999997,-5.492401497212249,-0.14103560307043733,0.004117943061484187,242.83968599594488,0.1964815684928755,nan
2.292e-08,22.919999999999998,-5.483089241309484,-0.14079648005150666,0.004156469506712934,240.58879738801,0.19739854493906356,nan
2.295e-08,22.95,-5.473776985406722,-0.1405573570325761,0.004195356395726294,238.35877233664232,0.1983198009001661,nan
2.2979999999999998e-08,22.979999999999997,-5.464464729503961,-0.14031823401364552,0.00423460710074617,236.14941745688577,0.19924535634861357,nan
2.301e-08,23.009999999999998,-5.455152473601197,-0.1400791109947149,0.004274225025544122,233.96054115627592,0.2001752313500471,nan
2.304e-08,23.04,-5.44526356246959,-0.13982518044250306,0.004316702137013956,231.65832810779526,0.20116743983077554,nan
2.3069999999999997e-08,23.069999999999997,-5.434921051667903,-0.13955960221612634,0.004361579346975096,229.27474670236919,0.20221042248103024,nan
2.3100000000000002e-08,23.1,-5.424578540866213,-0.13929402398974955,0.004406923108463314,226.915690468831,0.20325881263067813,nan
2.313e-08,23.13,-5.414236030064524,-0.13902844576337278,0.004452738271831975,224.58090706251488,0.20431263831570715,nan
2.3159999999999997e-08,23.159999999999997,-5.4038935192628355,-0.13876286753699604,0.00449902973785962,222.27014673518087,0.20537192771746296,nan
2.319e-08,23.19,-5.3929705624172115,-0.1384823844356028,0.004548441817256207,219.85551100293907,0.20649663054384115,nan
2.322e-08,23.22,-5.381445939304301,-0.1381864515596625,0.004601164113716052,217.33630344090616,0.20768996334010092,nan
2.325e-08,23.25,-5.369921316191389,-0.13789051868372215,0.004654497529468111,214.8459621406812,0.20889019234168338,nan
2.328e-08,23.28,-5.358396693078479,-0.13759458580778186,0.004708449148171738,212.38415633909815,0.21009735740138355,nan
2.3309999999999998e-08,23.31,-5.3468720699655705,-0.13729865293184162,0.004763026135595033,209.9505590630299,0.21131149860230408,nan
2.334e-08,23.34,-5.334770593961,-0.1369879074469725,0.004821015955596682,207.42515876536507,0.2125939651389798,nan
2.337e-08,23.37,-5.32188008239404,-0.13665690086020799,0.004883563586917948,204.76850197646493,0.21396861284163235,nan
2.3399999999999998e-08,23.4,-5.30898957082708,-0.13632589427344344,0.004946922708228032,202.14587107591905,0.21535214911412354,nan
2.343e-08,23.43,-5.296099059260124,-0.135994887686679,0.005011103847759371,199.5568302674735,0.21674463143057784,nan
2.346e-08,23.46,-5.283208547693164,-0.13566388109991448,0.005076117670337238,197.00094933645696,0.2181461176367528,nan
2.349e-08,23.490000000000002,-5.26975525079631,-0.13531842313547096,0.005144869621691516,194.36838511589391,0.21961845628104354,nan
2.3519999999999998e-08,23.52,-5.2552732934561455,-0.13494655090651117,0.00521991952717644,191.5738345761281,0.22121448025277476,nan
2.355e-08,23.55,-5.240791336115974,-0.13457467867755118,0.0052960642103190405,188.81946296111067,0.22282210294239907,nan
2.358e-08,23.58,-5.226309378775806,-0.13420280644859128,0.005373319641001063,186.10469259440845,0.22444140864078996,nan
2.3609999999999998e-08,23.61,-5.21182742143564,-0.13383093421963146,0.005451702022062233,183.42895410518543,0.2260724822513861,nan
2.364e-08,23.639999999999997,-5.1968117677842685,-0.1334453575699104,0.00553418057644264,180.69522419573775,0.22777618283990722,nan
2.367e-08,23.669999999999998,-5.180456764635128,-0.13302538868498298,0.005625436327114866,177.7639887558505,0.22964645960698957,nan
2.3699999999999997e-08,23.699999999999996,-5.164101761485984,-0.13260541980005547,0.005718196837510024,174.88030377692414,0.23153209327022306,nan
2.373e-08,23.73,-5.147746758336838,-0.13218545091512793,0.005812486920330943,172.04339789603577,0.23343320992552208,nan
2.376e-08,23.759999999999998,-5.131391755187696,-0.13176548203020044,0.005908331797428956,169.25251226330172,0.23534993670417767,nan
2.379e-08,23.79,-5.114554084763089,-0.13133311906404785,0.006008656588656615,166.4265522992012,0.23733967291700028,nan
2.382e-08,23.82,-5.09596697572025,-0.1308558334660224,0.006121384541824872,163.36173510541877,0.23955568346503262,nan
2.385e-08,23.849999999999998,-5.077379866677411,-0.13037854786799696,0.006236227375622103,160.35335785046544,0.24179238462365127,nan
2.388e-08,23.88,-5.058792757634571,-0.12990126226997148,0.006353224767164323,157.40038116837107,0.244049969578474,nan
2.391e-08,23.91,-5.04020564859173,-0.129423976671946,0.006472417137946908,154.50178483354156,0.24632863331886798,nan
2.3939999999999998e-08,23.939999999999998,-5.021219830548743,-0.128936452899542,0.00659647521760095,151.59611262265707,0.24867814282045075,nan
2.397e-08,23.97,-4.999930379826939,-0.12838977572688592,0.006738416112451308,148.40282691242393,0.2513393923604278,nan
2.4e-08,24.0,-4.978640929105131,-0.12784309855422976,0.006883411247174701,145.276805945664,0.25402912148061163,nan
2.403e-08,24.03,-4.957351478383325,-0.12729642138157363,0.007031526341951394,142.21663282889435,0.2567476349575649,nan
2.406e-08,24.06,-4.936062027661517,-0.12674974420891746,0.0071828285311080434,139.22092051468437,0.25949524082944264,nan
2.409e-08,24.09,-4.914509229108155,-0.12619630470829613,0.007339318932796611,136.25242466727835,0.2623067871188493,nan
2.412e-08,24.12,-4.889879731818143,-0.12556386077545878,0.0075223271171980625,132.93758492817085,0.2655570009781615,nan
2.4149999999999998e-08,24.15,-4.86525023452813,-0.12493141684262142,0.0077098986672012254,129.70339081810664,0.2688474878713791,nan
2.418e-08,24.18,-4.840620737238117,-0.12429897290978408,0.007902147371736813,126.5478803365078,0.2721787468171299,nan
2.421e-08,24.21,-4.815991239948106,-0.12366652897694677,0.00809918985709766,123.46913921565354,0.27555128301732495,nan
2.4239999999999997e-08,24.24,-4.7913186332290465,-0.12303297806671043,0.008301503523052638,120.46010668104601,0.278971621022622,nan
2.427e-08,24.270000000000003,-4.762441514513288,-0.1222914623827094,0.008544721846843824,117.03131101562673,0.2830287886763424,nan
2.43e-08,24.3,-4.733564395797531,-0.1215499466987084,0.008795066006679458,113.70011313622261,0.2871449609317136,nan
2.433e-08,24.330000000000002,-4.7046872770817725,-0.12080843101470738,0.009052744776053855,110.46373500390519,0.29132099591029115,nan
2.4359999999999998e-08,24.36,-4.675810158366017,-0.12006691533070644,0.00931797304512906,107.31947765428949,0.2955577642135475,nan
2.439e-08,24.389999999999997,-4.646933039650255,-0.11932539964670531,0.009590971999941847,104.2647189467411,0.2998561491043749,nan
2.442e-08,24.419999999999998,-4.612759760463733,-0.11844788749807382,0.009924391536207666,100.7618448296451,0.30502370541696233,nan
2.4449999999999997e-08,24.449999999999996,-4.578257121665924,-0.11756191795035588,0.010272784917293864,97.34458650219922,0.31033141766885647,nan
2.4479999999999998e-08,24.479999999999997,-4.543754482868108,-0.11667594840263776,0.01063340856434071,94.043221790002,0.31573148933036027,nan
2.4510000000000002e-08,24.51,-4.509251844070292,-0.11578997885491964,0.011006691817897025,90.85382025269271,0.32122552754597067,nan
2.4539999999999997e-08,24.539999999999996,-4.474749205272484,-0.11490400930720174,0.011393079090408448,87.77258474768908,0.3268151674260782,nan
2.4569999999999998e-08,24.569999999999997,-4.433243138550603,-0.11383820354733995,0.011875911922329138,84.20405999473572,0.33366844063530077,nan
2.4600000000000002e-08,24.6,-4.390716003757017,-0.11274617848225403,0.012391853429660775,80.69817849898301,0.34083939182586814,nan
2.4629999999999996e-08,24.629999999999995,-4.3481888689634385,-0.1116541534171683,0.012930209690547973,77.33826627196954,0.34816445570650345,nan
2.466e-08,24.66,-4.3056617341698535,-0.11056212835208243,0.013491954499829695,74.1182458043883,0.35564694435124367,nan
2.469e-08,24.69,-4.263134599376269,-0.10947010328699654,0.01407810395824759,71.03229262731469,0.36329024101472585,nan
2.4719999999999996e-08,24.719999999999995,-4.210769118741399,-0.10812544610103504,0.014834954107968116,67.40836491451512,0.3729277932511174,nan
2.475e-08,24.75,-4.1560061428814405,-0.10671922528300831,0.015670016919421593,63.816140412751494,0.38328019642415323,nan
2.478e-08,24.78,-4.10124316702148,-0.10531300446498154,0.016552085599177587,60.41534729917578,0.3939199803003623,nan
2.481e-08,24.81,-4.046480191161531,-0.10390678364695503,0.0174838061178438,57.19578410214751,0.40485512251229405,nan
2.484e-08,24.84,-3.9917172153015708,-0.10250056282892826,0.018467973388292768,54.14779299140212,0.41609382215003893,nan
2.487e-08,24.87,-3.9094463899761918,-0.10038798685086898,0.020051598755567755,49.87133505862363,0.43356693118920053,nan
2.4899999999999998e-08,24.9,-3.817276250694131,-0.09802121319360273,0.021987608139723374,45.48016290109221,0.4540154603748025,nan
2.493e-08,24.93,-3.725106111412053,-0.09565443953633605,0.024110541887429112,41.475633549380554,0.475428413541517,nan
2.496e-08,24.96,-3.6329359721299754,-0.09328766587906936,0.026438447802571548,37.823703095865355,0.4978512762891551,nan
2.4989999999999997e-08,24.99,-3.5407658328479146,-0.09092089222180312,0.028991116229276147,34.49332519974406,0.5213316794771129,nan
2.502e-08,25.02,-3.4466541101865937,-0.0885042619794084,0.03185203167365554,31.39517159362519,nan,nan
2.505e-08,25.05,-3.351571595835651,-0.08606270344444966,0.0350292589810141,28.547563639356497,nan,nan
2.5079999999999997e-08,25.08,-3.256489081484726,-0.08362114490949138,0.038523413430290344,25.958239702967653,nan,nan
2.5109999999999998e-08,25.11,-3.1614065671337848,-0.08117958637453268,0.0423661083760138,23.603772881961582,nan,nan
2.5140000000000002e-08,25.14,-3.066324052782842,-0.07873802783957394,0.04659211059207072,21.46286114306625,nan,nan
2.5169999999999996e-08,25.169999999999998,-2.9922106145465674,-0.07683491979793096,0.05017639336671183,19.929690695214912,nan,nan
2.5199999999999997e-08,25.199999999999996,-2.932195193240892,-0.0752938250433562,0.053279949890669025,18.768786420633084,nan,nan
2.523e-08,25.23,-2.872179771935218,-0.07375273028878149,0.05657547045291404,17.67550480790554,nan,nan
2.5259999999999996e-08,25.259999999999994,-2.812164350629555,-0.07221163553420705,0.06007482859005227,16.645906837686574,nan,nan
2.529e-08,25.29,-2.752148929323881,-0.07067054077963235,0.06379063225161942,15.676282938465679,nan,nan
2.532e-08,25.32,-2.6982002333519866,-0.06928522929518939,0.06732657589017305,14.85297576444786,nan,nan
2.535e-08,25.349999999999998,-2.649647171306283,-0.06803846858586982,0.07067614523377766,14.149045575310724,nan,nan
2.538e-08,25.38,-2.6010941092605693,-0.06679170787655,0.0741923592439099,13.47847689696005,nan,nan
2.541e-08,25.41,-2.5525410472148558,-0.0655449471672302,0.07788350867141888,12.839688620332698,nan,nan
2.5439999999999998e-08,25.439999999999998,-2.503987985169152,-0.06429818645791062,0.08175829674089838,12.231174570198267,nan,nan
2.547e-08,25.47,-2.458967946213347,-0.06314214782023833,0.08552316994751541,11.69273777636737,nan,nan
2.55e-08,25.5,-2.418085743524953,-0.06209236183610515,0.08909199926658982,11.224352447268602,nan,nan
2.5529999999999998e-08,25.529999999999998,-2.3772035408365646,-0.06104257585197211,0.09280975363973391,10.774729603116604,nan,nan
2.556e-08,25.56,-2.33632133814817,-0.05999278986783891,0.09668264761792521,10.343117660077375,nan,nan
2.559e-08,25.59,-2.295439135459774,-0.05894300388370569,0.10071715508153252,9.928795141110571,nan,nan
2.5619999999999997e-08,25.619999999999997,-2.256719068450616,-0.057948737895624505,0.1046934138081437,9.55169922945252,nan,nan
2.5649999999999998e-08,25.65,-2.221354196570265,-0.057040627657200436,0.10846213028366733,9.219807847998576,nan,nan
2.568e-08,25.68,-2.1859893246899142,-0.056132517418776395,0.11236651168171322,8.899448643850196,nan,nan
2.5709999999999997e-08,25.709999999999997,-2.1506244528095704,-0.05522440718035252,0.1164114416201709,8.590220910267703,nan,nan
2.5739999999999998e-08,25.74,-2.1152595809292203,-0.05431629694192849,0.1206019795156813,8.29173786380492,nan,nan
2.5770000000000002e-08,25.770000000000003,-2.081279242081147,-0.053443739175638404,0.12477049839202296,8.014715120060254,nan,nan
2.5799999999999996e-08,25.799999999999997,-2.0501984063108813,-0.05264563575602905,0.128709364304163,7.76944245981064,nan,nan
2.583e-08,25.830000000000002,-2.0191175705406104,-0.05184753233641956,0.13277257583384766,7.531675827780923,nan,nan
2.586e-08,25.860000000000003,-1.9880367347703407,-0.0510494289168101,0.13696405843397227,7.301185518550333,nan,nan
2.5889999999999996e-08,25.889999999999997,-1.956955899000076,-0.050251325497200766,0.141287861479616,7.077748856325303,nan,nan
2.592e-08,25.919999999999998,-1.9267577357536383,-0.049475887618662104,0.1456195710422546,6.867208801966797,nan,nan
2.595e-08,25.95,-1.8991453279605768,-0.04876684757719793,0.1496965059822939,6.6801826364489765,nan,nan
2.598e-08,25.979999999999997,-1.871532920167521,-0.0480578075357339,0.153887583536449,6.49825006682976,nan,nan
2.601e-08,26.009999999999998,-1.8439205123744595,-0.04734876749426973,0.158195999374152,6.32127237070568,nan,nan
2.604e-08,26.04,-1.8163081045813985,-0.04663972745280556,0.16262503863451186,6.1491146037322615,nan,nan
2.6069999999999998e-08,26.069999999999997,-1.789232793920272,-0.0459444791594407,0.16708831167365953,5.984859084297301,nan,nan
2.61e-08,26.099999999999998,-1.7645112488693382,-0.04530967159541591,0.17127047467007142,5.838717980588072,nan,nan
2.613e-08,26.13,-1.7397897038184045,-0.04467486403139112,0.1755573157684604,5.696145419077171,nan,nan
2.6159999999999997e-08,26.159999999999997,-1.7150681587674756,-0.04404005646736645,0.17995145502572987,5.557054261422992,nan,nan
2.6189999999999998e-08,26.189999999999998,-1.690346613716542,-0.043405248903341666,0.18445557807790935,5.421359497068857,nan,nan
2.622e-08,26.22,-1.665913176057094,-0.04277783945100406,0.18901797246102867,5.290502204525435,nan,nan
2.6249999999999997e-08,26.249999999999996,-1.643652093462748,-0.04220621241130422,0.19327290110536288,5.174031094275597,nan,nan
2.6279999999999998e-08,26.279999999999998,-1.6213910108683964,-0.041634585371604235,0.19762361121181346,5.0601241110213175,nan,nan
2.6310000000000002e-08,26.310000000000002,-1.5991299282740452,-0.041062958331904265,0.20207225888903624,4.948724805165508,nan,nan
2.6339999999999996e-08,26.339999999999996,-1.576868845679698,-0.04049133129220439,0.20662104878122284,4.839777969856463,nan,nan
2.6369999999999997e-08,26.369999999999997,-1.5547107409474537,-0.03992234855024786,0.21125047991774593,4.73371705659257,nan,nan
2.64e-08,26.400000000000002,-1.5345773734855546,-0.03940535764503656,0.21554676770184159,4.6393643971653775,nan,nan
2.6429999999999996e-08,26.429999999999996,-1.5144440060236586,-0.03888836673982534,0.21993043085536038,4.546892379152664,nan,nan
2.646e-08,26.46,-1.49431063856176,-0.03837137583461405,0.22440324636708214,4.45626351752588,nan,nan
2.649e-08,26.490000000000002,-1.47417727109986,-0.037854384929402726,0.2289670273651359,4.3674410744097685,nan,nan
2.6519999999999995e-08,26.519999999999996,-1.4540439036379644,-0.03733739402419152,0.23362362385198118,4.280389044190061,nan,nan
2.655e-08,26.55,-1.435735884027984,-0.0368672749718918,0.23794020317842643,4.202736597859088,nan,nan
2.658e-08,26.580000000000002,-1.417465683255489,-0.03639812704352665,0.2423273736693238,4.1266489412978355,nan,nan
2.6609999999999998e-08,26.61,-1.399195482482999,-0.03592897911516162,0.246795435344892,4.0519387994454545,nan,nan
2.664e-08,26.64,-1.3809252817105047,-0.03545983118679648,0.2513458796866636,3.9785812333451984,nan,nan
2.667e-08,26.669999999999998,-1.3626550809380107,-0.034990683258431354,0.2559802256762862,3.9065517555430422,nan,nan
2.6699999999999998e-08,26.7,-1.3458864014260388,-0.034560091862506234,0.26030886741515297,3.8415902229145056,nan,nan
2.673e-08,26.729999999999997,-1.3292644030826941,-0.034133266991495013,0.26467188153017857,3.7782630864245297,nan,nan
2.676e-08,26.759999999999998,-1.3126424047393495,-0.0337064421204838,0.26910802374244086,3.7159798734098115,nan,nan
2.6789999999999997e-08,26.789999999999996,-1.2960204063960075,-0.033279617249472655,0.2736185197455685,3.654723375193597,nan,nan
2.6819999999999998e-08,26.819999999999997,-1.2793984080526628,-0.03285279237846144,0.2782046157769357,3.594476666777518,nan,nan
2.685e-08,26.849999999999998,-1.2640150010900753,-0.032457772444221794,0.28251743850203276,3.5396045118567248,nan,nan
2.6879999999999997e-08,26.879999999999995,-1.2488634744476546,-0.03206870680535031,0.28683060199054916,3.4863783468716116,nan,nan
2.6909999999999997e-08,26.909999999999997,-1.2337119478052312,-0.03167964116647875,0.2912096140842969,3.433952560750719,nan,nan
2.6940000000000002e-08,26.94,-1.2185604211628087,-0.031290575527607216,0.2956554800868816,3.3823151179411224,nan,nan
2.6970000000000003e-08,26.970000000000002,-1.2034088945203858,-0.030901509888735672,0.30016922064977264,3.331454163872339,nan,nan
2.6999999999999997e-08,26.999999999999996,-1.189279660323408,-0.030538694994940007,0.30444048566120124,3.2847142449800755,nan,nan
2.703e-08,27.03,-1.1754495866971766,-0.030183562039824814,0.3086801699887517,3.2395990971381154,nan,nan
2.7060000000000002e-08,27.060000000000002,-1.1616195130709452,-0.029828429084709625,0.3129788968025807,3.195103600326047,nan,nan
2.709e-08,27.09,-1.1477894394447161,-0.029473296129594487,0.31733748833729664,3.151219243712877,nan,nan
2.712e-08,27.12,-1.1339593658184848,-0.029118163174479298,0.32175677827807386,3.107937633362812,nan,nan
2.715e-08,27.150000000000002,-1.1209717188201798,-0.0287846623137353,0.3259628963988797,3.0678338272473296,nan,nan
2.718e-08,27.18,-1.1083367191035265,-0.02846021684015922,0.3301075663152383,3.0293155990403555,nan,nan
2.721e-08,27.21,-1.095701719386871,-0.028135771366583084,0.33430493636681347,2.9912809869572428,nan,nan
2.724e-08,27.240000000000002,-1.083066719670216,-0.027811325893006958,0.3385556766441804,2.9537239189493576,nan,nan
2.727e-08,27.27,-1.0704317199535627,-0.027486880419430877,0.34286046575822254,2.9166383992057496,nan,nan
2.73e-08,27.3,-1.0584882197559566,-0.02718019148673063,0.3469799714879601,2.8820107273387654,nan,nan
2.733e-08,27.330000000000002,-1.0469401084212713,-0.026883655472887038,0.35101016057740386,2.848920379840351,nan,nan
2.7359999999999998e-08,27.36,-1.0353919970865881,-0.026587119459043504,0.35508716050733147,2.816209965382156,nan,nan
2.739e-08,27.39,-1.0238438857519023,-0.026290583445199897,0.3592115149879126,2.7838751216916027,nan,nan
2.7420000000000003e-08,27.42,-1.0122957744172167,-0.0259940474313563,0.363383774044534,2.751911536582386,nan,nan
2.7449999999999998e-08,27.45,-1.0013115343487966,-0.025711990680205386,0.36739727090867663,2.721849287357849,nan,nan
2.748e-08,27.479999999999997,-0.9907569885726453,-0.02544096775345293,0.3712955181488334,2.693272477367074,nan,nan
2.7510000000000003e-08,27.51,-0.9802024427964944,-0.025169944826700485,0.3752351275131772,2.664995696504674,nan,nan
2.7539999999999997e-08,27.539999999999996,-0.9696478970203446,-0.02489892189994807,0.3792165378721058,2.6370157947522297,nan,nan
2.757e-08,27.57,-0.9590933512441933,-0.02462789897319561,0.3832401927526266,2.6093296551634886,nan,nan
2.7600000000000002e-08,27.6,-0.9489940146810887,-0.024368565050955634,0.38713027500416225,2.583109781298423,nan,nan
2.7629999999999997e-08,27.629999999999995,-0.9393520291503876,-0.02412097513153531,0.3908810328323126,2.558323162303448,nan,nan
2.766e-08,27.66,-0.9297100436196859,-0.023873385212114965,0.39466813032489606,2.5337743870445952,nan,nan
2.7690000000000002e-08,27.69,-0.9200680580889842,-0.023625795292694624,0.3984919195630841,2.5094611732564704,nan,nan
2.772e-08,27.72,-0.910426072558284,-0.02337820537327432,0.4023527560392282,2.4853812605735026,nan,nan
2.775e-08,27.75,-0.901146210903893,-0.023139914183982795,0.40610391213689484,2.46242395139229,nan,nan
2.778e-08,27.78,-0.8923461194042157,-0.02291394268274386,0.409693434620387,2.4408494632738704,nan,nan
2.781e-08,27.81,-0.8835460279045404,-0.02268797118150498,0.41331468462797843,2.419463999688501,nan,nan
2.784e-08,27.84,-0.8747459364048633,-0.02246199968026605,0.41696794259691283,2.3982659045007453,nan,nan
2.787e-08,27.87,-0.8659458449051862,-0.022236028179027124,0.4206534914431955,2.3772535360853855,nan,nan
2.79e-08,27.9,-0.8574276736609563,-0.02201729591426152,0.42425199449169226,2.3570896848655405,nan,nan
2.793e-08,27.93,-0.8494075880107166,-0.021811353647125328,0.4276682126946797,2.338261227550991,nan,nan
2.796e-08,27.96,-0.8413875023604771,-0.02160541137998914,0.43111193942317055,2.3195831721524667,nan,nan
2.7989999999999998e-08,27.99,-0.8333674167102387,-0.021399469112852978,0.43458339618496367,2.3010543172578743,nan,nan
2.802e-08,28.02,-0.8253473310599992,-0.02119352684571679,0.4380828062715135,2.2826734710520076,nan,nan
2.8050000000000003e-08,28.050000000000004,-0.8177996116266297,-0.020999714146002095,0.4414018422012536,2.265509348608604,nan,nan
2.8079999999999997e-08,28.08,-0.8113931455872894,-0.020835206907799053,0.4442387456730258,2.251041832213421,nan,nan
2.811e-08,28.110000000000003,-0.8049866795479488,-0.020670699669596004,0.44709388201230943,2.236666705209954,nan,nan
2.8140000000000003e-08,28.140000000000004,-0.7985802135086078,-0.020506192431392945,0.44996736840231555,2.2223833776006185,nan,nan
2.8169999999999997e-08,28.169999999999998,-0.7921737474692676,-0.020341685193189907,0.4528593227793946,2.208191263155554,nan,nan
2.82e-08,28.2,-0.7857672814299264,-0.020177177954986844,0.45576986383787904,2.1940897793885465,nan,nan
2.8230000000000002e-08,28.23,-0.7793608153905853,-0.02001267071678378,0.45869911103495214,2.1800783475331427,nan,nan
2.826e-08,28.259999999999998,-0.7729543493512459,-0.019848163478580764,0.4616471845955522,2.1661563925188827,nan,nan
2.829e-08,28.29,-0.7665478833119044,-0.01968365624037769,0.46461420551730914,2.1523233429476902,nan,nan
2.832e-08,28.32,-0.7601414172725638,-0.019519149002174642,0.4676002955755056,2.1385786310704447,nan,nan
2.835e-08,28.349999999999998,-0.7537349512332239,-0.01935464176397161,0.47060557732807906,2.124921692763657,nan,nan
2.838e-08,28.38,-0.7473284851938824,-0.01919013452576854,0.4736301741206518,2.111351967506322,nan,nan
2.841e-08,28.41,-0.7409220191545414,-0.01902562728756548,0.4766742100915901,2.097868898356922,nan,nan
2.844e-08,28.439999999999998,-0.7345155531152019,-0.01886112004936246,0.47973781017710204,2.0844719319305596,nan,nan
2.847e-08,28.47,-0.7281090870758606,-0.018696612811159394,0.4828211001163666,2.071160518376239,nan,nan
2.85e-08,28.5,-0.7217026210365196,-0.018532105572956335,0.48592420645668993,2.0579341113543173,nan,nan
2.8529999999999998e-08,28.529999999999998,-0.7152961549971795,-0.018367598334753297,0.48904725655870224,2.044792168014066,nan,nan
2.856e-08,28.56,-0.7088896889578387,-0.018203091096550245,0.4921903786015857,2.0317341489713923,nan,nan
2.8590000000000003e-08,28.590000000000003,-0.7024832229184976,-0.018038583858347185,0.49535370158833303,2.018759518286706,nan,nan
2.8619999999999998e-08,28.619999999999997,-0.6974518289258402,-0.017909386150131646,0.4978523016764946,2.0086278533463564,nan,nan
2.865e-08,28.65,-0.6932017659422149,-0.01780025170388128,0.4999727080537426,2.0001091737441574,nan,nan
2.8680000000000003e-08,28.680000000000003,-0.6889517029585892,-0.017691117257630905,0.5021021454692919,1.9916266222390782,nan,nan
2.8709999999999997e-08,28.709999999999997,-0.6847016399749639,-0.01758198281138054,0.5042406523873031,1.983180045610262,nan,nan
2.874e-08,28.740000000000002,-0.6804515769913382,-0.01747284836513016,0.506388267435761,1.974769291286665,nan,nan
2.8770000000000002e-08,28.770000000000003,-0.6762015140077122,-0.01736371391887978,0.5085450294071705,1.9663942073443064,nan,nan
2.8799999999999996e-08,28.799999999999997,-0.6719514510240874,-0.017254579472629428,0.5107109772592572,1.9580546425035235,nan,nan
2.883e-08,28.830000000000002,-0.6677013880404616,-0.01714544502637905,0.5128861501156737,1.949750446126231,nan,nan
2.8860000000000002e-08,28.860000000000003,-0.6634513250568357,-0.017036310580128666,0.5150705872667032,1.9414814682132115,nan,nan
2.889e-08,28.89,-0.6592012620732108,-0.016927176133878313,0.5172643281699696,1.9332475594014027,nan,nan
2.892e-08,28.92,-0.6549511990895849,-0.016818041687627933,0.5194674124511535,1.9250485709611898,nan,nan
2.895e-08,28.950000000000003,-0.6507011361059591,-0.016708907241377555,0.5216798799047032,1.9168843547937344,nan,nan
2.898e-08,28.98,-0.6464510731223341,-0.016599772795127195,0.5239017704945567,1.9087547634282904,nan,nan
2.901e-08,29.009999999999998,-0.6422010101387083,-0.016490638348876818,0.5261331243548631,1.9006596500195376,nan,nan
2.904e-08,29.04,-0.6379509471550826,-0.016381503902626444,0.5283739817907067,1.8925988683449375,nan,nan
2.9069999999999998e-08,29.069999999999997,-0.6337008841714573,-0.016272369456376078,0.5306243832788351,1.884572272802087,nan,nan
2.91e-08,29.099999999999998,-0.6294508211878318,-0.016163235010125707,0.5328843694683916,1.876579718406088,nan,nan
2.913e-08,29.13,-0.6252007582042063,-0.016054100563875337,0.535153981181648,1.8686210607869302,nan,nan
2.9159999999999998e-08,29.159999999999997,-0.620950695220581,-0.01594496611762497,0.5374332594147425,1.8606961561868842,nan,nan
2.919e-08,29.189999999999998,-0.6184850696597441,-0.015881653013494652,0.5387600035513868,1.8561140274115027,nan,nan
2.9220000000000003e-08,29.220000000000002,-0.6160510402030259,-0.015819151244005715,0.540072958507435,1.8516016850086994,nan,nan
2.9249999999999997e-08,29.249999999999996,-0.6136170107463077,-0.015756649474516774,0.5413891131269795,1.8471003124243768,nan,nan
2.9279999999999998e-08,29.279999999999998,-0.611182981289589,-0.015694147705027826,0.5427084752075815,1.8426098829901418,nan,nan
2.9310000000000002e-08,29.310000000000002,-0.6087489518328706,-0.015631645935538882,0.5440310525658045,1.8381303701024359,nan,nan
2.9339999999999997e-08,29.339999999999996,-0.6063149223761521,-0.015569144166049936,0.5453568530372612,1.8336617472223742,nan,nan
2.937e-08,29.37,-0.6038808929194335,-0.015506642396560985,0.5466858844766598,1.8292039878755897,nan,nan
2.9400000000000002e-08,29.400000000000002,-0.6014468634627148,-0.015444140627072035,0.5480181547578498,1.8247570656520773,nan,nan
2.9429999999999996e-08,29.429999999999996,-0.5990128340059968,-0.015381638857583101,0.5493536717738694,1.820320954206037,nan,nan
2.946e-08,29.46,-0.5965788045492781,-0.015319137088094152,0.5506924434369929,1.815895627255714,nan,nan
2.949e-08,29.490000000000002,-0.5941447750925595,-0.0152566353186052,0.5520344776787758,1.8114810585832497,nan,nan
2.952e-08,29.52,-0.5917107456358413,-0.015194133549116261,0.5533797824501028,1.8070772220345224,nan,nan
2.955e-08,29.55,-0.5892767161791226,-0.015131631779627312,0.5547283657212356,1.8026840915189908,nan,nan
2.958e-08,29.580000000000002,-0.5868426867224041,-0.015069130010138366,0.5560802354818586,1.798301641009544,nan,nan
2.961e-08,29.61,-0.5844086572656859,-0.015006628240649427,0.5574353997411274,1.793929844542344,nan,nan
2.964e-08,29.64,-0.5819746278089672,-0.014944126471160477,0.5587938665277161,1.789568676216671,nan,nan
2.967e-08,29.67,-0.5795405983522486,-0.014881624701671526,0.560155643889864,1.7852181101947742,nan,nan
2.9699999999999998e-08,29.7,-0.5771065688955304,-0.014819122932182587,0.5615207398954242,1.780878120701716,nan,nan
2.973e-08,29.73,-0.5752085141764445,-0.014770384089601098,0.5625875490964916,1.7775011224581618,nan,nan
2.976e-08,29.76,-0.5744108796092617,-0.014749902179771755,0.5630364673852891,1.7760838914110588,nan,nan
2.9789999999999997e-08,29.79,-0.573613245042079,-0.014729420269942414,0.5634857438896752,1.7746677903457124,nan,nan
2.982e-08,29.819999999999997,-0.5728156104748965,-0.014708938360113078,0.5639353788954888,1.7732528183611702,nan,nan
2.985e-08,29.849999999999998,-0.5720179759077137,-0.014688456450283735,0.5643853726887975,1.771838974557196,nan,nan
2.988e-08,29.88,-0.571220341340531,-0.014667974540454393,0.5648357255558966,1.7704262580342738,nan,nan
2.991e-08,29.91,-0.5704227067733485,-0.014647492630625057,0.5652864377833098,1.7690146678936038,nan,nan
2.994e-08,29.94,-0.5696250722061655,-0.014627010720795709,0.56573750965779,1.7676042032371018,nan,nan
2.9969999999999996e-08,29.969999999999995,-0.5688274376389832,-0.014606528810966378,0.566188941466318,1.7661948631674023,nan,nan
3e-08,29.999999999999996,-0.5680298030718003,-0.014586046901137031,0.5666407334961051,1.7647866467878517,nan,nan
3.003e-08,30.029999999999998,-0.5672321685046176,-0.014565564991307688,0.5670928860345902,1.7633795532025145,nan,nan
3.006e-08,30.06,-0.566434533937435,-0.014545083081478352,0.567545399369442,1.7619735815161683,nan,nan
3.009e-08,30.09,-0.5656368993702523,-0.01452460117164901,0.5679982737885596,1.760568730834304,nan,nan
3.012e-08,30.12,-0.5648392648030696,-0.014504119261819668,0.5684515095800708,1.7591650002631265,nan,nan
3.0149999999999995e-08,30.149999999999995,-0.564041630235887,-0.014483637351990332,0.5689051070323338,1.757762388909553,nan,nan
3.0179999999999996e-08,30.179999999999996,-0.5632439956687043,-0.01446315544216099,0.5693590664339367,1.7563608958812127,nan,nan
3.0210000000000004e-08,30.210000000000004,-0.5624463611015216,-0.014442673532331647,0.5698133880736982,1.754960520286446,nan,nan
3.024e-08,30.24,-0.5616487265343388,-0.014422191622502306,0.570268072240667,1.7535612612343052,nan,nan
3.027e-08,30.27,-0.5608510919671563,-0.01440170971267297,0.5707231192241227,1.7521631178345527,nan,nan
3.03e-08,30.3,-0.5611216036591973,-0.014408655996487793,0.5705687528273534,1.7526371625587194,nan,nan
3.0329999999999994e-08,30.329999999999995,-0.5619123706464999,-0.014428961558453543,0.5701177442384844,1.7540236382849588,nan,nan
3.036e-08,30.360000000000003,-0.5627031376338034,-0.014449267120419315,0.5696670921513445,1.7554112108240372,nan,nan
3.039e-08,30.390000000000004,-0.5634939046211065,-0.014469572682385076,0.569216796284136,1.7567998810436187,nan,nan
3.042e-08,30.419999999999998,-0.5642846716084089,-0.01448987824435082,0.5687668563552837,1.758189649812056,nan,nan
3.045e-08,30.45,-0.565075438595712,-0.01451018380631658,0.5683172720834334,1.7595805179983905,nan,nan
3.048e-08,30.48,-0.565866205583015,-0.014530489368282341,0.567868043187455,1.760972486472349,nan,nan
3.051e-08,30.51,-0.5666569725703181,-0.014550794930248103,0.5674191693864402,1.7623655561043465,nan,nan
3.054e-08,30.54,-0.5674477395576207,-0.014571100492213853,0.5669706503997027,1.7637597277654857,nan,nan
3.057e-08,30.57,-0.568238506544924,-0.014591406054179619,0.5665224859467775,1.7651550023275617,nan,nan
3.0599999999999996e-08,30.599999999999994,-0.5690292735322271,-0.01461171161614538,0.5660746757474221,1.7665513806630557,nan,nan
3.063e-08,30.629999999999995,-0.5698200405195297,-0.014632017178111129,0.5656272195216154,1.7679488636451397,nan,nan
3.066e-08,30.659999999999997,-0.5706108075068328,-0.014652322740076891,0.5651801169895571,1.769347452147679,nan,nan
3.069e-08,30.689999999999998,-0.5714015744941359,-0.014672628302042651,0.5647333678716685,1.7707471470452276,nan,nan
3.072e-08,30.72,-0.5721923414814389,-0.014692933864008412,0.5642869718885919,1.772147949213032,nan,nan
3.075e-08,30.75,-0.5729831084687416,-0.014713239425974162,0.5638409287611904,1.773549859527031,nan,nan
3.0779999999999995e-08,30.779999999999994,-0.5737738754560446,-0.014733544987939922,0.5633952382105475,1.7749528788638576,nan,nan
3.0809999999999996e-08,30.809999999999995,-0.5745646424433477,-0.014753850549905684,0.5629498999579673,1.7763570081008366,nan,nan
3.0840000000000004e-08,30.840000000000003,-0.575384412785414,-0.014774900869084144,0.5624885994319913,1.7778138099328835,nan,nan
3.087e-08,30.869999999999997,-0.5778421911373679,-0.014838012470131013,0.5611078246433462,1.782188656227748,nan,nan
3.09e-08,30.9,-0.5802999694893216,-0.014901124071177878,0.5597304393260947,1.7865742681494718,nan,nan
3.093e-08,30.93,-0.5827577478412758,-0.014964235672224753,0.5583564351598961,1.790970672190123,nan,nan
3.096e-08,30.96,-0.585215526193229,-0.015027347273271605,0.556985803844835,1.7953778949069585,nan,nan
3.099e-08,30.990000000000002,-0.5876733045451832,-0.015090458874318481,0.5556185371013688,1.799795962922592,nan,nan
3.102e-08,31.020000000000003,-0.5901310828971371,-0.01515357047536535,0.5542546266702807,1.8042249029251456,nan,nan
3.105e-08,31.049999999999997,-0.5925888612490906,-0.015216682076412209,0.5528940643126278,1.808664741668417,nan,nan
3.108e-08,31.08,-0.5950466396010445,-0.015279793677459078,0.5515368418096912,1.8131155059720414,nan,nan
3.111e-08,31.11,-0.5975044179529987,-0.015342905278505953,0.5501829509629276,1.8175772227216507,nan,nan
3.114e-08,31.14,-0.5999621963049522,-0.01540601687955281,0.5488323835939196,1.8220499188690342,nan,nan
3.117e-08,31.17,-0.6024199746569061,-0.01546912848059968,0.5474851315443248,1.8265336214323096,nan,nan
3.12e-08,31.200000000000003,-0.60487775300886,-0.01553224008164655,0.5461411866758282,1.8310283574960768,nan,nan
3.1229999999999996e-08,31.229999999999997,-0.6073355313608133,-0.015595351682693402,0.5448005408700928,1.8355341542115853,nan,nan
3.1259999999999997e-08,31.259999999999998,-0.6097933097127675,-0.01565846328374028,0.5434631860287088,1.840051038796903,nan,nan
3.129e-08,31.29,-0.6122510880647218,-0.01572157488478716,0.5421291140731472,1.844579038537071,nan,nan
3.132e-08,31.32,-0.6147088664166751,-0.01578468648583401,0.5407983169447105,1.8491181807842736,nan,nan
3.135e-08,31.349999999999998,-0.6171666447686293,-0.015847798086880888,0.5394707866044812,1.8536684929580083,nan,nan
3.138e-08,31.38,-0.619624423120583,-0.01591090968792775,0.5381465150332776,1.8582300025452412,nan,nan
3.1409999999999995e-08,31.409999999999993,-0.6227669679379038,-0.015991604936392685,0.5364580199667839,1.8640787587851095,nan,nan
3.144e-08,31.44,-0.62711463992175,-0.016103245817072186,0.5341307392553412,1.8722008049829726,nan,nan
3.147e-08,31.470000000000002,-0.6314623119055964,-0.016214886697751694,0.5318135548334648,1.88035824004739,nan,nan
3.15e-08,31.499999999999996,-0.6358099838894415,-0.01632652757843117,0.5295064229010836,1.8885512181724917,nan,nan
3.153e-08,31.529999999999998,-0.6401576558732878,-0.016438168459110673,0.527209299848139,1.8967798942242615,nan,nan
3.156e-08,31.56,-0.6445053278571338,-0.01654980933979017,0.5249221422537652,1.9050444237434472,nan,nan
3.159e-08,31.59,-0.6488529998409791,-0.01666145022046965,0.522644906885466,1.913344962948511,nan,nan
3.162e-08,31.62,-0.6532006718248253,-0.016773091101149155,0.5203775506982967,1.9216816687385843,nan,nan
3.165e-08,31.650000000000002,-0.6575483438086709,-0.01688473198182864,0.5181200308340531,1.9300546986964233,nan,nan
3.1679999999999996e-08,31.679999999999996,-0.6618960157925164,-0.016996372862508127,0.5158723046204593,1.938464211091398,nan,nan
3.171e-08,31.709999999999997,-0.6662436877763624,-0.017108013743187624,0.5136343295703613,1.94691036488248,nan,nan
3.174e-08,31.74,-0.6705913597602087,-0.017219654623867126,0.511406063380925,1.955393319721244,nan,nan
3.177e-08,31.77,-0.674939031744054,-0.017331295504546606,0.5091874639328364,1.963913235954889,nan,nan
3.18e-08,31.8,-0.6792867037279002,-0.01744293638522611,0.5069784892895033,1.9724702746292722,nan,nan
3.183e-08,31.830000000000002,-0.6836343757117462,-0.01755457726590561,0.5047790976962658,1.981064597491945,nan,nan
3.1859999999999995e-08,31.859999999999996,-0.6879820476955913,-0.017666218146585082,0.5025892475796054,1.989696366995216,nan,nan
3.1889999999999996e-08,31.889999999999997,-0.6923297196794373,-0.01777785902726458,0.5004088975463579,1.998365746299225,nan,nan
3.1920000000000004e-08,31.920000000000005,-0.6966773916632834,-0.017889499907944077,0.4982380063829338,2.0070728992750184,nan,nan
3.195e-08,31.95,-0.7010250636471289,-0.018001140788623565,0.49607653305453747,2.0158179905076508,nan,nan
3.198e-08,31.98,-0.7063464976376723,-0.01813778623459774,0.49344370595040726,2.0265736251999193,nan,nan
3.201e-08,32.01,-0.7120709729489603,-0.01828478110163343,0.4906270692135857,2.038207964356463,nan,nan
3.2039999999999994e-08,32.03999999999999,-0.7177954482602478,-0.018431775968669104,0.48782651018210643,2.0499090949909595,nan,nan
3.207e-08,32.07,-0.7235199235715366,-0.018578770835704816,0.4850419370824696,2.0616774005460363,nan,nan
3.21e-08,32.1,-0.729244398882825,-0.018725765702740513,0.48227325866503123,2.073513266665615,nan,nan
3.213e-08,32.129999999999995,-0.7353878531068228,-0.01888351924130774,0.4793195173542408,2.0862910100548873,nan,nan
3.216e-08,32.16,-0.7417684525996706,-0.01904736227024171,0.4762709078060883,2.099645356476709,nan,nan
3.219e-08,32.19,-0.7481490520925189,-0.01921120529917569,0.4732416882886783,2.113085184055041,nan,nan
3.222e-08,32.22,-0.7545296515853654,-0.019375048328109625,0.4702317354758574,2.126611039954665,nan,nan
3.225e-08,32.25,-0.7609102510782138,-0.019538891357043606,0.467240926825859,2.1402234748427778,nan,nan
3.228e-08,32.28,-0.7676918681735567,-0.019713031841369077,0.46408299780441237,2.1547869771808568,nan,nan
3.2309999999999996e-08,32.309999999999995,-0.7747761678081462,-0.01989494470258345,0.46080691287774883,2.170106333160193,nan,nan
3.234e-08,32.339999999999996,-0.781860467442737,-0.020076857563797863,0.4575539547031904,2.1855346013754544,nan,nan
3.237e-08,32.37,-0.7889447670773277,-0.02025877042501227,0.45432396002286285,2.2010725561330227,nan,nan
3.24e-08,32.4,-0.7960290667119172,-0.020440683286226648,0.4511167667313726,2.216720977244173,nan,nan
3.243e-08,32.43,-0.8034935325001347,-0.020632358172808455,0.44776195756572984,2.2333295249925373,nan,nan
3.246e-08,32.46,-0.811336384086915,-0.020833749368243625,0.44426396204640745,2.2509140633278304,nan,nan
3.2489999999999995e-08,32.489999999999995,-0.819179235673694,-0.021035140563678764,0.440793293486079,2.2686370568194265,nan,nan
3.2519999999999996e-08,32.519999999999996,-0.8270220872604743,-0.021236531759113934,0.4373497384017119,2.2864995956199383,nan,nan
3.2550000000000004e-08,32.550000000000004,-0.8348649388472547,-0.021437922954549105,0.4339330849780421,2.304502778465491,nan,nan
3.258e-08,32.58,-0.8430632677603183,-0.021648442207923172,0.4303901019356911,2.3234735081092084,nan,nan
3.261e-08,32.61,-0.8517280758743095,-0.02187093986008255,0.4266769643321696,2.3436934345991465,nan,nan
3.264e-08,32.64,-0.8603928839883013,-0.02209343751224194,0.4229958613660633,2.364089324114199,nan,nan
3.2669999999999994e-08,32.669999999999995,-0.8690576921022908,-0.022315935164401272,0.41934651666248396,2.384662707964883,nan,nan
3.27e-08,32.7,-0.8777225002162821,-0.02253843281656065,0.4157286562309309,2.405415130787894,nan,nan
3.273e-08,32.730000000000004,-0.8867130881081842,-0.02276929594372566,0.4120077627811948,2.4271387345948394,nan,nan
3.276e-08,32.76,-0.8962734354972968,-0.023014789533418754,0.4080875943864837,2.4504542989193134,nan,nan
3.279e-08,32.79,-0.905833782886412,-0.02326028312311192,0.4042047255808354,2.4739938370661467,nan,nan
3.282e-08,32.82,-0.9153941302755273,-0.023505776712805085,0.40035880146639874,2.497759500571209,nan,nan
3.285e-08,32.85,-0.9249544776646403,-0.023751270302498195,0.39654947052210154,2.52175346163844,nan,nan
3.288e-08,32.88,-0.9348044204633679,-0.02400420021367329,0.39266265480214757,2.5467153236252473,nan,nan
3.291e-08,32.910000000000004,-0.9453461675012798,-0.024274894490423183,0.3885450459513218,2.573704157137248,nan,nan
3.2939999999999996e-08,32.94,-0.9558879145391903,-0.02454558876717304,0.38447061590153875,2.600979005001765,nan,nan
3.297e-08,32.97,-0.9664296615771022,-0.024816283043922933,0.38043891186358714,2.628542898257913,nan,nan
3.3e-08,33.0,-0.9769714086150145,-0.02508697732067284,0.3764494857963758,2.6563989000662547,nan,nan
3.303e-08,33.03,-0.9877581739326557,-0.025363963253424656,0.37241063576425854,2.6852079504867175,nan,nan
3.306e-08,33.06,-0.9993822164882018,-0.025662449052900525,0.3681067812407703,2.7166030373831194,nan,nan
3.309e-08,33.09,-1.0110062590437465,-0.025960934852376362,0.36385266526387733,2.7483651913742855,nan,nan
3.3119999999999995e-08,33.12,-1.0226303015992904,-0.026259420651852175,0.3596477130179104,2.7804987041588674,nan,nan
3.3149999999999996e-08,33.15,-1.0342543441548346,-0.026557906451328,0.35549135633019774,2.8130079176134766,nan,nan
3.318e-08,33.18000000000001,-1.0460679190274593,-0.02686125912090688,0.35131644146463437,2.8464366649935626,nan,nan
3.321e-08,33.21,-1.0588938829382792,-0.027190608232773576,0.3468392430346301,2.883180090149589,nan,nan
3.324e-08,33.24,-1.0717198468491014,-0.027519957344640324,0.34241910229796285,2.920397820358252,nan,nan
3.327e-08,33.269999999999996,-1.084545810759924,-0.027849306456507086,0.33805529210786517,2.9580959782192213,nan,nan
3.3299999999999994e-08,33.3,-1.0973717746707439,-0.028178655568373782,0.3337470945843731,2.996280765366167,nan,nan
3.333e-08,33.33,-1.110317466723084,-0.028511079096896354,0.32945435367731607,3.0353218551770897,nan,nan
3.336e-08,33.36,-1.1244887717948053,-0.02887497429976887,0.32481848128843543,3.07864255763209,nan,nan
3.3389999999999997e-08,33.38999999999999,-1.1386600768665236,-0.029238869502641308,0.32024784195101225,3.1225815415579548,nan,nan
3.342e-08,33.419999999999995,-1.1528313819382459,-0.02960276470551385,0.31574151774698145,3.167147631187822,nan,nan
3.345e-08,33.449999999999996,-1.1670026870099672,-0.029966659908386366,0.31129860367464185,3.21234977669596,nan,nan
3.348e-08,33.48,-1.1812048389122682,-0.030331347205820036,0.3069087401589708,3.2582975625980084,nan,nan
3.351e-08,33.51,-1.1968958307600288,-0.030734265400920207,0.3021306223563987,3.3098266974751804,nan,nan
3.354e-08,33.54,-1.212586822607788,-0.031137183596020343,0.29742689282222046,3.3621707523190416,nan,nan
3.3569999999999996e-08,33.56999999999999,-1.228277814455546,-0.03154010179112044,0.29279639344047853,3.415342614878507,nan,nan
3.3599999999999996e-08,33.599999999999994,-1.2439688063033056,-0.03194301998622059,0.2882379841253768,3.4693553767189242,nan,nan
3.363e-08,33.629999999999995,-1.2596597981510653,-0.032345938181320734,0.28375054254058024,3.524222336445352,nan,nan
3.366e-08,33.66,-1.2770021357308048,-0.03279126014848776,0.2788720691782078,3.5858736335511945,nan,nan
3.369e-08,33.69,-1.2944284605298124,-0.03323873876573321,0.27405445251561245,3.648909882035329,nan,nan
3.372e-08,33.72,-1.3118547853288192,-0.03368621738297863,0.2693200619372075,3.713054247823365,nan,nan
3.3749999999999995e-08,33.74999999999999,-1.3292811101278241,-0.034133696000224006,0.2646674596820473,3.778326210563735,nan,nan
3.3779999999999995e-08,33.779999999999994,-1.3467074349268309,-0.034581174617469436,0.2600952328270296,3.8447455923385845,nan,nan
3.381e-08,33.81,-1.3659066128354551,-0.03507417711121899,0.2551492495122581,3.9192747065162625,nan,nan
3.384e-08,33.839999999999996,-1.385340914409218,-0.03557321718396305,0.2502384753463697,3.9961880307008797,nan,nan
3.387e-08,33.87,-1.404775215982986,-0.03607225725670725,0.24542221724491867,4.074610730951273,nan,nan
3.39e-08,33.9,-1.4242095175567524,-0.0365712973294514,0.24069865608812324,4.154572427832275,nan,nan
3.3929999999999993e-08,33.92999999999999,-1.443643819130516,-0.03707033740219548,0.23606600776820386,4.236103323193878,nan,nan
3.396e-08,33.96,-1.4650017360681291,-0.03761877267174988,0.2310775903105421,4.327550753217191,nan,nan
3.399e-08,33.99,-1.4867985957324006,-0.038178479249892885,0.22609532067509205,4.422913296100629,nan,nan
3.4019999999999996e-08,34.019999999999996,-1.5085954553966694,-0.03873818582803583,0.2212204738783825,4.5203772619606495,nan,nan
3.405e-08,34.05,-1.5303923150609418,-0.03929789240617886,0.21645073377393115,4.619988958062095,nan,nan
3.408e-08,34.08,-1.5521891747252141,-0.039857598984321896,0.2117838341537494,4.7217957121034395,nan,nan
3.411e-08,34.11,-1.5761041722465619,-0.04047169576868175,0.20677910683164688,4.836078534830741,nan,nan
3.414e-08,34.14,-1.6007422165222769,-0.04110435917369053,0.2017467226603723,4.956710011510006,nan,nan
3.417e-08,34.17,-1.6253802607979901,-0.04173702257869926,0.1968368116481872,5.080350528067546,nan,nan
3.4199999999999995e-08,34.199999999999996,-1.6500183050737007,-0.042369685983707925,0.19204639316519803,5.207075142201715,nan,nan
3.4229999999999996e-08,34.23,-1.674656349349414,-0.04300234938871665,0.18737255912111495,5.336960783855305,nan,nan
3.426e-08,34.26,-1.7016778268556658,-0.04369621533749749,0.18237726972270588,5.483139436841237,nan,nan
3.429e-08,34.29,-1.7298374104267662,-0.044419305929687146,0.17731323690985223,5.6397368714689335,nan,nan
3.432e-08,34.32,-1.7579969939978701,-0.04514239652187688,0.17238981607330758,5.800806699479027,nan,nan
3.435e-08,34.35,-1.786156577568974,-0.04586548711406663,0.1676031028687264,5.966476651588252,nan,nan
3.4379999999999994e-08,34.379999999999995,-1.8143161611400735,-0.046588577706256254,0.16294930136290411,6.136878106478663,nan,nan
3.4409999999999995e-08,34.41,-1.8452474475357263,-0.04738284095026154,0.15798622275097982,6.329665856852686,nan,nan
3.444e-08,34.440000000000005,-1.8779648588329438,-0.04822296886799455,0.15290096437608885,6.54018111710735,nan,nan
3.447e-08,34.47,-1.9106822701301542,-0.049063096785727386,0.14797939022814677,6.757697801418516,nan,nan
3.45e-08,34.5,-1.94339968142737,-0.04990322470346035,0.1432162316414957,6.982448766723858,nan,nan
3.453e-08,34.53,-1.9761170927245857,-0.05074335262119332,0.13860638953821847,7.214674614435911,nan,nan
3.456e-08,34.56,-2.0122792700777135,-0.05167193631885766,0.13368362606801634,7.480347664202452,nan,nan
3.459e-08,34.59,-2.051382703978546,-0.05267604652185867,0.12855702432995458,7.778649243104749,nan,nan
3.462e-08,34.620000000000005,-2.0904861378793855,-0.05368015672485987,0.1236270214286659,8.08884650332703,nan,nan
3.465e-08,34.650000000000006,-2.129589571780225,-0.054684266927861075,0.11888607804188756,8.41141382128584,nan,nan
3.468e-08,34.68,-2.1686930056810567,-0.055688377130862075,0.11432694397104198,8.746844490597871,nan,nan
3.471e-08,34.71,-2.212323664486939,-0.05680873883059786,0.10944603694485691,9.136922888343944,nan,nan
3.474e-08,34.74,-2.2610446297144353,-0.05805981101032132,0.1042415340541518,9.59310517706422,nan,nan
3.477e-08,34.77,-2.3097655949419247,-0.059310883190044614,0.09928452162628623,10.072063435668943,nan,nan
3.48e-08,34.8,-2.3584865601694203,-0.06056195536976806,0.09456323071223864,10.574934807833053,nan,nan
3.483e-08,34.83,-2.4072075253969185,-0.06181302754949157,0.09006645201348829,11.10291321179434,nan,nan
3.4859999999999996e-08,34.85999999999999,-2.4681224508170203,-0.06337722005198348,0.08474382041671567,11.800270451375006,nan,nan
3.489e-08,34.88999999999999,-2.547174400804229,-0.06540714074259558,0.07830260549003293,12.770967118422249,nan,nan
3.4920000000000004e-08,34.92,-2.6262263507914376,-0.06743706143320768,0.07235097493100913,13.82151382139022,nan,nan
3.495e-08,34.949999999999996,-2.7052783007786303,-0.06946698212381938,0.06685171637275737,14.958479067674444,nan,nan
3.498e-08,34.98,-2.784330250765837,-0.07149690281443144,0.06177044588887888,16.188971693662964,nan,nan
3.501e-08,35.01,-2.8618988748882686,-0.07348873419966499,0.05716011723712089,17.494715692265597,nan,-0.07551853546371215
3.504e-08,35.04,-2.936500847281124,-0.07540438697414095,0.05305103802046141,18.84977254571922,nan,-0.07838864754511765
3.507e-08,35.07,-3.0111028196739955,-0.0773200397486173,0.04923734889089176,20.309785610430914,nan,-0.08136783938170242
3.51e-08,35.1,-3.085704792066867,-0.07923569252309366,0.04569781509022233,21.882884291637907,nan,-0.08446025659309755
3.513e-08,35.129999999999995,-3.160306764459726,-0.0811513452975697,0.04241272836699141,23.577827659355933,nan,-0.08767020235486292
3.516e-08,35.16,-3.2260308024811533,-0.08283902769720512,0.039714822332004414,25.17951589057329,nan,-0.09059908310566112
3.519e-08,35.19,-3.267085163056091,-0.08389323440538121,0.03811737122642341,26.23475774496191,nan,-0.09247804574388305
3.522e-08,35.22,-3.3081395236310254,-0.0849474411135572,0.03658417446934219,27.334223458780176,nan,-0.09439597677422107
3.525e-08,35.25,-3.349193884205963,-0.08600164782173329,0.03511264755517735,28.479766398377162,nan,-0.09635368437431206
3.528e-08,35.28,-3.390248244780901,-0.08705585452990938,0.03370030993503161,29.67331760235522,nan,-0.09835199348284043
3.5309999999999997e-08,35.309999999999995,-3.4292581528080746,-0.08805756314628188,0.032410975848048695,30.853745493139943,nan,-0.10028917550069551
3.534e-08,35.339999999999996,-3.459878458632712,-0.08884384093394378,0.031433582266771364,31.813109670834635,nan,-0.10183643225877716
3.537e-08,35.37,-3.4904987644573513,-0.08963011872160573,0.03048566321341935,32.802304250340676,nan,-0.10340756002251308
3.54e-08,35.4,-3.521119070281989,-0.09041639650926764,0.0295663298466774,33.822256776059675,nan,-0.10500292707267352
3.543e-08,35.43,-3.551739376106628,-0.09120267429692959,0.02867472012935343,34.873923633393396,nan,-0.1066229073718478
3.546e-08,35.46,-3.581513787377279,-0.09196723093973053,0.027833532298294203,35.92788688416977,nan,-0.10822209872914702
3.5489999999999996e-08,35.489999999999995,-3.605486272503775,-0.09258280390879124,0.027174227520056354,36.799574128167386,nan,-0.10952708034445303
3.552e-08,35.52,-3.629458757630273,-0.093198376877852,0.02653053997594989,37.69241036580886,nan,-0.11084779790497072
3.5550000000000004e-08,35.550000000000004,-3.6534312427567706,-0.09381394984691276,0.025902099733873706,38.60690871683429,nan,-0.11218444116047796
3.558e-08,35.58,-3.677403727883263,-0.09442952281597339,0.025288545624466603,39.54359475036408,nan,-0.1135372021488245
3.561e-08,35.61,-3.7011121743744013,-0.09503831571839286,0.024696044882745728,40.49231384004592,nan,-0.11489110637678396
3.564e-08,35.64,-3.720574833175137,-0.09553808395687817,0.02422004136009466,41.288121070165325,nan,-0.11601460729068076
3.567e-08,35.67,-3.7400374919758725,-0.0960378521953635,0.023753212559738276,42.0995685314163,nan,-0.11714909473211077
3.57e-08,35.7,-3.759500150776608,-0.09653762043384881,0.023295381643638244,42.926963605813725,nan,-0.11829467613648924
3.573e-08,35.730000000000004,-3.7789628095773455,-0.09703738867233418,0.022846375182218135,43.77061971644076,nan,-0.11945145998982448
3.576e-08,35.76,-3.7984254683780776,-0.0975371569108194,0.022406023088667328,44.630856446175265,nan,-0.12061955583899085
3.579e-08,35.79,-3.8146153538060954,-0.097952885851273,0.02204619280711051,45.35930574268915,nan,-0.12159992690401991
3.582e-08,35.82,-3.830771683046949,-0.09836775312545988,0.021692869149829635,46.09809763259709,nan,-0.12258620944428396
3.585e-08,35.85,-3.8469280122877976,-0.09878262039964661,0.021345208039723645,46.84892263120556,nan,-0.12358049160489284
3.588e-08,35.88,-3.863084341528653,-0.09919748767383353,0.021003118725890526,47.611976728356105,nan,-0.12458283826981618
3.591e-08,35.910000000000004,-3.879240670769507,-0.0996123549480204,0.02066651191184948,48.38745910608329,nan,-0.12559331484928854
3.5939999999999996e-08,35.94,-3.8930674234082048,-0.09996740262577927,0.02038272759265299,49.06114726080394,nan,-0.12646459697843088
3.597e-08,35.97,-3.9066947776009986,-0.10031733008789409,0.020106848961561275,49.73429710004402,nan,-0.12732922822028694
3.6000000000000005e-08,36.00000000000001,-3.9203221317937924,-0.10066725755000891,0.01983470432626316,50.416682979029765,nan,-0.12819977089666504
3.603e-08,36.03,-3.9339494859865773,-0.1010171850121235,0.01956624314741646,51.108431622042914,nan,-0.1290762654237055
3.606e-08,36.06,-3.947576840179371,-0.10136711247423832,0.019301415569724527,51.80967149210353,nan,-0.12995875249387326
3.609e-08,36.09,-3.95950449770951,-0.10167339459396948,0.019072562449005504,52.43133966260221,nan,-0.13073611997948711
3.6119999999999995e-08,36.12,-3.9711379745036517,-0.10197212264877402,0.01885196786522869,53.04486020498896,nan,-0.13149879377504553
3.615e-08,36.150000000000006,-3.982771451297795,-0.1022708507035786,0.0186339246937501,53.665559802085305,nan,-0.13226591677193053
3.6180000000000004e-08,36.18000000000001,-3.994404928091937,-0.10256957875838313,0.018418403424757705,54.29352245894544,nan,-0.13303751492539634
3.621e-08,36.21,-4.006038404886082,-0.10286830681318776,0.01820537488975186,54.9288331636015,nan,-0.13381361434211272
3.624e-08,36.24,-4.016412097588107,-0.10313468573815165,0.01801749411868484,55.50161378784418,nan,-0.13450948813448718
3.627e-08,36.27,-4.026438217903728,-0.10339213959069467,0.017837751123006104,56.060878588571484,nan,-0.135185485281791
3.63e-08,36.300000000000004,-4.036464338219346,-0.10364959344323763,0.017659801248184427,56.62577884917069,nan,-0.1358648797518375
3.633e-08,36.33,-4.046490458534965,-0.1039070472957806,0.0174836266059989,57.196371355636515,nan,-0.1365476886183702
3.636e-08,36.36,-4.056516578850587,-0.10416450114832365,0.017309209486681944,57.77271346617073,nan,-0.1372339290409393
3.639e-08,36.38999999999999,-4.065600091733916,-0.10439775043247533,0.01715269299527502,58.29988330552327,nan,-0.1378586296673864
3.642e-08,36.419999999999995,-4.0743079998103156,-0.1046213548189464,0.017003977362169492,58.80977013206354,nan,-0.13846016839042727
3.645e-08,36.449999999999996,-4.08301590788672,-0.1048449592054176,0.01685655110907762,59.32411639421769,nan,-0.1390643318953642
3.648e-08,36.48,-4.091723815963116,-0.10506856359188857,0.016710403056940753,59.842961093906396,nan,-0.139671131635291
3.651e-08,36.51,-4.100431724039515,-0.10529216797835964,0.016565522123623402,60.36634357416007,nan,-0.14028057911327824
3.654e-08,36.54,-4.108431220358959,-0.10549758154622156,0.01643353490982373,60.8511805577639,nan,-0.14084278970229616
3.6569999999999996e-08,36.56999999999999,-4.116043141024136,-0.10569304282524175,0.016308919030635038,61.31614229744949,nan,-0.14137985314582016
3.66e-08,36.599999999999994,-4.123655061689309,-0.10588850410426186,0.016185248116569927,61.784656793505235,nan,-0.14191896452621716
3.6630000000000004e-08,36.63,-4.131266982354484,-0.106083965383282,0.0160625150019357,62.25675119241848,nan,-0.1424601316527055
3.666e-08,36.66,-4.138878903019663,-0.10627942666230224,0.01594071257537733,62.73245284810169,nan,-0.1430033623642813
3.669e-08,36.69,-4.145958505968229,-0.10646121892054432,0.015828257199028944,63.17814952244708,nan,-0.14351046286525077
3.672e-08,36.72,-4.152648938860663,-0.106633017948395,0.015722712769094555,63.60225583753308,nan,-0.14399134029694127
3.6749999999999995e-08,36.74999999999999,-4.159339371753093,-0.10680481697624558,0.015617872120160877,64.02920912056355,nan,-0.14447382906135034
3.678e-08,36.78,-4.1660298046455235,-0.10697661600409618,0.015513730559344517,64.45902848284686,nan,-0.14495793455776082
3.6810000000000003e-08,36.81,-4.172720237537957,-0.10714841503194686,0.015410283425054698,64.89173316398303,nan,-0.1454436622035475
3.684e-08,36.839999999999996,-4.179012628786376,-0.10730999302199844,0.015313620332435428,65.30134470435596,nan,-0.14590197701311133
3.687e-08,36.87,-4.184921016958427,-0.1074617104609807,0.015223408285522063,65.68831244912687,nan,-0.1463336370605884
3.69e-08,36.9,-4.190829405130474,-0.10761342789996288,0.015133727674887803,66.07757331720413,nan,-0.1467665742010862
3.693e-08,36.93,-4.196737793302521,-0.10776514533894506,0.015044575369858497,66.46914089735492,nan,-0.14720079221296384
3.696e-08,36.96,-4.202646181474568,-0.10791686277792724,0.014955948258202746,66.86302885887156,nan,-0.14763629488575877
3.699e-08,36.99,-4.20826003123779,-0.10806101696754807,0.014872223041892944,67.23944343647494,nan,-0.14805128102028875
3.7019999999999997e-08,37.019999999999996,-4.213499438238481,-0.10819555609882768,0.014794505187894064,67.5926627690308,nan,-0.14843963994992793
3.705e-08,37.05,-4.218738845239173,-0.10833009523010735,0.014717193464492661,67.9477376180889,nan,-0.14882901759860293
3.708e-08,37.08,-4.223978252239865,-0.10846463436138704,0.014640285749369965,68.30467773096808,nan,-0.1492194166385541
3.711e-08,37.11,-4.229217659240554,-0.10859917349266661,0.014563779931297847,68.66349290619124,nan,-0.14961083974903142
3.714e-08,37.14,-4.234242971564248,-0.10872821503388481,0.014490775976002965,69.00941686325297,nan,-0.1499872330228172
3.717e-08,37.17,-4.238906208736218,-0.10884795909613938,0.014423359362818149,69.33197564070207,nan,-0.1503373540587332
3.7199999999999996e-08,37.199999999999996,-4.243569445908186,-0.10896770315839391,0.014356256397414599,69.65604209883635,nan,-0.15068829239581075
3.7229999999999997e-08,37.23,-4.248232683080158,-0.10908744722064852,0.014289465620583206,69.98162328474717,nan,-0.15104004994190823
3.7260000000000004e-08,37.260000000000005,-4.252895920252126,-0.10920719128290304,0.014222985579903844,70.30872627846401,nan,-0.15139262860933653
3.729e-08,37.29,-4.257407965210744,-0.1093230529842267,0.014158955391695602,70.62667918189163,nan,-0.15173455933936228
3.732e-08,37.32,-4.261572030550742,-0.1094299791560933,0.01410011916027006,70.92138645308066,nan,-0.15205080475147462
3.735e-08,37.35,-4.265736095890743,-0.10953690532796,0.014041527417370114,71.217323463183,nan,-0.15236770928278276
3.7379999999999995e-08,37.379999999999995,-4.269900161230744,-0.10964383149982668,0.013983179147046321,71.51449534358792,nan,-0.15268527430702367
3.741e-08,37.410000000000004,-4.274064226570744,-0.10975075767169333,0.013925073337570907,71.81290724709679,nan,-0.15300350120079767
3.744e-08,37.440000000000005,-4.278126489531962,-0.10985506973024493,0.01386862076814195,72.10522349108658,nan,-0.15331458725011535
3.747e-08,37.47,-4.281855854238815,-0.10995083352332663,0.01381699594704326,72.3746322162013,nan,-0.15360073696172952
3.75e-08,37.5,-4.285585218945668,-0.11004659731640833,0.013765563295173078,72.64504754052832,nan,-0.15388742074944775
3.753e-08,37.53,-4.289314583652521,-0.11014236110949001,0.013714322097196965,72.91647322505189,nan,-0.15417463961008146
3.756e-08,37.56,-4.293043948359376,-0.11023812490257176,0.013663271640443234,73.18891304480866,nan,-0.15446239454230257
3.759e-08,37.59,-4.296710379908484,-0.11033227267835025,0.013613267913872507,73.45774771544434,nan,-0.15474581714857488
3.762e-08,37.620000000000005,-4.300059468091298,-0.11041827161193858,0.013567752139886625,73.70417661597673,nan,-0.15500516292471692
3.7649999999999996e-08,37.65,-4.303408556274118,-0.11050427054552706,0.01352238854726481,73.95143221219385,nan,-0.155264943350615
3.768e-08,37.68,-4.30675764445693,-0.11059026947911535,0.013477176627190933,74.19951727741298,nan,-0.155525159154718
3.771e-08,37.71,-4.310106732639749,-0.11067626841270382,0.013432115872549727,74.44843459425704,nan,-0.15578581106669787
3.774e-08,37.74,-4.313423491002592,-0.1107614371710657,0.013387638590870877,74.69577201478288,nan,-0.15604437735374588
3.777e-08,37.77,-4.316438581927269,-0.11083885961862162,0.013347334434134278,74.92132642174715,nan,-0.15627979875639592
3.78e-08,37.800000000000004,-4.319453672851951,-0.1109162820661777,0.013307151615080816,75.14756192202044,nan,-0.15651557533516847
3.7829999999999995e-08,37.83,-4.322468763776628,-0.11099370451373362,0.01326708976841746,75.37448057225916,nan,-0.15675170762591065
3.7859999999999996e-08,37.86,-4.325483854701313,-0.11107112696128973,0.013227148529950602,75.60208443533178,nan,-0.15698819616527987
3.7890000000000004e-08,37.89,-4.328490673446938,-0.11114833699324533,0.01318743662496921,75.82974830048404,nan,-0.15722439119523848
3.792e-08,37.919999999999995,-4.331211382672668,-0.11121820021548519,0.013151606208654198,76.03633990667744,nan,-0.15743841766399708
3.795e-08,37.949999999999996,-4.333932091898404,-0.11128806343772518,0.013115873143990526,76.24349435387634,nan,-0.15765273548277486
3.798e-08,37.98,-4.336652801124135,-0.11135792665996502,0.013080237166472783,76.45121317549169,nan,-0.15786734504818012
3.8009999999999994e-08,38.00999999999999,-4.339373510349869,-0.11142778988220496,0.013044698012313964,76.65949790911354,nan,-0.1580822467573624
3.804e-08,38.04,-4.342094219575603,-0.11149765310444491,0.013009255418443944,76.86835009652009,nan,-0.15829744100801102
3.807e-08,38.07,-4.344258094488463,-0.11155321776108174,0.01298113545202623,77.03486368320034,nan,-0.15846880162271232
3.81e-08,38.099999999999994,-4.346398407460548,-0.11160817738683572,0.01295338147112349,77.19991897322441,nan,-0.1586384788129837
3.813e-08,38.129999999999995,-4.348538720432632,-0.1116631370125897,0.01292568682890178,77.36532791155085,nan,-0.1588083376815956
3.816e-08,38.16,-4.3506790334047185,-0.11171809663834374,0.012898051398493537,77.53109125590845,nan,-0.15897837842307644
3.819e-08,38.19,-4.352819346376805,-0.11177305626409777,0.012870475053302504,77.69720976564922,nan,-0.15914860123216268
3.822e-08,38.22,-4.354959659348889,-0.11182801588985175,0.01284295766700308,77.86368420175219,nan,-0.15931900630379933
3.825e-08,38.25,-4.357099972320977,-0.11188297551560583,0.012815499113539667,78.03051532682741,nan,-0.1594895938331407
3.8279999999999996e-08,38.279999999999994,-4.359240285293064,-0.11193793514135986,0.012788099267126306,78.19770390511805,nan,-0.15966036401554912
3.831e-08,38.309999999999995,-4.36138059826515,-0.1119928947671139,0.012760758002245886,78.36525070250534,nan,-0.15983131704659675
3.834e-08,38.339999999999996,-4.363520911237234,-0.11204785439286788,0.012733475193649698,78.53315648651117,nan,-0.16000245312206482
3.837e-08,38.37,-4.365661224209319,-0.11210281401862186,0.012706250716356775,78.70142202630227,nan,-0.16017377243794453
3.84e-08,38.4,-4.367801537181407,-0.11215777364437594,0.012679084445653334,78.87004809269345,nan,-0.16034527519043704
3.843e-08,38.43,-4.3699418501534915,-0.11221273327012993,0.012651976257092376,79.03903545815031,nan,-0.16051696157595274
3.8459999999999995e-08,38.459999999999994,-4.372082163125576,-0.11226769289588391,0.012624926026492829,79.20838489679431,nan,-0.16068883179111315
3.8489999999999996e-08,38.489999999999995,-4.374222476097664,-0.11232265252163799,0.01259793362993913,79.3780971844056,nan,-0.16086088603275037
3.8520000000000003e-08,38.52,-4.376362789069752,-0.11237761214739207,0.01257099894378074,79.54817309842595,nan,-0.1610331244979066
3.855e-08,38.55,-4.378503102041833,-0.11243257177314596,0.012544121844631526,79.71861341796256,nan,-0.16120554738383489
3.858e-08,38.58,-4.380643415013921,-0.11248753139890004,0.012517302209368898,79.88941892379367,nan,-0.16137815488800103
3.861e-08,38.61,-4.382783727986009,-0.11254249102465412,0.012490539915133768,80.06059039836875,nan,-0.1615509472080806
3.8639999999999994e-08,38.63999999999999,-4.384805790899685,-0.11259441418843256,0.012465308775672231,80.22264173284162,nan,-0.16171436289286883
3.867e-08,38.67,-4.38627695499062,-0.1126321911999795,0.012446983743888515,80.34074925911278,nan,-0.16183336083571653
3.87e-08,38.7,-4.387748119081557,-0.11266996821152647,0.012428685651412573,80.45903066880976,nan,-0.16195244634351622
3.873e-08,38.73,-4.3892192831724905,-0.11270774522307336,0.012410414458641467,80.57748621793145,nan,-0.1620716194807024
3.876e-08,38.76,-4.39069044726342,-0.11274552223462017,0.012392170126030411,80.69611616285407,nan,-0.16219088031175735
3.879e-08,38.79,-4.392161611354352,-0.11278329924616701,0.012373952614092692,80.81492076033169,nan,-0.1623102289012113
3.882e-08,38.82,-4.393632775445289,-0.112821076257714,0.012355761883399662,80.93390026749626,nan,-0.16242966531364178
3.885e-08,38.85,-4.395103939536218,-0.11285885326926079,0.012337597894580839,81.05305494185701,nan,-0.16254918961367257
3.888e-08,38.88,-4.396575103627155,-0.11289663028080778,0.012319460608323283,81.17238504130442,nan,-0.1626688018659771
3.8909999999999996e-08,38.91,-4.3980462677180885,-0.11293440729235467,0.012301349985372164,81.29189082410666,nan,-0.16278850213527446
3.8939999999999997e-08,38.94,-4.39951743180902,-0.11297218430390152,0.012283265986530198,81.41157254891311,nan,-0.16290829048633232
3.897e-08,38.97,-4.400988595899953,-0.11300996131544841,0.012265208572657706,81.53143047475413,nan,-0.16302816698396616
3.9e-08,39.0,-4.402459759990887,-0.1130477383269953,0.012247177704672612,81.65146486104096,nan,-0.1631481316930387
3.903e-08,39.03,-4.40393092408182,-0.11308551533854219,0.012229173343550271,81.77167596756694,nan,-0.16326818467846063
3.906e-08,39.06,-4.405402088172751,-0.11312329235008903,0.012211195450323436,81.89206405450771,nan,-0.16338832600519015
3.9089999999999995e-08,39.089999999999996,-4.406873252263685,-0.11316106936163592,0.01219324398608207,82.01262938242245,nan,-0.16350855573823372
3.9119999999999996e-08,39.12,-4.40834441635462,-0.11319884637318285,0.012175318911973385,82.13337221225356,nan,-0.1636288739426454
3.915e-08,39.150000000000006,-4.409815580445549,-0.11323662338472966,0.012157420189201799,82.25429280532711,nan,-0.16374928068352645
3.918e-08,39.18,-4.411286744536483,-0.11327440039627655,0.012139547779028564,82.37539142335518,nan,-0.16386977602602745
3.921e-08,39.21,-4.412757908627418,-0.11331217740782348,0.012121701642772013,82.49666832843431,nan,-0.16399036003534595
3.924e-08,39.24,-4.414056166483954,-0.11334551447901729,0.012105974759363603,82.60383982929838,nan,-0.16409684547965403
3.927e-08,39.27,-4.415088516262836,-0.113372023479446,0.012093483607725808,82.68915991759062,nan,-0.16418157001518485
3.93e-08,39.300000000000004,-4.416120866041723,-0.11339853247987484,0.01208100534467167,82.774568131538,nan,-0.16426633829468262
3.933e-08,39.330000000000005,-4.417153215820605,-0.11342504148030355,0.012068539956902661,82.86006456216313,nan,-0.16435115034073192
3.9359999999999996e-08,39.36,-4.418185565599488,-0.1134515504807323,0.012056087431133754,82.9456493005841,nan,-0.1644360061759303
3.939e-08,39.39,-4.419217915378374,-0.11347805948116109,0.012043647754093716,83.03132243801247,nan,-0.16452090582288645
3.942e-08,39.42,-4.420250265157261,-0.11350456848158993,0.012031220912525011,83.1170840657541,nan,-0.16460584930422079
3.945e-08,39.449999999999996,-4.421282614936144,-0.11353107748201868,0.012018806893183843,83.20293427520866,nan,-0.16469083664256487
3.948e-08,39.48,-4.422314964715026,-0.11355758648244739,0.012006405682839998,83.28887315787082,nan,-0.16477586786056259
3.951e-08,39.51,-4.4233473144939115,-0.1135840954828762,0.01199401726827687,83.37490080533007,nan,-0.1648609429808698
3.9539999999999995e-08,39.53999999999999,-4.424379664272799,-0.11361060448330504,0.011981641636291574,83.46101730926989,nan,-0.16494606202615353
3.9569999999999996e-08,39.56999999999999,-4.425412014051684,-0.11363711348373383,0.011969278773694872,83.54722276146833,nan,-0.16503122501909223
3.96e-08,39.599999999999994,-4.4264443638305675,-0.11366362248416259,0.01195692866731109,83.6335172537985,nan,-0.16511643198237647
3.963e-08,39.629999999999995,-4.427476713609451,-0.11369013148459134,0.011944591303978127,83.71990087822859,nan,-0.16520168293870863
3.966e-08,39.66,-4.42850906338834,-0.11371664048502023,0.011932266670547424,83.80637372682205,nan,-0.16528697791080316
3.969e-08,39.69,-4.4295414131672235,-0.11374314948544897,0.011919954753884174,83.8929358917361,nan,-0.16537231692138482
3.9719999999999994e-08,39.71999999999999,-4.430573762946105,-0.11376965848587768,0.01190765554086696,83.97958746522433,nan,-0.16545769999319135
3.975e-08,39.75,-4.431606112724991,-0.11379616748630648,0.01189536901838788,84.06632853963576,nan,-0.16554312714897237
3.978e-08,39.78,-4.432638462503878,-0.11382267648673532,0.011883095173352636,84.15315920741423,nan,-0.16562859841148866
3.981e-08,39.809999999999995,-4.433670812282761,-0.11384918548716408,0.011870833992680494,84.24007956109872,nan,-0.16571411380351242
3.984e-08,39.839999999999996,-4.434522066265179,-0.11387104425310414,0.011860733197750502,84.31181979455192,nan,-0.16578466121554783
3.987e-08,39.87,-4.435258190327875,-0.11388994667696549,0.011852005439393007,84.37390660286555,nan,-0.16584569148549475
3.99e-08,39.9,-4.435994314390571,-0.11390884910082683,0.01184328410338434,84.43603913159862,nan,-0.16590674422250118
3.993e-08,39.93,-4.436730438453262,-0.11392775152468804,0.011834569184998657,84.498217414419,nan,-0.16596781943483746
3.996e-08,39.96,-4.4374665625159615,-0.11394665394854947,0.011825860679513361,84.56044148502097,nan,-0.16602891713077866
3.9989999999999996e-08,39.989999999999995,-4.438202686578654,-0.11396555637241072,0.011817158582209691,84.62271137712108,nan,-0.16609003731860025
4.002e-08,40.019999999999996,-4.438938810641346,-0.11398445879627198,0.01180846288837208,84.68502712446264,nan,-0.16615118000658283
4.005e-08,40.05,-4.439674934704037,-0.11400336122013319,0.011799773593288538,84.74738876081308,nan,-0.16621234520300918
4.008e-08,40.08,-4.440411058766735,-0.11402226364399458,0.011791090692250417,84.8097963199656,nan,-0.16627353291616612
4.011e-08,40.11,-4.441147182829427,-0.11404116606785583,0.011782414180552784,84.87224983573647,nan,-0.16633474315434163
4.014e-08,40.14,-4.441883306892123,-0.11406006849171717,0.01177374405349392,84.93474934196865,nan,-0.16639597592582864
4.0169999999999995e-08,40.169999999999995,-4.442619430954817,-0.11407897091557848,0.01176508030637573,84.99729487252887,nan,-0.16645723123892184
4.0199999999999996e-08,40.199999999999996,-4.44335555501751,-0.11409787333943973,0.011756422934503512,85.05988646130919,nan,-0.16651850910191948
4.0230000000000004e-08,40.230000000000004,-4.444091679080206,-0.11411677576330106,0.01174777193318596,85.12252414222712,nan,-0.16657980952312332
4.026e-08,40.26,-4.4448278031429,-0.11413567818716236,0.011739127297735345,85.18520794922422,nan,-0.16664113251083726
4.029e-08,40.29,-4.445563927205592,-0.11415458061102361,0.011730489023467322,85.24793791626753,nan,-0.1667024780733687
4.032e-08,40.32,-4.446300051268288,-0.11417348303488496,0.011721857105700931,85.31071407734953,nan,-0.16676384621902848
4.0349999999999994e-08,40.349999999999994,-4.447036175330982,-0.11419238545874626,0.011713231539758786,85.3735364664868,nan,-0.16682523695612975
4.038e-08,40.38,-4.447772299393675,-0.11421128788260751,0.011704612320966873,85.43640511772148,nan,-0.1668866502929891
4.041e-08,40.410000000000004,-4.448508423456371,-0.11423019030646886,0.01169599944465456,85.4993200651212,nan,-0.1669480862379266
4.044e-08,40.44,-4.4490751509744495,-0.11424474291288873,0.011689372877824088,85.5477886155125,nan,-0.1669953999783905
4.047e-08,40.47,-4.449606852130751,-0.11425839610143845,0.011683159276784323,85.59328656822356,nan,-0.16703980170387392
4.05e-08,40.5,-4.450138553287051,-0.11427204928998813,0.01167694897864528,85.63880871868095,nan,-0.16708421523515085
4.053e-08,40.53,-4.4506702544433505,-0.11428570247853781,0.01167074198165125,85.6843550797542,nan,-0.1671286405753604
4.056e-08,40.56,-4.451201955599652,-0.11429935566708754,0.011664538284047456,85.72992566431972,nan,-0.16717307772764245
4.059e-08,40.59,-4.451733656755948,-0.11431300885563712,0.011658337884080158,85.77552048525997,nan,-0.16721752669513723
4.0619999999999996e-08,40.62,-4.45226535791225,-0.11432666204418686,0.011652140779996338,85.8211395554658,nan,-0.167261987480987
4.065e-08,40.65,-4.4527970590685495,-0.11434031523273654,0.011645946970044122,85.86678288783341,nan,-0.16730646008833358
4.068e-08,40.68,-4.453328760224849,-0.11435396842128621,0.011639756452472462,85.91245049526657,nan,-0.16735094452032026
4.071e-08,40.71,-4.453860461381149,-0.11436762160983589,0.011633569225531258,85.95814239067582,nan,-0.16739544078009103
4.074e-08,40.74,-4.454392162537447,-0.11438127479838553,0.011627385287471365,86.00385858697835,nan,-0.1674399488707906
4.077e-08,40.77,-4.4549238636937485,-0.11439492798693525,0.011621204636544485,86.0495990970989,nan,-0.1674844687955651
4.0799999999999995e-08,40.8,-4.4554555648500465,-0.11440858117548489,0.011615027271003392,86.09536393396799,nan,-0.16752900055756045
4.0829999999999996e-08,40.83,-4.455987266006348,-0.11442223436403462,0.011608853189101622,86.1411531105242,nan,-0.16757354415992456
4.086e-08,40.86000000000001,-4.456518967162648,-0.1144358875525843,0.01160268238909379,86.18696663971197,nan,-0.1676180996058052
4.089e-08,40.89,-4.457050668318942,-0.11444954074113384,0.011596514869235412,86.23280453448275,nan,-0.1676626668983511
4.092e-08,40.92,-4.457582369475244,-0.11446319392968356,0.011590350627782747,86.27866680779627,nan,-0.16770724604071316
4.095e-08,40.95,-4.458114070631542,-0.1144768471182332,0.011584189662993252,86.32455347261715,nan,-0.16775183703604116
4.0979999999999994e-08,40.98,-4.458645771787843,-0.11449050030678293,0.011578031973125102,86.37046454191847,nan,-0.1677964398874873
4.101e-08,41.01,-4.459170873689461,-0.11450398403760734,0.011571953922456668,86.41582974672828,nan,-0.16784050078618437
4.104e-08,41.04,-4.459559021559462,-0.11451395101998363,0.011567463164785304,86.44937837747248,nan,-0.16787307741365937
4.1069999999999997e-08,41.06999999999999,-4.459947169429457,-0.11452391800235973,0.011562974149853803,86.48294003257315,nan,-0.16790566036402155
4.11e-08,41.099999999999994,-4.460335317299455,-0.11453388498473592,0.011558486876985734,86.51651471708759,nan,-0.16793824963849907
4.113e-08,41.129999999999995,-4.46072346516946,-0.1145438519671123,0.01155400134550501,86.5501024360744,nan,-0.16797084523831973
4.116e-08,41.16,-4.461111613039458,-0.11455381894948849,0.01154951755473601,86.58370319459264,nan,-0.16800344716471
4.119e-08,41.19,-4.4614997609094615,-0.11456378593186481,0.011545035504003065,86.61731699770566,nan,-0.16803605541889885
4.122e-08,41.22,-4.46188790877946,-0.114573752914241,0.011540555192631042,86.65094385047672,nan,-0.1680686700021136
4.1249999999999995e-08,41.24999999999999,-4.462276056649458,-0.1145837198966172,0.01153607661994488,86.68458375797248,nan,-0.16810129091558307
4.1279999999999996e-08,41.279999999999994,-4.462664204519459,-0.11459368687899348,0.0115315997852698,86.71823672526139,nan,-0.1681339181605363
4.131e-08,41.309999999999995,-4.463052352389461,-0.11460365386136977,0.011527124687931371,86.75190275741326,nan,-0.1681665517382018
4.134e-08,41.339999999999996,-4.463440500259459,-0.11461362084374596,0.011522651327255419,86.78558185949987,nan,-0.16819919164980845
4.137e-08,41.37,-4.463828648129461,-0.11462358782612224,0.011518179702567913,86.81927403659587,nan,-0.1682318378965862
4.14e-08,41.4,-4.464216795999459,-0.11463355480849843,0.011513709813195246,86.85297929377668,nan,-0.16826449047976408
4.1429999999999994e-08,41.42999999999999,-4.464604943869459,-0.11464352179087467,0.011509241658463926,86.88669763612074,nan,-0.16829714940057236
4.1459999999999995e-08,41.459999999999994,-4.46499309173946,-0.11465348877325095,0.011504775237700786,86.92042906870805,nan,-0.1683298146602412
4.149e-08,41.49,-4.465381239609458,-0.11466345575562714,0.011500310550232986,86.95417359662004,nan,-0.16836248626000036
4.152e-08,41.519999999999996,-4.465769387479456,-0.11467342273800334,0.011495847595387836,86.98793122494095,nan,-0.1683951642010808
4.155e-08,41.55,-4.466157535349462,-0.11468338972037971,0.011491386372492876,87.02170195875728,nan,-0.1684278484847139
4.158e-08,41.58,-4.46654568321946,-0.1146933567027559,0.011486926880876143,87.05548580315565,nan,-0.1684605391121295
4.1609999999999993e-08,41.60999999999999,-4.4669069097817165,-0.11470263239137386,0.011482778247111535,87.08693823740326,nan,-0.1684909680706935
4.164e-08,41.64,-4.467192805751562,-0.11470997371748468,0.011479495836324419,87.11183960150174,nan,-0.1685150552366218
4.167e-08,41.67,-4.46747870172141,-0.11471731504359554,0.011476214363831165,87.1367480858178,nan,-0.1685391458460082
4.1699999999999996e-08,41.699999999999996,-4.467764597691254,-0.11472465636970633,0.011472933829363617,87.16166369238688,nan,-0.16856323989934452
4.173e-08,41.73,-4.468050493661098,-0.1147319976958171,0.011469654232653595,87.18658642324583,nan,-0.1685873373971234
4.176e-08,41.76,-4.468336389630949,-0.11473933902192807,0.011466375573432955,87.21151628043235,nan,-0.16861143833983783
4.179e-08,41.79,-4.468622285600791,-0.1147466803480388,0.011463097851433894,87.23645326598273,nan,-0.16863554272797898
4.182e-08,41.82,-4.468908181570638,-0.11475402167414966,0.01145982106638834,87.26139738193648,nan,-0.16865965056204055
4.185e-08,41.85,-4.469194077540482,-0.11476136300026044,0.011456545218028562,87.28634863033166,nan,-0.16868376184251446
4.1879999999999995e-08,41.879999999999995,-4.469479973510333,-0.1147687043263714,0.01145327030608668,87.31130701320862,nan,-0.16870787656989428
4.1909999999999996e-08,41.91,-4.469765869480177,-0.11477604565248217,0.011449996330295179,87.33627253260615,nan,-0.1687319947446716
4.194e-08,41.94,-4.470051765450025,-0.11478338697859304,0.011446723290386332,87.36124519056575,nan,-0.16875611636734011
4.197e-08,41.97,-4.470337661419871,-0.11479072830470385,0.011443451186092675,87.38622498912817,nan,-0.1687802414383923
4.2e-08,42.0,-4.470623557389715,-0.11479806963081464,0.011440180017146754,87.41121193033514,nan,-0.16880436995832113
4.203e-08,42.03,-4.470909453359566,-0.11480541095692559,0.011436909783281098,87.43620601622979,nan,-0.1688285019276204
4.2059999999999994e-08,42.059999999999995,-4.47119534932941,-0.11481275228303638,0.011433640484228569,87.46120724885381,nan,-0.16885263734678202
4.2089999999999995e-08,42.089999999999996,-4.471481245299254,-0.11482009360914715,0.011430372119721866,87.48621563025132,nan,-0.16887677621629976
4.212e-08,42.120000000000005,-4.471767141269103,-0.11482743493525806,0.011427104689493782,87.51123116246691,nan,-0.16890091853666736
4.215e-08,42.15,-4.47205303723895,-0.11483477626136893,0.01142383819327733,87.53625384754463,nan,-0.16892506430837756
4.218e-08,42.18,-4.472338933208798,-0.1148421175874798,0.0114205726308055,87.5612836875299,nan,-0.16894921353192385
4.221e-08,42.21,-4.472589408930888,-0.11484854938139316,0.011417712412851645,87.58321841023177,nan,-0.168970373695051
4.223999999999999e-08,42.239999999999995,-4.4728016044740535,-0.1148539982049022,0.011415289882198691,87.60180515077649,nan,-0.1689883020262247
4.227e-08,42.27,-4.473013800017215,-0.11485944702841117,0.01141286786554145,87.62039583576288,nan,-0.16900623225965497
4.23e-08,42.300000000000004,-4.473225995560375,-0.11486489585192008,0.011410446362770844,87.63899046602818,nan,-0.16902416439554382
4.233e-08,42.330000000000005,-4.473438191103535,-0.11487034467542899,0.011408025373777822,87.65758904240981,nan,-0.1690420984340933
4.236e-08,42.36,-4.473650386646696,-0.11487579349893795,0.011405604898453353,87.67619156574537,nan,-0.16906003437550537
4.239e-08,42.39,-4.473862582189854,-0.11488124232244681,0.011403184936688512,87.694798036872,nan,-0.16907797221998153
4.242e-08,42.42,-4.474074777733012,-0.11488669114595569,0.011400765488374293,87.71340845662779,nan,-0.16909591196772394
4.245e-08,42.45,-4.474286973276175,-0.1148921399694647,0.011398346553401696,87.7320228258512,nan,-0.16911385361893508
4.248e-08,42.480000000000004,-4.474499168819337,-0.11489758879297365,0.011395928131661886,87.75064114537975,nan,-0.16913179717381624
4.251e-08,42.51,-4.474711364362497,-0.11490303761648256,0.011393510223045966,87.76926341605176,nan,-0.16914974263256943
4.2539999999999996e-08,42.54,-4.474923559905658,-0.11490848643999152,0.011391092827445028,87.78788963870603,nan,-0.169167689995397
4.257e-08,42.56999999999999,-4.475135755448816,-0.11491393526350038,0.011388675944750282,87.80651981418082,nan,-0.16918563926250044
4.2600000000000004e-08,42.6,-4.475347950991976,-0.1149193840870093,0.011386259574852843,87.82515394331541,nan,-0.16920359043408234
4.263e-08,42.629999999999995,-4.475560146535138,-0.11492483291051826,0.01138384371764391,87.84379202694886,nan,-0.16922154351034469
4.266e-08,42.66,-4.475772342078301,-0.11493028173402726,0.011381428373014703,87.8624340659204,nan,-0.16923949849148964
4.269e-08,42.69,-4.475984537621462,-0.11493573055753623,0.01137901354085651,87.88108006106907,nan,-0.16925745537771902
4.2719999999999995e-08,42.71999999999999,-4.476196733164624,-0.11494117938104517,0.011376599221060574,87.89973001323465,nan,-0.16927541416923506
4.275e-08,42.75,-4.47640892870778,-0.114946628204554,0.01137418541351825,87.91838392325637,nan,-0.1692933748662395
4.278e-08,42.78,-4.476621124250942,-0.11495207702806295,0.011371772118120727,87.93704179197513,nan,-0.1693113374689354
4.281e-08,42.809999999999995,-4.476795872485159,-0.1149565642678634,0.011369785094642645,87.9524099774931,nan,-0.16932613154386342
4.284e-08,42.839999999999996,-4.476954411747595,-0.11496063528861805,0.011367982680180185,87.96635499308746,nan,-0.1693395544958757
4.287e-08,42.87,-4.477112951010035,-0.1149647063093728,0.011366180551448493,87.98030221968989,nan,-0.1693529785119629
4.29e-08,42.9,-4.477271490272475,-0.11496877733012754,0.011364378708402316,87.99425165765062,nan,-0.1693664035922091
4.293e-08,42.93,-4.47743002953491,-0.11497284835088216,0.011362577150996422,88.00820330731982,nan,-0.16937982973669818
4.296e-08,42.96,-4.477588568797351,-0.11497691937163695,0.011360775879185393,88.02215716904922,nan,-0.1693932569455156
4.2989999999999997e-08,42.989999999999995,-4.477747108059791,-0.11498099039239171,0.01135897489292405,88.0361132431888,nan,-0.16940668521874488
4.302e-08,43.019999999999996,-4.477905647322228,-0.11498506141314636,0.01135717419216715,88.05007153008916,nan,-0.16942011455647038
4.305e-08,43.05,-4.478064186584666,-0.11498913243390106,0.01135537377686937,88.0640320301016,nan,-0.16943354495877685
4.308e-08,43.08,-4.478222725847106,-0.1149932034546558,0.011353573646985457,88.07799474357705,nan,-0.1694469764257487
4.311e-08,43.11,-4.478381265109546,-0.11499727447541055,0.011351773802470188,88.09195967086626,nan,-0.1694604089574702
4.314e-08,43.14,-4.478539804371982,-0.11500134549616521,0.011349974243278363,88.10592681231995,nan,-0.16947384255402542
4.3169999999999995e-08,43.169999999999995,-4.478698343634422,-0.11500541651691995,0.01134817496936467,88.1198961682898,nan,-0.16948727721549942
4.3199999999999996e-08,43.199999999999996,-4.478856882896862,-0.1150094875376747,0.011346375980683925,88.13386773912661,nan,-0.16950071294197627
4.3230000000000004e-08,43.230000000000004,-4.479015422159298,-0.11501355855842936,0.011344577277190952,88.14784152518124,nan,-0.16951414973354012
4.326e-08,43.26,-4.479173961421738,-0.11501762957918411,0.01134277885884046,88.16181752680552,nan,-0.169527587590276
4.329e-08,43.29,-4.479332500684176,-0.11502170059993881,0.011340980725587306,88.1757957443503,nan,-0.16954102651226788
4.332e-08,43.32,-4.479491039946616,-0.11502577162069355,0.011339182877386255,88.18977617816722,nan,-0.16955446649960054
4.335e-08,43.35,-4.4796495792090525,-0.11502984264144821,0.011337385314192181,88.20375882860719,nan,-0.16956790755235798
4.338e-08,43.38,-4.479808118471489,-0.11503391366220286,0.011335588035959859,88.21774369602198,nan,-0.16958134967062494
4.341e-08,43.410000000000004,-4.479930597026927,-0.11503705870484736,0.01133419975453126,88.22854913953793,nan,-0.16959173502798602
4.344e-08,43.44,-4.480049735344453,-0.11504011797581828,0.011332849497477275,88.23906116662036,nan,-0.16960183776587762
4.347e-08,43.47,-4.480168873661977,-0.11504317724678917,0.011331499401281081,88.24957444616246,nan,-0.16961194110559857
4.35e-08,43.5,-4.480288011979505,-0.11504623651776014,0.011330149465923455,88.26008897831392,nan,-0.16962204504718523
4.353e-08,43.53,-4.4804071502970295,-0.11504929578873102,0.011328799691385316,88.27060476322336,nan,-0.1696321495906728
4.356e-08,43.56,-4.480526288614559,-0.11505235505970203,0.011327450077647405,88.28112180104083,nan,-0.1696422547360979
4.359e-08,43.59,-4.480645426932085,-0.11505541433067296,0.011326100624690668,88.29164009191481,nan,-0.16965236048349563
4.3619999999999996e-08,43.62,-4.480764565249608,-0.1150584736016438,0.011324751332495948,88.30215963599463,nan,-0.16966246683290187
4.365e-08,43.65,-4.480883703567132,-0.11506153287261467,0.011323402201044035,88.31268043343003,nan,-0.16967257378435294
4.368e-08,43.68,-4.48100284188466,-0.11506459214358564,0.011322053230315758,88.32320248437051,nan,-0.1696826813378848
4.371e-08,43.71,-4.481121980202184,-0.11506765141455652,0.011320704420292052,88.33372578896481,nan,-0.1696927894935328
4.374e-08,43.74,-4.481241118519714,-0.11507071068552754,0.01131935577095367,88.34425034736309,nan,-0.1697028982513335
4.377e-08,43.77,-4.481360256837236,-0.11507376995649837,0.01131800728228161,88.3547761597136,nan,-0.16971300761132171
4.3799999999999995e-08,43.8,-4.481479395154761,-0.11507682922746926,0.011316658954256632,88.36530322616653,nan,-0.1697231175735341
4.383e-08,43.830000000000005,-4.4815985334722885,-0.11507988849844022,0.011315310786859578,88.3758315468715,nan,-0.16973322813800668
4.3860000000000004e-08,43.86000000000001,-4.481717671789813,-0.11508294776941111,0.011313962780071391,88.38636112197727,nan,-0.1697433393047747
4.389e-08,43.89,-4.481836810107339,-0.11508600704038204,0.01131261493387288,88.3968919516338,nan,-0.16975345107387452
4.392e-08,43.92,-4.481955948424865,-0.11508906631135295,0.011311267248244931,88.4074240359904,nan,-0.16976356344534185
4.395e-08,43.95,-4.482075086742391,-0.11509212558232387,0.011309919723168416,88.41795737519656,nan,-0.1697736764192126
4.398e-08,43.980000000000004,-4.4821903616023775,-0.11509508564622403,0.01130861604889775,88.42815033033773,nan,-0.16978346201960762
4.401e-08,44.010000000000005,-4.482280350073372,-0.11509739639832083,0.01130759844961723,88.43610820243185,nan,-0.1697911014685456
4.404e-08,44.04,-4.48237033854436,-0.11509970715041745,0.011306580941904874,88.44406679067433,nan,-0.16979874126122182
4.407e-08,44.07,-4.482460327015353,-0.1151020179025142,0.0113055635257523,88.45202609513068,nan,-0.16980638139765292
4.41e-08,44.099999999999994,-4.482550315486346,-0.11510432865461095,0.011304546201151332,88.4599861158649,nan,-0.16981402187785385
4.413e-08,44.129999999999995,-4.482640303957341,-0.11510663940670775,0.01130352896809371,88.4679468529416,nan,-0.16982166270184018
4.416e-08,44.16,-4.482730292428332,-0.11510895015880446,0.011302511826571257,88.47590830642476,nan,-0.16982930386962702
4.419e-08,44.19,-4.482820280899325,-0.11511126091090121,0.011301494776575676,88.48387047637935,nan,-0.16983694538123026
4.422e-08,44.22,-4.48291026937032,-0.11511357166299802,0.01130047781809873,88.49183336286985,nan,-0.16984458723666532
4.4249999999999996e-08,44.24999999999999,-4.48300025784131,-0.11511588241509467,0.011299460951132267,88.49979696596009,nan,-0.16985222943594713
4.428e-08,44.279999999999994,-4.483090246312305,-0.11511819316719148,0.011298444175667931,88.50776128571552,nan,-0.16985987197909205
4.4310000000000004e-08,44.31,-4.483180234783296,-0.11512050391928819,0.011297427491697586,88.51572632219982,nan,-0.16986751486611476
4.434e-08,44.339999999999996,-4.483270223254291,-0.11512281467138498,0.011296410899212921,88.52369207547817,nan,-0.16987515809703138
4.437e-08,44.37,-4.48336021172528,-0.11512512542348165,0.011295394398205804,88.53165854561423,nan,-0.16988280167185663
4.44e-08,44.4,-4.483450200196275,-0.11512743617557844,0.011294377988667881,88.53962573267351,nan,-0.16989044559060687
4.4429999999999995e-08,44.42999999999999,-4.483540188667266,-0.11512974692767515,0.011293361670591024,88.54759363671971,nan,-0.16989808985329682
4.446e-08,44.46,-4.483630177138261,-0.11513205767977194,0.011292345443966921,88.55556225781798,nan,-0.16990573445994256
4.4490000000000003e-08,44.49,-4.4837201656092525,-0.11513436843186865,0.011291329308787424,88.56353159603225,nan,-0.16991337941055898
4.452e-08,44.519999999999996,-4.483810154080247,-0.11513667918396545,0.011290313265044224,88.57150165142765,nan,-0.16992102470516215
4.455e-08,44.55,-4.483900142551242,-0.11513898993606225,0.011289297312729134,88.57947242406841,nan,-0.16992867034376724
4.458e-08,44.58,-4.483982536620342,-0.1151411056767325,0.011288367179905499,88.58677114792181,nan,-0.1699356710452735
4.461e-08,44.61,-4.484050817574426,-0.1151428590164223,0.011287596425738622,88.59282014368824,nan,-0.1699414728291867
4.464e-08,44.64,-4.4841190985285095,-0.1151446123561121,0.011286825724197778,88.59886955249998,nan,-0.16994727481117894
4.467e-08,44.67,-4.484187379482593,-0.11514636569580192,0.011286055075279374,88.60491937438522,nan,-0.16995307699125697
4.4699999999999997e-08,44.699999999999996,-4.4842556604366735,-0.11514811903549163,0.011285284478979857,88.61096960937185,nan,-0.1699588793694273
4.473e-08,44.73,-4.484323941390761,-0.11514987237518153,0.011284513935295514,88.61702025748905,nan,-0.16996468194569758
4.476e-08,44.76,-4.484392222344839,-0.1151516257148712,0.011283743444222933,88.62307131876358,nan,-0.1699704847200732
4.479e-08,44.79,-4.484460503298919,-0.11515337905456093,0.011282973005758402,88.62912279322461,nan,-0.16997628769256184
4.482e-08,44.82,-4.484528784253003,-0.11515513239425072,0.011282202619898308,88.63517468090052,nan,-0.16998209086317043
4.485e-08,44.85,-4.484597065207087,-0.11515688573394053,0.0112814322866391,88.6412269818192,nan,-0.16998789423190538
4.4879999999999996e-08,44.879999999999995,-4.4846653461611705,-0.11515863907363035,0.011280662005977186,88.64727969600887,nan,-0.1699936977987735
4.4909999999999996e-08,44.91,-4.484733627115251,-0.11516039241332006,0.011279891777909015,88.65333282349742,nan,-0.16999950156378124
4.4940000000000004e-08,44.940000000000005,-4.484801908069334,-0.11516214575300987,0.011279121602430916,88.65938636431373,nan,-0.170005305526936
4.497e-08,44.97,-4.484870189023418,-0.11516389909269968,0.011278351479539336,88.66544031848571,nan,-0.17001110968824418
4.5e-08,45.0,-4.4849384699775,-0.11516565243238944,0.011277581409230708,88.67149468604138,nan,-0.17001691404771244
4.503e-08,45.03,-4.485006750931582,-0.1151674057720792,0.011276811391501421,88.67754946700919,nan,-0.17002271860534768
4.5059999999999995e-08,45.059999999999995,-4.485075031885664,-0.11516915911176896,0.011276041426347885,88.68360466141732,nan,-0.17002852336115667
4.509e-08,45.09,-4.485143312839748,-0.11517091245145877,0.011275271513766488,88.68966026929417,nan,-0.17003432831514634
4.512e-08,45.120000000000005,-4.4852115937938315,-0.11517266579114858,0.011274501653753662,88.69571629066783,nan,-0.17004013346732327
4.515e-08,45.15,-4.485279874747912,-0.1151744191308383,0.011273731846305857,88.7017727255662,nan,-0.17004593881769398
4.518e-08,45.18,-4.485338934053077,-0.11517593567414365,0.011273066047197402,88.70701154532932,nan,-0.17005096028933114
4.521e-08,45.21,-4.485390955797898,-0.11517727150477391,0.011272479617885812,88.71162635888207,nan,-0.17005538352068833
4.524e-08,45.24,-4.485442977542721,-0.1151786073354042,0.011271893219080486,88.71624141251188,nan,-0.1700598068670993
4.527e-08,45.27,-4.485494999287546,-0.11517994316603455,0.011271306850779834,88.72085670623123,nan,-0.17006423032856696
4.53e-08,45.300000000000004,-4.485547021032369,-0.11518127899666486,0.01127072051298231,88.7254722400523,nan,-0.1700686539050941
4.5329999999999996e-08,45.33,-4.48559904277719,-0.11518261482729511,0.01127013420568633,88.73008801398758,nan,-0.17007307759668366
4.536e-08,45.36,-4.485651064522015,-0.11518395065792546,0.011269547928890244,88.73470402805003,nan,-0.1700775014033391
4.539e-08,45.39,-4.485703086266842,-0.11518528648855586,0.011268961682592487,88.739320282252,nan,-0.17008192532506325
4.542e-08,45.42,-4.485755108011665,-0.11518662231918615,0.011268375466791531,88.7439367766055,nan,-0.17008634936185868
4.545e-08,45.45,-4.485807129756488,-0.11518795814981646,0.011267789281485752,88.74855351112332,nan,-0.17009077351372862
4.548e-08,45.480000000000004,-4.485859151501314,-0.11518929398044685,0.01126720312667352,88.7531704858183,nan,-0.17009519778067644
4.5509999999999995e-08,45.51,-4.485911173246134,-0.11519062981107706,0.011266617002353372,88.75778770070198,nan,-0.1700996221627042
4.5539999999999996e-08,45.54,-4.485963194990958,-0.1151919656417074,0.011266030908523583,88.76240515578795,nan,-0.1701040466598159
4.5570000000000004e-08,45.57,-4.486015216735781,-0.11519330147233771,0.011265444845182642,88.76702285108809,nan,-0.17010847127201403
4.56e-08,45.6,-4.486067238480606,-0.11519463730296806,0.011264858812328925,88.77164078661518,nan,-0.17011289599930182
4.563e-08,45.629999999999995,-4.486119260225427,-0.1151959731335983,0.01126427280996091,88.77625896238129,nan,-0.17011732084168182
4.566e-08,45.66,-4.486171281970254,-0.1151973089642287,0.011263686838076905,88.78087737839967,nan,-0.17012174579915776
4.5689999999999994e-08,45.69,-4.486223303715079,-0.11519864479485904,0.011263100896675407,88.78549603468221,nan,-0.17012617087173207
4.572e-08,45.72,-4.486275325459902,-0.11519998062548935,0.011262514985754831,88.79011493124139,nan,-0.17013059605940772
4.575e-08,45.75,-4.4863273472047265,-0.1152013164561197,0.011261929105313552,88.79473406809005,nan,-0.170135021362188
4.578e-08,45.779999999999994,-4.486369765865222,-0.11520240569574783,0.011261451399498202,88.79850070165546,nan,-0.17013862985030942
4.581e-08,45.809999999999995,-4.48640954624266,-0.11520342718871866,0.01126100342362141,88.80203320979112,nan,-0.17014201397342088
4.584e-08,45.839999999999996,-4.486449326620091,-0.1152044486816893,0.011260555465564995,88.80556585845345,nan,-0.17014539816384325
4.587e-08,45.87,-4.486489106997528,-0.1152054701746601,0.011260107525328104,88.80909864764914,nan,-0.17014878242157894
4.59e-08,45.9,-4.4865288873749645,-0.11520649166763088,0.01125965960291009,88.81263157738331,nan,-0.1701521667466288
4.593e-08,45.93,-4.4865686677523975,-0.11520751316060157,0.011259211698310284,88.81616464766125,nan,-0.1701555511389939
4.5959999999999996e-08,45.959999999999994,-4.486608448129834,-0.11520853465357236,0.0112587638115279,88.81969785848918,nan,-0.1701589355986762
4.599e-08,45.989999999999995,-4.486648228507271,-0.11520955614654314,0.011258315942562266,88.82323120987235,nan,-0.17016232012567667
4.602e-08,46.019999999999996,-4.486688008884704,-0.11521057763951384,0.011257868091412713,88.82676470181605,nan,-0.17016570471999642
4.605e-08,46.05,-4.48672778926214,-0.11521159913248463,0.011257420258078453,88.83029833432651,nan,-0.17016908938163736
4.608e-08,46.08,-4.486767569639573,-0.11521262062545533,0.01125697244255886,88.83383210740868,nan,-0.17017247411060019
4.611e-08,46.11,-4.486807350017013,-0.1152136421184262,0.011256524644853102,88.83736602106912,nan,-0.17017585890688722
4.6139999999999995e-08,46.13999999999999,-4.486847130394443,-0.1152146636113968,0.011256076864960671,88.84090007531181,nan,-0.17017924377049826
4.6169999999999996e-08,46.169999999999995,-4.486886910771879,-0.1152156851043676,0.011255629102880658,88.84443427014395,nan,-0.17018262870143613
4.6200000000000003e-08,46.2,-4.486926691149316,-0.11521670659733838,0.011255181358612438,88.84796860557049,nan,-0.1701860136997016
4.623e-08,46.23,-4.486966471526749,-0.11521772809030907,0.011254733632155338,88.8515030815967,nan,-0.17018939876529568
4.626e-08,46.26,-4.487006251904186,-0.11521874958327985,0.011254285923508571,88.85503769822881,nan,-0.17019278389822032
4.629e-08,46.29,-4.487046032281622,-0.11521977107625064,0.01125383823267147,88.85857245547211,nan,-0.17019616909847657
4.6319999999999994e-08,46.31999999999999,-4.487085812659055,-0.11522079256922134,0.011253390559643363,88.86210735333188,nan,-0.17019955436606546
4.635e-08,46.35,-4.4871255764488485,-0.11522181363624943,0.011252943091083269,88.86564091774275,nan,-0.1702029382893561
4.638e-08,46.38,-4.487156097685343,-0.11522259737010386,0.011252599642587189,88.86835324837708,nan,-0.170205535711241
4.641e-08,46.41,-4.487186618921836,-0.11522338110395824,0.011252256204573442,88.8710656617962,nan,-0.17020813317276431
4.644e-08,46.44,-4.4872171401583305,-0.11522416483781267,0.011251912777041666,88.87377815800295,nan,-0.17021073067392692
4.647e-08,46.47,-4.487247661394827,-0.11522494857166714,0.011251569359991545,88.87649073699986,nan,-0.17021332821472948
4.65e-08,46.5,-4.48727818263132,-0.11522573230552152,0.011251225953422817,88.87920339878897,nan,-0.17021592579517208
4.653e-08,46.53,-4.48730870386782,-0.11522651603937609,0.011250882557335041,88.88191614337379,nan,-0.17021852341525634
4.656e-08,46.56,-4.487339225104314,-0.11522729977323051,0.011250539171728038,88.88462897075571,nan,-0.1702211210749817
4.6589999999999996e-08,46.589999999999996,-4.487369746340807,-0.1152280835070849,0.01125019579660145,88.88734188093758,nan,-0.17022371877434908
4.6619999999999997e-08,46.62,-4.487400267577305,-0.11522886724093942,0.011249852431954876,88.89005487392257,nan,-0.17022631651335973
4.665e-08,46.65,-4.487430788813802,-0.11522965097479389,0.011249509077788074,88.89276794971255,nan,-0.17022891429201364
4.668e-08,46.68,-4.487461310050296,-0.11523043470864831,0.011249165734100727,88.89548110831007,nan,-0.1702315121103114
4.671e-08,46.71,-4.487491831286789,-0.1152312184425027,0.011248822400892512,88.89819434971764,nan,-0.17023410996825364
4.674e-08,46.74,-4.4875223525232855,-0.11523200217635717,0.011248479078163053,88.90090767393829,nan,-0.17023670786584139
4.6769999999999995e-08,46.769999999999996,-4.487552873759784,-0.11523278591021169,0.011248135765912047,88.90362108097436,nan,-0.1702393058030751
4.6799999999999996e-08,46.8,-4.4875833949962765,-0.11523356964406607,0.011247792464139256,88.90633457082777,nan,-0.17024190377995485
4.683e-08,46.830000000000005,-4.487613916232775,-0.1152343533779206,0.01124744917284424,88.90904814350198,nan,-0.17024450179648204
4.686e-08,46.86,-4.487644437469271,-0.11523513711177506,0.011247105892026758,88.91176179899888,nan,-0.17024709985265674
4.689e-08,46.89,-4.487674958705764,-0.11523592084562945,0.011246762621686512,88.91447553732085,nan,-0.17024969794847938
4.692e-08,46.92,-4.487705479942258,-0.11523670457948387,0.01124641936182312,88.9171893584709,nan,-0.170252296083951
4.6949999999999994e-08,46.949999999999996,-4.487734460268111,-0.11523744874535301,0.011246093441647996,88.91976624493176,nan,-0.17025476308533347
4.698e-08,46.980000000000004,-4.4877579487516766,-0.11523805188997864,0.01124582929106928,88.92185485992893,nan,-0.1702567626101772
4.701e-08,47.010000000000005,-4.487781437235238,-0.11523865503460418,0.011245565146695027,88.92394352398476,nan,-0.1702587621585037
4.7039999999999996e-08,47.04,-4.4878049257188035,-0.11523925817922981,0.011245301008525012,88.92603223710104,nan,-0.1702607617303138
4.707e-08,47.07,-4.487828414202367,-0.11523986132385539,0.011245036876559148,88.92812099927845,nan,-0.17026276132560733
4.71e-08,47.1,-4.487851902685934,-0.11524046446848106,0.01124477275079723,88.93020981051859,nan,-0.17026476094438506
4.713e-08,47.13,-4.487875391169496,-0.1152410676131066,0.011244508631239214,88.93229867082185,nan,-0.17026676058664647
4.716e-08,47.16,-4.487898879653068,-0.11524167075773241,0.011244244517884774,88.93438758019079,nan,-0.17026876025239318
4.719e-08,47.19,-4.48792236813663,-0.11524227390235794,0.011243980410734001,88.93647653862467,nan,-0.17027075994162372
4.7219999999999995e-08,47.22,-4.487945856620193,-0.11524287704698352,0.011243716309786614,88.93856554612576,nan,-0.17027275965433936
4.7249999999999996e-08,47.24999999999999,-4.487969345103759,-0.11524348019160915,0.011243452215042464,88.94065460269519,nan,-0.17027475939054043
4.728e-08,47.279999999999994,-4.487992833587326,-0.11524408333623483,0.011243188126501406,88.94274370833413,nan,-0.17027675915022714
4.731e-08,47.309999999999995,-4.488016322070887,-0.11524468648086036,0.011242924044163374,88.9448328630431,nan,-0.1702787589333992
4.734e-08,47.339999999999996,-4.488039810554456,-0.11524528962548608,0.011242659968028083,88.94692206682436,nan,-0.17028075874005794
4.737e-08,47.37,-4.488063299038018,-0.11524589277011163,0.011242395898095548,88.94901131967778,nan,-0.17028275857020245
4.7399999999999994e-08,47.39999999999999,-4.488086787521581,-0.11524649591473721,0.011242131834365522,88.95110062160532,nan,-0.1702847584238337
4.7429999999999995e-08,47.42999999999999,-4.488110276005147,-0.11524709905936284,0.011241867776837859,88.95318997260813,nan,-0.17028675830095202
4.746e-08,47.46,-4.488133764488712,-0.11524770220398846,0.011241603725512436,88.95527937268722,nan,-0.17028875820155753
4.749e-08,47.489999999999995,-4.488157252972277,-0.11524830534861409,0.011241339680389104,88.9573688218437,nan,-0.17029075812565048
4.752e-08,47.519999999999996,-4.488180741455841,-0.11524890849323967,0.011241075641467738,88.9594583200786,nan,-0.17029275807323102
4.755e-08,47.55,-4.488201889869611,-0.1152494515488214,0.011240837913062646,88.96133969140588,nan,-0.17029455879360653
4.758e-08,47.58,-4.488220016365123,-0.11524991700664114,0.011240634157911355,88.96295226334561,nan,-0.17029610222237856
4.761e-08,47.61,-4.488238142860633,-0.11525038246446083,0.011240430406453419,88.96456486451572,nan,-0.170297645665139
4.764e-08,47.64,-4.48825626935615,-0.11525084792228071,0.011240226658688669,88.96617749491753,nan,-0.1702991891218887
4.7669999999999996e-08,47.669999999999995,-4.488274395851661,-0.11525131338010046,0.01124002291461718,88.96779015455047,nan,-0.17030073259262676
4.77e-08,47.699999999999996,-4.488292522347173,-0.1152517788379202,0.011239819174238821,88.96940284341555,nan,-0.17030227607735374
4.773e-08,47.73,-4.488310648842685,-0.11525224429573994,0.011239615437553528,88.9710155615133,nan,-0.17030381957606977
4.776e-08,47.76,-4.4883287753382,-0.11525270975355978,0.011239411704561195,88.97262830884453,nan,-0.17030536308877525
4.779e-08,47.79,-4.488346901833713,-0.11525317521137957,0.011239207975261812,88.97424108540935,nan,-0.1703069066154699
4.782e-08,47.82,-4.488365028329227,-0.11525364066919935,0.011239004249655295,88.97585389120842,nan,-0.17030845015615395
4.7849999999999995e-08,47.849999999999994,-4.488383154824739,-0.1152541061270191,0.011238800527741595,88.9774667262421,nan,-0.17030999371082745
4.7879999999999996e-08,47.879999999999995,-4.48840128132025,-0.11525457158483884,0.011238596809520628,88.9790795905111,nan,-0.1703115372794906
4.7910000000000004e-08,47.910000000000004,-4.488419407815762,-0.11525503704265858,0.011238393094992322,88.98069248401595,nan,-0.17031308086214358
4.794e-08,47.94,-4.488437534311279,-0.11525550250047846,0.011238189384156555,88.98230540675763,nan,-0.17031462445878695
4.797e-08,47.97,-4.488455660806787,-0.11525596795829811,0.011237985677013416,88.98391835873542,nan,-0.1703161680694196
4.8e-08,48.0,-4.488473787302302,-0.11525643341611795,0.011237781973562663,88.9855313399513,nan,-0.17031771169404306
4.8029999999999994e-08,48.029999999999994,-4.488491913797816,-0.11525689887393774,0.011237578273804325,88.98714435040496,nan,-0.17031925533265668
4.806e-08,48.06,-4.488510040293328,-0.11525736433175748,0.011237374577738336,88.98875739009696,nan,-0.1703207989852606
4.809e-08,48.09,-4.488528166788841,-0.11525782978957727,0.011237170885364588,88.99037045902814,nan,-0.17032234265185522
4.812e-08,48.12,-4.488546293284353,-0.11525829524739702,0.011236967196683057,88.99198355719871,nan,-0.1703238863324404
4.815e-08,48.15,-4.488561737975402,-0.1152586918410032,0.011236793646536588,88.9933580215047,nan,-0.1703252016374204
4.818e-08,48.18,-4.488575762169701,-0.11525905195864963,0.01123663606066421,88.99460609040042,nan,-0.17032639597846866
4.821e-08,48.21,-4.488589786363999,-0.11525941207629606,0.01123647847700183,88.99585417679941,nan,-0.17032759032789174
4.824e-08,48.24,-4.488603810558303,-0.11525977219394264,0.011236320895549358,88.99710228070242,nan,-0.17032878468569027
4.827e-08,48.27,-4.488617834752601,-0.11526013231158906,0.011236163316306884,88.99835040210871,nan,-0.17032997905186326
4.8299999999999996e-08,48.3,-4.488631858946903,-0.11526049242923558,0.011236005739274278,88.99959854101935,nan,-0.17033117342641163
4.8329999999999997e-08,48.33,-4.488645883141203,-0.11526085254688206,0.011235848164451565,89.00084669743408,nan,-0.17033236780933492
4.836e-08,48.36,-4.488659907335501,-0.1152612126645285,0.011235690591838718,89.00209487135318,nan,-0.17033356220063323
4.839e-08,48.39,-4.488673931529803,-0.11526157278217503,0.011235533021435644,89.00334306277735,nan,-0.17033475660030709
4.842e-08,48.42,-4.488687955724105,-0.11526193289982155,0.011235375453242352,89.00459127170652,nan,-0.17033595100835616
4.845e-08,48.45,-4.488701979918401,-0.11526229301746793,0.011235217887258873,89.00583949814046,nan,-0.17033714542478015
4.8479999999999995e-08,48.48,-4.488716004112703,-0.11526265313511445,0.011235060323485053,89.00708774208037,nan,-0.17033833984958
4.8509999999999996e-08,48.51,-4.488730028307005,-0.11526301325276098,0.011234902761920924,89.00833600352601,nan,-0.17033953428275528
4.854e-08,48.540000000000006,-4.488744052501303,-0.11526337337040742,0.011234745202566492,89.00958428247733,nan,-0.17034072872430578
4.857e-08,48.57,-4.488758076695607,-0.11526373348805398,0.011234587645421628,89.01083257893535,nan,-0.1703419231742323
4.86e-08,48.6,-4.488772100889905,-0.11526409360570042,0.01123443009048642,89.01208089289936,nan,-0.170343117632534
4.863e-08,48.63,-4.488786125084207,-0.11526445372334694,0.011234272537760739,89.01332922437042,nan,-0.1703443120992117
4.866e-08,48.660000000000004,-4.488800149278507,-0.11526481384099342,0.01123411498724461,89.01457757334829,nan,-0.17034550657426498
4.869e-08,48.69,-4.4888141734728055,-0.11526517395863985,0.011233957438938007,89.0158259398332,nan,-0.1703467010576939
4.8719999999999996e-08,48.72,-4.488828197667107,-0.11526553407628637,0.011233799892840835,89.0170743238259,nan,-0.170347895549499
4.875e-08,48.75,-4.488839479362037,-0.11526582377117646,0.011233673157252445,89.01807859296684,nan,-0.1703488564587039
4.878e-08,48.779999999999994,-4.488850355040565,-0.11526610304025044,0.011233550984098851,89.01904673023739,nan,-0.17034978279092275
4.880999999999999e-08,48.809999999999995,-4.488861230719095,-0.11526638230932446,0.011233428812273948,89.02001487803733,nan,-0.17035070912817907
4.884e-08,48.839999999999996,-4.488872106397622,-0.11526666157839839,0.011233306641777779,89.02098303636626,nan,-0.17035163547047236
4.887e-08,48.87,-4.488882982076154,-0.11526694084747247,0.011233184472610229,89.0219512052251,nan,-0.1703525618178034
4.8899999999999995e-08,48.89999999999999,-4.488893857754684,-0.1152672201165465,0.011233062304771365,89.02291938461333,nan,-0.17035348817017162
4.893e-08,48.93,-4.488904733433209,-0.11526749938562038,0.011232940138261212,89.02388757453075,nan,-0.1703544145275768
4.8959999999999996e-08,48.959999999999994,-4.488915609111741,-0.11526777865469445,0.011232817973079614,89.02485577497859,nan,-0.17035534089001994
4.899e-08,48.989999999999995,-4.4889264847902695,-0.11526805792376843,0.01123269580922668,89.02582398595601,nan,-0.17035626725750022
4.9020000000000005e-08,49.02,-4.488937360468798,-0.11526833719284242,0.011232573646702352,89.02679220746343,nan,-0.17035719363001794
4.905e-08,49.05,-4.488948236147328,-0.11526861646191644,0.011232451485506598,89.02776043950112,nan,-0.1703581200075733
4.9079999999999993e-08,49.07999999999999,-4.4889591118258565,-0.11526889573099043,0.011232329325639442,89.02872868206892,nan,-0.17035904639016602
4.911e-08,49.11,-4.488969987504385,-0.11526917500006441,0.011232207167100852,89.02969693516705,nan,-0.17035997277779627
4.9139999999999995e-08,49.13999999999999,-4.488980863182913,-0.11526945426913839,0.01123208500989081,89.03066519879565,nan,-0.17036089917046407
4.9169999999999996e-08,49.169999999999995,-4.488991738861442,-0.11526973353821236,0.011231962854009304,89.03163347295484,nan,-0.17036182556816945
4.9200000000000004e-08,49.2,-4.489002614539974,-0.11527001280728644,0.011231840699456277,89.03260175764503,nan,-0.17036275197091277
4.923e-08,49.23,-4.489013490218499,-0.11527029207636033,0.01123171854623184,89.0335700528654,nan,-0.17036367837869312
4.925999999999999e-08,49.25999999999999,-4.489024365897031,-0.1152705713454344,0.011231596394335812,89.03453835861733,nan,-0.17036460479151175
4.929e-08,49.29,-4.489035241575561,-0.11527085061450842,0.011231474243768283,89.03550667490015,nan,-0.17036553120936793
4.932e-08,49.32,-4.489045903111805,-0.11527112438476987,0.011231354499636888,89.03645593524185,nan,-0.17036643939093143
4.9349999999999995e-08,49.349999999999994,-4.4890543552300795,-0.11527134142090582,0.011231259571301446,89.03720848507848,nan,-0.17036715937110064
4.938e-08,49.38,-4.489062807348358,-0.11527155845704187,0.011231164643768308,89.03796104127609,nan,-0.17036787935431286
4.941e-08,49.41,-4.489071259466632,-0.11527177549317782,0.011231069717037544,89.03871360383411,nan,-0.17036859934056744
4.943999999999999e-08,49.43999999999999,-4.489079711584912,-0.11527199252931393,0.011230974791109048,89.03946617275338,nan,-0.1703693193298652
4.947e-08,49.47,-4.489088163703187,-0.11527220956544988,0.011230879865982934,89.040218748033,nan,-0.17037003932220526
4.95e-08,49.5,-4.489096615821461,-0.11527242660158583,0.011230784941659135,89.04097132967351,nan,-0.17037075931758802
4.9529999999999994e-08,49.529999999999994,-4.489105067939741,-0.11527264363772194,0.011230690018137585,89.04172391767543,nan,-0.17037147931601399
4.956e-08,49.56,-4.4891135200580194,-0.11527286067385799,0.011230595095418355,89.04247651203818,nan,-0.17037219931748257
4.9589999999999996e-08,49.589999999999996,-4.489121972176296,-0.11527307770999398,0.011230500173501442,89.04322911276181,nan,-0.1703729193219938
4.962e-08,49.62,-4.48913042429457,-0.11527329474612995,0.011230405252386834,89.04398171984637,nan,-0.17037363932954763
4.9650000000000005e-08,49.650000000000006,-4.489138876412849,-0.115273511782266,0.011230310332074469,89.04473433329241,nan,-0.17037435934014458
4.968e-08,49.68,-4.489147328531127,-0.11527372881840205,0.011230215412564378,89.04548695309965,nan,-0.17037507935378435
4.970999999999999e-08,49.709999999999994,-4.4891557806494,-0.11527394585453796,0.011230120493856615,89.04623957926769,nan,-0.17037579937046649
4.974e-08,49.74,-4.489164232767678,-0.115274162890674,0.011230025575951052,89.0469922117975,nan,-0.1703765193901919
4.9769999999999995e-08,49.769999999999996,-4.489172684885954,-0.11527437992681,0.011229930658847762,89.04774485068852,nan,-0.17037723941296004
4.9799999999999996e-08,49.8,-4.489181137004232,-0.11527459696294605,0.011229835742546702,89.04849749594112,nan,-0.17037795943877118
4.9830000000000003e-08,49.830000000000005,-4.48918958912251,-0.1152748139990821,0.01122974082704788,89.0492501475552,nan,-0.17037867946762522
4.986e-08,49.86,-4.489198041240787,-0.1152750310352181,0.011229645912351312,89.05000280553064,nan,-0.170379399499522
4.988999999999999e-08,49.88999999999999,-4.489206493359065,-0.11527524807135416,0.011229550998456952,89.05075546986782,nan,-0.1703801195344618
4.992e-08,49.92,-4.489214373687753,-0.11527545042489831,0.011229462506252737,89.05145722185587,nan,-0.17038079086145633
4.995e-08,49.95,-4.4892209552073385,-0.11527561942721622,0.011229388599568528,89.05204331769438,nan,-0.17038135154463485
4.9979999999999995e-08,49.98,-4.489227536726924,-0.1152757884295341,0.011229314693370736,89.0526294173903,nan,-0.17038191222965848
5.001e-08,50.010000000000005,-4.489234118246506,-0.11527595743185191,0.0112292407876594,89.05321552094334,nan,-0.17038247291652686
5.004e-08,50.04,-4.489240699766091,-0.1152761264341698,0.011229166882434432,89.05380162835417,nan,-0.17038303360524068
5.006999999999999e-08,50.06999999999999,-4.489247281285676,-0.1152762954364877,0.01122909297769587,89.05438773962248,nan,-0.17038359429579955
5.01e-08,50.1,-4.48925386280526,-0.11527646443880554,0.011229019073443734,89.05497385474816,nan,-0.1703841549882034
5.013e-08,50.13,-4.489260444324845,-0.11527663344112345,0.011228945169677977,89.05555997373152,nan,-0.17038471568245248
5.0159999999999994e-08,50.16,-4.4892670258444305,-0.11527680244344134,0.011228871266398618,89.05614609657246,nan,-0.1703852763785467
5.019e-08,50.190000000000005,-4.489273607364014,-0.11527697144575919,0.011228797363605674,89.05673222327083,nan,-0.17038583707648589
5.0219999999999996e-08,50.22,-4.489280188883601,-0.11527714044807713,0.011228723461299082,89.05731835382713,nan,-0.1703863977762705
5.0249999999999997e-08,50.25,-4.4892867704031865,-0.11527730945039502,0.011228649559478896,89.05790448824092,nan,-0.17038695847790009
5.0280000000000004e-08,50.28,-4.489293351922772,-0.11527747845271291,0.011228575658145095,89.05849062651238,nan,-0.1703875191813748
5.031e-08,50.309999999999995,-4.489299933442354,-0.11527764745503072,0.011228501757297716,89.0590767686412,nan,-0.17038807988669435
5.033999999999999e-08,50.339999999999996,-4.489306514961939,-0.11527781645734861,0.011228427856936675,89.05966291462808,nan,-0.17038864059385936
5.037e-08,50.37,-4.489313096481524,-0.11527798545966651,0.01122835395706201,89.06024906447269,nan,-0.17038920130286955
5.0399999999999995e-08,50.39999999999999,-4.4893196780011095,-0.1152781544619844,0.011228280057673715,89.06083521817507,nan,-0.17038976201372488
5.0429999999999996e-08,50.42999999999999,-4.489326259520695,-0.11527832346430229,0.01122820615877179,89.06142137573524,nan,-0.1703903227264254
5.046e-08,50.46,-4.48933284104028,-0.1152784924666202,0.01122813226035623,89.06200753715324,nan,-0.17039088344097106
5.049e-08,50.489999999999995,-4.489339422559864,-0.11527866146893805,0.011228058362427053,89.06259370242893,nan,-0.17039144415736174
5.051999999999999e-08,50.51999999999999,-4.48934524707032,-0.1152788110325388,0.011227992964674173,89.06311244994792,nan,-0.17039194038145838
5.055e-08,50.55,-4.489350381113258,-0.11527894286609874,0.011227935319824156,89.06356970496525,nan,-0.17039237778178892
5.058e-08,50.58,-4.489355515156198,-0.11527907469965873,0.011227877675270071,89.06402696233029,nan,-0.17039281518324245
5.0609999999999995e-08,50.60999999999999,-4.489360649199135,-0.11527920653321863,0.011227820031011974,89.06448422204261,nan,-0.17039325258581847
5.064e-08,50.64,-4.48936578324207,-0.11527933836677848,0.011227762387049844,89.06494148410238,nan,-0.17039368998951718
5.0669999999999996e-08,50.669999999999995,-4.48937091728501,-0.11527947020033846,0.011227704743383601,89.06539874851022,nan,-0.17039412739433915
5.07e-08,50.699999999999996,-4.489376051327952,-0.11527960203389849,0.011227647100013281,89.06585601526585,nan,-0.1703945648002841
5.073e-08,50.73,-4.489381185370885,-0.1152797338674583,0.011227589456939004,89.0663132843683,nan,-0.17039500220735113
5.076e-08,50.76,-4.489386319413827,-0.11527986570101832,0.011227531814160568,89.06677055581922,nan,-0.17039543961554177
5.0789999999999994e-08,50.78999999999999,-4.489391453456763,-0.11527999753457822,0.011227474171678133,89.0672278296173,nan,-0.17039587702485479
5.082e-08,50.82,-4.489396587499703,-0.11528012936813821,0.011227416529491595,89.06768510576337,nan,-0.17039631443529094
5.0849999999999995e-08,50.849999999999994,-4.489401721542642,-0.11528026120169815,0.011227358887601015,89.06814238425696,nan,-0.17039675184684977
5.0879999999999996e-08,50.879999999999995,-4.48940685558558,-0.11528039303525808,0.011227301246006368,89.06859966509825,nan,-0.17039718925953146
5.0910000000000004e-08,50.910000000000004,-4.4894119896285165,-0.11528052486881799,0.011227243604707676,89.06905694828708,nan,-0.17039762667333586
5.094e-08,50.94,-4.489417123671457,-0.11528065670237797,0.011227185963704877,89.06951423382395,nan,-0.17039806408826338
5.096999999999999e-08,50.96999999999999,-4.489422257714395,-0.11528078853593791,0.011227128322998027,89.0699715217084,nan,-0.17039850150431365
5.1e-08,51.0,-4.489427391757335,-0.1152809203694979,0.011227070682587086,89.07042881194073,nan,-0.1703989389214869
5.1029999999999994e-08,51.029999999999994,-4.489432525800273,-0.11528105220305783,0.011227013042472095,89.07088610452067,nan,-0.17039937633978286
5.1059999999999995e-08,51.059999999999995,-4.48943765984321,-0.11528118403661773,0.011226955402653048,89.07134339944821,nan,-0.17039981375920155
5.109e-08,51.09,-4.48944279388615,-0.11528131587017772,0.011226897763129885,89.07180069672386,nan,-0.1704002511797434
5.112e-08,51.12,-4.4894470967468845,-0.11528142636038112,0.011226849455456262,89.07218396110217,nan,-0.1704006177844127
5.114999999999999e-08,51.14999999999999,-4.489451108023971,-0.11528152936320843,0.01122680442154261,89.07254125502935,nan,-0.17040095954680226
5.118e-08,51.18,-4.489455119301061,-0.11528163236603585,0.011226759387809562,89.07289855039004,nan,-0.17040130130987757
5.121e-08,51.21,-4.489459130578156,-0.1152817353688634,0.011226714354257095,89.07325584718441,nan,-0.17040164307363878
5.1239999999999994e-08,51.239999999999995,-4.489463141855245,-0.11528183837169076,0.01122666932088535,89.07361314541139,nan,-0.17040198483808483
5.127e-08,51.27,-4.489467153132335,-0.11528194137451817,0.011226624287694225,89.07397044507174,nan,-0.1704023266032165
5.1299999999999996e-08,51.3,-4.489471164409423,-0.11528204437734553,0.011226579254683762,89.07432774616517,nan,-0.17040266836903348
5.133e-08,51.33,-4.4894751756865166,-0.11528214738017302,0.011226534221853877,89.0746850486923,nan,-0.17040301013553638
5.136e-08,51.36,-4.489479186963605,-0.11528225038300038,0.011226489189204693,89.0750423526522,nan,-0.17040335190272426
5.139e-08,51.39,-4.489483198240698,-0.11528235338582789,0.011226444156736085,89.07539965804582,nan,-0.17040369367059807
5.141999999999999e-08,51.419999999999995,-4.489487209517787,-0.11528245638865525,0.011226399124448175,89.07575696487223,nan,-0.1704040354391569
5.145e-08,51.45,-4.48949122079488,-0.11528255939148276,0.011226354092340842,89.07611427313236,nan,-0.17040437720840163
5.1479999999999995e-08,51.48,-4.4894952320719685,-0.11528266239431012,0.011226309060414203,89.07647158282529,nan,-0.1704047189783314
5.1509999999999996e-08,51.51,-4.489499243349059,-0.11528276539713753,0.011226264028668182,89.07682889395166,nan,-0.17040506074894674
5.1540000000000004e-08,51.540000000000006,-4.48950325462615,-0.11528286839996497,0.011226218997102773,89.07718620651144,nan,-0.17040540252024775
5.157e-08,51.57,-4.489507265903242,-0.11528297140279244,0.011226173965718,89.07754352050452,nan,-0.1704057442922342
5.159999999999999e-08,51.599999999999994,-4.489511277180332,-0.11528307440561984,0.011226128934513878,89.07790083593073,nan,-0.170406086064906
5.163e-08,51.63,-4.489515288457424,-0.11528317740844729,0.01122608390349037,89.07825815279038,nan,-0.17040642783826337
5.166e-08,51.660000000000004,-4.489519299734514,-0.11528328041127471,0.011226038872647512,89.07861547108318,nan,-0.17040676961230614
5.1689999999999995e-08,51.69,-4.489523311011606,-0.11528338341410216,0.011225993841985266,89.07897279080946,nan,-0.1704071113870345
5.172e-08,51.720000000000006,-4.489526486365737,-0.11528346495183843,0.011225958195535943,89.07925564854276,nan,-0.17040738193871177
5.175e-08,51.75,-4.489529624718534,-0.1152835455394429,0.011225922964573923,89.07953521111257,nan,-0.17040764933816346
5.177999999999999e-08,51.779999999999994,-4.4895327630713275,-0.11528362612704726,0.011225887733722508,89.07981477455944,nan,-0.17040791673803446
5.181e-08,51.81,-4.489535901424128,-0.11528370671465181,0.011225852502981583,89.08009433888432,nan,-0.17040818413832562
5.184e-08,51.839999999999996,-4.489539039776929,-0.11528378730225637,0.011225817272351222,89.08037390408656,nan,-0.1704084515390364
5.1869999999999994e-08,51.87,-4.489542178129728,-0.11528386788986088,0.011225782041831448,89.08065347016603,nan,-0.17040871894016663
5.19e-08,51.9,-4.489545316482523,-0.11528394847746529,0.011225746811422278,89.08093303712255,nan,-0.17040898634171614
5.1929999999999996e-08,51.92999999999999,-4.489548454835324,-0.11528402906506985,0.011225711581123616,89.08121260495693,nan,-0.17040925374368573
5.196e-08,51.959999999999994,-4.489551593188121,-0.1152841096526743,0.011225676350935557,89.08149217366838,nan,-0.17040952114607463
5.199e-08,51.989999999999995,-4.48955473154092,-0.1152841902402788,0.011225641120858042,89.08177174325738,nan,-0.17040978854888325
5.202e-08,52.019999999999996,-4.489557869893719,-0.11528427082788333,0.011225605890891093,89.08205131372375,nan,-0.17041005595211148
5.204999999999999e-08,52.04999999999999,-4.4895610082465165,-0.11528435141548778,0.011225570661034726,89.08233088506738,nan,-0.17041032335575917
5.208e-08,52.08,-4.4895641465993155,-0.11528443200309228,0.011225535431288904,89.08261045728854,nan,-0.17041059075982662
5.2109999999999995e-08,52.10999999999999,-4.489567284952116,-0.11528451259069684,0.011225500201653625,89.08289003038728,nan,-0.17041085816431378
5.2139999999999996e-08,52.13999999999999,-4.489570423304915,-0.11528459317830135,0.011225464972128929,89.08316960436323,nan,-0.17041112556922045
5.217e-08,52.17,-4.489573561657712,-0.11528467376590582,0.011225429742714815,89.08344917921644,nan,-0.17041139297454655
5.22e-08,52.199999999999996,-4.489576700010508,-0.11528475435351022,0.011225394513411284,89.0837287549469,nan,-0.1704116603802921
5.222999999999999e-08,52.22999999999999,-4.489579838363307,-0.11528483494111473,0.011225359284218273,89.0840083315551,nan,-0.17041192778645758
5.226e-08,52.26,-4.489582976716104,-0.1152849155287192,0.011225324055135844,89.08428790904054,nan,-0.17041219519304251
5.229e-08,52.29,-4.489585996077151,-0.1152849930608163,0.011225290161880817,89.08455688707545,nan,-0.17041245246120879
5.2319999999999995e-08,52.31999999999999,-4.489588454187983,-0.11528505618095485,0.011225262568907398,89.08477586705878,nan,-0.1704126619076851
5.235e-08,52.35,-4.489590912298816,-0.11528511930109345,0.011225234976001785,89.08499484758055,nan,-0.17041287135441896
5.2379999999999997e-08,52.379999999999995,-4.489593370409649,-0.11528518242123205,0.011225207383164,89.08521382864059,nan,-0.17041308080141027
5.240999999999999e-08,52.40999999999999,-4.489595828520484,-0.1152852455413707,0.011225179790394021,89.08543281023907,nan,-0.17041329024865914
5.244e-08,52.44,-4.489598286631313,-0.11528530866150921,0.011225152197691927,89.08565179237536,nan,-0.17041349969616498
5.247e-08,52.47,-4.489600744742143,-0.11528537178164772,0.01122512460505766,89.08587077504993,nan,-0.17041370914392825
5.2499999999999994e-08,52.49999999999999,-4.489603202852972,-0.11528543490178624,0.011225097012491218,89.08608975826277,nan,-0.17041391859194893
5.253e-08,52.53,-4.489605660963804,-0.1152854980219248,0.011225069419992581,89.08630874201407,nan,-0.1704141280402272
5.2559999999999996e-08,52.559999999999995,-4.489608119074637,-0.1152855611420634,0.011225041827561752,89.08652772630381,nan,-0.17041433748876303
5.2589999999999996e-08,52.589999999999996,-4.489610577185468,-0.11528562426220194,0.011225014235198765,89.0867467111317,nan,-0.17041454693755614
5.2620000000000004e-08,52.620000000000005,-4.4896130352962995,-0.1152856873823405,0.011224986642903605,89.08696569649786,nan,-0.17041475638660666
5.265e-08,52.65,-4.489615493407131,-0.11528575050247906,0.011224959050676268,89.08718468240231,nan,-0.17041496583591464
5.267999999999999e-08,52.67999999999999,-4.489617951517964,-0.11528581362261767,0.011224931458516737,89.08740366884521,nan,-0.17041517528548017
5.271e-08,52.71,-4.48962040962879,-0.11528587674275609,0.01122490386642511,89.08762265582578,nan,-0.17041538473530254
5.2739999999999994e-08,52.739999999999995,-4.489622867739621,-0.11528593986289463,0.011224876274401246,89.08784164334512,nan,-0.17041559418538274
5.2769999999999995e-08,52.769999999999996,-4.489625325850454,-0.11528600298303324,0.011224848682445188,89.08806063140291,nan,-0.17041580363572056
5.28e-08,52.800000000000004,-4.4896277839612875,-0.11528606610317184,0.011224821090556954,89.088279619999,nan,-0.17041601308631582
5.283e-08,52.83,-4.489630242072117,-0.11528612922331036,0.011224793498736584,89.08849860913307,nan,-0.17041622253716818
5.285999999999999e-08,52.85999999999999,-4.489632700182948,-0.1152861923434489,0.011224765906984017,89.08871759880559,nan,-0.1704164319882781
5.289e-08,52.89,-4.489634949879534,-0.11528625011186129,0.011224740654694889,89.08891802161482,nan,-0.17041662368101848
5.292e-08,52.92,-4.489636876645383,-0.11528629958795725,0.011224719027268766,89.08908967526497,nan,-0.1704167878575629
5.2949999999999994e-08,52.949999999999996,-4.489638803411232,-0.1152863490640532,0.011224697399884314,89.08926132924584,nan,-0.17041695203426546
5.298e-08,52.980000000000004,-4.489640730177081,-0.11528639854014916,0.011224675772541532,89.08943298355747,nan,-0.17041711621112618
5.3009999999999996e-08,53.01,-4.489642656942932,-0.11528644801624516,0.011224654145240402,89.08960463819999,nan,-0.17041728038814521
5.303999999999999e-08,53.03999999999999,-4.489644583708781,-0.11528649749234111,0.011224632517980964,89.08977629317307,nan,-0.1704174445653223
5.307e-08,53.07,-4.48964651047463,-0.11528654696843707,0.011224610890763194,89.0899479484769,nan,-0.1704176087426575
5.31e-08,53.1,-4.489648437240479,-0.11528659644453303,0.011224589263587095,89.09011960411149,nan,-0.1704177729201509
5.3129999999999993e-08,53.129999999999995,-4.4896503640063266,-0.11528664592062893,0.011224567636452687,89.09029126007664,nan,-0.17041793709780229
5.316e-08,53.160000000000004,-4.489652290772179,-0.11528669539672498,0.01122454600935989,89.09046291637301,nan,-0.17041810127561233
5.3189999999999995e-08,53.19,-4.489654217538025,-0.11528674487282084,0.011224524382308842,89.09063457299949,nan,-0.17041826545357988
5.3219999999999996e-08,53.22,-4.489656144303876,-0.11528679434891685,0.011224502755299405,89.0908062299572,nan,-0.17041842963170611
5.3250000000000004e-08,53.25000000000001,-4.489658071069725,-0.1152868438250128,0.01122448112833166,89.09097788724547,nan,-0.17041859380999033
5.328e-08,53.28,-4.489659997835574,-0.11528689330110875,0.011224459501405581,89.0911495448645,nan,-0.1704187579884327
5.330999999999999e-08,53.309999999999995,-4.489661924601421,-0.11528694277720467,0.011224437874521195,89.09132120281411,nan,-0.1704189221670331
5.334e-08,53.339999999999996,-4.48966385136727,-0.11528699225330062,0.011224416247678459,89.09149286109464,nan,-0.1704190863457918
5.3369999999999994e-08,53.37,-4.489665778133123,-0.11528704172939667,0.011224394620877352,89.09166451970621,nan,-0.170419250524709
5.3399999999999995e-08,53.4,-4.48966770489897,-0.11528709120549258,0.011224372994117974,89.09183617864807,nan,-0.1704194147037839
5.343e-08,53.43,-4.489669631664819,-0.11528714068158853,0.011224351367400246,89.09200783792082,nan,-0.17041957888301715
5.346e-08,53.459999999999994,-4.489671558430672,-0.11528719015768459,0.011224329740724149,89.09217949752464,nan,-0.1704197430624088
5.348999999999999e-08,53.48999999999999,-4.489673231562005,-0.11528723312087412,0.011224310960962077,89.09232856056639,nan,-0.1704198856297744
5.352e-08,53.519999999999996,-4.4896747422282886,-0.11528727191223533,0.011224294004786759,89.09246314944494,nan,-0.17042001435361065
5.355e-08,53.55,-4.489676252894572,-0.11528731070359653,0.011224277048637056,89.09259773852679,nan,-0.17042014307754413
5.3579999999999994e-08,53.57999999999999,-4.489677763560856,-0.11528734949495774,0.011224260092512968,89.09273232781199,nan,-0.17042027180157485
5.361e-08,53.61,-4.489679274227134,-0.11528738828631879,0.011224243136414555,89.09286691730001,nan,-0.17042040052570234
5.3639999999999996e-08,53.63999999999999,-4.489680784893418,-0.11528742707768,0.011224226180341697,89.09300150699183,nan,-0.1704205292499275
5.366999999999999e-08,53.66999999999999,-4.489682295559701,-0.1152874658690412,0.011224209224294453,89.09313609688698,nan,-0.1704206579742499
5.37e-08,53.699999999999996,-4.489683806225985,-0.11528750466040241,0.011224192268272827,89.09327068698543,nan,-0.17042078669866956
5.373e-08,53.73,-4.489685316892265,-0.11528754345176352,0.011224175312276853,89.0934052772869,nan,-0.1704209154231861
5.375999999999999e-08,53.75999999999999,-4.48968682755855,-0.11528758224312477,0.011224158356306435,89.09353986779217,nan,-0.17042104414780035
5.379e-08,53.79,-4.489688338224832,-0.11528762103448592,0.011224141400361671,89.09367445850044,nan,-0.17042117287251152
5.3819999999999995e-08,53.81999999999999,-4.489689848891118,-0.11528765982584717,0.011224124444442483,89.09380904941234,nan,-0.17042130159732022
5.385e-08,53.85,-4.489691359557396,-0.11528769861720824,0.011224107488548988,89.09394364052694,nan,-0.17042143032222554
5.3880000000000003e-08,53.88,-4.48969287022368,-0.11528773740856944,0.01122409053268105,89.09407823184534,nan,-0.17042155904722855
5.391e-08,53.91,-4.489694380889963,-0.11528777619993064,0.011224073576838724,89.09421282336706,nan,-0.1704216877723288
5.3940000000000005e-08,53.940000000000005,-4.4896958915562415,-0.1152878149912917,0.011224056621022074,89.09434741509162,nan,-0.17042181649752583
5.397e-08,53.97,-4.489697402222529,-0.11528785378265301,0.011224039665230938,89.0944820070203,nan,-0.1704219452228208
5.3999999999999994e-08,53.99999999999999,-4.489698912888812,-0.1152878925740142,0.011224022709465457,89.09461659915199,nan,-0.17042207394821277
5.403e-08,54.03,-4.489700423555096,-0.1152879313653754,0.011224005753725591,89.09475119148699,nan,-0.17042220267370192
5.406e-08,54.06,-4.489701934221376,-0.11528797015673652,0.011223988798011378,89.09488578402501,nan,-0.17042233139928803
5.4089999999999997e-08,54.089999999999996,-4.489703174663948,-0.11528800200920876,0.011223974875306483,89.09499630118282,nan,-0.17042243709887833
5.4120000000000004e-08,54.120000000000005,-4.48970435852546,-0.11528803240877485,0.011223961587682484,89.09510177738228,nan,-0.1704225379771902
5.415e-08,54.15,-4.489705542386968,-0.11528806280834084,0.011223948300074253,89.09520725370629,nan,-0.1704226388555615
5.418e-08,54.18,-4.48970672624848,-0.11528809320790692,0.011223935012481714,89.09531273015548,nan,-0.1704227397339928
5.421000000000001e-08,54.21000000000001,-4.489707910109992,-0.11528812360747301,0.011223921724904906,89.09541820672956,nan,-0.17042284061248383
5.424e-08,54.24,-4.4897090939715,-0.115288154007039,0.011223908437343867,89.09552368342818,nan,-0.17042294149103426
5.4269999999999996e-08,54.269999999999996,-4.489710277833014,-0.11528818440660514,0.011223895149798501,89.09562916025214,nan,-0.17042304236964487
5.43e-08,54.300000000000004,-4.489711461694524,-0.11528821480617117,0.011223881862268904,89.09573463720068,nan,-0.17042314324831487
5.433e-08,54.33,-4.489712645556036,-0.11528824520573726,0.011223868574755018,89.09584011427422,nan,-0.17042324412704474
5.436e-08,54.36,-4.4897138294175445,-0.11528827560530326,0.011223855287256904,89.09594559147233,nan,-0.170423345005834
5.4390000000000006e-08,54.39000000000001,-4.489715013279056,-0.11528830600486935,0.011223841999774479,89.09605106879562,nan,-0.17042344588468333
5.442e-08,54.42,-4.489716197140565,-0.11528833640443534,0.011223828712307824,89.09615654624346,nan,-0.17042354676359203
5.4449999999999995e-08,54.449999999999996,-4.489717381002077,-0.11528836680400142,0.01122381542485686,89.0962620238165,nan,-0.17042364764256077
5.448e-08,54.480000000000004,-4.489718564863589,-0.11528839720356751,0.011223802137421626,89.0963675015144,nan,-0.1704237485215892
5.451e-08,54.510000000000005,-4.489719748725097,-0.1152884276031335,0.011223788850002164,89.09647297933685,nan,-0.17042384940067704
5.454e-08,54.54,-4.489720932586609,-0.11528845800269959,0.011223775562598392,89.0965784572845,nan,-0.17042395027982493
5.4570000000000005e-08,54.57000000000001,-4.489722116448121,-0.11528848840226567,0.01122376227521035,89.096683935357,nan,-0.1704240511590325
5.46e-08,54.6,-4.489723300309633,-0.11528851880183176,0.011223748987838037,89.0967894135544,nan,-0.1704241520382998
5.4629999999999994e-08,54.629999999999995,-4.489724484171141,-0.11528854920139776,0.011223735700481496,89.09689489187635,nan,-0.1704242529176265
5.466e-08,54.660000000000004,-4.489725656652299,-0.11528857930873555,0.011223722540870586,89.09699935636803,nan,-0.17042435282726845
5.469e-08,54.690000000000005,-4.489726582918962,-0.11528860309370056,0.011223712144715372,89.09708188398656,nan,-0.17042443175648506
5.4719999999999996e-08,54.72,-4.489727509185618,-0.1152886268786654,0.011223701748569868,89.09716441168091,nan,-0.1704245106857376
5.4750000000000004e-08,54.75000000000001,-4.489728435452278,-0.11528865066363032,0.011223691352433953,89.097246939452,nan,-0.17042458961502702
5.478e-08,54.78,-4.489729361718938,-0.11528867444859525,0.011223680956307668,89.09732946729955,nan,-0.17042466854435298
5.481e-08,54.81,-4.489730287985598,-0.11528869823356018,0.011223670560191013,89.09741199522354,nan,-0.1704247474737155
5.4840000000000007e-08,54.84,-4.489731214252256,-0.11528872201852505,0.011223660164084007,89.0974945232238,nan,-0.17042482640311443
5.487e-08,54.87,-4.489732140518916,-0.11528874580348998,0.01122364976798661,89.09757705130068,nan,-0.17042490533255003
5.4899999999999995e-08,54.9,-4.4897330667855755,-0.11528876958845491,0.011223639371898844,89.09765957945399,nan,-0.17042498426202224
5.493e-08,54.93,-4.489733993052237,-0.11528879337341988,0.011223628975820686,89.09774210768391,nan,-0.1704250631915311
5.496e-08,54.959999999999994,-4.489734919318897,-0.11528881715838481,0.011223618579752178,89.09782463599011,nan,-0.1704251421210764
5.499e-08,54.989999999999995,-4.489735845585557,-0.11528884094334974,0.0112236081836933,89.09790716437276,nan,-0.17042522105065827
5.5020000000000006e-08,55.02,-4.4897367718522165,-0.11528886472831466,0.011223597787644052,89.09798969283185,nan,-0.17042529998027667
5.505e-08,55.05,-4.489737698118876,-0.11528888851327959,0.011223587391604433,89.09807222136737,nan,-0.17042537890993162
5.5079999999999994e-08,55.07999999999999,-4.489738624385536,-0.1152889122982445,0.011223576995574443,89.09815474997934,nan,-0.17042545783962312
5.511e-08,55.11,-4.489739550652196,-0.11528893608320943,0.011223566599554083,89.09823727866777,nan,-0.17042553676935118
5.514e-08,55.14,-4.489740476918854,-0.11528895986817432,0.011223556203543372,89.09831980743247,nan,-0.17042561569911566
5.517e-08,55.169999999999995,-4.489741403185514,-0.11528898365313925,0.01122354580754227,89.09840233627378,nan,-0.17042569462891685
5.5200000000000005e-08,55.2,-4.489742329452177,-0.11528900743810426,0.011223535411550759,89.09848486519184,nan,-0.1704257735587549
5.523e-08,55.23,-4.4897432557188335,-0.11528903122306909,0.011223525015568957,89.09856739418572,nan,-0.17042585248862888
5.525999999999999e-08,55.25999999999999,-4.489744128642272,-0.1152890536382701,0.011223515218295186,89.09864517044747,nan,-0.17042592687300567
5.529e-08,55.29,-4.489744850913851,-0.11528907218498557,0.011223507111872049,89.09870952388988,nan,-0.1704259884199185
5.532e-08,55.32,-4.489745573185434,-0.11528909073170113,0.011223499005454728,89.09877387737909,nan,-0.17042604996685382
5.5349999999999996e-08,55.349999999999994,-4.489746295457014,-0.1152891092784166,0.011223490899043303,89.09883823091447,nan,-0.17042611151381107
5.5380000000000004e-08,55.38,-4.489747017728597,-0.11528912782513215,0.011223482792637691,89.09890258449664,nan,-0.17042617306079086
5.541e-08,55.41,-4.489747740000178,-0.11528914637184766,0.011223474686237956,89.09896693812513,nan,-0.17042623460779271
5.544e-08,55.44,-4.489748462271761,-0.11528916491856321,0.011223466579844054,89.09903129180027,nan,-0.17042629615481697
5.5470000000000006e-08,55.470000000000006,-4.48974918454334,-0.11528918346527868,0.011223458473456049,89.09909564552156,nan,-0.17042635770186312
5.55e-08,55.5,-4.489749906814923,-0.11528920201199423,0.011223450367073859,89.09915999928965,nan,-0.17042641924893182
5.5529999999999995e-08,55.529999999999994,-4.489750629086506,-0.11528922055870978,0.011223442260697523,89.09922435310423,nan,-0.17042648079602274
5.556e-08,55.56,-4.489751351358086,-0.11528923910542525,0.011223434154327082,89.09928870696497,nan,-0.1704265423431356
5.559e-08,55.589999999999996,-4.489752073629665,-0.11528925765214072,0.011223426047962497,89.0993530608722,nan,-0.17042660389027067
5.562e-08,55.62,-4.489752795901246,-0.11528927619885623,0.011223417941603746,89.09941741482606,nan,-0.1704266654374281
5.5650000000000005e-08,55.650000000000006,-4.489753518172828,-0.11528929474557174,0.01122340983525085,89.0994817688264,nan,-0.17042672698460778
5.568e-08,55.68,-4.489754240444409,-0.11528931329228725,0.01122340172890381,89.09954612287322,nan,-0.17042678853180968
5.5709999999999994e-08,55.709999999999994,-4.489754962715992,-0.1152893318390028,0.011223393622562604,89.09961047696669,nan,-0.17042685007903396
5.574e-08,55.74,-4.489755684987571,-0.11528935038571826,0.011223385516227292,89.09967483110631,nan,-0.17042691162628018
5.577e-08,55.77,-4.489756407259154,-0.11528936893243383,0.011223377409897796,89.09973918529273,nan,-0.1704269731735489
5.58e-08,55.8,-4.489757129530737,-0.11528938747914938,0.011223369303574156,89.09980353952564,nan,-0.17042703472083987
5.5830000000000004e-08,55.830000000000005,-4.489757851802317,-0.11528940602586485,0.01122336119725641,89.09986789380471,nan,-0.17042709626815275
5.586e-08,55.86,-4.4897584962245585,-0.11528942257354068,0.011223353964675158,89.09992531175982,nan,-0.17042715118166732
5.589e-08,55.89,-4.48975905590561,-0.11528943694520573,0.011223347683178364,89.09997517931369,nan,-0.1704271988740976
5.592e-08,55.92,-4.489759615586658,-0.11528945131687068,0.011223341401685126,89.10002504689514,nan,-0.17042724656654093
5.595e-08,55.95,-4.489760175267714,-0.11528946568853583,0.011223335120195325,89.10007491450514,nan,-0.1704272942589982
5.5979999999999996e-08,55.98,-4.489760734948765,-0.11528948006020089,0.011223328838709079,89.10012478214273,nan,-0.17042734195146853
5.601e-08,56.010000000000005,-4.4897612946298135,-0.11528949443186585,0.011223322557226387,89.10017464980791,nan,-0.1704273896439519
5.604e-08,56.04,-4.489761854310865,-0.11528950880353091,0.011223316275747174,89.10022451750133,nan,-0.1704274373364489
5.607e-08,56.07,-4.489762413991917,-0.11528952317519596,0.011223309994271473,89.10027438522265,nan,-0.17042748502895927
5.6100000000000006e-08,56.10000000000001,-4.489762973672965,-0.11528953754686092,0.01122330371279933,89.10032425297156,nan,-0.17042753272148267
5.613e-08,56.13,-4.489763533354019,-0.11528955191852602,0.011223297431330641,89.10037412074887,nan,-0.17042758041401987
5.6159999999999995e-08,56.16,-4.48976409303507,-0.11528956629019108,0.01122329114986549,89.10042398855391,nan,-0.17042762810657025
5.619e-08,56.190000000000005,-4.489764652716122,-0.11528958066185613,0.011223284868403852,89.10047385638688,nan,-0.170427675799134
5.622e-08,56.220000000000006,-4.489765212397174,-0.11528959503352118,0.011223278586945731,89.10052372424775,nan,-0.1704277234917111
5.625e-08,56.25,-4.489765772078224,-0.11528960940518619,0.011223272305491146,89.10057359213639,nan,-0.17042777118430139
5.6280000000000005e-08,56.28000000000001,-4.4897663317592755,-0.11528962377685124,0.011223266024040056,89.10062346005307,nan,-0.17042781887690517
5.631e-08,56.31,-4.489766891440327,-0.1152896381485163,0.011223259742592482,89.10067332799767,nan,-0.17042786656952227
5.6339999999999994e-08,56.339999999999996,-4.489767451121379,-0.11528965252018135,0.011223253461148424,89.10072319597019,nan,-0.17042791426215279
5.637e-08,56.370000000000005,-4.489768010802431,-0.1152896668918464,0.011223247179707881,89.1007730639706,nan,-0.1704279619547966
5.64e-08,56.4,-4.489768570483479,-0.11528968126351136,0.011223240898270892,89.10082293199862,nan,-0.17042800964745344
5.6429999999999996e-08,56.43,-4.489769130164531,-0.11528969563517642,0.01122323461683738,89.10087280005487,nan,-0.17042805734012398
5.6460000000000004e-08,56.46,-4.489769598808088,-0.11528970766915224,0.011223229357142013,89.10091455661468,nan,-0.17042809727513422
5.649e-08,56.489999999999995,-4.489770027710595,-0.11528971868264491,0.011223224543471844,89.10095277222845,nan,-0.17042813382365718
5.652e-08,56.519999999999996,-4.4897704566131065,-0.11528972969613771,0.01122321972980368,89.10099098785909,nan,-0.17042817037218844
5.655e-08,56.55,-4.489770885515613,-0.11528974070963038,0.01122321491613764,89.10102920350565,nan,-0.17042820692072708
5.658e-08,56.58,-4.489771314418125,-0.1152897517231232,0.011223210102473605,89.10106741916906,nan,-0.170428243469274
5.6609999999999995e-08,56.60999999999999,-4.489771743320635,-0.11528976273661597,0.011223205288811655,89.10110563484871,nan,-0.17042828001782862
5.664e-08,56.64,-4.489772172223146,-0.11528977375010878,0.011223200475151749,89.10114385054491,nan,-0.1704283165663912
5.667e-08,56.669999999999995,-4.489772601125656,-0.11528978476360154,0.011223195661493927,89.10118206625734,nan,-0.17042835311496152
5.67e-08,56.699999999999996,-4.489773030028163,-0.11528979577709421,0.011223190847838212,89.10122028198585,nan,-0.17042838966353932
5.6730000000000006e-08,56.730000000000004,-4.489773458930674,-0.11528980679058702,0.011223186034184499,89.10125849773122,nan,-0.17042842621212545
5.676e-08,56.76,-4.489773887833184,-0.11528981780407979,0.011223181220532872,89.10129671349283,nan,-0.17042846276071924
5.6789999999999994e-08,56.78999999999999,-4.489774316735696,-0.1152898288175726,0.011223176406883289,89.10133492927098,nan,-0.17042849930932105
5.682e-08,56.82,-4.4897747456382024,-0.11528983983106528,0.01122317159323583,89.10137314506505,nan,-0.17042853585793022
5.685e-08,56.85,-4.489775174540714,-0.11528985084455808,0.011223166779590376,89.10141136087599,nan,-0.17042857240654768
5.688e-08,56.879999999999995,-4.489775603443224,-0.11528986185805085,0.011223161965947009,89.10144957670316,nan,-0.17042860895517284
5.6910000000000005e-08,56.910000000000004,-4.489776032345732,-0.11528987287154356,0.011223157152305723,89.10148779254656,nan,-0.17042864550380568
5.694e-08,56.94,-4.489776461248242,-0.11528988388503633,0.011223152338666484,89.10152600840651,nan,-0.17042868205244652
5.6969999999999993e-08,56.96999999999999,-4.489776890150754,-0.11528989489852914,0.011223147525029288,89.10156422428301,nan,-0.17042871860109535
5.7e-08,57.0,-4.48977731905326,-0.11528990591202182,0.011223142711394218,89.10160244017543,nan,-0.17042875514975156
5.703e-08,57.03,-4.489777747955774,-0.11528991692551467,0.011223137897761132,89.10164065608487,nan,-0.17042879169841618
5.7059999999999996e-08,57.059999999999995,-4.489778079501255,-0.11528992543904319,0.011223134176781098,89.10167019733605,nan,-0.17042881995086637
5.7090000000000004e-08,57.09,-4.489778401820104,-0.11528993371564739,0.011223130559353992,89.10169891648846,nan,-0.17042884741707912
5.712e-08,57.12,-4.4897787241389455,-0.1152899419922514,0.011223126941928131,89.10172763564948,nan,-0.1704288748832957
5.715e-08,57.15,-4.4897790464577945,-0.11528995026885558,0.011223123324503356,89.10175635482041,nan,-0.1704289023495173
5.7180000000000006e-08,57.18000000000001,-4.48977936877664,-0.11528995854545968,0.011223119707079787,89.10178507400026,nan,-0.170428929815743
5.721e-08,57.21,-4.489779691095489,-0.11528996682206387,0.011223116089657344,89.10181379318969,nan,-0.1704289572819735
5.7239999999999995e-08,57.239999999999995,-4.489780013414338,-0.11528997509866806,0.011223112472236068,89.10184251238839,nan,-0.17042898474820836
5.727e-08,57.27,-4.48978033573318,-0.11528998337527206,0.011223108854816036,89.1018712315957,nan,-0.17042901221444706
5.73e-08,57.3,-4.489780658052025,-0.11528999165187616,0.011223105237397132,89.10189995081258,nan,-0.1704290396806905
5.733e-08,57.33,-4.489780980370874,-0.11528999992848035,0.011223101619979354,89.10192867003904,nan,-0.17042906714693865
5.7360000000000005e-08,57.36000000000001,-4.489781302689719,-0.11529000820508445,0.01122309800256278,89.10195738927445,nan,-0.17042909461319095
5.739e-08,57.39,-4.489781625008565,-0.11529001648168855,0.011223094385147373,89.1019861085191,nan,-0.17042912207944766
5.7419999999999994e-08,57.419999999999995,-4.489781947327414,-0.11529002475829274,0.011223090767733092,89.10201482777333,nan,-0.17042914954570912
5.745e-08,57.45,-4.489782269646261,-0.11529003303489688,0.011223087150319997,89.10204354703666,nan,-0.1704291770119748
5.748e-08,57.480000000000004,-4.48978259196511,-0.11529004131150107,0.01122308353290805,89.1020722663094,nan,-0.1704292044782451
5.751e-08,57.51,-4.489782914283952,-0.11529004958810508,0.011223079915497345,89.10210098559077,nan,-0.17042923194451923
5.7540000000000004e-08,57.540000000000006,-4.4897832366028005,-0.11529005786470926,0.011223076298087728,89.10212970488203,nan,-0.17042925941079837
5.757e-08,57.57,-4.489783558921646,-0.11529006614131337,0.011223072680679317,89.10215842418222,nan,-0.17042928687708164
5.759999999999999e-08,57.599999999999994,-4.489783881240495,-0.11529007441791755,0.011223069063272032,89.10218714349199,nan,-0.17042931434336964
5.763e-08,57.63,-4.489784191985725,-0.11529008239733075,0.011223065575757392,89.10221483157596,nan,-0.17042934082341998
5.766e-08,57.660000000000004,-4.489784425784945,-0.11529008840090023,0.01122306295181372,89.10223566360673,nan,-0.1704293607465446
5.7689999999999996e-08,57.69,-4.4897846595841635,-0.11529009440446966,0.011223060327870684,89.10225649564221,nan,-0.17042938066967142
5.7720000000000003e-08,57.720000000000006,-4.489784893383389,-0.11529010040803928,0.011223057703928181,89.10227732768318,nan,-0.17042940059280118
5.775e-08,57.75,-4.489785127182614,-0.11529010641160889,0.011223055079986291,89.10229815972903,nan,-0.17042942051593327
5.778e-08,57.78,-4.489785360981838,-0.11529011241517846,0.011223052456045034,89.1023189917796,nan,-0.17042944043906752
5.7810000000000006e-08,57.81000000000001,-4.489785594781056,-0.1152901184187479,0.01122304983210445,89.10233982383455,nan,-0.17042946036220366
5.784e-08,57.84,-4.489785828580283,-0.11529012442231755,0.011223047208164381,89.10236065589517,nan,-0.17042948028534285
5.7869999999999995e-08,57.87,-4.489786062379505,-0.11529013042588708,0.011223044584224984,89.10238148796017,nan,-0.17042950020848396
5.79e-08,57.900000000000006,-4.4897862961787265,-0.1152901364294566,0.0112230419602862,89.10240232003007,nan,-0.17042952013162738
5.7929999999999997e-08,57.93,-4.4897865299779465,-0.11529014243302607,0.011223039336348052,89.10242315210466,nan,-0.17042954005477295
5.796e-08,57.96,-4.489786763777172,-0.11529014843659569,0.011223036712410456,89.1024439841846,nan,-0.17042955997792136
5.7990000000000005e-08,57.99,-4.4897869975763935,-0.11529015444016522,0.011223034088473515,89.10246481626909,nan,-0.17042957990107174
5.802e-08,58.019999999999996,-4.489787231375615,-0.11529016044373473,0.011223031464537184,89.10248564835847,nan,-0.1704295998242245
5.8049999999999994e-08,58.05,-4.489787465174837,-0.11529016644730426,0.01122302884060147,89.1025064804527,nan,-0.17042961974737958
5.808e-08,58.08,-4.489787698974062,-0.11529017245087388,0.011223026216666328,89.10252731255213,nan,-0.17042963967053726
5.811e-08,58.11,-4.489787932773284,-0.11529017845444339,0.01122302359273184,89.1025481446561,nan,-0.170429659593697
5.8139999999999997e-08,58.13999999999999,-4.489788166572502,-0.11529018445801283,0.011223020968798004,89.10256897676463,nan,-0.17042967951685875
5.8170000000000004e-08,58.17,-4.489788400371728,-0.11529019046158244,0.011223018344864702,89.10258980887868,nan,-0.17042969944002342
5.82e-08,58.199999999999996,-4.489788634170949,-0.11529019646515197,0.011223015720932055,89.10261064099726,nan,-0.17042971936319015
5.822999999999999e-08,58.22999999999999,-4.489788841696152,-0.115290201794049,0.011223013391873688,89.10262913203648,nan,-0.17042973704742206
5.826e-08,58.26,-4.4897890000082885,-0.11529020585923755,0.011223011615134598,89.1026432380652,nan,-0.17042975053797052
5.829e-08,58.29,-4.489789158320422,-0.11529020992442601,0.01122300983839583,89.10265734409585,nan,-0.17042976402851973
5.8319999999999995e-08,58.31999999999999,-4.48978931663256,-0.11529021398961461,0.011223008061657281,89.1026714501292,nan,-0.17042977751907046
5.835e-08,58.35,-4.489789474944692,-0.11529021805480302,0.011223006284919094,89.10268555616413,nan,-0.17042979100962166
5.838e-08,58.379999999999995,-4.489789633256827,-0.11529022211999153,0.01122300450818115,89.10269966220163,nan,-0.17042980450017423
5.841e-08,58.41,-4.4897897915689615,-0.11529022618518003,0.011223002731443487,89.10271376824137,nan,-0.17042981799072787
5.8440000000000006e-08,58.440000000000005,-4.4897899498810965,-0.11529023025036854,0.011223000954706104,89.10272787428333,nan,-0.17042983148128257
5.847e-08,58.47,-4.489790108193231,-0.11529023431555704,0.011222999177969003,89.10274198032752,nan,-0.17042984497183836
5.8499999999999994e-08,58.49999999999999,-4.489790266505363,-0.11529023838074545,0.011222997401232223,89.10275608637365,nan,-0.1704298584623949
5.853e-08,58.53,-4.489790424817498,-0.11529024244593396,0.011222995624495684,89.1027701924223,nan,-0.1704298719529528
5.8559999999999996e-08,58.559999999999995,-4.489790583129633,-0.11529024651112246,0.011222993847759427,89.1027842984732,nan,-0.17042988544351179
5.859e-08,58.589999999999996,-4.489790741441764,-0.11529025057631087,0.01122299207102349,89.10279840452601,nan,-0.17042989893407154
5.8620000000000005e-08,58.620000000000005,-4.489790899753903,-0.11529025464149947,0.011222990294287756,89.1028125105817,nan,-0.17042991242463296
5.865e-08,58.65,-4.489791058066034,-0.11529025870668788,0.011222988517552383,89.10282661663898,nan,-0.17042992591519485
5.8679999999999993e-08,58.67999999999999,-4.489791216378169,-0.11529026277187639,0.01122298674081725,89.1028407226988,nan,-0.1704299394057581
5.871e-08,58.71,-4.4897913746903,-0.1152902668370648,0.011222984964082439,89.10285482876054,nan,-0.1704299528963221
5.874e-08,58.74,-4.489791533002435,-0.1152902709022533,0.01122298318734787,89.10286893482484,nan,-0.17042996638688748
5.8769999999999996e-08,58.769999999999996,-4.48979169131457,-0.1152902749674418,0.011222981410613581,89.10288304089137,nan,-0.17042997987745392
5.8800000000000004e-08,58.800000000000004,-4.489791849626705,-0.11529027903263031,0.011222979633879575,89.10289714696013,nan,-0.17042999336802145
5.883e-08,58.83,-4.489791970229,-0.11529028212949374,0.011222978280362563,89.10290789297461,nan,-0.17043000364514588
5.885999999999999e-08,58.85999999999999,-4.489792061842108,-0.11529028448196378,0.011222977252190685,89.10291605596933,nan,-0.17043001145195724
5.889e-08,58.89,-4.48979215345522,-0.1152902868344339,0.011222976224018863,89.10292421896511,nan,-0.17043001925876924
5.892e-08,58.92,-4.48979224506833,-0.115290289186904,0.011222975195847156,89.10293238196148,nan,-0.1704300270655815
5.8949999999999995e-08,58.949999999999996,-4.48979233668144,-0.11529029153937408,0.011222974167675542,89.1029405449586,nan,-0.17043003487239408
5.898e-08,58.980000000000004,-4.489792428294548,-0.11529029389184411,0.011222973139504043,89.1029487079563,nan,-0.17043004267920686
5.901e-08,59.01,-4.489792519907658,-0.11529029624431421,0.011222972111332616,89.10295687095493,nan,-0.17043005048602017
5.904e-08,59.04,-4.489792611520768,-0.11529029859678429,0.011222971083161285,89.10296503395428,nan,-0.17043005829283384
5.9070000000000006e-08,59.07000000000001,-4.489792703133878,-0.11529030094925437,0.011222970054990048,89.1029731969544,nan,-0.17043006609964784
5.91e-08,59.1,-4.489792794746986,-0.1152903033017244,0.011222969026818925,89.1029813599551,nan,-0.17043007390646206
5.9129999999999994e-08,59.129999999999995,-4.4897928863600995,-0.11529030565419458,0.011222967998647837,89.10298952295702,nan,-0.17043008171327712
5.916e-08,59.160000000000004,-4.489792977973206,-0.11529030800666458,0.011222966970476922,89.10299768595905,nan,-0.1704300895200919
5.9189999999999996e-08,59.19,-4.489793069586318,-0.11529031035913472,0.011222965942306042,89.10300584896231,nan,-0.17043009732690748
5.922e-08,59.22,-4.489793161199428,-0.1152903127116048,0.011222964914135275,89.10301401196615,nan,-0.1704301051337233
5.9250000000000004e-08,59.25000000000001,-4.489793252812534,-0.11529031506407479,0.011222963885964643,89.10302217497043,nan,-0.17043011294053917
5.928e-08,59.28,-4.489793344425646,-0.11529031741654491,0.011222962857794045,89.10303033797594,nan,-0.17043012074735583
5.930999999999999e-08,59.309999999999995,-4.489793436038752,-0.11529031976901491,0.011222961829623603,89.10303850098171,nan,-0.17043012855417242
5.934e-08,59.34,-4.489793527651866,-0.11529032212148509,0.011222960801453172,89.10304666398888,nan,-0.17043013636098994
5.937e-08,59.370000000000005,-4.489793619264976,-0.11529032447395518,0.011222959773282878,89.10305482699646,nan,-0.17043014416780752
5.9399999999999996e-08,59.4,-4.4897937108780805,-0.11529032682642512,0.011222958745112737,89.10306299000432,nan,-0.17043015197462502
5.9430000000000003e-08,59.43000000000001,-4.4897937542558815,-0.11529032794029385,0.011222958258285476,89.10306685509933,nan,-0.17043015567106765
5.946e-08,59.46,-4.489793784241108,-0.11529032871026389,0.011222957921762533,89.10306952687503,nan,-0.1704301582262611
5.949e-08,59.49,-4.489793814226337,-0.11529032948023396,0.011222957585239581,89.10307219865098,nan,-0.17043016078145476
5.952e-08,59.52,-4.489793844211572,-0.11529033025020421,0.011222957248716558,89.10307487042763,nan,-0.17043016333664904
5.955e-08,59.55,-4.489793874196801,-0.11529033102017429,0.011222956912193625,89.10307754220374,nan,-0.17043016589184276
5.9579999999999995e-08,59.58,-4.489793904182029,-0.11529033179014436,0.011222956575670703,89.10308021397992,nan,-0.1704301684470365
5.961e-08,59.61,-4.4897939341672615,-0.11529033256011453,0.01122295623914775,89.10308288575649,nan,-0.1704301710022306
5.964e-08,59.63999999999999,-4.489793964152488,-0.11529033333008457,0.011222955902624867,89.10308555753268,nan,-0.1704301735574243
5.966999999999999e-08,59.66999999999999,-4.4897939941377185,-0.11529033410005468,0.011222955566101955,89.10308822930926,nan,-0.1704301761126183
5.97e-08,59.699999999999996,-4.489794024122949,-0.1152903348700248,0.011222955229579053,89.10309090108592,nan,-0.17043017866781235
5.972999999999999e-08,59.72999999999999,-4.489794054108177,-0.11529033563999487,0.011222954893056181,89.1030935728625,nan,-0.17043018122300632
5.976e-08,59.76,-4.489794084093408,-0.11529033640996499,0.011222954556533299,89.10309624463933,nan,-0.17043018377820046
5.979000000000001e-08,59.790000000000006,-4.48979411407864,-0.11529033717993516,0.011222954220010408,89.10309891641639,nan,-0.17043018633339477
5.982e-08,59.82,-4.48979414406387,-0.11529033794990527,0.011222953883487544,89.10310158819337,nan,-0.170430188888589
5.985e-08,59.849999999999994,-4.4897941740490985,-0.11529033871987535,0.011222953546964714,89.10310425997027,nan,-0.17043019144378307
5.988e-08,59.88,-4.489794204034329,-0.11529033948984548,0.011222953210441871,89.10310693174742,nan,-0.17043019399897738
5.991e-08,59.91,-4.489794234019563,-0.11529034025981569,0.011222952873919,89.10310960352496,nan,-0.170430196554172
5.993999999999999e-08,59.93999999999999,-4.489794264004791,-0.11529034102978576,0.011222952537396198,89.1031122753021,nan,-0.17043019910936624
5.997e-08,59.97,-4.4897942939900215,-0.11529034179975588,0.011222952200873387,89.10311494707948,nan,-0.17043020166456063
6e-08,59.99999999999999,-4.489794323975252,-0.11529034256972599,0.011222951864350586,89.10311761885694,nan,-0.17043020421975508
