run,R,F,T,epsilon0,epsilon_r,epsilon_s,C_tot,lambda_D,L_Au,L_gap,L_Pd_len,out_of_plane_width,Cdl_Au,Cdl_C,Cdl_Pd,g_Au,g_C,g_Pd,pzc_Au,pzc_C,pzc_Pd,it0_1,it0_2,alpha1,alpha2,z_R1,z_O2,E1_eq,E2_eq,N_modes,Nx,xtol,max_bracket_expands,use_edl,use_affine_phi2,use_closed_form_when_affine,do_self_checks,do_convergence_check,dh_warn_threshold,dh_violation_action,do_ofat,do_heatmaps,do_sensitivities,ofat_n,heatmap_nx,heatmap_ny,scan_mode,heatmap_mode,sensitivity_mode,ofat_C_tot_min,ofat_C_tot_max,heatmap_C_tot_min,heatmap_C_tot_max,ofat_L_gap_min,ofat_L_gap_max,mode,E_mix,i_mix,i_mix_norm_A_per_m2,i_mix_phys_A_per_m,i_mix_abs_A,residual,residual_norm_A_per_m2,residual_phys_A_per_m,residual_abs_A,converged,method,iterations,out_of_plane_width_m,a1,b1,a2,b2,max_abs_phi_tilde,debye_huckel_ok,use_edl_case,C_tot_M,phi2_1_meanV,phi2_2_meanV,scan_param,scan_value,scan_value_M
baseline:with_edl_FULL,8.314,96485.0,298.0,8.8541878128e-12,78.5,,0.1,3.041217889017721e-08,1.1e-08,1e-08,3.7e-08,1.0,0.00012,1.0,3.77e-05,0.005250617670899842,43.75514725749868,0.0016495690516077001,0.513,0.361,0.371,8.85e-05,0.0003878,0.5,0.37,-1.0,1.0,0.1,0.834,80,1200,1e-10,12,True,True,True,False,False,1.0,warn,True,False,False,15,25,25,BOTH,BOTH,BOTH,0.1,10000.0,0.1,10000.0,0.0,1e-06,FULL,0.44349454423603574,0.07038215501102128,0.07038215501102128,2.140474688871362e-09,2.140474688871362e-09,3.060189601722385e-11,3.060189601722385e-11,9.306703360544132e-19,9.306703360544132e-19,True,brentq,15,1.0,0.6248610819651622,-0.22580644470723008,0.32671611748407864,-0.11797227973451423,3.0596557118175287,False,with_edl_FULL,0.0001,0.0513160360497457,0.026924535883654278,,,
baseline:without_edl,8.314,96485.0,298.0,8.8541878128e-12,78.5,,0.1,3.041217889017721e-08,1.1e-08,1e-08,3.7e-08,1.0,0.00012,1.0,3.77e-05,0.005250617670899842,43.75514725749868,0.0016495690516077001,0.513,0.361,0.371,8.85e-05,0.0003878,0.5,0.37,-1.0,1.0,0.1,0.834,80,1200,1e-10,12,True,True,True,False,False,1.0,warn,True,False,False,15,25,25,BOTH,BOTH,BOTH,0.1,10000.0,0.1,10000.0,0.0,1e-06,FULL,0.49157212957749513,0.06555361211259984,0.06555361211259984,1.993628178465674e-09,1.993628178465674e-09,7.0887740122316245e-12,7.0887740122316245e-12,2.1558506337202743e-19,2.1558506337202743e-19,True,brentq,12,1.0,0.0,0.0,0.0,0.0,0.0,True,without_edl,0.0001,,,,,
ofat_compare:C_tot:with_edl_FULL,8.314,96485.0,298.0,8.8541878128e-12,78.5,,0.1,3.041217889017721e-08,1.1e-08,1e-08,3.7e-08,1.0,0.00012,1.0,3.77e-05,0.005250617670899842,43.75514725749868,0.0016495690516077001,0.513,0.361,0.371,8.85e-05,0.0003878,0.5,0.37,-1.0,1.0,0.1,0.834,80,1200,1e-10,12,True,True,True,False,False,1.0,warn,True,False,False,15,25,25,BOTH,BOTH,BOTH,0.1,10000.0,0.1,10000.0,0.0,1e-06,FULL,0.44349454423603574,0.07038215501102128,0.07038215501102128,2.140474688871362e-09,2.140474688871362e-09,3.060189601722385e-11,3.060189601722385e-11,9.306703360544132e-19,9.306703360544132e-19,True,brentq,15,1.0,0.6248610819651622,-0.22580644470723008,0.32671611748407864,-0.11797227973451423,3.0596557118175287,False,with_edl_FULL,0.0001,,,C_tot,0.1,0.0001
ofat_compare:C_tot:without_edl,8.314,96485.0,298.0,8.8541878128e-12,78.5,,0.1,3.041217889017721e-08,1.1e-08,1e-08,3.7e-08,1.0,0.00012,1.0,3.77e-05,0.005250617670899842,43.75514725749868,0.0016495690516077001,0.513,0.361,0.371,8.85e-05,0.0003878,0.5,0.37,-1.0,1.0,0.1,0.834,80,1200,1e-10,12,True,True,True,False,False,1.0,warn,True,False,False,15,25,25,BOTH,BOTH,BOTH,0.1,10000.0,0.1,10000.0,0.0,1e-06,FULL,0.49157212957749513,0.06555361211259984,0.06555361211259984,1.993628178465674e-09,1.993628178465674e-09,7.0887740122316245e-12,7.0887740122316245e-12,2.1558506337202743e-19,2.1558506337202743e-19,True,brentq,12,1.0,0.0,0.0,0.0,0.0,0.0,True,without_edl,0.0001,,,C_tot,0.1,0.0001
ofat_compare:C_tot:with_edl_FULL,8.314,96485.0,298.0,8.8541878128e-12,78.5,,0.22758459260747887,2.0159330636734914e-08,1.1e-08,1e-08,3.7e-08,1.0,0.00012,1.0,3.77e-05,0.003480478595663558,29.003988297196315,0.001093450358804301,0.513,0.361,0.371,8.85e-05,0.0003878,0.5,0.37,-1.0,1.0,0.1,0.834,80,1200,1e-10,12,True,True,True,False,False,1.0,warn,True,False,False,15,25,25,BOTH,BOTH,BOTH,0.1,10000.0,0.1,10000.0,0.0,1e-06,FULL,0.4508062570346374,0.11394664453494097,0.11394664453494097,2.2970880821263783e-09,2.2970880821263783e-09,5.910827383104333e-13,5.910827383104333e-13,1.1915832355266684e-20,1.1915832355266684e-20,True,brentq,15,1.0,0.5287445561144083,-0.19108879204763163,0.22561689761457404,-0.08146431330588363,3.288837756463579,False,with_edl_FULL,0.00022758459260747887,,,C_tot,0.22758459260747887,0.00022758459260747887
ofat_compare:C_tot:without_edl,8.314,96485.0,298.0,8.8541878128e-12,78.5,,0.22758459260747887,2.0159330636734914e-08,1.1e-08,1e-08,3.7e-08,1.0,0.00012,1.0,3.77e-05,0.003480478595663558,29.003988297196315,0.001093450358804301,0.513,0.361,0.371,8.85e-05,0.0003878,0.5,0.37,-1.0,1.0,0.1,0.834,80,1200,1e-10,12,True,True,True,False,False,1.0,warn,True,False,False,15,25,25,BOTH,BOTH,BOTH,0.1,10000.0,0.1,10000.0,0.0,1e-06,FULL,0.4915721295774951,0.09889357014824826,0.09889357014824826,1.9936281784656743e-09,1.9936281784656743e-09,1.0693987362309088e-11,1.0693987362309088e-11,2.155836270618536e-19,2.155836270618536e-19,True,brentq,12,1.0,0.0,0.0,0.0,0.0,0.0,True,without_edl,0.00022758459260747887,,,C_tot,0.22758459260747887,0.00022758459260747887
ofat_compare:C_tot:with_edl_FULL,8.314,96485.0,298.0,8.8541878128e-12,78.5,,0.5179474679231212,1.3363021873202944e-08,1.1e-08,1e-08,3.7e-08,1.0,0.00012,1.0,3.77e-05,0.0023071059471744294,19.225882893120243,0.0007248157850706331,0.513,0.361,0.371,8.85e-05,0.0003878,0.5,0.37,-1.0,1.0,0.1,0.834,80,1200,1e-10,12,True,True,True,False,False,1.0,warn,True,False,False,15,25,25,BOTH,BOTH,BOTH,0.1,10000.0,0.1,10000.0,0.0,1e-06,FULL,0.45851081888891737,0.17753915359007913,0.17753915359007913,2.3724595927741643e-09,2.3724595927741643e-09,2.0539125955565396e-15,2.0539125955565396e-15,2.744647894006907e-23,2.744647894006907e-23,True,brentq,15,1.0,0.41867122487625574,-0.1513258163042521,0.14953391732844112,-0.05399104601453783,3.514156431064169,False,with_edl_FULL,0.0005179474679231212,,,C_tot,0.5179474679231212,0.0005179474679231212
ofat_compare:C_tot:without_edl,8.314,96485.0,298.0,8.8541878128e-12,78.5,,0.5179474679231212,1.3363021873202944e-08,1.1e-08,1e-08,3.7e-08,1.0,0.00012,1.0,3.77e-05,0.0023071059471744294,19.225882893120243,0.0007248157850706331,0.513,0.361,0.371,8.85e-05,0.0003878,0.5,0.37,-1.0,1.0,0.1,0.834,80,1200,1e-10,12,True,True,True,False,False,1.0,warn,True,False,False,15,25,25,BOTH,BOTH,BOTH,0.1,10000.0,0.1,10000.0,0.0,1e-06,FULL,0.4915721295774951,0.14918992106594728,0.14918992106594728,1.9936281784656743e-09,1.9936281784656743e-09,1.6132872815433075e-11,1.6132872815433075e-11,2.1558393231023334e-19,2.1558393231023334e-19,True,brentq,12,1.0,0.0,0.0,0.0,0.0,0.0,True,without_edl,0.0005179474679231212,,,C_tot,0.5179474679231212,0.0005179474679231212
ofat_compare:C_tot:with_edl_FULL,8.314,96485.0,298.0,8.8541878128e-12,78.5,,1.1787686347935873,8.857950534245633e-09,1.1e-08,1e-08,3.7e-08,1.0,0.00012,1.0,3.77e-05,0.001529312048670374,12.744267072253116,0.0004804588686239425,0.513,0.361,0.371,8.85e-05,0.0003878,0.5,0.37,-1.0,1.0,0.1,0.834,80,1200,1e-10,12,True,True,True,False,False,1.0,warn,True,False,False,15,25,25,BOTH,BOTH,BOTH,0.1,10000.0,0.1,10000.0,0.0,1e-06,FULL,0.46612120961873205,0.26576921300767514,0.26576921300767514,2.3541705423473776e-09,2.3541705423473776e-09,1.885824829628291e-11,1.885824829628291e-11,1.6704543057099599e-19,1.6704543057099599e-19,True,brentq,14,1.0,0.30469848039708824,-0.11014905139704227,0.09699885434445009,-0.03502183616910151,3.7080390036231226,False,with_edl_FULL,0.0011787686347935872,,,C_tot,1.1787686347935873,0.0011787686347935872
ofat_compare:C_tot:without_edl,8.314,96485.0,298.0,8.8541878128e-12,78.5,,1.1787686347935873,8.857950534245633e-09,1.1e-08,1e-08,3.7e-08,1.0,0.00012,1.0,3.77e-05,0.001529312048670374,12.744267072253116,0.0004804588686239425,0.513,0.361,0.371,8.85e-05,0.0003878,0.5,0.37,-1.0,1.0,0.1,0.834,80,1200,1e-10,12,True,True,True,False,False,1.0,warn,True,False,False,15,25,25,BOTH,BOTH,BOTH,0.1,10000.0,0.1,10000.0,0.0,1e-06,FULL,0.4915721295774951,0.22506652873688202,0.22506652873688202,1.9936281784656743e-09,1.9936281784656743e-09,2.4337865056622832e-11,2.4337865056622832e-11,2.1558360478071034e-19,2.1558360478071034e-19,True,brentq,12,1.0,0.0,0.0,0.0,0.0,0.0,True,without_edl,0.0011787686347935872,,,C_tot,1.1787686347935873,0.0011787686347935872
ofat_compare:C_tot:with_edl_FULL,8.314,96485.0,298.0,8.8541878128e-12,78.5,,2.682695795279726,5.871672471365626e-09,1.1e-08,1e-08,3.7e-08,1.0,0.00012,1.0,3.77e-05,0.0010137355612440582,8.447796343700485,0.0003184819221575083,0.513,0.361,0.371,8.85e-05,0.0003878,0.5,0.37,-1.0,1.0,0.1,0.834,80,1200,1e-10,12,True,True,True,False,False,1.0,warn,True,False,False,15,25,25,BOTH,BOTH,BOTH,0.1,10000.0,0.1,10000.0,0.0,1e-06,FULL,0.47308144506121663,0.38868145286498323,0.38868145286498323,2.282210186917718e-09,2.282210186917718e-09,7.466249840604178e-14,7.466249840604178e-14,4.383937365341355e-22,4.383937365341355e-22,True,brentq,14,1.0,0.20397978076636822,-0.07375495747174206,0.061692218004646755,-0.022274062224202217,3.835385659270983,False,with_edl_FULL,0.002682695795279726,,,C_tot,2.682695795279726,0.002682695795279726
ofat_compare:C_tot:without_edl,8.314,96485.0,298.0,8.8541878128e-12,78.5,,2.682695795279726,5.871672471365626e-09,1.1e-08,1e-08,3.7e-08,1.0,0.00012,1.0,3.77e-05,0.0010137355612440582,8.447796343700485,0.0003184819221575083,0.513,0.361,0.371,8.85e-05,0.0003878,0.5,0.37,-1.0,1.0,0.1,0.834,80,1200,1e-10,12,True,True,True,False,False,1.0,warn,True,False,False,15,25,25,BOTH,BOTH,BOTH,0.1,10000.0,0.1,10000.0,0.0,1e-06,FULL,0.4915721295774951,0.33953327406935535,0.33953327406935535,1.9936281784656743e-09,1.9936281784656743e-09,3.6715852580471164e-11,3.6715852580471164e-11,2.1558346085947112e-19,2.1558346085947112e-19,True,brentq,12,1.0,0.0,0.0,0.0,0.0,0.0,True,without_edl,0.002682695795279726,,,C_tot,2.682695795279726,0.002682695795279726
ofat_compare:C_tot:with_edl_FULL,8.314,96485.0,298.0,8.8541878128e-12,78.5,,6.105402296585329,3.892157387615062e-09,1.1e-08,1e-08,3.7e-08,1.0,0.00012,1.0,3.77e-05,0.0006719752120074396,5.599793433395329,0.00021111221243900392,0.513,0.361,0.371,8.85e-05,0.0003878,0.5,0.37,-1.0,1.0,0.1,0.834,80,1200,1e-10,12,True,True,True,False,False,1.0,warn,True,False,False,15,25,25,BOTH,BOTH,BOTH,0.1,10000.0,0.1,10000.0,0.0,1e-06,FULL,0.47891974393935044,0.5650374629824235,0.5650374629824235,2.199214735826312e-09,2.199214735826312e-09,9.381384558082573e-14,9.381384558082573e-14,3.651382521379895e-22,3.651382521379895e-22,True,brentq,12,1.0,0.12807353088731496,-0.04632117285934729,0.0381926058881984,-0.01378957808273375,3.857991626233291,False,with_edl_FULL,0.0061054022965853294,,,C_tot,6.105402296585329,0.0061054022965853294
ofat_compare:C_tot:without_edl,8.314,96485.0,298.0,8.8541878128e-12,78.5,,6.105402296585329,3.892157387615062e-09,1.1e-08,1e-08,3.7e-08,1.0,0.00012,1.0,3.77e-05,0.0006719752120074396,5.599793433395329,0.00021111221243900392,0.513,0.361,0.371,8.85e-05,0.0003878,0.5,0.37,-1.0,1.0,0.1,0.834,80,1200,1e-10,12,True,True,True,False,False,1.0,warn,True,False,False,15,25,25,BOTH,BOTH,BOTH,0.1,10000.0,0.1,10000.0,0.0,1e-06,FULL,0.4915721295774951,0.5122167425216274,0.5122167425216274,1.9936281784656743e-09,1.9936281784656743e-09,5.5389248743153985e-11,5.5389248743153985e-11,2.1558367369011508e-19,2.1558367369011508e-19,True,brentq,12,1.0,0.0,0.0,0.0,0.0,0.0,True,without_edl,0.0061054022965853294,,,C_tot,6.105402296585329,0.0061054022965853294
ofat_compare:C_tot:with_edl_FULL,8.314,96485.0,298.0,8.8541878128e-12,78.5,,13.894954943731374,2.5799955981610125e-09,1.1e-08,1e-08,3.7e-08,1.0,0.00012,1.0,3.77e-05,0.0004454324212502711,3.7119368437522593,0.00013994001900946018,0.513,0.361,0.371,8.85e-05,0.0003878,0.5,0.37,-1.0,1.0,0.1,0.834,80,1200,1e-10,12,True,True,True,False,False,1.0,warn,True,False,False,15,25,25,BOTH,BOTH,BOTH,0.1,10000.0,0.1,10000.0,0.0,1e-06,FULL,0.48343489224834846,0.8243865955976947,0.8243865955976947,2.126913787824995e-09,2.126913787824995e-09,-5.234090938444069e-11,-5.234090938444069e-11,-1.3503931581560143e-19,-1.3503931581560143e-19,True,brentq,11,1.0,0.07704880645196893,-0.027875700030348192,0.02292851249612909,-0.008278554747244489,3.746393458673623,False,with_edl_FULL,0.013894954943731374,,,C_tot,13.894954943731374,0.013894954943731374
ofat_compare:C_tot:without_edl,8.314,96485.0,298.0,8.8541878128e-12,78.5,,13.894954943731374,2.5799955981610125e-09,1.1e-08,1e-08,3.7e-08,1.0,0.00012,1.0,3.77e-05,0.0004454324212502711,3.7119368437522593,0.00013994001900946018,0.513,0.361,0.371,8.85e-05,0.0003878,0.5,0.37,-1.0,1.0,0.1,0.834,80,1200,1e-10,12,True,True,True,False,False,1.0,warn,True,False,False,15,25,25,BOTH,BOTH,BOTH,0.1,10000.0,0.1,10000.0,0.0,1e-06,FULL,0.4915721295774951,0.7727254185575768,0.7727254185575768,1.9936281784656743e-09,1.9936281784656743e-09,8.355960368078286e-11,8.355960368078286e-11,2.155834096804985e-19,2.155834096804985e-19,True,brentq,12,1.0,0.0,0.0,0.0,0.0,0.0,True,without_edl,0.013894954943731374,,,C_tot,13.894954943731374,0.013894954943731374
ofat_compare:C_tot:with_edl_FULL,8.314,96485.0,298.0,8.8541878128e-12,78.5,,31.622776601683793,1.7102024979028212e-09,1.1e-08,1e-08,3.7e-08,1.0,0.00012,1.0,3.77e-05,0.0002952639299121681,2.4605327492680673,9.276208464740614e-05,0.513,0.361,0.371,8.85e-05,0.0003878,0.5,0.37,-1.0,1.0,0.1,0.834,80,1200,1e-10,12,True,True,True,False,False,1.0,warn,True,False,False,15,25,25,BOTH,BOTH,BOTH,0.1,10000.0,0.1,10000.0,0.0,1e-06,FULL,0.4866473484583731,1.2122287723494818,1.2122287723494818,2.073156674501754e-09,2.073156674501754e-09,2.7511548594816304e-10,2.7511548594816304e-10,4.70503191280297e-19,4.70503191280297e-19,True,brentq,11,1.0,0.044887484583786524,-0.01624643305247097,0.013354274699612968,-0.00482180362019761,3.4897239929131842,False,with_edl_FULL,0.03162277660168379,,,C_tot,31.622776601683793,0.03162277660168379
ofat_compare:C_tot:without_edl,8.314,96485.0,298.0,8.8541878128e-12,78.5,,31.622776601683793,1.7102024979028212e-09,1.1e-08,1e-08,3.7e-08,1.0,0.00012,1.0,3.77e-05,0.0002952639299121681,2.4605327492680673,9.276208464740614e-05,0.513,0.361,0.371,8.85e-05,0.0003878,0.5,0.37,-1.0,1.0,0.1,0.834,80,1200,1e-10,12,True,True,True,False,False,1.0,warn,True,False,False,15,25,25,BOTH,BOTH,BOTH,0.1,10000.0,0.1,10000.0,0.0,1e-06,FULL,0.4915721295774951,1.1657263867351446,1.1657263867351446,1.9936281784656743e-09,1.9936281784656743e-09,1.2605738675119937e-10,1.2605738675119937e-10,2.1558365770100317e-19,2.1558365770100317e-19,True,brentq,12,1.0,0.0,0.0,0.0,0.0,0.0,True,without_edl,0.03162277660168379,,,C_tot,31.622776601683793,0.03162277660168379
ofat_compare:C_tot:with_edl_FULL,8.314,96485.0,298.0,8.8541878128e-12,78.5,,71.96856730011521,1.1336424705211915e-09,1.1e-08,1e-08,3.7e-08,1.0,0.00012,1.0,3.77e-05,0.00019572169457820904,1.6310141214850753,6.148923237998734e-05,0.513,0.361,0.371,8.85e-05,0.0003878,0.5,0.37,-1.0,1.0,0.1,0.834,80,1200,1e-10,12,True,True,True,False,False,1.0,warn,True,False,False,15,25,25,BOTH,BOTH,BOTH,0.1,10000.0,0.1,10000.0,0.0,1e-06,FULL,0.4887431295588582,1.7977669703650387,1.7977669703650387,2.03802498970602e-09,2.03802498970602e-09,1.364118817903659e-09,1.364118817903659e-09,1.5464230268127513e-18,1.5464230268127513e-18,True,brentq,11,1.0,0.025427909390390534,-0.009208007853186916,0.0075638355381457455,-0.002731152125392155,3.1048318735989966,False,with_edl_FULL,0.07196856730011521,,,C_tot,71.96856730011521,0.07196856730011521
ofat_compare:C_tot:without_edl,8.314,96485.0,298.0,8.8541878128e-12,78.5,,71.96856730011521,1.1336424705211915e-09,1.1e-08,1e-08,3.7e-08,1.0,0.00012,1.0,3.77e-05,0.00019572169457820904,1.6310141214850753,6.148923237998734e-05,0.513,0.361,0.371,8.85e-05,0.0003878,0.5,0.37,-1.0,1.0,0.1,0.834,80,1200,1e-10,12,True,True,True,False,False,1.0,warn,True,False,False,15,25,25,BOTH,BOTH,BOTH,0.1,10000.0,0.1,10000.0,0.0,1e-06,FULL,0.4915721295774951,1.7586039957986974,1.7586039957986974,1.9936281784656743e-09,1.9936281784656743e-09,1.9016876962041351e-10,1.9016876962041351e-10,2.1558339380846087e-19,2.1558339380846087e-19,True,brentq,12,1.0,0.0,0.0,0.0,0.0,0.0,True,without_edl,0.07196856730011521,,,C_tot,71.96856730011521,0.07196856730011521
ofat_compare:C_tot:with_edl_FULL,8.314,96485.0,298.0,8.8541878128e-12,78.5,,163.78937069540646,7.514579428724564e-10,1.1e-08,1e-08,3.7e-08,1.0,0.00012,1.0,3.77e-05,0.0001297381015688604,1.08115084640717,4.075938690955031e-05,0.513,0.361,0.371,8.85e-05,0.0003878,0.5,0.37,-1.0,1.0,0.1,0.834,80,1200,1e-10,12,True,True,True,False,False,1.0,warn,True,False,False,15,25,25,BOTH,BOTH,BOTH,0.1,10000.0,0.1,10000.0,0.0,1e-06,FULL,0.4900071539775093,2.684546504875478,2.684546504875478,2.017323794099169e-09,2.017323794099169e-09,1.092459456231154e-13,1.092459456231154e-13,8.209373356510253e-23,8.209373356510253e-23,True,brentq,12,1.0,0.014086858557410806,-0.005104543405416864,0.004189557914721696,-0.001512834814818816,2.638690906564574,False,with_edl_FULL,0.16378937069540647,,,C_tot,163.78937069540646,0.16378937069540647
ofat_compare:C_tot:without_edl,8.314,96485.0,298.0,8.8541878128e-12,78.5,,163.78937069540646,7.514579428724564e-10,1.1e-08,1e-08,3.7e-08,1.0,0.00012,1.0,3.77e-05,0.0001297381015688604,1.08115084640717,4.075938690955031e-05,0.513,0.361,0.371,8.85e-05,0.0003878,0.5,0.37,-1.0,1.0,0.1,0.834,80,1200,1e-10,12,True,True,True,False,False,1.0,warn,True,False,False,15,25,25,BOTH,BOTH,BOTH,0.1,10000.0,0.1,10000.0,0.0,1e-06,FULL,0.49157212957749513,2.6530136481690625,2.6530136481690625,1.9936281784656743e-09,1.9936281784656743e-09,2.8688962316891775e-10,2.8688962316891775e-10,2.1558548605796913e-19,2.1558548605796913e-19,True,brentq,12,1.0,0.0,0.0,0.0,0.0,0.0,True,without_edl,0.16378937069540647,,,C_tot,163.78937069540646,0.16378937069540647
ofat_compare:C_tot:with_edl_FULL,8.314,96485.0,298.0,8.8541878128e-12,78.5,,372.7593720314942,4.981191641898247e-10,1.1e-08,1e-08,3.7e-08,1.0,0.00012,1.0,3.77e-05,8.599953640788652e-05,0.7166628033990543,2.7018187688144348e-05,0.513,0.361,0.371,8.85e-05,0.0003878,0.5,0.37,-1.0,1.0,0.1,0.834,80,1200,1e-10,12,True,True,True,False,False,1.0,warn,True,False,False,15,25,25,BOTH,BOTH,BOTH,0.1,10000.0,0.1,10000.0,0.0,1e-06,FULL,0.49072140279483606,4.027211901485422,4.027211901485422,2.006031426383233e-09,2.006031426383233e-09,1.4310330698208418e-11,1.4310330698208418e-11,7.128249966671568e-21,7.128249966671568e-21,True,brentq,12,1.0,0.007729633755577842,-0.0028032289203634504,0.0022981597791171936,-0.0008299044755971252,2.147168877367079,False,with_edl_FULL,0.3727593720314942,,,C_tot,372.7593720314942,0.3727593720314942
ofat_compare:C_tot:without_edl,8.314,96485.0,298.0,8.8541878128e-12,78.5,,372.7593720314942,4.981191641898247e-10,1.1e-08,1e-08,3.7e-08,1.0,0.00012,1.0,3.77e-05,8.599953640788652e-05,0.7166628033990543,2.7018187688144348e-05,0.513,0.361,0.371,8.85e-05,0.0003878,0.5,0.37,-1.0,1.0,0.1,0.834,80,1200,1e-10,12,True,True,True,False,False,1.0,warn,True,False,False,15,25,25,BOTH,BOTH,BOTH,0.1,10000.0,0.1,10000.0,0.0,1e-06,FULL,0.4915721295774951,4.00231173941731,4.00231173941731,1.993628178465674e-09,1.993628178465674e-09,4.327951330651558e-10,4.327951330651558e-10,2.1558354994783938e-19,2.1558354994783938e-19,True,brentq,12,1.0,0.0,0.0,0.0,0.0,0.0,True,without_edl,0.3727593720314942,,,C_tot,372.7593720314942,0.3727593720314942
ofat_compare:C_tot:with_edl_FULL,8.314,96485.0,298.0,8.8541878128e-12,78.5,,848.3428982440726,3.3018840786314373e-10,1.1e-08,1e-08,3.7e-08,1.0,0.00012,1.0,3.77e-05,5.700653989025659e-05,0.47505449908547154,1.7909554615522278e-05,0.513,0.361,0.371,8.85e-05,0.0003878,0.5,0.37,-1.0,1.0,0.1,0.834,80,1200,1e-10,12,True,True,True,False,False,1.0,warn,True,False,False,15,25,25,BOTH,BOTH,BOTH,0.1,10000.0,0.1,10000.0,0.0,1e-06,FULL,0.49110570439841716,6.057656942553071,6.057656942553071,2.0001681012427176e-09,2.0001681012427176e-09,1.7604406821192242e-10,1.7604406821192242e-10,5.812771059664534e-20,5.812771059664534e-20,True,brentq,12,1.0,0.004291670411106795,-0.001557843256821682,0.0012752924379341598,-0.00046055905662922624,1.6979807955194737,False,with_edl_FULL,0.8483428982440726,,,C_tot,848.3428982440726,0.8483428982440726
ofat_compare:C_tot:without_edl,8.314,96485.0,298.0,8.8541878128e-12,78.5,,848.3428982440726,3.3018840786314373e-10,1.1e-08,1e-08,3.7e-08,1.0,0.00012,1.0,3.77e-05,5.700653989025659e-05,0.47505449908547154,1.7909554615522278e-05,0.513,0.361,0.371,8.85e-05,0.0003878,0.5,0.37,-1.0,1.0,0.1,0.834,80,1200,1e-10,12,True,True,True,False,False,1.0,warn,True,False,False,15,25,25,BOTH,BOTH,BOTH,0.1,10000.0,0.1,10000.0,0.0,1e-06,FULL,0.4915721295774951,6.0378503030063735,6.0378503030063735,1.9936281784656743e-09,1.9936281784656743e-09,6.529115026410182e-10,6.529115026410182e-10,2.1558380953257054e-19,2.1558380953257054e-19,True,brentq,12,1.0,0.0,0.0,0.0,0.0,0.0,True,without_edl,0.8483428982440726,,,C_tot,848.3428982440726,0.8483428982440726
ofat_compare:C_tot:with_edl_FULL,8.314,96485.0,298.0,8.8541878128e-12,78.5,,1930.6977288832495,2.1887209432008617e-10,1.1e-08,1e-08,3.7e-08,1.0,0.00012,1.0,3.77e-05,3.778794312153294e-05,0.3148995260127745,1.1871712130681598e-05,0.513,0.361,0.371,8.85e-05,0.0003878,0.5,0.37,-1.0,1.0,0.1,0.834,80,1200,1e-10,12,True,True,True,False,False,1.0,warn,True,False,False,15,25,25,BOTH,BOTH,BOTH,0.1,10000.0,0.1,10000.0,0.0,1e-06,FULL,0.491307318794561,9.124878703206587,9.124878703206587,1.9971813121875777e-09,1.9971813121875777e-09,5.916014345075382e-10,5.916014345075382e-10,1.2948504497343217e-19,1.2948504497343217e-19,True,brentq,12,1.0,0.002469860764246154,-0.0008973046454768854,0.0007333285925305844,-0.0002648500701649112,1.2909820571032977,False,with_edl_FULL,1.9306977288832494,,,C_tot,1930.6977288832495,1.9306977288832494
ofat_compare:C_tot:without_edl,8.314,96485.0,298.0,8.8541878128e-12,78.5,,1930.6977288832495,2.1887209432008617e-10,1.1e-08,1e-08,3.7e-08,1.0,0.00012,1.0,3.77e-05,3.778794312153294e-05,0.3148995260127745,1.1871712130681598e-05,0.513,0.361,0.371,8.85e-05,0.0003878,0.5,0.37,-1.0,1.0,0.1,0.834,80,1200,1e-10,12,True,True,True,False,False,1.0,warn,True,False,False,15,25,25,BOTH,BOTH,BOTH,0.1,10000.0,0.1,10000.0,0.0,1e-06,FULL,0.49157212957749513,9.108644867034183,9.108644867034183,1.9936281784656743e-09,1.9936281784656743e-09,9.849845383769207e-10,9.849845383769207e-10,2.1558562878745992e-19,2.1558562878745992e-19,True,brentq,12,1.0,0.0,0.0,0.0,0.0,0.0,True,without_edl,1.9306977288832494,,,C_tot,1930.6977288832495,1.9306977288832494
ofat_compare:C_tot:with_edl_FULL,8.314,96485.0,298.0,8.8541878128e-12,78.5,,4393.970560760795,1.4508381436551304e-10,1.1e-08,1e-08,3.7e-08,1.0,0.00012,1.0,3.77e-05,2.5048505804862314e-05,0.2087375483738526,7.869405573694244e-06,0.513,0.361,0.371,8.85e-05,0.0003878,0.5,0.37,-1.0,1.0,0.1,0.834,80,1200,1e-10,12,True,True,True,False,False,1.0,warn,True,False,False,15,25,25,BOTH,BOTH,BOTH,0.1,10000.0,0.1,10000.0,0.0,1e-06,FULL,0.4914141489728822,13.755104728759973,13.755104728759973,1.9956430610456025e-09,1.9956430610456025e-09,1.1994636395229463e-09,1.1994636395229463e-09,1.740227600147298e-19,1.740227600147298e-19,True,brentq,12,1.0,0.0014928523893667546,-0.0005426943585330405,0.0004428306398341274,-0.0001599404354013044,0.9450657755447702,True,with_edl_FULL,4.393970560760795,,,C_tot,4393.970560760795,4.393970560760795
ofat_compare:C_tot:without_edl,8.314,96485.0,298.0,8.8541878128e-12,78.5,,4393.970560760795,1.4508381436551304e-10,1.1e-08,1e-08,3.7e-08,1.0,0.00012,1.0,3.77e-05,2.5048505804862314e-05,0.2087375483738526,7.869405573694244e-06,0.513,0.361,0.371,8.85e-05,0.0003878,0.5,0.37,-1.0,1.0,0.1,0.834,80,1200,1e-10,12,True,True,True,False,False,1.0,warn,True,False,False,15,25,25,BOTH,BOTH,BOTH,0.1,10000.0,0.1,10000.0,0.0,1e-06,FULL,0.49157212957749513,13.741217014346482,13.741217014346482,1.9936281784656743e-09,1.9936281784656743e-09,1.4859402597267035e-09,1.4859402597267035e-09,2.1558588080043128e-19,2.1558588080043128e-19,True,brentq,12,1.0,0.0,0.0,0.0,0.0,0.0,True,without_edl,4.393970560760795,,,C_tot,4393.970560760795,4.393970560760795
ofat_compare:C_tot:with_edl_FULL,8.314,96485.0,298.0,8.8541878128e-12,78.5,,10000.0,9.617175390145178e-11,1.1e-08,1e-08,3.7e-08,1.0,0.00012,1.0,3.77e-05,1.6603910962771898e-05,0.1383659246897658,5.216395360804171e-06,0.513,0.361,0.371,8.85e-05,0.0003878,0.5,0.37,-1.0,1.0,0.1,0.834,80,1200,1e-10,12,True,True,True,False,False,1.0,warn,True,False,False,15,25,25,BOTH,BOTH,BOTH,0.1,10000.0,0.1,10000.0,0.0,1e-06,FULL,0.49147348172464916,20.7422843629773,20.7422843629773,1.9948218671101844e-09,1.9948218671101844e-09,2.0320634064319165e-09,2.0320634064319165e-09,1.9542710183551606e-19,1.9542710183551606e-19,True,brentq,12,1.0,0.0009426894489274233,-0.00034281519942676075,0.0002794104333771023,-0.00010091927572204781,0.6712743129600653,True,with_edl_FULL,10.0,,,C_tot,10000.0,10.0
ofat_compare:C_tot:without_edl,8.314,96485.0,298.0,8.8541878128e-12,78.5,,10000.0,9.617175390145178e-11,1.1e-08,1e-08,3.7e-08,1.0,0.00012,1.0,3.77e-05,1.6603910962771898e-05,0.1383659246897658,5.216395360804171e-06,0.513,0.361,0.371,8.85e-05,0.0003878,0.5,0.37,-1.0,1.0,0.1,0.834,80,1200,1e-10,12,True,True,True,False,False,1.0,warn,True,False,False,15,25,25,BOTH,BOTH,BOTH,0.1,10000.0,0.1,10000.0,0.0,1e-06,FULL,0.49157212957749513,20.729872312701776,20.729872312701776,1.9936281784656743e-09,1.9936281784656743e-09,2.2416699607674673e-09,2.2416699607674673e-09,2.1558533179520593e-19,2.1558533179520593e-19,True,brentq,12,1.0,0.0,0.0,0.0,0.0,0.0,True,without_edl,10.0,,,C_tot,10000.0,10.0
ofat_compare:lambda_D:with_edl_FULL,8.314,96485.0,298.0,8.8541878128e-12,78.5,,0.1,3.0412178890177225e-09,1.1e-08,1e-08,3.7e-08,1.0,0.00012,1.0,3.77e-05,0.0005250617670899844,4.37551472574987,0.0001649569051607701,0.513,0.361,0.371,8.85e-05,0.0003878,0.5,0.37,-1.0,1.0,0.1,0.834,80,1200,1e-10,12,True,True,True,False,False,1.0,warn,True,False,False,15,25,25,BOTH,BOTH,BOTH,0.1,10000.0,0.1,10000.0,0.0,1e-06,FULL,0.4817902796224986,0.7082159255330205,0.7082159255330205,2.153838942018265e-09,2.153838942018265e-09,3.3306690738754696e-15,3.3306690738754696e-15,1.0129290369868168e-23,1.0129290369868168e-23,True,brentq,12,1.0,0.0948128819600079,-0.034297944500687044,0.028224808080167755,-0.010190756289682773,3.8083684750190674,False,with_edl_FULL,0.0001,,,lambda_D,3.0412178890177225e-09,
ofat_compare:lambda_D:without_edl,8.314,96485.0,298.0,8.8541878128e-12,78.5,,0.1,3.0412178890177225e-09,1.1e-08,1e-08,3.7e-08,1.0,0.00012,1.0,3.77e-05,0.0005250617670899844,4.37551472574987,0.0001649569051607701,0.513,0.361,0.371,8.85e-05,0.0003878,0.5,0.37,-1.0,1.0,0.1,0.834,80,1200,1e-10,12,True,True,True,False,False,1.0,warn,True,False,False,15,25,25,BOTH,BOTH,BOTH,0.1,10000.0,0.1,10000.0,0.0,1e-06,FULL,0.49157212957749513,0.6555361211259981,0.6555361211259981,1.993628178465674e-09,1.993628178465674e-09,7.088785114461871e-11,7.088785114461871e-11,2.1558540101503986e-19,2.1558540101503986e-19,True,brentq,12,1.0,0.0,0.0,0.0,0.0,0.0,True,without_edl,0.0001,,,lambda_D,3.0412178890177225e-09,
ofat_compare:lambda_D:with_edl_FULL,8.314,96485.0,298.0,8.8541878128e-12,78.5,,0.1,4.225758554197105e-09,1.1e-08,1e-08,3.7e-08,1.0,0.00012,1.0,3.77e-05,0.0007295709596391302,6.079757996992751,0.00022920687648662674,0.513,0.361,0.371,8.85e-05,0.0003878,0.5,0.37,-1.0,1.0,0.1,0.834,80,1200,1e-10,12,True,True,True,False,False,1.0,warn,True,False,False,15,25,25,BOTH,BOTH,BOTH,0.1,10000.0,0.1,10000.0,0.0,1e-06,FULL,0.47785534376505134,0.5242585467025707,0.5242585467025707,2.2153900383393306e-09,2.2153900383393306e-09,2.778888230636767e-13,2.778888230636767e-13,1.1742910711770976e-21,1.1742910711770976e-21,True,brentq,12,1.0,0.1411272162103757,-0.051039448343200206,0.04213865619063383,-0.015214281588455836,3.8634707331624654,False,with_edl_FULL,0.0001,,,lambda_D,4.225758554197105e-09,
ofat_compare:lambda_D:without_edl,8.314,96485.0,298.0,8.8541878128e-12,78.5,,0.1,4.225758554197105e-09,1.1e-08,1e-08,3.7e-08,1.0,0.00012,1.0,3.77e-05,0.0007295709596391302,6.079757996992751,0.00022920687648662674,0.513,0.361,0.371,8.85e-05,0.0003878,0.5,0.37,-1.0,1.0,0.1,0.834,80,1200,1e-10,12,True,True,True,False,False,1.0,warn,True,False,False,15,25,25,BOTH,BOTH,BOTH,0.1,10000.0,0.1,10000.0,0.0,1e-06,FULL,0.4915721295774951,0.4717799545091293,0.4717799545091293,1.9936281784656743e-09,1.9936281784656743e-09,5.1016635360667806e-11,5.1016635360667806e-11,2.1558398328169652e-19,2.1558398328169652e-19,True,brentq,12,1.0,0.0,0.0,0.0,0.0,0.0,True,without_edl,0.0001,,,lambda_D,4.225758554197105e-09,
ofat_compare:lambda_D:with_edl_FULL,8.314,96485.0,298.0,8.8541878128e-12,78.5,,0.1,5.8716724713656395e-09,1.1e-08,1e-08,3.7e-08,1.0,0.00012,1.0,3.77e-05,0.0010137355612440605,8.447796343700505,0.00031848192215750906,0.513,0.361,0.371,8.85e-05,0.0003878,0.5,0.37,-1.0,1.0,0.1,0.834,80,1200,1e-10,12,True,True,True,False,False,1.0,warn,True,False,False,15,25,25,BOTH,BOTH,BOTH,0.1,10000.0,0.1,10000.0,0.0,1e-06,FULL,0.47308144506121647,0.38868145286498207,0.38868145286498207,2.2822101869177165e-09,2.2822101869177165e-09,7.388534228880417e-14,7.388534228880417e-14,4.33830530354599e-22,4.33830530354599e-22,True,brentq,14,1.0,0.20397978076636925,-0.07375495747174235,0.0616922180046472,-0.02227406222420243,3.835385659270983,False,with_edl_FULL,0.0001,,,lambda_D,5.8716724713656395e-09,
ofat_compare:lambda_D:without_edl,8.314,96485.0,298.0,8.8541878128e-12,78.5,,0.1,5.8716724713656395e-09,1.1e-08,1e-08,3.7e-08,1.0,0.00012,1.0,3.77e-05,0.0010137355612440605,8.447796343700505,0.00031848192215750906,0.513,0.361,0.371,8.85e-05,0.0003878,0.5,0.37,-1.0,1.0,0.1,0.834,80,1200,1e-10,12,True,True,True,False,False,1.0,warn,True,False,False,15,25,25,BOTH,BOTH,BOTH,0.1,10000.0,0.1,10000.0,0.0,1e-06,FULL,0.4915721295774951,0.3395332740693546,0.3395332740693546,1.9936281784656743e-09,1.9936281784656743e-09,3.6715908091622396e-11,3.6715908091622396e-11,2.1558378680277015e-19,2.1558378680277015e-19,True,brentq,12,1.0,0.0,0.0,0.0,0.0,0.0,True,without_edl,0.0001,,,lambda_D,5.8716724713656395e-09,
ofat_compare:lambda_D:with_edl_FULL,8.314,96485.0,298.0,8.8541878128e-12,78.5,,0.1,8.158662443397333e-09,1.1e-08,1e-08,3.7e-08,1.0,0.00012,1.0,3.77e-05,0.0014085809948344446,11.738174956953705,0.00044252919587715466,0.513,0.361,0.371,8.85e-05,0.0003878,0.5,0.37,-1.0,1.0,0.1,0.834,80,1200,1e-10,12,True,True,True,False,False,1.0,warn,True,False,False,15,25,25,BOTH,BOTH,BOTH,0.1,10000.0,0.1,10000.0,0.0,1e-06,FULL,0.4675834450592786,0.2871111099426745,0.2871111099426745,2.3424426297714214e-09,2.3424426297714214e-09,6.7884031729192884e-12,6.7884031729192884e-12,5.53842900175359e-20,5.53842900175359e-20,True,brentq,14,1.0,0.2829641044738976,-0.10229600621388969,0.08876422003885635,-0.03204859978101313,3.7400836623106173,False,with_edl_FULL,0.0001,,,lambda_D,8.158662443397333e-09,
ofat_compare:lambda_D:without_edl,8.314,96485.0,298.0,8.8541878128e-12,78.5,,0.1,8.158662443397333e-09,1.1e-08,1e-08,3.7e-08,1.0,0.00012,1.0,3.77e-05,0.0014085809948344446,11.738174956953705,0.00044252919587715466,0.513,0.361,0.371,8.85e-05,0.0003878,0.5,0.37,-1.0,1.0,0.1,0.834,80,1200,1e-10,12,True,True,True,False,False,1.0,warn,True,False,False,15,25,25,BOTH,BOTH,BOTH,0.1,10000.0,0.1,10000.0,0.0,1e-06,FULL,0.4915721295774951,0.2443572328548883,0.2443572328548883,1.9936281784656743e-09,1.9936281784656743e-09,2.6423835342015423e-11,2.6423835342015423e-11,2.1558315301541635e-19,2.1558315301541635e-19,True,brentq,12,1.0,0.0,0.0,0.0,0.0,0.0,True,without_edl,0.0001,,,lambda_D,8.158662443397333e-09,
ofat_compare:lambda_D:with_edl_FULL,8.314,96485.0,298.0,8.8541878128e-12,78.5,,0.1,1.1336424705211914e-08,1.1e-08,1e-08,3.7e-08,1.0,0.00012,1.0,3.77e-05,0.00195721694578209,16.310141214850752,0.0006148923237998733,0.513,0.361,0.371,8.85e-05,0.0003878,0.5,0.37,-1.0,1.0,0.1,0.834,80,1200,1e-10,12,True,True,True,False,False,1.0,warn,True,False,False,15,25,25,BOTH,BOTH,BOTH,0.1,10000.0,0.1,10000.0,0.0,1e-06,FULL,0.46159606762816263,0.20948713017803722,0.20948713017803722,2.3748350779742455e-09,2.3748350779742455e-09,-1.5161283339892861e-10,-1.5161283339892861e-10,-1.7187474701707923e-18,-1.7187474701707923e-18,True,brentq,14,1.0,0.3726248183352234,-0.1346905882573088,0.12602334119578498,-0.04550178571438549,3.5972599659016815,False,with_edl_FULL,0.0001,,,lambda_D,1.1336424705211914e-08,
ofat_compare:lambda_D:without_edl,8.314,96485.0,298.0,8.8541878128e-12,78.5,,0.1,1.1336424705211914e-08,1.1e-08,1e-08,3.7e-08,1.0,0.00012,1.0,3.77e-05,0.00195721694578209,16.310141214850752,0.0006148923237998733,0.513,0.361,0.371,8.85e-05,0.0003878,0.5,0.37,-1.0,1.0,0.1,0.834,80,1200,1e-10,12,True,True,True,False,False,1.0,warn,True,False,False,15,25,25,BOTH,BOTH,BOTH,0.1,10000.0,0.1,10000.0,0.0,1e-06,FULL,0.4915721295774951,0.17586039957986974,0.17586039957986974,1.9936281784656743e-09,1.9936281784656743e-09,1.9016871410926228e-11,1.9016871410926228e-11,2.1558333087866224e-19,2.1558333087866224e-19,True,brentq,12,1.0,0.0,0.0,0.0,0.0,0.0,True,without_edl,0.0001,,,lambda_D,1.1336424705211914e-08,
ofat_compare:lambda_D:with_edl_FULL,8.314,96485.0,298.0,8.8541878128e-12,78.5,,0.1,1.5751911050192293e-08,1.1e-08,1e-08,3.7e-08,1.0,0.00012,1.0,3.77e-05,0.00271954412767497,22.66286773062475,0.0008543901134445531,0.513,0.361,0.371,8.85e-05,0.0003878,0.5,0.37,-1.0,1.0,0.1,0.834,80,1200,1e-10,12,True,True,True,False,False,1.0,warn,True,False,False,15,25,25,BOTH,BOTH,BOTH,0.1,10000.0,0.1,10000.0,0.0,1e-06,FULL,0.4554117559761541,0.14946730199873162,0.14946730199873162,2.3543956459962493e-09,2.3543956459962493e-09,2.4369395390522186e-14,2.4369395390522186e-14,3.8386454853847157e-22,3.8386454853847157e-22,True,brentq,15,1.0,0.46399321354943013,-0.1676985112046674,0.1768657855579443,-0.06386032206687779,3.426122923298509,False,with_edl_FULL,0.0001,,,lambda_D,1.5751911050192293e-08,
ofat_compare:lambda_D:without_edl,8.314,96485.0,298.0,8.8541878128e-12,78.5,,0.1,1.5751911050192293e-08,1.1e-08,1e-08,3.7e-08,1.0,0.00012,1.0,3.77e-05,0.00271954412767497,22.66286773062475,0.0008543901134445531,0.513,0.361,0.371,8.85e-05,0.0003878,0.5,0.37,-1.0,1.0,0.1,0.834,80,1200,1e-10,12,True,True,True,False,False,1.0,warn,True,False,False,15,25,25,BOTH,BOTH,BOTH,0.1,10000.0,0.1,10000.0,0.0,1e-06,FULL,0.4915721295774951,0.12656421002588994,0.12656421002588994,1.993628178465674e-09,1.993628178465674e-09,1.3686163313764155e-11,1.3686163313764155e-11,2.1558322713681797e-19,2.1558322713681797e-19,True,brentq,12,1.0,0.0,0.0,0.0,0.0,0.0,True,without_edl,0.0001,,,lambda_D,1.5751911050192293e-08,
ofat_compare:lambda_D:with_edl_FULL,8.314,96485.0,298.0,8.8541878128e-12,78.5,,0.1,2.1887209432008604e-08,1.1e-08,1e-08,3.7e-08,1.0,0.00012,1.0,3.77e-05,0.0037787943121532917,31.48995260127743,0.0011871712130681591,0.513,0.361,0.371,8.85e-05,0.0003878,0.5,0.37,-1.0,1.0,0.1,0.834,80,1200,1e-10,12,True,True,True,False,False,1.0,warn,True,False,False,15,25,25,BOTH,BOTH,BOTH,0.1,10000.0,0.1,10000.0,0.0,1e-06,FULL,0.4492975734213675,0.10374627920609747,0.10374627920609747,2.2707165407754947e-09,2.2707165407754947e-09,1.4801077030668353e-12,1.4801077030668353e-12,3.2395427278953025e-20,3.2395427278953025e-20,True,brentq,15,1.0,0.5492002418696289,-0.19847773451627776,0.24395745550818854,-0.08808718494953485,3.2425122240389275,False,with_edl_FULL,0.0001,,,lambda_D,2.1887209432008604e-08,
ofat_compare:lambda_D:without_edl,8.314,96485.0,298.0,8.8541878128e-12,78.5,,0.1,2.1887209432008604e-08,1.1e-08,1e-08,3.7e-08,1.0,0.00012,1.0,3.77e-05,0.0037787943121532917,31.48995260127743,0.0011871712130681591,0.513,0.361,0.371,8.85e-05,0.0003878,0.5,0.37,-1.0,1.0,0.1,0.834,80,1200,1e-10,12,True,True,True,False,False,1.0,warn,True,False,False,15,25,25,BOTH,BOTH,BOTH,0.1,10000.0,0.1,10000.0,0.0,1e-06,FULL,0.4915721295774951,0.09108644867034187,0.09108644867034187,1.993628178465674e-09,1.993628178465674e-09,9.849732141020695e-12,9.849732141020695e-12,2.1558315021970645e-19,2.1558315021970645e-19,True,brentq,12,1.0,0.0,0.0,0.0,0.0,0.0,True,without_edl,0.0001,,,lambda_D,2.1887209432008604e-08,
ofat_compare:lambda_D:with_edl_FULL,8.314,96485.0,298.0,8.8541878128e-12,78.5,,0.1,3.0412178890177224e-08,1.1e-08,1e-08,3.7e-08,1.0,0.00012,1.0,3.77e-05,0.0052506176708998435,43.75514725749869,0.0016495690516077008,0.513,0.361,0.371,8.85e-05,0.0003878,0.5,0.37,-1.0,1.0,0.1,0.834,80,1200,1e-10,12,True,True,True,False,False,1.0,warn,True,False,False,15,25,25,BOTH,BOTH,BOTH,0.1,10000.0,0.1,10000.0,0.0,1e-06,FULL,0.4434945442360359,0.07038215501102203,0.07038215501102203,2.1404746888713854e-09,2.1404746888713854e-09,3.0601937650587274e-11,3.0601937650587274e-11,9.306716022157099e-19,9.306716022157099e-19,True,brentq,15,1.0,0.6248610819651623,-0.2258064447072298,0.32671611748407925,-0.11797227973451498,3.059655711817543,False,with_edl_FULL,0.0001,,,lambda_D,3.0412178890177224e-08,
ofat_compare:lambda_D:without_edl,8.314,96485.0,298.0,8.8541878128e-12,78.5,,0.1,3.0412178890177224e-08,1.1e-08,1e-08,3.7e-08,1.0,0.00012,1.0,3.77e-05,0.0052506176708998435,43.75514725749869,0.0016495690516077008,0.513,0.361,0.371,8.85e-05,0.0003878,0.5,0.37,-1.0,1.0,0.1,0.834,80,1200,1e-10,12,True,True,True,False,False,1.0,warn,True,False,False,15,25,25,BOTH,BOTH,BOTH,0.1,10000.0,0.1,10000.0,0.0,1e-06,FULL,0.49157212957749513,0.06555361211259983,0.06555361211259983,1.9936281784656747e-09,1.9936281784656747e-09,7.08880176780724e-12,7.08880176780724e-12,2.1558590747955834e-19,2.1558590747955834e-19,True,brentq,12,1.0,0.0,0.0,0.0,0.0,0.0,True,without_edl,0.0001,,,lambda_D,3.0412178890177224e-08,
ofat_compare:lambda_D:with_edl_FULL,8.314,96485.0,298.0,8.8541878128e-12,78.5,,0.1,4.225758554197105e-08,1.1e-08,1e-08,3.7e-08,1.0,0.00012,1.0,3.77e-05,0.007295709596391302,60.79757996992751,0.002292068764866267,0.513,0.361,0.371,8.85e-05,0.0003878,0.5,0.37,-1.0,1.0,0.1,0.834,80,1200,1e-10,12,True,True,True,False,False,1.0,warn,True,False,False,15,25,25,BOTH,BOTH,BOTH,0.1,10000.0,0.1,10000.0,0.0,1e-06,FULL,0.4382321999292326,0.04722458142812104,0.04722458142812104,1.9955967893826023e-09,1.9955967893826023e-09,5.759281940243e-16,5.759281940243e-16,2.4337334925014757e-23,2.4337334925014757e-23,True,brentq,16,1.0,0.6912945079270246,-0.24980064770099317,0.42021056243519994,-0.15173484004992913,2.8892266876103694,False,with_edl_FULL,0.0001,,,lambda_D,4.225758554197105e-08,
ofat_compare:lambda_D:without_edl,8.314,96485.0,298.0,8.8541878128e-12,78.5,,0.1,4.225758554197105e-08,1.1e-08,1e-08,3.7e-08,1.0,0.00012,1.0,3.77e-05,0.007295709596391302,60.79757996992751,0.002292068764866267,0.513,0.361,0.371,8.85e-05,0.0003878,0.5,0.37,-1.0,1.0,0.1,0.834,80,1200,1e-10,12,True,True,True,False,False,1.0,warn,True,False,False,15,25,25,BOTH,BOTH,BOTH,0.1,10000.0,0.1,10000.0,0.0,1e-06,FULL,0.49157212957749513,0.04717799545091293,0.04717799545091293,1.9936281784656743e-09,1.9936281784656743e-09,5.101696842757519e-12,5.101696842757519e-12,2.155853907420295e-19,2.155853907420295e-19,True,brentq,12,1.0,0.0,0.0,0.0,0.0,0.0,True,without_edl,0.0001,,,lambda_D,4.225758554197105e-08,
ofat_compare:lambda_D:with_edl_FULL,8.314,96485.0,298.0,8.8541878128e-12,78.5,,0.1,5.8716724713656274e-08,1.1e-08,1e-08,3.7e-08,1.0,0.00012,1.0,3.77e-05,0.010137355612440585,84.47796343700487,0.003184819221575084,0.513,0.361,0.371,8.85e-05,0.0003878,0.5,0.37,-1.0,1.0,0.1,0.834,80,1200,1e-10,12,True,True,True,False,False,1.0,warn,True,False,False,15,25,25,BOTH,BOTH,BOTH,0.1,10000.0,0.1,10000.0,0.0,1e-06,FULL,0.43368481035664985,0.031713185368802965,0.031713185368802965,1.8620943750931557e-09,1.8620943750931557e-09,8.867906409193438e-15,8.867906409193438e-15,5.206944194150792e-22,5.206944194150792e-22,True,brentq,16,1.0,0.7497119437704559,-0.27089864689673576,0.5168494056490524,-0.18663332243647188,2.7397839799264343,False,with_edl_FULL,0.0001,,,lambda_D,5.8716724713656274e-08,
ofat_compare:lambda_D:without_edl,8.314,96485.0,298.0,8.8541878128e-12,78.5,,0.1,5.8716724713656274e-08,1.1e-08,1e-08,3.7e-08,1.0,0.00012,1.0,3.77e-05,0.010137355612440585,84.47796343700487,0.003184819221575084,0.513,0.361,0.371,8.85e-05,0.0003878,0.5,0.37,-1.0,1.0,0.1,0.834,80,1200,1e-10,12,True,True,True,False,False,1.0,warn,True,False,False,15,25,25,BOTH,BOTH,BOTH,0.1,10000.0,0.1,10000.0,0.0,1e-06,FULL,0.49157212957749513,0.033953327406935525,0.033953327406935525,1.993628178465674e-09,1.993628178465674e-09,3.671611625843951e-12,3.671611625843951e-12,2.1558500909013922e-19,2.1558500909013922e-19,True,brentq,12,1.0,0.0,0.0,0.0,0.0,0.0,True,without_edl,0.0001,,,lambda_D,5.8716724713656274e-08,
ofat_compare:lambda_D:with_edl_FULL,8.314,96485.0,298.0,8.8541878128e-12,78.5,,0.1,8.158662443397332e-08,1.1e-08,1e-08,3.7e-08,1.0,0.00012,1.0,3.77e-05,0.014085809948344444,117.38174956953704,0.004425291958771546,0.513,0.361,0.371,8.85e-05,0.0003878,0.5,0.37,-1.0,1.0,0.1,0.834,80,1200,1e-10,12,True,True,True,False,False,1.0,warn,True,False,False,15,25,25,BOTH,BOTH,BOTH,0.1,10000.0,0.1,10000.0,0.0,1e-06,FULL,0.42992493502075874,0.021472074609253346,0.021472074609253346,1.7518340869634073e-09,1.7518340869634073e-09,2.7755575615628914e-17,2.7755575615628914e-17,2.264483723701064e-24,2.264483723701064e-24,True,brentq,18,1.0,0.8006675719337265,-0.28930116368578573,0.6091997762127643,-0.2199833858788173,2.6153196669233676,False,with_edl_FULL,0.0001,,,lambda_D,8.158662443397332e-08,
ofat_compare:lambda_D:without_edl,8.314,96485.0,298.0,8.8541878128e-12,78.5,,0.1,8.158662443397332e-08,1.1e-08,1e-08,3.7e-08,1.0,0.00012,1.0,3.77e-05,0.014085809948344444,117.38174956953704,0.004425291958771546,0.513,0.361,0.371,8.85e-05,0.0003878,0.5,0.37,-1.0,1.0,0.1,0.834,80,1200,1e-10,12,True,True,True,False,False,1.0,warn,True,False,False,15,25,25,BOTH,BOTH,BOTH,0.1,10000.0,0.1,10000.0,0.0,1e-06,FULL,0.4915721295774951,0.024435723285488837,0.024435723285488837,1.9936281784656743e-09,1.9936281784656743e-09,2.6423897792060558e-12,2.6423897792060558e-12,2.1558366252425417e-19,2.1558366252425417e-19,True,brentq,12,1.0,0.0,0.0,0.0,0.0,0.0,True,without_edl,0.0001,,,lambda_D,8.158662443397332e-08,
ofat_compare:lambda_D:with_edl_FULL,8.314,96485.0,298.0,8.8541878128e-12,78.5,,0.1,1.1336424705211915e-07,1.1e-08,1e-08,3.7e-08,1.0,0.00012,1.0,3.77e-05,0.019572169457820903,163.10141214850753,0.006148923237998734,0.513,0.361,0.371,8.85e-05,0.0003878,0.5,0.37,-1.0,1.0,0.1,0.834,80,1200,1e-10,12,True,True,True,False,False,1.0,warn,True,False,False,15,25,25,BOTH,BOTH,BOTH,0.1,10000.0,0.1,10000.0,0.0,1e-06,FULL,0.42692647456146426,0.01469807844675189,0.01469807844675189,1.6662365962290089e-09,1.6662365962290089e-09,6.314393452555578e-16,6.314393452555578e-16,7.158264593397941e-23,7.158264593397941e-23,True,brentq,18,1.0,0.8441707010587505,-0.3050119236142525,0.6919057332750013,-0.2498507407689583,2.515724886618024,False,with_edl_FULL,0.0001,,,lambda_D,1.1336424705211915e-07,
ofat_compare:lambda_D:without_edl,8.314,96485.0,298.0,8.8541878128e-12,78.5,,0.1,1.1336424705211915e-07,1.1e-08,1e-08,3.7e-08,1.0,0.00012,1.0,3.77e-05,0.019572169457820903,163.10141214850753,0.006148923237998734,0.513,0.361,0.371,8.85e-05,0.0003878,0.5,0.37,-1.0,1.0,0.1,0.834,80,1200,1e-10,12,True,True,True,False,False,1.0,warn,True,False,False,15,25,25,BOTH,BOTH,BOTH,0.1,10000.0,0.1,10000.0,0.0,1e-06,FULL,0.4915721295774951,0.017586039957986972,0.017586039957986972,1.9936281784656743e-09,1.9936281784656743e-09,1.901687141092623e-12,1.901687141092623e-12,2.1558333087866226e-19,2.1558333087866226e-19,True,brentq,12,1.0,0.0,0.0,0.0,0.0,0.0,True,without_edl,0.0001,,,lambda_D,1.1336424705211915e-07,
ofat_compare:lambda_D:with_edl_FULL,8.314,96485.0,298.0,8.8541878128e-12,78.5,,0.1,1.5751911050192295e-07,1.1e-08,1e-08,3.7e-08,1.0,0.00012,1.0,3.77e-05,0.027195441276749704,226.62867730624754,0.008543901134445532,0.513,0.361,0.371,8.85e-05,0.0003878,0.5,0.37,-1.0,1.0,0.1,0.834,80,1200,1e-10,12,True,True,True,False,False,1.0,warn,True,False,False,15,25,25,BOTH,BOTH,BOTH,0.1,10000.0,0.1,10000.0,0.0,1e-06,FULL,0.4246005809517385,0.010170278055447249,0.010170278055447249,1.6020131528512772e-09,1.6020131528512772e-09,3.228320388792838e-15,3.228320388792838e-15,5.085221560578699e-22,5.085221560578699e-22,True,brentq,18,1.0,0.8802694207993789,-0.31804849900920074,0.7622160607340585,-0.2752417692509298,2.438358948461131,False,with_edl_FULL,0.0001,,,lambda_D,1.5751911050192295e-07,
ofat_compare:lambda_D:without_edl,8.314,96485.0,298.0,8.8541878128e-12,78.5,,0.1,1.5751911050192295e-07,1.1e-08,1e-08,3.7e-08,1.0,0.00012,1.0,3.77e-05,0.027195441276749704,226.62867730624754,0.008543901134445532,0.513,0.361,0.371,8.85e-05,0.0003878,0.5,0.37,-1.0,1.0,0.1,0.834,80,1200,1e-10,12,True,True,True,False,False,1.0,warn,True,False,False,15,25,25,BOTH,BOTH,BOTH,0.1,10000.0,0.1,10000.0,0.0,1e-06,FULL,0.49157212957749513,0.012656421002588996,0.012656421002588996,1.9936281784656747e-09,1.9936281784656747e-09,1.3686326377770897e-12,1.3686326377770897e-12,2.1558579570654768e-19,2.1558579570654768e-19,True,brentq,12,1.0,0.0,0.0,0.0,0.0,0.0,True,without_edl,0.0001,,,lambda_D,1.5751911050192295e-07,
ofat_compare:lambda_D:with_edl_FULL,8.314,96485.0,298.0,8.8541878128e-12,78.5,,0.1,2.1887209432008605e-07,1.1e-08,1e-08,3.7e-08,1.0,0.00012,1.0,3.77e-05,0.03778794312153291,314.8995260127743,0.011871712130681592,0.513,0.361,0.371,8.85e-05,0.0003878,0.5,0.37,-1.0,1.0,0.1,0.834,80,1200,1e-10,12,True,True,True,False,False,1.0,warn,True,False,False,15,25,25,BOTH,BOTH,BOTH,0.1,10000.0,0.1,10000.0,0.0,1e-06,FULL,0.4228331448301693,0.007103290527714557,0.007103290527714557,1.5547120743649142e-09,1.5547120743649142e-09,1.2008623262449447e-14,1.2008623262449447e-14,2.6283525233532148e-21,2.6283525233532148e-21,True,brentq,18,1.0,0.9093699814676521,-0.32855770972914317,0.819586394237989,-0.2959598395766374,2.379539017276384,False,with_edl_FULL,0.0001,,,lambda_D,2.1887209432008605e-07,
ofat_compare:lambda_D:without_edl,8.314,96485.0,298.0,8.8541878128e-12,78.5,,0.1,2.1887209432008605e-07,1.1e-08,1e-08,3.7e-08,1.0,0.00012,1.0,3.77e-05,0.03778794312153291,314.8995260127743,0.011871712130681592,0.513,0.361,0.371,8.85e-05,0.0003878,0.5,0.37,-1.0,1.0,0.1,0.834,80,1200,1e-10,12,True,True,True,False,False,1.0,warn,True,False,False,15,25,25,BOTH,BOTH,BOTH,0.1,10000.0,0.1,10000.0,0.0,1e-06,FULL,0.4915721295774951,0.009108644867034188,0.009108644867034188,1.9936281784656747e-09,1.9936281784656747e-09,9.84975989659631e-13,9.84975989659631e-13,2.1558375771180288e-19,2.1558375771180288e-19,True,brentq,12,1.0,0.0,0.0,0.0,0.0,0.0,True,without_edl,0.0001,,,lambda_D,2.1887209432008605e-07,
ofat_compare:lambda_D:with_edl_FULL,8.314,96485.0,298.0,8.8541878128e-12,78.5,,0.1,3.0412178890177227e-07,1.1e-08,1e-08,3.7e-08,1.0,0.00012,1.0,3.77e-05,0.05250617670899844,437.551472574987,0.01649569051607701,0.513,0.361,0.371,8.85e-05,0.0003878,0.5,0.37,-1.0,1.0,0.1,0.834,80,1200,1e-10,12,True,True,True,False,False,1.0,warn,True,False,False,15,25,25,BOTH,BOTH,BOTH,0.1,10000.0,0.1,10000.0,0.0,1e-06,FULL,0.42151014541326576,0.004998734095522474,0.004998734095522474,1.5202239553745773e-09,1.5202239553745773e-09,3.597729753002099e-14,3.597729753002099e-14,1.0941480084681297e-20,1.0941480084681297e-20,True,brentq,18,1.0,0.9322323536406122,-0.33681406196081176,0.8649323058808234,-0.3123355652118593,2.335505584602318,False,with_edl_FULL,0.0001,,,lambda_D,3.0412178890177227e-07,
ofat_compare:lambda_D:without_edl,8.314,96485.0,298.0,8.8541878128e-12,78.5,,0.1,3.0412178890177227e-07,1.1e-08,1e-08,3.7e-08,1.0,0.00012,1.0,3.77e-05,0.05250617670899844,437.551472574987,0.01649569051607701,0.513,0.361,0.371,8.85e-05,0.0003878,0.5,0.37,-1.0,1.0,0.1,0.834,80,1200,1e-10,12,True,True,True,False,False,1.0,warn,True,False,False,15,25,25,BOTH,BOTH,BOTH,0.1,10000.0,0.1,10000.0,0.0,1e-06,FULL,0.4915721295774951,0.006555361211259982,0.006555361211259982,1.9936281784656743e-09,1.9936281784656743e-09,7.088730644144725e-13,7.088730644144725e-13,2.1558374445401061e-19,2.1558374445401061e-19,True,brentq,12,1.0,0.0,0.0,0.0,0.0,0.0,True,without_edl,0.0001,,,lambda_D,3.0412178890177227e-07,
ofat_compare:epsilon_r:with_edl_FULL,8.314,96485.0,298.0,8.8541878128e-12,58.5,,0.1,2.6253707424842898e-08,1.1e-08,1e-08,3.7e-08,1.0,0.00012,1.0,3.77e-05,0.006082292352364291,50.68576960303576,0.0019108535140344482,0.513,0.361,0.371,8.85e-05,0.0003878,0.5,0.37,-1.0,1.0,0.1,0.834,80,1200,1e-10,12,True,True,True,False,False,1.0,warn,True,False,False,15,25,25,BOTH,BOTH,BOTH,0.1,10000.0,0.1,10000.0,0.0,1e-06,FULL,0.44541836068320806,0.08398163307285647,0.08398163307285647,2.2048292237552837e-09,2.2048292237552837e-09,1.4138565318511098e-11,1.4138565318511098e-11,3.711897572792211e-19,3.711897572792211e-19,True,brentq,15,1.0,0.6050757041063973,-0.21872959865952452,0.29463475595798916,-0.10639341397573061,3.16287582547945,False,with_edl_FULL,0.0001,,,epsilon_r,58.5,
ofat_compare:epsilon_r:without_edl,8.314,96485.0,298.0,8.8541878128e-12,58.5,,0.1,2.6253707424842898e-08,1.1e-08,1e-08,3.7e-08,1.0,0.00012,1.0,3.77e-05,0.006082292352364291,50.68576960303576,0.0019108535140344482,0.513,0.361,0.371,8.85e-05,0.0003878,0.5,0.37,-1.0,1.0,0.1,0.834,80,1200,1e-10,12,True,True,True,False,False,1.0,warn,True,False,False,15,25,25,BOTH,BOTH,BOTH,0.1,10000.0,0.1,10000.0,0.0,1e-06,FULL,0.4915721295774951,0.07593701515006519,0.07593701515006519,1.9936281784656743e-09,1.9936281784656743e-09,8.211542557035045e-12,8.211542557035045e-12,2.1558343579904441e-19,2.1558343579904441e-19,True,brentq,12,1.0,0.0,0.0,0.0,0.0,0.0,True,without_edl,0.0001,,,epsilon_r,58.5,
ofat_compare:epsilon_r:with_edl_FULL,8.314,96485.0,298.0,8.8541878128e-12,61.357142857142854,,0.1,2.6887181083035638e-08,1.1e-08,1e-08,3.7e-08,1.0,0.00012,1.0,3.77e-05,0.005938990904185295,49.49159086821079,0.001865832975731547,0.513,0.361,0.371,8.85e-05,0.0003878,0.5,0.37,-1.0,1.0,0.1,0.834,80,1200,1e-10,12,True,True,True,False,False,1.0,warn,True,False,False,15,25,25,BOTH,BOTH,BOTH,0.1,10000.0,0.1,10000.0,0.0,1e-06,FULL,0.4450954193590405,0.08162166768766431,0.08162166768766431,2.1945765594175892e-09,2.1945765594175892e-09,1.623487455582051e-11,1.623487455582051e-11,4.365100120427139e-19,4.365100120427139e-19,True,brentq,15,1.0,0.6085348140219443,-0.21996654520542214,0.29978749545848304,-0.10825313811596146,3.146085963955823,False,with_edl_FULL,0.0001,,,epsilon_r,61.357142857142854,
ofat_compare:epsilon_r:without_edl,8.314,96485.0,298.0,8.8541878128e-12,61.357142857142854,,0.1,2.6887181083035638e-08,1.1e-08,1e-08,3.7e-08,1.0,0.00012,1.0,3.77e-05,0.005938990904185295,49.49159086821079,0.001865832975731547,0.513,0.361,0.371,8.85e-05,0.0003878,0.5,0.37,-1.0,1.0,0.1,0.834,80,1200,1e-10,12,True,True,True,False,False,1.0,warn,True,False,False,15,25,25,BOTH,BOTH,BOTH,0.1,10000.0,0.1,10000.0,0.0,1e-06,FULL,0.4915721295774951,0.0741479061084446,0.0741479061084446,1.9936281784656743e-09,1.9936281784656743e-09,8.018072317206304e-12,8.018072317206304e-12,2.1558336232960107e-19,2.1558336232960107e-19,True,brentq,12,1.0,0.0,0.0,0.0,0.0,0.0,True,without_edl,0.0001,,,epsilon_r,61.357142857142854,
ofat_compare:epsilon_r:with_edl_FULL,8.314,96485.0,298.0,8.8541878128e-12,64.21428571428571,,0.1,2.7506069505377318e-08,1.1e-08,1e-08,3.7e-08,1.0,0.00012,1.0,3.77e-05,0.005805363207568218,48.37802672973515,0.0018238516077110152,0.513,0.361,0.371,8.85e-05,0.0003878,0.5,0.37,-1.0,1.0,0.1,0.834,80,1200,1e-10,12,True,True,True,False,False,1.0,warn,True,False,False,15,25,25,BOTH,BOTH,BOTH,0.1,10000.0,0.1,10000.0,0.0,1e-06,FULL,0.4447909762733937,0.07942636110975448,0.07942636110975448,2.1847070092441047e-09,2.1847070092441047e-09,1.8437099069679164e-11,1.8437099069679164e-11,5.071321284881226e-19,5.071321284881226e-19,True,brentq,15,1.0,0.611746515679458,-0.22111514794836165,0.30472855340777993,-0.11003646706881422,3.1300780659451917,False,with_edl_FULL,0.0001,,,epsilon_r,64.21428571428571,
ofat_compare:epsilon_r:without_edl,8.314,96485.0,298.0,8.8541878128e-12,64.21428571428571,,0.1,2.7506069505377318e-08,1.1e-08,1e-08,3.7e-08,1.0,0.00012,1.0,3.77e-05,0.005805363207568218,48.37802672973515,0.0018238516077110152,0.513,0.361,0.371,8.85e-05,0.0003878,0.5,0.37,-1.0,1.0,0.1,0.834,80,1200,1e-10,12,True,True,True,False,False,1.0,warn,True,False,False,15,25,25,BOTH,BOTH,BOTH,0.1,10000.0,0.1,10000.0,0.0,1e-06,FULL,0.4915721295774951,0.07247957321113903,0.07247957321113903,1.993628178465674e-09,1.993628178465674e-09,7.837674953492524e-12,7.837674953492524e-12,2.155836320313203e-19,2.155836320313203e-19,True,brentq,12,1.0,0.0,0.0,0.0,0.0,0.0,True,without_edl,0.0001,,,epsilon_r,64.21428571428571,
ofat_compare:epsilon_r:with_edl_FULL,8.314,96485.0,298.0,8.8541878128e-12,67.07142857142857,,0.1,2.811133601729641e-08,1.1e-08,1e-08,3.7e-08,1.0,0.00012,1.0,3.77e-05,0.0056803676564173835,47.33639713681153,0.0017845821720577947,0.513,0.361,0.371,8.85e-05,0.0003878,0.5,0.37,-1.0,1.0,0.1,0.834,80,1200,1e-10,12,True,True,True,False,False,1.0,warn,True,False,False,15,25,25,BOTH,BOTH,BOTH,0.1,10000.0,0.1,10000.0,0.0,1e-06,FULL,0.4445033649357076,0.07737810424426031,0.07737810424426031,2.175201888791791e-09,2.175201888791791e-09,2.0732054961669633e-11,2.0732054961669633e-11,5.828057633565523e-19,5.828057633565523e-19,True,brentq,15,1.0,0.6147357852316739,-0.22218430675761447,0.30947231614342324,-0.11174859232474475,3.114784135455565,False,with_edl_FULL,0.0001,,,epsilon_r,67.07142857142857,
ofat_compare:epsilon_r:without_edl,8.314,96485.0,298.0,8.8541878128e-12,67.07142857142857,,0.1,2.811133601729641e-08,1.1e-08,1e-08,3.7e-08,1.0,0.00012,1.0,3.77e-05,0.0056803676564173835,47.33639713681153,0.0017845821720577947,0.513,0.361,0.371,8.85e-05,0.0003878,0.5,0.37,-1.0,1.0,0.1,0.834,80,1200,1e-10,12,True,True,True,False,False,1.0,warn,True,False,False,15,25,25,BOTH,BOTH,BOTH,0.1,10000.0,0.1,10000.0,0.0,1e-06,FULL,0.4915721295774951,0.07091901207537878,0.07091901207537878,1.9936281784656743e-09,1.9936281784656743e-09,7.6689210537495e-12,7.6689210537495e-12,2.1558361663207105e-19,2.1558361663207105e-19,True,brentq,12,1.0,0.0,0.0,0.0,0.0,0.0,True,without_edl,0.0001,,,epsilon_r,67.07142857142857,
ofat_compare:epsilon_r:with_edl_FULL,8.314,96485.0,298.0,8.8541878128e-12,69.92857142857143,,0.1,2.870384235115649e-08,1.1e-08,1e-08,3.7e-08,1.0,0.00012,1.0,3.77e-05,0.005563113186653141,46.35927655544284,0.0017477447261401951,0.513,0.361,0.371,8.85e-05,0.0003878,0.5,0.37,-1.0,1.0,0.1,0.834,80,1200,1e-10,12,True,True,True,False,False,1.0,warn,True,False,False,15,25,25,BOTH,BOTH,BOTH,0.1,10000.0,0.1,10000.0,0.0,1e-06,FULL,0.444231127055911,0.07546178181169197,0.07546178181169197,2.1660430886601746e-09,2.1660430886601746e-09,2.3108320812426086e-11,2.3108320812426086e-11,6.632975975998268e-19,6.632975975998268e-19,True,brentq,15,1.0,0.6175242257149919,-0.22318172185547552,0.3140317495210422,-0.11339419284268787,3.100144562026145,False,with_edl_FULL,0.0001,,,epsilon_r,69.92857142857143,
ofat_compare:epsilon_r:without_edl,8.314,96485.0,298.0,8.8541878128e-12,69.92857142857143,,0.1,2.870384235115649e-08,1.1e-08,1e-08,3.7e-08,1.0,0.00012,1.0,3.77e-05,0.005563113186653141,46.35927655544284,0.0017477447261401951,0.513,0.361,0.371,8.85e-05,0.0003878,0.5,0.37,-1.0,1.0,0.1,0.834,80,1200,1e-10,12,True,True,True,False,False,1.0,warn,True,False,False,15,25,25,BOTH,BOTH,BOTH,0.1,10000.0,0.1,10000.0,0.0,1e-06,FULL,0.4915721295774951,0.06945509782544322,0.06945509782544322,1.9936281784656743e-09,1.9936281784656743e-09,7.510603250437953e-12,7.510603250437953e-12,2.155831716626545e-19,2.155831716626545e-19,True,brentq,12,1.0,0.0,0.0,0.0,0.0,0.0,True,without_edl,0.0001,,,epsilon_r,69.92857142857143,
ofat_compare:epsilon_r:with_edl_FULL,8.314,96485.0,298.0,8.8541878128e-12,72.78571428571429,,0.1,2.9284363041779542e-08,1.1e-08,1e-08,3.7e-08,1.0,0.00012,1.0,3.77e-05,0.005452832409689593,45.44027008074661,0.0017130981820441473,0.513,0.361,0.371,8.85e-05,0.0003878,0.5,0.37,-1.0,1.0,0.1,0.834,80,1200,1e-10,12,True,True,True,False,False,1.0,warn,True,False,False,15,25,25,BOTH,BOTH,BOTH,0.1,10000.0,0.1,10000.0,0.0,1e-06,FULL,0.44397297956854287,0.07366433793940191,0.07366433793940191,2.15721321544978e-09,2.15721321544978e-09,2.555278211247014e-11,2.555278211247014e-11,7.482969481090659e-19,7.482969481090659e-19,True,brentq,15,1.0,0.620130630158458,-0.2241140937216915,0.3184185845562903,-0.11497750202090969,3.08610680496907,False,with_edl_FULL,0.0001,,,epsilon_r,72.78571428571429,
ofat_compare:epsilon_r:without_edl,8.314,96485.0,298.0,8.8541878128e-12,72.78571428571429,,0.1,2.9284363041779542e-08,1.1e-08,1e-08,3.7e-08,1.0,0.00012,1.0,3.77e-05,0.005452832409689593,45.44027008074661,0.0017130981820441473,0.513,0.361,0.371,8.85e-05,0.0003878,0.5,0.37,-1.0,1.0,0.1,0.834,80,1200,1e-10,12,True,True,True,False,False,1.0,warn,True,False,False,15,25,25,BOTH,BOTH,BOTH,0.1,10000.0,0.1,10000.0,0.0,1e-06,FULL,0.4915721295774951,0.06807824966591884,0.06807824966591884,1.9936281784656743e-09,1.9936281784656743e-09,7.36172234283572e-12,7.36172234283572e-12,2.1558334970038104e-19,2.1558334970038104e-19,True,brentq,12,1.0,0.0,0.0,0.0,0.0,0.0,True,without_edl,0.0001,,,epsilon_r,72.78571428571429,
ofat_compare:epsilon_r:with_edl_FULL,8.314,96485.0,298.0,8.8541878128e-12,75.64285714285714,,0.1,2.985359730091906e-08,1.1e-08,1e-08,3.7e-08,1.0,0.00012,1.0,3.77e-05,0.005348860382946736,44.573836524556135,0.0016804336369757665,0.513,0.361,0.371,8.85e-05,0.0003878,0.5,0.37,-1.0,1.0,0.1,0.834,80,1200,1e-10,12,True,True,True,False,False,1.0,warn,True,False,False,15,25,25,BOTH,BOTH,BOTH,0.1,10000.0,0.1,10000.0,0.0,1e-06,FULL,0.4437277879186669,0.07197443072838684,0.07197443072838684,2.148695670928155e-09,2.148695670928155e-09,2.805454479837266e-11,2.805454479837266e-11,8.375290828712109e-19,8.375290828712109e-19,True,brentq,15,1.0,0.6225714340536623,-0.22498728379068228,0.3226434728210913,-0.11650236375895412,3.072624325355191,False,with_edl_FULL,0.0001,,,epsilon_r,75.64285714285714,
ofat_compare:epsilon_r:without_edl,8.314,96485.0,298.0,8.8541878128e-12,75.64285714285714,,0.1,2.985359730091906e-08,1.1e-08,1e-08,3.7e-08,1.0,0.00012,1.0,3.77e-05,0.005348860382946736,44.573836524556135,0.0016804336369757665,0.513,0.361,0.371,8.85e-05,0.0003878,0.5,0.37,-1.0,1.0,0.1,0.834,80,1200,1e-10,12,True,True,True,False,False,1.0,warn,True,False,False,15,25,25,BOTH,BOTH,BOTH,0.1,10000.0,0.1,10000.0,0.0,1e-06,FULL,0.49157212957749513,0.06678016583295639,0.06678016583295639,1.993628178465674e-09,1.993628178465674e-09,7.221417908098715e-12,7.221417908098715e-12,2.1558530217002438e-19,2.1558530217002438e-19,True,brentq,12,1.0,0.0,0.0,0.0,0.0,0.0,True,without_edl,0.0001,,,epsilon_r,75.64285714285714,
ofat_compare:epsilon_r:with_edl_FULL,8.314,96485.0,298.0,8.8541878128e-12,78.5,,0.1,3.041217889017721e-08,1.1e-08,1e-08,3.7e-08,1.0,0.00012,1.0,3.77e-05,0.005250617670899842,43.75514725749868,0.0016495690516077001,0.513,0.361,0.371,8.85e-05,0.0003878,0.5,0.37,-1.0,1.0,0.1,0.834,80,1200,1e-10,12,True,True,True,False,False,1.0,warn,True,False,False,15,25,25,BOTH,BOTH,BOTH,0.1,10000.0,0.1,10000.0,0.0,1e-06,FULL,0.44349454423603574,0.07038215501102128,0.07038215501102128,2.140474688871362e-09,2.140474688871362e-09,3.060189601722385e-11,3.060189601722385e-11,9.306703360544132e-19,9.306703360544132e-19,True,brentq,15,1.0,0.6248610819651622,-0.22580644470723008,0.32671611748407864,-0.11797227973451423,3.0596557118175287,False,with_edl_FULL,0.0001,,,epsilon_r,78.5,
ofat_compare:epsilon_r:without_edl,8.314,96485.0,298.0,8.8541878128e-12,78.5,,0.1,3.041217889017721e-08,1.1e-08,1e-08,3.7e-08,1.0,0.00012,1.0,3.77e-05,0.005250617670899842,43.75514725749868,0.0016495690516077001,0.513,0.361,0.371,8.85e-05,0.0003878,0.5,0.37,-1.0,1.0,0.1,0.834,80,1200,1e-10,12,True,True,True,False,False,1.0,warn,True,False,False,15,25,25,BOTH,BOTH,BOTH,0.1,10000.0,0.1,10000.0,0.0,1e-06,FULL,0.49157212957749513,0.06555361211259984,0.06555361211259984,1.993628178465674e-09,1.993628178465674e-09,7.0887740122316245e-12,7.0887740122316245e-12,2.1558506337202743e-19,2.1558506337202743e-19,True,brentq,12,1.0,0.0,0.0,0.0,0.0,0.0,True,without_edl,0.0001,,,epsilon_r,78.5,
ofat_compare:epsilon_r:with_edl_FULL,8.314,96485.0,298.0,8.8541878128e-12,81.35714285714286,,0.1,3.096068438989744e-08,1.1e-08,1e-08,3.7e-08,1.0,0.00012,1.0,3.77e-05,0.005157596708147593,42.97997256789661,0.0016203449658097023,0.513,0.361,0.371,8.85e-05,0.0003878,0.5,0.37,-1.0,1.0,0.1,0.834,80,1200,1e-10,12,True,True,True,False,False,1.0,warn,True,False,False,15,25,25,BOTH,BOTH,BOTH,0.1,10000.0,0.1,10000.0,0.0,1e-06,FULL,0.44327234936300264,0.06887881793216337,0.06887881793216337,2.132535343146918e-09,2.132535343146918e-09,3.318456620604593e-11,3.318456620604593e-11,1.0274168809210442e-18,1.0274168809210442e-18,True,brentq,15,1.0,0.6270123268744973,-0.22657612672171032,0.3306453845570942,-0.11939044954030593,3.047163959466321,False,with_edl_FULL,0.0001,,,epsilon_r,81.35714285714286,
ofat_compare:epsilon_r:without_edl,8.314,96485.0,298.0,8.8541878128e-12,81.35714285714286,,0.1,3.096068438989744e-08,1.1e-08,1e-08,3.7e-08,1.0,0.00012,1.0,3.77e-05,0.005157596708147593,42.97997256789661,0.0016203449658097023,0.513,0.361,0.371,8.85e-05,0.0003878,0.5,0.37,-1.0,1.0,0.1,0.834,80,1200,1e-10,12,True,True,True,False,False,1.0,warn,True,False,False,15,25,25,BOTH,BOTH,BOTH,0.1,10000.0,0.1,10000.0,0.0,1e-06,FULL,0.4915721295774951,0.0643922515846,0.0643922515846,1.993628178465674e-09,1.993628178465674e-09,6.9631245214196724e-12,6.9631245214196724e-12,2.1558310067523013e-19,2.1558310067523013e-19,True,brentq,12,1.0,0.0,0.0,0.0,0.0,0.0,True,without_edl,0.0001,,,epsilon_r,81.35714285714286,
ofat_compare:epsilon_r:with_edl_FULL,8.314,96485.0,298.0,8.8541878128e-12,84.21428571428572,,0.1,3.149964017149303e-08,1.1e-08,1e-08,3.7e-08,1.0,0.00012,1.0,3.77e-05,0.00506935072978527,42.24458941487725,0.0015926210209408723,0.513,0.361,0.371,8.85e-05,0.0003878,0.5,0.37,-1.0,1.0,0.1,0.834,80,1200,1e-10,12,True,True,True,False,False,1.0,warn,True,False,False,15,25,25,BOTH,BOTH,BOTH,0.1,10000.0,0.1,10000.0,0.0,1e-06,FULL,0.4430603979483425,0.06745675585377028,0.06745675585377028,2.12486353653002e-09,2.12486353653002e-09,3.579235519080015e-11,3.579235519080015e-11,1.1274463094004756e-18,1.1274463094004756e-18,True,brentq,15,1.0,0.6290364763579658,-0.2273003652183545,0.3344393979198108,-0.12075980496918133,3.035115870848326,False,with_edl_FULL,0.0001,,,epsilon_r,84.21428571428572,
ofat_compare:epsilon_r:without_edl,8.314,96485.0,298.0,8.8541878128e-12,84.21428571428572,,0.1,3.149964017149303e-08,1.1e-08,1e-08,3.7e-08,1.0,0.00012,1.0,3.77e-05,0.00506935072978527,42.24458941487725,0.0015926210209408723,0.513,0.361,0.371,8.85e-05,0.0003878,0.5,0.37,-1.0,1.0,0.1,0.834,80,1200,1e-10,12,True,True,True,False,False,1.0,warn,True,False,False,15,25,25,BOTH,BOTH,BOTH,0.1,10000.0,0.1,10000.0,0.0,1e-06,FULL,0.49157212957749513,0.06329050641886044,0.06329050641886044,1.993628178465674e-09,1.993628178465674e-09,6.844066979816432e-12,6.844066979816432e-12,2.155856471738147e-19,2.155856471738147e-19,True,brentq,12,1.0,0.0,0.0,0.0,0.0,0.0,True,without_edl,0.0001,,,epsilon_r,84.21428571428572,
ofat_compare:epsilon_r:with_edl_FULL,8.314,96485.0,298.0,8.8541878128e-12,87.07142857142857,,0.1,3.202952831335853e-08,1.1e-08,1e-08,3.7e-08,1.0,0.00012,1.0,3.77e-05,0.004985484716761591,41.545705973013256,0.0015662731151825998,0.513,0.361,0.371,8.85e-05,0.0003878,0.5,0.37,-1.0,1.0,0.1,0.834,80,1200,1e-10,12,True,True,True,False,False,1.0,warn,True,False,False,15,25,25,BOTH,BOTH,BOTH,0.1,10000.0,0.1,10000.0,0.0,1e-06,FULL,0.4428579660008127,0.06610918388165064,0.06610918388165064,2.117445976910355e-09,2.117445976910355e-09,3.841583995356501e-11,3.841583995356501e-11,1.2304412334741605e-18,1.2304412334741605e-18,True,brentq,15,1.0,0.6309435963969843,-0.22798275320275002,0.33810562094748786,-0.12208303946636082,3.023481554998888,False,with_edl_FULL,0.0001,,,epsilon_r,87.07142857142857,
ofat_compare:epsilon_r:without_edl,8.314,96485.0,298.0,8.8541878128e-12,87.07142857142857,,0.1,3.202952831335853e-08,1.1e-08,1e-08,3.7e-08,1.0,0.00012,1.0,3.77e-05,0.004985484716761591,41.545705973013256,0.0015662731151825998,0.513,0.361,0.371,8.85e-05,0.0003878,0.5,0.37,-1.0,1.0,0.1,0.834,80,1200,1e-10,12,True,True,True,False,False,1.0,warn,True,False,False,15,25,25,BOTH,BOTH,BOTH,0.1,10000.0,0.1,10000.0,0.0,1e-06,FULL,0.49157212957749513,0.062243444828820445,0.062243444828820445,1.9936281784656743e-09,1.9936281784656743e-09,6.730851986880282e-12,6.730851986880282e-12,2.1558601428680751e-19,2.1558601428680751e-19,True,brentq,12,1.0,0.0,0.0,0.0,0.0,0.0,True,without_edl,0.0001,,,epsilon_r,87.07142857142857,
ofat_compare:epsilon_r:with_edl_FULL,8.314,96485.0,298.0,8.8541878128e-12,89.92857142857143,,0.1,3.255079164965016e-08,1.1e-08,1e-08,3.7e-08,1.0,0.00012,1.0,3.77e-05,0.0049056479366162455,40.88039947180204,0.001541191060086937,0.513,0.361,0.371,8.85e-05,0.0003878,0.5,0.37,-1.0,1.0,0.1,0.834,80,1200,1e-10,12,True,True,True,False,False,1.0,warn,True,False,False,15,25,25,BOTH,BOTH,BOTH,0.1,10000.0,0.1,10000.0,0.0,1e-06,FULL,0.4426644004315878,0.06483007136273936,0.06483007136273936,2.11027014556048e-09,2.11027014556048e-09,4.10464717770509e-11,4.10464717770509e-11,1.3360951507680292e-18,1.3360951507680292e-18,True,brentq,15,1.0,0.6327426811677049,-0.2286265017072788,0.34165092699667365,-0.12336263356204813,3.0122340059452846,False,with_edl_FULL,0.0001,,,epsilon_r,89.92857142857143,
ofat_compare:epsilon_r:without_edl,8.314,96485.0,298.0,8.8541878128e-12,89.92857142857143,,0.1,3.255079164965016e-08,1.1e-08,1e-08,3.7e-08,1.0,0.00012,1.0,3.77e-05,0.0049056479366162455,40.88039947180204,0.001541191060086937,0.513,0.361,0.371,8.85e-05,0.0003878,0.5,0.37,-1.0,1.0,0.1,0.834,80,1200,1e-10,12,True,True,True,False,False,1.0,warn,True,False,False,15,25,25,BOTH,BOTH,BOTH,0.1,10000.0,0.1,10000.0,0.0,1e-06,FULL,0.4915721295774951,0.061246687943059624,0.061246687943059624,1.9936281784656743e-09,1.9936281784656743e-09,6.622993820037948e-12,6.622993820037948e-12,2.1558369193297584e-19,2.1558369193297584e-19,True,brentq,12,1.0,0.0,0.0,0.0,0.0,0.0,True,without_edl,0.0001,,,epsilon_r,89.92857142857143,
ofat_compare:epsilon_r:with_edl_FULL,8.314,96485.0,298.0,8.8541878128e-12,92.78571428571428,,0.1,3.3063838102398705e-08,1.1e-08,1e-08,3.7e-08,1.0,0.00012,1.0,3.77e-05,0.00482952775769087,40.246064647423914,0.0015172766372078816,0.513,0.361,0.371,8.85e-05,0.0003878,0.5,0.37,-1.0,1.0,0.1,0.834,80,1200,1e-10,12,True,True,True,False,False,1.0,warn,True,False,False,15,25,25,BOTH,BOTH,BOTH,0.1,10000.0,0.1,10000.0,0.0,1e-06,FULL,0.4424791102165867,0.06361403821972632,0.06361403821972632,2.1033242607368344e-09,2.1033242607368344e-09,4.3676312566631736e-11,4.3676312566631736e-11,1.4441065276128738e-18,1.4441065276128738e-18,True,brentq,15,1.0,0.6344417953165524,-0.22923449042193794,0.3450816605637023,-0.12460087693904659,3.0013487460256805,False,with_edl_FULL,0.0001,,,epsilon_r,92.78571428571428,
ofat_compare:epsilon_r:without_edl,8.314,96485.0,298.0,8.8541878128e-12,92.78571428571428,,0.1,3.3063838102398705e-08,1.1e-08,1e-08,3.7e-08,1.0,0.00012,1.0,3.77e-05,0.00482952775769087,40.246064647423914,0.0015172766372078816,0.513,0.361,0.371,8.85e-05,0.0003878,0.5,0.37,-1.0,1.0,0.1,0.834,80,1200,1e-10,12,True,True,True,False,False,1.0,warn,True,False,False,15,25,25,BOTH,BOTH,BOTH,0.1,10000.0,0.1,10000.0,0.0,1e-06,FULL,0.4915721295774951,0.06029633257613371,0.06029633257613371,1.993628178465674e-09,1.993628178465674e-09,6.520214923533274e-12,6.520214923533274e-12,2.1558333062454813e-19,2.1558333062454813e-19,True,brentq,12,1.0,0.0,0.0,0.0,0.0,0.0,True,without_edl,0.0001,,,epsilon_r,92.78571428571428,
ofat_compare:epsilon_r:with_edl_FULL,8.314,96485.0,298.0,8.8541878128e-12,95.64285714285714,,0.1,3.356904441750362e-08,1.1e-08,1e-08,3.7e-08,1.0,0.00012,1.0,3.77e-05,0.004756844487597912,39.6403707299826,0.001494441976520344,0.513,0.361,0.371,8.85e-05,0.0003878,0.5,0.37,-1.0,1.0,0.1,0.834,80,1200,1e-10,12,True,True,True,False,False,1.0,warn,True,False,False,15,25,25,BOTH,BOTH,BOTH,0.1,10000.0,0.1,10000.0,0.0,1e-06,FULL,0.44230155888714273,0.062456268126622375,0.062456268126622375,2.0965972388941022e-09,2.0965972388941022e-09,4.629768790564981e-11,4.629768790564981e-11,1.5541691417324786e-18,1.5541691417324786e-18,True,brentq,15,1.0,0.6360481938347217,-0.22980931036446653,0.34840369058815535,-0.12579988766642072,2.9908035224397818,False,with_edl_FULL,0.0001,,,epsilon_r,95.64285714285714,
ofat_compare:epsilon_r:without_edl,8.314,96485.0,298.0,8.8541878128e-12,95.64285714285714,,0.1,3.356904441750362e-08,1.1e-08,1e-08,3.7e-08,1.0,0.00012,1.0,3.77e-05,0.004756844487597912,39.6403707299826,0.001494441976520344,0.513,0.361,0.371,8.85e-05,0.0003878,0.5,0.37,-1.0,1.0,0.1,0.834,80,1200,1e-10,12,True,True,True,False,False,1.0,warn,True,False,False,15,25,25,BOTH,BOTH,BOTH,0.1,10000.0,0.1,10000.0,0.0,1e-06,FULL,0.49157212957749513,0.059388886787201896,0.059388886787201896,1.9936281784656743e-09,1.9936281784656743e-09,6.422147535989353e-12,6.422147535989353e-12,2.1558535589138803e-19,2.1558535589138803e-19,True,brentq,12,1.0,0.0,0.0,0.0,0.0,0.0,True,without_edl,0.0001,,,epsilon_r,95.64285714285714,
ofat_compare:epsilon_r:with_edl_FULL,8.314,96485.0,298.0,8.8541878128e-12,98.5,,0.1,3.406675940190129e-08,1.1e-08,1e-08,3.7e-08,1.0,0.00012,1.0,3.77e-05,0.0046873470413631305,39.06122534469275,0.0014726081954949167,0.513,0.361,0.371,8.85e-05,0.0003878,0.5,0.37,-1.0,1.0,0.1,0.834,80,1200,1e-10,12,True,True,True,False,False,1.0,warn,True,False,False,15,25,25,BOTH,BOTH,BOTH,0.1,10000.0,0.1,10000.0,0.0,1e-06,FULL,0.44213125811685633,0.061352435388142376,0.061352435388142376,2.0900786550885404e-09,2.0900786550885404e-09,4.890395033374517e-11,4.890395033374517e-11,1.6659991098222269e-18,1.6659991098222269e-18,True,brentq,15,1.0,0.6375684235797341,-0.2303533000264112,0.35162245710415063,-0.12696162903309088,2.9805780477909973,False,with_edl_FULL,0.0001,,,epsilon_r,98.5,
ofat_compare:epsilon_r:without_edl,8.314,96485.0,298.0,8.8541878128e-12,98.5,,0.1,3.406675940190129e-08,1.1e-08,1e-08,3.7e-08,1.0,0.00012,1.0,3.77e-05,0.0046873470413631305,39.06122534469275,0.0014726081954949167,0.513,0.361,0.371,8.85e-05,0.0003878,0.5,0.37,-1.0,1.0,0.1,0.834,80,1200,1e-10,12,True,True,True,False,False,1.0,warn,True,False,False,15,25,25,BOTH,BOTH,BOTH,0.1,10000.0,0.1,10000.0,0.0,1e-06,FULL,0.4915721295774951,0.058521215797074276,0.058521215797074276,1.9936281784656743e-09,1.9936281784656743e-09,6.3282504236816806e-12,6.3282504236816806e-12,2.155829846185437e-19,2.155829846185437e-19,True,brentq,12,1.0,0.0,0.0,0.0,0.0,0.0,True,without_edl,0.0001,,,epsilon_r,98.5,
ofat_compare:T:with_edl_FULL,8.314,96485.0,268.0,8.8541878128e-12,78.5,,0.1,2.884076669731461e-08,1.1e-08,1e-08,3.7e-08,1.0,0.00012,1.0,3.77e-05,0.004979315681722841,41.49429734769034,0.001564335010007926,0.513,0.361,0.371,8.85e-05,0.0003878,0.5,0.37,-1.0,1.0,0.1,0.834,80,1200,1e-10,12,True,True,True,False,False,1.0,warn,True,False,False,15,25,25,BOTH,BOTH,BOTH,0.1,10000.0,0.1,10000.0,0.0,1e-06,FULL,0.43931934111372756,0.148805462822518,0.148805462822518,4.291663636550165e-09,4.291663636550165e-09,9.076073226310655e-15,9.076073226310655e-15,2.6176091044776913e-22,2.6176091044776913e-22,True,brentq,16,1.0,0.613315192463136,-0.22163619457210895,0.31246659991589604,-0.11282656886559048,3.2251048733924996,False,with_edl_FULL,0.0001,,,T,268.0,
ofat_compare:T:without_edl,8.314,96485.0,268.0,8.8541878128e-12,78.5,,0.1,2.884076669731461e-08,1.1e-08,1e-08,3.7e-08,1.0,0.00012,1.0,3.77e-05,0.004979315681722841,41.49429734769034,0.001564335010007926,0.513,0.361,0.371,8.85e-05,0.0003878,0.5,0.37,-1.0,1.0,0.1,0.834,80,1200,1e-10,12,True,True,True,False,False,1.0,warn,True,False,False,15,25,25,BOTH,BOTH,BOTH,0.1,10000.0,0.1,10000.0,0.0,1e-06,FULL,0.48357771245958087,0.13650048389027292,0.13650048389027292,3.936778609949913e-09,3.936778609949913e-09,1.440728092383381e-11,1.440728092383381e-11,4.155170278669622e-19,4.155170278669622e-19,True,brentq,12,1.0,0.0,0.0,0.0,0.0,0.0,True,without_edl,0.0001,,,T,268.0,
ofat_compare:T:with_edl_FULL,8.314,96485.0,272.2857142857143,8.8541878128e-12,78.5,,0.1,2.9070455220234784e-08,1.1e-08,1e-08,3.7e-08,1.0,0.00012,1.0,3.77e-05,0.005018971065232277,41.82475887693564,0.0015767934096604737,0.513,0.361,0.371,8.85e-05,0.0003878,0.5,0.37,-1.0,1.0,0.1,0.834,80,1200,1e-10,12,True,True,True,False,False,1.0,warn,True,False,False,15,25,25,BOTH,BOTH,BOTH,0.1,10000.0,0.1,10000.0,0.0,1e-06,FULL,0.43991587828137185,0.13241838267663325,0.13241838267663325,3.8494626639369805e-09,3.8494626639369805e-09,3.774758283725532e-15,3.774758283725532e-15,1.0973394165425339e-22,1.0973394165425339e-22,True,brentq,16,1.0,0.6150571014192452,-0.22226535608024633,0.31457791074348784,-0.11358899327046267,3.199247911855551,False,with_edl_FULL,0.0001,,,T,272.2857142857143,
ofat_compare:T:without_edl,8.314,96485.0,272.2857142857143,8.8541878128e-12,78.5,,0.1,2.9070455220234784e-08,1.1e-08,1e-08,3.7e-08,1.0,0.00012,1.0,3.77e-05,0.005018971065232277,41.82475887693564,0.0015767934096604737,0.513,0.361,0.371,8.85e-05,0.0003878,0.5,0.37,-1.0,1.0,0.1,0.834,80,1200,1e-10,12,True,True,True,False,False,1.0,warn,True,False,False,15,25,25,BOTH,BOTH,BOTH,0.1,10000.0,0.1,10000.0,0.0,1e-06,FULL,0.4847197720475153,0.12175553440605855,0.12175553440605855,3.5394888107670806e-09,3.5394888107670806e-09,1.1369641339520342e-11,1.1369641339520342e-11,3.3052064943065634e-19,3.3052064943065634e-19,True,brentq,12,1.0,0.0,0.0,0.0,0.0,0.0,True,without_edl,0.0001,,,T,272.2857142857143,
ofat_compare:T:with_edl_FULL,8.314,96485.0,276.57142857142856,8.8541878128e-12,78.5,,0.1,2.9298343122682206e-08,1.1e-08,1e-08,3.7e-08,1.0,0.00012,1.0,3.77e-05,0.005058315574282275,42.152629785685626,0.0015891541429203483,0.513,0.361,0.371,8.85e-05,0.0003878,0.5,0.37,-1.0,1.0,0.1,0.834,80,1200,1e-10,12,True,True,True,False,False,1.0,warn,True,False,False,15,25,25,BOTH,BOTH,BOTH,0.1,10000.0,0.1,10000.0,0.0,1e-06,FULL,0.4405124065969017,0.11824747016051354,0.11824747016051354,3.4644549541518514e-09,3.4644549541518514e-09,1.5543122344752192e-15,1.5543122344752192e-15,4.553877316543785e-23,4.553877316543785e-23,True,brentq,16,1.0,0.6167664274618992,-0.22288274794269097,0.3166630073525407,-0.11434195171807597,3.174189217014897,False,with_edl_FULL,0.0001,,,T,276.57142857142856,
ofat_compare:T:without_edl,8.314,96485.0,276.57142857142856,8.8541878128e-12,78.5,,0.1,2.9298343122682206e-08,1.1e-08,1e-08,3.7e-08,1.0,0.00012,1.0,3.77e-05,0.005058315574282275,42.152629785685626,0.0015891541429203483,0.513,0.361,0.371,8.85e-05,0.0003878,0.5,0.37,-1.0,1.0,0.1,0.834,80,1200,1e-10,12,True,True,True,False,False,1.0,warn,True,False,False,15,25,25,BOTH,BOTH,BOTH,0.1,10000.0,0.1,10000.0,0.0,1e-06,FULL,0.4858618316355732,0.10897549901170385,0.10897549901170385,3.1928015620104152e-09,3.1928015620104152e-09,9.382772336863354e-12,9.382772336863354e-12,2.748996833674333e-19,2.748996833674333e-19,True,brentq,12,1.0,0.0,0.0,0.0,0.0,0.0,True,without_edl,0.0001,,,T,276.57142857142856,
ofat_compare:T:with_edl_FULL,8.314,96485.0,280.85714285714283,8.8541878128e-12,78.5,,0.1,2.9524472099550973e-08,1.1e-08,1e-08,3.7e-08,1.0,0.00012,1.0,3.77e-05,0.005097356407434586,42.477970061954885,0.0016014194713356992,0.513,0.361,0.371,8.85e-05,0.0003878,0.5,0.37,-1.0,1.0,0.1,0.834,80,1200,1e-10,12,True,True,True,False,False,1.0,warn,True,False,False,15,25,25,BOTH,BOTH,BOTH,0.1,10000.0,0.1,10000.0,0.0,1e-06,FULL,0.4411089147711599,0.10594516173820157,0.10594516173820157,3.1279749718219475e-09,3.1279749718219475e-09,6.800116025829084e-16,6.800116025829084e-16,2.0076983587830025e-23,2.0076983587830025e-23,True,brentq,16,1.0,0.618444272232893,-0.2234887681194002,0.3187225065391375,-0.11508566692371337,3.1498919677270205,False,with_edl_FULL,0.0001,,,T,280.85714285714283,
ofat_compare:T:without_edl,8.314,96485.0,280.85714285714283,8.8541878128e-12,78.5,,0.1,2.9524472099550973e-08,1.1e-08,1e-08,3.7e-08,1.0,0.00012,1.0,3.77e-05,0.005097356407434586,42.477970061954885,0.0016014194713356992,0.513,0.361,0.371,8.85e-05,0.0003878,0.5,0.37,-1.0,1.0,0.1,0.834,80,1200,1e-10,12,True,True,True,False,False,1.0,warn,True,False,False,15,25,25,BOTH,BOTH,BOTH,0.1,10000.0,0.1,10000.0,0.0,1e-06,FULL,0.48700389122373583,0.09785599900040516,0.09785599900040516,2.88914671226115e-09,2.88914671226115e-09,8.102851722924242e-12,8.102851722924242e-12,2.3923241962027533e-19,2.3923241962027533e-19,True,brentq,12,1.0,0.0,0.0,0.0,0.0,0.0,True,without_edl,0.0001,,,T,280.85714285714283,
ofat_compare:T:with_edl_FULL,8.314,96485.0,285.14285714285717,8.8541878128e-12,78.5,,0.1,2.9748882261017943e-08,1.1e-08,1e-08,3.7e-08,1.0,0.00012,1.0,3.77e-05,0.0051361004896518766,42.800837413765635,0.0016135915704989644,0.513,0.361,0.371,8.85e-05,0.0003878,0.5,0.37,-1.0,1.0,0.1,0.834,80,1200,1e-10,12,True,True,True,False,False,1.0,warn,True,False,False,15,25,25,BOTH,BOTH,BOTH,0.1,10000.0,0.1,10000.0,0.0,1e-06,FULL,0.4417053922087731,0.09522515754366917,0.09522515754366917,2.832842000053499e-09,2.832842000053499e-09,-9.286589552903735e-11,-9.286589552903735e-11,-2.7626565921573248e-18,-2.7626565921573248e-18,True,brentq,15,1.0,0.6200916843299106,-0.2240837954076939,0.3207570031150101,-0.11582035366482835,3.126321573571696,False,with_edl_FULL,0.0001,,,T,285.14285714285717,
ofat_compare:T:without_edl,8.314,96485.0,285.14285714285717,8.8541878128e-12,78.5,,0.1,2.9748882261017943e-08,1.1e-08,1e-08,3.7e-08,1.0,0.00012,1.0,3.77e-05,0.0051361004896518766,42.800837413765635,0.0016135915704989644,0.513,0.361,0.371,8.85e-05,0.0003878,0.5,0.37,-1.0,1.0,0.1,0.834,80,1200,1e-10,12,True,True,True,False,False,1.0,warn,True,False,False,15,25,25,BOTH,BOTH,BOTH,0.1,10000.0,0.1,10000.0,0.0,1e-06,FULL,0.488145950811997,0.08814573254435731,0.08814573254435731,2.6222370192732633e-09,2.6222370192732633e-09,7.32469640496447e-12,7.32469640496447e-12,2.179015309489894e-19,2.179015309489894e-19,True,brentq,12,1.0,0.0,0.0,0.0,0.0,0.0,True,without_edl,0.0001,,,T,285.14285714285717,
ofat_compare:T:with_edl_FULL,8.314,96485.0,289.42857142857144,8.8541878128e-12,78.5,,0.1,2.9971612215605825e-08,1.1e-08,1e-08,3.7e-08,1.0,0.00012,1.0,3.77e-05,0.005174554486638444,43.121287388653705,0.0016256725345522448,0.513,0.361,0.371,8.85e-05,0.0003878,0.5,0.37,-1.0,1.0,0.1,0.834,80,1200,1e-10,12,True,True,True,False,False,1.0,warn,True,False,False,15,25,25,BOTH,BOTH,BOTH,0.1,10000.0,0.1,10000.0,0.0,1e-06,FULL,0.4423018290703728,0.08585052883051243,0.08585052883051243,2.5730787586128064e-09,2.5730787586128064e-09,9.556144764388819e-11,9.556144764388819e-11,2.8641306515445357e-18,2.8641306515445357e-18,True,brentq,15,1.0,0.6217096625810247,-0.22466819062523988,0.3227670709748051,-0.11654621916637929,3.1034455127564833,False,with_edl_FULL,0.0001,,,T,289.42857142857144,
ofat_compare:T:without_edl,8.314,96485.0,289.42857142857144,8.8541878128e-12,78.5,,0.1,2.9971612215605825e-08,1.1e-08,1e-08,3.7e-08,1.0,0.00012,1.0,3.77e-05,0.005174554486638444,43.121287388653705,0.0016256725345522448,0.513,0.361,0.371,8.85e-05,0.0003878,0.5,0.37,-1.0,1.0,0.1,0.834,80,1200,1e-10,12,True,True,True,False,False,1.0,warn,True,False,False,15,25,25,BOTH,BOTH,BOTH,0.1,10000.0,0.1,10000.0,0.0,1e-06,FULL,0.4892880104003623,0.07963626986609845,0.07963626986609845,2.3868273987240385e-09,2.3868273987240385e-09,6.929498641561338e-12,6.929498641561338e-12,2.0768824613344377e-19,2.0768824613344377e-19,True,brentq,12,1.0,0.0,0.0,0.0,0.0,0.0,True,without_edl,0.0001,,,T,289.42857142857144,
ofat_compare:T:with_edl_FULL,8.314,96485.0,293.7142857142857,8.8541878128e-12,78.5,,0.1,3.0192699147731e-08,1.1e-08,1e-08,3.7e-08,1.0,0.00012,1.0,3.77e-05,0.005212724818228741,43.43937348523951,0.0016376643803935294,0.513,0.361,0.371,8.85e-05,0.0003878,0.5,0.37,-1.0,1.0,0.1,0.834,80,1200,1e-10,12,True,True,True,False,False,1.0,warn,True,False,False,15,25,25,BOTH,BOTH,BOTH,0.1,10000.0,0.1,10000.0,0.0,1e-06,FULL,0.442898215965532,0.0776243305860107,0.0776243305860107,2.343688059927435e-09,2.343688059927435e-09,5.379656442539016e-11,5.379656442539016e-11,1.6242634848773333e-18,1.6242634848773333e-18,True,brentq,15,1.0,0.6232991590744866,-0.22524229770462276,0.3247532640970745,-0.1172634634622394,3.0812331702669677,False,with_edl_FULL,0.0001,,,T,293.7142857142857,
ofat_compare:T:without_edl,8.314,96485.0,293.7142857142857,8.8541878128e-12,78.5,,0.1,3.0192699147731e-08,1.1e-08,1e-08,3.7e-08,1.0,0.00012,1.0,3.77e-05,0.005212724818228741,43.43937348523951,0.0016376643803935294,0.513,0.361,0.371,8.85e-05,0.0003878,0.5,0.37,-1.0,1.0,0.1,0.834,80,1200,1e-10,12,True,True,True,False,False,1.0,warn,True,False,False,15,25,25,BOTH,BOTH,BOTH,0.1,10000.0,0.1,10000.0,0.0,1e-06,FULL,0.4904300699888502,0.07215398022491477,0.07215398022491477,2.178523417242184e-09,2.178523417242184e-09,6.856806789024006e-12,6.856806789024006e-12,2.0702550449512124e-19,2.0702550449512124e-19,True,brentq,12,1.0,0.0,0.0,0.0,0.0,0.0,True,without_edl,0.0001,,,T,293.7142857142857,
ofat_compare:T:with_edl_FULL,8.314,96485.0,298.0,8.8541878128e-12,78.5,,0.1,3.041217889017721e-08,1.1e-08,1e-08,3.7e-08,1.0,0.00012,1.0,3.77e-05,0.005250617670899842,43.75514725749868,0.0016495690516077001,0.513,0.361,0.371,8.85e-05,0.0003878,0.5,0.37,-1.0,1.0,0.1,0.834,80,1200,1e-10,12,True,True,True,False,False,1.0,warn,True,False,False,15,25,25,BOTH,BOTH,BOTH,0.1,10000.0,0.1,10000.0,0.0,1e-06,FULL,0.44349454423603574,0.07038215501102128,0.07038215501102128,2.140474688871362e-09,2.140474688871362e-09,3.060189601722385e-11,3.060189601722385e-11,9.306703360544132e-19,9.306703360544132e-19,True,brentq,15,1.0,0.6248610819651622,-0.22580644470723008,0.32671611748407864,-0.11797227973451423,3.0596557118175287,False,with_edl_FULL,0.0001,,,T,298.0,
ofat_compare:T:without_edl,8.314,96485.0,298.0,8.8541878128e-12,78.5,,0.1,3.041217889017721e-08,1.1e-08,1e-08,3.7e-08,1.0,0.00012,1.0,3.77e-05,0.005250617670899842,43.75514725749868,0.0016495690516077001,0.513,0.361,0.371,8.85e-05,0.0003878,0.5,0.37,-1.0,1.0,0.1,0.834,80,1200,1e-10,12,True,True,True,False,False,1.0,warn,True,False,False,15,25,25,BOTH,BOTH,BOTH,0.1,10000.0,0.1,10000.0,0.0,1e-06,FULL,0.49157212957749513,0.06555361211259984,0.06555361211259984,1.993628178465674e-09,1.993628178465674e-09,7.0887740122316245e-12,7.0887740122316245e-12,2.1558506337202743e-19,2.1558506337202743e-19,True,brentq,12,1.0,0.0,0.0,0.0,0.0,0.0,True,without_edl,0.0001,,,T,298.0,
ofat_compare:T:with_edl_FULL,8.314,96485.0,302.2857142857143,8.8541878128e-12,78.5,,0.1,3.063008599189504e-08,1.1e-08,1e-08,3.7e-08,1.0,0.00012,1.0,3.77e-05,0.005288239009476925,44.068658412307705,0.0016613884221440005,0.513,0.361,0.371,8.85e-05,0.0003878,0.5,0.37,-1.0,1.0,0.1,0.834,80,1200,1e-10,12,True,True,True,False,False,1.0,warn,True,False,False,15,25,25,BOTH,BOTH,BOTH,0.1,10000.0,0.1,10000.0,0.0,1e-06,FULL,0.4440908057207129,0.06398619196572107,0.06398619196572107,1.9599025622039397e-09,1.9599025622039397e-09,1.7594661838593595e-11,1.7594661838593595e-11,5.389260051144358e-19,5.389260051144358e-19,True,brentq,15,1.0,0.6263962980768407,-0.22636094476338375,0.32865614804493,-0.11867285463240976,3.038685949533061,False,with_edl_FULL,0.0001,,,T,302.2857142857143,
ofat_compare:T:without_edl,8.314,96485.0,302.2857142857143,8.8541878128e-12,78.5,,0.1,3.063008599189504e-08,1.1e-08,1e-08,3.7e-08,1.0,0.00012,1.0,3.77e-05,0.005288239009476925,44.068658412307705,0.0016613884221440005,0.513,0.361,0.371,8.85e-05,0.0003878,0.5,0.37,-1.0,1.0,0.1,0.834,80,1200,1e-10,12,True,True,True,False,False,1.0,warn,True,False,False,15,25,25,BOTH,BOTH,BOTH,0.1,10000.0,0.1,10000.0,0.0,1e-06,FULL,0.49271418916635473,0.05971316254858487,0.05971316254858487,1.8290193037111609e-09,1.8290193037111609e-09,7.645849231519009e-12,7.645849231519009e-12,2.341930194424918e-19,2.341930194424918e-19,True,brentq,12,1.0,0.0,0.0,0.0,0.0,0.0,True,without_edl,0.0001,,,T,302.2857142857143,
ofat_compare:T:with_edl_FULL,8.314,96485.0,306.57142857142856,8.8541878128e-12,78.5,,0.1,3.084645378149048e-08,1.1e-08,1e-08,3.7e-08,1.0,0.00012,1.0,3.77e-05,0.005325594588094487,44.37995490078739,0.0016731242997596847,0.513,0.361,0.371,8.85e-05,0.0003878,0.5,0.37,-1.0,1.0,0.1,0.834,80,1200,1e-10,12,True,True,True,False,False,1.0,warn,True,False,False,15,25,25,BOTH,BOTH,BOTH,0.1,10000.0,0.1,10000.0,0.0,1e-06,FULL,0.4446869927708963,0.058320470079853685,0.058320470079853685,1.7989796848330053e-09,1.7989796848330053e-09,1.022758266966406e-11,1.022758266966406e-11,3.1548465611616545e-19,3.1548465611616545e-19,True,brentq,15,1.0,0.627905635317794,-0.2269060969450009,0.33057385542629636,-0.11936536857215416,3.01829822788833,False,with_edl_FULL,0.0001,,,T,306.57142857142856,
ofat_compare:T:without_edl,8.314,96485.0,306.57142857142856,8.8541878128e-12,78.5,,0.1,3.084645378149048e-08,1.1e-08,1e-08,3.7e-08,1.0,0.00012,1.0,3.77e-05,0.005325594588094487,44.37995490078739,0.0016731242997596847,0.513,0.361,0.371,8.85e-05,0.0003878,0.5,0.37,-1.0,1.0,0.1,0.834,80,1200,1e-10,12,True,True,True,False,False,1.0,warn,True,False,False,15,25,25,BOTH,BOTH,BOTH,0.1,10000.0,0.1,10000.0,0.0,1e-06,FULL,0.4938562487555206,0.05452975687216071,0.05452975687216071,1.6820496250730184e-09,1.6820496250730184e-09,8.587290600825526e-12,8.587290600825526e-12,2.648874626265922e-19,2.648874626265922e-19,True,brentq,12,1.0,0.0,0.0,0.0,0.0,0.0,True,without_edl,0.0001,,,T,306.57142857142856,
ofat_compare:T:with_edl_FULL,8.314,96485.0,310.85714285714283,8.8541878128e-12,78.5,,0.1,3.106131442673302e-08,1.1e-08,1e-08,3.7e-08,1.0,0.00012,1.0,3.77e-05,0.005362689960470315,44.689083003919286,0.0016847784292477572,0.513,0.361,0.371,8.85e-05,0.0003878,0.5,0.37,-1.0,1.0,0.1,0.834,80,1200,1e-10,12,True,True,True,False,False,1.0,warn,True,False,False,15,25,25,BOTH,BOTH,BOTH,0.1,10000.0,0.1,10000.0,0.0,1e-06,FULL,0.4452830982183788,0.05328702530162785,0.05328702530162785,1.6551650477591405e-09,1.6551650477591405e-09,6.012343400918496e-12,6.012343400918496e-12,1.8675128881742274e-19,1.8675128881742274e-19,True,brentq,15,1.0,0.629389884925205,-0.22744218707643957,0.33246972279444825,-0.1200499960193662,2.9984683173583857,False,with_edl_FULL,0.0001,,,T,310.85714285714283,
ofat_compare:T:without_edl,8.314,96485.0,310.85714285714283,8.8541878128e-12,78.5,,0.1,3.106131442673302e-08,1.1e-08,1e-08,3.7e-08,1.0,0.00012,1.0,3.77e-05,0.005362689960470315,44.689083003919286,0.0016847784292477572,0.513,0.361,0.371,8.85e-05,0.0003878,0.5,0.37,-1.0,1.0,0.1,0.834,80,1200,1e-10,12,True,True,True,False,False,1.0,warn,True,False,False,15,25,25,BOTH,BOTH,BOTH,0.1,10000.0,0.1,10000.0,0.0,1e-06,FULL,0.4949983083451377,0.049916324673076606,0.049916324673076606,1.5504666556973238e-09,1.5504666556973238e-09,1.0021060370402068e-11,1.0021060370402068e-11,3.112673070543323e-19,3.112673070543323e-19,True,brentq,12,1.0,0.0,0.0,0.0,0.0,0.0,True,without_edl,0.0001,,,T,310.85714285714283,
ofat_compare:T:with_edl_FULL,8.314,96485.0,315.1428571428571,8.8541878128e-12,78.5,,0.1,3.1274698990383854e-08,1.1e-08,1e-08,3.7e-08,1.0,0.00012,1.0,3.77e-05,0.005399530489544152,44.99608741286794,0.0016963524954651213,0.513,0.361,0.371,8.85e-05,0.0003878,0.5,0.37,-1.0,1.0,0.1,0.834,80,1200,1e-10,12,True,True,True,False,False,1.0,warn,True,False,False,15,25,25,BOTH,BOTH,BOTH,0.1,10000.0,0.1,10000.0,0.0,1e-06,FULL,0.44587911534561886,0.04880280230519286,0.04880280230519286,1.5262929519821181e-09,1.5262929519821181e-09,3.5754940674870284e-12,3.5754940674870284e-12,1.1182250070256003e-19,1.1182250070256003e-19,True,brentq,15,1.0,0.6308498035526802,-0.22796948848863788,0.3343442175721492,-0.12072690575511061,2.9791733167935845,False,with_edl_FULL,0.0001,,,T,315.1428571428571,
ofat_compare:T:without_edl,8.314,96485.0,315.1428571428571,8.8541878128e-12,78.5,,0.1,3.1274698990383854e-08,1.1e-08,1e-08,3.7e-08,1.0,0.00012,1.0,3.77e-05,0.005399530489544152,44.99608741286794,0.0016963524954651213,0.513,0.361,0.371,8.85e-05,0.0003878,0.5,0.37,-1.0,1.0,0.1,0.834,80,1200,1e-10,12,True,True,True,False,False,1.0,warn,True,False,False,15,25,25,BOTH,BOTH,BOTH,0.1,10000.0,0.1,10000.0,0.0,1e-06,FULL,0.49614036793543453,0.045798906049283813,0.045798906049283813,1.4323470007802214e-09,1.4323470007802214e-09,1.2120075776334005e-11,1.2120075776334005e-11,3.790517216454889e-19,3.790517216454889e-19,True,brentq,12,1.0,0.0,0.0,0.0,0.0,0.0,True,without_edl,0.0001,,,T,315.1428571428571,
ofat_compare:T:with_edl_FULL,8.314,96485.0,319.42857142857144,8.8541878128e-12,78.5,,0.1,3.148663748261889e-08,1.1e-08,1e-08,3.7e-08,1.0,0.00012,1.0,3.77e-05,0.0054361213565284495,45.301011304403744,0.0017078481261760211,0.513,0.361,0.371,8.85e-05,0.0003878,0.5,0.37,-1.0,1.0,0.1,0.834,80,1200,1e-10,12,True,True,True,False,False,1.0,warn,True,False,False,15,25,25,BOTH,BOTH,BOTH,0.1,10000.0,0.1,10000.0,0.0,1e-06,FULL,0.4464750378580209,0.04479713766821677,0.04479713766821677,1.4105112340181126e-09,1.4105112340181126e-09,2.151563649466226e-12,2.151563649466226e-12,6.774550465152356e-20,6.774550465152356e-20,True,brentq,15,1.0,0.632286115213646,-0.22848826272120423,0.33619779213356316,-0.1213962611268021,2.96039156369606,False,with_edl_FULL,0.0001,,,T,319.42857142857144,
ofat_compare:T:without_edl,8.314,96485.0,319.42857142857144,8.8541878128e-12,78.5,,0.1,3.148663748261889e-08,1.1e-08,1e-08,3.7e-08,1.0,0.00012,1.0,3.77e-05,0.0054361213565284495,45.301011304403744,0.0017078481261760211,0.513,0.361,0.371,8.85e-05,0.0003878,0.5,0.37,-1.0,1.0,0.1,0.834,80,1200,1e-10,12,True,True,True,False,False,1.0,warn,True,False,False,15,25,25,BOTH,BOTH,BOTH,0.1,10000.0,0.1,10000.0,0.0,1e-06,FULL,0.4972824275267743,0.04211445927206724,0.04211445927206724,1.3260427118760988e-09,1.3260427118760988e-09,1.515142178387663e-11,1.515142178387663e-11,4.770673250551782e-19,4.770673250551782e-19,True,brentq,12,1.0,0.0,0.0,0.0,0.0,0.0,True,without_edl,0.0001,,,T,319.42857142857144,
ofat_compare:T:with_edl_FULL,8.314,96485.0,323.7142857142857,8.8541878128e-12,78.5,,0.1,3.169715891029676e-08,1.1e-08,1e-08,3.7e-08,1.0,0.00012,1.0,3.77e-05,0.005472467569414417,45.603896411786806,0.0017192668947243626,0.513,0.361,0.371,8.85e-05,0.0003878,0.5,0.37,-1.0,1.0,0.1,0.834,80,1200,1e-10,12,True,True,True,False,False,1.0,warn,True,False,False,15,25,25,BOTH,BOTH,BOTH,0.1,10000.0,0.1,10000.0,0.0,1e-06,FULL,0.4470708598581064,0.041209707007930016,0.041209707007930016,1.3062306316771278e-09,1.3062306316771278e-09,1.310493380479727e-12,1.310493380479727e-12,4.15389169319579e-20,4.15389169319579e-20,True,brentq,15,1.0,0.6336995130922717,-0.22899876017663368,0.3380308844601056,-0.12205822028500528,2.942102551662309,False,with_edl_FULL,0.0001,,,T,323.7142857142857,
ofat_compare:T:without_edl,8.314,96485.0,323.7142857142857,8.8541878128e-12,78.5,,0.1,3.169715891029676e-08,1.1e-08,1e-08,3.7e-08,1.0,0.00012,1.0,3.77e-05,0.005472467569414417,45.603896411786806,0.0017192668947243626,0.513,0.361,0.371,8.85e-05,0.0003878,0.5,0.37,-1.0,1.0,0.1,0.834,80,1200,1e-10,12,True,True,True,False,False,1.0,warn,True,False,False,15,25,25,BOTH,BOTH,BOTH,0.1,10000.0,0.1,10000.0,0.0,1e-06,FULL,0.4984244871197368,0.038809069124009055,0.038809069124009055,1.2301372311844065e-09,1.2301372311844065e-09,1.9520551841623046e-11,1.9520551841623046e-11,6.187460337406118e-19,6.187460337406118e-19,True,brentq,12,1.0,0.0,0.0,0.0,0.0,0.0,True,without_edl,0.0001,,,T,323.7142857142857,
ofat_compare:T:with_edl_FULL,8.314,96485.0,328.0,8.8541878128e-12,78.5,,0.1,3.190629132330094e-08,1.1e-08,1e-08,3.7e-08,1.0,0.00012,1.0,3.77e-05,0.005508573970972917,45.90478309144097,0.0017306103225473246,0.513,0.361,0.371,8.85e-05,0.0003878,0.5,0.37,-1.0,1.0,0.1,0.834,80,1200,1e-10,12,True,True,True,False,False,1.0,warn,True,False,False,15,25,25,BOTH,BOTH,BOTH,0.1,10000.0,0.1,10000.0,0.0,1e-06,FULL,0.4476665758214359,0.03798884376635878,0.03798884376635878,1.2120831162448083e-09,1.2120831162448083e-09,8.081868507758827e-13,8.081868507758827e-13,2.5786245104516456e-20,2.5786245104516456e-20,True,brentq,15,1.0,0.6350906612324871,-0.22950122073049173,0.33984391875993,-0.12271293640710544,2.9242868543331753,False,with_edl_FULL,0.0001,,,T,328.0,
ofat_compare:T:without_edl,8.314,96485.0,328.0,8.8541878128e-12,78.5,,0.1,3.190629132330094e-08,1.1e-08,1e-08,3.7e-08,1.0,0.00012,1.0,3.77e-05,0.005508573970972917,45.90478309144097,0.0017306103225473246,0.513,0.361,0.371,8.85e-05,0.0003878,0.5,0.37,-1.0,1.0,0.1,0.834,80,1200,1e-10,12,True,True,True,False,False,1.0,warn,True,False,False,15,25,25,BOTH,BOTH,BOTH,0.1,10000.0,0.1,10000.0,0.0,1e-06,FULL,0.4995665467152543,0.03583647682088327,0.03583647682088327,1.1434090694478231e-09,1.1434090694478231e-09,2.5842321338398477e-11,2.5842321338398477e-11,8.24532633093298e-19,8.24532633093298e-19,True,brentq,12,1.0,0.0,0.0,0.0,0.0,0.0,True,without_edl,0.0001,,,T,328.0,
ofat_compare:L_Au:with_edl_FULL,8.314,96485.0,298.0,8.8541878128e-12,78.5,,0.1,3.041217889017721e-08,1.1000000000000008e-09,1e-08,3.7e-08,1.0,0.00012,1.0,3.77e-05,0.005250617670899842,43.75514725749868,0.0016495690516077001,0.513,0.361,0.371,8.85e-05,0.0003878,0.5,0.37,-1.0,1.0,0.1,0.834,80,1200,1e-10,12,True,True,True,False,False,1.0,warn,True,False,False,15,25,25,BOTH,BOTH,BOTH,0.1,10000.0,0.1,10000.0,0.0,1e-06,FULL,0.47480015300328476,0.03507361609296082,0.03507361609296082,1.0666650869445229e-09,1.0666650869445229e-09,-2.9555552449878064e-11,-2.9555552449878064e-11,-8.98848748303707e-19,-8.98848748303707e-19,True,brentq,13,1.0,0.9044349180442431,-0.3265340193017448,0.336645139601376,-0.12154050707450999,4.2588736018055044,False,with_edl_FULL,0.0001,,,L_Au,1.1000000000000008e-09,
ofat_compare:L_Au:without_edl,8.314,96485.0,298.0,8.8541878128e-12,78.5,,0.1,3.041217889017721e-08,1.1000000000000008e-09,1e-08,3.7e-08,1.0,0.00012,1.0,3.77e-05,0.005250617670899842,43.75514725749868,0.0016495690516077001,0.513,0.361,0.371,8.85e-05,0.0003878,0.5,0.37,-1.0,1.0,0.1,0.834,80,1200,1e-10,12,True,True,True,False,False,1.0,warn,True,False,False,15,25,25,BOTH,BOTH,BOTH,0.1,10000.0,0.1,10000.0,0.0,1e-06,FULL,0.5595336238452788,0.02462120310194775,0.02462120310194775,7.48784433227821e-10,7.48784433227821e-10,6.38378239159465e-16,6.38378239159465e-16,1.941447320891398e-23,1.941447320891398e-23,True,brentq,16,1.0,0.0,0.0,0.0,0.0,0.0,True,without_edl,0.0001,,,L_Au,1.1000000000000008e-09,
ofat_compare:L_Au:with_edl_FULL,8.314,96485.0,298.0,8.8541878128e-12,78.5,,0.1,3.041217889017721e-08,1.5284450438104508e-09,1e-08,3.7e-08,1.0,0.00012,1.0,3.77e-05,0.005250617670899842,43.75514725749868,0.0016495690516077001,0.513,0.361,0.371,8.85e-05,0.0003878,0.5,0.37,-1.0,1.0,0.1,0.834,80,1200,1e-10,12,True,True,True,False,False,1.0,warn,True,False,False,15,25,25,BOTH,BOTH,BOTH,0.1,10000.0,0.1,10000.0,0.0,1e-06,FULL,0.4698000211374758,0.039025447372615485,0.039025447372615485,1.1868488867651784e-09,1.1868488867651784e-09,7.613631947123167e-13,7.613631947123167e-13,2.31547136779878e-20,2.31547136779878e-20,True,brentq,14,1.0,0.8870957857985824,-0.3202849800904735,0.33694819556890293,-0.12165037075190753,4.070169935020056,False,with_edl_FULL,0.0001,,,L_Au,1.5284450438104508e-09,
ofat_compare:L_Au:without_edl,8.314,96485.0,298.0,8.8541878128e-12,78.5,,0.1,3.041217889017721e-08,1.5284450438104508e-09,1e-08,3.7e-08,1.0,0.00012,1.0,3.77e-05,0.005250617670899842,43.75514725749868,0.0016495690516077001,0.513,0.361,0.371,8.85e-05,0.0003878,0.5,0.37,-1.0,1.0,0.1,0.834,80,1200,1e-10,12,True,True,True,False,False,1.0,warn,True,False,False,15,25,25,BOTH,BOTH,BOTH,0.1,10000.0,0.1,10000.0,0.0,1e-06,FULL,0.5498248389494304,0.028318132357759075,0.028318132357759075,8.612161070998847e-10,8.612161070998847e-10,5.533767888366015e-15,5.533767888366015e-15,1.6829393895770542e-22,1.6829393895770542e-22,True,brentq,17,1.0,0.0,0.0,0.0,0.0,0.0,True,without_edl,0.0001,,,L_Au,1.5284450438104508e-09,
ofat_compare:L_Au:with_edl_FULL,8.314,96485.0,298.0,8.8541878128e-12,78.5,,0.1,3.041217889017721e-08,2.1237675017715806e-09,1e-08,3.7e-08,1.0,0.00012,1.0,3.77e-05,0.005250617670899842,43.75514725749868,0.0016495690516077001,0.513,0.361,0.371,8.85e-05,0.0003878,0.5,0.37,-1.0,1.0,0.1,0.834,80,1200,1e-10,12,True,True,True,False,False,1.0,warn,True,False,False,15,25,25,BOTH,BOTH,BOTH,0.1,10000.0,0.1,10000.0,0.0,1e-06,FULL,0.46494094578715933,0.04332016856854125,0.04332016856854125,1.3174607160591085e-09,1.3174607160591085e-09,4.949143178611948e-11,4.949143178611948e-11,1.5051422770104681e-18,1.5051422770104681e-18,True,brentq,14,1.0,0.864362138482455,-0.3120921211950601,0.33706988571101915,-0.12169505254792634,3.8852223678770965,False,with_edl_FULL,0.0001,,,L_Au,2.1237675017715806e-09,
ofat_compare:L_Au:without_edl,8.314,96485.0,298.0,8.8541878128e-12,78.5,,0.1,3.041217889017721e-08,2.1237675017715806e-09,1e-08,3.7e-08,1.0,0.00012,1.0,3.77e-05,0.005250617670899842,43.75514725749868,0.0016495690516077001,0.513,0.361,0.371,8.85e-05,0.0003878,0.5,0.37,-1.0,1.0,0.1,0.834,80,1200,1e-10,12,True,True,True,False,False,1.0,warn,True,False,False,15,25,25,BOTH,BOTH,BOTH,0.1,10000.0,0.1,10000.0,0.0,1e-06,FULL,0.5401160540710273,0.03257016390236959,0.03257016390236959,9.905296510812562e-10,9.905296510812562e-10,1.926303561106124e-11,1.926303561106124e-11,5.858308849714485e-19,5.858308849714485e-19,True,brentq,16,1.0,0.0,0.0,0.0,0.0,0.0,True,without_edl,0.0001,,,L_Au,2.1237675017715806e-09,
ofat_compare:L_Au:with_edl_FULL,8.314,96485.0,298.0,8.8541878128e-12,78.5,,0.1,3.041217889017721e-08,2.9509653748077024e-09,1e-08,3.7e-08,1.0,0.00012,1.0,3.77e-05,0.005250617670899842,43.75514725749868,0.0016495690516077001,0.513,0.361,0.371,8.85e-05,0.0003878,0.5,0.37,-1.0,1.0,0.1,0.834,80,1200,1e-10,12,True,True,True,False,False,1.0,warn,True,False,False,15,25,25,BOTH,BOTH,BOTH,0.1,10000.0,0.1,10000.0,0.0,1e-06,FULL,0.46024206076265933,0.047970797637391475,0.047970797637391475,1.4588964792528398e-09,1.4588964792528398e-09,1.942890293094024e-15,1.942890293094024e-15,5.908752715756429e-23,5.908752715756429e-23,True,brentq,15,1.0,0.8351263288848148,-0.3015567241845691,0.33684356071485133,-0.12161454768524389,3.7049881787034877,False,with_edl_FULL,0.0001,,,L_Au,2.9509653748077024e-09,
ofat_compare:L_Au:without_edl,8.314,96485.0,298.0,8.8541878128e-12,78.5,,0.1,3.041217889017721e-08,2.9509653748077024e-09,1e-08,3.7e-08,1.0,0.00012,1.0,3.77e-05,0.005250617670899842,43.75514725749868,0.0016495690516077001,0.513,0.361,0.371,8.85e-05,0.0003878,0.5,0.37,-1.0,1.0,0.1,0.834,80,1200,1e-10,12,True,True,True,False,False,1.0,warn,True,False,False,15,25,25,BOTH,BOTH,BOTH,0.1,10000.0,0.1,10000.0,0.0,1e-06,FULL,0.5304072691578149,0.03746064756341673,0.03746064756341673,1.1392599150405105e-09,1.1392599150405105e-09,1.2369272273105025e-13,1.2369272273105025e-13,3.761765211109789e-21,3.761765211109789e-21,True,brentq,16,1.0,0.0,0.0,0.0,0.0,0.0,True,without_edl,0.0001,,,L_Au,2.9509653748077024e-09,
ofat_compare:L_Au:with_edl_FULL,8.314,96485.0,298.0,8.8541878128e-12,78.5,,0.1,3.041217889017721e-08,4.100353092346435e-09,1e-08,3.7e-08,1.0,0.00012,1.0,3.77e-05,0.005250617670899842,43.75514725749868,0.0016495690516077001,0.513,0.361,0.371,8.85e-05,0.0003878,0.5,0.37,-1.0,1.0,0.1,0.834,80,1200,1e-10,12,True,True,True,False,False,1.0,warn,True,False,False,15,25,25,BOTH,BOTH,BOTH,0.1,10000.0,0.1,10000.0,0.0,1e-06,FULL,0.4557262500840815,0.052992265314525354,0.052992265314525354,1.611610252541078e-09,1.611610252541078e-09,7.316369732279782e-14,7.316369732279782e-14,2.2250674512477066e-21,2.2250674512477066e-21,True,brentq,15,1.0,0.7980762809665575,-0.28820652479344844,0.3359949208906863,-0.1213100494307526,3.531964346102212,False,with_edl_FULL,0.0001,,,L_Au,4.100353092346435e-09,
ofat_compare:L_Au:without_edl,8.314,96485.0,298.0,8.8541878128e-12,78.5,,0.1,3.041217889017721e-08,4.100353092346435e-09,1e-08,3.7e-08,1.0,0.00012,1.0,3.77e-05,0.005250617670899842,43.75514725749868,0.0016495690516077001,0.513,0.361,0.371,8.85e-05,0.0003878,0.5,0.37,-1.0,1.0,0.1,0.834,80,1200,1e-10,12,True,True,True,False,False,1.0,warn,True,False,False,15,25,25,BOTH,BOTH,BOTH,0.1,10000.0,0.1,10000.0,0.0,1e-06,FULL,0.5206984842618655,0.04308544840451748,0.04308544840451748,1.310322364441686e-09,1.310322364441686e-09,2.2551405187698492e-15,2.2551405187698492e-15,6.858373687931569e-23,6.858373687931569e-23,True,brentq,16,1.0,0.0,0.0,0.0,0.0,0.0,True,without_edl,0.0001,,,L_Au,4.100353092346435e-09,
ofat_compare:L_Au:with_edl_FULL,8.314,96485.0,298.0,8.8541878128e-12,78.5,,0.1,3.041217889017721e-08,5.697422147154327e-09,1e-08,3.7e-08,1.0,0.00012,1.0,3.77e-05,0.005250617670899842,43.75514725749868,0.0016495690516077001,0.513,0.361,0.371,8.85e-05,0.0003878,0.5,0.37,-1.0,1.0,0.1,0.834,80,1200,1e-10,12,True,True,True,False,False,1.0,warn,True,False,False,15,25,25,BOTH,BOTH,BOTH,0.1,10000.0,0.1,10000.0,0.0,1e-06,FULL,0.45142638633197035,0.05838782626465156,0.05838782626465156,1.7757010173691706e-09,1.7757010173691706e-09,1.0830225605218402e-12,1.0830225605218402e-12,3.293707585268798e-20,3.293707585268798e-20,True,brentq,15,1.0,0.7514731608163566,-0.2714157986541945,0.3341965389874766,-0.12066361046371397,3.3661460513711834,False,with_edl_FULL,0.0001,,,L_Au,5.697422147154327e-09,
ofat_compare:L_Au:without_edl,8.314,96485.0,298.0,8.8541878128e-12,78.5,,0.1,3.041217889017721e-08,5.697422147154327e-09,1e-08,3.7e-08,1.0,0.00012,1.0,3.77e-05,0.005250617670899842,43.75514725749868,0.0016495690516077001,0.513,0.361,0.371,8.85e-05,0.0003878,0.5,0.37,-1.0,1.0,0.1,0.834,80,1200,1e-10,12,True,True,True,False,False,1.0,warn,True,False,False,15,25,25,BOTH,BOTH,BOTH,0.1,10000.0,0.1,10000.0,0.0,1e-06,FULL,0.5109896993661576,0.049554825796443026,0.049554825796443026,1.5070702269929938e-09,1.5070702269929938e-09,2.4693441735834654e-13,2.4693441735834654e-13,7.509813674843716e-21,7.509813674843716e-21,True,brentq,12,1.0,0.0,0.0,0.0,0.0,0.0,True,without_edl,0.0001,,,L_Au,5.697422147154327e-09,
ofat_compare:L_Au:with_edl_FULL,8.314,96485.0,298.0,8.8541878128e-12,78.5,,0.1,3.041217889017721e-08,7.916542403012688e-09,1e-08,3.7e-08,1.0,0.00012,1.0,3.77e-05,0.005250617670899842,43.75514725749868,0.0016495690516077001,0.513,0.361,0.371,8.85e-05,0.0003878,0.5,0.37,-1.0,1.0,0.1,0.834,80,1200,1e-10,12,True,True,True,False,False,1.0,warn,True,False,False,15,25,25,BOTH,BOTH,BOTH,0.1,10000.0,0.1,10000.0,0.0,1e-06,FULL,0.44735027901403723,0.06417752460010298,0.06417752460010298,1.9517783588670804e-09,1.9517783588670804e-09,7.788117373230818e-12,7.788117373230818e-12,2.368536187723927e-19,2.368536187723927e-19,True,brentq,15,1.0,0.6940803926999279,-0.2507400012514424,0.33117126320620743,-0.11957540299914018,3.206550861605537,False,with_edl_FULL,0.0001,,,L_Au,7.916542403012688e-09,
ofat_compare:L_Au:without_edl,8.314,96485.0,298.0,8.8541878128e-12,78.5,,0.1,3.041217889017721e-08,7.916542403012688e-09,1e-08,3.7e-08,1.0,0.00012,1.0,3.77e-05,0.005250617670899842,43.75514725749868,0.0016495690516077001,0.513,0.361,0.371,8.85e-05,0.0003878,0.5,0.37,-1.0,1.0,0.1,0.834,80,1200,1e-10,12,True,True,True,False,False,1.0,warn,True,False,False,15,25,25,BOTH,BOTH,BOTH,0.1,10000.0,0.1,10000.0,0.0,1e-06,FULL,0.5012809144705006,0.05699559481573809,0.05699559481573809,1.7333602254882836e-09,1.7333602254882836e-09,6.638370408929006e-13,6.638370408929006e-13,2.018873084156078e-20,2.018873084156078e-20,True,brentq,12,1.0,0.0,0.0,0.0,0.0,0.0,True,without_edl,0.0001,,,L_Au,7.916542403012688e-09,
ofat_compare:L_Au:with_edl_FULL,8.314,96485.0,298.0,8.8541878128e-12,78.5,,0.1,3.041217889017721e-08,1.1000000000000008e-08,1e-08,3.7e-08,1.0,0.00012,1.0,3.77e-05,0.005250617670899842,43.75514725749868,0.0016495690516077001,0.513,0.361,0.371,8.85e-05,0.0003878,0.5,0.37,-1.0,1.0,0.1,0.834,80,1200,1e-10,12,True,True,True,False,False,1.0,warn,True,False,False,15,25,25,BOTH,BOTH,BOTH,0.1,10000.0,0.1,10000.0,0.0,1e-06,FULL,0.4434945442360358,0.07038215501102103,0.07038215501102103,2.140474688871354e-09,2.140474688871354e-09,3.060185438386043e-11,3.060185438386043e-11,9.30669069893117e-19,9.30669069893117e-19,True,brentq,15,1.0,0.6248610819651611,-0.2258064447072298,0.32671611748407875,-0.11797227973451425,3.0596557118175287,False,with_edl_FULL,0.0001,,,L_Au,1.1000000000000008e-08,
ofat_compare:L_Au:without_edl,8.314,96485.0,298.0,8.8541878128e-12,78.5,,0.1,3.041217889017721e-08,1.1000000000000008e-08,1e-08,3.7e-08,1.0,0.00012,1.0,3.77e-05,0.005250617670899842,43.75514725749868,0.0016495690516077001,0.513,0.361,0.371,8.85e-05,0.0003878,0.5,0.37,-1.0,1.0,0.1,0.834,80,1200,1e-10,12,True,True,True,False,False,1.0,warn,True,False,False,15,25,25,BOTH,BOTH,BOTH,0.1,10000.0,0.1,10000.0,0.0,1e-06,FULL,0.4915721295774951,0.0655536121125999,0.0655536121125999,1.993628178465676e-09,1.993628178465676e-09,7.088760134443817e-12,7.088760134443817e-12,2.15584641318262e-19,2.15584641318262e-19,True,brentq,12,1.0,0.0,0.0,0.0,0.0,0.0,True,without_edl,0.0001,,,L_Au,1.1000000000000008e-08,
ofat_compare:L_Au:with_edl_FULL,8.314,96485.0,298.0,8.8541878128e-12,78.5,,0.1,3.041217889017721e-08,1.5284450438104506e-08,1e-08,3.7e-08,1.0,0.00012,1.0,3.77e-05,0.005250617670899842,43.75514725749868,0.0016495690516077001,0.513,0.361,0.371,8.85e-05,0.0003878,0.5,0.37,-1.0,1.0,0.1,0.834,80,1200,1e-10,12,True,True,True,False,False,1.0,warn,True,False,False,15,25,25,BOTH,BOTH,BOTH,0.1,10000.0,0.1,10000.0,0.0,1e-06,FULL,0.439784736518637,0.0770761444273417,0.0770761444273417,2.3440534924894514e-09,2.3440534924894514e-09,7.166991999874028e-11,7.166991999874028e-11,2.1796384280463787e-18,2.1796384280463787e-18,True,brentq,15,1.0,0.5446311602941524,-0.19690994976231072,0.32106820568425365,-0.11593959882666999,2.914170845340596,False,with_edl_FULL,0.0001,,,L_Au,1.5284450438104506e-08,
ofat_compare:L_Au:without_edl,8.314,96485.0,298.0,8.8541878128e-12,78.5,,0.1,3.041217889017721e-08,1.5284450438104506e-08,1e-08,3.7e-08,1.0,0.00012,1.0,3.77e-05,0.005250617670899842,43.75514725749868,0.0016495690516077001,0.513,0.361,0.371,8.85e-05,0.0003878,0.5,0.37,-1.0,1.0,0.1,0.834,80,1200,1e-10,12,True,True,True,False,False,1.0,warn,True,False,False,15,25,25,BOTH,BOTH,BOTH,0.1,10000.0,0.1,10000.0,0.0,1e-06,FULL,0.4818633446748299,0.07539663502229704,0.07539663502229704,2.292975952015498e-09,2.292975952015498e-09,-9.24722798334443e-12,-9.24722798334443e-12,-2.8122835166772346e-19,-2.8122835166772346e-19,True,brentq,12,1.0,0.0,0.0,0.0,0.0,0.0,True,without_edl,0.0001,,,L_Au,1.5284450438104506e-08,
ofat_compare:L_Au:with_edl_FULL,8.314,96485.0,298.0,8.8541878128e-12,78.5,,0.1,3.041217889017721e-08,2.123767501771576e-08,1e-08,3.7e-08,1.0,0.00012,1.0,3.77e-05,0.005250617670899842,43.75514725749868,0.0016495690516077001,0.513,0.361,0.371,8.85e-05,0.0003878,0.5,0.37,-1.0,1.0,0.1,0.834,80,1200,1e-10,12,True,True,True,False,False,1.0,warn,True,False,False,15,25,25,BOTH,BOTH,BOTH,0.1,10000.0,0.1,10000.0,0.0,1e-06,FULL,0.43605908761464734,0.08443083835648342,0.08443083835648342,2.5677257599450094e-09,2.5677257599450094e-09,-9.934059130856099e-11,-9.934059130856099e-11,-3.02116383393194e-18,-3.02116383393194e-18,True,brentq,15,1.0,0.456735690718139,-0.16525580359389555,0.31503137076208765,-0.11376682078387192,2.773389666275351,False,with_edl_FULL,0.0001,,,L_Au,2.123767501771576e-08,
ofat_compare:L_Au:without_edl,8.314,96485.0,298.0,8.8541878128e-12,78.5,,0.1,3.041217889017721e-08,2.123767501771576e-08,1e-08,3.7e-08,1.0,0.00012,1.0,3.77e-05,0.005250617670899842,43.75514725749868,0.0016495690516077001,0.513,0.361,0.371,8.85e-05,0.0003878,0.5,0.37,-1.0,1.0,0.1,0.834,80,1200,1e-10,12,True,True,True,False,False,1.0,warn,True,False,False,15,25,25,BOTH,BOTH,BOTH,0.1,10000.0,0.1,10000.0,0.0,1e-06,FULL,0.4721545597825999,0.08671761006969632,0.08671761006969632,2.6372714703682373e-09,2.6372714703682373e-09,1.061650767297806e-14,1.061650767297806e-14,3.228711305395477e-22,3.228711305395477e-22,True,brentq,13,1.0,0.0,0.0,0.0,0.0,0.0,True,without_edl,0.0001,,,L_Au,2.123767501771576e-08,
ofat_compare:L_Au:with_edl_FULL,8.314,96485.0,298.0,8.8541878128e-12,78.5,,0.1,3.041217889017721e-08,2.9509653748077022e-08,1e-08,3.7e-08,1.0,0.00012,1.0,3.77e-05,0.005250617670899842,43.75514725749868,0.0016495690516077001,0.513,0.361,0.371,8.85e-05,0.0003878,0.5,0.37,-1.0,1.0,0.1,0.834,80,1200,1e-10,12,True,True,True,False,False,1.0,warn,True,False,False,15,25,25,BOTH,BOTH,BOTH,0.1,10000.0,0.1,10000.0,0.0,1e-06,FULL,0.43208706270417774,0.09278380901015189,0.09278380901015189,2.821757797728775e-09,2.821757797728775e-09,-9.069914264081547e-11,-9.069914264081547e-11,-2.75835855117818e-18,-2.75835855117818e-18,True,brentq,15,1.0,0.3670765047465802,-0.13296920326736622,0.3096386803426302,-0.11182585450573962,2.621123198704346,False,with_edl_FULL,0.0001,,,L_Au,2.9509653748077022e-08,
ofat_compare:L_Au:without_edl,8.314,96485.0,298.0,8.8541878128e-12,78.5,,0.1,3.041217889017721e-08,2.9509653748077022e-08,1e-08,3.7e-08,1.0,0.00012,1.0,3.77e-05,0.005250617670899842,43.75514725749868,0.0016495690516077001,0.513,0.361,0.371,8.85e-05,0.0003878,0.5,0.37,-1.0,1.0,0.1,0.834,80,1200,1e-10,12,True,True,True,False,False,1.0,warn,True,False,False,15,25,25,BOTH,BOTH,BOTH,0.1,10000.0,0.1,10000.0,0.0,1e-06,FULL,0.46244577488674293,0.0997384550841682,0.0997384550841682,3.033263738249628e-09,3.033263738249628e-09,5.689893001203927e-16,5.689893001203927e-16,1.7304204381858114e-23,1.7304204381858114e-23,True,brentq,15,1.0,0.0,0.0,0.0,0.0,0.0,True,without_edl,0.0001,,,L_Au,2.9509653748077022e-08,
ofat_compare:L_Au:with_edl_FULL,8.314,96485.0,298.0,8.8541878128e-12,78.5,,0.1,3.041217889017721e-08,4.1003530923464347e-08,1e-08,3.7e-08,1.0,0.00012,1.0,3.77e-05,0.005250617670899842,43.75514725749868,0.0016495690516077001,0.513,0.361,0.371,8.85e-05,0.0003878,0.5,0.37,-1.0,1.0,0.1,0.834,80,1200,1e-10,12,True,True,True,False,False,1.0,warn,True,False,False,15,25,25,BOTH,BOTH,BOTH,0.1,10000.0,0.1,10000.0,0.0,1e-06,FULL,0.42761479418771037,0.10269147519906359,0.10269147519906359,3.1230715142501185e-09,3.1230715142501185e-09,-9.314825299977514e-11,-9.314825299977514e-11,-2.8328413335366474e-18,-2.8328413335366474e-18,True,brentq,15,1.0,0.2832529974306311,-0.10278595642738607,0.3058027100763347,-0.11044524057269485,2.456488883830181,False,with_edl_FULL,0.0001,,,L_Au,4.1003530923464347e-08,
ofat_compare:L_Au:without_edl,8.314,96485.0,298.0,8.8541878128e-12,78.5,,0.1,3.041217889017721e-08,4.1003530923464347e-08,1e-08,3.7e-08,1.0,0.00012,1.0,3.77e-05,0.005250617670899842,43.75514725749868,0.0016495690516077001,0.513,0.361,0.371,8.85e-05,0.0003878,0.5,0.37,-1.0,1.0,0.1,0.834,80,1200,1e-10,12,True,True,True,False,False,1.0,warn,True,False,False,15,25,25,BOTH,BOTH,BOTH,0.1,10000.0,0.1,10000.0,0.0,1e-06,FULL,0.4527369899908985,0.11471440938678881,0.11471440938678881,3.488715139552045e-09,3.488715139552045e-09,3.5887959271008185e-14,3.5887959271008185e-14,1.0914310373532947e-21,1.0914310373532947e-21,True,brentq,15,1.0,0.0,0.0,0.0,0.0,0.0,True,without_edl,0.0001,,,L_Au,4.1003530923464347e-08,
ofat_compare:L_Au:with_edl_FULL,8.314,96485.0,298.0,8.8541878128e-12,78.5,,0.1,3.041217889017721e-08,5.697422147154338e-08,1e-08,3.7e-08,1.0,0.00012,1.0,3.77e-05,0.005250617670899842,43.75514725749868,0.0016495690516077001,0.513,0.361,0.371,8.85e-05,0.0003878,0.5,0.37,-1.0,1.0,0.1,0.834,80,1200,1e-10,12,True,True,True,False,False,1.0,warn,True,False,False,15,25,25,BOTH,BOTH,BOTH,0.1,10000.0,0.1,10000.0,0.0,1e-06,FULL,0.4224532694540906,0.1148886457573362,0.1148886457573362,3.4940140472223077e-09,3.4940140472223077e-09,-9.108583332029241e-11,-9.108583332029241e-11,-2.7701186572975967e-18,-2.7701186572975967e-18,True,brentq,15,1.0,0.21195824923660708,-0.07711528763002178,0.3040608769493474,-0.1098185768368848,2.266967114834907,False,with_edl_FULL,0.0001,,,L_Au,5.697422147154338e-08,
ofat_compare:L_Au:without_edl,8.314,96485.0,298.0,8.8541878128e-12,78.5,,0.1,3.041217889017721e-08,5.697422147154338e-08,1e-08,3.7e-08,1.0,0.00012,1.0,3.77e-05,0.005250617670899842,43.75514725749868,0.0016495690516077001,0.513,0.361,0.371,8.85e-05,0.0003878,0.5,0.37,-1.0,1.0,0.1,0.834,80,1200,1e-10,12,True,True,True,False,False,1.0,warn,True,False,False,15,25,25,BOTH,BOTH,BOTH,0.1,10000.0,0.1,10000.0,0.0,1e-06,FULL,0.44302820509540924,0.13193903705391985,0.13193903705391985,4.0125535974815304e-09,4.0125535974815304e-09,1.6695256288556948e-12,1.6695256288556948e-12,5.0773912086494993e-20,5.0773912086494993e-20,True,brentq,15,1.0,0.0,0.0,0.0,0.0,0.0,True,without_edl,0.0001,,,L_Au,5.697422147154338e-08,
ofat_compare:L_Au:with_edl_FULL,8.314,96485.0,298.0,8.8541878128e-12,78.5,,0.1,3.041217889017721e-08,7.916542403012671e-08,1e-08,3.7e-08,1.0,0.00012,1.0,3.77e-05,0.005250617670899842,43.75514725749868,0.0016495690516077001,0.513,0.361,0.371,8.85e-05,0.0003878,0.5,0.37,-1.0,1.0,0.1,0.834,80,1200,1e-10,12,True,True,True,False,False,1.0,warn,True,False,False,15,25,25,BOTH,BOTH,BOTH,0.1,10000.0,0.1,10000.0,0.0,1e-06,FULL,0.41657998895082,0.13018220095067826,0.13018220095067826,3.9591243836290245e-09,3.9591243836290245e-09,-7.441716687317523e-11,-7.441716687317523e-11,-2.263188191447175e-18,-2.263188191447175e-18,True,brentq,15,1.0,0.15597337258503616,-0.056957656326755424,0.3038924877084234,-0.10975844505674028,2.0514818358454896,False,with_edl_FULL,0.0001,,,L_Au,7.916542403012671e-08,
ofat_compare:L_Au:without_edl,8.314,96485.0,298.0,8.8541878128e-12,78.5,,0.1,3.041217889017721e-08,7.916542403012671e-08,1e-08,3.7e-08,1.0,0.00012,1.0,3.77e-05,0.005250617670899842,43.75514725749868,0.0016495690516077001,0.513,0.361,0.371,8.85e-05,0.0003878,0.5,0.37,-1.0,1.0,0.1,0.834,80,1200,1e-10,12,True,True,True,False,False,1.0,warn,True,False,False,15,25,25,BOTH,BOTH,BOTH,0.1,10000.0,0.1,10000.0,0.0,1e-06,FULL,0.43331942020808045,0.15174998149348898,0.15174998149348898,4.615047583761068e-09,4.615047583761068e-09,4.5749348753787444e-11,4.5749348753787444e-11,1.3913373784092896e-18,1.3913373784092896e-18,True,brentq,15,1.0,0.0,0.0,0.0,0.0,0.0,True,without_edl,0.0001,,,L_Au,7.916542403012671e-08,
ofat_compare:L_Au:with_edl_FULL,8.314,96485.0,298.0,8.8541878128e-12,78.5,,0.1,3.041217889017721e-08,1.1000000000000009e-07,1e-08,3.7e-08,1.0,0.00012,1.0,3.77e-05,0.005250617670899842,43.75514725749868,0.0016495690516077001,0.513,0.361,0.371,8.85e-05,0.0003878,0.5,0.37,-1.0,1.0,0.1,0.834,80,1200,1e-10,12,True,True,True,False,False,1.0,warn,True,False,False,15,25,25,BOTH,BOTH,BOTH,0.1,10000.0,0.1,10000.0,0.0,1e-06,FULL,0.41010661777889146,0.14937182226875642,0.14937182226875642,4.5427225799891765e-09,4.5427225799891765e-09,-1.2923051517788053e-11,-1.2923051517788053e-11,-3.930181545659464e-19,-3.930181545659464e-19,True,brentq,15,1.0,0.11412871011328474,-0.04189128743596974,0.30405162758532245,-0.10981618137643244,1.815012710857891,False,with_edl_FULL,0.0001,,,L_Au,1.1000000000000009e-07,
ofat_compare:L_Au:without_edl,8.314,96485.0,298.0,8.8541878128e-12,78.5,,0.1,3.041217889017721e-08,1.1000000000000009e-07,1e-08,3.7e-08,1.0,0.00012,1.0,3.77e-05,0.005250617670899842,43.75514725749868,0.0016495690516077001,0.513,0.361,0.371,8.85e-05,0.0003878,0.5,0.37,-1.0,1.0,0.1,0.834,80,1200,1e-10,12,True,True,True,False,False,1.0,warn,True,False,False,15,25,25,BOTH,BOTH,BOTH,0.1,10000.0,0.1,10000.0,0.0,1e-06,FULL,0.42361063530332893,0.17453558393071378,0.17453558393071378,5.3080074012024064e-09,5.3080074012024064e-09,1.4432899320127035e-15,1.4432899320127035e-15,4.389359160276204e-23,4.389359160276204e-23,True,brentq,16,1.0,0.0,0.0,0.0,0.0,0.0,True,without_edl,0.0001,,,L_Au,1.1000000000000009e-07,
ofat_compare:L_gap:with_edl_FULL,8.314,96485.0,298.0,8.8541878128e-12,78.5,,0.1,3.041217889017721e-08,1.1e-08,0.0,3.7e-08,1.0,0.00012,1.0,3.77e-05,0.005250617670899842,43.75514725749868,0.0016495690516077001,0.513,0.361,0.371,8.85e-05,0.0003878,0.5,0.37,-1.0,1.0,0.1,0.834,80,1200,1e-10,12,True,True,True,False,False,1.0,warn,True,False,False,15,25,25,BOTH,BOTH,BOTH,0.1,10000.0,0.1,10000.0,0.0,1e-06,FULL,0.4914344328455448,0.06544347589700476,0.06544347589700476,1.9902786961747093e-09,1.9902786961747093e-09,6.7919836421737045e-12,6.7919836421737045e-12,2.0655902154494407e-19,2.0655902154494407e-19,True,brentq,12,1.0,0.0033373823919017357,-0.0015887660563911547,0.002209514347294373,-0.0009364196687590784,0.006572417916025114,True,with_edl_FULL,0.0001,,,L_gap,0.0,
ofat_compare:L_gap:without_edl,8.314,96485.0,298.0,8.8541878128e-12,78.5,,0.1,3.041217889017721e-08,1.1e-08,0.0,3.7e-08,1.0,0.00012,1.0,3.77e-05,0.005250617670899842,43.75514725749868,0.0016495690516077001,0.513,0.361,0.371,8.85e-05,0.0003878,0.5,0.37,-1.0,1.0,0.1,0.834,80,1200,1e-10,12,True,True,True,False,False,1.0,warn,True,False,False,15,25,25,BOTH,BOTH,BOTH,0.1,10000.0,0.1,10000.0,0.0,1e-06,FULL,0.49157212957749513,0.06555361211259984,0.06555361211259984,1.993628178465674e-09,1.993628178465674e-09,7.0887740122316245e-12,7.0887740122316245e-12,2.1558506337202743e-19,2.1558506337202743e-19,True,brentq,12,1.0,0.0,0.0,0.0,0.0,0.0,True,without_edl,0.0001,,,L_gap,0.0,
ofat_compare:L_gap:with_edl_FULL,8.314,96485.0,298.0,8.8541878128e-12,78.5,,0.1,3.041217889017721e-08,1.1e-08,7.142857142857142e-08,3.7e-08,1.0,0.00012,1.0,3.77e-05,0.005250617670899842,43.75514725749868,0.0016495690516077001,0.513,0.361,0.371,8.85e-05,0.0003878,0.5,0.37,-1.0,1.0,0.1,0.834,80,1200,1e-10,12,True,True,True,False,False,1.0,warn,True,False,False,15,25,25,BOTH,BOTH,BOTH,0.1,10000.0,0.1,10000.0,0.0,1e-06,FULL,0.4402319279992092,0.07096226136755704,0.07096226136755704,2.158116987161656e-09,2.158116987161656e-09,6.522560269672795e-16,6.522560269672795e-16,1.9836526974325153e-23,1.9836526974325153e-23,True,brentq,16,1.0,0.6986161966813095,-0.25242699543673847,0.3592705889580176,-0.12970749399064974,3.0148384075482255,False,with_edl_FULL,0.0001,,,L_gap,7.142857142857142e-08,
ofat_compare:L_gap:without_edl,8.314,96485.0,298.0,8.8541878128e-12,78.5,,0.1,3.041217889017721e-08,1.1e-08,7.142857142857142e-08,3.7e-08,1.0,0.00012,1.0,3.77e-05,0.005250617670899842,43.75514725749868,0.0016495690516077001,0.513,0.361,0.371,8.85e-05,0.0003878,0.5,0.37,-1.0,1.0,0.1,0.834,80,1200,1e-10,12,True,True,True,False,False,1.0,warn,True,False,False,15,25,25,BOTH,BOTH,BOTH,0.1,10000.0,0.1,10000.0,0.0,1e-06,FULL,0.49157212957749513,0.06555361211259984,0.06555361211259984,1.993628178465674e-09,1.993628178465674e-09,7.0887740122316245e-12,7.0887740122316245e-12,2.1558506337202743e-19,2.1558506337202743e-19,True,brentq,12,1.0,0.0,0.0,0.0,0.0,0.0,True,without_edl,0.0001,,,L_gap,7.142857142857142e-08,
ofat_compare:L_gap:with_edl_FULL,8.314,96485.0,298.0,8.8541878128e-12,78.5,,0.1,3.041217889017721e-08,1.1e-08,1.4285714285714285e-07,3.7e-08,1.0,0.00012,1.0,3.77e-05,0.005250617670899842,43.75514725749868,0.0016495690516077001,0.513,0.361,0.371,8.85e-05,0.0003878,0.5,0.37,-1.0,1.0,0.1,0.834,80,1200,1e-10,12,True,True,True,False,False,1.0,warn,True,False,False,15,25,25,BOTH,BOTH,BOTH,0.1,10000.0,0.1,10000.0,0.0,1e-06,FULL,0.44004402549661686,0.0710380062737087,0.0710380062737087,2.16042055479756e-09,2.16042055479756e-09,1.0824674490095276e-15,1.0824674490095276e-15,3.292019370207153e-23,3.292019370207153e-23,True,brentq,16,1.0,0.7030944508619158,-0.2540412965556973,0.36126871571069596,-0.13042839533449163,3.010863904019965,False,with_edl_FULL,0.0001,,,L_gap,1.4285714285714285e-07,
ofat_compare:L_gap:without_edl,8.314,96485.0,298.0,8.8541878128e-12,78.5,,0.1,3.041217889017721e-08,1.1e-08,1.4285714285714285e-07,3.7e-08,1.0,0.00012,1.0,3.77e-05,0.005250617670899842,43.75514725749868,0.0016495690516077001,0.513,0.361,0.371,8.85e-05,0.0003878,0.5,0.37,-1.0,1.0,0.1,0.834,80,1200,1e-10,12,True,True,True,False,False,1.0,warn,True,False,False,15,25,25,BOTH,BOTH,BOTH,0.1,10000.0,0.1,10000.0,0.0,1e-06,FULL,0.4915721295774951,0.06555361211259984,0.06555361211259984,1.993628178465674e-09,1.993628178465674e-09,7.088690745504778e-12,7.088690745504778e-12,2.1558253104943494e-19,2.1558253104943494e-19,True,brentq,12,1.0,0.0,0.0,0.0,0.0,0.0,True,without_edl,0.0001,,,L_gap,1.4285714285714285e-07,
ofat_compare:L_gap:with_edl_FULL,8.314,96485.0,298.0,8.8541878128e-12,78.5,,0.1,3.041217889017721e-08,1.1e-08,2.1428571428571428e-07,3.7e-08,1.0,0.00012,1.0,3.77e-05,0.005250617670899842,43.75514725749868,0.0016495690516077001,0.513,0.361,0.371,8.85e-05,0.0003878,0.5,0.37,-1.0,1.0,0.1,0.834,80,1200,1e-10,12,True,True,True,False,False,1.0,warn,True,False,False,15,25,25,BOTH,BOTH,BOTH,0.1,10000.0,0.1,10000.0,0.0,1e-06,FULL,0.4398859114834332,0.07110521027344731,0.07110521027344731,2.162464374859746e-09,2.162464374859746e-09,1.304512053934559e-15,1.304512053934559e-15,3.9673053948650306e-23,3.9673053948650306e-23,True,brentq,16,1.0,0.7067241032761399,-0.2553485958146406,0.36308626753531886,-0.13108451333038743,3.0042313368396414,False,with_edl_FULL,0.0001,,,L_gap,2.1428571428571428e-07,
ofat_compare:L_gap:without_edl,8.314,96485.0,298.0,8.8541878128e-12,78.5,,0.1,3.041217889017721e-08,1.1e-08,2.1428571428571428e-07,3.7e-08,1.0,0.00012,1.0,3.77e-05,0.005250617670899842,43.75514725749868,0.0016495690516077001,0.513,0.361,0.371,8.85e-05,0.0003878,0.5,0.37,-1.0,1.0,0.1,0.834,80,1200,1e-10,12,True,True,True,False,False,1.0,warn,True,False,False,15,25,25,BOTH,BOTH,BOTH,0.1,10000.0,0.1,10000.0,0.0,1e-06,FULL,0.4915721295774951,0.06555361211259984,0.06555361211259984,1.993628178465674e-09,1.993628178465674e-09,7.088787890019432e-12,7.088787890019432e-12,2.1558548542579283e-19,2.1558548542579283e-19,True,brentq,12,1.0,0.0,0.0,0.0,0.0,0.0,True,without_edl,0.0001,,,L_gap,2.1428571428571428e-07,
ofat_compare:L_gap:with_edl_FULL,8.314,96485.0,298.0,8.8541878128e-12,78.5,,0.1,3.041217889017721e-08,1.1e-08,2.857142857142857e-07,3.7e-08,1.0,0.00012,1.0,3.77e-05,0.005250617670899842,43.75514725749868,0.0016495690516077001,0.513,0.361,0.371,8.85e-05,0.0003878,0.5,0.37,-1.0,1.0,0.1,0.834,80,1200,1e-10,12,True,True,True,False,False,1.0,warn,True,False,False,15,25,25,BOTH,BOTH,BOTH,0.1,10000.0,0.1,10000.0,0.0,1e-06,FULL,0.43969096433685717,0.0712005230090231,0.0712005230090231,2.1653630428245893e-09,2.1653630428245893e-09,1.762479051592436e-15,1.762479051592436e-15,5.360082820721904e-23,5.360082820721904e-23,True,brentq,16,1.0,0.7115336114707062,-0.2570806495525599,0.3651766326079218,-0.13183917478808738,3.00113325251575,False,with_edl_FULL,0.0001,,,L_gap,2.857142857142857e-07,
ofat_compare:L_gap:without_edl,8.314,96485.0,298.0,8.8541878128e-12,78.5,,0.1,3.041217889017721e-08,1.1e-08,2.857142857142857e-07,3.7e-08,1.0,0.00012,1.0,3.77e-05,0.005250617670899842,43.75514725749868,0.0016495690516077001,0.513,0.361,0.371,8.85e-05,0.0003878,0.5,0.37,-1.0,1.0,0.1,0.834,80,1200,1e-10,12,True,True,True,False,False,1.0,warn,True,False,False,15,25,25,BOTH,BOTH,BOTH,0.1,10000.0,0.1,10000.0,0.0,1e-06,FULL,0.49157212957749513,0.06555361211259984,0.06555361211259984,1.993628178465674e-09,1.993628178465674e-09,7.08880176780724e-12,7.08880176780724e-12,2.1558590747955824e-19,2.1558590747955824e-19,True,brentq,12,1.0,0.0,0.0,0.0,0.0,0.0,True,without_edl,0.0001,,,L_gap,2.857142857142857e-07,
ofat_compare:L_gap:with_edl_FULL,8.314,96485.0,298.0,8.8541878128e-12,78.5,,0.1,3.041217889017721e-08,1.1e-08,3.571428571428571e-07,3.7e-08,1.0,0.00012,1.0,3.77e-05,0.005250617670899842,43.75514725749868,0.0016495690516077001,0.513,0.361,0.371,8.85e-05,0.0003878,0.5,0.37,-1.0,1.0,0.1,0.834,80,1200,1e-10,12,True,True,True,False,False,1.0,warn,True,False,False,15,25,25,BOTH,BOTH,BOTH,0.1,10000.0,0.1,10000.0,0.0,1e-06,FULL,0.4395495316916751,0.0711668969499857,0.0711668969499857,2.164340401101772e-09,2.164340401101772e-09,2.1788126858268697e-15,2.1788126858268697e-15,6.626244116955424e-23,6.626244116955424e-23,True,brentq,16,1.0,0.7139567715294808,-0.25795370863203715,0.3677904112727234,-0.13278262254439516,2.9934657563025375,False,with_edl_FULL,0.0001,,,L_gap,3.571428571428571e-07,
ofat_compare:L_gap:without_edl,8.314,96485.0,298.0,8.8541878128e-12,78.5,,0.1,3.041217889017721e-08,1.1e-08,3.571428571428571e-07,3.7e-08,1.0,0.00012,1.0,3.77e-05,0.005250617670899842,43.75514725749868,0.0016495690516077001,0.513,0.361,0.371,8.85e-05,0.0003878,0.5,0.37,-1.0,1.0,0.1,0.834,80,1200,1e-10,12,True,True,True,False,False,1.0,warn,True,False,False,15,25,25,BOTH,BOTH,BOTH,0.1,10000.0,0.1,10000.0,0.0,1e-06,FULL,0.49157212957749513,0.06555361211259984,0.06555361211259984,1.993628178465674e-09,1.993628178465674e-09,7.08880176780724e-12,7.08880176780724e-12,2.1558590747955824e-19,2.1558590747955824e-19,True,brentq,12,1.0,0.0,0.0,0.0,0.0,0.0,True,without_edl,0.0001,,,L_gap,3.571428571428571e-07,
ofat_compare:L_gap:with_edl_FULL,8.314,96485.0,298.0,8.8541878128e-12,78.5,,0.1,3.041217889017721e-08,1.1e-08,4.2857142857142857e-07,3.7e-08,1.0,0.00012,1.0,3.77e-05,0.005250617670899842,43.75514725749868,0.0016495690516077001,0.513,0.361,0.371,8.85e-05,0.0003878,0.5,0.37,-1.0,1.0,0.1,0.834,80,1200,1e-10,12,True,True,True,False,False,1.0,warn,True,False,False,15,25,25,BOTH,BOTH,BOTH,0.1,10000.0,0.1,10000.0,0.0,1e-06,FULL,0.43929473399659624,0.07133214425338742,0.07133214425338742,2.1693659316539445e-09,2.1693659316539445e-09,3.3306690738754696e-15,3.3306690738754696e-15,1.0129290369868164e-22,1.0129290369868164e-22,True,brentq,16,1.0,0.721052834503957,-0.26050931225568846,0.3702045935603331,-0.1336541853442832,2.9972142248709073,False,with_edl_FULL,0.0001,,,L_gap,4.2857142857142857e-07,
ofat_compare:L_gap:without_edl,8.314,96485.0,298.0,8.8541878128e-12,78.5,,0.1,3.041217889017721e-08,1.1e-08,4.2857142857142857e-07,3.7e-08,1.0,0.00012,1.0,3.77e-05,0.005250617670899842,43.75514725749868,0.0016495690516077001,0.513,0.361,0.371,8.85e-05,0.0003878,0.5,0.37,-1.0,1.0,0.1,0.834,80,1200,1e-10,12,True,True,True,False,False,1.0,warn,True,False,False,15,25,25,BOTH,BOTH,BOTH,0.1,10000.0,0.1,10000.0,0.0,1e-06,FULL,0.49157212957749513,0.06555361211259984,0.06555361211259984,1.993628178465674e-09,1.993628178465674e-09,7.0887046232925854e-12,7.0887046232925854e-12,2.1558295310320037e-19,2.1558295310320037e-19,True,brentq,12,1.0,0.0,0.0,0.0,0.0,0.0,True,without_edl,0.0001,,,L_gap,4.2857142857142857e-07,
ofat_compare:L_gap:with_edl_FULL,8.314,96485.0,298.0,8.8541878128e-12,78.5,,0.1,3.041217889017721e-08,1.1e-08,5e-07,3.7e-08,1.0,0.00012,1.0,3.77e-05,0.005250617670899842,43.75514725749868,0.0016495690516077001,0.513,0.361,0.371,8.85e-05,0.0003878,0.5,0.37,-1.0,1.0,0.1,0.834,80,1200,1e-10,12,True,True,True,False,False,1.0,warn,True,False,False,15,25,25,BOTH,BOTH,BOTH,0.1,10000.0,0.1,10000.0,0.0,1e-06,FULL,0.4388907720081165,0.07161814455382079,0.07161814455382079,2.1780638239533686e-09,2.1780638239533686e-09,5.6066262743570405e-15,5.6066262743570405e-15,1.705097212261141e-22,1.705097212261141e-22,True,brentq,16,1.0,0.7316761238406051,-0.2643359110445393,0.37381467012746405,-0.13495728343338165,2.9846370514048175,False,with_edl_FULL,0.0001,,,L_gap,5e-07,
ofat_compare:L_gap:without_edl,8.314,96485.0,298.0,8.8541878128e-12,78.5,,0.1,3.041217889017721e-08,1.1e-08,5e-07,3.7e-08,1.0,0.00012,1.0,3.77e-05,0.005250617670899842,43.75514725749868,0.0016495690516077001,0.513,0.361,0.371,8.85e-05,0.0003878,0.5,0.37,-1.0,1.0,0.1,0.834,80,1200,1e-10,12,True,True,True,False,False,1.0,warn,True,False,False,15,25,25,BOTH,BOTH,BOTH,0.1,10000.0,0.1,10000.0,0.0,1e-06,FULL,0.49157212957749513,0.06555361211259984,0.06555361211259984,1.993628178465674e-09,1.993628178465674e-09,7.0887046232925854e-12,7.0887046232925854e-12,2.1558295310320037e-19,2.1558295310320037e-19,True,brentq,12,1.0,0.0,0.0,0.0,0.0,0.0,True,without_edl,0.0001,,,L_gap,5e-07,
ofat_compare:L_gap:with_edl_FULL,8.314,96485.0,298.0,8.8541878128e-12,78.5,,0.1,3.041217889017721e-08,1.1e-08,5.714285714285714e-07,3.7e-08,1.0,0.00012,1.0,3.77e-05,0.005250617670899842,43.75514725749868,0.0016495690516077001,0.513,0.361,0.371,8.85e-05,0.0003878,0.5,0.37,-1.0,1.0,0.1,0.834,80,1200,1e-10,12,True,True,True,False,False,1.0,warn,True,False,False,15,25,25,BOTH,BOTH,BOTH,0.1,10000.0,0.1,10000.0,0.0,1e-06,FULL,0.43865399412361983,0.07154097218303505,0.07154097218303505,2.1757168440076537e-09,2.1757168440076537e-09,7.396860901565105e-15,7.396860901565105e-15,2.2495465696415546e-22,2.2495465696415546e-22,True,brentq,16,1.0,0.7353685854328615,-0.26566603919731074,0.37810967586234984,-0.13650765923196514,2.9771394719660105,False,with_edl_FULL,0.0001,,,L_gap,5.714285714285714e-07,
ofat_compare:L_gap:without_edl,8.314,96485.0,298.0,8.8541878128e-12,78.5,,0.1,3.041217889017721e-08,1.1e-08,5.714285714285714e-07,3.7e-08,1.0,0.00012,1.0,3.77e-05,0.005250617670899842,43.75514725749868,0.0016495690516077001,0.513,0.361,0.371,8.85e-05,0.0003878,0.5,0.37,-1.0,1.0,0.1,0.834,80,1200,1e-10,12,True,True,True,False,False,1.0,warn,True,False,False,15,25,25,BOTH,BOTH,BOTH,0.1,10000.0,0.1,10000.0,0.0,1e-06,FULL,0.49157212957749513,0.06555361211259984,0.06555361211259984,1.993628178465674e-09,1.993628178465674e-09,7.0887046232925854e-12,7.0887046232925854e-12,2.1558295310320037e-19,2.1558295310320037e-19,True,brentq,12,1.0,0.0,0.0,0.0,0.0,0.0,True,without_edl,0.0001,,,L_gap,5.714285714285714e-07,
ofat_compare:L_gap:with_edl_FULL,8.314,96485.0,298.0,8.8541878128e-12,78.5,,0.1,3.041217889017721e-08,1.1e-08,6.428571428571428e-07,3.7e-08,1.0,0.00012,1.0,3.77e-05,0.005250617670899842,43.75514725749868,0.0016495690516077001,0.513,0.361,0.371,8.85e-05,0.0003878,0.5,0.37,-1.0,1.0,0.1,0.834,80,1200,1e-10,12,True,True,True,False,False,1.0,warn,True,False,False,15,25,25,BOTH,BOTH,BOTH,0.1,10000.0,0.1,10000.0,0.0,1e-06,FULL,0.4386192180016445,0.07145637532950486,0.07145637532950486,2.1731440693645474e-09,2.1731440693645474e-09,7.840950111415168e-15,7.840950111415168e-15,2.3846037745731304e-22,2.3846037745731304e-22,True,brentq,16,1.0,0.7355055574324502,-0.26571529137216293,0.37972064199696776,-0.13708921546476083,2.9738042749638147,False,with_edl_FULL,0.0001,,,L_gap,6.428571428571428e-07,
ofat_compare:L_gap:without_edl,8.314,96485.0,298.0,8.8541878128e-12,78.5,,0.1,3.041217889017721e-08,1.1e-08,6.428571428571428e-07,3.7e-08,1.0,0.00012,1.0,3.77e-05,0.005250617670899842,43.75514725749868,0.0016495690516077001,0.513,0.361,0.371,8.85e-05,0.0003878,0.5,0.37,-1.0,1.0,0.1,0.834,80,1200,1e-10,12,True,True,True,False,False,1.0,warn,True,False,False,15,25,25,BOTH,BOTH,BOTH,0.1,10000.0,0.1,10000.0,0.0,1e-06,FULL,0.49157212957749513,0.06555361211259984,0.06555361211259984,1.993628178465674e-09,1.993628178465674e-09,7.0887046232925854e-12,7.0887046232925854e-12,2.1558295310320037e-19,2.1558295310320037e-19,True,brentq,12,1.0,0.0,0.0,0.0,0.0,0.0,True,without_edl,0.0001,,,L_gap,6.428571428571428e-07,
ofat_compare:L_gap:with_edl_FULL,8.314,96485.0,298.0,8.8541878128e-12,78.5,,0.1,3.041217889017721e-08,1.1e-08,7.142857142857142e-07,3.7e-08,1.0,0.00012,1.0,3.77e-05,0.005250617670899842,43.75514725749868,0.0016495690516077001,0.513,0.361,0.371,8.85e-05,0.0003878,0.5,0.37,-1.0,1.0,0.1,0.834,80,1200,1e-10,12,True,True,True,False,False,1.0,warn,True,False,False,15,25,25,BOTH,BOTH,BOTH,0.1,10000.0,0.1,10000.0,0.0,1e-06,FULL,0.4383939064821025,0.07117196152255499,0.07117196152255499,2.1644944257887515e-09,2.1644944257887515e-09,9.71445146547012e-15,9.71445146547012e-15,2.9543763578782143e-22,2.9543763578782143e-22,True,brentq,16,1.0,0.7386360242310976,-0.2668433343329498,0.3856009982676524,-0.13921177614381303,2.979627663310893,False,with_edl_FULL,0.0001,,,L_gap,7.142857142857142e-07,
ofat_compare:L_gap:without_edl,8.314,96485.0,298.0,8.8541878128e-12,78.5,,0.1,3.041217889017721e-08,1.1e-08,7.142857142857142e-07,3.7e-08,1.0,0.00012,1.0,3.77e-05,0.005250617670899842,43.75514725749868,0.0016495690516077001,0.513,0.361,0.371,8.85e-05,0.0003878,0.5,0.37,-1.0,1.0,0.1,0.834,80,1200,1e-10,12,True,True,True,False,False,1.0,warn,True,False,False,15,25,25,BOTH,BOTH,BOTH,0.1,10000.0,0.1,10000.0,0.0,1e-06,FULL,0.49157212957749513,0.06555361211259984,0.06555361211259984,1.993628178465674e-09,1.993628178465674e-09,7.0887046232925854e-12,7.0887046232925854e-12,2.1558295310320037e-19,2.1558295310320037e-19,True,brentq,12,1.0,0.0,0.0,0.0,0.0,0.0,True,without_edl,0.0001,,,L_gap,7.142857142857142e-07,
ofat_compare:L_gap:with_edl_FULL,8.314,96485.0,298.0,8.8541878128e-12,78.5,,0.1,3.041217889017721e-08,1.1e-08,7.857142857142856e-07,3.7e-08,1.0,0.00012,1.0,3.77e-05,0.005250617670899842,43.75514725749868,0.0016495690516077001,0.513,0.361,0.371,8.85e-05,0.0003878,0.5,0.37,-1.0,1.0,0.1,0.834,80,1200,1e-10,12,True,True,True,False,False,1.0,warn,True,False,False,15,25,25,BOTH,BOTH,BOTH,0.1,10000.0,0.1,10000.0,0.0,1e-06,FULL,0.4381490632013173,0.07126101563348629,0.07126101563348629,2.1672027553412998e-09,2.1672027553412998e-09,1.5251688800788088e-14,1.5251688800788088e-14,4.638370881868797e-22,4.638370881868797e-22,True,brentq,16,1.0,0.7458625132147655,-0.2694458868638413,0.38954929511755776,-0.14063713685706655,2.9710565457435116,False,with_edl_FULL,0.0001,,,L_gap,7.857142857142856e-07,
ofat_compare:L_gap:without_edl,8.314,96485.0,298.0,8.8541878128e-12,78.5,,0.1,3.041217889017721e-08,1.1e-08,7.857142857142856e-07,3.7e-08,1.0,0.00012,1.0,3.77e-05,0.005250617670899842,43.75514725749868,0.0016495690516077001,0.513,0.361,0.371,8.85e-05,0.0003878,0.5,0.37,-1.0,1.0,0.1,0.834,80,1200,1e-10,12,True,True,True,False,False,1.0,warn,True,False,False,15,25,25,BOTH,BOTH,BOTH,0.1,10000.0,0.1,10000.0,0.0,1e-06,FULL,0.49157212957749513,0.06555361211259984,0.06555361211259984,1.993628178465674e-09,1.993628178465674e-09,7.0887046232925854e-12,7.0887046232925854e-12,2.1558295310320037e-19,2.1558295310320037e-19,True,brentq,12,1.0,0.0,0.0,0.0,0.0,0.0,True,without_edl,0.0001,,,L_gap,7.857142857142856e-07,
ofat_compare:L_gap:with_edl_FULL,8.314,96485.0,298.0,8.8541878128e-12,78.5,,0.1,3.041217889017721e-08,1.1e-08,8.571428571428571e-07,3.7e-08,1.0,0.00012,1.0,3.77e-05,0.005250617670899842,43.75514725749868,0.0016495690516077001,0.513,0.361,0.371,8.85e-05,0.0003878,0.5,0.37,-1.0,1.0,0.1,0.834,80,1200,1e-10,12,True,True,True,False,False,1.0,warn,True,False,False,15,25,25,BOTH,BOTH,BOTH,0.1,10000.0,0.1,10000.0,0.0,1e-06,FULL,0.43784816414038447,0.07167868140784815,0.07167868140784815,2.1799048815874974e-09,2.1799048815874974e-09,2.3925306180672123e-14,2.3925306180672123e-14,7.276206915688631e-22,7.276206915688631e-22,True,brentq,16,1.0,0.7574977115016508,-0.27363566997179695,0.3899127634257769,-0.14076864722856094,2.968544852545815,False,with_edl_FULL,0.0001,,,L_gap,8.571428571428571e-07,
ofat_compare:L_gap:without_edl,8.314,96485.0,298.0,8.8541878128e-12,78.5,,0.1,3.041217889017721e-08,1.1e-08,8.571428571428571e-07,3.7e-08,1.0,0.00012,1.0,3.77e-05,0.005250617670899842,43.75514725749868,0.0016495690516077001,0.513,0.361,0.371,8.85e-05,0.0003878,0.5,0.37,-1.0,1.0,0.1,0.834,80,1200,1e-10,12,True,True,True,False,False,1.0,warn,True,False,False,15,25,25,BOTH,BOTH,BOTH,0.1,10000.0,0.1,10000.0,0.0,1e-06,FULL,0.491572129577495,0.06555361211259972,0.06555361211259972,1.99362817846567e-09,1.99362817846567e-09,7.088649112141354e-12,7.088649112141354e-12,2.1558126488813873e-19,2.1558126488813873e-19,True,brentq,12,1.0,0.0,0.0,0.0,0.0,0.0,True,without_edl,0.0001,,,L_gap,8.571428571428571e-07,
ofat_compare:L_gap:with_edl_FULL,8.314,96485.0,298.0,8.8541878128e-12,78.5,,0.1,3.041217889017721e-08,1.1e-08,9.285714285714285e-07,3.7e-08,1.0,0.00012,1.0,3.77e-05,0.005250617670899842,43.75514725749868,0.0016495690516077001,0.513,0.361,0.371,8.85e-05,0.0003878,0.5,0.37,-1.0,1.0,0.1,0.834,80,1200,1e-10,12,True,True,True,False,False,1.0,warn,True,False,False,15,25,25,BOTH,BOTH,BOTH,0.1,10000.0,0.1,10000.0,0.0,1e-06,FULL,0.43728630790938755,0.07188910833980333,0.07188910833980333,2.1863044230854292e-09,2.1863044230854292e-09,4.4853010194856324e-14,4.4853010194856324e-14,1.3640777698089128e-21,1.3640777698089128e-21,True,brentq,16,1.0,0.7732279353128917,-0.27930063527868537,0.3956793372843443,-0.14285052175069257,2.9534025536258586,False,with_edl_FULL,0.0001,,,L_gap,9.285714285714285e-07,
ofat_compare:L_gap:without_edl,8.314,96485.0,298.0,8.8541878128e-12,78.5,,0.1,3.041217889017721e-08,1.1e-08,9.285714285714285e-07,3.7e-08,1.0,0.00012,1.0,3.77e-05,0.005250617670899842,43.75514725749868,0.0016495690516077001,0.513,0.361,0.371,8.85e-05,0.0003878,0.5,0.37,-1.0,1.0,0.1,0.834,80,1200,1e-10,12,True,True,True,False,False,1.0,warn,True,False,False,15,25,25,BOTH,BOTH,BOTH,0.1,10000.0,0.1,10000.0,0.0,1e-06,FULL,0.491572129577495,0.06555361211259972,0.06555361211259972,1.99362817846567e-09,1.99362817846567e-09,7.088649112141354e-12,7.088649112141354e-12,2.1558126488813873e-19,2.1558126488813873e-19,True,brentq,12,1.0,0.0,0.0,0.0,0.0,0.0,True,without_edl,0.0001,,,L_gap,9.285714285714285e-07,
ofat_compare:L_gap:with_edl_FULL,8.314,96485.0,298.0,8.8541878128e-12,78.5,,0.1,3.041217889017721e-08,1.1e-08,1e-06,3.7e-08,1.0,0.00012,1.0,3.77e-05,0.005250617670899842,43.75514725749868,0.0016495690516077001,0.513,0.361,0.371,8.85e-05,0.0003878,0.5,0.37,-1.0,1.0,0.1,0.834,80,1200,1e-10,12,True,True,True,False,False,1.0,warn,True,False,False,15,25,25,BOTH,BOTH,BOTH,0.1,10000.0,0.1,10000.0,0.0,1e-06,FULL,0.4366235772179196,0.07214250066837637,0.07214250066837637,2.194010635911391e-09,2.194010635911391e-09,1.0340339695602552e-13,1.0340339695602552e-13,3.1447226060786538e-21,3.1447226060786538e-21,True,brentq,16,1.0,0.7917841962824891,-0.2859843043906099,0.40415461415247733,-0.14590995107068283,2.9311340744230776,False,with_edl_FULL,0.0001,,,L_gap,1e-06,
ofat_compare:L_gap:without_edl,8.314,96485.0,298.0,8.8541878128e-12,78.5,,0.1,3.041217889017721e-08,1.1e-08,1e-06,3.7e-08,1.0,0.00012,1.0,3.77e-05,0.005250617670899842,43.75514725749868,0.0016495690516077001,0.513,0.361,0.371,8.85e-05,0.0003878,0.5,0.37,-1.0,1.0,0.1,0.834,80,1200,1e-10,12,True,True,True,False,False,1.0,warn,True,False,False,15,25,25,BOTH,BOTH,BOTH,0.1,10000.0,0.1,10000.0,0.0,1e-06,FULL,0.491572129577495,0.06555361211259972,0.06555361211259972,1.99362817846567e-09,1.99362817846567e-09,7.088649112141354e-12,7.088649112141354e-12,2.1558126488813873e-19,2.1558126488813873e-19,True,brentq,12,1.0,0.0,0.0,0.0,0.0,0.0,True,without_edl,0.0001,,,L_gap,1e-06,
ofat_compare:L_Pd_len:with_edl_FULL,8.314,96485.0,298.0,8.8541878128e-12,78.5,,0.1,3.041217889017721e-08,1.1e-08,1e-08,3.7e-09,1.0,0.00012,1.0,3.77e-05,0.005250617670899842,43.75514725749868,0.0016495690516077001,0.513,0.361,0.371,8.85e-05,0.0003878,0.5,0.37,-1.0,1.0,0.1,0.834,80,1200,1e-10,12,True,True,True,False,False,1.0,warn,True,False,False,15,25,25,BOTH,BOTH,BOTH,0.1,10000.0,0.1,10000.0,0.0,1e-06,FULL,0.3924307843446804,0.0143576495608497,0.0143576495608497,4.3664740688703535e-10,4.3664740688703535e-10,9.414691248821327e-14,9.414691248821327e-14,2.863212744549401e-21,2.863212744549401e-21,True,brentq,19,1.0,0.6790237256851792,-0.24536394717859022,0.8368648293206403,-0.302132668933203,1.1802460568886026,False,with_edl_FULL,0.0001,,,L_Pd_len,3.7e-09,
ofat_compare:L_Pd_len:without_edl,8.314,96485.0,298.0,8.8541878128e-12,78.5,,0.1,3.041217889017721e-08,1.1e-08,1e-08,3.7e-09,1.0,0.00012,1.0,3.77e-05,0.005250617670899842,43.75514725749868,0.0016495690516077001,0.513,0.361,0.371,8.85e-05,0.0003878,0.5,0.37,-1.0,1.0,0.1,0.834,80,1200,1e-10,12,True,True,True,False,False,1.0,warn,True,False,False,15,25,25,BOTH,BOTH,BOTH,0.1,10000.0,0.1,10000.0,0.0,1e-06,FULL,0.423610635303329,0.017453558393071396,0.017453558393071396,5.308007401202412e-10,5.308007401202412e-10,1.700029006457271e-16,1.700029006457271e-16,5.1701586262868756e-24,5.1701586262868756e-24,True,brentq,16,1.0,0.0,0.0,0.0,0.0,0.0,True,without_edl,0.0001,,,L_Pd_len,3.7e-09,
ofat_compare:L_Pd_len:with_edl_FULL,8.314,96485.0,298.0,8.8541878128e-12,78.5,,0.1,3.041217889017721e-08,1.1e-08,1e-08,5.141133329180603e-09,1.0,0.00012,1.0,3.77e-05,0.005250617670899842,43.75514725749868,0.0016495690516077001,0.513,0.361,0.371,8.85e-05,0.0003878,0.5,0.37,-1.0,1.0,0.1,0.834,80,1200,1e-10,12,True,True,True,False,False,1.0,warn,True,False,False,15,25,25,BOTH,BOTH,BOTH,0.1,10000.0,0.1,10000.0,0.0,1e-06,FULL,0.39787475703812114,0.01711169777579366,0.01711169777579366,5.204040138720843e-10,5.204040138720843e-10,2.2343238370581275e-15,2.2343238370581275e-15,6.795065623119893e-23,6.795065623119893e-23,True,brentq,19,1.0,0.6750300043768139,-0.24392154123597198,0.7966658348111981,-0.28762373278467473,1.382508194039728,False,with_edl_FULL,0.0001,,,L_Pd_len,5.141133329180603e-09,
ofat_compare:L_Pd_len:without_edl,8.314,96485.0,298.0,8.8541878128e-12,78.5,,0.1,3.041217889017721e-08,1.1e-08,1e-08,5.141133329180603e-09,1.0,0.00012,1.0,3.77e-05,0.005250617670899842,43.75514725749868,0.0016495690516077001,0.513,0.361,0.371,8.85e-05,0.0003878,0.5,0.37,-1.0,1.0,0.1,0.834,80,1200,1e-10,12,True,True,True,False,False,1.0,warn,True,False,False,15,25,25,BOTH,BOTH,BOTH,0.1,10000.0,0.1,10000.0,0.0,1e-06,FULL,0.4333194202080804,0.02108559155564096,0.02108559155564096,6.412587823953629e-10,6.412587823953629e-10,6.356810910990163e-12,6.356810910990163e-12,1.9332447059606318e-19,1.9332447059606318e-19,True,brentq,15,1.0,0.0,0.0,0.0,0.0,0.0,True,without_edl,0.0001,,,L_Pd_len,5.141133329180603e-09,
ofat_compare:L_Pd_len:with_edl_FULL,8.314,96485.0,298.0,8.8541878128e-12,78.5,,0.1,3.041217889017721e-08,1.1e-08,1e-08,7.143581596868038e-09,1.0,0.00012,1.0,3.77e-05,0.005250617670899842,43.75514725749868,0.0016495690516077001,0.513,0.361,0.371,8.85e-05,0.0003878,0.5,0.37,-1.0,1.0,0.1,0.834,80,1200,1e-10,12,True,True,True,False,False,1.0,warn,True,False,False,15,25,25,BOTH,BOTH,BOTH,0.1,10000.0,0.1,10000.0,0.0,1e-06,FULL,0.4037039432114928,0.020603406105511323,0.020603406105511323,6.265944722277797e-10,6.265944722277797e-10,3.1067974581855395e-11,3.1067974581855395e-11,9.448448007388648e-19,9.448448007388648e-19,True,brentq,18,1.0,0.6691284353689559,-0.2417903761073142,0.7452490400599365,-0.2690648168431362,1.5983289246791692,False,with_edl_FULL,0.0001,,,L_Pd_len,7.143581596868038e-09,
ofat_compare:L_Pd_len:without_edl,8.314,96485.0,298.0,8.8541878128e-12,78.5,,0.1,3.041217889017721e-08,1.1e-08,1e-08,7.143581596868038e-09,1.0,0.00012,1.0,3.77e-05,0.005250617670899842,43.75514725749868,0.0016495690516077001,0.513,0.361,0.371,8.85e-05,0.0003878,0.5,0.37,-1.0,1.0,0.1,0.834,80,1200,1e-10,12,True,True,True,False,False,1.0,warn,True,False,False,15,25,25,BOTH,BOTH,BOTH,0.1,10000.0,0.1,10000.0,0.0,1e-06,FULL,0.44302820509540936,0.02547343991910462,0.02547343991910462,7.74702811767991e-10,7.74702811767991e-10,3.2235672464686616e-13,3.2235672464686616e-13,9.80357037641209e-21,9.80357037641209e-21,True,brentq,15,1.0,0.0,0.0,0.0,0.0,0.0,True,without_edl,0.0001,,,L_Pd_len,7.143581596868038e-09,
ofat_compare:L_Pd_len:with_edl_FULL,8.314,96485.0,298.0,8.8541878128e-12,78.5,,0.1,3.041217889017721e-08,1.1e-08,1e-08,9.925974442534991e-09,1.0,0.00012,1.0,3.77e-05,0.005250617670899842,43.75514725749868,0.0016495690516077001,0.513,0.361,0.371,8.85e-05,0.0003878,0.5,0.37,-1.0,1.0,0.1,0.834,80,1200,1e-10,12,True,True,True,False,False,1.0,warn,True,False,False,15,25,25,BOTH,BOTH,BOTH,0.1,10000.0,0.1,10000.0,0.0,1e-06,FULL,0.4100729312489052,0.025165043383452185,0.025165043383452185,7.653238011566182e-10,7.653238011566182e-10,1.1300647917433793e-12,1.1300647917433793e-12,3.4367732603990506e-20,3.4367732603990506e-20,True,brentq,18,1.0,0.6611315918497562,-0.2389028043519299,0.6808240061114387,-0.2458092036198442,1.833049720312646,False,with_edl_FULL,0.0001,,,L_Pd_len,9.925974442534991e-09,
ofat_compare:L_Pd_len:without_edl,8.314,96485.0,298.0,8.8541878128e-12,78.5,,0.1,3.041217889017721e-08,1.1e-08,1e-08,9.925974442534991e-09,1.0,0.00012,1.0,3.77e-05,0.005250617670899842,43.75514725749868,0.0016495690516077001,0.513,0.361,0.371,8.85e-05,0.0003878,0.5,0.37,-1.0,1.0,0.1,0.834,80,1200,1e-10,12,True,True,True,False,False,1.0,warn,True,False,False,15,25,25,BOTH,BOTH,BOTH,0.1,10000.0,0.1,10000.0,0.0,1e-06,FULL,0.4527369899908985,0.030774386371993537,0.030774386371993537,9.35916143580499e-10,9.35916143580499e-10,9.606898609959558e-15,9.606898609959558e-15,2.9216671910588485e-22,2.9216671910588485e-22,True,brentq,15,1.0,0.0,0.0,0.0,0.0,0.0,True,without_edl,0.0001,,,L_Pd_len,9.925974442534991e-09,
ofat_compare:L_Pd_len:with_edl_FULL,8.314,96485.0,298.0,8.8541878128e-12,78.5,,0.1,3.041217889017721e-08,1.1e-08,1e-08,1.379209676516527e-08,1.0,0.00012,1.0,3.77e-05,0.005250617670899842,43.75514725749868,0.0016495690516077001,0.513,0.361,0.371,8.85e-05,0.0003878,0.5,0.37,-1.0,1.0,0.1,0.834,80,1200,1e-10,12,True,True,True,False,False,1.0,warn,True,False,False,15,25,25,BOTH,BOTH,BOTH,0.1,10000.0,0.1,10000.0,0.0,1e-06,FULL,0.4171564657284031,0.03133756035532888,0.03133756035532888,9.530434915079872e-10,9.530434915079872e-10,2.4369395390522186e-14,2.4369395390522186e-14,7.411264120620206e-22,7.411264120620206e-22,True,brentq,18,1.0,0.6514019466615873,-0.23538967432750485,0.6029375613502963,-0.2176929343994484,2.0924625593925104,False,with_edl_FULL,0.0001,,,L_Pd_len,1.379209676516527e-08,
ofat_compare:L_Pd_len:without_edl,8.314,96485.0,298.0,8.8541878128e-12,78.5,,0.1,3.041217889017721e-08,1.1e-08,1e-08,1.379209676516527e-08,1.0,0.00012,1.0,3.77e-05,0.005250617670899842,43.75514725749868,0.0016495690516077001,0.513,0.361,0.371,8.85e-05,0.0003878,0.5,0.37,-1.0,1.0,0.1,0.834,80,1200,1e-10,12,True,True,True,False,False,1.0,warn,True,False,False,15,25,25,BOTH,BOTH,BOTH,0.1,10000.0,0.1,10000.0,0.0,1e-06,FULL,0.46244577488674293,0.03717844388456586,0.03717844388456586,1.1306774862758317e-09,1.1306774862758317e-09,1.6653345369377348e-16,1.6653345369377348e-16,5.064645184934082e-24,5.064645184934082e-24,True,brentq,15,1.0,0.0,0.0,0.0,0.0,0.0,True,without_edl,0.0001,,,L_Pd_len,1.379209676516527e-08,
ofat_compare:L_Pd_len:with_edl_FULL,8.314,96485.0,298.0,8.8541878128e-12,78.5,,0.1,3.041217889017721e-08,1.1e-08,1e-08,1.9164056313155486e-08,1.0,0.00012,1.0,3.77e-05,0.005250617670899842,43.75514725749868,0.0016495690516077001,0.513,0.361,0.371,8.85e-05,0.0003878,0.5,0.37,-1.0,1.0,0.1,0.834,80,1200,1e-10,12,True,True,True,False,False,1.0,warn,True,False,False,15,25,25,BOTH,BOTH,BOTH,0.1,10000.0,0.1,10000.0,0.0,1e-06,FULL,0.42510198876361843,0.03998842856157845,0.03998842856157845,1.2161352429517957e-09,1.2161352429517957e-09,2.0845825066118095e-13,2.0845825066118095e-13,6.339669610241237e-21,6.339669610241237e-21,True,brentq,16,1.0,0.6410417861919022,-0.23164893396049863,0.5137452636883322,-0.18549395839970648,2.383859543728203,False,with_edl_FULL,0.0001,,,L_Pd_len,1.9164056313155486e-08,
ofat_compare:L_Pd_len:without_edl,8.314,96485.0,298.0,8.8541878128e-12,78.5,,0.1,3.041217889017721e-08,1.1e-08,1e-08,1.9164056313155486e-08,1.0,0.00012,1.0,3.77e-05,0.005250617670899842,43.75514725749868,0.0016495690516077001,0.513,0.361,0.371,8.85e-05,0.0003878,0.5,0.37,-1.0,1.0,0.1,0.834,80,1200,1e-10,12,True,True,True,False,False,1.0,warn,True,False,False,15,25,25,BOTH,BOTH,BOTH,0.1,10000.0,0.1,10000.0,0.0,1e-06,FULL,0.47215455978259996,0.04491516655994373,0.04491516655994373,1.365968080303114e-09,1.365968080303114e-09,5.488665077990618e-15,5.488665077990618e-15,1.669222642201191e-22,1.669222642201191e-22,True,brentq,13,1.0,0.0,0.0,0.0,0.0,0.0,True,without_edl,0.0001,,,L_Pd_len,1.9164056313155486e-08,
ofat_compare:L_Pd_len:with_edl_FULL,8.314,96485.0,298.0,8.8541878128e-12,78.5,,0.1,3.041217889017721e-08,1.1e-08,1e-08,2.66283699010426e-08,1.0,0.00012,1.0,3.77e-05,0.005250617670899842,43.75514725749868,0.0016495690516077001,0.513,0.361,0.371,8.85e-05,0.0003878,0.5,0.37,-1.0,1.0,0.1,0.834,80,1200,1e-10,12,True,True,True,False,False,1.0,warn,True,False,False,15,25,25,BOTH,BOTH,BOTH,0.1,10000.0,0.1,10000.0,0.0,1e-06,FULL,0.4339433794760124,0.052425241787496434,0.052425241787496434,1.5943658316021353e-09,1.5943658316021353e-09,4.107825191113079e-15,4.107825191113079e-15,1.2492791456170735e-22,1.2492791456170735e-22,True,brentq,16,1.0,0.6316598849675622,-0.2282613952253278,0.418848264110816,-0.15123443151273167,2.706294794110592,False,with_edl_FULL,0.0001,,,L_Pd_len,2.66283699010426e-08,
ofat_compare:L_Pd_len:without_edl,8.314,96485.0,298.0,8.8541878128e-12,78.5,,0.1,3.041217889017721e-08,1.1e-08,1e-08,2.66283699010426e-08,1.0,0.00012,1.0,3.77e-05,0.005250617670899842,43.75514725749868,0.0016495690516077001,0.513,0.361,0.371,8.85e-05,0.0003878,0.5,0.37,-1.0,1.0,0.1,0.834,80,1200,1e-10,12,True,True,True,False,False,1.0,warn,True,False,False,15,25,25,BOTH,BOTH,BOTH,0.1,10000.0,0.1,10000.0,0.0,1e-06,FULL,0.48186334467482983,0.0542618780180441,0.0542618780180441,1.6502219412017316e-09,1.6502219412017316e-09,-6.655065387661807e-12,-6.655065387661807e-12,-2.0239503909539742e-19,-2.0239503909539742e-19,True,brentq,12,1.0,0.0,0.0,0.0,0.0,0.0,True,without_edl,0.0001,,,L_Pd_len,2.66283699010426e-08,
ofat_compare:L_Pd_len:with_edl_FULL,8.314,96485.0,298.0,8.8541878128e-12,78.5,,0.1,3.041217889017721e-08,1.1e-08,1e-08,3.7e-08,1.0,0.00012,1.0,3.77e-05,0.005250617670899842,43.75514725749868,0.0016495690516077001,0.513,0.361,0.371,8.85e-05,0.0003878,0.5,0.37,-1.0,1.0,0.1,0.834,80,1200,1e-10,12,True,True,True,False,False,1.0,warn,True,False,False,15,25,25,BOTH,BOTH,BOTH,0.1,10000.0,0.1,10000.0,0.0,1e-06,FULL,0.44349454423603574,0.07038215501102128,0.07038215501102128,2.140474688871362e-09,2.140474688871362e-09,3.060189601722385e-11,3.060189601722385e-11,9.306703360544132e-19,9.306703360544132e-19,True,brentq,15,1.0,0.6248610819651622,-0.22580644470723008,0.32671611748407864,-0.11797227973451423,3.0596557118175287,False,with_edl_FULL,0.0001,,,L_Pd_len,3.7e-08,
ofat_compare:L_Pd_len:without_edl,8.314,96485.0,298.0,8.8541878128e-12,78.5,,0.1,3.041217889017721e-08,1.1e-08,1e-08,3.7e-08,1.0,0.00012,1.0,3.77e-05,0.005250617670899842,43.75514725749868,0.0016495690516077001,0.513,0.361,0.371,8.85e-05,0.0003878,0.5,0.37,-1.0,1.0,0.1,0.834,80,1200,1e-10,12,True,True,True,False,False,1.0,warn,True,False,False,15,25,25,BOTH,BOTH,BOTH,0.1,10000.0,0.1,10000.0,0.0,1e-06,FULL,0.49157212957749513,0.06555361211259984,0.06555361211259984,1.993628178465674e-09,1.993628178465674e-09,7.0887740122316245e-12,7.0887740122316245e-12,2.1558506337202743e-19,2.1558506337202743e-19,True,brentq,12,1.0,0.0,0.0,0.0,0.0,0.0,True,without_edl,0.0001,,,L_Pd_len,3.7e-08,
ofat_compare:L_Pd_len:with_edl_FULL,8.314,96485.0,298.0,8.8541878128e-12,78.5,,0.1,3.041217889017721e-08,1.1e-08,1e-08,5.141133329180603e-08,1.0,0.00012,1.0,3.77e-05,0.005250617670899842,43.75514725749868,0.0016495690516077001,0.513,0.361,0.371,8.85e-05,0.0003878,0.5,0.37,-1.0,1.0,0.1,0.834,80,1200,1e-10,12,True,True,True,False,False,1.0,warn,True,False,False,15,25,25,BOTH,BOTH,BOTH,0.1,10000.0,0.1,10000.0,0.0,1e-06,FULL,0.45335251114938685,0.0957340013409997,0.0957340013409997,2.911479574654948e-09,2.911479574654948e-09,2.4906465778684606e-13,2.4906465778684606e-13,7.57459892783433e-21,7.57459892783433e-21,True,brentq,15,1.0,0.6211736466597629,-0.22447479883605256,0.2455603597421628,-0.08867246464586928,3.4211034003899545,False,with_edl_FULL,0.0001,,,L_Pd_len,5.141133329180603e-08,
ofat_compare:L_Pd_len:without_edl,8.314,96485.0,298.0,8.8541878128e-12,78.5,,0.1,3.041217889017721e-08,1.1e-08,1e-08,5.141133329180603e-08,1.0,0.00012,1.0,3.77e-05,0.005250617670899842,43.75514725749868,0.0016495690516077001,0.513,0.361,0.371,8.85e-05,0.0003878,0.5,0.37,-1.0,1.0,0.1,0.834,80,1200,1e-10,12,True,True,True,False,False,1.0,warn,True,False,False,15,25,25,BOTH,BOTH,BOTH,0.1,10000.0,0.1,10000.0,0.0,1e-06,FULL,0.5012809144705007,0.07919512219558503,0.07919512219558503,2.4084962234415757e-09,2.4084962234415757e-09,9.22609211251313e-13,9.22609211251313e-13,2.805855637830022e-20,2.805855637830022e-20,True,brentq,12,1.0,0.0,0.0,0.0,0.0,0.0,True,without_edl,0.0001,,,L_Pd_len,5.141133329180603e-08,
ofat_compare:L_Pd_len:with_edl_FULL,8.314,96485.0,298.0,8.8541878128e-12,78.5,,0.1,3.041217889017721e-08,1.1e-08,1e-08,7.143581596868023e-08,1.0,0.00012,1.0,3.77e-05,0.005250617670899842,43.75514725749868,0.0016495690516077001,0.513,0.361,0.371,8.85e-05,0.0003878,0.5,0.37,-1.0,1.0,0.1,0.834,80,1200,1e-10,12,True,True,True,False,False,1.0,warn,True,False,False,15,25,25,BOTH,BOTH,BOTH,0.1,10000.0,0.1,10000.0,0.0,1e-06,FULL,0.46303217475115876,0.1300605783436214,0.1300605783436214,3.9554255751461216e-09,3.9554255751461216e-09,2.220446049250313e-16,2.220446049250313e-16,6.752860246578776e-24,6.752860246578776e-24,True,brentq,15,1.0,0.620259118246881,-0.22414414192766752,0.1802369269621698,-0.06508840729718778,3.77693126411436,False,with_edl_FULL,0.0001,,,L_Pd_len,7.143581596868023e-08,
ofat_compare:L_Pd_len:without_edl,8.314,96485.0,298.0,8.8541878128e-12,78.5,,0.1,3.041217889017721e-08,1.1e-08,1e-08,7.143581596868023e-08,1.0,0.00012,1.0,3.77e-05,0.005250617670899842,43.75514725749868,0.0016495690516077001,0.513,0.361,0.371,8.85e-05,0.0003878,0.5,0.37,-1.0,1.0,0.1,0.834,80,1200,1e-10,12,True,True,True,False,False,1.0,warn,True,False,False,15,25,25,BOTH,BOTH,BOTH,0.1,10000.0,0.1,10000.0,0.0,1e-06,FULL,0.5109896993661576,0.09567538962039773,0.09567538962039773,2.9096970645229398e-09,2.9096970645229398e-09,4.768546668643125e-13,4.768546668643125e-13,1.4502189433293332e-20,1.4502189433293332e-20,True,brentq,12,1.0,0.0,0.0,0.0,0.0,0.0,True,without_edl,0.0001,,,L_Pd_len,7.143581596868023e-08,
ofat_compare:L_Pd_len:with_edl_FULL,8.314,96485.0,298.0,8.8541878128e-12,78.5,,0.1,3.041217889017721e-08,1.1e-08,1e-08,9.92597444253499e-08,1.0,0.00012,1.0,3.77e-05,0.005250617670899842,43.75514725749868,0.0016495690516077001,0.513,0.361,0.371,8.85e-05,0.0003878,0.5,0.37,-1.0,1.0,0.1,0.834,80,1200,1e-10,12,True,True,True,False,False,1.0,warn,True,False,False,15,25,25,BOTH,BOTH,BOTH,0.1,10000.0,0.1,10000.0,0.0,1e-06,FULL,0.47221073746251624,0.17460167858681042,0.17460167858681042,5.310017483707302e-09,5.310017483707302e-09,3.188838082479606e-13,3.188838082479606e-13,9.697951421617944e-21,9.697951421617944e-21,True,brentq,14,1.0,0.6211074066856364,-0.22444962811015678,0.1309645712193696,-0.04729928318217458,4.12026286658805,False,with_edl_FULL,0.0001,,,L_Pd_len,9.92597444253499e-08,
ofat_compare:L_Pd_len:without_edl,8.314,96485.0,298.0,8.8541878128e-12,78.5,,0.1,3.041217889017721e-08,1.1e-08,1e-08,9.92597444253499e-08,1.0,0.00012,1.0,3.77e-05,0.005250617670899842,43.75514725749868,0.0016495690516077001,0.513,0.361,0.371,8.85e-05,0.0003878,0.5,0.37,-1.0,1.0,0.1,0.834,80,1200,1e-10,12,True,True,True,False,False,1.0,warn,True,False,False,15,25,25,BOTH,BOTH,BOTH,0.1,10000.0,0.1,10000.0,0.0,1e-06,FULL,0.5206984842618655,0.1155851512725406,0.1155851512725406,3.5151962975486987e-09,3.5151962975486987e-09,5.981326545168031e-15,5.981326545168031e-15,1.8190517289221578e-22,1.8190517289221578e-22,True,brentq,16,1.0,0.0,0.0,0.0,0.0,0.0,True,without_edl,0.0001,,,L_Pd_len,9.92597444253499e-08,
ofat_compare:L_Pd_len:with_edl_FULL,8.314,96485.0,298.0,8.8541878128e-12,78.5,,0.1,3.041217889017721e-08,1.1e-08,1e-08,1.379209676516527e-07,1.0,0.00012,1.0,3.77e-05,0.005250617670899842,43.75514725749868,0.0016495690516077001,0.513,0.361,0.371,8.85e-05,0.0003878,0.5,0.37,-1.0,1.0,0.1,0.834,80,1200,1e-10,12,True,True,True,False,False,1.0,warn,True,False,False,15,25,25,BOTH,BOTH,BOTH,0.1,10000.0,0.1,10000.0,0.0,1e-06,FULL,0.48086365253288615,0.23075865022559008,0.23075865022559008,7.017873351116478e-09,7.017873351116478e-09,1.2076281641348885e-10,1.2076281641348885e-10,3.6726603760486515e-18,3.6726603760486515e-18,True,brentq,11,1.0,0.6222400518216527,-0.2248574299383275,0.09493786719270705,-0.03429236120217822,4.454608755680894,False,with_edl_FULL,0.0001,,,L_Pd_len,1.379209676516527e-07,
ofat_compare:L_Pd_len:without_edl,8.314,96485.0,298.0,8.8541878128e-12,78.5,,0.1,3.041217889017721e-08,1.1e-08,1e-08,1.379209676516527e-07,1.0,0.00012,1.0,3.77e-05,0.005250617670899842,43.75514725749868,0.0016495690516077001,0.513,0.361,0.371,8.85e-05,0.0003878,0.5,0.37,-1.0,1.0,0.1,0.834,80,1200,1e-10,12,True,True,True,False,False,1.0,warn,True,False,False,15,25,25,BOTH,BOTH,BOTH,0.1,10000.0,0.1,10000.0,0.0,1e-06,FULL,0.5304072691578149,0.13963807461632316,0.13963807461632316,4.246698105111533e-09,4.246698105111533e-09,4.60964599824365e-13,4.60964599824365e-13,1.401893787189754e-20,1.401893787189754e-20,True,brentq,16,1.0,0.0,0.0,0.0,0.0,0.0,True,without_edl,0.0001,,,L_Pd_len,1.379209676516527e-07,
ofat_compare:L_Pd_len:with_edl_FULL,8.314,96485.0,298.0,8.8541878128e-12,78.5,,0.1,3.041217889017721e-08,1.1e-08,1e-08,1.9164056313155485e-07,1.0,0.00012,1.0,3.77e-05,0.005250617670899842,43.75514725749868,0.0016495690516077001,0.513,0.361,0.371,8.85e-05,0.0003878,0.5,0.37,-1.0,1.0,0.1,0.834,80,1200,1e-10,12,True,True,True,False,False,1.0,warn,True,False,False,15,25,25,BOTH,BOTH,BOTH,0.1,10000.0,0.1,10000.0,0.0,1e-06,FULL,0.488874528452191,0.3016785483004398,0.3016785483004398,9.174701978241941e-09,9.174701978241941e-09,6.217248937900877e-15,6.217248937900877e-15,1.8908008690420572e-22,1.8908008690420572e-22,True,brentq,10,1.0,0.6265279612716812,-0.22640353813523767,0.06925153275226605,-0.025018559194320004,4.7717371854252235,False,with_edl_FULL,0.0001,,,L_Pd_len,1.9164056313155485e-07,
ofat_compare:L_Pd_len:without_edl,8.314,96485.0,298.0,8.8541878128e-12,78.5,,0.1,3.041217889017721e-08,1.1e-08,1e-08,1.9164056313155485e-07,1.0,0.00012,1.0,3.77e-05,0.005250617670899842,43.75514725749868,0.0016495690516077001,0.513,0.361,0.371,8.85e-05,0.0003878,0.5,0.37,-1.0,1.0,0.1,0.834,80,1200,1e-10,12,True,True,True,False,False,1.0,warn,True,False,False,15,25,25,BOTH,BOTH,BOTH,0.1,10000.0,0.1,10000.0,0.0,1e-06,FULL,0.5401160540710273,0.16869633923073324,0.16869633923073324,5.130423246803079e-09,5.130423246803079e-09,9.977194070920348e-11,9.977194070920348e-11,3.0342821090684504e-18,3.0342821090684504e-18,True,brentq,16,1.0,0.0,0.0,0.0,0.0,0.0,True,without_edl,0.0001,,,L_Pd_len,1.9164056313155485e-07,
ofat_compare:L_Pd_len:with_edl_FULL,8.314,96485.0,298.0,8.8541878128e-12,78.5,,0.1,3.041217889017721e-08,1.1e-08,1e-08,2.66283699010426e-07,1.0,0.00012,1.0,3.77e-05,0.005250617670899842,43.75514725749868,0.0016495690516077001,0.513,0.361,0.371,8.85e-05,0.0003878,0.5,0.37,-1.0,1.0,0.1,0.834,80,1200,1e-10,12,True,True,True,False,False,1.0,warn,True,False,False,15,25,25,BOTH,BOTH,BOTH,0.1,10000.0,0.1,10000.0,0.0,1e-06,FULL,0.4966003383335811,0.39028492414353044,0.39028492414353044,1.1869414931192291e-08,1.1869414931192291e-08,5.935990587957463e-11,5.935990587957463e-11,1.8052640765137055e-18,1.8052640765137055e-18,True,brentq,10,1.0,0.628989896902296,-0.22728980571350038,0.0505764143086224,-0.01827621548828565,5.046473063213329,False,with_edl_FULL,0.0001,,,L_Pd_len,2.66283699010426e-07,
ofat_compare:L_Pd_len:without_edl,8.314,96485.0,298.0,8.8541878128e-12,78.5,,0.1,3.041217889017721e-08,1.1e-08,1e-08,2.66283699010426e-07,1.0,0.00012,1.0,3.77e-05,0.005250617670899842,43.75514725749868,0.0016495690516077001,0.513,0.361,0.371,8.85e-05,0.0003878,0.5,0.37,-1.0,1.0,0.1,0.834,80,1200,1e-10,12,True,True,True,False,False,1.0,warn,True,False,False,15,25,25,BOTH,BOTH,BOTH,0.1,10000.0,0.1,10000.0,0.0,1e-06,FULL,0.5498248389494304,0.20380154144029547,0.20380154144029547,6.1980489363761295e-09,6.1980489363761295e-09,4.010680676458378e-14,4.010680676458378e-14,1.2197353820382914e-21,1.2197353820382914e-21,True,brentq,17,1.0,0.0,0.0,0.0,0.0,0.0,True,without_edl,0.0001,,,L_Pd_len,2.66283699010426e-07,
ofat_compare:L_Pd_len:with_edl_FULL,8.314,96485.0,298.0,8.8541878128e-12,78.5,,0.1,3.041217889017721e-08,1.1e-08,1e-08,3.7e-07,1.0,0.00012,1.0,3.77e-05,0.005250617670899842,43.75514725749868,0.0016495690516077001,0.513,0.361,0.371,8.85e-05,0.0003878,0.5,0.37,-1.0,1.0,0.1,0.834,80,1200,1e-10,12,True,True,True,False,False,1.0,warn,True,False,False,15,25,25,BOTH,BOTH,BOTH,0.1,10000.0,0.1,10000.0,0.0,1e-06,FULL,0.5032335045837117,0.5073547412488624,0.5073547412488624,1.5429763151639975e-08,1.5429763151639975e-08,-2.594591208548991e-13,-2.594591208548991e-13,-7.8907171981273e-21,-7.8907171981273e-21,True,brentq,11,1.0,0.6445184178993933,-0.23288928317906143,0.03751883994281074,-0.013561765277789465,5.361505877961099,False,with_edl_FULL,0.0001,,,L_Pd_len,3.7e-07,
ofat_compare:L_Pd_len:without_edl,8.314,96485.0,298.0,8.8541878128e-12,78.5,,0.1,3.041217889017721e-08,1.1e-08,1e-08,3.7e-07,1.0,0.00012,1.0,3.77e-05,0.005250617670899842,43.75514725749868,0.0016495690516077001,0.513,0.361,0.371,8.85e-05,0.0003878,0.5,0.37,-1.0,1.0,0.1,0.834,80,1200,1e-10,12,True,True,True,False,False,1.0,warn,True,False,False,15,25,25,BOTH,BOTH,BOTH,0.1,10000.0,0.1,10000.0,0.0,1e-06,FULL,0.5595336238452788,0.2462120310194773,0.2462120310194773,7.487844332278204e-09,7.487844332278204e-09,6.217248937900877e-15,6.217248937900877e-15,1.8908008690420572e-22,1.8908008690420572e-22,True,brentq,16,1.0,0.0,0.0,0.0,0.0,0.0,True,without_edl,0.0001,,,L_Pd_len,3.7e-07,
ofat_compare:Cdl_Au:with_edl_FULL,8.314,96485.0,298.0,8.8541878128e-12,78.5,,0.1,3.041217889017721e-08,1.1e-08,1e-08,3.7e-08,1.0,1.2000000000000007e-05,1.0,3.77e-05,0.0005250617670899845,43.75514725749868,0.0016495690516077001,0.513,0.361,0.371,8.85e-05,0.0003878,0.5,0.37,-1.0,1.0,0.1,0.834,80,1200,1e-10,12,True,True,True,False,False,1.0,warn,True,False,False,15,25,25,BOTH,BOTH,BOTH,0.1,10000.0,0.1,10000.0,0.0,1e-06,FULL,0.44343131664171626,0.07045760379568988,0.07045760379568988,2.1427692508077495e-09,2.1427692508077495e-09,3.143196813937266e-11,3.143196813937266e-11,9.559146379249517e-19,9.559146379249517e-19,True,brentq,15,1.0,0.6243245720705027,-0.22540543670677016,0.3266767550952759,-0.11794265378523297,3.0575067991725913,False,with_edl_FULL,0.0001,,,Cdl_Au,1.2000000000000007e-05,
ofat_compare:Cdl_Au:without_edl,8.314,96485.0,298.0,8.8541878128e-12,78.5,,0.1,3.041217889017721e-08,1.1e-08,1e-08,3.7e-08,1.0,1.2000000000000007e-05,1.0,3.77e-05,0.0005250617670899845,43.75514725749868,0.0016495690516077001,0.513,0.361,0.371,8.85e-05,0.0003878,0.5,0.37,-1.0,1.0,0.1,0.834,80,1200,1e-10,12,True,True,True,False,False,1.0,warn,True,False,False,15,25,25,BOTH,BOTH,BOTH,0.1,10000.0,0.1,10000.0,0.0,1e-06,FULL,0.49157212957749513,0.06555361211259984,0.06555361211259984,1.993628178465674e-09,1.993628178465674e-09,7.0887740122316245e-12,7.0887740122316245e-12,2.1558506337202743e-19,2.1558506337202743e-19,True,brentq,12,1.0,0.0,0.0,0.0,0.0,0.0,True,without_edl,0.0001,,,Cdl_Au,1.2000000000000007e-05,
ofat_compare:Cdl_Au:with_edl_FULL,8.314,96485.0,298.0,8.8541878128e-12,78.5,,0.1,3.041217889017721e-08,1.1e-08,1e-08,3.7e-08,1.0,1.6673945932477677e-05,1.0,3.77e-05,0.0007295709596391319,43.75514725749868,0.0016495690516077001,0.513,0.361,0.371,8.85e-05,0.0003878,0.5,0.37,-1.0,1.0,0.1,0.834,80,1200,1e-10,12,True,True,True,False,False,1.0,warn,True,False,False,15,25,25,BOTH,BOTH,BOTH,0.1,10000.0,0.1,10000.0,0.0,1e-06,FULL,0.44343405749122866,0.07045433136012515,0.07045433136012515,2.1426697289119484e-09,2.1426697289119484e-09,3.139549731301372e-11,3.139549731301372e-11,9.548054806294513e-19,9.548054806294513e-19,True,brentq,15,1.0,0.6243478230161142,-0.22542281523438792,0.32667846094753067,-0.11794393767024948,3.057599953488321,False,with_edl_FULL,0.0001,,,Cdl_Au,1.6673945932477677e-05,
ofat_compare:Cdl_Au:without_edl,8.314,96485.0,298.0,8.8541878128e-12,78.5,,0.1,3.041217889017721e-08,1.1e-08,1e-08,3.7e-08,1.0,1.6673945932477677e-05,1.0,3.77e-05,0.0007295709596391319,43.75514725749868,0.0016495690516077001,0.513,0.361,0.371,8.85e-05,0.0003878,0.5,0.37,-1.0,1.0,0.1,0.834,80,1200,1e-10,12,True,True,True,False,False,1.0,warn,True,False,False,15,25,25,BOTH,BOTH,BOTH,0.1,10000.0,0.1,10000.0,0.0,1e-06,FULL,0.49157212957749513,0.06555361211259984,0.06555361211259984,1.993628178465674e-09,1.993628178465674e-09,7.0887740122316245e-12,7.0887740122316245e-12,2.1558506337202743e-19,2.1558506337202743e-19,True,brentq,12,1.0,0.0,0.0,0.0,0.0,0.0,True,without_edl,0.0001,,,Cdl_Au,1.6673945932477677e-05,
ofat_compare:Cdl_Au:with_edl_FULL,8.314,96485.0,298.0,8.8541878128e-12,78.5,,0.1,3.041217889017721e-08,1.1e-08,1e-08,3.7e-08,1.0,2.316837274659901e-05,1.0,3.77e-05,0.0010137355612440588,43.75514725749868,0.0016495690516077001,0.513,0.361,0.371,8.85e-05,0.0003878,0.5,0.37,-1.0,1.0,0.1,0.834,80,1200,1e-10,12,True,True,True,False,False,1.0,warn,True,False,False,15,25,25,BOTH,BOTH,BOTH,0.1,10000.0,0.1,10000.0,0.0,1e-06,FULL,0.4434378652076198,0.07044978541190505,0.07044978541190505,2.142531476721453e-09,2.142531476721453e-09,3.1345176454422585e-11,3.1345176454422585e-11,9.532751136760704e-19,9.532751136760704e-19,True,brentq,15,1.0,0.6243801252491354,-0.2254469590119951,0.32668083086736077,-0.11794572135883129,3.057729367639224,False,with_edl_FULL,0.0001,,,Cdl_Au,2.316837274659901e-05,
ofat_compare:Cdl_Au:without_edl,8.314,96485.0,298.0,8.8541878128e-12,78.5,,0.1,3.041217889017721e-08,1.1e-08,1e-08,3.7e-08,1.0,2.316837274659901e-05,1.0,3.77e-05,0.0010137355612440588,43.75514725749868,0.0016495690516077001,0.513,0.361,0.371,8.85e-05,0.0003878,0.5,0.37,-1.0,1.0,0.1,0.834,80,1200,1e-10,12,True,True,True,False,False,1.0,warn,True,False,False,15,25,25,BOTH,BOTH,BOTH,0.1,10000.0,0.1,10000.0,0.0,1e-06,FULL,0.49157212957749513,0.06555361211259984,0.06555361211259984,1.993628178465674e-09,1.993628178465674e-09,7.0887740122316245e-12,7.0887740122316245e-12,2.1558506337202743e-19,2.1558506337202743e-19,True,brentq,12,1.0,0.0,0.0,0.0,0.0,0.0,True,without_edl,0.0001,,,Cdl_Au,2.316837274659901e-05,
ofat_compare:Cdl_Au:with_edl_FULL,8.314,96485.0,298.0,8.8541878128e-12,78.5,,0.1,3.041217889017721e-08,1.1e-08,1e-08,3.7e-08,1.0,3.219234954335675e-05,1.0,3.77e-05,0.0014085809948344448,43.75514725749868,0.0016495690516077001,0.513,0.361,0.371,8.85e-05,0.0003878,0.5,0.37,-1.0,1.0,0.1,0.834,80,1200,1e-10,12,True,True,True,False,False,1.0,warn,True,False,False,15,25,25,BOTH,BOTH,BOTH,0.1,10000.0,0.1,10000.0,0.0,1e-06,FULL,0.4434431546967575,0.07044347093365161,0.07044347093365161,2.1423394396792113e-09,2.1423394396792113e-09,3.127509362599312e-11,3.127509362599312e-11,9.511437421607438e-19,9.511437421607438e-19,True,brentq,15,1.0,0.6244249996928288,-0.2254804997177195,0.32668412317663387,-0.1179481992767761,3.0579091429500505,False,with_edl_FULL,0.0001,,,Cdl_Au,3.219234954335675e-05,
ofat_compare:Cdl_Au:without_edl,8.314,96485.0,298.0,8.8541878128e-12,78.5,,0.1,3.041217889017721e-08,1.1e-08,1e-08,3.7e-08,1.0,3.219234954335675e-05,1.0,3.77e-05,0.0014085809948344448,43.75514725749868,0.0016495690516077001,0.513,0.361,0.371,8.85e-05,0.0003878,0.5,0.37,-1.0,1.0,0.1,0.834,80,1200,1e-10,12,True,True,True,False,False,1.0,warn,True,False,False,15,25,25,BOTH,BOTH,BOTH,0.1,10000.0,0.1,10000.0,0.0,1e-06,FULL,0.49157212957749513,0.06555361211259984,0.06555361211259984,1.993628178465674e-09,1.993628178465674e-09,7.0887740122316245e-12,7.0887740122316245e-12,2.1558506337202743e-19,2.1558506337202743e-19,True,brentq,12,1.0,0.0,0.0,0.0,0.0,0.0,True,without_edl,0.0001,,,Cdl_Au,3.219234954335675e-05,
ofat_compare:Cdl_Au:with_edl_FULL,8.314,96485.0,298.0,8.8541878128e-12,78.5,,0.1,3.041217889017721e-08,1.1e-08,1e-08,3.7e-08,1.0,4.473112464377928e-05,1.0,3.77e-05,0.0019572169457820906,43.75514725749868,0.0016495690516077001,0.513,0.361,0.371,8.85e-05,0.0003878,0.5,0.37,-1.0,1.0,0.1,0.834,80,1200,1e-10,12,True,True,True,False,False,1.0,warn,True,False,False,15,25,25,BOTH,BOTH,BOTH,0.1,10000.0,0.1,10000.0,0.0,1e-06,FULL,0.4434505018791762,0.07043470103948928,0.07043470103948928,2.1420727280890984e-09,2.1420727280890984e-09,3.1177990744701845e-11,3.1177990744701845e-11,9.48190631964162e-19,9.48190631964162e-19,True,brentq,15,1.0,0.6244873344588143,-0.22552709093598197,0.32668869650610566,-0.11795164134965604,3.0581588529610446,False,with_edl_FULL,0.0001,,,Cdl_Au,4.473112464377928e-05,
ofat_compare:Cdl_Au:without_edl,8.314,96485.0,298.0,8.8541878128e-12,78.5,,0.1,3.041217889017721e-08,1.1e-08,1e-08,3.7e-08,1.0,4.473112464377928e-05,1.0,3.77e-05,0.0019572169457820906,43.75514725749868,0.0016495690516077001,0.513,0.361,0.371,8.85e-05,0.0003878,0.5,0.37,-1.0,1.0,0.1,0.834,80,1200,1e-10,12,True,True,True,False,False,1.0,warn,True,False,False,15,25,25,BOTH,BOTH,BOTH,0.1,10000.0,0.1,10000.0,0.0,1e-06,FULL,0.49157212957749513,0.06555361211259984,0.06555361211259984,1.993628178465674e-09,1.993628178465674e-09,7.0887740122316245e-12,7.0887740122316245e-12,2.1558506337202743e-19,2.1558506337202743e-19,True,brentq,12,1.0,0.0,0.0,0.0,0.0,0.0,True,without_edl,0.0001,,,Cdl_Au,4.473112464377928e-05,
ofat_compare:Cdl_Au:with_edl_FULL,8.314,96485.0,298.0,8.8541878128e-12,78.5,,0.1,3.041217889017721e-08,1.1e-08,1e-08,3.7e-08,1.0,6.21536961507746e-05,1.0,3.77e-05,0.0027195441276749712,43.75514725749868,0.0016495690516077001,0.513,0.361,0.371,8.85e-05,0.0003878,0.5,0.37,-1.0,1.0,0.1,0.834,80,1200,1e-10,12,True,True,True,False,False,1.0,warn,True,False,False,15,25,25,BOTH,BOTH,BOTH,0.1,10000.0,0.1,10000.0,0.0,1e-06,FULL,0.4434607058573516,0.07042252311406293,0.07042252311406293,2.1417023708425213e-09,2.1417023708425213e-09,3.1043501103056315e-11,3.1043501103056315e-11,9.441005089235622e-19,9.441005089235622e-19,True,brentq,15,1.0,0.6245739134633471,-0.22559180328652895,0.32669504858072007,-0.11795642219764901,3.0585056560861013,False,with_edl_FULL,0.0001,,,Cdl_Au,6.21536961507746e-05,
ofat_compare:Cdl_Au:without_edl,8.314,96485.0,298.0,8.8541878128e-12,78.5,,0.1,3.041217889017721e-08,1.1e-08,1e-08,3.7e-08,1.0,6.21536961507746e-05,1.0,3.77e-05,0.0027195441276749712,43.75514725749868,0.0016495690516077001,0.513,0.361,0.371,8.85e-05,0.0003878,0.5,0.37,-1.0,1.0,0.1,0.834,80,1200,1e-10,12,True,True,True,False,False,1.0,warn,True,False,False,15,25,25,BOTH,BOTH,BOTH,0.1,10000.0,0.1,10000.0,0.0,1e-06,FULL,0.49157212957749513,0.06555361211259984,0.06555361211259984,1.993628178465674e-09,1.993628178465674e-09,7.0887740122316245e-12,7.0887740122316245e-12,2.1558506337202743e-19,2.1558506337202743e-19,True,brentq,12,1.0,0.0,0.0,0.0,0.0,0.0,True,without_edl,0.0001,,,Cdl_Au,6.21536961507746e-05,
ofat_compare:Cdl_Au:with_edl_FULL,8.314,96485.0,298.0,8.8541878128e-12,78.5,,0.1,3.041217889017721e-08,1.1e-08,1e-08,3.7e-08,1.0,8.636228076013823e-05,1.0,3.77e-05,0.003778794312153293,43.75514725749868,0.0016495690516077001,0.513,0.361,0.371,8.85e-05,0.0003878,0.5,0.37,-1.0,1.0,0.1,0.834,80,1200,1e-10,12,True,True,True,False,False,1.0,warn,True,False,False,15,25,25,BOTH,BOTH,BOTH,0.1,10000.0,0.1,10000.0,0.0,1e-06,FULL,0.4434748747896483,0.07040561698930814,0.07040561698930814,2.141188218752139e-09,2.141188218752139e-09,3.0858024469004874e-11,3.0858024469004874e-11,9.384597603488419e-19,9.384597603488419e-19,True,brentq,15,1.0,0.6246941473220284,-0.22568167076547688,0.3267038698476491,-0.11796306150497822,3.0589872137677627,False,with_edl_FULL,0.0001,,,Cdl_Au,8.636228076013823e-05,
ofat_compare:Cdl_Au:without_edl,8.314,96485.0,298.0,8.8541878128e-12,78.5,,0.1,3.041217889017721e-08,1.1e-08,1e-08,3.7e-08,1.0,8.636228076013823e-05,1.0,3.77e-05,0.003778794312153293,43.75514725749868,0.0016495690516077001,0.513,0.361,0.371,8.85e-05,0.0003878,0.5,0.37,-1.0,1.0,0.1,0.834,80,1200,1e-10,12,True,True,True,False,False,1.0,warn,True,False,False,15,25,25,BOTH,BOTH,BOTH,0.1,10000.0,0.1,10000.0,0.0,1e-06,FULL,0.49157212957749513,0.06555361211259984,0.06555361211259984,1.993628178465674e-09,1.993628178465674e-09,7.0887740122316245e-12,7.0887740122316245e-12,2.1558506337202743e-19,2.1558506337202743e-19,True,brentq,12,1.0,0.0,0.0,0.0,0.0,0.0,True,without_edl,0.0001,,,Cdl_Au,8.636228076013823e-05,
ofat_compare:Cdl_Au:with_edl_FULL,8.314,96485.0,298.0,8.8541878128e-12,78.5,,0.1,3.041217889017721e-08,1.1e-08,1e-08,3.7e-08,1.0,0.00012000000000000008,1.0,3.77e-05,0.005250617670899845,43.75514725749868,0.0016495690516077001,0.513,0.361,0.371,8.85e-05,0.0003878,0.5,0.37,-1.0,1.0,0.1,0.834,80,1200,1e-10,12,True,True,True,False,False,1.0,warn,True,False,False,15,25,25,BOTH,BOTH,BOTH,0.1,10000.0,0.1,10000.0,0.0,1e-06,FULL,0.44349454423603574,0.07038215501102128,0.07038215501102128,2.140474688871362e-09,2.140474688871362e-09,3.060189601722385e-11,3.060189601722385e-11,9.306703360544132e-19,9.306703360544132e-19,True,brentq,15,1.0,0.6248610819651622,-0.22580644470723008,0.32671611748407864,-0.11797227973451423,3.0596557118175287,False,with_edl_FULL,0.0001,,,Cdl_Au,0.00012000000000000008,
ofat_compare:Cdl_Au:without_edl,8.314,96485.0,298.0,8.8541878128e-12,78.5,,0.1,3.041217889017721e-08,1.1e-08,1e-08,3.7e-08,1.0,0.00012000000000000008,1.0,3.77e-05,0.005250617670899845,43.75514725749868,0.0016495690516077001,0.513,0.361,0.371,8.85e-05,0.0003878,0.5,0.37,-1.0,1.0,0.1,0.834,80,1200,1e-10,12,True,True,True,False,False,1.0,warn,True,False,False,15,25,25,BOTH,BOTH,BOTH,0.1,10000.0,0.1,10000.0,0.0,1e-06,FULL,0.49157212957749513,0.06555361211259984,0.06555361211259984,1.993628178465674e-09,1.993628178465674e-09,7.0887740122316245e-12,7.0887740122316245e-12,2.1558506337202743e-19,2.1558506337202743e-19,True,brentq,12,1.0,0.0,0.0,0.0,0.0,0.0,True,without_edl,0.0001,,,Cdl_Au,0.00012000000000000008,
ofat_compare:Cdl_Au:with_edl_FULL,8.314,96485.0,298.0,8.8541878128e-12,78.5,,0.1,3.041217889017721e-08,1.1e-08,1e-08,3.7e-08,1.0,0.00016673945932477643,1.0,3.77e-05,0.007295709596391304,43.75514725749868,0.0016495690516077001,0.513,0.361,0.371,8.85e-05,0.0003878,0.5,0.37,-1.0,1.0,0.1,0.834,80,1200,1e-10,12,True,True,True,False,False,1.0,warn,True,False,False,15,25,25,BOTH,BOTH,BOTH,0.1,10000.0,0.1,10000.0,0.0,1e-06,FULL,0.44352183972442644,0.07034961057431909,0.07034961057431909,2.139484941640494e-09,2.139484941640494e-09,3.024966388487371e-11,3.024966388487371e-11,9.199581894345123e-19,9.199581894345123e-19,True,brentq,15,1.0,0.6250927867217443,-0.22597963145731198,0.3267331172535779,-0.11798507481501598,3.060583383842964,False,with_edl_FULL,0.0001,,,Cdl_Au,0.00016673945932477643,
ofat_compare:Cdl_Au:without_edl,8.314,96485.0,298.0,8.8541878128e-12,78.5,,0.1,3.041217889017721e-08,1.1e-08,1e-08,3.7e-08,1.0,0.00016673945932477643,1.0,3.77e-05,0.007295709596391304,43.75514725749868,0.0016495690516077001,0.513,0.361,0.371,8.85e-05,0.0003878,0.5,0.37,-1.0,1.0,0.1,0.834,80,1200,1e-10,12,True,True,True,False,False,1.0,warn,True,False,False,15,25,25,BOTH,BOTH,BOTH,0.1,10000.0,0.1,10000.0,0.0,1e-06,FULL,0.49157212957749513,0.06555361211259984,0.06555361211259984,1.993628178465674e-09,1.993628178465674e-09,7.0887740122316245e-12,7.0887740122316245e-12,2.1558506337202743e-19,2.1558506337202743e-19,True,brentq,12,1.0,0.0,0.0,0.0,0.0,0.0,True,without_edl,0.0001,,,Cdl_Au,0.00016673945932477643,
ofat_compare:Cdl_Au:with_edl_FULL,8.314,96485.0,298.0,8.8541878128e-12,78.5,,0.1,3.041217889017721e-08,1.1e-08,1e-08,3.7e-08,1.0,0.00023168372746599011,1.0,3.77e-05,0.010137355612440588,43.75514725749868,0.0016495690516077001,0.513,0.361,0.371,8.85e-05,0.0003878,0.5,0.37,-1.0,1.0,0.1,0.834,80,1200,1e-10,12,True,True,True,False,False,1.0,warn,True,False,False,15,25,25,BOTH,BOTH,BOTH,0.1,10000.0,0.1,10000.0,0.0,1e-06,FULL,0.4435596990417645,0.07030449777199056,0.07030449777199056,2.138112963025842e-09,2.138112963025842e-09,2.97674801474912e-11,2.97674801474912e-11,9.05293931355301e-19,9.05293931355301e-19,True,brentq,15,1.0,0.625414257363584,-0.22621991510402817,0.32675670315919403,-0.11800282730016075,3.0618700629219564,False,with_edl_FULL,0.0001,,,Cdl_Au,0.00023168372746599011,
ofat_compare:Cdl_Au:without_edl,8.314,96485.0,298.0,8.8541878128e-12,78.5,,0.1,3.041217889017721e-08,1.1e-08,1e-08,3.7e-08,1.0,0.00023168372746599011,1.0,3.77e-05,0.010137355612440588,43.75514725749868,0.0016495690516077001,0.513,0.361,0.371,8.85e-05,0.0003878,0.5,0.37,-1.0,1.0,0.1,0.834,80,1200,1e-10,12,True,True,True,False,False,1.0,warn,True,False,False,15,25,25,BOTH,BOTH,BOTH,0.1,10000.0,0.1,10000.0,0.0,1e-06,FULL,0.49157212957749513,0.06555361211259984,0.06555361211259984,1.993628178465674e-09,1.993628178465674e-09,7.0887740122316245e-12,7.0887740122316245e-12,2.1558506337202743e-19,2.1558506337202743e-19,True,brentq,12,1.0,0.0,0.0,0.0,0.0,0.0,True,without_edl,0.0001,,,Cdl_Au,0.00023168372746599011,
ofat_compare:Cdl_Au:with_edl_FULL,8.314,96485.0,298.0,8.8541878128e-12,78.5,,0.1,3.041217889017721e-08,1.1e-08,1e-08,3.7e-08,1.0,0.00032192349543356684,1.0,3.77e-05,0.01408580994834442,43.75514725749868,0.0016495690516077001,0.513,0.361,0.371,8.85e-05,0.0003878,0.5,0.37,-1.0,1.0,0.1,0.834,80,1200,1e-10,12,True,True,True,False,False,1.0,warn,True,False,False,15,25,25,BOTH,BOTH,BOTH,0.1,10000.0,0.1,10000.0,0.0,1e-06,FULL,0.4436121742339388,0.0702420204816425,0.0702420204816425,2.1362128924952034e-09,2.1362128924952034e-09,2.911033913921557e-11,2.911033913921557e-11,8.853088414555511e-19,8.853088414555511e-19,True,brentq,15,1.0,0.6258600111595317,-0.22655309774959123,0.32678940789721245,-0.11802744380925667,3.0636534392401114,False,with_edl_FULL,0.0001,,,Cdl_Au,0.00032192349543356684,
ofat_compare:Cdl_Au:without_edl,8.314,96485.0,298.0,8.8541878128e-12,78.5,,0.1,3.041217889017721e-08,1.1e-08,1e-08,3.7e-08,1.0,0.00032192349543356684,1.0,3.77e-05,0.01408580994834442,43.75514725749868,0.0016495690516077001,0.513,0.361,0.371,8.85e-05,0.0003878,0.5,0.37,-1.0,1.0,0.1,0.834,80,1200,1e-10,12,True,True,True,False,False,1.0,warn,True,False,False,15,25,25,BOTH,BOTH,BOTH,0.1,10000.0,0.1,10000.0,0.0,1e-06,FULL,0.49157212957749513,0.06555361211259984,0.06555361211259984,1.993628178465674e-09,1.993628178465674e-09,7.0887740122316245e-12,7.0887740122316245e-12,2.1558506337202743e-19,2.1558506337202743e-19,True,brentq,12,1.0,0.0,0.0,0.0,0.0,0.0,True,without_edl,0.0001,,,Cdl_Au,0.00032192349543356684,
ofat_compare:Cdl_Au:with_edl_FULL,8.314,96485.0,298.0,8.8541878128e-12,78.5,,0.1,3.041217889017721e-08,1.1e-08,1e-08,3.7e-08,1.0,0.00044731124643779285,1.0,3.77e-05,0.019572169457820907,43.75514725749868,0.0016495690516077001,0.513,0.361,0.371,8.85e-05,0.0003878,0.5,0.37,-1.0,1.0,0.1,0.834,80,1200,1e-10,12,True,True,True,False,False,1.0,warn,True,False,False,15,25,25,BOTH,BOTH,BOTH,0.1,10000.0,0.1,10000.0,0.0,1e-06,FULL,0.44368483814127313,0.07015560535081472,0.07015560535081472,2.1335848200776507e-09,2.1335848200776507e-09,2.8222785219966795e-11,2.8222785219966795e-11,8.583163928886795e-19,8.583163928886795e-19,True,brentq,15,1.0,0.6264775986987127,-0.22701472559424696,0.32683472062884583,-0.11806155122428967,3.066122864677343,False,with_edl_FULL,0.0001,,,Cdl_Au,0.00044731124643779285,
ofat_compare:Cdl_Au:without_edl,8.314,96485.0,298.0,8.8541878128e-12,78.5,,0.1,3.041217889017721e-08,1.1e-08,1e-08,3.7e-08,1.0,0.00044731124643779285,1.0,3.77e-05,0.019572169457820907,43.75514725749868,0.0016495690516077001,0.513,0.361,0.371,8.85e-05,0.0003878,0.5,0.37,-1.0,1.0,0.1,0.834,80,1200,1e-10,12,True,True,True,False,False,1.0,warn,True,False,False,15,25,25,BOTH,BOTH,BOTH,0.1,10000.0,0.1,10000.0,0.0,1e-06,FULL,0.49157212957749513,0.06555361211259984,0.06555361211259984,1.993628178465674e-09,1.993628178465674e-09,7.0887740122316245e-12,7.0887740122316245e-12,2.1558506337202743e-19,2.1558506337202743e-19,True,brentq,12,1.0,0.0,0.0,0.0,0.0,0.0,True,without_edl,0.0001,,,Cdl_Au,0.00044731124643779285,
ofat_compare:Cdl_Au:with_edl_FULL,8.314,96485.0,298.0,8.8541878128e-12,78.5,,0.1,3.041217889017721e-08,1.1e-08,1e-08,3.7e-08,1.0,0.0006215369615077453,1.0,3.77e-05,0.027195441276749683,43.75514725749868,0.0016495690516077001,0.513,0.361,0.371,8.85e-05,0.0003878,0.5,0.37,-1.0,1.0,0.1,0.834,80,1200,1e-10,12,True,True,True,False,False,1.0,warn,True,False,False,15,25,25,BOTH,BOTH,BOTH,0.1,10000.0,0.1,10000.0,0.0,1e-06,FULL,0.44378532446870084,0.07003629165921334,0.07003629165921334,2.129956230744622e-09,2.129956230744622e-09,2.7035679250886346e-11,2.7035679250886346e-11,8.222139137954078e-19,8.222139137954078e-19,True,brentq,15,1.0,0.6273323048136425,-0.22765360491579856,0.32689743210184247,-0.11810875680194308,3.0695376846989664,False,with_edl_FULL,0.0001,,,Cdl_Au,0.0006215369615077453,
ofat_compare:Cdl_Au:without_edl,8.314,96485.0,298.0,8.8541878128e-12,78.5,,0.1,3.041217889017721e-08,1.1e-08,1e-08,3.7e-08,1.0,0.0006215369615077453,1.0,3.77e-05,0.027195441276749683,43.75514725749868,0.0016495690516077001,0.513,0.361,0.371,8.85e-05,0.0003878,0.5,0.37,-1.0,1.0,0.1,0.834,80,1200,1e-10,12,True,True,True,False,False,1.0,warn,True,False,False,15,25,25,BOTH,BOTH,BOTH,0.1,10000.0,0.1,10000.0,0.0,1e-06,FULL,0.49157212957749513,0.06555361211259984,0.06555361211259984,1.993628178465674e-09,1.993628178465674e-09,7.0887740122316245e-12,7.0887740122316245e-12,2.1558506337202743e-19,2.1558506337202743e-19,True,brentq,12,1.0,0.0,0.0,0.0,0.0,0.0,True,without_edl,0.0001,,,Cdl_Au,0.0006215369615077453,
ofat_compare:Cdl_Au:with_edl_FULL,8.314,96485.0,298.0,8.8541878128e-12,78.5,,0.1,3.041217889017721e-08,1.1e-08,1e-08,3.7e-08,1.0,0.0008636228076013822,1.0,3.77e-05,0.03778794312153293,43.75514725749868,0.0016495690516077001,0.513,0.361,0.371,8.85e-05,0.0003878,0.5,0.37,-1.0,1.0,0.1,0.834,80,1200,1e-10,12,True,True,True,False,False,1.0,warn,True,False,False,15,25,25,BOTH,BOTH,BOTH,0.1,10000.0,0.1,10000.0,0.0,1e-06,FULL,0.44392403154257004,0.06987195591474474,0.06987195591474474,2.1249584226857926e-09,2.1249584226857926e-09,2.5471860731762774e-11,2.5471860731762774e-11,7.746547852400497e-19,7.746547852400497e-19,True,brentq,15,1.0,0.6285133426153386,-0.22853643617660216,0.32698408952397834,-0.11817399121522545,3.0742511126714795,False,with_edl_FULL,0.0001,,,Cdl_Au,0.0008636228076013822,
ofat_compare:Cdl_Au:without_edl,8.314,96485.0,298.0,8.8541878128e-12,78.5,,0.1,3.041217889017721e-08,1.1e-08,1e-08,3.7e-08,1.0,0.0008636228076013822,1.0,3.77e-05,0.03778794312153293,43.75514725749868,0.0016495690516077001,0.513,0.361,0.371,8.85e-05,0.0003878,0.5,0.37,-1.0,1.0,0.1,0.834,80,1200,1e-10,12,True,True,True,False,False,1.0,warn,True,False,False,15,25,25,BOTH,BOTH,BOTH,0.1,10000.0,0.1,10000.0,0.0,1e-06,FULL,0.49157212957749513,0.06555361211259984,0.06555361211259984,1.993628178465674e-09,1.993628178465674e-09,7.0887740122316245e-12,7.0887740122316245e-12,2.1558506337202743e-19,2.1558506337202743e-19,True,brentq,12,1.0,0.0,0.0,0.0,0.0,0.0,True,without_edl,0.0001,,,Cdl_Au,0.0008636228076013822,
ofat_compare:Cdl_Au:with_edl_FULL,8.314,96485.0,298.0,8.8541878128e-12,78.5,,0.1,3.041217889017721e-08,1.1e-08,1e-08,3.7e-08,1.0,0.0011999999999999995,1.0,3.77e-05,0.05250617670899839,43.75514725749868,0.0016495690516077001,0.513,0.361,0.371,8.85e-05,0.0003878,0.5,0.37,-1.0,1.0,0.1,0.834,80,1200,1e-10,12,True,True,True,False,False,1.0,warn,True,False,False,15,25,25,BOTH,BOTH,BOTH,0.1,10000.0,0.1,10000.0,0.0,1e-06,FULL,0.44411501328825914,0.06964636772860508,0.06964636772860508,2.1180977944134025e-09,2.1180977944134025e-09,2.3453558539721087e-11,2.3453558539721087e-11,7.13273817921241e-19,7.13273817921241e-19,True,brentq,15,1.0,0.6301418266771027,-0.2297537819193855,0.32710358235573855,-0.11826395074296527,3.0807404290170517,False,with_edl_FULL,0.0001,,,Cdl_Au,0.0011999999999999995,
ofat_compare:Cdl_Au:without_edl,8.314,96485.0,298.0,8.8541878128e-12,78.5,,0.1,3.041217889017721e-08,1.1e-08,1e-08,3.7e-08,1.0,0.0011999999999999995,1.0,3.77e-05,0.05250617670899839,43.75514725749868,0.0016495690516077001,0.513,0.361,0.371,8.85e-05,0.0003878,0.5,0.37,-1.0,1.0,0.1,0.834,80,1200,1e-10,12,True,True,True,False,False,1.0,warn,True,False,False,15,25,25,BOTH,BOTH,BOTH,0.1,10000.0,0.1,10000.0,0.0,1e-06,FULL,0.49157212957749513,0.06555361211259984,0.06555361211259984,1.993628178465674e-09,1.993628178465674e-09,7.0887740122316245e-12,7.0887740122316245e-12,2.1558506337202743e-19,2.1558506337202743e-19,True,brentq,12,1.0,0.0,0.0,0.0,0.0,0.0,True,without_edl,0.0001,,,Cdl_Au,0.0011999999999999995,
ofat_compare:Cdl_C:with_edl_FULL,8.314,96485.0,298.0,8.8541878128e-12,78.5,,0.1,3.041217889017721e-08,1.1e-08,1e-08,3.7e-08,1.0,0.00012,0.1,3.77e-05,0.005250617670899842,4.375514725749868,0.0016495690516077001,0.513,0.361,0.371,8.85e-05,0.0003878,0.5,0.37,-1.0,1.0,0.1,0.834,80,1200,1e-10,12,True,True,True,False,False,1.0,warn,True,False,False,15,25,25,BOTH,BOTH,BOTH,0.1,10000.0,0.1,10000.0,0.0,1e-06,FULL,0.45663188427919293,0.06876409150613759,0.06876409150613759,2.0912658521051716e-09,2.0912658521051716e-09,2.525757381022231e-15,2.525757381022231e-15,7.681378530483357e-23,7.681378530483357e-23,True,brentq,15,1.0,0.39203190557909945,-0.1418144791160504,0.20328644225803574,-0.07343539646588433,2.3194111256299124,False,with_edl_FULL,0.0001,,,Cdl_C,0.1,
ofat_compare:Cdl_C:without_edl,8.314,96485.0,298.0,8.8541878128e-12,78.5,,0.1,3.041217889017721e-08,1.1e-08,1e-08,3.7e-08,1.0,0.00012,0.1,3.77e-05,0.005250617670899842,4.375514725749868,0.0016495690516077001,0.513,0.361,0.371,8.85e-05,0.0003878,0.5,0.37,-1.0,1.0,0.1,0.834,80,1200,1e-10,12,True,True,True,False,False,1.0,warn,True,False,False,15,25,25,BOTH,BOTH,BOTH,0.1,10000.0,0.1,10000.0,0.0,1e-06,FULL,0.49157212957749513,0.06555361211259984,0.06555361211259984,1.993628178465674e-09,1.993628178465674e-09,7.0887740122316245e-12,7.0887740122316245e-12,2.1558506337202743e-19,2.1558506337202743e-19,True,brentq,12,1.0,0.0,0.0,0.0,0.0,0.0,True,without_edl,0.0001,,,Cdl_C,0.1,
ofat_compare:Cdl_C:with_edl_FULL,8.314,96485.0,298.0,8.8541878128e-12,78.5,,0.1,3.041217889017721e-08,1.1e-08,1e-08,3.7e-08,1.0,0.00012,0.13894954943731375,3.77e-05,0.005250617670899842,6.079757996992756,0.0016495690516077001,0.513,0.361,0.371,8.85e-05,0.0003878,0.5,0.37,-1.0,1.0,0.1,0.834,80,1200,1e-10,12,True,True,True,False,False,1.0,warn,True,False,False,15,25,25,BOTH,BOTH,BOTH,0.1,10000.0,0.1,10000.0,0.0,1e-06,FULL,0.4534629145932255,0.06914596669670835,0.06914596669670835,2.10287950871453e-09,2.10287950871453e-09,2.4591439995447217e-14,2.4591439995447217e-14,7.478792723085995e-22,7.478792723085995e-22,True,brentq,15,1.0,0.44226203229687305,-0.15993602205876795,0.22956617807006052,-0.08291756191009621,2.5212928027855614,False,with_edl_FULL,0.0001,,,Cdl_C,0.13894954943731375,
ofat_compare:Cdl_C:without_edl,8.314,96485.0,298.0,8.8541878128e-12,78.5,,0.1,3.041217889017721e-08,1.1e-08,1e-08,3.7e-08,1.0,0.00012,0.13894954943731375,3.77e-05,0.005250617670899842,6.079757996992756,0.0016495690516077001,0.513,0.361,0.371,8.85e-05,0.0003878,0.5,0.37,-1.0,1.0,0.1,0.834,80,1200,1e-10,12,True,True,True,False,False,1.0,warn,True,False,False,15,25,25,BOTH,BOTH,BOTH,0.1,10000.0,0.1,10000.0,0.0,1e-06,FULL,0.49157212957749513,0.06555361211259984,0.06555361211259984,1.993628178465674e-09,1.993628178465674e-09,7.0887740122316245e-12,7.0887740122316245e-12,2.1558506337202743e-19,2.1558506337202743e-19,True,brentq,12,1.0,0.0,0.0,0.0,0.0,0.0,True,without_edl,0.0001,,,Cdl_C,0.13894954943731375,
ofat_compare:Cdl_C:with_edl_FULL,8.314,96485.0,298.0,8.8541878128e-12,78.5,,0.1,3.041217889017721e-08,1.1e-08,1e-08,3.7e-08,1.0,0.00012,0.193069772888325,3.77e-05,0.005250617670899842,8.447796343700485,0.0016495690516077001,0.513,0.361,0.371,8.85e-05,0.0003878,0.5,0.37,-1.0,1.0,0.1,0.834,80,1200,1e-10,12,True,True,True,False,False,1.0,warn,True,False,False,15,25,25,BOTH,BOTH,BOTH,0.1,10000.0,0.1,10000.0,0.0,1e-06,FULL,0.4507810443627933,0.06947485631288153,0.06947485631288153,2.1128817585567107e-09,2.1128817585567107e-09,1.6604773112049998e-13,1.6604773112049998e-13,5.0498733031446906e-21,5.0498733031446906e-21,True,brentq,15,1.0,0.4875196150158574,-0.1762632573851888,0.2533596866726483,-0.09150275316304837,2.686419119960256,False,with_edl_FULL,0.0001,,,Cdl_C,0.193069772888325,
ofat_compare:Cdl_C:without_edl,8.314,96485.0,298.0,8.8541878128e-12,78.5,,0.1,3.041217889017721e-08,1.1e-08,1e-08,3.7e-08,1.0,0.00012,0.193069772888325,3.77e-05,0.005250617670899842,8.447796343700485,0.0016495690516077001,0.513,0.361,0.371,8.85e-05,0.0003878,0.5,0.37,-1.0,1.0,0.1,0.834,80,1200,1e-10,12,True,True,True,False,False,1.0,warn,True,False,False,15,25,25,BOTH,BOTH,BOTH,0.1,10000.0,0.1,10000.0,0.0,1e-06,FULL,0.49157212957749513,0.06555361211259984,0.06555361211259984,1.993628178465674e-09,1.993628178465674e-09,7.0887740122316245e-12,7.0887740122316245e-12,2.1558506337202743e-19,2.1558506337202743e-19,True,brentq,12,1.0,0.0,0.0,0.0,0.0,0.0,True,without_edl,0.0001,,,Cdl_C,0.193069772888325,
ofat_compare:Cdl_C:with_edl_FULL,8.314,96485.0,298.0,8.8541878128e-12,78.5,,0.1,3.041217889017721e-08,1.1e-08,1e-08,3.7e-08,1.0,0.00012,0.2682695795279726,3.77e-05,0.005250617670899842,11.738174956953694,0.0016495690516077001,0.513,0.361,0.371,8.85e-05,0.0003878,0.5,0.37,-1.0,1.0,0.1,0.834,80,1200,1e-10,12,True,True,True,False,False,1.0,warn,True,False,False,15,25,25,BOTH,BOTH,BOTH,0.1,10000.0,0.1,10000.0,0.0,1e-06,FULL,0.44858069192001293,0.06974701106655216,0.06974701106655216,2.121158577611154e-09,2.121158577611154e-09,8.052031263972026e-13,8.052031263972026e-13,2.4487981522921698e-20,2.4487981522921698e-20,True,brentq,15,1.0,0.5266810771758683,-0.19039084422115654,0.2740670273643961,-0.09897449215238874,2.815274328433647,False,with_edl_FULL,0.0001,,,Cdl_C,0.2682695795279726,
ofat_compare:Cdl_C:without_edl,8.314,96485.0,298.0,8.8541878128e-12,78.5,,0.1,3.041217889017721e-08,1.1e-08,1e-08,3.7e-08,1.0,0.00012,0.2682695795279726,3.77e-05,0.005250617670899842,11.738174956953694,0.0016495690516077001,0.513,0.361,0.371,8.85e-05,0.0003878,0.5,0.37,-1.0,1.0,0.1,0.834,80,1200,1e-10,12,True,True,True,False,False,1.0,warn,True,False,False,15,25,25,BOTH,BOTH,BOTH,0.1,10000.0,0.1,10000.0,0.0,1e-06,FULL,0.49157212957749513,0.06555361211259984,0.06555361211259984,1.993628178465674e-09,1.993628178465674e-09,7.0887740122316245e-12,7.0887740122316245e-12,2.1558506337202743e-19,2.1558506337202743e-19,True,brentq,12,1.0,0.0,0.0,0.0,0.0,0.0,True,without_edl,0.0001,,,Cdl_C,0.2682695795279726,
ofat_compare:Cdl_C:with_edl_FULL,8.314,96485.0,298.0,8.8541878128e-12,78.5,,0.1,3.041217889017721e-08,1.1e-08,1e-08,3.7e-08,1.0,0.00012,0.372759372031494,3.77e-05,0.005250617670899842,16.310141214850756,0.0016495690516077001,0.513,0.361,0.371,8.85e-05,0.0003878,0.5,0.37,-1.0,1.0,0.1,0.834,80,1200,1e-10,12,True,True,True,False,False,1.0,warn,True,False,False,15,25,25,BOTH,BOTH,BOTH,0.1,10000.0,0.1,10000.0,0.0,1e-06,FULL,0.44681684154537527,0.06996581335947273,0.06996581335947273,2.127812832085035e-09,2.127812832085035e-09,2.8492763703980017e-12,2.8492763703980017e-12,8.665270268409885e-20,8.665270268409885e-20,True,brentq,15,1.0,0.5594768568142303,-0.20222159140283255,0.2915191433879148,-0.10527175767090596,2.9114654243707623,False,with_edl_FULL,0.0001,,,Cdl_C,0.372759372031494,
ofat_compare:Cdl_C:without_edl,8.314,96485.0,298.0,8.8541878128e-12,78.5,,0.1,3.041217889017721e-08,1.1e-08,1e-08,3.7e-08,1.0,0.00012,0.372759372031494,3.77e-05,0.005250617670899842,16.310141214850756,0.0016495690516077001,0.513,0.361,0.371,8.85e-05,0.0003878,0.5,0.37,-1.0,1.0,0.1,0.834,80,1200,1e-10,12,True,True,True,False,False,1.0,warn,True,False,False,15,25,25,BOTH,BOTH,BOTH,0.1,10000.0,0.1,10000.0,0.0,1e-06,FULL,0.49157212957749513,0.06555361211259984,0.06555361211259984,1.993628178465674e-09,1.993628178465674e-09,7.0887740122316245e-12,7.0887740122316245e-12,2.1558506337202743e-19,2.1558506337202743e-19,True,brentq,12,1.0,0.0,0.0,0.0,0.0,0.0,True,without_edl,0.0001,,,Cdl_C,0.372759372031494,
ofat_compare:Cdl_C:with_edl_FULL,8.314,96485.0,298.0,8.8541878128e-12,78.5,,0.1,3.041217889017721e-08,1.1e-08,1e-08,3.7e-08,1.0,0.00012,0.517947467923121,3.77e-05,0.005250617670899842,22.66286773062473,0.0016495690516077001,0.513,0.361,0.371,8.85e-05,0.0003878,0.5,0.37,-1.0,1.0,0.1,0.834,80,1200,1e-10,12,True,True,True,False,False,1.0,warn,True,False,False,15,25,25,BOTH,BOTH,BOTH,0.1,10000.0,0.1,10000.0,0.0,1e-06,FULL,0.4454254348415253,0.07013878047690553,0.07013878047690553,2.1330731390025197e-09,2.1330731390025197e-09,7.704295534871619e-12,7.704295534871619e-12,2.343044140293092e-19,2.343044140293092e-19,True,brentq,15,1.0,0.5862703997541233,-0.21188670729566547,0.30587046718581967,-0.11045024236233976,2.9804023605843213,False,with_edl_FULL,0.0001,,,Cdl_C,0.517947467923121,
ofat_compare:Cdl_C:without_edl,8.314,96485.0,298.0,8.8541878128e-12,78.5,,0.1,3.041217889017721e-08,1.1e-08,1e-08,3.7e-08,1.0,0.00012,0.517947467923121,3.77e-05,0.005250617670899842,22.66286773062473,0.0016495690516077001,0.513,0.361,0.371,8.85e-05,0.0003878,0.5,0.37,-1.0,1.0,0.1,0.834,80,1200,1e-10,12,True,True,True,False,False,1.0,warn,True,False,False,15,25,25,BOTH,BOTH,BOTH,0.1,10000.0,0.1,10000.0,0.0,1e-06,FULL,0.49157212957749513,0.06555361211259984,0.06555361211259984,1.993628178465674e-09,1.993628178465674e-09,7.0887740122316245e-12,7.0887740122316245e-12,2.1558506337202743e-19,2.1558506337202743e-19,True,brentq,12,1.0,0.0,0.0,0.0,0.0,0.0,True,without_edl,0.0001,,,Cdl_C,0.517947467923121,
ofat_compare:Cdl_C:with_edl_FULL,8.314,96485.0,298.0,8.8541878128e-12,78.5,,0.1,3.041217889017721e-08,1.1e-08,1e-08,3.7e-08,1.0,0.00012,0.7196856730011519,3.77e-05,0.005250617670899842,31.489952601277444,0.0016495690516077001,0.513,0.361,0.371,8.85e-05,0.0003878,0.5,0.37,-1.0,1.0,0.1,0.834,80,1200,1e-10,12,True,True,True,False,False,1.0,warn,True,False,False,15,25,25,BOTH,BOTH,BOTH,0.1,10000.0,0.1,10000.0,0.0,1e-06,FULL,0.44433877370890656,0.07027477762138869,0.07027477762138869,2.137209108489095e-09,2.137209108489095e-09,1.6738971320151563e-11,1.6738971320151563e-11,5.090685902259951e-19,5.090685902259951e-19,True,brentq,15,1.0,0.6077823287327755,-0.2196462664414447,0.31746367544409093,-0.11463356151417138,3.02798290462235,False,with_edl_FULL,0.0001,,,Cdl_C,0.7196856730011519,
ofat_compare:Cdl_C:without_edl,8.314,96485.0,298.0,8.8541878128e-12,78.5,,0.1,3.041217889017721e-08,1.1e-08,1e-08,3.7e-08,1.0,0.00012,0.7196856730011519,3.77e-05,0.005250617670899842,31.489952601277444,0.0016495690516077001,0.513,0.361,0.371,8.85e-05,0.0003878,0.5,0.37,-1.0,1.0,0.1,0.834,80,1200,1e-10,12,True,True,True,False,False,1.0,warn,True,False,False,15,25,25,BOTH,BOTH,BOTH,0.1,10000.0,0.1,10000.0,0.0,1e-06,FULL,0.49157212957749513,0.06555361211259984,0.06555361211259984,1.993628178465674e-09,1.993628178465674e-09,7.0887740122316245e-12,7.0887740122316245e-12,2.1558506337202743e-19,2.1558506337202743e-19,True,brentq,12,1.0,0.0,0.0,0.0,0.0,0.0,True,without_edl,0.0001,,,Cdl_C,0.7196856730011519,
ofat_compare:Cdl_C:with_edl_FULL,8.314,96485.0,298.0,8.8541878128e-12,78.5,,0.1,3.041217889017721e-08,1.1e-08,1e-08,3.7e-08,1.0,0.00012,1.0,3.77e-05,0.005250617670899842,43.75514725749868,0.0016495690516077001,0.513,0.361,0.371,8.85e-05,0.0003878,0.5,0.37,-1.0,1.0,0.1,0.834,80,1200,1e-10,12,True,True,True,False,False,1.0,warn,True,False,False,15,25,25,BOTH,BOTH,BOTH,0.1,10000.0,0.1,10000.0,0.0,1e-06,FULL,0.44349454423603574,0.07038215501102128,0.07038215501102128,2.140474688871362e-09,2.140474688871362e-09,3.060189601722385e-11,3.060189601722385e-11,9.306703360544132e-19,9.306703360544132e-19,True,brentq,15,1.0,0.6248610819651622,-0.22580644470723008,0.32671611748407864,-0.11797227973451423,3.0596557118175287,False,with_edl_FULL,0.0001,,,Cdl_C,1.0,
ofat_compare:Cdl_C:without_edl,8.314,96485.0,298.0,8.8541878128e-12,78.5,,0.1,3.041217889017721e-08,1.1e-08,1e-08,3.7e-08,1.0,0.00012,1.0,3.77e-05,0.005250617670899842,43.75514725749868,0.0016495690516077001,0.513,0.361,0.371,8.85e-05,0.0003878,0.5,0.37,-1.0,1.0,0.1,0.834,80,1200,1e-10,12,True,True,True,False,False,1.0,warn,True,False,False,15,25,25,BOTH,BOTH,BOTH,0.1,10000.0,0.1,10000.0,0.0,1e-06,FULL,0.49157212957749513,0.06555361211259984,0.06555361211259984,1.993628178465674e-09,1.993628178465674e-09,7.0887740122316245e-12,7.0887740122316245e-12,2.1558506337202743e-19,2.1558506337202743e-19,True,brentq,12,1.0,0.0,0.0,0.0,0.0,0.0,True,without_edl,0.0001,,,Cdl_C,1.0,
ofat_compare:Cdl_C:with_edl_FULL,8.314,96485.0,298.0,8.8541878128e-12,78.5,,0.1,3.041217889017721e-08,1.1e-08,1e-08,3.7e-08,1.0,0.00012,1.3894954943731375,3.77e-05,0.005250617670899842,60.797579969927554,0.0016495690516077001,0.513,0.361,0.371,8.85e-05,0.0003878,0.5,0.37,-1.0,1.0,0.1,0.834,80,1200,1e-10,12,True,True,True,False,False,1.0,warn,True,False,False,15,25,25,BOTH,BOTH,BOTH,0.1,10000.0,0.1,10000.0,0.0,1e-06,FULL,0.4428396552290357,0.07046788116878924,0.07046788116878924,2.1430818081169684e-09,2.1430818081169684e-09,4.893420391116621e-11,4.893420391116621e-11,1.488195763194796e-18,1.488195763194796e-18,True,brentq,15,1.0,0.6383364713304776,-0.23066667727730608,0.33404561543060757,-0.1206171403424574,3.0799900615477647,False,with_edl_FULL,0.0001,,,Cdl_C,1.3894954943731375,
ofat_compare:Cdl_C:without_edl,8.314,96485.0,298.0,8.8541878128e-12,78.5,,0.1,3.041217889017721e-08,1.1e-08,1e-08,3.7e-08,1.0,0.00012,1.3894954943731375,3.77e-05,0.005250617670899842,60.797579969927554,0.0016495690516077001,0.513,0.361,0.371,8.85e-05,0.0003878,0.5,0.37,-1.0,1.0,0.1,0.834,80,1200,1e-10,12,True,True,True,False,False,1.0,warn,True,False,False,15,25,25,BOTH,BOTH,BOTH,0.1,10000.0,0.1,10000.0,0.0,1e-06,FULL,0.49157212957749513,0.06555361211259984,0.06555361211259984,1.993628178465674e-09,1.993628178465674e-09,7.0887740122316245e-12,7.0887740122316245e-12,2.1558506337202743e-19,2.1558506337202743e-19,True,brentq,12,1.0,0.0,0.0,0.0,0.0,0.0,True,without_edl,0.0001,,,Cdl_C,1.3894954943731375,
ofat_compare:Cdl_C:with_edl_FULL,8.314,96485.0,298.0,8.8541878128e-12,78.5,,0.1,3.041217889017721e-08,1.1e-08,1e-08,3.7e-08,1.0,0.00012,1.9306977288832496,3.77e-05,0.005250617670899842,84.47796343700485,0.0016495690516077001,0.513,0.361,0.371,8.85e-05,0.0003878,0.5,0.37,-1.0,1.0,0.1,0.834,80,1200,1e-10,12,True,True,True,False,False,1.0,warn,True,False,False,15,25,25,BOTH,BOTH,BOTH,0.1,10000.0,0.1,10000.0,0.0,1e-06,FULL,0.442330871549872,0.07053737796989461,0.07053737796989461,2.14519535726448e-09,2.14519535726448e-09,7.061246032336044e-11,7.061246032336044e-11,2.147478775229578e-18,2.147478775229578e-18,True,brentq,15,1.0,0.6489467704635724,-0.23449335177034605,0.3398314867693444,-0.12270500100881183,3.0924876856877503,False,with_edl_FULL,0.0001,,,Cdl_C,1.9306977288832496,
ofat_compare:Cdl_C:without_edl,8.314,96485.0,298.0,8.8541878128e-12,78.5,,0.1,3.041217889017721e-08,1.1e-08,1e-08,3.7e-08,1.0,0.00012,1.9306977288832496,3.77e-05,0.005250617670899842,84.47796343700485,0.0016495690516077001,0.513,0.361,0.371,8.85e-05,0.0003878,0.5,0.37,-1.0,1.0,0.1,0.834,80,1200,1e-10,12,True,True,True,False,False,1.0,warn,True,False,False,15,25,25,BOTH,BOTH,BOTH,0.1,10000.0,0.1,10000.0,0.0,1e-06,FULL,0.49157212957749513,0.06555361211259984,0.06555361211259984,1.993628178465674e-09,1.993628178465674e-09,7.0887740122316245e-12,7.0887740122316245e-12,2.1558506337202743e-19,2.1558506337202743e-19,True,brentq,12,1.0,0.0,0.0,0.0,0.0,0.0,True,without_edl,0.0001,,,Cdl_C,1.9306977288832496,
ofat_compare:Cdl_C:with_edl_FULL,8.314,96485.0,298.0,8.8541878128e-12,78.5,,0.1,3.041217889017721e-08,1.1e-08,1e-08,3.7e-08,1.0,0.00012,2.6826957952797246,3.77e-05,0.005250617670899842,117.38174956953688,0.0016495690516077001,0.513,0.361,0.371,8.85e-05,0.0003878,0.5,0.37,-1.0,1.0,0.1,0.834,80,1200,1e-10,12,True,True,True,False,False,1.0,warn,True,False,False,15,25,25,BOTH,BOTH,BOTH,0.1,10000.0,0.1,10000.0,0.0,1e-06,FULL,0.4419339257967587,0.07059469771659793,0.07059469771659793,2.146938575655161e-09,2.146938575655161e-09,9.422539137826647e-11,9.422539137826647e-11,2.865599458592801e-18,2.865599458592801e-18,True,brentq,15,1.0,0.6573136498537744,-0.2375107681974057,0.34439901893798325,-0.1243532301079292,3.099664666406543,False,with_edl_FULL,0.0001,,,Cdl_C,2.6826957952797246,
ofat_compare:Cdl_C:without_edl,8.314,96485.0,298.0,8.8541878128e-12,78.5,,0.1,3.041217889017721e-08,1.1e-08,1e-08,3.7e-08,1.0,0.00012,2.6826957952797246,3.77e-05,0.005250617670899842,117.38174956953688,0.0016495690516077001,0.513,0.361,0.371,8.85e-05,0.0003878,0.5,0.37,-1.0,1.0,0.1,0.834,80,1200,1e-10,12,True,True,True,False,False,1.0,warn,True,False,False,15,25,25,BOTH,BOTH,BOTH,0.1,10000.0,0.1,10000.0,0.0,1e-06,FULL,0.49157212957749513,0.06555361211259984,0.06555361211259984,1.993628178465674e-09,1.993628178465674e-09,7.0887740122316245e-12,7.0887740122316245e-12,2.1558506337202743e-19,2.1558506337202743e-19,True,brentq,12,1.0,0.0,0.0,0.0,0.0,0.0,True,without_edl,0.0001,,,Cdl_C,2.6826957952797246,
ofat_compare:Cdl_C:with_edl_FULL,8.314,96485.0,298.0,8.8541878128e-12,78.5,,0.1,3.041217889017721e-08,1.1e-08,1e-08,3.7e-08,1.0,0.00012,3.72759372031494,3.77e-05,0.005250617670899842,163.10141214850753,0.0016495690516077001,0.513,0.361,0.371,8.85e-05,0.0003878,0.5,0.37,-1.0,1.0,0.1,0.834,80,1200,1e-10,12,True,True,True,False,False,1.0,warn,True,False,False,15,25,25,BOTH,BOTH,BOTH,0.1,10000.0,0.1,10000.0,0.0,1e-06,FULL,0.4416221445412065,0.07064279121891838,0.07064279121891838,2.1484012038511855e-09,2.1484012038511855e-09,-7.433757776009742e-11,-7.433757776009742e-11,-2.2607677131025418e-18,-2.2607677131025418e-18,True,brentq,15,1.0,0.6639421517428218,-0.23990113467294935,0.3480168535689182,-0.12565876102515308,3.103233159621082,False,with_edl_FULL,0.0001,,,Cdl_C,3.72759372031494,
ofat_compare:Cdl_C:without_edl,8.314,96485.0,298.0,8.8541878128e-12,78.5,,0.1,3.041217889017721e-08,1.1e-08,1e-08,3.7e-08,1.0,0.00012,3.72759372031494,3.77e-05,0.005250617670899842,163.10141214850753,0.0016495690516077001,0.513,0.361,0.371,8.85e-05,0.0003878,0.5,0.37,-1.0,1.0,0.1,0.834,80,1200,1e-10,12,True,True,True,False,False,1.0,warn,True,False,False,15,25,25,BOTH,BOTH,BOTH,0.1,10000.0,0.1,10000.0,0.0,1e-06,FULL,0.49157212957749513,0.06555361211259984,0.06555361211259984,1.993628178465674e-09,1.993628178465674e-09,7.0887740122316245e-12,7.0887740122316245e-12,2.1558506337202743e-19,2.1558506337202743e-19,True,brentq,12,1.0,0.0,0.0,0.0,0.0,0.0,True,without_edl,0.0001,,,Cdl_C,3.72759372031494,
ofat_compare:Cdl_C:with_edl_FULL,8.314,96485.0,298.0,8.8541878128e-12,78.5,,0.1,3.041217889017721e-08,1.1e-08,1e-08,3.7e-08,1.0,0.00012,5.17947467923121,3.77e-05,0.005250617670899842,226.6286773062473,0.0016495690516077001,0.513,0.361,0.371,8.85e-05,0.0003878,0.5,0.37,-1.0,1.0,0.1,0.834,80,1200,1e-10,12,True,True,True,False,False,1.0,warn,True,False,False,15,25,25,BOTH,BOTH,BOTH,0.1,10000.0,0.1,10000.0,0.0,1e-06,FULL,0.4413750564870325,0.07068375986146763,0.07068375986146763,2.149647149537281e-09,2.149647149537281e-09,-5.1034024228791e-11,-5.1034024228791e-11,-1.5520558743316299e-18,-1.5520558743316299e-18,True,brentq,15,1.0,0.6692319369072534,-0.24180862982207396,0.35090074540892663,-0.12669944695270433,3.104379116430561,False,with_edl_FULL,0.0001,,,Cdl_C,5.17947467923121,
ofat_compare:Cdl_C:without_edl,8.314,96485.0,298.0,8.8541878128e-12,78.5,,0.1,3.041217889017721e-08,1.1e-08,1e-08,3.7e-08,1.0,0.00012,5.17947467923121,3.77e-05,0.005250617670899842,226.6286773062473,0.0016495690516077001,0.513,0.361,0.371,8.85e-05,0.0003878,0.5,0.37,-1.0,1.0,0.1,0.834,80,1200,1e-10,12,True,True,True,False,False,1.0,warn,True,False,False,15,25,25,BOTH,BOTH,BOTH,0.1,10000.0,0.1,10000.0,0.0,1e-06,FULL,0.49157212957749513,0.06555361211259984,0.06555361211259984,1.993628178465674e-09,1.993628178465674e-09,7.0887740122316245e-12,7.0887740122316245e-12,2.1558506337202743e-19,2.1558506337202743e-19,True,brentq,12,1.0,0.0,0.0,0.0,0.0,0.0,True,without_edl,0.0001,,,Cdl_C,5.17947467923121,
ofat_compare:Cdl_C:with_edl_FULL,8.314,96485.0,298.0,8.8541878128e-12,78.5,,0.1,3.041217889017721e-08,1.1e-08,1e-08,3.7e-08,1.0,0.00012,7.196856730011517,3.77e-05,0.005250617670899842,314.89952601277434,0.0016495690516077001,0.513,0.361,0.371,8.85e-05,0.0003878,0.5,0.37,-1.0,1.0,0.1,0.834,80,1200,1e-10,12,True,True,True,False,False,1.0,warn,True,False,False,15,25,25,BOTH,BOTH,BOTH,0.1,10000.0,0.1,10000.0,0.0,1e-06,FULL,0.4411771016855569,0.07071908159589414,0.07071908159589414,2.1507213604433713e-09,2.1507213604433713e-09,-2.8422694753338362e-11,-2.8422694753338362e-11,-8.643960773794275e-19,-8.643960773794275e-19,True,brentq,15,1.0,0.6734936736379429,-0.24334531961645423,0.3532205667564797,-0.12753658705203355,3.103940128913333,False,with_edl_FULL,0.0001,,,Cdl_C,7.196856730011517,
ofat_compare:Cdl_C:without_edl,8.314,96485.0,298.0,8.8541878128e-12,78.5,,0.1,3.041217889017721e-08,1.1e-08,1e-08,3.7e-08,1.0,0.00012,7.196856730011517,3.77e-05,0.005250617670899842,314.89952601277434,0.0016495690516077001,0.513,0.361,0.371,8.85e-05,0.0003878,0.5,0.37,-1.0,1.0,0.1,0.834,80,1200,1e-10,12,True,True,True,False,False,1.0,warn,True,False,False,15,25,25,BOTH,BOTH,BOTH,0.1,10000.0,0.1,10000.0,0.0,1e-06,FULL,0.49157212957749513,0.06555361211259984,0.06555361211259984,1.993628178465674e-09,1.993628178465674e-09,7.0887740122316245e-12,7.0887740122316245e-12,2.1558506337202743e-19,2.1558506337202743e-19,True,brentq,12,1.0,0.0,0.0,0.0,0.0,0.0,True,without_edl,0.0001,,,Cdl_C,7.196856730011517,
ofat_compare:Cdl_C:with_edl_FULL,8.314,96485.0,298.0,8.8541878128e-12,78.5,,0.1,3.041217889017721e-08,1.1e-08,1e-08,3.7e-08,1.0,0.00012,10.0,3.77e-05,0.005250617670899842,437.55147257498675,0.0016495690516077001,0.513,0.361,0.371,8.85e-05,0.0003878,0.5,0.37,-1.0,1.0,0.1,0.834,80,1200,1e-10,12,True,True,True,False,False,1.0,warn,True,False,False,15,25,25,BOTH,BOTH,BOTH,0.1,10000.0,0.1,10000.0,0.0,1e-06,FULL,0.4410164355923662,0.0707498375501197,0.0707498375501197,2.151656716025217e-09,2.151656716025217e-09,-6.763770099560418e-12,-6.763770099560418e-12,-2.0570098623986315e-19,-2.0570098623986315e-19,True,brentq,15,1.0,0.6769681479420616,-0.2445980552214006,0.3551091102301567,-0.1282181015402068,3.102902981595916,False,with_edl_FULL,0.0001,,,Cdl_C,10.0,
ofat_compare:Cdl_C:without_edl,8.314,96485.0,298.0,8.8541878128e-12,78.5,,0.1,3.041217889017721e-08,1.1e-08,1e-08,3.7e-08,1.0,0.00012,10.0,3.77e-05,0.005250617670899842,437.55147257498675,0.0016495690516077001,0.513,0.361,0.371,8.85e-05,0.0003878,0.5,0.37,-1.0,1.0,0.1,0.834,80,1200,1e-10,12,True,True,True,False,False,1.0,warn,True,False,False,15,25,25,BOTH,BOTH,BOTH,0.1,10000.0,0.1,10000.0,0.0,1e-06,FULL,0.49157212957749513,0.06555361211259984,0.06555361211259984,1.993628178465674e-09,1.993628178465674e-09,7.0887740122316245e-12,7.0887740122316245e-12,2.1558506337202743e-19,2.1558506337202743e-19,True,brentq,12,1.0,0.0,0.0,0.0,0.0,0.0,True,without_edl,0.0001,,,Cdl_C,10.0,
ofat_compare:Cdl_Pd:with_edl_FULL,8.314,96485.0,298.0,8.8541878128e-12,78.5,,0.1,3.041217889017721e-08,1.1e-08,1e-08,3.7e-08,1.0,0.00012,1.0,3.7699999999999978e-06,0.005250617670899842,43.75514725749868,0.00016495690516076992,0.513,0.361,0.371,8.85e-05,0.0003878,0.5,0.37,-1.0,1.0,0.1,0.834,80,1200,1e-10,12,True,True,True,False,False,1.0,warn,True,False,False,15,25,25,BOTH,BOTH,BOTH,0.1,10000.0,0.1,10000.0,0.0,1e-06,FULL,0.44351922088847145,0.07043106158783724,0.07043106158783724,2.141962044434395e-09,2.141962044434395e-09,3.044310636912684e-11,3.044310636912684e-11,9.258411968705786e-19,9.258411968705786e-19,True,brentq,15,1.0,0.6247902268449572,-0.2257797960577187,0.32603804452557367,-0.11771794601462793,3.0605294707992616,False,with_edl_FULL,0.0001,,,Cdl_Pd,3.7699999999999978e-06,
ofat_compare:Cdl_Pd:without_edl,8.314,96485.0,298.0,8.8541878128e-12,78.5,,0.1,3.041217889017721e-08,1.1e-08,1e-08,3.7e-08,1.0,0.00012,1.0,3.7699999999999978e-06,0.005250617670899842,43.75514725749868,0.00016495690516076992,0.513,0.361,0.371,8.85e-05,0.0003878,0.5,0.37,-1.0,1.0,0.1,0.834,80,1200,1e-10,12,True,True,True,False,False,1.0,warn,True,False,False,15,25,25,BOTH,BOTH,BOTH,0.1,10000.0,0.1,10000.0,0.0,1e-06,FULL,0.49157212957749513,0.06555361211259984,0.06555361211259984,1.993628178465674e-09,1.993628178465674e-09,7.0887740122316245e-12,7.0887740122316245e-12,2.1558506337202743e-19,2.1558506337202743e-19,True,brentq,12,1.0,0.0,0.0,0.0,0.0,0.0,True,without_edl,0.0001,,,Cdl_Pd,3.7699999999999978e-06,
ofat_compare:Cdl_Pd:with_edl_FULL,8.314,96485.0,298.0,8.8541878128e-12,78.5,,0.1,3.041217889017721e-08,1.1e-08,1e-08,3.7e-08,1.0,0.00012,1.0,5.23839801378673e-06,0.005250617670899842,43.75514725749868,0.00022920687648662696,0.513,0.361,0.371,8.85e-05,0.0003878,0.5,0.37,-1.0,1.0,0.1,0.834,80,1200,1e-10,12,True,True,True,False,False,1.0,warn,True,False,False,15,25,25,BOTH,BOTH,BOTH,0.1,10000.0,0.1,10000.0,0.0,1e-06,FULL,0.4435181514762378,0.07042894139639756,0.07042894139639756,2.1418975647930498e-09,2.1418975647930498e-09,3.045012852975759e-11,3.045012852975759e-11,9.260547560758766e-19,9.260547560758766e-19,True,brentq,15,1.0,0.6247932961815601,-0.22578095043432067,0.32606741844894727,-0.11772896367201423,3.060491604573661,False,with_edl_FULL,0.0001,,,Cdl_Pd,5.23839801378673e-06,
ofat_compare:Cdl_Pd:without_edl,8.314,96485.0,298.0,8.8541878128e-12,78.5,,0.1,3.041217889017721e-08,1.1e-08,1e-08,3.7e-08,1.0,0.00012,1.0,5.23839801378673e-06,0.005250617670899842,43.75514725749868,0.00022920687648662696,0.513,0.361,0.371,8.85e-05,0.0003878,0.5,0.37,-1.0,1.0,0.1,0.834,80,1200,1e-10,12,True,True,True,False,False,1.0,warn,True,False,False,15,25,25,BOTH,BOTH,BOTH,0.1,10000.0,0.1,10000.0,0.0,1e-06,FULL,0.49157212957749513,0.06555361211259984,0.06555361211259984,1.993628178465674e-09,1.993628178465674e-09,7.0887740122316245e-12,7.0887740122316245e-12,2.1558506337202743e-19,2.1558506337202743e-19,True,brentq,12,1.0,0.0,0.0,0.0,0.0,0.0,True,without_edl,0.0001,,,Cdl_Pd,5.23839801378673e-06,
ofat_compare:Cdl_Pd:with_edl_FULL,8.314,96485.0,298.0,8.8541878128e-12,78.5,,0.1,3.041217889017721e-08,1.1e-08,1e-08,3.7e-08,1.0,0.00012,1.0,7.278730437889847e-06,0.005250617670899842,43.75514725749868,0.0003184819221575081,0.513,0.361,0.371,8.85e-05,0.0003878,0.5,0.37,-1.0,1.0,0.1,0.834,80,1200,1e-10,12,True,True,True,False,False,1.0,warn,True,False,False,15,25,25,BOTH,BOTH,BOTH,0.1,10000.0,0.1,10000.0,0.0,1e-06,FULL,0.4435166657544097,0.07042599594870412,0.07042599594870412,2.141807987310885e-09,2.141807987310885e-09,3.04597319589206e-11,3.04597319589206e-11,9.263468172815411e-19,9.263468172815411e-19,True,brentq,15,1.0,0.6247975605719991,-0.22578255427070867,0.32610822905790227,-0.11774427103580365,3.060438997491305,False,with_edl_FULL,0.0001,,,Cdl_Pd,7.278730437889847e-06,
ofat_compare:Cdl_Pd:without_edl,8.314,96485.0,298.0,8.8541878128e-12,78.5,,0.1,3.041217889017721e-08,1.1e-08,1e-08,3.7e-08,1.0,0.00012,1.0,7.278730437889847e-06,0.005250617670899842,43.75514725749868,0.0003184819221575081,0.513,0.361,0.371,8.85e-05,0.0003878,0.5,0.37,-1.0,1.0,0.1,0.834,80,1200,1e-10,12,True,True,True,False,False,1.0,warn,True,False,False,15,25,25,BOTH,BOTH,BOTH,0.1,10000.0,0.1,10000.0,0.0,1e-06,FULL,0.49157212957749513,0.06555361211259984,0.06555361211259984,1.993628178465674e-09,1.993628178465674e-09,7.0887740122316245e-12,7.0887740122316245e-12,2.1558506337202743e-19,2.1558506337202743e-19,True,brentq,12,1.0,0.0,0.0,0.0,0.0,0.0,True,without_edl,0.0001,,,Cdl_Pd,7.278730437889847e-06,
ofat_compare:Cdl_Pd:with_edl_FULL,8.314,96485.0,298.0,8.8541878128e-12,78.5,,0.1,3.041217889017721e-08,1.1e-08,1e-08,3.7e-08,1.0,0.00012,1.0,1.0113763148204565e-05,0.005250617670899842,43.75514725749868,0.00044252919587715417,0.513,0.361,0.371,8.85e-05,0.0003878,0.5,0.37,-1.0,1.0,0.1,0.834,80,1200,1e-10,12,True,True,True,False,False,1.0,warn,True,False,False,15,25,25,BOTH,BOTH,BOTH,0.1,10000.0,0.1,10000.0,0.0,1e-06,FULL,0.44351460177845115,0.07042190432153912,0.07042190432153912,2.1416835520135916e-09,2.1416835520135916e-09,3.047320729088199e-11,3.047320729088199e-11,9.267566314877555e-19,9.267566314877555e-19,True,brentq,15,1.0,0.6248034850759996,-0.22578478247622083,0.32616492686607673,-0.11776553741878283,3.060365915373076,False,with_edl_FULL,0.0001,,,Cdl_Pd,1.0113763148204565e-05,
ofat_compare:Cdl_Pd:without_edl,8.314,96485.0,298.0,8.8541878128e-12,78.5,,0.1,3.041217889017721e-08,1.1e-08,1e-08,3.7e-08,1.0,0.00012,1.0,1.0113763148204565e-05,0.005250617670899842,43.75514725749868,0.00044252919587715417,0.513,0.361,0.371,8.85e-05,0.0003878,0.5,0.37,-1.0,1.0,0.1,0.834,80,1200,1e-10,12,True,True,True,False,False,1.0,warn,True,False,False,15,25,25,BOTH,BOTH,BOTH,0.1,10000.0,0.1,10000.0,0.0,1e-06,FULL,0.49157212957749513,0.06555361211259984,0.06555361211259984,1.993628178465674e-09,1.993628178465674e-09,7.0887740122316245e-12,7.0887740122316245e-12,2.1558506337202743e-19,2.1558506337202743e-19,True,brentq,12,1.0,0.0,0.0,0.0,0.0,0.0,True,without_edl,0.0001,,,Cdl_Pd,1.0113763148204565e-05,
ofat_compare:Cdl_Pd:with_edl_FULL,8.314,96485.0,298.0,8.8541878128e-12,78.5,,0.1,3.041217889017721e-08,1.1e-08,1e-08,3.7e-08,1.0,0.00012,1.0,1.4053028325587307e-05,0.005250617670899842,43.75514725749868,0.0006148923237998727,0.513,0.361,0.371,8.85e-05,0.0003878,0.5,0.37,-1.0,1.0,0.1,0.834,80,1200,1e-10,12,True,True,True,False,False,1.0,warn,True,False,False,15,25,25,BOTH,BOTH,BOTH,0.1,10000.0,0.1,10000.0,0.0,1e-06,FULL,0.4435117347188502,0.07041622106794884,0.07041622106794884,2.1415107118887255e-09,2.1415107118887255e-09,3.049133168175899e-11,3.049133168175899e-11,9.273078337053825e-19,9.273078337053825e-19,True,brentq,15,1.0,0.6248117155121665,-0.22578787794409022,0.32624369209982057,-0.11779508092057685,3.060264397406904,False,with_edl_FULL,0.0001,,,Cdl_Pd,1.4053028325587307e-05,
ofat_compare:Cdl_Pd:without_edl,8.314,96485.0,298.0,8.8541878128e-12,78.5,,0.1,3.041217889017721e-08,1.1e-08,1e-08,3.7e-08,1.0,0.00012,1.0,1.4053028325587307e-05,0.005250617670899842,43.75514725749868,0.0006148923237998727,0.513,0.361,0.371,8.85e-05,0.0003878,0.5,0.37,-1.0,1.0,0.1,0.834,80,1200,1e-10,12,True,True,True,False,False,1.0,warn,True,False,False,15,25,25,BOTH,BOTH,BOTH,0.1,10000.0,0.1,10000.0,0.0,1e-06,FULL,0.49157212957749513,0.06555361211259984,0.06555361211259984,1.993628178465674e-09,1.993628178465674e-09,7.0887740122316245e-12,7.0887740122316245e-12,2.1558506337202743e-19,2.1558506337202743e-19,True,brentq,12,1.0,0.0,0.0,0.0,0.0,0.0,True,without_edl,0.0001,,,Cdl_Pd,1.4053028325587307e-05,
ofat_compare:Cdl_Pd:with_edl_FULL,8.314,96485.0,298.0,8.8541878128e-12,78.5,,0.1,3.041217889017721e-08,1.1e-08,1e-08,3.7e-08,1.0,0.00012,1.0,1.9526619540701658e-05,0.005250617670899842,43.75514725749868,0.0008543901134445523,0.513,0.361,0.371,8.85e-05,0.0003878,0.5,0.37,-1.0,1.0,0.1,0.834,80,1200,1e-10,12,True,True,True,False,False,1.0,warn,True,False,False,15,25,25,BOTH,BOTH,BOTH,0.1,10000.0,0.1,10000.0,0.0,1e-06,FULL,0.44350775254578423,0.0704083281563454,0.0704083281563454,2.1412706712490773e-09,2.1412706712490773e-09,3.05169223224766e-11,3.05169223224766e-11,9.280861008488007e-19,9.280861008488007e-19,True,brentq,15,1.0,0.6248231485097401,-0.22579217789840933,0.3263531049350966,-0.11783611982316142,3.060123395205279,False,with_edl_FULL,0.0001,,,Cdl_Pd,1.9526619540701658e-05,
ofat_compare:Cdl_Pd:without_edl,8.314,96485.0,298.0,8.8541878128e-12,78.5,,0.1,3.041217889017721e-08,1.1e-08,1e-08,3.7e-08,1.0,0.00012,1.0,1.9526619540701658e-05,0.005250617670899842,43.75514725749868,0.0008543901134445523,0.513,0.361,0.371,8.85e-05,0.0003878,0.5,0.37,-1.0,1.0,0.1,0.834,80,1200,1e-10,12,True,True,True,False,False,1.0,warn,True,False,False,15,25,25,BOTH,BOTH,BOTH,0.1,10000.0,0.1,10000.0,0.0,1e-06,FULL,0.49157212957749513,0.06555361211259984,0.06555361211259984,1.993628178465674e-09,1.993628178465674e-09,7.0887740122316245e-12,7.0887740122316245e-12,2.1558506337202743e-19,2.1558506337202743e-19,True,brentq,12,1.0,0.0,0.0,0.0,0.0,0.0,True,without_edl,0.0001,,,Cdl_Pd,1.9526619540701658e-05,
ofat_compare:Cdl_Pd:with_edl_FULL,8.314,96485.0,298.0,8.8541878128e-12,78.5,,0.1,3.041217889017721e-08,1.1e-08,1e-08,3.7e-08,1.0,0.00012,1.0,2.7132149872143447e-05,0.005250617670899842,43.75514725749868,0.0011871712130681604,0.513,0.361,0.371,8.85e-05,0.0003878,0.5,0.37,-1.0,1.0,0.1,0.834,80,1200,1e-10,12,True,True,True,False,False,1.0,warn,True,False,False,15,25,25,BOTH,BOTH,BOTH,0.1,10000.0,0.1,10000.0,0.0,1e-06,FULL,0.4435022224082523,0.07039736859842588,0.07039736859842588,2.1409373672130717e-09,2.1409373672130717e-09,3.05522551702353e-11,3.05522551702353e-11,9.291606497355376e-19,9.291606497355376e-19,True,brentq,15,1.0,0.6248390285174258,-0.22579815038013124,0.32650507355896474,-0.11789312069299966,3.0599275823922394,False,with_edl_FULL,0.0001,,,Cdl_Pd,2.7132149872143447e-05,
ofat_compare:Cdl_Pd:without_edl,8.314,96485.0,298.0,8.8541878128e-12,78.5,,0.1,3.041217889017721e-08,1.1e-08,1e-08,3.7e-08,1.0,0.00012,1.0,2.7132149872143447e-05,0.005250617670899842,43.75514725749868,0.0011871712130681604,0.513,0.361,0.371,8.85e-05,0.0003878,0.5,0.37,-1.0,1.0,0.1,0.834,80,1200,1e-10,12,True,True,True,False,False,1.0,warn,True,False,False,15,25,25,BOTH,BOTH,BOTH,0.1,10000.0,0.1,10000.0,0.0,1e-06,FULL,0.49157212957749513,0.06555361211259984,0.06555361211259984,1.993628178465674e-09,1.993628178465674e-09,7.0887740122316245e-12,7.0887740122316245e-12,2.1558506337202743e-19,2.1558506337202743e-19,True,brentq,12,1.0,0.0,0.0,0.0,0.0,0.0,True,without_edl,0.0001,,,Cdl_Pd,2.7132149872143447e-05,
ofat_compare:Cdl_Pd:with_edl_FULL,8.314,96485.0,298.0,8.8541878128e-12,78.5,,0.1,3.041217889017721e-08,1.1e-08,1e-08,3.7e-08,1.0,0.00012,1.0,3.7699999999999974e-05,0.005250617670899842,43.75514725749868,0.001649569051607699,0.513,0.361,0.371,8.85e-05,0.0003878,0.5,0.37,-1.0,1.0,0.1,0.834,80,1200,1e-10,12,True,True,True,False,False,1.0,warn,True,False,False,15,25,25,BOTH,BOTH,BOTH,0.1,10000.0,0.1,10000.0,0.0,1e-06,FULL,0.44349454423603574,0.07038215501102128,0.07038215501102128,2.140474688871362e-09,2.140474688871362e-09,3.060189601722385e-11,3.060189601722385e-11,9.306703360544132e-19,9.306703360544132e-19,True,brentq,15,1.0,0.6248610819651622,-0.22580644470723008,0.32671611748407864,-0.11797227973451423,3.0596557118175287,False,with_edl_FULL,0.0001,,,Cdl_Pd,3.7699999999999974e-05,
ofat_compare:Cdl_Pd:without_edl,8.314,96485.0,298.0,8.8541878128e-12,78.5,,0.1,3.041217889017721e-08,1.1e-08,1e-08,3.7e-08,1.0,0.00012,1.0,3.7699999999999974e-05,0.005250617670899842,43.75514725749868,0.001649569051607699,0.513,0.361,0.371,8.85e-05,0.0003878,0.5,0.37,-1.0,1.0,0.1,0.834,80,1200,1e-10,12,True,True,True,False,False,1.0,warn,True,False,False,15,25,25,BOTH,BOTH,BOTH,0.1,10000.0,0.1,10000.0,0.0,1e-06,FULL,0.49157212957749513,0.06555361211259984,0.06555361211259984,1.993628178465674e-09,1.993628178465674e-09,7.0887740122316245e-12,7.0887740122316245e-12,2.1558506337202743e-19,2.1558506337202743e-19,True,brentq,12,1.0,0.0,0.0,0.0,0.0,0.0,True,without_edl,0.0001,,,Cdl_Pd,3.7699999999999974e-05,
ofat_compare:Cdl_Pd:with_edl_FULL,8.314,96485.0,298.0,8.8541878128e-12,78.5,,0.1,3.041217889017721e-08,1.1e-08,1e-08,3.7e-08,1.0,0.00012,1.0,5.23839801378673e-05,0.005250617670899842,43.75514725749868,0.0022920687648662697,0.513,0.361,0.371,8.85e-05,0.0003878,0.5,0.37,-1.0,1.0,0.1,0.834,80,1200,1e-10,12,True,True,True,False,False,1.0,warn,True,False,False,15,25,25,BOTH,BOTH,BOTH,0.1,10000.0,0.1,10000.0,0.0,1e-06,FULL,0.44348388688131213,0.07036104407233044,0.07036104407233044,2.139832659227356e-09,2.139832659227356e-09,3.06705355557213e-11,3.06705355557213e-11,9.327578139781368e-19,9.327578139781368e-19,True,brentq,15,1.0,0.6248917024654138,-0.22581796113264285,0.3270091387285718,-0.11808218713737823,3.0592783546167404,False,with_edl_FULL,0.0001,,,Cdl_Pd,5.23839801378673e-05,
ofat_compare:Cdl_Pd:without_edl,8.314,96485.0,298.0,8.8541878128e-12,78.5,,0.1,3.041217889017721e-08,1.1e-08,1e-08,3.7e-08,1.0,0.00012,1.0,5.23839801378673e-05,0.005250617670899842,43.75514725749868,0.0022920687648662697,0.513,0.361,0.371,8.85e-05,0.0003878,0.5,0.37,-1.0,1.0,0.1,0.834,80,1200,1e-10,12,True,True,True,False,False,1.0,warn,True,False,False,15,25,25,BOTH,BOTH,BOTH,0.1,10000.0,0.1,10000.0,0.0,1e-06,FULL,0.49157212957749513,0.06555361211259984,0.06555361211259984,1.993628178465674e-09,1.993628178465674e-09,7.0887740122316245e-12,7.0887740122316245e-12,2.1558506337202743e-19,2.1558506337202743e-19,True,brentq,12,1.0,0.0,0.0,0.0,0.0,0.0,True,without_edl,0.0001,,,Cdl_Pd,5.23839801378673e-05,
ofat_compare:Cdl_Pd:with_edl_FULL,8.314,96485.0,298.0,8.8541878128e-12,78.5,,0.1,3.041217889017721e-08,1.1e-08,1e-08,3.7e-08,1.0,0.00012,1.0,7.278730437889846e-05,0.005250617670899842,43.75514725749868,0.0031848192215750805,0.513,0.361,0.371,8.85e-05,0.0003878,0.5,0.37,-1.0,1.0,0.1,0.834,80,1200,1e-10,12,True,True,True,False,False,1.0,warn,True,False,False,15,25,25,BOTH,BOTH,BOTH,0.1,10000.0,0.1,10000.0,0.0,1e-06,FULL,0.44346910056169164,0.0703317649730582,0.0703317649730582,2.1389422180225454e-09,2.1389422180225454e-09,3.0765945346900025e-11,3.0765945346900025e-11,9.356594336153387e-19,9.356594336153387e-19,True,brentq,15,1.0,0.6249342058112664,-0.2258339467562934,0.3274158598250071,-0.11823474154739373,3.0587548003143787,False,with_edl_FULL,0.0001,,,Cdl_Pd,7.278730437889846e-05,
ofat_compare:Cdl_Pd:without_edl,8.314,96485.0,298.0,8.8541878128e-12,78.5,,0.1,3.041217889017721e-08,1.1e-08,1e-08,3.7e-08,1.0,0.00012,1.0,7.278730437889846e-05,0.005250617670899842,43.75514725749868,0.0031848192215750805,0.513,0.361,0.371,8.85e-05,0.0003878,0.5,0.37,-1.0,1.0,0.1,0.834,80,1200,1e-10,12,True,True,True,False,False,1.0,warn,True,False,False,15,25,25,BOTH,BOTH,BOTH,0.1,10000.0,0.1,10000.0,0.0,1e-06,FULL,0.49157212957749513,0.06555361211259984,0.06555361211259984,1.993628178465674e-09,1.993628178465674e-09,7.0887740122316245e-12,7.0887740122316245e-12,2.1558506337202743e-19,2.1558506337202743e-19,True,brentq,12,1.0,0.0,0.0,0.0,0.0,0.0,True,without_edl,0.0001,,,Cdl_Pd,7.278730437889846e-05,
ofat_compare:Cdl_Pd:with_edl_FULL,8.314,96485.0,298.0,8.8541878128e-12,78.5,,0.1,3.041217889017721e-08,1.1e-08,1e-08,3.7e-08,1.0,0.00012,1.0,0.00010113763148204565,0.005250617670899842,43.75514725749868,0.004425291958771542,0.513,0.361,0.371,8.85e-05,0.0003878,0.5,0.37,-1.0,1.0,0.1,0.834,80,1200,1e-10,12,True,True,True,False,False,1.0,warn,True,False,False,15,25,25,BOTH,BOTH,BOTH,0.1,10000.0,0.1,10000.0,0.0,1e-06,FULL,0.4434485974491842,0.07029118658336782,0.07029118658336782,2.1377081407762065e-09,2.1377081407762065e-09,3.0898603120554924e-11,3.0898603120554924e-11,9.39693845558904e-19,9.39693845558904e-19,True,brentq,15,1.0,0.6249931798052847,-0.22585612710973083,0.32798016718982503,-0.11844640413686122,3.058028829354548,False,with_edl_FULL,0.0001,,,Cdl_Pd,0.00010113763148204565,
ofat_compare:Cdl_Pd:without_edl,8.314,96485.0,298.0,8.8541878128e-12,78.5,,0.1,3.041217889017721e-08,1.1e-08,1e-08,3.7e-08,1.0,0.00012,1.0,0.00010113763148204565,0.005250617670899842,43.75514725749868,0.004425291958771542,0.513,0.361,0.371,8.85e-05,0.0003878,0.5,0.37,-1.0,1.0,0.1,0.834,80,1200,1e-10,12,True,True,True,False,False,1.0,warn,True,False,False,15,25,25,BOTH,BOTH,BOTH,0.1,10000.0,0.1,10000.0,0.0,1e-06,FULL,0.49157212957749513,0.06555361211259984,0.06555361211259984,1.993628178465674e-09,1.993628178465674e-09,7.0887740122316245e-12,7.0887740122316245e-12,2.1558506337202743e-19,2.1558506337202743e-19,True,brentq,12,1.0,0.0,0.0,0.0,0.0,0.0,True,without_edl,0.0001,,,Cdl_Pd,0.00010113763148204565,
ofat_compare:Cdl_Pd:with_edl_FULL,8.314,96485.0,298.0,8.8541878128e-12,78.5,,0.1,3.041217889017721e-08,1.1e-08,1e-08,3.7e-08,1.0,0.00012,1.0,0.00014053028325587322,0.005250617670899842,43.75514725749868,0.006148923237998733,0.513,0.361,0.371,8.85e-05,0.0003878,0.5,0.37,-1.0,1.0,0.1,0.834,80,1200,1e-10,12,True,True,True,False,False,1.0,warn,True,False,False,15,25,25,BOTH,BOTH,BOTH,0.1,10000.0,0.1,10000.0,0.0,1e-06,FULL,0.44342019004426203,0.07023500447370525,0.07023500447370525,2.1359995204067206e-09,2.1359995204067206e-09,3.1083066676096394e-11,3.1083066676096394e-11,9.453037842087494e-19,9.453037842087494e-19,True,brentq,15,1.0,0.6250749617424194,-0.22588688576441993,0.3287626719745469,-0.11873990935882468,3.0570229914974227,False,with_edl_FULL,0.0001,,,Cdl_Pd,0.00014053028325587322,
ofat_compare:Cdl_Pd:without_edl,8.314,96485.0,298.0,8.8541878128e-12,78.5,,0.1,3.041217889017721e-08,1.1e-08,1e-08,3.7e-08,1.0,0.00012,1.0,0.00014053028325587322,0.005250617670899842,43.75514725749868,0.006148923237998733,0.513,0.361,0.371,8.85e-05,0.0003878,0.5,0.37,-1.0,1.0,0.1,0.834,80,1200,1e-10,12,True,True,True,False,False,1.0,warn,True,False,False,15,25,25,BOTH,BOTH,BOTH,0.1,10000.0,0.1,10000.0,0.0,1e-06,FULL,0.49157212957749513,0.06555361211259984,0.06555361211259984,1.993628178465674e-09,1.993628178465674e-09,7.0887740122316245e-12,7.0887740122316245e-12,2.1558506337202743e-19,2.1558506337202743e-19,True,brentq,12,1.0,0.0,0.0,0.0,0.0,0.0,True,without_edl,0.0001,,,Cdl_Pd,0.00014053028325587322,
ofat_compare:Cdl_Pd:with_edl_FULL,8.314,96485.0,298.0,8.8541878128e-12,78.5,,0.1,3.041217889017721e-08,1.1e-08,1e-08,3.7e-08,1.0,0.00012,1.0,0.0001952661954070166,0.005250617670899842,43.75514725749868,0.008543901134445522,0.513,0.361,0.371,8.85e-05,0.0003878,0.5,0.37,-1.0,1.0,0.1,0.834,80,1200,1e-10,12,True,True,True,False,False,1.0,warn,True,False,False,15,25,25,BOTH,BOTH,BOTH,0.1,10000.0,0.1,10000.0,0.0,1e-06,FULL,0.44338087476558535,0.07015732600829143,0.07015732600829143,2.1336371490206413e-09,2.1336371490206413e-09,3.133932002796769e-11,3.133932002796769e-11,9.530970069870669e-19,9.530970069870669e-19,True,brentq,15,1.0,0.625188285436139,-0.22592950773008244,0.3298468854726317,-0.11914658134568405,3.0556309455816706,False,with_edl_FULL,0.0001,,,Cdl_Pd,0.0001952661954070166,
ofat_compare:Cdl_Pd:without_edl,8.314,96485.0,298.0,8.8541878128e-12,78.5,,0.1,3.041217889017721e-08,1.1e-08,1e-08,3.7e-08,1.0,0.00012,1.0,0.0001952661954070166,0.005250617670899842,43.75514725749868,0.008543901134445522,0.513,0.361,0.371,8.85e-05,0.0003878,0.5,0.37,-1.0,1.0,0.1,0.834,80,1200,1e-10,12,True,True,True,False,False,1.0,warn,True,False,False,15,25,25,BOTH,BOTH,BOTH,0.1,10000.0,0.1,10000.0,0.0,1e-06,FULL,0.49157212957749513,0.06555361211259984,0.06555361211259984,1.993628178465674e-09,1.993628178465674e-09,7.0887740122316245e-12,7.0887740122316245e-12,2.1558506337202743e-19,2.1558506337202743e-19,True,brentq,12,1.0,0.0,0.0,0.0,0.0,0.0,True,without_edl,0.0001,,,Cdl_Pd,0.0001952661954070166,
ofat_compare:Cdl_Pd:with_edl_FULL,8.314,96485.0,298.0,8.8541878128e-12,78.5,,0.1,3.041217889017721e-08,1.1e-08,1e-08,3.7e-08,1.0,0.00012,1.0,0.00027132149872143447,0.005250617670899842,43.75514725749868,0.011871712130681604,0.513,0.361,0.371,8.85e-05,0.0003878,0.5,0.37,-1.0,1.0,0.1,0.834,80,1200,1e-10,12,True,True,True,False,False,1.0,warn,True,False,False,15,25,25,BOTH,BOTH,BOTH,0.1,10000.0,0.1,10000.0,0.0,1e-06,FULL,0.4433265466906901,0.07005013141530178,0.07005013141530178,2.1303771278825802e-09,2.1303771278825802e-09,3.1695743252235786e-11,3.1695743252235786e-11,9.63936613844122e-19,9.63936613844122e-19,True,brentq,15,1.0,0.6253451489933222,-0.2259885059239358,0.3313474919106262,-0.11970943709997883,3.0537073636947305,False,with_edl_FULL,0.0001,,,Cdl_Pd,0.00027132149872143447,
ofat_compare:Cdl_Pd:without_edl,8.314,96485.0,298.0,8.8541878128e-12,78.5,,0.1,3.041217889017721e-08,1.1e-08,1e-08,3.7e-08,1.0,0.00012,1.0,0.00027132149872143447,0.005250617670899842,43.75514725749868,0.011871712130681604,0.513,0.361,0.371,8.85e-05,0.0003878,0.5,0.37,-1.0,1.0,0.1,0.834,80,1200,1e-10,12,True,True,True,False,False,1.0,warn,True,False,False,15,25,25,BOTH,BOTH,BOTH,0.1,10000.0,0.1,10000.0,0.0,1e-06,FULL,0.49157212957749513,0.06555361211259984,0.06555361211259984,1.993628178465674e-09,1.993628178465674e-09,7.0887740122316245e-12,7.0887740122316245e-12,2.1558506337202743e-19,2.1558506337202743e-19,True,brentq,12,1.0,0.0,0.0,0.0,0.0,0.0,True,without_edl,0.0001,,,Cdl_Pd,0.00027132149872143447,
ofat_compare:Cdl_Pd:with_edl_FULL,8.314,96485.0,298.0,8.8541878128e-12,78.5,,0.1,3.041217889017721e-08,1.1e-08,1e-08,3.7e-08,1.0,0.00012,1.0,0.00037700000000000016,0.005250617670899842,43.75514725749868,0.016495690516077008,0.513,0.361,0.371,8.85e-05,0.0003878,0.5,0.37,-1.0,1.0,0.1,0.834,80,1200,1e-10,12,True,True,True,False,False,1.0,warn,True,False,False,15,25,25,BOTH,BOTH,BOTH,0.1,10000.0,0.1,10000.0,0.0,1e-06,FULL,0.44325163214054975,0.06990259492290482,0.06990259492290482,2.1258902216829748e-09,2.1258902216829748e-09,3.219187416636515e-11,3.219187416636515e-11,9.790250359575715e-19,9.790250359575715e-19,True,brentq,15,1.0,0.6255619614471065,-0.22607005260797086,0.33342126118736376,-0.12048728007213909,3.0510549304985144,False,with_edl_FULL,0.0001,,,Cdl_Pd,0.00037700000000000016,
ofat_compare:Cdl_Pd:without_edl,8.314,96485.0,298.0,8.8541878128e-12,78.5,,0.1,3.041217889017721e-08,1.1e-08,1e-08,3.7e-08,1.0,0.00012,1.0,0.00037700000000000016,0.005250617670899842,43.75514725749868,0.016495690516077008,0.513,0.361,0.371,8.85e-05,0.0003878,0.5,0.37,-1.0,1.0,0.1,0.834,80,1200,1e-10,12,True,True,True,False,False,1.0,warn,True,False,False,15,25,25,BOTH,BOTH,BOTH,0.1,10000.0,0.1,10000.0,0.0,1e-06,FULL,0.49157212957749513,0.06555361211259984,0.06555361211259984,1.993628178465674e-09,1.993628178465674e-09,7.0887740122316245e-12,7.0887740122316245e-12,2.1558506337202743e-19,2.1558506337202743e-19,True,brentq,12,1.0,0.0,0.0,0.0,0.0,0.0,True,without_edl,0.0001,,,Cdl_Pd,0.00037700000000000016,
ofat_compare:pzc_Au:with_edl_FULL,8.314,96485.0,298.0,8.8541878128e-12,78.5,,0.1,3.041217889017721e-08,1.1e-08,1e-08,3.7e-08,1.0,0.00012,1.0,3.77e-05,0.005250617670899842,43.75514725749868,0.0016495690516077001,0.313,0.361,0.371,8.85e-05,0.0003878,0.5,0.37,-1.0,1.0,0.1,0.834,80,1200,1e-10,12,True,True,True,False,False,1.0,warn,True,False,False,15,25,25,BOTH,BOTH,BOTH,0.1,10000.0,0.1,10000.0,0.0,1e-06,FULL,0.443377211033729,0.07052230305775604,0.07052230305775604,2.144736896339768e-09,2.144736896339768e-09,3.255973268778689e-11,3.255973268778689e-11,9.902124151173253e-19,9.902124151173253e-19,True,brentq,15,1.0,0.6248610819651622,-0.22550328277665246,0.32671611748407864,-0.11794973780678267,3.0556656793753127,False,with_edl_FULL,0.0001,,,pzc_Au,0.313,
ofat_compare:pzc_Au:without_edl,8.314,96485.0,298.0,8.8541878128e-12,78.5,,0.1,3.041217889017721e-08,1.1e-08,1e-08,3.7e-08,1.0,0.00012,1.0,3.77e-05,0.005250617670899842,43.75514725749868,0.0016495690516077001,0.313,0.361,0.371,8.85e-05,0.0003878,0.5,0.37,-1.0,1.0,0.1,0.834,80,1200,1e-10,12,True,True,True,False,False,1.0,warn,True,False,False,15,25,25,BOTH,BOTH,BOTH,0.1,10000.0,0.1,10000.0,0.0,1e-06,FULL,0.49157212957749513,0.06555361211259984,0.06555361211259984,1.993628178465674e-09,1.993628178465674e-09,7.0887740122316245e-12,7.0887740122316245e-12,2.1558506337202743e-19,2.1558506337202743e-19,True,brentq,12,1.0,0.0,0.0,0.0,0.0,0.0,True,without_edl,0.0001,,,pzc_Au,0.313,
ofat_compare:pzc_Au:with_edl_FULL,8.314,96485.0,298.0,8.8541878128e-12,78.5,,0.1,3.041217889017721e-08,1.1e-08,1e-08,3.7e-08,1.0,0.00012,1.0,3.77e-05,0.005250617670899842,43.75514725749868,0.0016495690516077001,0.3415714285714286,0.361,0.371,8.85e-05,0.0003878,0.5,0.37,-1.0,1.0,0.1,0.834,80,1200,1e-10,12,True,True,True,False,False,1.0,warn,True,False,False,15,25,25,BOTH,BOTH,BOTH,0.1,10000.0,0.1,10000.0,0.0,1e-06,FULL,0.4433939758869667,0.07050225996272141,0.07050225996272141,2.144127342148062e-09,2.144127342148062e-09,3.227296208052621e-11,3.227296208052621e-11,9.81491096108869e-19,9.81491096108869e-19,True,brentq,15,1.0,0.6248610819651622,-0.22554659162387766,0.32671611748407864,-0.11795295808217296,3.056235794071023,False,with_edl_FULL,0.0001,,,pzc_Au,0.3415714285714286,
ofat_compare:pzc_Au:without_edl,8.314,96485.0,298.0,8.8541878128e-12,78.5,,0.1,3.041217889017721e-08,1.1e-08,1e-08,3.7e-08,1.0,0.00012,1.0,3.77e-05,0.005250617670899842,43.75514725749868,0.0016495690516077001,0.3415714285714286,0.361,0.371,8.85e-05,0.0003878,0.5,0.37,-1.0,1.0,0.1,0.834,80,1200,1e-10,12,True,True,True,False,False,1.0,warn,True,False,False,15,25,25,BOTH,BOTH,BOTH,0.1,10000.0,0.1,10000.0,0.0,1e-06,FULL,0.49157212957749513,0.06555361211259984,0.06555361211259984,1.993628178465674e-09,1.993628178465674e-09,7.0887740122316245e-12,7.0887740122316245e-12,2.1558506337202743e-19,2.1558506337202743e-19,True,brentq,12,1.0,0.0,0.0,0.0,0.0,0.0,True,without_edl,0.0001,,,pzc_Au,0.3415714285714286,
ofat_compare:pzc_Au:with_edl_FULL,8.314,96485.0,298.0,8.8541878128e-12,78.5,,0.1,3.041217889017721e-08,1.1e-08,1e-08,3.7e-08,1.0,0.00012,1.0,3.77e-05,0.005250617670899842,43.75514725749868,0.0016495690516077001,0.37014285714285716,0.361,0.371,8.85e-05,0.0003878,0.5,0.37,-1.0,1.0,0.1,0.834,80,1200,1e-10,12,True,True,True,False,False,1.0,warn,True,False,False,15,25,25,BOTH,BOTH,BOTH,0.1,10000.0,0.1,10000.0,0.0,1e-06,FULL,0.4434107397514818,0.07048222418740221,0.07048222418740221,2.143518010564851e-09,2.143518010564851e-09,3.19886200861319e-11,3.19886200861319e-11,9.728436365093593e-19,9.728436365093593e-19,True,brentq,15,1.0,0.6248610819651622,-0.22558990047110297,0.32671611748407864,-0.11795617835756321,3.0568058720923865,False,with_edl_FULL,0.0001,,,pzc_Au,0.37014285714285716,
ofat_compare:pzc_Au:without_edl,8.314,96485.0,298.0,8.8541878128e-12,78.5,,0.1,3.041217889017721e-08,1.1e-08,1e-08,3.7e-08,1.0,0.00012,1.0,3.77e-05,0.005250617670899842,43.75514725749868,0.0016495690516077001,0.37014285714285716,0.361,0.371,8.85e-05,0.0003878,0.5,0.37,-1.0,1.0,0.1,0.834,80,1200,1e-10,12,True,True,True,False,False,1.0,warn,True,False,False,15,25,25,BOTH,BOTH,BOTH,0.1,10000.0,0.1,10000.0,0.0,1e-06,FULL,0.49157212957749513,0.06555361211259984,0.06555361211259984,1.993628178465674e-09,1.993628178465674e-09,7.0887740122316245e-12,7.0887740122316245e-12,2.1558506337202743e-19,2.1558506337202743e-19,True,brentq,12,1.0,0.0,0.0,0.0,0.0,0.0,True,without_edl,0.0001,,,pzc_Au,0.37014285714285716,
ofat_compare:pzc_Au:with_edl_FULL,8.314,96485.0,298.0,8.8541878128e-12,78.5,,0.1,3.041217889017721e-08,1.1e-08,1e-08,3.7e-08,1.0,0.00012,1.0,3.77e-05,0.005250617670899842,43.75514725749868,0.0016495690516077001,0.39871428571428574,0.361,0.371,8.85e-05,0.0003878,0.5,0.37,-1.0,1.0,0.1,0.834,80,1200,1e-10,12,True,True,True,False,False,1.0,warn,True,False,False,15,25,25,BOTH,BOTH,BOTH,0.1,10000.0,0.1,10000.0,0.0,1e-06,FULL,0.443427502627069,0.07046219572906832,0.07046219572906832,2.1429089015071066e-09,2.1429089015071066e-09,3.170649853778684e-11,3.170649853778684e-11,9.642637055123155e-19,9.642637055123155e-19,True,brentq,15,1.0,0.6248610819651622,-0.22563320931832823,0.32671611748407864,-0.1179593986329535,3.0573759134317804,False,with_edl_FULL,0.0001,,,pzc_Au,0.39871428571428574,
ofat_compare:pzc_Au:without_edl,8.314,96485.0,298.0,8.8541878128e-12,78.5,,0.1,3.041217889017721e-08,1.1e-08,1e-08,3.7e-08,1.0,0.00012,1.0,3.77e-05,0.005250617670899842,43.75514725749868,0.0016495690516077001,0.39871428571428574,0.361,0.371,8.85e-05,0.0003878,0.5,0.37,-1.0,1.0,0.1,0.834,80,1200,1e-10,12,True,True,True,False,False,1.0,warn,True,False,False,15,25,25,BOTH,BOTH,BOTH,0.1,10000.0,0.1,10000.0,0.0,1e-06,FULL,0.49157212957749513,0.06555361211259984,0.06555361211259984,1.993628178465674e-09,1.993628178465674e-09,7.0887740122316245e-12,7.0887740122316245e-12,2.1558506337202743e-19,2.1558506337202743e-19,True,brentq,12,1.0,0.0,0.0,0.0,0.0,0.0,True,without_edl,0.0001,,,pzc_Au,0.39871428571428574,
ofat_compare:pzc_Au:with_edl_FULL,8.314,96485.0,298.0,8.8541878128e-12,78.5,,0.1,3.041217889017721e-08,1.1e-08,1e-08,3.7e-08,1.0,0.00012,1.0,3.77e-05,0.005250617670899842,43.75514725749868,0.0016495690516077001,0.4272857142857143,0.361,0.371,8.85e-05,0.0003878,0.5,0.37,-1.0,1.0,0.1,0.834,80,1200,1e-10,12,True,True,True,False,False,1.0,warn,True,False,False,15,25,25,BOTH,BOTH,BOTH,0.1,10000.0,0.1,10000.0,0.0,1e-06,FULL,0.44344426451352287,0.07044217458499034,0.07044217458499034,2.142300014891821e-09,2.142300014891821e-09,3.142691662461061e-11,3.142691662461061e-11,9.55761010354342e-19,9.55761010354342e-19,True,brentq,15,1.0,0.6248610819651622,-0.22567651816555345,0.32671611748407864,-0.11796261890834321,3.0579459180815984,False,with_edl_FULL,0.0001,,,pzc_Au,0.4272857142857143,
ofat_compare:pzc_Au:without_edl,8.314,96485.0,298.0,8.8541878128e-12,78.5,,0.1,3.041217889017721e-08,1.1e-08,1e-08,3.7e-08,1.0,0.00012,1.0,3.77e-05,0.005250617670899842,43.75514725749868,0.0016495690516077001,0.4272857142857143,0.361,0.371,8.85e-05,0.0003878,0.5,0.37,-1.0,1.0,0.1,0.834,80,1200,1e-10,12,True,True,True,False,False,1.0,warn,True,False,False,15,25,25,BOTH,BOTH,BOTH,0.1,10000.0,0.1,10000.0,0.0,1e-06,FULL,0.49157212957749513,0.06555361211259984,0.06555361211259984,1.993628178465674e-09,1.993628178465674e-09,7.0887740122316245e-12,7.0887740122316245e-12,2.1558506337202743e-19,2.1558506337202743e-19,True,brentq,12,1.0,0.0,0.0,0.0,0.0,0.0,True,without_edl,0.0001,,,pzc_Au,0.4272857142857143,
ofat_compare:pzc_Au:with_edl_FULL,8.314,96485.0,298.0,8.8541878128e-12,78.5,,0.1,3.041217889017721e-08,1.1e-08,1e-08,3.7e-08,1.0,0.00012,1.0,3.77e-05,0.005250617670899842,43.75514725749868,0.0016495690516077001,0.45585714285714285,0.361,0.371,8.85e-05,0.0003878,0.5,0.37,-1.0,1.0,0.1,0.834,80,1200,1e-10,12,True,True,True,False,False,1.0,warn,True,False,False,15,25,25,BOTH,BOTH,BOTH,0.1,10000.0,0.1,10000.0,0.0,1e-06,FULL,0.4434610254106391,0.07042216075244108,0.07042216075244108,2.1416913506360546e-09,2.1416913506360546e-09,3.1149222090576245e-11,3.1149222090576245e-11,9.473157145084645e-19,9.473157145084645e-19,True,brentq,15,1.0,0.6248610819651622,-0.22571982701277946,0.32671611748407864,-0.11796583918373384,3.058515886034238,False,with_edl_FULL,0.0001,,,pzc_Au,0.45585714285714285,
ofat_compare:pzc_Au:without_edl,8.314,96485.0,298.0,8.8541878128e-12,78.5,,0.1,3.041217889017721e-08,1.1e-08,1e-08,3.7e-08,1.0,0.00012,1.0,3.77e-05,0.005250617670899842,43.75514725749868,0.0016495690516077001,0.45585714285714285,0.361,0.371,8.85e-05,0.0003878,0.5,0.37,-1.0,1.0,0.1,0.834,80,1200,1e-10,12,True,True,True,False,False,1.0,warn,True,False,False,15,25,25,BOTH,BOTH,BOTH,0.1,10000.0,0.1,10000.0,0.0,1e-06,FULL,0.49157212957749513,0.06555361211259984,0.06555361211259984,1.993628178465674e-09,1.993628178465674e-09,7.0887740122316245e-12,7.0887740122316245e-12,2.1558506337202743e-19,2.1558506337202743e-19,True,brentq,12,1.0,0.0,0.0,0.0,0.0,0.0,True,without_edl,0.0001,,,pzc_Au,0.45585714285714285,
ofat_compare:pzc_Au:with_edl_FULL,8.314,96485.0,298.0,8.8541878128e-12,78.5,,0.1,3.041217889017721e-08,1.1e-08,1e-08,3.7e-08,1.0,0.00012,1.0,3.77e-05,0.005250617670899842,43.75514725749868,0.0016495690516077001,0.48442857142857143,0.361,0.371,8.85e-05,0.0003878,0.5,0.37,-1.0,1.0,0.1,0.834,80,1200,1e-10,12,True,True,True,False,False,1.0,warn,True,False,False,15,25,25,BOTH,BOTH,BOTH,0.1,10000.0,0.1,10000.0,0.0,1e-06,FULL,0.44347778531821147,0.07040215422869328,0.07040215422869328,2.141082908656866e-09,2.141082908656866e-09,3.0874414136405903e-11,3.0874414136405903e-11,9.389582058457924e-19,9.389582058457924e-19,True,brentq,15,1.0,0.6248610819651622,-0.2257631358600046,0.32671611748407864,-0.11796905945912382,3.059085817282085,False,with_edl_FULL,0.0001,,,pzc_Au,0.48442857142857143,
ofat_compare:pzc_Au:without_edl,8.314,96485.0,298.0,8.8541878128e-12,78.5,,0.1,3.041217889017721e-08,1.1e-08,1e-08,3.7e-08,1.0,0.00012,1.0,3.77e-05,0.005250617670899842,43.75514725749868,0.0016495690516077001,0.48442857142857143,0.361,0.371,8.85e-05,0.0003878,0.5,0.37,-1.0,1.0,0.1,0.834,80,1200,1e-10,12,True,True,True,False,False,1.0,warn,True,False,False,15,25,25,BOTH,BOTH,BOTH,0.1,10000.0,0.1,10000.0,0.0,1e-06,FULL,0.49157212957749513,0.06555361211259984,0.06555361211259984,1.993628178465674e-09,1.993628178465674e-09,7.0887740122316245e-12,7.0887740122316245e-12,2.1558506337202743e-19,2.1558506337202743e-19,True,brentq,12,1.0,0.0,0.0,0.0,0.0,0.0,True,without_edl,0.0001,,,pzc_Au,0.48442857142857143,
ofat_compare:pzc_Au:with_edl_FULL,8.314,96485.0,298.0,8.8541878128e-12,78.5,,0.1,3.041217889017721e-08,1.1e-08,1e-08,3.7e-08,1.0,0.00012,1.0,3.77e-05,0.005250617670899842,43.75514725749868,0.0016495690516077001,0.513,0.361,0.371,8.85e-05,0.0003878,0.5,0.37,-1.0,1.0,0.1,0.834,80,1200,1e-10,12,True,True,True,False,False,1.0,warn,True,False,False,15,25,25,BOTH,BOTH,BOTH,0.1,10000.0,0.1,10000.0,0.0,1e-06,FULL,0.44349454423603574,0.07038215501102128,0.07038215501102128,2.140474688871362e-09,2.140474688871362e-09,3.060189601722385e-11,3.060189601722385e-11,9.306703360544132e-19,9.306703360544132e-19,True,brentq,15,1.0,0.6248610819651622,-0.22580644470723008,0.32671611748407864,-0.11797227973451423,3.0596557118175287,False,with_edl_FULL,0.0001,,,pzc_Au,0.513,
ofat_compare:pzc_Au:without_edl,8.314,96485.0,298.0,8.8541878128e-12,78.5,,0.1,3.041217889017721e-08,1.1e-08,1e-08,3.7e-08,1.0,0.00012,1.0,3.77e-05,0.005250617670899842,43.75514725749868,0.0016495690516077001,0.513,0.361,0.371,8.85e-05,0.0003878,0.5,0.37,-1.0,1.0,0.1,0.834,80,1200,1e-10,12,True,True,True,False,False,1.0,warn,True,False,False,15,25,25,BOTH,BOTH,BOTH,0.1,10000.0,0.1,10000.0,0.0,1e-06,FULL,0.49157212957749513,0.06555361211259984,0.06555361211259984,1.993628178465674e-09,1.993628178465674e-09,7.0887740122316245e-12,7.0887740122316245e-12,2.1558506337202743e-19,2.1558506337202743e-19,True,brentq,12,1.0,0.0,0.0,0.0,0.0,0.0,True,without_edl,0.0001,,,pzc_Au,0.513,
ofat_compare:pzc_Au:with_edl_FULL,8.314,96485.0,298.0,8.8541878128e-12,78.5,,0.1,3.041217889017721e-08,1.1e-08,1e-08,3.7e-08,1.0,0.00012,1.0,3.77e-05,0.005250617670899842,43.75514725749868,0.0016495690516077001,0.5415714285714286,0.361,0.371,8.85e-05,0.0003878,0.5,0.37,-1.0,1.0,0.1,0.834,80,1200,1e-10,12,True,True,True,False,False,1.0,warn,True,False,False,15,25,25,BOTH,BOTH,BOTH,0.1,10000.0,0.1,10000.0,0.0,1e-06,FULL,0.4435113021639063,0.07036216309669963,0.07036216309669963,2.1398666911966544e-09,2.1398666911966544e-09,3.0331487321788586e-11,3.0331487321788586e-11,9.224466184353765e-19,9.224466184353765e-19,True,brentq,15,1.0,0.6248610819651622,-0.22584975355445513,0.32671611748407864,-0.11797550000990455,3.0602255696329834,False,with_edl_FULL,0.0001,,,pzc_Au,0.5415714285714286,
ofat_compare:pzc_Au:without_edl,8.314,96485.0,298.0,8.8541878128e-12,78.5,,0.1,3.041217889017721e-08,1.1e-08,1e-08,3.7e-08,1.0,0.00012,1.0,3.77e-05,0.005250617670899842,43.75514725749868,0.0016495690516077001,0.5415714285714286,0.361,0.371,8.85e-05,0.0003878,0.5,0.37,-1.0,1.0,0.1,0.834,80,1200,1e-10,12,True,True,True,False,False,1.0,warn,True,False,False,15,25,25,BOTH,BOTH,BOTH,0.1,10000.0,0.1,10000.0,0.0,1e-06,FULL,0.49157212957749513,0.06555361211259984,0.06555361211259984,1.993628178465674e-09,1.993628178465674e-09,7.0887740122316245e-12,7.0887740122316245e-12,2.1558506337202743e-19,2.1558506337202743e-19,True,brentq,12,1.0,0.0,0.0,0.0,0.0,0.0,True,without_edl,0.0001,,,pzc_Au,0.5415714285714286,
ofat_compare:pzc_Au:with_edl_FULL,8.314,96485.0,298.0,8.8541878128e-12,78.5,,0.1,3.041217889017721e-08,1.1e-08,1e-08,3.7e-08,1.0,0.00012,1.0,3.77e-05,0.005250617670899842,43.75514725749868,0.0016495690516077001,0.5701428571428572,0.361,0.371,8.85e-05,0.0003878,0.5,0.37,-1.0,1.0,0.1,0.834,80,1200,1e-10,12,True,True,True,False,False,1.0,warn,True,False,False,15,25,25,BOTH,BOTH,BOTH,0.1,10000.0,0.1,10000.0,0.0,1e-06,FULL,0.44352805910161813,0.07034217848300392,0.07034217848300392,2.1392589155498895e-09,2.1392589155498895e-09,3.0063396216917226e-11,3.0063396216917226e-11,9.142933837951635e-19,9.142933837951635e-19,True,brentq,15,1.0,0.6248610819651622,-0.22589306240168053,0.32671611748407864,-0.11797872028529441,3.060795390720802,False,with_edl_FULL,0.0001,,,pzc_Au,0.5701428571428572,
ofat_compare:pzc_Au:without_edl,8.314,96485.0,298.0,8.8541878128e-12,78.5,,0.1,3.041217889017721e-08,1.1e-08,1e-08,3.7e-08,1.0,0.00012,1.0,3.77e-05,0.005250617670899842,43.75514725749868,0.0016495690516077001,0.5701428571428572,0.361,0.371,8.85e-05,0.0003878,0.5,0.37,-1.0,1.0,0.1,0.834,80,1200,1e-10,12,True,True,True,False,False,1.0,warn,True,False,False,15,25,25,BOTH,BOTH,BOTH,0.1,10000.0,0.1,10000.0,0.0,1e-06,FULL,0.49157212957749513,0.06555361211259984,0.06555361211259984,1.993628178465674e-09,1.993628178465674e-09,7.0887740122316245e-12,7.0887740122316245e-12,2.1558506337202743e-19,2.1558506337202743e-19,True,brentq,12,1.0,0.0,0.0,0.0,0.0,0.0,True,without_edl,0.0001,,,pzc_Au,0.5701428571428572,
ofat_compare:pzc_Au:with_edl_FULL,8.314,96485.0,298.0,8.8541878128e-12,78.5,,0.1,3.041217889017721e-08,1.1e-08,1e-08,3.7e-08,1.0,0.00012,1.0,3.77e-05,0.005250617670899842,43.75514725749868,0.0016495690516077001,0.5987142857142858,0.361,0.371,8.85e-05,0.0003878,0.5,0.37,-1.0,1.0,0.1,0.834,80,1200,1e-10,12,True,True,True,False,False,1.0,warn,True,False,False,15,25,25,BOTH,BOTH,BOTH,0.1,10000.0,0.1,10000.0,0.0,1e-06,FULL,0.4435448150489665,0.07032220116721177,0.07032220116721177,2.138651361848273e-09,2.138651361848273e-09,2.9797858625002505e-11,2.9797858625002505e-11,9.06217807047786e-19,9.06217807047786e-19,True,brentq,15,1.0,0.6248610819651622,-0.22593637124890603,0.32671611748407864,-0.11798194056068427,3.061365175073419,False,with_edl_FULL,0.0001,,,pzc_Au,0.5987142857142858,
ofat_compare:pzc_Au:without_edl,8.314,96485.0,298.0,8.8541878128e-12,78.5,,0.1,3.041217889017721e-08,1.1e-08,1e-08,3.7e-08,1.0,0.00012,1.0,3.77e-05,0.005250617670899842,43.75514725749868,0.0016495690516077001,0.5987142857142858,0.361,0.371,8.85e-05,0.0003878,0.5,0.37,-1.0,1.0,0.1,0.834,80,1200,1e-10,12,True,True,True,False,False,1.0,warn,True,False,False,15,25,25,BOTH,BOTH,BOTH,0.1,10000.0,0.1,10000.0,0.0,1e-06,FULL,0.49157212957749513,0.06555361211259984,0.06555361211259984,1.993628178465674e-09,1.993628178465674e-09,7.0887740122316245e-12,7.0887740122316245e-12,2.1558506337202743e-19,2.1558506337202743e-19,True,brentq,12,1.0,0.0,0.0,0.0,0.0,0.0,True,without_edl,0.0001,,,pzc_Au,0.5987142857142858,
ofat_compare:pzc_Au:with_edl_FULL,8.314,96485.0,298.0,8.8541878128e-12,78.5,,0.1,3.041217889017721e-08,1.1e-08,1e-08,3.7e-08,1.0,0.00012,1.0,3.77e-05,0.005250617670899842,43.75514725749868,0.0016495690516077001,0.6272857142857143,0.361,0.371,8.85e-05,0.0003878,0.5,0.37,-1.0,1.0,0.1,0.834,80,1200,1e-10,12,True,True,True,False,False,1.0,warn,True,False,False,15,25,25,BOTH,BOTH,BOTH,0.1,10000.0,0.1,10000.0,0.0,1e-06,FULL,0.4435615700057466,0.07030223114660175,0.07030223114660175,2.1380440300090404e-09,2.1380440300090404e-09,2.9534347190107724e-11,2.9534347190107724e-11,8.982038501501587e-19,8.982038501501587e-19,True,brentq,15,1.0,0.6248610819651622,-0.22597968009613148,0.32671611748407864,-0.11798516083607485,3.0619349226832124,False,with_edl_FULL,0.0001,,,pzc_Au,0.6272857142857143,
ofat_compare:pzc_Au:without_edl,8.314,96485.0,298.0,8.8541878128e-12,78.5,,0.1,3.041217889017721e-08,1.1e-08,1e-08,3.7e-08,1.0,0.00012,1.0,3.77e-05,0.005250617670899842,43.75514725749868,0.0016495690516077001,0.6272857142857143,0.361,0.371,8.85e-05,0.0003878,0.5,0.37,-1.0,1.0,0.1,0.834,80,1200,1e-10,12,True,True,True,False,False,1.0,warn,True,False,False,15,25,25,BOTH,BOTH,BOTH,0.1,10000.0,0.1,10000.0,0.0,1e-06,FULL,0.49157212957749513,0.06555361211259984,0.06555361211259984,1.993628178465674e-09,1.993628178465674e-09,7.0887740122316245e-12,7.0887740122316245e-12,2.1558506337202743e-19,2.1558506337202743e-19,True,brentq,12,1.0,0.0,0.0,0.0,0.0,0.0,True,without_edl,0.0001,,,pzc_Au,0.6272857142857143,
ofat_compare:pzc_Au:with_edl_FULL,8.314,96485.0,298.0,8.8541878128e-12,78.5,,0.1,3.041217889017721e-08,1.1e-08,1e-08,3.7e-08,1.0,0.00012,1.0,3.77e-05,0.005250617670899842,43.75514725749868,0.0016495690516077001,0.6558571428571429,0.361,0.371,8.85e-05,0.0003878,0.5,0.37,-1.0,1.0,0.1,0.834,80,1200,1e-10,12,True,True,True,False,False,1.0,warn,True,False,False,15,25,25,BOTH,BOTH,BOTH,0.1,10000.0,0.1,10000.0,0.0,1e-06,FULL,0.4435783239717529,0.07028226841845232,0.07028226841845232,2.137436919949424e-09,2.137436919949424e-09,2.927326436807931e-11,2.927326436807931e-11,8.902637526614784e-19,8.902637526614784e-19,True,brentq,15,1.0,0.6248610819651622,-0.22602298894335662,0.32671611748407864,-0.11798838111146509,3.0625046335425896,False,with_edl_FULL,0.0001,,,pzc_Au,0.6558571428571429,
ofat_compare:pzc_Au:without_edl,8.314,96485.0,298.0,8.8541878128e-12,78.5,,0.1,3.041217889017721e-08,1.1e-08,1e-08,3.7e-08,1.0,0.00012,1.0,3.77e-05,0.005250617670899842,43.75514725749868,0.0016495690516077001,0.6558571428571429,0.361,0.371,8.85e-05,0.0003878,0.5,0.37,-1.0,1.0,0.1,0.834,80,1200,1e-10,12,True,True,True,False,False,1.0,warn,True,False,False,15,25,25,BOTH,BOTH,BOTH,0.1,10000.0,0.1,10000.0,0.0,1e-06,FULL,0.49157212957749513,0.06555361211259984,0.06555361211259984,1.993628178465674e-09,1.993628178465674e-09,7.0887740122316245e-12,7.0887740122316245e-12,2.1558506337202743e-19,2.1558506337202743e-19,True,brentq,12,1.0,0.0,0.0,0.0,0.0,0.0,True,without_edl,0.0001,,,pzc_Au,0.6558571428571429,
ofat_compare:pzc_Au:with_edl_FULL,8.314,96485.0,298.0,8.8541878128e-12,78.5,,0.1,3.041217889017721e-08,1.1e-08,1e-08,3.7e-08,1.0,0.00012,1.0,3.77e-05,0.005250617670899842,43.75514725749868,0.0016495690516077001,0.6844285714285715,0.361,0.371,8.85e-05,0.0003878,0.5,0.37,-1.0,1.0,0.1,0.834,80,1200,1e-10,12,True,True,True,False,False,1.0,warn,True,False,False,15,25,25,BOTH,BOTH,BOTH,0.1,10000.0,0.1,10000.0,0.0,1e-06,FULL,0.44359507694678085,0.0702623129800432,0.0702623129800432,2.1368300315866944e-09,2.1368300315866944e-09,2.9014096680768375e-11,2.9014096680768375e-11,8.823818985924246e-19,8.823818985924246e-19,True,brentq,15,1.0,0.6248610819651622,-0.22606629779058202,0.32671611748407864,-0.11799160138685538,3.0630743076439373,False,with_edl_FULL,0.0001,,,pzc_Au,0.6844285714285715,
ofat_compare:pzc_Au:without_edl,8.314,96485.0,298.0,8.8541878128e-12,78.5,,0.1,3.041217889017721e-08,1.1e-08,1e-08,3.7e-08,1.0,0.00012,1.0,3.77e-05,0.005250617670899842,43.75514725749868,0.0016495690516077001,0.6844285714285715,0.361,0.371,8.85e-05,0.0003878,0.5,0.37,-1.0,1.0,0.1,0.834,80,1200,1e-10,12,True,True,True,False,False,1.0,warn,True,False,False,15,25,25,BOTH,BOTH,BOTH,0.1,10000.0,0.1,10000.0,0.0,1e-06,FULL,0.49157212957749513,0.06555361211259984,0.06555361211259984,1.993628178465674e-09,1.993628178465674e-09,7.0887740122316245e-12,7.0887740122316245e-12,2.1558506337202743e-19,2.1558506337202743e-19,True,brentq,12,1.0,0.0,0.0,0.0,0.0,0.0,True,without_edl,0.0001,,,pzc_Au,0.6844285714285715,
ofat_compare:pzc_Au:with_edl_FULL,8.314,96485.0,298.0,8.8541878128e-12,78.5,,0.1,3.041217889017721e-08,1.1e-08,1e-08,3.7e-08,1.0,0.00012,1.0,3.77e-05,0.005250617670899842,43.75514725749868,0.0016495690516077001,0.7130000000000001,0.361,0.371,8.85e-05,0.0003878,0.5,0.37,-1.0,1.0,0.1,0.834,80,1200,1e-10,12,True,True,True,False,False,1.0,warn,True,False,False,15,25,25,BOTH,BOTH,BOTH,0.1,10000.0,0.1,10000.0,0.0,1e-06,FULL,0.4436118289306252,0.07024236482865533,0.07024236482865533,2.136223364838158e-09,2.136223364838158e-09,2.8757204950657922e-11,2.8757204950657922e-11,8.745692613408985e-19,8.745692613408985e-19,True,brentq,15,1.0,0.6248610819651622,-0.22610960663780738,0.32671611748407864,-0.11799482166224518,3.063643944979658,False,with_edl_FULL,0.0001,,,pzc_Au,0.7130000000000001,
ofat_compare:pzc_Au:without_edl,8.314,96485.0,298.0,8.8541878128e-12,78.5,,0.1,3.041217889017721e-08,1.1e-08,1e-08,3.7e-08,1.0,0.00012,1.0,3.77e-05,0.005250617670899842,43.75514725749868,0.0016495690516077001,0.7130000000000001,0.361,0.371,8.85e-05,0.0003878,0.5,0.37,-1.0,1.0,0.1,0.834,80,1200,1e-10,12,True,True,True,False,False,1.0,warn,True,False,False,15,25,25,BOTH,BOTH,BOTH,0.1,10000.0,0.1,10000.0,0.0,1e-06,FULL,0.49157212957749513,0.06555361211259984,0.06555361211259984,1.993628178465674e-09,1.993628178465674e-09,7.0887740122316245e-12,7.0887740122316245e-12,2.1558506337202743e-19,2.1558506337202743e-19,True,brentq,12,1.0,0.0,0.0,0.0,0.0,0.0,True,without_edl,0.0001,,,pzc_Au,0.7130000000000001,
ofat_compare:pzc_C:with_edl_FULL,8.314,96485.0,298.0,8.8541878128e-12,78.5,,0.1,3.041217889017721e-08,1.1e-08,1e-08,3.7e-08,1.0,0.00012,1.0,3.77e-05,0.005250617670899842,43.75514725749868,0.0016495690516077001,0.513,0.16099999999999998,0.371,8.85e-05,0.0003878,0.5,0.37,-1.0,1.0,0.1,0.834,80,1200,1e-10,12,True,True,True,False,False,1.0,warn,True,False,False,15,25,25,BOTH,BOTH,BOTH,0.1,10000.0,0.1,10000.0,0.0,1e-06,FULL,0.37132295271127397,0.08521921246808686,0.08521921246808686,2.5917019344594777e-09,2.5917019344594777e-09,4.85722573273506e-16,4.85722573273506e-16,1.4771881789391073e-23,1.4771881789391073e-23,True,brentq,18,1.0,0.6248610819651622,-0.10116121125613327,0.32671611748407864,-0.052864187319159206,7.800571689727953,False,with_edl_FULL,0.0001,,,pzc_C,0.16099999999999998,
ofat_compare:pzc_C:without_edl,8.314,96485.0,298.0,8.8541878128e-12,78.5,,0.1,3.041217889017721e-08,1.1e-08,1e-08,3.7e-08,1.0,0.00012,1.0,3.77e-05,0.005250617670899842,43.75514725749868,0.0016495690516077001,0.513,0.16099999999999998,0.371,8.85e-05,0.0003878,0.5,0.37,-1.0,1.0,0.1,0.834,80,1200,1e-10,12,True,True,True,False,False,1.0,warn,True,False,False,15,25,25,BOTH,BOTH,BOTH,0.1,10000.0,0.1,10000.0,0.0,1e-06,FULL,0.49157212957749513,0.06555361211259984,0.06555361211259984,1.993628178465674e-09,1.993628178465674e-09,7.0887740122316245e-12,7.0887740122316245e-12,2.1558506337202743e-19,2.1558506337202743e-19,True,brentq,12,1.0,0.0,0.0,0.0,0.0,0.0,True,without_edl,0.0001,,,pzc_C,0.16099999999999998,
ofat_compare:pzc_C:with_edl_FULL,8.314,96485.0,298.0,8.8541878128e-12,78.5,,0.1,3.041217889017721e-08,1.1e-08,1e-08,3.7e-08,1.0,0.00012,1.0,3.77e-05,0.005250617670899842,43.75514725749868,0.0016495690516077001,0.513,0.18957142857142856,0.371,8.85e-05,0.0003878,0.5,0.37,-1.0,1.0,0.1,0.834,80,1200,1e-10,12,True,True,True,False,False,1.0,warn,True,False,False,15,25,25,BOTH,BOTH,BOTH,0.1,10000.0,0.1,10000.0,0.0,1e-06,FULL,0.3815777809841537,0.08253757875361466,0.08253757875361466,2.5101476102170187e-09,2.5101476102170187e-09,3.1780134079895106e-15,3.1780134079895106e-15,9.665031227915873e-23,9.665031227915873e-23,True,brentq,18,1.0,0.6248610819651622,-0.11896767317771863,0.32671611748407864,-0.06216534337849569,7.121243079247757,False,with_edl_FULL,0.0001,,,pzc_C,0.18957142857142856,
ofat_compare:pzc_C:without_edl,8.314,96485.0,298.0,8.8541878128e-12,78.5,,0.1,3.041217889017721e-08,1.1e-08,1e-08,3.7e-08,1.0,0.00012,1.0,3.77e-05,0.005250617670899842,43.75514725749868,0.0016495690516077001,0.513,0.18957142857142856,0.371,8.85e-05,0.0003878,0.5,0.37,-1.0,1.0,0.1,0.834,80,1200,1e-10,12,True,True,True,False,False,1.0,warn,True,False,False,15,25,25,BOTH,BOTH,BOTH,0.1,10000.0,0.1,10000.0,0.0,1e-06,FULL,0.49157212957749513,0.06555361211259984,0.06555361211259984,1.993628178465674e-09,1.993628178465674e-09,7.0887740122316245e-12,7.0887740122316245e-12,2.1558506337202743e-19,2.1558506337202743e-19,True,brentq,12,1.0,0.0,0.0,0.0,0.0,0.0,True,without_edl,0.0001,,,pzc_C,0.18957142857142856,
ofat_compare:pzc_C:with_edl_FULL,8.314,96485.0,298.0,8.8541878128e-12,78.5,,0.1,3.041217889017721e-08,1.1e-08,1e-08,3.7e-08,1.0,0.00012,1.0,3.77e-05,0.005250617670899842,43.75514725749868,0.0016495690516077001,0.513,0.2181428571428571,0.371,8.85e-05,0.0003878,0.5,0.37,-1.0,1.0,0.1,0.834,80,1200,1e-10,12,True,True,True,False,False,1.0,warn,True,False,False,15,25,25,BOTH,BOTH,BOTH,0.1,10000.0,0.1,10000.0,0.0,1e-06,FULL,0.3918449065038544,0.08005177125525174,0.08005177125525174,2.434548787890262e-09,2.434548787890262e-09,-1.258201876019882e-12,-1.258201876019882e-12,-3.8264660533473224e-20,-3.8264660533473224e-20,True,brentq,17,1.0,0.6248610819651622,-0.13677413509930372,0.32671611748407864,-0.07146649943783191,6.442370606323339,False,with_edl_FULL,0.0001,,,pzc_C,0.2181428571428571,
ofat_compare:pzc_C:without_edl,8.314,96485.0,298.0,8.8541878128e-12,78.5,,0.1,3.041217889017721e-08,1.1e-08,1e-08,3.7e-08,1.0,0.00012,1.0,3.77e-05,0.005250617670899842,43.75514725749868,0.0016495690516077001,0.513,0.2181428571428571,0.371,8.85e-05,0.0003878,0.5,0.37,-1.0,1.0,0.1,0.834,80,1200,1e-10,12,True,True,True,False,False,1.0,warn,True,False,False,15,25,25,BOTH,BOTH,BOTH,0.1,10000.0,0.1,10000.0,0.0,1e-06,FULL,0.49157212957749513,0.06555361211259984,0.06555361211259984,1.993628178465674e-09,1.993628178465674e-09,7.0887740122316245e-12,7.0887740122316245e-12,2.1558506337202743e-19,2.1558506337202743e-19,True,brentq,12,1.0,0.0,0.0,0.0,0.0,0.0,True,without_edl,0.0001,,,pzc_C,0.2181428571428571,
ofat_compare:pzc_C:with_edl_FULL,8.314,96485.0,298.0,8.8541878128e-12,78.5,,0.1,3.041217889017721e-08,1.1e-08,1e-08,3.7e-08,1.0,0.00012,1.0,3.77e-05,0.005250617670899842,43.75514725749868,0.0016495690516077001,0.513,0.2467142857142857,0.371,8.85e-05,0.0003878,0.5,0.37,-1.0,1.0,0.1,0.834,80,1200,1e-10,12,True,True,True,False,False,1.0,warn,True,False,False,15,25,25,BOTH,BOTH,BOTH,0.1,10000.0,0.1,10000.0,0.0,1e-06,FULL,0.40212770373469714,0.07775560520440002,0.07775560520440002,2.3647173751902074e-09,2.3647173751902074e-09,5.457301277544957e-12,5.457301277544957e-12,1.6596842271028986e-19,1.6596842271028986e-19,True,brentq,17,1.0,0.6248610819651622,-0.15458059702088897,0.32671611748407864,-0.08076765549716852,5.764079438801575,False,with_edl_FULL,0.0001,,,pzc_C,0.2467142857142857,
ofat_compare:pzc_C:without_edl,8.314,96485.0,298.0,8.8541878128e-12,78.5,,0.1,3.041217889017721e-08,1.1e-08,1e-08,3.7e-08,1.0,0.00012,1.0,3.77e-05,0.005250617670899842,43.75514725749868,0.0016495690516077001,0.513,0.2467142857142857,0.371,8.85e-05,0.0003878,0.5,0.37,-1.0,1.0,0.1,0.834,80,1200,1e-10,12,True,True,True,False,False,1.0,warn,True,False,False,15,25,25,BOTH,BOTH,BOTH,0.1,10000.0,0.1,10000.0,0.0,1e-06,FULL,0.49157212957749513,0.06555361211259984,0.06555361211259984,1.993628178465674e-09,1.993628178465674e-09,7.0887740122316245e-12,7.0887740122316245e-12,2.1558506337202743e-19,2.1558506337202743e-19,True,brentq,12,1.0,0.0,0.0,0.0,0.0,0.0,True,without_edl,0.0001,,,pzc_C,0.2467142857142857,
ofat_compare:pzc_C:with_edl_FULL,8.314,96485.0,298.0,8.8541878128e-12,78.5,,0.1,3.041217889017721e-08,1.1e-08,1e-08,3.7e-08,1.0,0.00012,1.0,3.77e-05,0.005250617670899842,43.75514725749868,0.0016495690516077001,0.513,0.27528571428571424,0.371,8.85e-05,0.0003878,0.5,0.37,-1.0,1.0,0.1,0.834,80,1200,1e-10,12,True,True,True,False,False,1.0,warn,True,False,False,15,25,25,BOTH,BOTH,BOTH,0.1,10000.0,0.1,10000.0,0.0,1e-06,FULL,0.41242986447421387,0.07564399079789173,0.07564399079789173,2.3004985801124022e-09,2.3004985801124022e-09,1.902644708451362e-14,1.902644708451362e-14,5.786357123787189e-22,5.786357123787189e-22,True,brentq,17,1.0,0.6248610819651622,-0.17238705894247439,0.32671611748407864,-0.09006881155650495,5.086506515261261,False,with_edl_FULL,0.0001,,,pzc_C,0.27528571428571424,
ofat_compare:pzc_C:without_edl,8.314,96485.0,298.0,8.8541878128e-12,78.5,,0.1,3.041217889017721e-08,1.1e-08,1e-08,3.7e-08,1.0,0.00012,1.0,3.77e-05,0.005250617670899842,43.75514725749868,0.0016495690516077001,0.513,0.27528571428571424,0.371,8.85e-05,0.0003878,0.5,0.37,-1.0,1.0,0.1,0.834,80,1200,1e-10,12,True,True,True,False,False,1.0,warn,True,False,False,15,25,25,BOTH,BOTH,BOTH,0.1,10000.0,0.1,10000.0,0.0,1e-06,FULL,0.49157212957749513,0.06555361211259984,0.06555361211259984,1.993628178465674e-09,1.993628178465674e-09,7.0887740122316245e-12,7.0887740122316245e-12,2.1558506337202743e-19,2.1558506337202743e-19,True,brentq,12,1.0,0.0,0.0,0.0,0.0,0.0,True,without_edl,0.0001,,,pzc_C,0.27528571428571424,
ofat_compare:pzc_C:with_edl_FULL,8.314,96485.0,298.0,8.8541878128e-12,78.5,,0.1,3.041217889017721e-08,1.1e-08,1e-08,3.7e-08,1.0,0.00012,1.0,3.77e-05,0.005250617670899842,43.75514725749868,0.0016495690516077001,0.513,0.3038571428571428,0.371,8.85e-05,0.0003878,0.5,0.37,-1.0,1.0,0.1,0.834,80,1200,1e-10,12,True,True,True,False,False,1.0,warn,True,False,False,15,25,25,BOTH,BOTH,BOTH,0.1,10000.0,0.1,10000.0,0.0,1e-06,FULL,0.4227554153205084,0.0737129393875286,0.0737129393875286,2.2417710991743093e-09,2.2417710991743093e-09,2.4858740066413532e-11,2.4858740066413532e-11,7.56008449884184e-19,7.56008449884184e-19,True,brentq,16,1.0,0.6248610819651622,-0.19019352086405966,0.32671611748407864,-0.09936996761584148,4.409801192923881,False,with_edl_FULL,0.0001,,,pzc_C,0.3038571428571428,
ofat_compare:pzc_C:without_edl,8.314,96485.0,298.0,8.8541878128e-12,78.5,,0.1,3.041217889017721e-08,1.1e-08,1e-08,3.7e-08,1.0,0.00012,1.0,3.77e-05,0.005250617670899842,43.75514725749868,0.0016495690516077001,0.513,0.3038571428571428,0.371,8.85e-05,0.0003878,0.5,0.37,-1.0,1.0,0.1,0.834,80,1200,1e-10,12,True,True,True,False,False,1.0,warn,True,False,False,15,25,25,BOTH,BOTH,BOTH,0.1,10000.0,0.1,10000.0,0.0,1e-06,FULL,0.49157212957749513,0.06555361211259984,0.06555361211259984,1.993628178465674e-09,1.993628178465674e-09,7.0887740122316245e-12,7.0887740122316245e-12,2.1558506337202743e-19,2.1558506337202743e-19,True,brentq,12,1.0,0.0,0.0,0.0,0.0,0.0,True,without_edl,0.0001,,,pzc_C,0.3038571428571428,
ofat_compare:pzc_C:with_edl_FULL,8.314,96485.0,298.0,8.8541878128e-12,78.5,,0.1,3.041217889017721e-08,1.1e-08,1e-08,3.7e-08,1.0,0.00012,1.0,3.77e-05,0.005250617670899842,43.75514725749868,0.0016495690516077001,0.513,0.3324285714285714,0.371,8.85e-05,0.0003878,0.5,0.37,-1.0,1.0,0.1,0.834,80,1200,1e-10,12,True,True,True,False,False,1.0,warn,True,False,False,15,25,25,BOTH,BOTH,BOTH,0.1,10000.0,0.1,10000.0,0.0,1e-06,FULL,0.43310873135814754,0.07195957558433377,0.07195957558433377,2.188447485531987e-09,2.188447485531987e-09,4.64628335805628e-14,4.64628335805628e-14,1.4130360065966088e-21,1.4130360065966088e-21,True,brentq,16,1.0,0.6248610819651622,-0.20799998278564483,0.32671611748407864,-0.10867112367517755,3.7341257552996865,False,with_edl_FULL,0.0001,,,pzc_C,0.3324285714285714,
ofat_compare:pzc_C:without_edl,8.314,96485.0,298.0,8.8541878128e-12,78.5,,0.1,3.041217889017721e-08,1.1e-08,1e-08,3.7e-08,1.0,0.00012,1.0,3.77e-05,0.005250617670899842,43.75514725749868,0.0016495690516077001,0.513,0.3324285714285714,0.371,8.85e-05,0.0003878,0.5,0.37,-1.0,1.0,0.1,0.834,80,1200,1e-10,12,True,True,True,False,False,1.0,warn,True,False,False,15,25,25,BOTH,BOTH,BOTH,0.1,10000.0,0.1,10000.0,0.0,1e-06,FULL,0.49157212957749513,0.06555361211259984,0.06555361211259984,1.993628178465674e-09,1.993628178465674e-09,7.0887740122316245e-12,7.0887740122316245e-12,2.1558506337202743e-19,2.1558506337202743e-19,True,brentq,12,1.0,0.0,0.0,0.0,0.0,0.0,True,without_edl,0.0001,,,pzc_C,0.3324285714285714,
ofat_compare:pzc_C:with_edl_FULL,8.314,96485.0,298.0,8.8541878128e-12,78.5,,0.1,3.041217889017721e-08,1.1e-08,1e-08,3.7e-08,1.0,0.00012,1.0,3.77e-05,0.005250617670899842,43.75514725749868,0.0016495690516077001,0.513,0.361,0.371,8.85e-05,0.0003878,0.5,0.37,-1.0,1.0,0.1,0.834,80,1200,1e-10,12,True,True,True,False,False,1.0,warn,True,False,False,15,25,25,BOTH,BOTH,BOTH,0.1,10000.0,0.1,10000.0,0.0,1e-06,FULL,0.44349454423603574,0.07038215501102128,0.07038215501102128,2.140474688871362e-09,2.140474688871362e-09,3.060189601722385e-11,3.060189601722385e-11,9.306703360544132e-19,9.306703360544132e-19,True,brentq,15,1.0,0.6248610819651622,-0.22580644470723008,0.32671611748407864,-0.11797227973451423,3.0596557118175287,False,with_edl_FULL,0.0001,,,pzc_C,0.361,
ofat_compare:pzc_C:without_edl,8.314,96485.0,298.0,8.8541878128e-12,78.5,,0.1,3.041217889017721e-08,1.1e-08,1e-08,3.7e-08,1.0,0.00012,1.0,3.77e-05,0.005250617670899842,43.75514725749868,0.0016495690516077001,0.513,0.361,0.371,8.85e-05,0.0003878,0.5,0.37,-1.0,1.0,0.1,0.834,80,1200,1e-10,12,True,True,True,False,False,1.0,warn,True,False,False,15,25,25,BOTH,BOTH,BOTH,0.1,10000.0,0.1,10000.0,0.0,1e-06,FULL,0.49157212957749513,0.06555361211259984,0.06555361211259984,1.993628178465674e-09,1.993628178465674e-09,7.0887740122316245e-12,7.0887740122316245e-12,2.1558506337202743e-19,2.1558506337202743e-19,True,brentq,12,1.0,0.0,0.0,0.0,0.0,0.0,True,without_edl,0.0001,,,pzc_C,0.361,
ofat_compare:pzc_C:with_edl_FULL,8.314,96485.0,298.0,8.8541878128e-12,78.5,,0.1,3.041217889017721e-08,1.1e-08,1e-08,3.7e-08,1.0,0.00012,1.0,3.77e-05,0.005250617670899842,43.75514725749868,0.0016495690516077001,0.513,0.38957142857142857,0.371,8.85e-05,0.0003878,0.5,0.37,-1.0,1.0,0.1,0.834,80,1200,1e-10,12,True,True,True,False,False,1.0,warn,True,False,False,15,25,25,BOTH,BOTH,BOTH,0.1,10000.0,0.1,10000.0,0.0,1e-06,FULL,0.45391794189736345,0.0689800860483713,0.0689800860483713,2.0978347167628852e-09,2.0978347167628852e-09,1.5847045897743328e-13,1.5847045897743328e-13,4.81943194723019e-21,4.81943194723019e-21,True,brentq,15,1.0,0.6248610819651622,-0.24361290662881538,0.32671611748407864,-0.1272734357938503,2.386579787807934,False,with_edl_FULL,0.0001,,,pzc_C,0.38957142857142857,
ofat_compare:pzc_C:without_edl,8.314,96485.0,298.0,8.8541878128e-12,78.5,,0.1,3.041217889017721e-08,1.1e-08,1e-08,3.7e-08,1.0,0.00012,1.0,3.77e-05,0.005250617670899842,43.75514725749868,0.0016495690516077001,0.513,0.38957142857142857,0.371,8.85e-05,0.0003878,0.5,0.37,-1.0,1.0,0.1,0.834,80,1200,1e-10,12,True,True,True,False,False,1.0,warn,True,False,False,15,25,25,BOTH,BOTH,BOTH,0.1,10000.0,0.1,10000.0,0.0,1e-06,FULL,0.49157212957749513,0.06555361211259984,0.06555361211259984,1.993628178465674e-09,1.993628178465674e-09,7.0887740122316245e-12,7.0887740122316245e-12,2.1558506337202743e-19,2.1558506337202743e-19,True,brentq,12,1.0,0.0,0.0,0.0,0.0,0.0,True,without_edl,0.0001,,,pzc_C,0.38957142857142857,
ofat_compare:pzc_C:with_edl_FULL,8.314,96485.0,298.0,8.8541878128e-12,78.5,,0.1,3.041217889017721e-08,1.1e-08,1e-08,3.7e-08,1.0,0.00012,1.0,3.77e-05,0.005250617670899842,43.75514725749868,0.0016495690516077001,0.513,0.4181428571428571,0.371,8.85e-05,0.0003878,0.5,0.37,-1.0,1.0,0.1,0.834,80,1200,1e-10,12,True,True,True,False,False,1.0,warn,True,False,False,15,25,25,BOTH,BOTH,BOTH,0.1,10000.0,0.1,10000.0,0.0,1e-06,FULL,0.4643843575749562,0.06775395537770966,0.06775395537770966,2.0605454114639905e-09,2.0605454114639905e-09,1.7583157152500917e-14,1.7583157152500917e-14,5.347421207759568e-22,5.347421207759568e-22,True,brentq,15,1.0,0.6248610819651622,-0.2614193685504003,0.32671611748407864,-0.1365745918531867,1.715099516311355,False,with_edl_FULL,0.0001,,,pzc_C,0.4181428571428571,
ofat_compare:pzc_C:without_edl,8.314,96485.0,298.0,8.8541878128e-12,78.5,,0.1,3.041217889017721e-08,1.1e-08,1e-08,3.7e-08,1.0,0.00012,1.0,3.77e-05,0.005250617670899842,43.75514725749868,0.0016495690516077001,0.513,0.4181428571428571,0.371,8.85e-05,0.0003878,0.5,0.37,-1.0,1.0,0.1,0.834,80,1200,1e-10,12,True,True,True,False,False,1.0,warn,True,False,False,15,25,25,BOTH,BOTH,BOTH,0.1,10000.0,0.1,10000.0,0.0,1e-06,FULL,0.49157212957749513,0.06555361211259984,0.06555361211259984,1.993628178465674e-09,1.993628178465674e-09,7.0887740122316245e-12,7.0887740122316245e-12,2.1558506337202743e-19,2.1558506337202743e-19,True,brentq,12,1.0,0.0,0.0,0.0,0.0,0.0,True,without_edl,0.0001,,,pzc_C,0.4181428571428571,
ofat_compare:pzc_C:with_edl_FULL,8.314,96485.0,298.0,8.8541878128e-12,78.5,,0.1,3.041217889017721e-08,1.1e-08,1e-08,3.7e-08,1.0,0.00012,1.0,3.77e-05,0.005250617670899842,43.75514725749868,0.0016495690516077001,0.513,0.4467142857142857,0.371,8.85e-05,0.0003878,0.5,0.37,-1.0,1.0,0.1,0.834,80,1200,1e-10,12,True,True,True,False,False,1.0,warn,True,False,False,15,25,25,BOTH,BOTH,BOTH,0.1,10000.0,0.1,10000.0,0.0,1e-06,FULL,0.47489954462001305,0.06670555509031796,0.06670555509031796,2.028661274375321e-09,2.028661274375321e-09,5.079894838111443e-12,5.079894838111443e-12,1.54490670559933e-19,1.54490670559933e-19,True,brentq,17,1.0,0.6248610819651622,-0.2792258304719857,0.32671611748407864,-0.14587574791252308,1.0454283044091675,False,with_edl_FULL,0.0001,,,pzc_C,0.4467142857142857,
ofat_compare:pzc_C:without_edl,8.314,96485.0,298.0,8.8541878128e-12,78.5,,0.1,3.041217889017721e-08,1.1e-08,1e-08,3.7e-08,1.0,0.00012,1.0,3.77e-05,0.005250617670899842,43.75514725749868,0.0016495690516077001,0.513,0.4467142857142857,0.371,8.85e-05,0.0003878,0.5,0.37,-1.0,1.0,0.1,0.834,80,1200,1e-10,12,True,True,True,False,False,1.0,warn,True,False,False,15,25,25,BOTH,BOTH,BOTH,0.1,10000.0,0.1,10000.0,0.0,1e-06,FULL,0.49157212957749513,0.06555361211259984,0.06555361211259984,1.993628178465674e-09,1.993628178465674e-09,7.0887740122316245e-12,7.0887740122316245e-12,2.1558506337202743e-19,2.1558506337202743e-19,True,brentq,12,1.0,0.0,0.0,0.0,0.0,0.0,True,without_edl,0.0001,,,pzc_C,0.4467142857142857,
ofat_compare:pzc_C:with_edl_FULL,8.314,96485.0,298.0,8.8541878128e-12,78.5,,0.1,3.041217889017721e-08,1.1e-08,1e-08,3.7e-08,1.0,0.00012,1.0,3.77e-05,0.005250617670899842,43.75514725749868,0.0016495690516077001,0.513,0.47528571428571426,0.371,8.85e-05,0.0003878,0.5,0.37,-1.0,1.0,0.1,0.834,80,1200,1e-10,12,True,True,True,False,False,1.0,warn,True,False,False,15,25,25,BOTH,BOTH,BOTH,0.1,10000.0,0.1,10000.0,0.0,1e-06,FULL,0.48546953446617,0.06583791073292988,0.06583791073292988,2.0022743189653817e-09,2.0022743189653817e-09,1.3503087537003466e-14,1.3503087537003466e-14,4.1065831374507183e-22,4.1065831374507183e-22,True,brentq,18,1.0,0.6248610819651622,-0.29703229239357115,0.32671611748407864,-0.15517690397185968,0.3777898739991876,True,with_edl_FULL,0.0001,,,pzc_C,0.47528571428571426,
ofat_compare:pzc_C:without_edl,8.314,96485.0,298.0,8.8541878128e-12,78.5,,0.1,3.041217889017721e-08,1.1e-08,1e-08,3.7e-08,1.0,0.00012,1.0,3.77e-05,0.005250617670899842,43.75514725749868,0.0016495690516077001,0.513,0.47528571428571426,0.371,8.85e-05,0.0003878,0.5,0.37,-1.0,1.0,0.1,0.834,80,1200,1e-10,12,True,True,True,False,False,1.0,warn,True,False,False,15,25,25,BOTH,BOTH,BOTH,0.1,10000.0,0.1,10000.0,0.0,1e-06,FULL,0.49157212957749513,0.06555361211259984,0.06555361211259984,1.993628178465674e-09,1.993628178465674e-09,7.0887740122316245e-12,7.0887740122316245e-12,2.1558506337202743e-19,2.1558506337202743e-19,True,brentq,12,1.0,0.0,0.0,0.0,0.0,0.0,True,without_edl,0.0001,,,pzc_C,0.47528571428571426,
ofat_compare:pzc_C:with_edl_FULL,8.314,96485.0,298.0,8.8541878128e-12,78.5,,0.1,3.041217889017721e-08,1.1e-08,1e-08,3.7e-08,1.0,0.00012,1.0,3.77e-05,0.005250617670899842,43.75514725749868,0.0016495690516077001,0.513,0.5038571428571428,0.371,8.85e-05,0.0003878,0.5,0.37,-1.0,1.0,0.1,0.834,80,1200,1e-10,12,True,True,True,False,False,1.0,warn,True,False,False,15,25,25,BOTH,BOTH,BOTH,0.1,10000.0,0.1,10000.0,0.0,1e-06,FULL,0.49610057490033926,0.06515530867391879,0.06515530867391879,1.981514903035933e-09,1.981514903035933e-09,2.86465295928906e-13,2.86465295928906e-13,8.712033825617444e-21,8.712033825617444e-21,True,brentq,17,1.0,0.6248610819651622,-0.3148387543151568,0.32671611748407864,-0.1644780600311967,0.287584027902966,True,with_edl_FULL,0.0001,,,pzc_C,0.5038571428571428,
ofat_compare:pzc_C:without_edl,8.314,96485.0,298.0,8.8541878128e-12,78.5,,0.1,3.041217889017721e-08,1.1e-08,1e-08,3.7e-08,1.0,0.00012,1.0,3.77e-05,0.005250617670899842,43.75514725749868,0.0016495690516077001,0.513,0.5038571428571428,0.371,8.85e-05,0.0003878,0.5,0.37,-1.0,1.0,0.1,0.834,80,1200,1e-10,12,True,True,True,False,False,1.0,warn,True,False,False,15,25,25,BOTH,BOTH,BOTH,0.1,10000.0,0.1,10000.0,0.0,1e-06,FULL,0.49157212957749513,0.06555361211259984,0.06555361211259984,1.993628178465674e-09,1.993628178465674e-09,7.0887740122316245e-12,7.0887740122316245e-12,2.1558506337202743e-19,2.1558506337202743e-19,True,brentq,12,1.0,0.0,0.0,0.0,0.0,0.0,True,without_edl,0.0001,,,pzc_C,0.5038571428571428,
ofat_compare:pzc_C:with_edl_FULL,8.314,96485.0,298.0,8.8541878128e-12,78.5,,0.1,3.041217889017721e-08,1.1e-08,1e-08,3.7e-08,1.0,0.00012,1.0,3.77e-05,0.005250617670899842,43.75514725749868,0.0016495690516077001,0.513,0.5324285714285715,0.371,8.85e-05,0.0003878,0.5,0.37,-1.0,1.0,0.1,0.834,80,1200,1e-10,12,True,True,True,False,False,1.0,warn,True,False,False,15,25,25,BOTH,BOTH,BOTH,0.1,10000.0,0.1,10000.0,0.0,1e-06,FULL,0.506799046741233,0.0646633217928644,0.0646633217928644,1.9665525099976866e-09,1.9665525099976866e-09,1.820922579387485e-11,1.820922579387485e-11,5.5378223229495105e-19,5.5378223229495105e-19,True,brentq,11,1.0,0.6248610819651622,-0.33264521623674204,0.32671611748407864,-0.17377921609053298,0.9504567197787992,True,with_edl_FULL,0.0001,,,pzc_C,0.5324285714285715,
ofat_compare:pzc_C:without_edl,8.314,96485.0,298.0,8.8541878128e-12,78.5,,0.1,3.041217889017721e-08,1.1e-08,1e-08,3.7e-08,1.0,0.00012,1.0,3.77e-05,0.005250617670899842,43.75514725749868,0.0016495690516077001,0.513,0.5324285714285715,0.371,8.85e-05,0.0003878,0.5,0.37,-1.0,1.0,0.1,0.834,80,1200,1e-10,12,True,True,True,False,False,1.0,warn,True,False,False,15,25,25,BOTH,BOTH,BOTH,0.1,10000.0,0.1,10000.0,0.0,1e-06,FULL,0.49157212957749513,0.06555361211259984,0.06555361211259984,1.993628178465674e-09,1.993628178465674e-09,7.0887740122316245e-12,7.0887740122316245e-12,2.1558506337202743e-19,2.1558506337202743e-19,True,brentq,12,1.0,0.0,0.0,0.0,0.0,0.0,True,without_edl,0.0001,,,pzc_C,0.5324285714285715,
ofat_compare:pzc_C:with_edl_FULL,8.314,96485.0,298.0,8.8541878128e-12,78.5,,0.1,3.041217889017721e-08,1.1e-08,1e-08,3.7e-08,1.0,0.00012,1.0,3.77e-05,0.005250617670899842,43.75514725749868,0.0016495690516077001,0.513,0.5609999999999999,0.371,8.85e-05,0.0003878,0.5,0.37,-1.0,1.0,0.1,0.834,80,1200,1e-10,12,True,True,True,False,False,1.0,warn,True,False,False,15,25,25,BOTH,BOTH,BOTH,0.1,10000.0,0.1,10000.0,0.0,1e-06,FULL,0.5175713583045153,0.06436883296808375,0.06436883296808375,1.9575964631772995e-09,1.9575964631772995e-09,7.184530748105544e-14,7.184530748105544e-14,2.1849723435336453e-21,2.1849723435336453e-21,True,brentq,18,1.0,0.6248610819651622,-0.35045167815832706,0.32671611748407864,-0.18308037214986936,1.6105905001747765,False,with_edl_FULL,0.0001,,,pzc_C,0.5609999999999999,
ofat_compare:pzc_C:without_edl,8.314,96485.0,298.0,8.8541878128e-12,78.5,,0.1,3.041217889017721e-08,1.1e-08,1e-08,3.7e-08,1.0,0.00012,1.0,3.77e-05,0.005250617670899842,43.75514725749868,0.0016495690516077001,0.513,0.5609999999999999,0.371,8.85e-05,0.0003878,0.5,0.37,-1.0,1.0,0.1,0.834,80,1200,1e-10,12,True,True,True,False,False,1.0,warn,True,False,False,15,25,25,BOTH,BOTH,BOTH,0.1,10000.0,0.1,10000.0,0.0,1e-06,FULL,0.49157212957749513,0.06555361211259984,0.06555361211259984,1.993628178465674e-09,1.993628178465674e-09,7.0887740122316245e-12,7.0887740122316245e-12,2.1558506337202743e-19,2.1558506337202743e-19,True,brentq,12,1.0,0.0,0.0,0.0,0.0,0.0,True,without_edl,0.0001,,,pzc_C,0.5609999999999999,
ofat_compare:pzc_Pd:with_edl_FULL,8.314,96485.0,298.0,8.8541878128e-12,78.5,,0.1,3.041217889017721e-08,1.1e-08,1e-08,3.7e-08,1.0,0.00012,1.0,3.77e-05,0.005250617670899842,43.75514725749868,0.0016495690516077001,0.513,0.361,0.17099999999999999,8.85e-05,0.0003878,0.5,0.37,-1.0,1.0,0.1,0.834,80,1200,1e-10,12,True,True,True,False,False,1.0,warn,True,False,False,15,25,25,BOTH,BOTH,BOTH,0.1,10000.0,0.1,10000.0,0.0,1e-06,FULL,0.4433826855566787,0.0701637995718518,0.0701637995718518,2.133834024193696e-09,2.133834024193696e-09,3.235692269676349e-11,3.235692269676349e-11,9.840445213896065e-19,9.840445213896065e-19,True,brentq,15,1.0,0.6248610819651622,-0.22578262369587196,0.32671611748407864,-0.11775969058078467,3.0557237138201394,False,with_edl_FULL,0.0001,,,pzc_Pd,0.17099999999999999,
ofat_compare:pzc_Pd:without_edl,8.314,96485.0,298.0,8.8541878128e-12,78.5,,0.1,3.041217889017721e-08,1.1e-08,1e-08,3.7e-08,1.0,0.00012,1.0,3.77e-05,0.005250617670899842,43.75514725749868,0.0016495690516077001,0.513,0.361,0.17099999999999999,8.85e-05,0.0003878,0.5,0.37,-1.0,1.0,0.1,0.834,80,1200,1e-10,12,True,True,True,False,False,1.0,warn,True,False,False,15,25,25,BOTH,BOTH,BOTH,0.1,10000.0,0.1,10000.0,0.0,1e-06,FULL,0.49157212957749513,0.06555361211259984,0.06555361211259984,1.993628178465674e-09,1.993628178465674e-09,7.0887740122316245e-12,7.0887740122316245e-12,2.1558506337202743e-19,2.1558506337202743e-19,True,brentq,12,1.0,0.0,0.0,0.0,0.0,0.0,True,without_edl,0.0001,,,pzc_Pd,0.17099999999999999,
ofat_compare:pzc_Pd:with_edl_FULL,8.314,96485.0,298.0,8.8541878128e-12,78.5,,0.1,3.041217889017721e-08,1.1e-08,1e-08,3.7e-08,1.0,0.00012,1.0,3.77e-05,0.005250617670899842,43.75514725749868,0.0016495690516077001,0.513,0.361,0.19957142857142857,8.85e-05,0.0003878,0.5,0.37,-1.0,1.0,0.1,0.834,80,1200,1e-10,12,True,True,True,False,False,1.0,warn,True,False,False,15,25,25,BOTH,BOTH,BOTH,0.1,10000.0,0.1,10000.0,0.0,1e-06,FULL,0.4433986633957443,0.07019494698541591,0.07019494698541591,2.1347812849069742e-09,2.1347812849069742e-09,3.210059995595316e-11,3.210059995595316e-11,9.76249188342462e-19,9.76249188342462e-19,True,brentq,15,1.0,0.6248610819651622,-0.22578602669749487,0.32671611748407864,-0.11779006045988907,3.056285354662993,False,with_edl_FULL,0.0001,,,pzc_Pd,0.19957142857142857,
ofat_compare:pzc_Pd:without_edl,8.314,96485.0,298.0,8.8541878128e-12,78.5,,0.1,3.041217889017721e-08,1.1e-08,1e-08,3.7e-08,1.0,0.00012,1.0,3.77e-05,0.005250617670899842,43.75514725749868,0.0016495690516077001,0.513,0.361,0.19957142857142857,8.85e-05,0.0003878,0.5,0.37,-1.0,1.0,0.1,0.834,80,1200,1e-10,12,True,True,True,False,False,1.0,warn,True,False,False,15,25,25,BOTH,BOTH,BOTH,0.1,10000.0,0.1,10000.0,0.0,1e-06,FULL,0.49157212957749513,0.06555361211259984,0.06555361211259984,1.993628178465674e-09,1.993628178465674e-09,7.0887740122316245e-12,7.0887740122316245e-12,2.1558506337202743e-19,2.1558506337202743e-19,True,brentq,12,1.0,0.0,0.0,0.0,0.0,0.0,True,without_edl,0.0001,,,pzc_Pd,0.19957142857142857,
ofat_compare:pzc_Pd:with_edl_FULL,8.314,96485.0,298.0,8.8541878128e-12,78.5,,0.1,3.041217889017721e-08,1.1e-08,1e-08,3.7e-08,1.0,0.00012,1.0,3.77e-05,0.005250617670899842,43.75514725749868,0.0016495690516077001,0.513,0.361,0.22814285714285712,8.85e-05,0.0003878,0.5,0.37,-1.0,1.0,0.1,0.834,80,1200,1e-10,12,True,True,True,False,False,1.0,warn,True,False,False,15,25,25,BOTH,BOTH,BOTH,0.1,10000.0,0.1,10000.0,0.0,1e-06,FULL,0.44341464189257784,0.07022610979288335,0.07022610979288335,2.135729013782394e-09,2.135729013782394e-09,3.1845998060830993e-11,3.1845998060830993e-11,9.685061899622287e-19,9.685061899622287e-19,True,brentq,15,1.0,0.6248610819651622,-0.2257894296991176,0.32671611748407864,-0.11782043033899349,3.056847019904202,False,with_edl_FULL,0.0001,,,pzc_Pd,0.22814285714285712,
ofat_compare:pzc_Pd:without_edl,8.314,96485.0,298.0,8.8541878128e-12,78.5,,0.1,3.041217889017721e-08,1.1e-08,1e-08,3.7e-08,1.0,0.00012,1.0,3.77e-05,0.005250617670899842,43.75514725749868,0.0016495690516077001,0.513,0.361,0.22814285714285712,8.85e-05,0.0003878,0.5,0.37,-1.0,1.0,0.1,0.834,80,1200,1e-10,12,True,True,True,False,False,1.0,warn,True,False,False,15,25,25,BOTH,BOTH,BOTH,0.1,10000.0,0.1,10000.0,0.0,1e-06,FULL,0.49157212957749513,0.06555361211259984,0.06555361211259984,1.993628178465674e-09,1.993628178465674e-09,7.0887740122316245e-12,7.0887740122316245e-12,2.1558506337202743e-19,2.1558506337202743e-19,True,brentq,12,1.0,0.0,0.0,0.0,0.0,0.0,True,without_edl,0.0001,,,pzc_Pd,0.22814285714285712,
ofat_compare:pzc_Pd:with_edl_FULL,8.314,96485.0,298.0,8.8541878128e-12,78.5,,0.1,3.041217889017721e-08,1.1e-08,1e-08,3.7e-08,1.0,0.00012,1.0,3.77e-05,0.005250617670899842,43.75514725749868,0.0016495690516077001,0.513,0.361,0.2567142857142857,8.85e-05,0.0003878,0.5,0.37,-1.0,1.0,0.1,0.834,80,1200,1e-10,12,True,True,True,False,False,1.0,warn,True,False,False,15,25,25,BOTH,BOTH,BOTH,0.1,10000.0,0.1,10000.0,0.0,1e-06,FULL,0.4434306210469724,0.0702572880020283,0.0702572880020283,2.1366772110563856e-09,2.1366772110563856e-09,3.159379702299958e-11,3.159379702299958e-11,9.608362068834115e-19,9.608362068834115e-19,True,brentq,15,1.0,0.6248610819651622,-0.22579283270073983,0.32671611748407864,-0.11785080021809709,3.0574087095361175,False,with_edl_FULL,0.0001,,,pzc_Pd,0.2567142857142857,
ofat_compare:pzc_Pd:without_edl,8.314,96485.0,298.0,8.8541878128e-12,78.5,,0.1,3.041217889017721e-08,1.1e-08,1e-08,3.7e-08,1.0,0.00012,1.0,3.77e-05,0.005250617670899842,43.75514725749868,0.0016495690516077001,0.513,0.361,0.2567142857142857,8.85e-05,0.0003878,0.5,0.37,-1.0,1.0,0.1,0.834,80,1200,1e-10,12,True,True,True,False,False,1.0,warn,True,False,False,15,25,25,BOTH,BOTH,BOTH,0.1,10000.0,0.1,10000.0,0.0,1e-06,FULL,0.49157212957749513,0.06555361211259984,0.06555361211259984,1.993628178465674e-09,1.993628178465674e-09,7.0887740122316245e-12,7.0887740122316245e-12,2.1558506337202743e-19,2.1558506337202743e-19,True,brentq,12,1.0,0.0,0.0,0.0,0.0,0.0,True,without_edl,0.0001,,,pzc_Pd,0.2567142857142857,
ofat_compare:pzc_Pd:with_edl_FULL,8.314,96485.0,298.0,8.8541878128e-12,78.5,,0.1,3.041217889017721e-08,1.1e-08,1e-08,3.7e-08,1.0,0.00012,1.0,3.77e-05,0.005250617670899842,43.75514725749868,0.0016495690516077001,0.513,0.361,0.28528571428571425,8.85e-05,0.0003878,0.5,0.37,-1.0,1.0,0.1,0.834,80,1200,1e-10,12,True,True,True,False,False,1.0,warn,True,False,False,15,25,25,BOTH,BOTH,BOTH,0.1,10000.0,0.1,10000.0,0.0,1e-06,FULL,0.44344660085872234,0.07028848162063044,0.07028848162063044,2.137625876965546e-09,2.137625876965546e-09,3.1342900497222104e-11,3.1342900497222104e-11,9.532058968585429e-19,9.532058968585429e-19,True,brentq,15,1.0,0.6248610819651622,-0.22579623570236243,0.32671611748407864,-0.1178811700972017,3.05797042355106,False,with_edl_FULL,0.0001,,,pzc_Pd,0.28528571428571425,
ofat_compare:pzc_Pd:without_edl,8.314,96485.0,298.0,8.8541878128e-12,78.5,,0.1,3.041217889017721e-08,1.1e-08,1e-08,3.7e-08,1.0,0.00012,1.0,3.77e-05,0.005250617670899842,43.75514725749868,0.0016495690516077001,0.513,0.361,0.28528571428571425,8.85e-05,0.0003878,0.5,0.37,-1.0,1.0,0.1,0.834,80,1200,1e-10,12,True,True,True,False,False,1.0,warn,True,False,False,15,25,25,BOTH,BOTH,BOTH,0.1,10000.0,0.1,10000.0,0.0,1e-06,FULL,0.49157212957749513,0.06555361211259984,0.06555361211259984,1.993628178465674e-09,1.993628178465674e-09,7.0887740122316245e-12,7.0887740122316245e-12,2.1558506337202743e-19,2.1558506337202743e-19,True,brentq,12,1.0,0.0,0.0,0.0,0.0,0.0,True,without_edl,0.0001,,,pzc_Pd,0.28528571428571425,
ofat_compare:pzc_Pd:with_edl_FULL,8.314,96485.0,298.0,8.8541878128e-12,78.5,,0.1,3.041217889017721e-08,1.1e-08,1e-08,3.7e-08,1.0,0.00012,1.0,3.77e-05,0.005250617670899842,43.75514725749868,0.0016495690516077001,0.513,0.361,0.31385714285714283,8.85e-05,0.0003878,0.5,0.37,-1.0,1.0,0.1,0.834,80,1200,1e-10,12,True,True,True,False,False,1.0,warn,True,False,False,15,25,25,BOTH,BOTH,BOTH,0.1,10000.0,0.1,10000.0,0.0,1e-06,FULL,0.44346258132762034,0.07031969065647077,0.07031969065647077,2.1385750117465122e-09,2.1385750117465122e-09,3.109394686173772e-11,3.109394686173772e-11,9.456346743608319e-19,9.456346743608319e-19,True,brentq,15,1.0,0.6248610819651622,-0.22579963870398526,0.32671611748407864,-0.1179115399763056,3.0585321619413772,False,with_edl_FULL,0.0001,,,pzc_Pd,0.31385714285714283,
ofat_compare:pzc_Pd:without_edl,8.314,96485.0,298.0,8.8541878128e-12,78.5,,0.1,3.041217889017721e-08,1.1e-08,1e-08,3.7e-08,1.0,0.00012,1.0,3.77e-05,0.005250617670899842,43.75514725749868,0.0016495690516077001,0.513,0.361,0.31385714285714283,8.85e-05,0.0003878,0.5,0.37,-1.0,1.0,0.1,0.834,80,1200,1e-10,12,True,True,True,False,False,1.0,warn,True,False,False,15,25,25,BOTH,BOTH,BOTH,0.1,10000.0,0.1,10000.0,0.0,1e-06,FULL,0.49157212957749513,0.06555361211259984,0.06555361211259984,1.993628178465674e-09,1.993628178465674e-09,7.0887740122316245e-12,7.0887740122316245e-12,2.1558506337202743e-19,2.1558506337202743e-19,True,brentq,12,1.0,0.0,0.0,0.0,0.0,0.0,True,without_edl,0.0001,,,pzc_Pd,0.31385714285714283,
ofat_compare:pzc_Pd:with_edl_FULL,8.314,96485.0,298.0,8.8541878128e-12,78.5,,0.1,3.041217889017721e-08,1.1e-08,1e-08,3.7e-08,1.0,0.00012,1.0,3.77e-05,0.005250617670899842,43.75514725749868,0.0016495690516077001,0.513,0.361,0.3424285714285714,8.85e-05,0.0003878,0.5,0.37,-1.0,1.0,0.1,0.834,80,1200,1e-10,12,True,True,True,False,False,1.0,warn,True,False,False,15,25,25,BOTH,BOTH,BOTH,0.1,10000.0,0.1,10000.0,0.0,1e-06,FULL,0.44347856245346023,0.07035091511733785,0.07035091511733785,2.1395246156361507e-09,2.1395246156361507e-09,3.084707489442451e-11,3.084707489442451e-11,9.381267599279324e-19,9.381267599279324e-19,True,brentq,15,1.0,0.6248610819651622,-0.2258030417056075,0.32671611748407864,-0.11794190985540978,3.0590939246994253,False,with_edl_FULL,0.0001,,,pzc_Pd,0.3424285714285714,
ofat_compare:pzc_Pd:without_edl,8.314,96485.0,298.0,8.8541878128e-12,78.5,,0.1,3.041217889017721e-08,1.1e-08,1e-08,3.7e-08,1.0,0.00012,1.0,3.77e-05,0.005250617670899842,43.75514725749868,0.0016495690516077001,0.513,0.361,0.3424285714285714,8.85e-05,0.0003878,0.5,0.37,-1.0,1.0,0.1,0.834,80,1200,1e-10,12,True,True,True,False,False,1.0,warn,True,False,False,15,25,25,BOTH,BOTH,BOTH,0.1,10000.0,0.1,10000.0,0.0,1e-06,FULL,0.49157212957749513,0.06555361211259984,0.06555361211259984,1.993628178465674e-09,1.993628178465674e-09,7.0887740122316245e-12,7.0887740122316245e-12,2.1558506337202743e-19,2.1558506337202743e-19,True,brentq,12,1.0,0.0,0.0,0.0,0.0,0.0,True,without_edl,0.0001,,,pzc_Pd,0.3424285714285714,
ofat_compare:pzc_Pd:with_edl_FULL,8.314,96485.0,298.0,8.8541878128e-12,78.5,,0.1,3.041217889017721e-08,1.1e-08,1e-08,3.7e-08,1.0,0.00012,1.0,3.77e-05,0.005250617670899842,43.75514725749868,0.0016495690516077001,0.513,0.361,0.371,8.85e-05,0.0003878,0.5,0.37,-1.0,1.0,0.1,0.834,80,1200,1e-10,12,True,True,True,False,False,1.0,warn,True,False,False,15,25,25,BOTH,BOTH,BOTH,0.1,10000.0,0.1,10000.0,0.0,1e-06,FULL,0.44349454423603574,0.07038215501102128,0.07038215501102128,2.140474688871362e-09,2.140474688871362e-09,3.060189601722385e-11,3.060189601722385e-11,9.306703360544132e-19,9.306703360544132e-19,True,brentq,15,1.0,0.6248610819651622,-0.22580644470723008,0.32671611748407864,-0.11797227973451423,3.0596557118175287,False,with_edl_FULL,0.0001,,,pzc_Pd,0.371,
ofat_compare:pzc_Pd:without_edl,8.314,96485.0,298.0,8.8541878128e-12,78.5,,0.1,3.041217889017721e-08,1.1e-08,1e-08,3.7e-08,1.0,0.00012,1.0,3.77e-05,0.005250617670899842,43.75514725749868,0.0016495690516077001,0.513,0.361,0.371,8.85e-05,0.0003878,0.5,0.37,-1.0,1.0,0.1,0.834,80,1200,1e-10,12,True,True,True,False,False,1.0,warn,True,False,False,15,25,25,BOTH,BOTH,BOTH,0.1,10000.0,0.1,10000.0,0.0,1e-06,FULL,0.49157212957749513,0.06555361211259984,0.06555361211259984,1.993628178465674e-09,1.993628178465674e-09,7.0887740122316245e-12,7.0887740122316245e-12,2.1558506337202743e-19,2.1558506337202743e-19,True,brentq,12,1.0,0.0,0.0,0.0,0.0,0.0,True,without_edl,0.0001,,,pzc_Pd,0.371,
ofat_compare:pzc_Pd:with_edl_FULL,8.314,96485.0,298.0,8.8541878128e-12,78.5,,0.1,3.041217889017721e-08,1.1e-08,1e-08,3.7e-08,1.0,0.00012,1.0,3.77e-05,0.005250617670899842,43.75514725749868,0.0016495690516077001,0.513,0.361,0.3995714285714286,8.85e-05,0.0003878,0.5,0.37,-1.0,1.0,0.1,0.834,80,1200,1e-10,12,True,True,True,False,False,1.0,warn,True,False,False,15,25,25,BOTH,BOTH,BOTH,0.1,10000.0,0.1,10000.0,0.0,1e-06,FULL,0.4435105266751403,0.07041341034531523,0.07041341034531523,2.1414252316891816e-09,2.1414252316891816e-09,3.0358673908104095e-11,3.0358673908104095e-11,9.232734217618171e-19,9.232734217618171e-19,True,brentq,15,1.0,0.6248610819651622,-0.22580984770885304,0.32671611748407864,-0.11800264961361835,3.060217523288042,False,with_edl_FULL,0.0001,,,pzc_Pd,0.3995714285714286,
ofat_compare:pzc_Pd:without_edl,8.314,96485.0,298.0,8.8541878128e-12,78.5,,0.1,3.041217889017721e-08,1.1e-08,1e-08,3.7e-08,1.0,0.00012,1.0,3.77e-05,0.005250617670899842,43.75514725749868,0.0016495690516077001,0.513,0.361,0.3995714285714286,8.85e-05,0.0003878,0.5,0.37,-1.0,1.0,0.1,0.834,80,1200,1e-10,12,True,True,True,False,False,1.0,warn,True,False,False,15,25,25,BOTH,BOTH,BOTH,0.1,10000.0,0.1,10000.0,0.0,1e-06,FULL,0.49157212957749513,0.06555361211259984,0.06555361211259984,1.993628178465674e-09,1.993628178465674e-09,7.0887740122316245e-12,7.0887740122316245e-12,2.1558506337202743e-19,2.1558506337202743e-19,True,brentq,12,1.0,0.0,0.0,0.0,0.0,0.0,True,without_edl,0.0001,,,pzc_Pd,0.3995714285714286,
ofat_compare:pzc_Pd:with_edl_FULL,8.314,96485.0,298.0,8.8541878128e-12,78.5,,0.1,3.041217889017721e-08,1.1e-08,1e-08,3.7e-08,1.0,0.00012,1.0,3.77e-05,0.005250617670899842,43.75514725749868,0.0016495690516077001,0.513,0.361,0.4281428571428571,8.85e-05,0.0003878,0.5,0.37,-1.0,1.0,0.1,0.834,80,1200,1e-10,12,True,True,True,False,False,1.0,warn,True,False,False,15,25,25,BOTH,BOTH,BOTH,0.1,10000.0,0.1,10000.0,0.0,1e-06,FULL,0.44352650977056746,0.07044468112801933,0.07044468112801933,2.1423762443268143e-09,2.1423762443268143e-09,3.011708937794566e-11,3.011708937794566e-11,9.159263098135392e-19,9.159263098135392e-19,True,brentq,15,1.0,0.6248610819651622,-0.22581325071047542,0.32671611748407864,-0.11803301949272274,3.060779359103318,False,with_edl_FULL,0.0001,,,pzc_Pd,0.4281428571428571,
ofat_compare:pzc_Pd:without_edl,8.314,96485.0,298.0,8.8541878128e-12,78.5,,0.1,3.041217889017721e-08,1.1e-08,1e-08,3.7e-08,1.0,0.00012,1.0,3.77e-05,0.005250617670899842,43.75514725749868,0.0016495690516077001,0.513,0.361,0.4281428571428571,8.85e-05,0.0003878,0.5,0.37,-1.0,1.0,0.1,0.834,80,1200,1e-10,12,True,True,True,False,False,1.0,warn,True,False,False,15,25,25,BOTH,BOTH,BOTH,0.1,10000.0,0.1,10000.0,0.0,1e-06,FULL,0.49157212957749513,0.06555361211259984,0.06555361211259984,1.993628178465674e-09,1.993628178465674e-09,7.0887740122316245e-12,7.0887740122316245e-12,2.1558506337202743e-19,2.1558506337202743e-19,True,brentq,12,1.0,0.0,0.0,0.0,0.0,0.0,True,without_edl,0.0001,,,pzc_Pd,0.4281428571428571,
ofat_compare:pzc_Pd:with_edl_FULL,8.314,96485.0,298.0,8.8541878128e-12,78.5,,0.1,3.041217889017721e-08,1.1e-08,1e-08,3.7e-08,1.0,0.00012,1.0,3.77e-05,0.005250617670899842,43.75514725749868,0.0016495690516077001,0.513,0.361,0.4567142857142857,8.85e-05,0.0003878,0.5,0.37,-1.0,1.0,0.1,0.834,80,1200,1e-10,12,True,True,True,False,False,1.0,warn,True,False,False,15,25,25,BOTH,BOTH,BOTH,0.1,10000.0,0.1,10000.0,0.0,1e-06,FULL,0.4435424935221107,0.07047596736693511,0.07047596736693511,2.143327727021522e-09,2.143327727021522e-09,2.987719793789978e-11,2.987719793789978e-11,9.086306884246417e-19,9.086306884246417e-19,True,brentq,15,1.0,0.6248610819651622,-0.2258166537120977,0.32671611748407864,-0.11806338937182662,3.061341219255681,False,with_edl_FULL,0.0001,,,pzc_Pd,0.4567142857142857,
ofat_compare:pzc_Pd:without_edl,8.314,96485.0,298.0,8.8541878128e-12,78.5,,0.1,3.041217889017721e-08,1.1e-08,1e-08,3.7e-08,1.0,0.00012,1.0,3.77e-05,0.005250617670899842,43.75514725749868,0.0016495690516077001,0.513,0.361,0.4567142857142857,8.85e-05,0.0003878,0.5,0.37,-1.0,1.0,0.1,0.834,80,1200,1e-10,12,True,True,True,False,False,1.0,warn,True,False,False,15,25,25,BOTH,BOTH,BOTH,0.1,10000.0,0.1,10000.0,0.0,1e-06,FULL,0.49157212957749513,0.06555361211259984,0.06555361211259984,1.993628178465674e-09,1.993628178465674e-09,7.0887740122316245e-12,7.0887740122316245e-12,2.1558506337202743e-19,2.1558506337202743e-19,True,brentq,12,1.0,0.0,0.0,0.0,0.0,0.0,True,without_edl,0.0001,,,pzc_Pd,0.4567142857142857,
ofat_compare:pzc_Pd:with_edl_FULL,8.314,96485.0,298.0,8.8541878128e-12,78.5,,0.1,3.041217889017721e-08,1.1e-08,1e-08,3.7e-08,1.0,0.00012,1.0,3.77e-05,0.005250617670899842,43.75514725749868,0.0016495690516077001,0.513,0.361,0.48528571428571426,8.85e-05,0.0003878,0.5,0.37,-1.0,1.0,0.1,0.834,80,1200,1e-10,12,True,True,True,False,False,1.0,warn,True,False,False,15,25,25,BOTH,BOTH,BOTH,0.1,10000.0,0.1,10000.0,0.0,1e-06,FULL,0.44355847792956465,0.07050726906987008,0.07050726906987008,2.1442796800107473e-09,2.1442796800107473e-09,2.9639429799388495e-11,2.9639429799388495e-11,9.01399641261852e-19,9.01399641261852e-19,True,brentq,15,1.0,0.6248610819651622,-0.22582005671372057,0.32671611748407864,-0.11809375925093094,3.061903103737503,False,with_edl_FULL,0.0001,,,pzc_Pd,0.48528571428571426,
ofat_compare:pzc_Pd:without_edl,8.314,96485.0,298.0,8.8541878128e-12,78.5,,0.1,3.041217889017721e-08,1.1e-08,1e-08,3.7e-08,1.0,0.00012,1.0,3.77e-05,0.005250617670899842,43.75514725749868,0.0016495690516077001,0.513,0.361,0.48528571428571426,8.85e-05,0.0003878,0.5,0.37,-1.0,1.0,0.1,0.834,80,1200,1e-10,12,True,True,True,False,False,1.0,warn,True,False,False,15,25,25,BOTH,BOTH,BOTH,0.1,10000.0,0.1,10000.0,0.0,1e-06,FULL,0.49157212957749513,0.06555361211259984,0.06555361211259984,1.993628178465674e-09,1.993628178465674e-09,7.0887740122316245e-12,7.0887740122316245e-12,2.1558506337202743e-19,2.1558506337202743e-19,True,brentq,12,1.0,0.0,0.0,0.0,0.0,0.0,True,without_edl,0.0001,,,pzc_Pd,0.48528571428571426,
ofat_compare:pzc_Pd:with_edl_FULL,8.314,96485.0,298.0,8.8541878128e-12,78.5,,0.1,3.041217889017721e-08,1.1e-08,1e-08,3.7e-08,1.0,0.00012,1.0,3.77e-05,0.005250617670899842,43.75514725749868,0.0016495690516077001,0.513,0.361,0.5138571428571428,8.85e-05,0.0003878,0.5,0.37,-1.0,1.0,0.1,0.834,80,1200,1e-10,12,True,True,True,False,False,1.0,warn,True,False,False,15,25,25,BOTH,BOTH,BOTH,0.1,10000.0,0.1,10000.0,0.0,1e-06,FULL,0.4435744629927222,0.07053858624463447,0.07053858624463447,2.145232103532017e-09,2.145232103532017e-09,2.9403465773292226e-11,2.9403465773292226e-11,8.94223461088566e-19,8.94223461088566e-19,True,brentq,15,1.0,0.6248610819651622,-0.22582345971534298,0.32671611748407864,-0.11812412913003496,3.0624650125411286,False,with_edl_FULL,0.0001,,,pzc_Pd,0.5138571428571428,
ofat_compare:pzc_Pd:without_edl,8.314,96485.0,298.0,8.8541878128e-12,78.5,,0.1,3.041217889017721e-08,1.1e-08,1e-08,3.7e-08,1.0,0.00012,1.0,3.77e-05,0.005250617670899842,43.75514725749868,0.0016495690516077001,0.513,0.361,0.5138571428571428,8.85e-05,0.0003878,0.5,0.37,-1.0,1.0,0.1,0.834,80,1200,1e-10,12,True,True,True,False,False,1.0,warn,True,False,False,15,25,25,BOTH,BOTH,BOTH,0.1,10000.0,0.1,10000.0,0.0,1e-06,FULL,0.49157212957749513,0.06555361211259984,0.06555361211259984,1.993628178465674e-09,1.993628178465674e-09,7.0887740122316245e-12,7.0887740122316245e-12,2.1558506337202743e-19,2.1558506337202743e-19,True,brentq,12,1.0,0.0,0.0,0.0,0.0,0.0,True,without_edl,0.0001,,,pzc_Pd,0.5138571428571428,
ofat_compare:pzc_Pd:with_edl_FULL,8.314,96485.0,298.0,8.8541878128e-12,78.5,,0.1,3.041217889017721e-08,1.1e-08,1e-08,3.7e-08,1.0,0.00012,1.0,3.77e-05,0.005250617670899842,43.75514725749868,0.0016495690516077001,0.513,0.361,0.5424285714285715,8.85e-05,0.0003878,0.5,0.37,-1.0,1.0,0.1,0.834,80,1200,1e-10,12,True,True,True,False,False,1.0,warn,True,False,False,15,25,25,BOTH,BOTH,BOTH,0.1,10000.0,0.1,10000.0,0.0,1e-06,FULL,0.44359044871137765,0.07056991889904289,0.07056991889904289,2.14618499782299e-09,2.14618499782299e-09,2.916894503712797e-11,2.916894503712797e-11,8.870911745068826e-19,8.870911745068826e-19,True,brentq,15,1.0,0.6248610819651622,-0.2258268627169654,0.32671611748407864,-0.11815449900913923,3.0630269456588994,False,with_edl_FULL,0.0001,,,pzc_Pd,0.5424285714285715,
ofat_compare:pzc_Pd:without_edl,8.314,96485.0,298.0,8.8541878128e-12,78.5,,0.1,3.041217889017721e-08,1.1e-08,1e-08,3.7e-08,1.0,0.00012,1.0,3.77e-05,0.005250617670899842,43.75514725749868,0.0016495690516077001,0.513,0.361,0.5424285714285715,8.85e-05,0.0003878,0.5,0.37,-1.0,1.0,0.1,0.834,80,1200,1e-10,12,True,True,True,False,False,1.0,warn,True,False,False,15,25,25,BOTH,BOTH,BOTH,0.1,10000.0,0.1,10000.0,0.0,1e-06,FULL,0.49157212957749513,0.06555361211259984,0.06555361211259984,1.993628178465674e-09,1.993628178465674e-09,7.0887740122316245e-12,7.0887740122316245e-12,2.1558506337202743e-19,2.1558506337202743e-19,True,brentq,12,1.0,0.0,0.0,0.0,0.0,0.0,True,without_edl,0.0001,,,pzc_Pd,0.5424285714285715,
ofat_compare:pzc_Pd:with_edl_FULL,8.314,96485.0,298.0,8.8541878128e-12,78.5,,0.1,3.041217889017721e-08,1.1e-08,1e-08,3.7e-08,1.0,0.00012,1.0,3.77e-05,0.005250617670899842,43.75514725749868,0.0016495690516077001,0.513,0.361,0.571,8.85e-05,0.0003878,0.5,0.37,-1.0,1.0,0.1,0.834,80,1200,1e-10,12,True,True,True,False,False,1.0,warn,True,False,False,15,25,25,BOTH,BOTH,BOTH,0.1,10000.0,0.1,10000.0,0.0,1e-06,FULL,0.4436064350853249,0.07060126704091382,0.07060126704091382,2.1471383631214436e-09,2.1471383631214436e-09,2.893640882462023e-11,2.893640882462023e-11,8.800192416136528e-19,8.800192416136528e-19,True,brentq,15,1.0,0.6248610819651622,-0.22583026571858808,0.32671611748407864,-0.11818486888824335,3.0635889030831844,False,with_edl_FULL,0.0001,,,pzc_Pd,0.571,
ofat_compare:pzc_Pd:without_edl,8.314,96485.0,298.0,8.8541878128e-12,78.5,,0.1,3.041217889017721e-08,1.1e-08,1e-08,3.7e-08,1.0,0.00012,1.0,3.77e-05,0.005250617670899842,43.75514725749868,0.0016495690516077001,0.513,0.361,0.571,8.85e-05,0.0003878,0.5,0.37,-1.0,1.0,0.1,0.834,80,1200,1e-10,12,True,True,True,False,False,1.0,warn,True,False,False,15,25,25,BOTH,BOTH,BOTH,0.1,10000.0,0.1,10000.0,0.0,1e-06,FULL,0.49157212957749513,0.06555361211259984,0.06555361211259984,1.993628178465674e-09,1.993628178465674e-09,7.0887740122316245e-12,7.0887740122316245e-12,2.1558506337202743e-19,2.1558506337202743e-19,True,brentq,12,1.0,0.0,0.0,0.0,0.0,0.0,True,without_edl,0.0001,,,pzc_Pd,0.571,
ofat_compare:it0_1:with_edl_FULL,8.314,96485.0,298.0,8.8541878128e-12,78.5,,0.1,3.041217889017721e-08,1.1e-08,1e-08,3.7e-08,1.0,0.00012,1.0,3.77e-05,0.005250617670899842,43.75514725749868,0.0016495690516077001,0.513,0.361,0.371,8.849999999999993e-06,0.0003878,0.5,0.37,-1.0,1.0,0.1,0.834,80,1200,1e-10,12,True,True,True,False,False,1.0,warn,True,False,False,15,25,25,BOTH,BOTH,BOTH,0.1,10000.0,0.1,10000.0,0.0,1e-06,FULL,0.48672590267071997,0.02794029594032912,0.02794029594032912,8.497252783817813e-10,8.497252783817813e-10,1.3149203947904198e-15,1.3149203947904198e-15,3.998959427270869e-23,3.998959427270869e-23,True,brentq,16,1.0,0.6248610819651622,-0.22580644470723008,0.32671611748407864,-0.11797227973451423,4.663221652696551,False,with_edl_FULL,0.0001,,,it0_1,8.849999999999993e-06,
ofat_compare:it0_1:without_edl,8.314,96485.0,298.0,8.8541878128e-12,78.5,,0.1,3.041217889017721e-08,1.1e-08,1e-08,3.7e-08,1.0,0.00012,1.0,3.77e-05,0.005250617670899842,43.75514725749868,0.0016495690516077001,0.513,0.361,0.371,8.849999999999993e-06,0.0003878,0.5,0.37,-1.0,1.0,0.1,0.834,80,1200,1e-10,12,True,True,True,False,False,1.0,warn,True,False,False,15,25,25,BOTH,BOTH,BOTH,0.1,10000.0,0.1,10000.0,0.0,1e-06,FULL,0.5595336238452789,0.024621203101947757,0.024621203101947757,7.487844332278212e-10,7.487844332278212e-10,6.83481049534862e-16,6.83481049534862e-16,2.0786147946500295e-23,2.0786147946500295e-23,True,brentq,16,1.0,0.0,0.0,0.0,0.0,0.0,True,without_edl,0.0001,,,it0_1,8.849999999999993e-06,
ofat_compare:it0_1:with_edl_FULL,8.314,96485.0,298.0,8.8541878128e-12,78.5,,0.1,3.041217889017721e-08,1.1e-08,1e-08,3.7e-08,1.0,0.00012,1.0,3.77e-05,0.005250617670899842,43.75514725749868,0.0016495690516077001,0.513,0.361,0.371,1.2297035125202271e-05,0.0003878,0.5,0.37,-1.0,1.0,0.1,0.834,80,1200,1e-10,12,True,True,True,False,False,1.0,warn,True,False,False,15,25,25,BOTH,BOTH,BOTH,0.1,10000.0,0.1,10000.0,0.0,1e-06,FULL,0.4805395422379888,0.03186209116389357,0.03186209116389357,9.689956162914658e-10,9.689956162914658e-10,1.1352030426792226e-13,1.1352030426792226e-13,3.452399801063399e-21,3.452399801063399e-21,True,brentq,14,1.0,0.6248610819651622,-0.22580644470723008,0.32671611748407864,-0.11797227973451423,4.433753108400927,False,with_edl_FULL,0.0001,,,it0_1,1.2297035125202271e-05,
ofat_compare:it0_1:without_edl,8.314,96485.0,298.0,8.8541878128e-12,78.5,,0.1,3.041217889017721e-08,1.1e-08,1e-08,3.7e-08,1.0,0.00012,1.0,3.77e-05,0.005250617670899842,43.75514725749868,0.0016495690516077001,0.513,0.361,0.371,1.2297035125202271e-05,0.0003878,0.5,0.37,-1.0,1.0,0.1,0.834,80,1200,1e-10,12,True,True,True,False,False,1.0,warn,True,False,False,15,25,25,BOTH,BOTH,BOTH,0.1,10000.0,0.1,10000.0,0.0,1e-06,FULL,0.5498248389494304,0.028318132357759093,0.028318132357759093,8.612161070998853e-10,8.612161070998853e-10,5.547645676173829e-15,5.547645676173829e-15,1.687159927231166e-22,1.687159927231166e-22,True,brentq,17,1.0,0.0,0.0,0.0,0.0,0.0,True,without_edl,0.0001,,,it0_1,1.2297035125202271e-05,
ofat_compare:it0_1:with_edl_FULL,8.314,96485.0,298.0,8.8541878128e-12,78.5,,0.1,3.041217889017721e-08,1.1e-08,1e-08,3.7e-08,1.0,0.00012,1.0,3.77e-05,0.005250617670899842,43.75514725749868,0.0016495690516077001,0.513,0.361,0.371,1.708667490061675e-05,0.0003878,0.5,0.37,-1.0,1.0,0.1,0.834,80,1200,1e-10,12,True,True,True,False,False,1.0,warn,True,False,False,15,25,25,BOTH,BOTH,BOTH,0.1,10000.0,0.1,10000.0,0.0,1e-06,FULL,0.4743563614697098,0.0363417585908142,0.0363417585908142,1.1052320634474758e-09,1.1052320634474758e-09,9.372155829190376e-13,9.372155829190376e-13,2.850276796639549e-20,2.850276796639549e-20,True,brentq,14,1.0,0.6248610819651622,-0.22580644470723008,0.32671611748407864,-0.11797227973451423,4.204402506307526,False,with_edl_FULL,0.0001,,,it0_1,1.708667490061675e-05,
ofat_compare:it0_1:without_edl,8.314,96485.0,298.0,8.8541878128e-12,78.5,,0.1,3.041217889017721e-08,1.1e-08,1e-08,3.7e-08,1.0,0.00012,1.0,3.77e-05,0.005250617670899842,43.75514725749868,0.0016495690516077001,0.513,0.361,0.371,1.708667490061675e-05,0.0003878,0.5,0.37,-1.0,1.0,0.1,0.834,80,1200,1e-10,12,True,True,True,False,False,1.0,warn,True,False,False,15,25,25,BOTH,BOTH,BOTH,0.1,10000.0,0.1,10000.0,0.0,1e-06,FULL,0.5401160540710274,0.03257016390236958,0.03257016390236958,9.90529651081256e-10,9.90529651081256e-10,1.926308418331857e-11,1.926308418331857e-11,5.858323621596274e-19,5.858323621596274e-19,True,brentq,16,1.0,0.0,0.0,0.0,0.0,0.0,True,without_edl,0.0001,,,it0_1,1.708667490061675e-05,
ofat_compare:it0_1:with_edl_FULL,8.314,96485.0,298.0,8.8541878128e-12,78.5,,0.1,3.041217889017721e-08,1.1e-08,1e-08,3.7e-08,1.0,0.00012,1.0,3.77e-05,0.005250617670899842,43.75514725749868,0.0016495690516077001,0.513,0.361,0.371,2.374185778822557e-05,0.0003878,0.5,0.37,-1.0,1.0,0.1,0.834,80,1200,1e-10,12,True,True,True,False,False,1.0,warn,True,False,False,15,25,25,BOTH,BOTH,BOTH,0.1,10000.0,0.1,10000.0,0.0,1e-06,FULL,0.46817653829785805,0.04145987631285256,0.04145987631285256,1.2608851751910929e-09,1.2608851751910929e-09,1.5329522373708215e-11,1.5329522373708215e-11,4.662041767301882e-19,4.662041767301882e-19,True,brentq,14,1.0,0.6248610819651622,-0.22580644470723008,0.32671611748407864,-0.11797227973451423,3.975176446386035,False,with_edl_FULL,0.0001,,,it0_1,2.374185778822557e-05,
ofat_compare:it0_1:without_edl,8.314,96485.0,298.0,8.8541878128e-12,78.5,,0.1,3.041217889017721e-08,1.1e-08,1e-08,3.7e-08,1.0,0.00012,1.0,3.77e-05,0.005250617670899842,43.75514725749868,0.0016495690516077001,0.513,0.361,0.371,2.374185778822557e-05,0.0003878,0.5,0.37,-1.0,1.0,0.1,0.834,80,1200,1e-10,12,True,True,True,False,False,1.0,warn,True,False,False,15,25,25,BOTH,BOTH,BOTH,0.1,10000.0,0.1,10000.0,0.0,1e-06,FULL,0.5304072691578149,0.037460647563416674,0.037460647563416674,1.1392599150405089e-09,1.1392599150405089e-09,1.2362333379201118e-13,1.2362333379201118e-13,3.759654942282733e-21,3.759654942282733e-21,True,brentq,16,1.0,0.0,0.0,0.0,0.0,0.0,True,without_edl,0.0001,,,it0_1,2.374185778822557e-05,
ofat_compare:it0_1:with_edl_FULL,8.314,96485.0,298.0,8.8541878128e-12,78.5,,0.1,3.041217889017721e-08,1.1e-08,1e-08,3.7e-08,1.0,0.00012,1.0,3.77e-05,0.005250617670899842,43.75514725749868,0.0016495690516077001,0.513,0.361,0.371,3.2989204424787176e-05,0.0003878,0.5,0.37,-1.0,1.0,0.1,0.834,80,1200,1e-10,12,True,True,True,False,False,1.0,warn,True,False,False,15,25,25,BOTH,BOTH,BOTH,0.1,10000.0,0.1,10000.0,0.0,1e-06,FULL,0.4620002553228117,0.04730886566676729,0.04730886566676729,1.4387656857490897e-09,1.4387656857490897e-09,1.5959455978986625e-16,1.5959455978986625e-16,4.853618302228495e-24,4.853618302228495e-24,True,brentq,15,1.0,0.6248610819651622,-0.22580644470723008,0.32671611748407864,-0.11797227973451423,3.746081701769606,False,with_edl_FULL,0.0001,,,it0_1,3.2989204424787176e-05,
ofat_compare:it0_1:without_edl,8.314,96485.0,298.0,8.8541878128e-12,78.5,,0.1,3.041217889017721e-08,1.1e-08,1e-08,3.7e-08,1.0,0.00012,1.0,3.77e-05,0.005250617670899842,43.75514725749868,0.0016495690516077001,0.513,0.361,0.371,3.2989204424787176e-05,0.0003878,0.5,0.37,-1.0,1.0,0.1,0.834,80,1200,1e-10,12,True,True,True,False,False,1.0,warn,True,False,False,15,25,25,BOTH,BOTH,BOTH,0.1,10000.0,0.1,10000.0,0.0,1e-06,FULL,0.5206984842618655,0.04308544840451742,0.04308544840451742,1.310322364441684e-09,1.310322364441684e-09,2.1788126858268697e-15,2.1788126858268697e-15,6.626244116955424e-23,6.626244116955424e-23,True,brentq,16,1.0,0.0,0.0,0.0,0.0,0.0,True,without_edl,0.0001,,,it0_1,3.2989204424787176e-05,
ofat_compare:it0_1:with_edl_FULL,8.314,96485.0,298.0,8.8541878128e-12,78.5,,0.1,3.041217889017721e-08,1.1e-08,1e-08,3.7e-08,1.0,0.00012,1.0,3.77e-05,0.005250617670899842,43.75514725749868,0.0016495690516077001,0.513,0.361,0.371,4.58383509111962e-05,0.0003878,0.5,0.37,-1.0,1.0,0.1,0.834,80,1200,1e-10,12,True,True,True,False,False,1.0,warn,True,False,False,15,25,25,BOTH,BOTH,BOTH,0.1,10000.0,0.1,10000.0,0.0,1e-06,FULL,0.45582769988075855,0.05399476665296963,0.05399476665296963,1.6420985025834874e-09,1.6420985025834874e-09,1.6861512186494565e-14,1.6861512186494565e-14,5.127953249745758e-22,5.127953249745758e-22,True,brentq,15,1.0,0.6248610819651622,-0.22580644470723008,0.32671611748407864,-0.11797227973451423,3.5171252212551583,False,with_edl_FULL,0.0001,,,it0_1,4.58383509111962e-05,
ofat_compare:it0_1:without_edl,8.314,96485.0,298.0,8.8541878128e-12,78.5,,0.1,3.041217889017721e-08,1.1e-08,1e-08,3.7e-08,1.0,0.00012,1.0,3.77e-05,0.005250617670899842,43.75514725749868,0.0016495690516077001,0.513,0.361,0.371,4.58383509111962e-05,0.0003878,0.5,0.37,-1.0,1.0,0.1,0.834,80,1200,1e-10,12,True,True,True,False,False,1.0,warn,True,False,False,15,25,25,BOTH,BOTH,BOTH,0.1,10000.0,0.1,10000.0,0.0,1e-06,FULL,0.5109896993661576,0.04955482579644306,0.04955482579644306,1.5070702269929948e-09,1.5070702269929948e-09,2.4694829514615435e-13,2.4694829514615435e-13,7.510235728609126e-21,7.510235728609126e-21,True,brentq,12,1.0,0.0,0.0,0.0,0.0,0.0,True,without_edl,0.0001,,,it0_1,4.58383509111962e-05,
ofat_compare:it0_1:with_edl_FULL,8.314,96485.0,298.0,8.8541878128e-12,78.5,,0.1,3.041217889017721e-08,1.1e-08,1e-08,3.7e-08,1.0,0.00012,1.0,3.77e-05,0.005250617670899842,43.75514725749868,0.0016495690516077001,0.513,0.361,0.371,6.369218206060185e-05,0.0003878,0.5,0.37,-1.0,1.0,0.1,0.834,80,1200,1e-10,12,True,True,True,False,False,1.0,warn,True,False,False,15,25,25,BOTH,BOTH,BOTH,0.1,10000.0,0.1,10000.0,0.0,1e-06,FULL,0.4496590639645232,0.061639285165391064,0.061639285165391064,1.8745849671125192e-09,1.8745849671125192e-09,8.972059206691085e-13,8.972059206691085e-13,2.728598696071507e-20,2.728598696071507e-20,True,brentq,15,1.0,0.6248610819651622,-0.22580644470723008,0.32671611748407864,-0.11797227973451423,3.2883141263666413,False,with_edl_FULL,0.0001,,,it0_1,6.369218206060185e-05,
ofat_compare:it0_1:without_edl,8.314,96485.0,298.0,8.8541878128e-12,78.5,,0.1,3.041217889017721e-08,1.1e-08,1e-08,3.7e-08,1.0,0.00012,1.0,3.77e-05,0.005250617670899842,43.75514725749868,0.0016495690516077001,0.513,0.361,0.371,6.369218206060185e-05,0.0003878,0.5,0.37,-1.0,1.0,0.1,0.834,80,1200,1e-10,12,True,True,True,False,False,1.0,warn,True,False,False,15,25,25,BOTH,BOTH,BOTH,0.1,10000.0,0.1,10000.0,0.0,1e-06,FULL,0.5012809144705007,0.056995594815737995,0.056995594815737995,1.7333602254882808e-09,1.7333602254882808e-09,6.638162242111889e-13,6.638162242111889e-13,2.018809776091266e-20,2.018809776091266e-20,True,brentq,12,1.0,0.0,0.0,0.0,0.0,0.0,True,without_edl,0.0001,,,it0_1,6.369218206060185e-05,
ofat_compare:it0_1:with_edl_FULL,8.314,96485.0,298.0,8.8541878128e-12,78.5,,0.1,3.041217889017721e-08,1.1e-08,1e-08,3.7e-08,1.0,0.00012,1.0,3.77e-05,0.005250617670899842,43.75514725749868,0.0016495690516077001,0.513,0.361,0.371,8.849999999999994e-05,0.0003878,0.5,0.37,-1.0,1.0,0.1,0.834,80,1200,1e-10,12,True,True,True,False,False,1.0,warn,True,False,False,15,25,25,BOTH,BOTH,BOTH,0.1,10000.0,0.1,10000.0,0.0,1e-06,FULL,0.44349454423603574,0.07038215501102124,0.07038215501102124,2.14047468887136e-09,2.14047468887136e-09,3.060185438386043e-11,3.060185438386043e-11,9.30669069893117e-19,9.30669069893117e-19,True,brentq,15,1.0,0.6248610819651622,-0.22580644470723008,0.32671611748407864,-0.11797227973451423,3.0596557118175287,False,with_edl_FULL,0.0001,,,it0_1,8.849999999999994e-05,
ofat_compare:it0_1:without_edl,8.314,96485.0,298.0,8.8541878128e-12,78.5,,0.1,3.041217889017721e-08,1.1e-08,1e-08,3.7e-08,1.0,0.00012,1.0,3.77e-05,0.005250617670899842,43.75514725749868,0.0016495690516077001,0.513,0.361,0.371,8.849999999999994e-05,0.0003878,0.5,0.37,-1.0,1.0,0.1,0.834,80,1200,1e-10,12,True,True,True,False,False,1.0,warn,True,False,False,15,25,25,BOTH,BOTH,BOTH,0.1,10000.0,0.1,10000.0,0.0,1e-06,FULL,0.49157212957749513,0.0655536121125998,0.0655536121125998,1.9936281784656726e-09,1.9936281784656726e-09,7.088732378868201e-12,7.088732378868201e-12,2.1558379721073119e-19,2.1558379721073119e-19,True,brentq,12,1.0,0.0,0.0,0.0,0.0,0.0,True,without_edl,0.0001,,,it0_1,8.849999999999994e-05,
ofat_compare:it0_1:with_edl_FULL,8.314,96485.0,298.0,8.8541878128e-12,78.5,,0.1,3.041217889017721e-08,1.1e-08,1e-08,3.7e-08,1.0,0.00012,1.0,3.77e-05,0.005250617670899842,43.75514725749868,0.0016495690516077001,0.513,0.361,0.371,0.00012297035125202272,0.0003878,0.5,0.37,-1.0,1.0,0.1,0.834,80,1200,1e-10,12,True,True,True,False,False,1.0,warn,True,False,False,15,25,25,BOTH,BOTH,BOTH,0.1,10000.0,0.1,10000.0,0.0,1e-06,FULL,0.43733434193492315,0.08038386391852129,0.08038386391852129,2.4446484493737305e-09,2.4446484493737305e-09,2.581268532253489e-15,2.581268532253489e-15,7.850200036647827e-23,7.850200036647827e-23,True,brentq,16,1.0,0.6248610819651622,-0.22580644470723008,0.32671611748407864,-0.11797227973451423,2.831157442120242,False,with_edl_FULL,0.0001,,,it0_1,0.00012297035125202272,
ofat_compare:it0_1:without_edl,8.314,96485.0,298.0,8.8541878128e-12,78.5,,0.1,3.041217889017721e-08,1.1e-08,1e-08,3.7e-08,1.0,0.00012,1.0,3.77e-05,0.005250617670899842,43.75514725749868,0.0016495690516077001,0.513,0.361,0.371,0.00012297035125202272,0.0003878,0.5,0.37,-1.0,1.0,0.1,0.834,80,1200,1e-10,12,True,True,True,False,False,1.0,warn,True,False,False,15,25,25,BOTH,BOTH,BOTH,0.1,10000.0,0.1,10000.0,0.0,1e-06,FULL,0.4818633446748299,0.0753966350222971,0.0753966350222971,2.2929759520154996e-09,2.2929759520154996e-09,-9.247186349981007e-12,-9.247186349981007e-12,-2.8122708550642724e-19,-2.8122708550642724e-19,True,brentq,12,1.0,0.0,0.0,0.0,0.0,0.0,True,without_edl,0.0001,,,it0_1,0.00012297035125202272,
ofat_compare:it0_1:with_edl_FULL,8.314,96485.0,298.0,8.8541878128e-12,78.5,,0.1,3.041217889017721e-08,1.1e-08,1e-08,3.7e-08,1.0,0.00012,1.0,3.77e-05,0.005250617670899842,43.75514725749868,0.0016495690516077001,0.513,0.361,0.371,0.00017086674900616746,0.0003878,0.5,0.37,-1.0,1.0,0.1,0.834,80,1200,1e-10,12,True,True,True,False,False,1.0,warn,True,False,False,15,25,25,BOTH,BOTH,BOTH,0.1,10000.0,0.1,10000.0,0.0,1e-06,FULL,0.43117866289153256,0.09182880144828866,0.09182880144828866,2.792713936915919e-09,2.792713936915919e-09,1.7699730570086558e-13,1.7699730570086558e-13,5.382873724054107e-21,5.382873724054107e-21,True,brentq,16,1.0,0.6248610819651622,-0.22580644470723008,0.32671611748407864,-0.11797227973451423,2.6028269520691953,False,with_edl_FULL,0.0001,,,it0_1,0.00017086674900616746,
ofat_compare:it0_1:without_edl,8.314,96485.0,298.0,8.8541878128e-12,78.5,,0.1,3.041217889017721e-08,1.1e-08,1e-08,3.7e-08,1.0,0.00012,1.0,3.77e-05,0.005250617670899842,43.75514725749868,0.0016495690516077001,0.513,0.361,0.371,0.00017086674900616746,0.0003878,0.5,0.37,-1.0,1.0,0.1,0.834,80,1200,1e-10,12,True,True,True,False,False,1.0,warn,True,False,False,15,25,25,BOTH,BOTH,BOTH,0.1,10000.0,0.1,10000.0,0.0,1e-06,FULL,0.4721545597825999,0.08671761006969617,0.08671761006969617,2.6372714703682323e-09,2.6372714703682323e-09,1.0436096431476471e-14,1.0436096431476471e-14,3.1738443158920245e-22,3.1738443158920245e-22,True,brentq,13,1.0,0.0,0.0,0.0,0.0,0.0,True,without_edl,0.0001,,,it0_1,0.00017086674900616746,
ofat_compare:it0_1:with_edl_FULL,8.314,96485.0,298.0,8.8541878128e-12,78.5,,0.1,3.041217889017721e-08,1.1e-08,1e-08,3.7e-08,1.0,0.00012,1.0,3.77e-05,0.005250617670899842,43.75514725749868,0.0016495690516077001,0.513,0.361,0.371,0.0002374185778822557,0.0003878,0.5,0.37,-1.0,1.0,0.1,0.834,80,1200,1e-10,12,True,True,True,False,False,1.0,warn,True,False,False,15,25,25,BOTH,BOTH,BOTH,0.1,10000.0,0.1,10000.0,0.0,1e-06,FULL,0.42502771736127487,0.10492889495639893,0.10492889495639893,3.1911163241626175e-09,3.1911163241626175e-09,7.3709233161523e-12,7.3709233161523e-12,2.2416583847660197e-19,2.2416583847660197e-19,True,brentq,16,1.0,0.6248610819651622,-0.22580644470723008,0.32671611748407864,-0.11797227973451423,2.3746720405961845,False,with_edl_FULL,0.0001,,,it0_1,0.0002374185778822557,
ofat_compare:it0_1:without_edl,8.314,96485.0,298.0,8.8541878128e-12,78.5,,0.1,3.041217889017721e-08,1.1e-08,1e-08,3.7e-08,1.0,0.00012,1.0,3.77e-05,0.005250617670899842,43.75514725749868,0.0016495690516077001,0.513,0.361,0.371,0.0002374185778822557,0.0003878,0.5,0.37,-1.0,1.0,0.1,0.834,80,1200,1e-10,12,True,True,True,False,False,1.0,warn,True,False,False,15,25,25,BOTH,BOTH,BOTH,0.1,10000.0,0.1,10000.0,0.0,1e-06,FULL,0.46244577488674293,0.09973845508416805,0.09973845508416805,3.0332637382496234e-09,3.0332637382496234e-09,3.885780586188048e-16,3.885780586188048e-16,1.1817505431512858e-23,1.1817505431512858e-23,True,brentq,15,1.0,0.0,0.0,0.0,0.0,0.0,True,without_edl,0.0001,,,it0_1,0.0002374185778822557,
ofat_compare:it0_1:with_edl_FULL,8.314,96485.0,298.0,8.8541878128e-12,78.5,,0.1,3.041217889017721e-08,1.1e-08,1e-08,3.7e-08,1.0,0.00012,1.0,3.77e-05,0.005250617670899842,43.75514725749868,0.0016495690516077001,0.513,0.361,0.371,0.0003298920442478721,0.0003878,0.5,0.37,-1.0,1.0,0.1,0.834,80,1200,1e-10,12,True,True,True,False,False,1.0,warn,True,False,False,15,25,25,BOTH,BOTH,BOTH,0.1,10000.0,0.1,10000.0,0.0,1e-06,FULL,0.41888171992899065,0.11992781174340233,0.11992781174340233,3.647266064647847e-09,3.647266064647847e-09,-1.3268916521091967e-10,-1.3268916521091967e-10,-4.0353666291827674e-18,-4.0353666291827674e-18,True,brentq,16,1.0,0.6248610819651622,-0.22580644470723008,0.32671611748407864,-0.11797227973451423,2.14670066722306,False,with_edl_FULL,0.0001,,,it0_1,0.0003298920442478721,
ofat_compare:it0_1:without_edl,8.314,96485.0,298.0,8.8541878128e-12,78.5,,0.1,3.041217889017721e-08,1.1e-08,1e-08,3.7e-08,1.0,0.00012,1.0,3.77e-05,0.005250617670899842,43.75514725749868,0.0016495690516077001,0.513,0.361,0.371,0.0003298920442478721,0.0003878,0.5,0.37,-1.0,1.0,0.1,0.834,80,1200,1e-10,12,True,True,True,False,False,1.0,warn,True,False,False,15,25,25,BOTH,BOTH,BOTH,0.1,10000.0,0.1,10000.0,0.0,1e-06,FULL,0.4527369899908985,0.11471440938678876,0.11471440938678876,3.4887151395520434e-09,3.4887151395520434e-09,3.583244811977693e-14,3.583244811977693e-14,1.0897428222916499e-21,1.0897428222916499e-21,True,brentq,15,1.0,0.0,0.0,0.0,0.0,0.0,True,without_edl,0.0001,,,it0_1,0.0003298920442478721,
ofat_compare:it0_1:with_edl_FULL,8.314,96485.0,298.0,8.8541878128e-12,78.5,,0.1,3.041217889017721e-08,1.1e-08,1e-08,3.7e-08,1.0,0.00012,1.0,3.77e-05,0.005250617670899842,43.75514725749868,0.0016495690516077001,0.513,0.361,0.371,0.000458383509111962,0.0003878,0.5,0.37,-1.0,1.0,0.1,0.834,80,1200,1e-10,12,True,True,True,False,False,1.0,warn,True,False,False,15,25,25,BOTH,BOTH,BOTH,0.1,10000.0,0.1,10000.0,0.0,1e-06,FULL,0.4127408894835973,0.13710581788875414,0.13710581788875414,4.16968666051685e-09,4.16968666051685e-09,1.2961853812498703e-14,1.2961853812498703e-14,3.94198216894036e-22,3.94198216894036e-22,True,brentq,17,1.0,0.6248610819651622,-0.22580644470723008,0.32671611748407864,-0.11797227973451423,1.9189209511213008,False,with_edl_FULL,0.0001,,,it0_1,0.000458383509111962,
ofat_compare:it0_1:without_edl,8.314,96485.0,298.0,8.8541878128e-12,78.5,,0.1,3.041217889017721e-08,1.1e-08,1e-08,3.7e-08,1.0,0.00012,1.0,3.77e-05,0.005250617670899842,43.75514725749868,0.0016495690516077001,0.513,0.361,0.371,0.000458383509111962,0.0003878,0.5,0.37,-1.0,1.0,0.1,0.834,80,1200,1e-10,12,True,True,True,False,False,1.0,warn,True,False,False,15,25,25,BOTH,BOTH,BOTH,0.1,10000.0,0.1,10000.0,0.0,1e-06,FULL,0.4430282050954093,0.13193903705391988,0.13193903705391988,4.012553597481531e-09,4.012553597481531e-09,1.6696921623093886e-12,1.6696921623093886e-12,5.0778976731679925e-20,5.0778976731679925e-20,True,brentq,15,1.0,0.0,0.0,0.0,0.0,0.0,True,without_edl,0.0001,,,it0_1,0.000458383509111962,
ofat_compare:it0_1:with_edl_FULL,8.314,96485.0,298.0,8.8541878128e-12,78.5,,0.1,3.041217889017721e-08,1.1e-08,1e-08,3.7e-08,1.0,0.00012,1.0,3.77e-05,0.005250617670899842,43.75514725749868,0.0016495690516077001,0.513,0.361,0.371,0.0006369218206060198,0.0003878,0.5,0.37,-1.0,1.0,0.1,0.834,80,1200,1e-10,12,True,True,True,False,False,1.0,warn,True,False,False,15,25,25,BOTH,BOTH,BOTH,0.1,10000.0,0.1,10000.0,0.0,1e-06,FULL,0.4066054488444281,0.15678539709218403,0.15678539709218403,4.768185543734971e-09,4.768185543734971e-09,4.0901032560825e-11,4.0901032560825e-11,1.2438895190327728e-18,1.2438895190327728e-18,True,brentq,18,1.0,0.6248610819651622,-0.22580644470723008,0.32671611748407864,-0.11797227973451423,1.6913411572519657,False,with_edl_FULL,0.0001,,,it0_1,0.0006369218206060198,
ofat_compare:it0_1:without_edl,8.314,96485.0,298.0,8.8541878128e-12,78.5,,0.1,3.041217889017721e-08,1.1e-08,1e-08,3.7e-08,1.0,0.00012,1.0,3.77e-05,0.005250617670899842,43.75514725749868,0.0016495690516077001,0.513,0.361,0.371,0.0006369218206060198,0.0003878,0.5,0.37,-1.0,1.0,0.1,0.834,80,1200,1e-10,12,True,True,True,False,False,1.0,warn,True,False,False,15,25,25,BOTH,BOTH,BOTH,0.1,10000.0,0.1,10000.0,0.0,1e-06,FULL,0.43331942020808045,0.15174998149348906,0.15174998149348906,4.61504758376107e-09,4.61504758376107e-09,4.574937650936306e-11,4.574937650936306e-11,1.3913382225168205e-18,1.3913382225168205e-18,True,brentq,15,1.0,0.0,0.0,0.0,0.0,0.0,True,without_edl,0.0001,,,it0_1,0.0006369218206060198,
ofat_compare:it0_1:with_edl_FULL,8.314,96485.0,298.0,8.8541878128e-12,78.5,,0.1,3.041217889017721e-08,1.1e-08,1e-08,3.7e-08,1.0,0.00012,1.0,3.77e-05,0.005250617670899842,43.75514725749868,0.0016495690516077001,0.513,0.361,0.371,0.0008850000000000003,0.0003878,0.5,0.37,-1.0,1.0,0.1,0.834,80,1200,1e-10,12,True,True,True,False,False,1.0,warn,True,False,False,15,25,25,BOTH,BOTH,BOTH,0.1,10000.0,0.1,10000.0,0.0,1e-06,FULL,0.40047562474932324,0.17933775432260646,0.17933775432260646,5.454051866221759e-09,5.454051866221759e-09,-1.4189008301634942e-10,-1.4189008301634942e-10,-4.315186587435314e-18,-4.315186587435314e-18,True,brentq,18,1.0,0.6248610819651622,-0.22580644470723008,0.32671611748407864,-0.11797227973451423,1.463969695923943,False,with_edl_FULL,0.0001,,,it0_1,0.0008850000000000003,
ofat_compare:it0_1:without_edl,8.314,96485.0,298.0,8.8541878128e-12,78.5,,0.1,3.041217889017721e-08,1.1e-08,1e-08,3.7e-08,1.0,0.00012,1.0,3.77e-05,0.005250617670899842,43.75514725749868,0.0016495690516077001,0.513,0.361,0.371,0.0008850000000000003,0.0003878,0.5,0.37,-1.0,1.0,0.1,0.834,80,1200,1e-10,12,True,True,True,False,False,1.0,warn,True,False,False,15,25,25,BOTH,BOTH,BOTH,0.1,10000.0,0.1,10000.0,0.0,1e-06,FULL,0.423610635303329,0.17453558393071403,0.17453558393071403,5.308007401202414e-09,5.308007401202414e-09,1.7763568394002505e-15,1.7763568394002505e-15,5.402288197263021e-23,5.402288197263021e-23,True,brentq,16,1.0,0.0,0.0,0.0,0.0,0.0,True,without_edl,0.0001,,,it0_1,0.0008850000000000003,
ofat_compare:it0_2:with_edl_FULL,8.314,96485.0,298.0,8.8541878128e-12,78.5,,0.1,3.041217889017721e-08,1.1e-08,1e-08,3.7e-08,1.0,0.00012,1.0,3.77e-05,0.005250617670899842,43.75514725749868,0.0016495690516077001,0.513,0.361,0.371,8.85e-05,3.8779999999999984e-05,0.5,0.37,-1.0,1.0,0.1,0.834,80,1200,1e-10,12,True,True,True,False,False,1.0,warn,True,False,False,15,25,25,BOTH,BOTH,BOTH,0.1,10000.0,0.1,10000.0,0.0,1e-06,FULL,0.40047562474932324,0.01793377543226064,0.01793377543226064,5.454051866221757e-10,5.454051866221757e-10,-1.4189007607745552e-11,-1.4189007607745552e-11,-4.315186376408431e-19,-4.315186376408431e-19,True,brentq,18,1.0,0.6248610819651622,-0.22580644470723008,0.32671611748407864,-0.11797227973451423,1.463969695923943,False,with_edl_FULL,0.0001,,,it0_2,3.8779999999999984e-05,
ofat_compare:it0_2:without_edl,8.314,96485.0,298.0,8.8541878128e-12,78.5,,0.1,3.041217889017721e-08,1.1e-08,1e-08,3.7e-08,1.0,0.00012,1.0,3.77e-05,0.005250617670899842,43.75514725749868,0.0016495690516077001,0.513,0.361,0.371,8.85e-05,3.8779999999999984e-05,0.5,0.37,-1.0,1.0,0.1,0.834,80,1200,1e-10,12,True,True,True,False,False,1.0,warn,True,False,False,15,25,25,BOTH,BOTH,BOTH,0.1,10000.0,0.1,10000.0,0.0,1e-06,FULL,0.423610635303329,0.017453558393071396,0.017453558393071396,5.308007401202412e-10,5.308007401202412e-10,1.8041124150158794e-16,1.8041124150158794e-16,5.486698950345255e-24,5.486698950345255e-24,True,brentq,16,1.0,0.0,0.0,0.0,0.0,0.0,True,without_edl,0.0001,,,it0_2,3.8779999999999984e-05,
ofat_compare:it0_2:with_edl_FULL,8.314,96485.0,298.0,8.8541878128e-12,78.5,,0.1,3.041217889017721e-08,1.1e-08,1e-08,3.7e-08,1.0,0.00012,1.0,3.77e-05,0.005250617670899842,43.75514725749868,0.0016495690516077001,0.513,0.361,0.371,8.85e-05,5.38846352717903e-05,0.5,0.37,-1.0,1.0,0.1,0.834,80,1200,1e-10,12,True,True,True,False,False,1.0,warn,True,False,False,15,25,25,BOTH,BOTH,BOTH,0.1,10000.0,0.1,10000.0,0.0,1e-06,FULL,0.4066054488444281,0.021785260284309285,0.021785260284309285,6.625372329354868e-10,6.625372329354868e-10,5.683158804670185e-12,5.683158804670185e-12,1.7283724222891536e-19,1.7283724222891536e-19,True,brentq,18,1.0,0.6248610819651622,-0.22580644470723008,0.32671611748407864,-0.11797227973451423,1.6913411572519657,False,with_edl_FULL,0.0001,,,it0_2,5.38846352717903e-05,
ofat_compare:it0_2:without_edl,8.314,96485.0,298.0,8.8541878128e-12,78.5,,0.1,3.041217889017721e-08,1.1e-08,1e-08,3.7e-08,1.0,0.00012,1.0,3.77e-05,0.005250617670899842,43.75514725749868,0.0016495690516077001,0.513,0.361,0.371,8.85e-05,5.38846352717903e-05,0.5,0.37,-1.0,1.0,0.1,0.834,80,1200,1e-10,12,True,True,True,False,False,1.0,warn,True,False,False,15,25,25,BOTH,BOTH,BOTH,0.1,10000.0,0.1,10000.0,0.0,1e-06,FULL,0.43331942020808045,0.021085591555641,0.021085591555641,6.412587823953641e-10,6.412587823953641e-10,6.356838666565778e-12,6.356838666565778e-12,1.9332531470359402e-19,1.9332531470359402e-19,True,brentq,15,1.0,0.0,0.0,0.0,0.0,0.0,True,without_edl,0.0001,,,it0_2,5.38846352717903e-05,
ofat_compare:it0_2:with_edl_FULL,8.314,96485.0,298.0,8.8541878128e-12,78.5,,0.1,3.041217889017721e-08,1.1e-08,1e-08,3.7e-08,1.0,0.00012,1.0,3.77e-05,0.005250617670899842,43.75514725749868,0.0016495690516077001,0.513,0.361,0.371,8.85e-05,7.487245792609239e-05,0.5,0.37,-1.0,1.0,0.1,0.834,80,1200,1e-10,12,True,True,True,False,False,1.0,warn,True,False,False,15,25,25,BOTH,BOTH,BOTH,0.1,10000.0,0.1,10000.0,0.0,1e-06,FULL,0.4127408894835973,0.02647098912144982,0.02647098912144982,8.050404565614668e-10,8.050404565614668e-10,2.5292268279741847e-15,2.5292268279741847e-15,7.691929874618637e-23,7.691929874618637e-23,True,brentq,17,1.0,0.6248610819651622,-0.22580644470723008,0.32671611748407864,-0.11797227973451423,1.9189209511213008,False,with_edl_FULL,0.0001,,,it0_2,7.487245792609239e-05,
ofat_compare:it0_2:without_edl,8.314,96485.0,298.0,8.8541878128e-12,78.5,,0.1,3.041217889017721e-08,1.1e-08,1e-08,3.7e-08,1.0,0.00012,1.0,3.77e-05,0.005250617670899842,43.75514725749868,0.0016495690516077001,0.513,0.361,0.371,8.85e-05,7.487245792609239e-05,0.5,0.37,-1.0,1.0,0.1,0.834,80,1200,1e-10,12,True,True,True,False,False,1.0,warn,True,False,False,15,25,25,BOTH,BOTH,BOTH,0.1,10000.0,0.1,10000.0,0.0,1e-06,FULL,0.44302820509540924,0.025473439919104574,0.025473439919104574,7.747028117679896e-10,7.747028117679896e-10,3.223220301773466e-13,3.223220301773466e-13,9.802515241998563e-21,9.802515241998563e-21,True,brentq,15,1.0,0.0,0.0,0.0,0.0,0.0,True,without_edl,0.0001,,,it0_2,7.487245792609239e-05,
ofat_compare:it0_2:with_edl_FULL,8.314,96485.0,298.0,8.8541878128e-12,78.5,,0.1,3.041217889017721e-08,1.1e-08,1e-08,3.7e-08,1.0,0.00012,1.0,3.77e-05,0.005250617670899842,43.75514725749868,0.0016495690516077001,0.513,0.361,0.371,8.85e-05,0.00010403494294094767,0.5,0.37,-1.0,1.0,0.1,0.834,80,1200,1e-10,12,True,True,True,False,False,1.0,warn,True,False,False,15,25,25,BOTH,BOTH,BOTH,0.1,10000.0,0.1,10000.0,0.0,1e-06,FULL,0.4188817199289906,0.03217298363011237,0.03217298363011237,9.784505335897202e-10,9.784505335897202e-10,-3.5596511849256274e-11,-3.5596511849256274e-11,-1.0825674862258946e-18,-1.0825674862258946e-18,True,brentq,16,1.0,0.6248610819651622,-0.22580644470723008,0.32671611748407864,-0.11797227973451423,2.1467006672230564,False,with_edl_FULL,0.0001,,,it0_2,0.00010403494294094767,
ofat_compare:it0_2:without_edl,8.314,96485.0,298.0,8.8541878128e-12,78.5,,0.1,3.041217889017721e-08,1.1e-08,1e-08,3.7e-08,1.0,0.00012,1.0,3.77e-05,0.005250617670899842,43.75514725749868,0.0016495690516077001,0.513,0.361,0.371,8.85e-05,0.00010403494294094767,0.5,0.37,-1.0,1.0,0.1,0.834,80,1200,1e-10,12,True,True,True,False,False,1.0,warn,True,False,False,15,25,25,BOTH,BOTH,BOTH,0.1,10000.0,0.1,10000.0,0.0,1e-06,FULL,0.45273698999089845,0.030774386371993482,0.030774386371993482,9.359161435804974e-10,9.359161435804974e-10,9.568734693488068e-15,9.568734693488068e-15,2.910060712510041e-22,2.910060712510041e-22,True,brentq,15,1.0,0.0,0.0,0.0,0.0,0.0,True,without_edl,0.0001,,,it0_2,0.00010403494294094767,
ofat_compare:it0_2:with_edl_FULL,8.314,96485.0,298.0,8.8541878128e-12,78.5,,0.1,3.041217889017721e-08,1.1e-08,1e-08,3.7e-08,1.0,0.00012,1.0,3.77e-05,0.005250617670899842,43.75514725749868,0.0016495690516077001,0.513,0.361,0.371,8.85e-05,0.00014455608447381323,0.5,0.37,-1.0,1.0,0.1,0.834,80,1200,1e-10,12,True,True,True,False,False,1.0,warn,True,False,False,15,25,25,BOTH,BOTH,BOTH,0.1,10000.0,0.1,10000.0,0.0,1e-06,FULL,0.42502771736127487,0.03911322899190588,0.03911322899190588,1.1895185170743071e-09,1.1895185170743071e-09,2.7476354524935687e-12,2.7476354524935687e-12,8.356158090622741e-20,8.356158090622741e-20,True,brentq,16,1.0,0.6248610819651622,-0.22580644470723008,0.32671611748407864,-0.11797227973451423,2.3746720405961845,False,with_edl_FULL,0.0001,,,it0_2,0.00014455608447381323,
ofat_compare:it0_2:without_edl,8.314,96485.0,298.0,8.8541878128e-12,78.5,,0.1,3.041217889017721e-08,1.1e-08,1e-08,3.7e-08,1.0,0.00012,1.0,3.77e-05,0.005250617670899842,43.75514725749868,0.0016495690516077001,0.513,0.361,0.371,8.85e-05,0.00014455608447381323,0.5,0.37,-1.0,1.0,0.1,0.834,80,1200,1e-10,12,True,True,True,False,False,1.0,warn,True,False,False,15,25,25,BOTH,BOTH,BOTH,0.1,10000.0,0.1,10000.0,0.0,1e-06,FULL,0.4624457748867429,0.03717844388456586,0.03717844388456586,1.1306774862758317e-09,1.1306774862758317e-09,1.5265566588595902e-16,1.5265566588595902e-16,4.642591419522909e-24,4.642591419522909e-24,True,brentq,15,1.0,0.0,0.0,0.0,0.0,0.0,True,without_edl,0.0001,,,it0_2,0.00014455608447381323,
ofat_compare:it0_2:with_edl_FULL,8.314,96485.0,298.0,8.8541878128e-12,78.5,,0.1,3.041217889017721e-08,1.1e-08,1e-08,3.7e-08,1.0,0.00012,1.0,3.77e-05,0.005250617670899842,43.75514725749868,0.0016495690516077001,0.513,0.361,0.371,8.85e-05,0.00020086002806058632,0.5,0.37,-1.0,1.0,0.1,0.834,80,1200,1e-10,12,True,True,True,False,False,1.0,warn,True,False,False,15,25,25,BOTH,BOTH,BOTH,0.1,10000.0,0.1,10000.0,0.0,1e-06,FULL,0.4311786628915326,0.04756249519255629,0.04756249519255629,1.4464791122592155e-09,1.4464791122592155e-09,9.18709552877317e-14,9.18709552877317e-14,2.7939959270219687e-21,2.7939959270219687e-21,True,brentq,16,1.0,0.6248610819651622,-0.22580644470723008,0.32671611748407864,-0.11797227973451423,2.6028269520691953,False,with_edl_FULL,0.0001,,,it0_2,0.00020086002806058632,
ofat_compare:it0_2:without_edl,8.314,96485.0,298.0,8.8541878128e-12,78.5,,0.1,3.041217889017721e-08,1.1e-08,1e-08,3.7e-08,1.0,0.00012,1.0,3.77e-05,0.005250617670899842,43.75514725749868,0.0016495690516077001,0.513,0.361,0.371,8.85e-05,0.00020086002806058632,0.5,0.37,-1.0,1.0,0.1,0.834,80,1200,1e-10,12,True,True,True,False,False,1.0,warn,True,False,False,15,25,25,BOTH,BOTH,BOTH,0.1,10000.0,0.1,10000.0,0.0,1e-06,FULL,0.4721545597825999,0.04491516655994373,0.04491516655994373,1.365968080303114e-09,1.365968080303114e-09,5.467848396278896e-15,5.467848396278896e-15,1.6628918357200236e-22,1.6628918357200236e-22,True,brentq,13,1.0,0.0,0.0,0.0,0.0,0.0,True,without_edl,0.0001,,,it0_2,0.00020086002806058632,
ofat_compare:it0_2:with_edl_FULL,8.314,96485.0,298.0,8.8541878128e-12,78.5,,0.1,3.041217889017721e-08,1.1e-08,1e-08,3.7e-08,1.0,0.00012,1.0,3.77e-05,0.005250617670899842,43.75514725749868,0.0016495690516077001,0.513,0.361,0.371,8.85e-05,0.00027909410398984665,0.5,0.37,-1.0,1.0,0.1,0.834,80,1200,1e-10,12,True,True,True,False,False,1.0,warn,True,False,False,15,25,25,BOTH,BOTH,BOTH,0.1,10000.0,0.1,10000.0,0.0,1e-06,FULL,0.4373343419349231,0.057851115202633814,0.057851115202633814,1.75937846453875e-09,1.75937846453875e-09,1.5959455978986625e-15,1.5959455978986625e-15,4.853618302228495e-23,4.853618302228495e-23,True,brentq,16,1.0,0.6248610819651622,-0.22580644470723008,0.32671611748407864,-0.11797227973451423,2.8311574421202383,False,with_edl_FULL,0.0001,,,it0_2,0.00027909410398984665,
ofat_compare:it0_2:without_edl,8.314,96485.0,298.0,8.8541878128e-12,78.5,,0.1,3.041217889017721e-08,1.1e-08,1e-08,3.7e-08,1.0,0.00012,1.0,3.77e-05,0.005250617670899842,43.75514725749868,0.0016495690516077001,0.513,0.361,0.371,8.85e-05,0.00027909410398984665,0.5,0.37,-1.0,1.0,0.1,0.834,80,1200,1e-10,12,True,True,True,False,False,1.0,warn,True,False,False,15,25,25,BOTH,BOTH,BOTH,0.1,10000.0,0.1,10000.0,0.0,1e-06,FULL,0.4818633446748299,0.0542618780180441,0.0542618780180441,1.6502219412017316e-09,1.6502219412017316e-09,-6.655065387661807e-12,-6.655065387661807e-12,-2.0239503909539742e-19,-2.0239503909539742e-19,True,brentq,12,1.0,0.0,0.0,0.0,0.0,0.0,True,without_edl,0.0001,,,it0_2,0.00027909410398984665,
ofat_compare:it0_2:with_edl_FULL,8.314,96485.0,298.0,8.8541878128e-12,78.5,,0.1,3.041217889017721e-08,1.1e-08,1e-08,3.7e-08,1.0,0.00012,1.0,3.77e-05,0.005250617670899842,43.75514725749868,0.0016495690516077001,0.513,0.361,0.371,8.85e-05,0.00038779999999999983,0.5,0.37,-1.0,1.0,0.1,0.834,80,1200,1e-10,12,True,True,True,False,False,1.0,warn,True,False,False,15,25,25,BOTH,BOTH,BOTH,0.1,10000.0,0.1,10000.0,0.0,1e-06,FULL,0.44349454423603574,0.07038215501102128,0.07038215501102128,2.140474688871362e-09,2.140474688871362e-09,3.0601923772799466e-11,3.0601923772799466e-11,9.306711801619441e-19,9.306711801619441e-19,True,brentq,15,1.0,0.6248610819651622,-0.22580644470723008,0.32671611748407864,-0.11797227973451423,3.0596557118175287,False,with_edl_FULL,0.0001,,,it0_2,0.00038779999999999983,
ofat_compare:it0_2:without_edl,8.314,96485.0,298.0,8.8541878128e-12,78.5,,0.1,3.041217889017721e-08,1.1e-08,1e-08,3.7e-08,1.0,0.00012,1.0,3.77e-05,0.005250617670899842,43.75514725749868,0.0016495690516077001,0.513,0.361,0.371,8.85e-05,0.00038779999999999983,0.5,0.37,-1.0,1.0,0.1,0.834,80,1200,1e-10,12,True,True,True,False,False,1.0,warn,True,False,False,15,25,25,BOTH,BOTH,BOTH,0.1,10000.0,0.1,10000.0,0.0,1e-06,FULL,0.49157212957749513,0.06555361211259984,0.06555361211259984,1.993628178465674e-09,1.993628178465674e-09,7.08880176780724e-12,7.08880176780724e-12,2.1558590747955824e-19,2.1558590747955824e-19,True,brentq,12,1.0,0.0,0.0,0.0,0.0,0.0,True,without_edl,0.0001,,,it0_2,0.00038779999999999983,
ofat_compare:it0_2:with_edl_FULL,8.314,96485.0,298.0,8.8541878128e-12,78.5,,0.1,3.041217889017721e-08,1.1e-08,1e-08,3.7e-08,1.0,0.00012,1.0,3.77e-05,0.005250617670899842,43.75514725749868,0.0016495690516077001,0.513,0.361,0.371,8.85e-05,0.0005388463527179025,0.5,0.37,-1.0,1.0,0.1,0.834,80,1200,1e-10,12,True,True,True,False,False,1.0,warn,True,False,False,15,25,25,BOTH,BOTH,BOTH,0.1,10000.0,0.1,10000.0,0.0,1e-06,FULL,0.4496590639645232,0.085647509013692,0.085647509013692,2.6047273656224663e-09,2.6047273656224663e-09,1.2468498455930899e-12,1.2468498455930899e-12,3.7919420553366883e-20,3.7919420553366883e-20,True,brentq,15,1.0,0.6248610819651622,-0.22580644470723008,0.32671611748407864,-0.11797227973451423,3.2883141263666413,False,with_edl_FULL,0.0001,,,it0_2,0.0005388463527179025,
ofat_compare:it0_2:without_edl,8.314,96485.0,298.0,8.8541878128e-12,78.5,,0.1,3.041217889017721e-08,1.1e-08,1e-08,3.7e-08,1.0,0.00012,1.0,3.77e-05,0.005250617670899842,43.75514725749868,0.0016495690516077001,0.513,0.361,0.371,8.85e-05,0.0005388463527179025,0.5,0.37,-1.0,1.0,0.1,0.834,80,1200,1e-10,12,True,True,True,False,False,1.0,warn,True,False,False,15,25,25,BOTH,BOTH,BOTH,0.1,10000.0,0.1,10000.0,0.0,1e-06,FULL,0.5012809144705007,0.07919512219558503,0.07919512219558503,2.4084962234415757e-09,2.4084962234415757e-09,9.225398223122738e-13,9.225398223122738e-13,2.805644610947317e-20,2.805644610947317e-20,True,brentq,12,1.0,0.0,0.0,0.0,0.0,0.0,True,without_edl,0.0001,,,it0_2,0.0005388463527179025,
ofat_compare:it0_2:with_edl_FULL,8.314,96485.0,298.0,8.8541878128e-12,78.5,,0.1,3.041217889017721e-08,1.1e-08,1e-08,3.7e-08,1.0,0.00012,1.0,3.77e-05,0.005250617670899842,43.75514725749868,0.0016495690516077001,0.513,0.361,0.371,8.85e-05,0.0007487245792609238,0.5,0.37,-1.0,1.0,0.1,0.834,80,1200,1e-10,12,True,True,True,False,False,1.0,warn,True,False,False,15,25,25,BOTH,BOTH,BOTH,0.1,10000.0,0.1,10000.0,0.0,1e-06,FULL,0.4558276998807585,0.10424757334846926,0.10424757334846926,3.1703958495405174e-09,3.1703958495405174e-09,3.2307490016592055e-14,3.2307490016592055e-14,9.82541165877212e-22,9.82541165877212e-22,True,brentq,15,1.0,0.6248610819651622,-0.22580644470723008,0.32671611748407864,-0.11797227973451423,3.5171252212551583,False,with_edl_FULL,0.0001,,,it0_2,0.0007487245792609238,
ofat_compare:it0_2:without_edl,8.314,96485.0,298.0,8.8541878128e-12,78.5,,0.1,3.041217889017721e-08,1.1e-08,1e-08,3.7e-08,1.0,0.00012,1.0,3.77e-05,0.005250617670899842,43.75514725749868,0.0016495690516077001,0.513,0.361,0.371,8.85e-05,0.0007487245792609238,0.5,0.37,-1.0,1.0,0.1,0.834,80,1200,1e-10,12,True,True,True,False,False,1.0,warn,True,False,False,15,25,25,BOTH,BOTH,BOTH,0.1,10000.0,0.1,10000.0,0.0,1e-06,FULL,0.5109896993661576,0.09567538962039773,0.09567538962039773,2.9096970645229398e-09,2.9096970645229398e-09,4.768824224399282e-13,4.768824224399282e-13,1.4503033540824155e-20,1.4503033540824155e-20,True,brentq,12,1.0,0.0,0.0,0.0,0.0,0.0,True,without_edl,0.0001,,,it0_2,0.0007487245792609238,
ofat_compare:it0_2:with_edl_FULL,8.314,96485.0,298.0,8.8541878128e-12,78.5,,0.1,3.041217889017721e-08,1.1e-08,1e-08,3.7e-08,1.0,0.00012,1.0,3.77e-05,0.005250617670899842,43.75514725749868,0.0016495690516077001,0.513,0.361,0.371,8.85e-05,0.0010403494294094766,0.5,0.37,-1.0,1.0,0.1,0.834,80,1200,1e-10,12,True,True,True,False,False,1.0,warn,True,False,False,15,25,25,BOTH,BOTH,BOTH,0.1,10000.0,0.1,10000.0,0.0,1e-06,FULL,0.46200025532281164,0.12691529500369017,0.12691529500369017,3.859770655551839e-09,3.859770655551839e-09,6.38378239159465e-16,6.38378239159465e-16,1.941447320891398e-23,1.941447320891398e-23,True,brentq,15,1.0,0.6248610819651622,-0.22580644470723008,0.32671611748407864,-0.11797227973451423,3.746081701769606,False,with_edl_FULL,0.0001,,,it0_2,0.0010403494294094766,
ofat_compare:it0_2:without_edl,8.314,96485.0,298.0,8.8541878128e-12,78.5,,0.1,3.041217889017721e-08,1.1e-08,1e-08,3.7e-08,1.0,0.00012,1.0,3.77e-05,0.005250617670899842,43.75514725749868,0.0016495690516077001,0.513,0.361,0.371,8.85e-05,0.0010403494294094766,0.5,0.37,-1.0,1.0,0.1,0.834,80,1200,1e-10,12,True,True,True,False,False,1.0,warn,True,False,False,15,25,25,BOTH,BOTH,BOTH,0.1,10000.0,0.1,10000.0,0.0,1e-06,FULL,0.5206984842618655,0.1155851512725406,0.1155851512725406,3.5151962975486987e-09,3.5151962975486987e-09,6.106226635438361e-15,6.106226635438361e-15,1.8570365678091633e-22,1.8570365678091633e-22,True,brentq,16,1.0,0.0,0.0,0.0,0.0,0.0,True,without_edl,0.0001,,,it0_2,0.0010403494294094766,
ofat_compare:it0_2:with_edl_FULL,8.314,96485.0,298.0,8.8541878128e-12,78.5,,0.1,3.041217889017721e-08,1.1e-08,1e-08,3.7e-08,1.0,0.00012,1.0,3.77e-05,0.005250617670899842,43.75514725749868,0.0016495690516077001,0.513,0.361,0.371,8.85e-05,0.0014455608447381323,0.5,0.37,-1.0,1.0,0.1,0.834,80,1200,1e-10,12,True,True,True,False,False,1.0,warn,True,False,False,15,25,25,BOTH,BOTH,BOTH,0.1,10000.0,0.1,10000.0,0.0,1e-06,FULL,0.46817653829785816,0.1545455745888239,0.1545455745888239,4.7000676610805376e-09,4.7000676610805376e-09,5.71433456109105e-11,5.71433456109105e-11,1.7378536491022328e-18,1.7378536491022328e-18,True,brentq,14,1.0,0.6248610819651622,-0.22580644470723008,0.32671611748407864,-0.11797227973451423,3.9751764463860386,False,with_edl_FULL,0.0001,,,it0_2,0.0014455608447381323,
ofat_compare:it0_2:without_edl,8.314,96485.0,298.0,8.8541878128e-12,78.5,,0.1,3.041217889017721e-08,1.1e-08,1e-08,3.7e-08,1.0,0.00012,1.0,3.77e-05,0.005250617670899842,43.75514725749868,0.0016495690516077001,0.513,0.361,0.371,8.85e-05,0.0014455608447381323,0.5,0.37,-1.0,1.0,0.1,0.834,80,1200,1e-10,12,True,True,True,False,False,1.0,warn,True,False,False,15,25,25,BOTH,BOTH,BOTH,0.1,10000.0,0.1,10000.0,0.0,1e-06,FULL,0.5304072691578149,0.13963807461632316,0.13963807461632316,4.246698105111533e-09,4.246698105111533e-09,4.60964599824365e-13,4.60964599824365e-13,1.401893787189754e-20,1.401893787189754e-20,True,brentq,16,1.0,0.0,0.0,0.0,0.0,0.0,True,without_edl,0.0001,,,it0_2,0.0014455608447381323,
ofat_compare:it0_2:with_edl_FULL,8.314,96485.0,298.0,8.8541878128e-12,78.5,,0.1,3.041217889017721e-08,1.1e-08,1e-08,3.7e-08,1.0,0.00012,1.0,3.77e-05,0.005250617670899842,43.75514725749868,0.0016495690516077001,0.513,0.361,0.371,8.85e-05,0.0020086002806058633,0.5,0.37,-1.0,1.0,0.1,0.834,80,1200,1e-10,12,True,True,True,False,False,1.0,warn,True,False,False,15,25,25,BOTH,BOTH,BOTH,0.1,10000.0,0.1,10000.0,0.0,1e-06,FULL,0.4743563614697097,0.18823121841985566,0.18823121841985566,5.72452148730067e-09,5.72452148730067e-09,4.854283641719803e-12,4.854283641719803e-12,1.4762934249564355e-19,1.4762934249564355e-19,True,brentq,14,1.0,0.6248610819651622,-0.22580644470723008,0.32671611748407864,-0.11797227973451423,4.204402506307526,False,with_edl_FULL,0.0001,,,it0_2,0.0020086002806058633,
ofat_compare:it0_2:without_edl,8.314,96485.0,298.0,8.8541878128e-12,78.5,,0.1,3.041217889017721e-08,1.1e-08,1e-08,3.7e-08,1.0,0.00012,1.0,3.77e-05,0.005250617670899842,43.75514725749868,0.0016495690516077001,0.513,0.361,0.371,8.85e-05,0.0020086002806058633,0.5,0.37,-1.0,1.0,0.1,0.834,80,1200,1e-10,12,True,True,True,False,False,1.0,warn,True,False,False,15,25,25,BOTH,BOTH,BOTH,0.1,10000.0,0.1,10000.0,0.0,1e-06,FULL,0.5401160540710273,0.16869633923073324,0.16869633923073324,5.130423246803079e-09,5.130423246803079e-09,9.977196846477909e-11,9.977196846477909e-11,3.034282953175981e-18,3.034282953175981e-18,True,brentq,16,1.0,0.0,0.0,0.0,0.0,0.0,True,without_edl,0.0001,,,it0_2,0.0020086002806058633,
ofat_compare:it0_2:with_edl_FULL,8.314,96485.0,298.0,8.8541878128e-12,78.5,,0.1,3.041217889017721e-08,1.1e-08,1e-08,3.7e-08,1.0,0.00012,1.0,3.77e-05,0.005250617670899842,43.75514725749868,0.0016495690516077001,0.513,0.361,0.371,8.85e-05,0.0027909410398984638,0.5,0.37,-1.0,1.0,0.1,0.834,80,1200,1e-10,12,True,True,True,False,False,1.0,warn,True,False,False,15,25,25,BOTH,BOTH,BOTH,0.1,10000.0,0.1,10000.0,0.0,1e-06,FULL,0.4805395422379887,0.2293069052251073,0.2293069052251073,6.9737226224588745e-09,6.9737226224588745e-09,8.16319234431262e-13,8.16319234431262e-13,2.4826046589016048e-20,2.4826046589016048e-20,True,brentq,14,1.0,0.6248610819651622,-0.22580644470723008,0.32671611748407864,-0.11797227973451423,4.433753108400923,False,with_edl_FULL,0.0001,,,it0_2,0.0027909410398984638,
ofat_compare:it0_2:without_edl,8.314,96485.0,298.0,8.8541878128e-12,78.5,,0.1,3.041217889017721e-08,1.1e-08,1e-08,3.7e-08,1.0,0.00012,1.0,3.77e-05,0.005250617670899842,43.75514725749868,0.0016495690516077001,0.513,0.361,0.371,8.85e-05,0.0027909410398984638,0.5,0.37,-1.0,1.0,0.1,0.834,80,1200,1e-10,12,True,True,True,False,False,1.0,warn,True,False,False,15,25,25,BOTH,BOTH,BOTH,0.1,10000.0,0.1,10000.0,0.0,1e-06,FULL,0.5498248389494302,0.2038015414402951,0.2038015414402951,6.198048936376119e-09,6.198048936376119e-09,3.960720640350246e-14,3.960720640350246e-14,1.2045414464834891e-21,1.2045414464834891e-21,True,brentq,17,1.0,0.0,0.0,0.0,0.0,0.0,True,without_edl,0.0001,,,it0_2,0.0027909410398984638,
ofat_compare:it0_2:with_edl_FULL,8.314,96485.0,298.0,8.8541878128e-12,78.5,,0.1,3.041217889017721e-08,1.1e-08,1e-08,3.7e-08,1.0,0.00012,1.0,3.77e-05,0.005250617670899842,43.75514725749868,0.0016495690516077001,0.513,0.361,0.371,8.85e-05,0.003877999999999998,0.5,0.37,-1.0,1.0,0.1,0.834,80,1200,1e-10,12,True,True,True,False,False,1.0,warn,True,False,False,15,25,25,BOTH,BOTH,BOTH,0.1,10000.0,0.1,10000.0,0.0,1e-06,FULL,0.4867259026707199,0.27940295940329146,0.27940295940329146,8.49725278381782e-09,8.49725278381782e-09,1.326716514427062e-14,1.326716514427062e-14,4.0348339973308184e-22,4.0348339973308184e-22,True,brentq,16,1.0,0.6248610819651622,-0.22580644470723008,0.32671611748407864,-0.11797227973451423,4.663221652696551,False,with_edl_FULL,0.0001,,,it0_2,0.003877999999999998,
ofat_compare:it0_2:without_edl,8.314,96485.0,298.0,8.8541878128e-12,78.5,,0.1,3.041217889017721e-08,1.1e-08,1e-08,3.7e-08,1.0,0.00012,1.0,3.77e-05,0.005250617670899842,43.75514725749868,0.0016495690516077001,0.513,0.361,0.371,8.85e-05,0.003877999999999998,0.5,0.37,-1.0,1.0,0.1,0.834,80,1200,1e-10,12,True,True,True,False,False,1.0,warn,True,False,False,15,25,25,BOTH,BOTH,BOTH,0.1,10000.0,0.1,10000.0,0.0,1e-06,FULL,0.5595336238452788,0.2462120310194773,0.2462120310194773,7.487844332278204e-09,7.487844332278204e-09,6.2450045135165055e-15,6.2450045135165055e-15,1.8992419443502807e-22,1.8992419443502807e-22,True,brentq,16,1.0,0.0,0.0,0.0,0.0,0.0,True,without_edl,0.0001,,,it0_2,0.003877999999999998,
ofat_compare:alpha1:with_edl_FULL,8.314,96485.0,298.0,8.8541878128e-12,78.5,,0.1,3.041217889017721e-08,1.1e-08,1e-08,3.7e-08,1.0,0.00012,1.0,3.77e-05,0.005250617670899842,43.75514725749868,0.0016495690516077001,0.513,0.361,0.371,8.85e-05,0.0003878,0.3,0.37,-1.0,1.0,0.1,0.834,80,1200,1e-10,12,True,True,True,False,False,1.0,warn,True,False,False,15,25,25,BOTH,BOTH,BOTH,0.1,10000.0,0.1,10000.0,0.0,1e-06,FULL,0.403195444709029,0.16894807317885926,0.16894807317885926,5.138079024666218e-09,5.138079024666218e-09,3.164135620181696e-15,3.164135620181696e-15,9.622825851374756e-23,9.622825851374756e-23,True,brentq,19,1.0,0.6248610819651622,-0.22580644470723008,0.32671611748407864,-0.11797227973451423,1.5648550442133455,False,with_edl_FULL,0.0001,,,alpha1,0.3,
ofat_compare:alpha1:without_edl,8.314,96485.0,298.0,8.8541878128e-12,78.5,,0.1,3.041217889017721e-08,1.1e-08,1e-08,3.7e-08,1.0,0.00012,1.0,3.77e-05,0.005250617670899842,43.75514725749868,0.0016495690516077001,0.513,0.361,0.371,8.85e-05,0.0003878,0.3,0.37,-1.0,1.0,0.1,0.834,80,1200,1e-10,12,True,True,True,False,False,1.0,warn,True,False,False,15,25,25,BOTH,BOTH,BOTH,0.1,10000.0,0.1,10000.0,0.0,1e-06,FULL,0.41838107733156593,0.18819555050166537,0.18819555050166537,5.723436748192027e-09,5.723436748192027e-09,1.1089887341775295e-10,1.1089887341775295e-10,3.372676377099821e-18,3.372676377099821e-18,True,brentq,16,1.0,0.0,0.0,0.0,0.0,0.0,True,without_edl,0.0001,,,alpha1,0.3,
ofat_compare:alpha1:with_edl_FULL,8.314,96485.0,298.0,8.8541878128e-12,78.5,,0.1,3.041217889017721e-08,1.1e-08,1e-08,3.7e-08,1.0,0.00012,1.0,3.77e-05,0.005250617670899842,43.75514725749868,0.0016495690516077001,0.513,0.361,0.371,8.85e-05,0.0003878,0.32857142857142857,0.37,-1.0,1.0,0.1,0.834,80,1200,1e-10,12,True,True,True,False,False,1.0,warn,True,False,False,15,25,25,BOTH,BOTH,BOTH,0.1,10000.0,0.1,10000.0,0.0,1e-06,FULL,0.408689166201492,0.14979732407365512,0.14979732407365512,4.555663016997849e-09,4.555663016997849e-09,1.5452236712398815e-10,1.5452236712398815e-10,4.699361871508365e-18,4.699361871508365e-18,True,brentq,18,1.0,0.6248610819651622,-0.22580644470723008,0.32671611748407864,-0.11797227973451423,1.76863177001988,False,with_edl_FULL,0.0001,,,alpha1,0.32857142857142857,
ofat_compare:alpha1:without_edl,8.314,96485.0,298.0,8.8541878128e-12,78.5,,0.1,3.041217889017721e-08,1.1e-08,1e-08,3.7e-08,1.0,0.00012,1.0,3.77e-05,0.005250617670899842,43.75514725749868,0.0016495690516077001,0.513,0.361,0.371,8.85e-05,0.0003878,0.32857142857142857,0.37,-1.0,1.0,0.1,0.834,80,1200,1e-10,12,True,True,True,False,False,1.0,warn,True,False,False,15,25,25,BOTH,BOTH,BOTH,0.1,10000.0,0.1,10000.0,0.0,1e-06,FULL,0.42711581195031506,0.1659393544898191,0.1659393544898191,5.04657733366491e-09,5.04657733366491e-09,9.49862410948299e-12,9.49862410948299e-12,2.8887385562814685e-19,2.8887385562814685e-19,True,brentq,16,1.0,0.0,0.0,0.0,0.0,0.0,True,without_edl,0.0001,,,alpha1,0.32857142857142857,
ofat_compare:alpha1:with_edl_FULL,8.314,96485.0,298.0,8.8541878128e-12,78.5,,0.1,3.041217889017721e-08,1.1e-08,1e-08,3.7e-08,1.0,0.00012,1.0,3.77e-05,0.005250617670899842,43.75514725749868,0.0016495690516077001,0.513,0.361,0.371,8.85e-05,0.0003878,0.35714285714285715,0.37,-1.0,1.0,0.1,0.834,80,1200,1e-10,12,True,True,True,False,False,1.0,warn,True,False,False,15,25,25,BOTH,BOTH,BOTH,0.1,10000.0,0.1,10000.0,0.0,1e-06,FULL,0.41426842833681093,0.13261091633441144,0.13261091633441144,4.032986910352444e-09,4.032986910352444e-09,1.1708689573453057e-11,1.1708689573453057e-11,3.560867618774071e-19,3.560867618774071e-19,True,brentq,18,1.0,0.6248610819651622,-0.22580644470723008,0.32671611748407864,-0.11797227973451423,1.975581425533262,False,with_edl_FULL,0.0001,,,alpha1,0.35714285714285715,
ofat_compare:alpha1:without_edl,8.314,96485.0,298.0,8.8541878128e-12,78.5,,0.1,3.041217889017721e-08,1.1e-08,1e-08,3.7e-08,1.0,0.00012,1.0,3.77e-05,0.005250617670899842,43.75514725749868,0.0016495690516077001,0.513,0.361,0.371,8.85e-05,0.0003878,0.35714285714285715,0.37,-1.0,1.0,0.1,0.834,80,1200,1e-10,12,True,True,True,False,False,1.0,warn,True,False,False,15,25,25,BOTH,BOTH,BOTH,0.1,10000.0,0.1,10000.0,0.0,1e-06,FULL,0.4363433383790755,0.14527994413740955,0.14527994413740955,4.4182796502618515e-09,4.4182796502618515e-09,1.1113332476497817e-13,1.1113332476497817e-13,3.3798065534126775e-21,3.3798065534126775e-21,True,brentq,16,1.0,0.0,0.0,0.0,0.0,0.0,True,without_edl,0.0001,,,alpha1,0.35714285714285715,
ofat_compare:alpha1:with_edl_FULL,8.314,96485.0,298.0,8.8541878128e-12,78.5,,0.1,3.041217889017721e-08,1.1e-08,1e-08,3.7e-08,1.0,0.00012,1.0,3.77e-05,0.005250617670899842,43.75514725749868,0.0016495690516077001,0.513,0.361,0.371,8.85e-05,0.0003878,0.3857142857142857,0.37,-1.0,1.0,0.1,0.834,80,1200,1e-10,12,True,True,True,False,False,1.0,warn,True,False,False,15,25,25,BOTH,BOTH,BOTH,0.1,10000.0,0.1,10000.0,0.0,1e-06,FULL,0.4199346311227271,0.11721091887161622,0.11721091887161622,3.5646394326056404e-09,3.5646394326056404e-09,1.6237011735142914e-15,1.6237011735142914e-15,4.93802905531073e-23,4.93802905531073e-23,True,brentq,17,1.0,0.6248610819651622,-0.22580644470723008,0.32671611748407864,-0.11797227973451423,2.185755940760137,False,with_edl_FULL,0.0001,,,alpha1,0.3857142857142857,
ofat_compare:alpha1:without_edl,8.314,96485.0,298.0,8.8541878128e-12,78.5,,0.1,3.041217889017721e-08,1.1e-08,1e-08,3.7e-08,1.0,0.00012,1.0,3.77e-05,0.005250617670899842,43.75514725749868,0.0016495690516077001,0.513,0.361,0.371,8.85e-05,0.0003878,0.3857142857142857,0.37,-1.0,1.0,0.1,0.834,80,1200,1e-10,12,True,True,True,False,False,1.0,warn,True,False,False,15,25,25,BOTH,BOTH,BOTH,0.1,10000.0,0.1,10000.0,0.0,1e-06,FULL,0.4461065702392507,0.12621460446806604,0.12621460446806604,3.838461129635784e-09,3.838461129635784e-09,-1.1169512537101411e-10,-1.1169512537101411e-10,-3.3968921339440524e-18,-3.3968921339440524e-18,True,brentq,15,1.0,0.0,0.0,0.0,0.0,0.0,True,without_edl,0.0001,,,alpha1,0.3857142857142857,
ofat_compare:alpha1:with_edl_FULL,8.314,96485.0,298.0,8.8541878128e-12,78.5,,0.1,3.041217889017721e-08,1.1e-08,1e-08,3.7e-08,1.0,0.00012,1.0,3.77e-05,0.005250617670899842,43.75514725749868,0.0016495690516077001,0.513,0.361,0.371,8.85e-05,0.0003878,0.41428571428571426,0.37,-1.0,1.0,0.1,0.834,80,1200,1e-10,12,True,True,True,False,False,1.0,warn,True,False,False,15,25,25,BOTH,BOTH,BOTH,0.1,10000.0,0.1,10000.0,0.0,1e-06,FULL,0.425689116625008,0.1034332365903627,0.1034332365903627,3.1456300943761335e-09,3.1456300943761335e-09,2.235102380954146e-11,2.235102380954146e-11,6.79743334474385e-19,6.79743334474385e-19,True,brentq,16,1.0,0.6248610819651622,-0.22580644470723008,0.32671611748407864,-0.11797227973451423,2.3992050964854013,False,with_edl_FULL,0.0001,,,alpha1,0.41428571428571426,
ofat_compare:alpha1:without_edl,8.314,96485.0,298.0,8.8541878128e-12,78.5,,0.1,3.041217889017721e-08,1.1e-08,1e-08,3.7e-08,1.0,0.00012,1.0,3.77e-05,0.005250617670899842,43.75514725749868,0.0016495690516077001,0.513,0.361,0.371,8.85e-05,0.0003878,0.41428571428571426,0.37,-1.0,1.0,0.1,0.834,80,1200,1e-10,12,True,True,True,False,False,1.0,warn,True,False,False,15,25,25,BOTH,BOTH,BOTH,0.1,10000.0,0.1,10000.0,0.0,1e-06,FULL,0.45645355293096807,0.10873280200659399,0.10873280200659399,3.306801425854756e-09,3.306801425854756e-09,4.0448200344656016e-13,4.0448200344656016e-13,1.2301179046674062e-20,1.2301179046674062e-20,True,brentq,15,1.0,0.0,0.0,0.0,0.0,0.0,True,without_edl,0.0001,,,alpha1,0.41428571428571426,
ofat_compare:alpha1:with_edl_FULL,8.314,96485.0,298.0,8.8541878128e-12,78.5,,0.1,3.041217889017721e-08,1.1e-08,1e-08,3.7e-08,1.0,0.00012,1.0,3.77e-05,0.005250617670899842,43.75514725749868,0.0016495690516077001,0.513,0.361,0.371,8.85e-05,0.0003878,0.44285714285714284,0.37,-1.0,1.0,0.1,0.834,80,1200,1e-10,12,True,True,True,False,False,1.0,warn,True,False,False,15,25,25,BOTH,BOTH,BOTH,0.1,10000.0,0.1,10000.0,0.0,1e-06,FULL,0.4315331563378518,0.09112671276307324,0.09112671276307324,2.7713618902243783e-09,2.7713618902243783e-09,3.8767600241129685e-13,3.8767600241129685e-13,1.1790071936761131e-20,1.1790071936761131e-20,True,brentq,16,1.0,0.6248610819651622,-0.22580644470723008,0.32671611748407864,-0.11797227973451423,2.6159760558069625,False,with_edl_FULL,0.0001,,,alpha1,0.44285714285714284,
ofat_compare:alpha1:without_edl,8.314,96485.0,298.0,8.8541878128e-12,78.5,,0.1,3.041217889017721e-08,1.1e-08,1e-08,3.7e-08,1.0,0.00012,1.0,3.77e-05,0.005250617670899842,43.75514725749868,0.0016495690516077001,0.513,0.361,0.371,8.85e-05,0.0003878,0.44285714285714284,0.37,-1.0,1.0,0.1,0.834,80,1200,1e-10,12,True,True,True,False,False,1.0,warn,True,False,False,15,25,25,BOTH,BOTH,BOTH,0.1,10000.0,0.1,10000.0,0.0,1e-06,FULL,0.4674382540997701,0.09281557369943028,0.09281557369943028,2.8227238311415004e-09,2.8227238311415004e-09,-5.551115123125783e-17,-5.551115123125783e-17,-1.688215061644694e-24,-1.688215061644694e-24,True,brentq,14,1.0,0.0,0.0,0.0,0.0,0.0,True,without_edl,0.0001,,,alpha1,0.44285714285714284,
ofat_compare:alpha1:with_edl_FULL,8.314,96485.0,298.0,8.8541878128e-12,78.5,,0.1,3.041217889017721e-08,1.1e-08,1e-08,3.7e-08,1.0,0.00012,1.0,3.77e-05,0.005250617670899842,43.75514725749868,0.0016495690516077001,0.513,0.361,0.371,8.85e-05,0.0003878,0.4714285714285714,0.37,-1.0,1.0,0.1,0.834,80,1200,1e-10,12,True,True,True,False,False,1.0,warn,True,False,False,15,25,25,BOTH,BOTH,BOTH,0.1,10000.0,0.1,10000.0,0.0,1e-06,FULL,0.4374679369333299,0.08015227966076699,0.08015227966076699,2.437605467498758e-09,2.437605467498758e-09,3.6637359812630166e-15,3.6637359812630166e-15,1.114221940685498e-22,1.114221940685498e-22,True,brentq,16,1.0,0.6248610819651622,-0.22580644470723008,0.32671611748407864,-0.11797227973451423,2.8361128355446805,False,with_edl_FULL,0.0001,,,alpha1,0.4714285714285714,
ofat_compare:alpha1:without_edl,8.314,96485.0,298.0,8.8541878128e-12,78.5,,0.1,3.041217889017721e-08,1.1e-08,1e-08,3.7e-08,1.0,0.00012,1.0,3.77e-05,0.005250617670899842,43.75514725749868,0.0016495690516077001,0.513,0.361,0.371,8.85e-05,0.0003878,0.4714285714285714,0.37,-1.0,1.0,0.1,0.834,80,1200,1e-10,12,True,True,True,False,False,1.0,warn,True,False,False,15,25,25,BOTH,BOTH,BOTH,0.1,10000.0,0.1,10000.0,0.0,1e-06,FULL,0.47912150541261717,0.07843497477439444,0.07843497477439444,2.3853784840854208e-09,2.3853784840854208e-09,-2.7117988410374494e-11,-2.7117988410374494e-11,-8.247171146780614e-19,-8.247171146780614e-19,True,brentq,12,1.0,0.0,0.0,0.0,0.0,0.0,True,without_edl,0.0001,,,alpha1,0.4714285714285714,
ofat_compare:alpha1:with_edl_FULL,8.314,96485.0,298.0,8.8541878128e-12,78.5,,0.1,3.041217889017721e-08,1.1e-08,1e-08,3.7e-08,1.0,0.00012,1.0,3.77e-05,0.005250617670899842,43.75514725749868,0.0016495690516077001,0.513,0.361,0.371,8.85e-05,0.0003878,0.5,0.37,-1.0,1.0,0.1,0.834,80,1200,1e-10,12,True,True,True,False,False,1.0,warn,True,False,False,15,25,25,BOTH,BOTH,BOTH,0.1,10000.0,0.1,10000.0,0.0,1e-06,FULL,0.44349454423603574,0.07038215501102128,0.07038215501102128,2.140474688871362e-09,2.140474688871362e-09,3.060189601722385e-11,3.060189601722385e-11,9.306703360544132e-19,9.306703360544132e-19,True,brentq,15,1.0,0.6248610819651622,-0.22580644470723008,0.32671611748407864,-0.11797227973451423,3.0596557118175287,False,with_edl_FULL,0.0001,,,alpha1,0.5,
ofat_compare:alpha1:without_edl,8.314,96485.0,298.0,8.8541878128e-12,78.5,,0.1,3.041217889017721e-08,1.1e-08,1e-08,3.7e-08,1.0,0.00012,1.0,3.77e-05,0.005250617670899842,43.75514725749868,0.0016495690516077001,0.513,0.361,0.371,8.85e-05,0.0003878,0.5,0.37,-1.0,1.0,0.1,0.834,80,1200,1e-10,12,True,True,True,False,False,1.0,warn,True,False,False,15,25,25,BOTH,BOTH,BOTH,0.1,10000.0,0.1,10000.0,0.0,1e-06,FULL,0.49157212957749513,0.06555361211259984,0.06555361211259984,1.993628178465674e-09,1.993628178465674e-09,7.0887740122316245e-12,7.0887740122316245e-12,2.1558506337202743e-19,2.1558506337202743e-19,True,brentq,12,1.0,0.0,0.0,0.0,0.0,0.0,True,without_edl,0.0001,,,alpha1,0.5,
ofat_compare:alpha1:with_edl_FULL,8.314,96485.0,298.0,8.8541878128e-12,78.5,,0.1,3.041217889017721e-08,1.1e-08,1e-08,3.7e-08,1.0,0.00012,1.0,3.77e-05,0.005250617670899842,43.75514725749868,0.0016495690516077001,0.513,0.361,0.371,8.85e-05,0.0003878,0.5285714285714286,0.37,-1.0,1.0,0.1,0.834,80,1200,1e-10,12,True,True,True,False,False,1.0,warn,True,False,False,15,25,25,BOTH,BOTH,BOTH,0.1,10000.0,0.1,10000.0,0.0,1e-06,FULL,0.4496139453863678,0.06169908225613755,0.06169908225613755,1.8764035269334136e-09,1.8764035269334136e-09,8.134534712489483e-13,8.134534712489483e-13,2.473889248645864e-20,2.473889248645864e-20,True,brentq,15,1.0,0.6248610819651622,-0.22580644470723008,0.32671611748407864,-0.11797227973451423,3.2866405584323797,False,with_edl_FULL,0.0001,,,alpha1,0.5285714285714286,
ofat_compare:alpha1:without_edl,8.314,96485.0,298.0,8.8541878128e-12,78.5,,0.1,3.041217889017721e-08,1.1e-08,1e-08,3.7e-08,1.0,0.00012,1.0,3.77e-05,0.005250617670899842,43.75514725749868,0.0016495690516077001,0.513,0.361,0.371,8.85e-05,0.0003878,0.5285714285714286,0.37,-1.0,1.0,0.1,0.834,80,1200,1e-10,12,True,True,True,False,False,1.0,warn,True,False,False,15,25,25,BOTH,BOTH,BOTH,0.1,10000.0,0.1,10000.0,0.0,1e-06,FULL,0.5048682969622256,0.0541242982017925,0.0541242982017925,1.6460378392182102e-09,1.6460378392182102e-09,2.498001805406602e-16,2.498001805406602e-16,7.596967777401122e-24,7.596967777401122e-24,True,brentq,17,1.0,0.0,0.0,0.0,0.0,0.0,True,without_edl,0.0001,,,alpha1,0.5285714285714286,
ofat_compare:alpha1:with_edl_FULL,8.314,96485.0,298.0,8.8541878128e-12,78.5,,0.1,3.041217889017721e-08,1.1e-08,1e-08,3.7e-08,1.0,0.00012,1.0,3.77e-05,0.005250617670899842,43.75514725749868,0.0016495690516077001,0.513,0.361,0.371,8.85e-05,0.0003878,0.5571428571428572,0.37,-1.0,1.0,0.1,0.834,80,1200,1e-10,12,True,True,True,False,False,1.0,warn,True,False,False,15,25,25,BOTH,BOTH,BOTH,0.1,10000.0,0.1,10000.0,0.0,1e-06,FULL,0.4558269691940516,0.05399561254864958,0.05399561254864958,1.6421242281142285e-09,1.6421242281142285e-09,2.175343238874916e-14,2.175343238874916e-14,6.615692772820145e-22,6.615692772820145e-22,True,brentq,15,1.0,0.6248610819651622,-0.22580644470723008,0.32671611748407864,-0.11797227973451423,3.5170981181439185,False,with_edl_FULL,0.0001,,,alpha1,0.5571428571428572,
ofat_compare:alpha1:without_edl,8.314,96485.0,298.0,8.8541878128e-12,78.5,,0.1,3.041217889017721e-08,1.1e-08,1e-08,3.7e-08,1.0,0.00012,1.0,3.77e-05,0.005250617670899842,43.75514725749868,0.0016495690516077001,0.513,0.361,0.371,8.85e-05,0.0003878,0.5571428571428572,0.37,-1.0,1.0,0.1,0.834,80,1200,1e-10,12,True,True,True,False,False,1.0,warn,True,False,False,15,25,25,BOTH,BOTH,BOTH,0.1,10000.0,0.1,10000.0,0.0,1e-06,FULL,0.5190991685604578,0.04408986468468378,0.04408986468468378,1.3408688520343099e-09,1.3408688520343099e-09,3.6724789875819397e-13,3.6724789875819397e-13,1.1168808794075884e-20,1.1168808794075884e-20,True,brentq,11,1.0,0.0,0.0,0.0,0.0,0.0,True,without_edl,0.0001,,,alpha1,0.5571428571428572,
ofat_compare:alpha1:with_edl_FULL,8.314,96485.0,298.0,8.8541878128e-12,78.5,,0.1,3.041217889017721e-08,1.1e-08,1e-08,3.7e-08,1.0,0.00012,1.0,3.77e-05,0.005250617670899842,43.75514725749868,0.0016495690516077001,0.513,0.361,0.371,8.85e-05,0.0003878,0.5857142857142856,0.37,-1.0,1.0,0.1,0.834,80,1200,1e-10,12,True,True,True,False,False,1.0,warn,True,False,False,15,25,25,BOTH,BOTH,BOTH,0.1,10000.0,0.1,10000.0,0.0,1e-06,FULL,0.46213428437655496,0.04717342592716222,0.04717342592716222,1.4346466681593811e-09,1.4346466681593811e-09,1.186550857568136e-15,1.186550857568136e-15,3.6085596942655335e-23,3.6085596942655335e-23,True,brentq,15,1.0,0.6248610819651622,-0.22580644470723008,0.32671611748407864,-0.11797227973451423,3.7510531954596704,False,with_edl_FULL,0.0001,,,alpha1,0.5857142857142856,
ofat_compare:alpha1:without_edl,8.314,96485.0,298.0,8.8541878128e-12,78.5,,0.1,3.041217889017721e-08,1.1e-08,1e-08,3.7e-08,1.0,0.00012,1.0,3.77e-05,0.005250617670899842,43.75514725749868,0.0016495690516077001,0.513,0.361,0.371,8.85e-05,0.0003878,0.5857142857142856,0.37,-1.0,1.0,0.1,0.834,80,1200,1e-10,12,True,True,True,False,False,1.0,warn,True,False,False,15,25,25,BOTH,BOTH,BOTH,0.1,10000.0,0.1,10000.0,0.0,1e-06,FULL,0.534366897833809,0.03538317802604869,0.03538317802604869,1.0760795398311802e-09,1.0760795398311802e-09,2.0448920334814602e-14,2.0448920334814602e-14,6.218962233333641e-22,6.218962233333641e-22,True,brentq,15,1.0,0.0,0.0,0.0,0.0,0.0,True,without_edl,0.0001,,,alpha1,0.5857142857142856,
ofat_compare:alpha1:with_edl_FULL,8.314,96485.0,298.0,8.8541878128e-12,78.5,,0.1,3.041217889017721e-08,1.1e-08,1e-08,3.7e-08,1.0,0.00012,1.0,3.77e-05,0.005250617670899842,43.75514725749868,0.0016495690516077001,0.513,0.361,0.371,8.85e-05,0.0003878,0.6142857142857143,0.37,-1.0,1.0,0.1,0.834,80,1200,1e-10,12,True,True,True,False,False,1.0,warn,True,False,False,15,25,25,BOTH,BOTH,BOTH,0.1,10000.0,0.1,10000.0,0.0,1e-06,FULL,0.4685363759539915,0.04114269039409317,0.04114269039409317,1.251238860288337e-09,1.251238860288337e-09,7.147060721024445e-16,7.147060721024445e-16,2.1735768918675434e-23,2.1735768918675434e-23,True,brentq,15,1.0,0.6248610819651622,-0.22580644470723008,0.32671611748407864,-0.11797227973451423,3.988523781064247,False,with_edl_FULL,0.0001,,,alpha1,0.6142857142857143,
ofat_compare:alpha1:without_edl,8.314,96485.0,298.0,8.8541878128e-12,78.5,,0.1,3.041217889017721e-08,1.1e-08,1e-08,3.7e-08,1.0,0.00012,1.0,3.77e-05,0.005250617670899842,43.75514725749868,0.0016495690516077001,0.513,0.361,0.371,8.85e-05,0.0003878,0.6142857142857143,0.37,-1.0,1.0,0.1,0.834,80,1200,1e-10,12,True,True,True,False,False,1.0,warn,True,False,False,15,25,25,BOTH,BOTH,BOTH,0.1,10000.0,0.1,10000.0,0.0,1e-06,FULL,0.5507890867877908,0.027927403943192104,0.027927403943192104,8.493332046585987e-10,8.493332046585987e-10,-1.4682699500667695e-14,-1.4682699500667695e-14,-4.465328838050215e-22,-4.465328838050215e-22,True,brentq,15,1.0,0.0,0.0,0.0,0.0,0.0,True,without_edl,0.0001,,,alpha1,0.6142857142857143,
ofat_compare:alpha1:with_edl_FULL,8.314,96485.0,298.0,8.8541878128e-12,78.5,,0.1,3.041217889017721e-08,1.1e-08,1e-08,3.7e-08,1.0,0.00012,1.0,3.77e-05,0.005250617670899842,43.75514725749868,0.0016495690516077001,0.513,0.361,0.371,8.85e-05,0.0003878,0.6428571428571428,0.37,-1.0,1.0,0.1,0.834,80,1200,1e-10,12,True,True,True,False,False,1.0,warn,True,False,False,15,25,25,BOTH,BOTH,BOTH,0.1,10000.0,0.1,10000.0,0.0,1e-06,FULL,0.4750335197011635,0.03582145675191476,0.03582145675191476,1.089408550845978e-09,1.089408550845978e-09,-7.89703719084045e-12,-7.89703719084045e-12,-2.4016610775022227e-19,-2.4016610775022227e-19,True,brentq,16,1.0,0.6248610819651622,-0.22580644470723008,0.32671611748407864,-0.11797227973451423,4.229520104177732,False,with_edl_FULL,0.0001,,,alpha1,0.6428571428571428,
ofat_compare:alpha1:without_edl,8.314,96485.0,298.0,8.8541878128e-12,78.5,,0.1,3.041217889017721e-08,1.1e-08,1e-08,3.7e-08,1.0,0.00012,1.0,3.77e-05,0.005250617670899842,43.75514725749868,0.0016495690516077001,0.513,0.361,0.371,8.85e-05,0.0003878,0.6428571428571428,0.37,-1.0,1.0,0.1,0.834,80,1200,1e-10,12,True,True,True,False,False,1.0,warn,True,False,False,15,25,25,BOTH,BOTH,BOTH,0.1,10000.0,0.1,10000.0,0.0,1e-06,FULL,0.5685018210426165,0.021636567358049717,0.021636567358049717,6.58015157062377e-10,6.58015157062377e-10,-7.095365961440336e-14,-7.095365961440336e-14,-2.1578553891059773e-21,-2.1578553891059773e-21,True,brentq,16,1.0,0.0,0.0,0.0,0.0,0.0,True,without_edl,0.0001,,,alpha1,0.6428571428571428,
ofat_compare:alpha1:with_edl_FULL,8.314,96485.0,298.0,8.8541878128e-12,78.5,,0.1,3.041217889017721e-08,1.1e-08,1e-08,3.7e-08,1.0,0.00012,1.0,3.77e-05,0.005250617670899842,43.75514725749868,0.0016495690516077001,0.513,0.361,0.371,8.85e-05,0.0003878,0.6714285714285715,0.37,-1.0,1.0,0.1,0.834,80,1200,1e-10,12,True,True,True,False,False,1.0,warn,True,False,False,15,25,25,BOTH,BOTH,BOTH,0.1,10000.0,0.1,10000.0,0.0,1e-06,FULL,0.48162575489970627,0.03113508768330402,0.03113508768330402,9.46885856385995e-10,9.46885856385995e-10,1.5719613111198072e-12,1.5719613111198072e-12,4.780676860221309e-20,4.780676860221309e-20,True,brentq,17,1.0,0.6248610819651622,-0.22580644470723008,0.32671611748407864,-0.11797227973451423,4.474043621860348,False,with_edl_FULL,0.0001,,,alpha1,0.6714285714285715,
ofat_compare:alpha1:without_edl,8.314,96485.0,298.0,8.8541878128e-12,78.5,,0.1,3.041217889017721e-08,1.1e-08,1e-08,3.7e-08,1.0,0.00012,1.0,3.77e-05,0.005250617670899842,43.75514725749868,0.0016495690516077001,0.513,0.361,0.371,8.85e-05,0.0003878,0.6714285714285715,0.37,-1.0,1.0,0.1,0.834,80,1200,1e-10,12,True,True,True,False,False,1.0,warn,True,False,False,15,25,25,BOTH,BOTH,BOTH,0.1,10000.0,0.1,10000.0,0.0,1e-06,FULL,0.58766344971514,0.01641645227015979,0.01641645227015979,4.992600831821553e-10,4.992600831821553e-10,-4.3250125703053754e-14,-4.3250125703053754e-14,-1.3153305599039222e-21,-1.3153305599039222e-21,True,brentq,16,1.0,0.0,0.0,0.0,0.0,0.0,True,without_edl,0.0001,,,alpha1,0.6714285714285715,
ofat_compare:alpha1:with_edl_FULL,8.314,96485.0,298.0,8.8541878128e-12,78.5,,0.1,3.041217889017721e-08,1.1e-08,1e-08,3.7e-08,1.0,0.00012,1.0,3.77e-05,0.005250617670899842,43.75514725749868,0.0016495690516077001,0.513,0.361,0.371,8.85e-05,0.0003878,0.7,0.37,-1.0,1.0,0.1,0.834,80,1200,1e-10,12,True,True,True,False,False,1.0,warn,True,False,False,15,25,25,BOTH,BOTH,BOTH,0.1,10000.0,0.1,10000.0,0.0,1e-06,FULL,0.488312855565998,0.02701571938692556,0.02701571938692556,8.216068908420088e-10,8.216068908420088e-10,5.597397545464844e-13,5.597397545464844e-13,1.7022905547211566e-20,1.7022905547211566e-20,True,brentq,18,1.0,0.6248610819651622,-0.22580644470723008,0.32671611748407864,-0.11797227973451423,4.722085951779173,False,with_edl_FULL,0.0001,,,alpha1,0.7,
ofat_compare:alpha1:without_edl,8.314,96485.0,298.0,8.8541878128e-12,78.5,,0.1,3.041217889017721e-08,1.1e-08,1e-08,3.7e-08,1.0,0.00012,1.0,3.77e-05,0.005250617670899842,43.75514725749868,0.0016495690516077001,0.513,0.361,0.371,8.85e-05,0.0003878,0.7,0.37,-1.0,1.0,0.1,0.834,80,1200,1e-10,12,True,True,True,False,False,1.0,warn,True,False,False,15,25,25,BOTH,BOTH,BOTH,0.1,10000.0,0.1,10000.0,0.0,1e-06,FULL,0.608459332432303,0.012165878383247102,0.012165878383247102,3.699908697474508e-10,3.699908697474508e-10,-4.440892098500626e-16,-4.440892098500626e-16,-1.3505720493157552e-23,-1.3505720493157552e-23,True,brentq,15,1.0,0.0,0.0,0.0,0.0,0.0,True,without_edl,0.0001,,,alpha1,0.7,
ofat_compare:alpha2:with_edl_FULL,8.314,96485.0,298.0,8.8541878128e-12,78.5,,0.1,3.041217889017721e-08,1.1e-08,1e-08,3.7e-08,1.0,0.00012,1.0,3.77e-05,0.005250617670899842,43.75514725749868,0.0016495690516077001,0.513,0.361,0.371,8.85e-05,0.0003878,0.5,0.16999999999999998,-1.0,1.0,0.1,0.834,80,1200,1e-10,12,True,True,True,False,False,1.0,warn,True,False,False,15,25,25,BOTH,BOTH,BOTH,0.1,10000.0,0.1,10000.0,0.0,1e-06,FULL,0.37631200045023294,0.008336462952655025,0.008336462952655025,2.5353000262747956e-10,2.5353000262747956e-10,1.0035063058300153e-12,1.0035063058300153e-12,3.051881329032331e-20,3.051881329032331e-20,True,brentq,17,1.0,0.6248610819651622,-0.22580644470723008,0.32671611748407864,-0.11797227973451423,0.567676673053521,True,with_edl_FULL,0.0001,,,alpha2,0.16999999999999998,
ofat_compare:alpha2:without_edl,8.314,96485.0,298.0,8.8541878128e-12,78.5,,0.1,3.041217889017721e-08,1.1e-08,1e-08,3.7e-08,1.0,0.00012,1.0,3.77e-05,0.005250617670899842,43.75514725749868,0.0016495690516077001,0.513,0.361,0.371,8.85e-05,0.0003878,0.5,0.16999999999999998,-1.0,1.0,0.1,0.834,80,1200,1e-10,12,True,True,True,False,False,1.0,warn,True,False,False,15,25,25,BOTH,BOTH,BOTH,0.1,10000.0,0.1,10000.0,0.0,1e-06,FULL,0.389354854796386,0.008957810212470187,0.008957810212470187,2.7242652664589967e-10,2.7242652664589967e-10,-5.604358990773939e-12,-5.604358990773939e-12,-1.7044076819219004e-19,-1.7044076819219004e-19,True,brentq,11,1.0,0.0,0.0,0.0,0.0,0.0,True,without_edl,0.0001,,,alpha2,0.16999999999999998,
ofat_compare:alpha2:with_edl_FULL,8.314,96485.0,298.0,8.8541878128e-12,78.5,,0.1,3.041217889017721e-08,1.1e-08,1e-08,3.7e-08,1.0,0.00012,1.0,3.77e-05,0.005250617670899842,43.75514725749868,0.0016495690516077001,0.513,0.361,0.371,8.85e-05,0.0003878,0.5,0.19857142857142857,-1.0,1.0,0.1,0.834,80,1200,1e-10,12,True,True,True,False,False,1.0,warn,True,False,False,15,25,25,BOTH,BOTH,BOTH,0.1,10000.0,0.1,10000.0,0.0,1e-06,FULL,0.3867695521549391,0.01161158757888108,0.01161158757888108,3.531336786478911e-10,3.531336786478911e-10,-6.834484367335136e-12,-6.834484367335136e-12,-2.0785156120151579e-19,-2.0785156120151579e-19,True,brentq,17,1.0,0.6248610819651622,-0.22580644470723008,0.32671611748407864,-0.11797227973451423,0.9555750492746604,True,with_edl_FULL,0.0001,,,alpha2,0.19857142857142857,
ofat_compare:alpha2:without_edl,8.314,96485.0,298.0,8.8541878128e-12,78.5,,0.1,3.041217889017721e-08,1.1e-08,1e-08,3.7e-08,1.0,0.00012,1.0,3.77e-05,0.005250617670899842,43.75514725749868,0.0016495690516077001,0.513,0.361,0.371,8.85e-05,0.0003878,0.5,0.19857142857142857,-1.0,1.0,0.1,0.834,80,1200,1e-10,12,True,True,True,False,False,1.0,warn,True,False,False,15,25,25,BOTH,BOTH,BOTH,0.1,10000.0,0.1,10000.0,0.0,1e-06,FULL,0.40754075031040204,0.012764090756125415,0.012764090756125415,3.881838114457434e-10,3.881838114457434e-10,-6.365550447862134e-12,-6.365550447862134e-12,-1.9359025895483087e-19,-1.9359025895483087e-19,True,brentq,13,1.0,0.0,0.0,0.0,0.0,0.0,True,without_edl,0.0001,,,alpha2,0.19857142857142857,
ofat_compare:alpha2:with_edl_FULL,8.314,96485.0,298.0,8.8541878128e-12,78.5,,0.1,3.041217889017721e-08,1.1e-08,1e-08,3.7e-08,1.0,0.00012,1.0,3.77e-05,0.005250617670899842,43.75514725749868,0.0016495690516077001,0.513,0.361,0.371,8.85e-05,0.0003878,0.5,0.22714285714285715,-1.0,1.0,0.1,0.834,80,1200,1e-10,12,True,True,True,False,False,1.0,warn,True,False,False,15,25,25,BOTH,BOTH,BOTH,0.1,10000.0,0.1,10000.0,0.0,1e-06,FULL,0.3969326117151534,0.0160270599950183,0.0160270599950183,4.874178156520992e-10,4.874178156520992e-10,7.95175383871971e-12,7.95175383871971e-12,2.4183016023379716e-19,2.4183016023379716e-19,True,brentq,17,1.0,0.6248610819651622,-0.22580644470723008,0.32671611748407864,-0.11797227973451423,1.3325499294535241,False,with_edl_FULL,0.0001,,,alpha2,0.22714285714285715,
ofat_compare:alpha2:without_edl,8.314,96485.0,298.0,8.8541878128e-12,78.5,,0.1,3.041217889017721e-08,1.1e-08,1e-08,3.7e-08,1.0,0.00012,1.0,3.77e-05,0.005250617670899842,43.75514725749868,0.0016495690516077001,0.513,0.361,0.371,8.85e-05,0.0003878,0.5,0.22714285714285715,-1.0,1.0,0.1,0.834,80,1200,1e-10,12,True,True,True,False,False,1.0,warn,True,False,False,15,25,25,BOTH,BOTH,BOTH,0.1,10000.0,0.1,10000.0,0.0,1e-06,FULL,0.42429749884315093,0.017688557069944277,0.017688557069944277,5.379475619202542e-10,5.379475619202542e-10,4.0646305765612567e-13,4.0646305765612567e-13,1.2361427221686508e-20,1.2361427221686508e-20,True,brentq,14,1.0,0.0,0.0,0.0,0.0,0.0,True,without_edl,0.0001,,,alpha2,0.22714285714285715,
ofat_compare:alpha2:with_edl_FULL,8.314,96485.0,298.0,8.8541878128e-12,78.5,,0.1,3.041217889017721e-08,1.1e-08,1e-08,3.7e-08,1.0,0.00012,1.0,3.77e-05,0.005250617670899842,43.75514725749868,0.0016495690516077001,0.513,0.361,0.371,8.85e-05,0.0003878,0.5,0.2557142857142857,-1.0,1.0,0.1,0.834,80,1200,1e-10,12,True,True,True,False,False,1.0,warn,True,False,False,15,25,25,BOTH,BOTH,BOTH,0.1,10000.0,0.1,10000.0,0.0,1e-06,FULL,0.4068040397265079,0.021923036084100615,0.021923036084100615,6.66727295205478e-10,6.66727295205478e-10,2.7045032879868813e-13,2.7045032879868813e-13,8.224983780332949e-21,8.224983780332949e-21,True,brentq,17,1.0,0.6248610819651622,-0.22580644470723008,0.32671611748407864,-0.11797227973451423,1.6987074206820978,False,with_edl_FULL,0.0001,,,alpha2,0.2557142857142857,
ofat_compare:alpha2:without_edl,8.314,96485.0,298.0,8.8541878128e-12,78.5,,0.1,3.041217889017721e-08,1.1e-08,1e-08,3.7e-08,1.0,0.00012,1.0,3.77e-05,0.005250617670899842,43.75514725749868,0.0016495690516077001,0.513,0.361,0.371,8.85e-05,0.0003878,0.5,0.2557142857142857,-1.0,1.0,0.1,0.834,80,1200,1e-10,12,True,True,True,False,False,1.0,warn,True,False,False,15,25,25,BOTH,BOTH,BOTH,0.1,10000.0,0.1,10000.0,0.0,1e-06,FULL,0.4397871964300044,0.023915539591395224,0.023915539591395224,7.273236683086271e-10,7.273236683086271e-10,9.600376049689885e-13,9.600376049689885e-13,2.919683538361416e-20,2.919683538361416e-20,True,brentq,14,1.0,0.0,0.0,0.0,0.0,0.0,True,without_edl,0.0001,,,alpha2,0.2557142857142857,
ofat_compare:alpha2:with_edl_FULL,8.314,96485.0,298.0,8.8541878128e-12,78.5,,0.1,3.041217889017721e-08,1.1e-08,1e-08,3.7e-08,1.0,0.00012,1.0,3.77e-05,0.005250617670899842,43.75514725749868,0.0016495690516077001,0.513,0.361,0.371,8.85e-05,0.0003878,0.5,0.2842857142857143,-1.0,1.0,0.1,0.834,80,1200,1e-10,12,True,True,True,False,False,1.0,warn,True,False,False,15,25,25,BOTH,BOTH,BOTH,0.1,10000.0,0.1,10000.0,0.0,1e-06,FULL,0.4163888557287551,0.0297230984977607,0.0297230984977607,9.039441886842559e-10,9.039441886842559e-10,1.1622647289044608e-15,1.1622647289044608e-15,3.534700285318578e-23,3.534700285318578e-23,True,brentq,17,1.0,0.6248610819651622,-0.22580644470723008,0.32671611748407864,-0.11797227973451423,2.0542337110256508,False,with_edl_FULL,0.0001,,,alpha2,0.2842857142857143,
ofat_compare:alpha2:without_edl,8.314,96485.0,298.0,8.8541878128e-12,78.5,,0.1,3.041217889017721e-08,1.1e-08,1e-08,3.7e-08,1.0,0.00012,1.0,3.77e-05,0.005250617670899842,43.75514725749868,0.0016495690516077001,0.513,0.361,0.371,8.85e-05,0.0003878,0.5,0.2842857142857143,-1.0,1.0,0.1,0.834,80,1200,1e-10,12,True,True,True,False,False,1.0,warn,True,False,False,15,25,25,BOTH,BOTH,BOTH,0.1,10000.0,0.1,10000.0,0.0,1e-06,FULL,0.45414831859881943,0.031631823224255486,0.031631823224255486,9.619926665185199e-10,9.619926665185199e-10,1.915134717478395e-15,1.915134717478395e-15,5.824341962674195e-23,5.824341962674195e-23,True,brentq,14,1.0,0.0,0.0,0.0,0.0,0.0,True,without_edl,0.0001,,,alpha2,0.2842857142857143,
ofat_compare:alpha2:with_edl_FULL,8.314,96485.0,298.0,8.8541878128e-12,78.5,,0.1,3.041217889017721e-08,1.1e-08,1e-08,3.7e-08,1.0,0.00012,1.0,3.77e-05,0.005250617670899842,43.75514725749868,0.0016495690516077001,0.513,0.361,0.371,8.85e-05,0.0003878,0.5,0.31285714285714283,-1.0,1.0,0.1,0.834,80,1200,1e-10,12,True,True,True,False,False,1.0,warn,True,False,False,15,25,25,BOTH,BOTH,BOTH,0.1,10000.0,0.1,10000.0,0.0,1e-06,FULL,0.42569364087766093,0.03995008709135261,0.03995008709135261,1.214969195300375e-09,1.214969195300375e-09,4.724685920276528e-12,4.724685920276528e-12,1.4368799340735131e-19,1.4368799340735131e-19,True,brentq,16,1.0,0.6248610819651622,-0.22580644470723008,0.32671611748407864,-0.11797227973451423,2.3993729130362773,False,with_edl_FULL,0.0001,,,alpha2,0.31285714285714283,
ofat_compare:alpha2:without_edl,8.314,96485.0,298.0,8.8541878128e-12,78.5,,0.1,3.041217889017721e-08,1.1e-08,1e-08,3.7e-08,1.0,0.00012,1.0,3.77e-05,0.005250617670899842,43.75514725749868,0.0016495690516077001,0.513,0.361,0.371,8.85e-05,0.0003878,0.5,0.31285714285714283,-1.0,1.0,0.1,0.834,80,1200,1e-10,12,True,True,True,False,False,1.0,warn,True,False,False,15,25,25,BOTH,BOTH,BOTH,0.1,10000.0,0.1,10000.0,0.0,1e-06,FULL,0.4674998715485594,0.041023328916689576,0.041023328916689576,1.247608817684943e-09,1.247608817684943e-09,8.661266148735081e-13,8.661266148735081e-13,2.634079755307675e-20,2.634079755307675e-20,True,brentq,13,1.0,0.0,0.0,0.0,0.0,0.0,True,without_edl,0.0001,,,alpha2,0.31285714285714283,
ofat_compare:alpha2:with_edl_FULL,8.314,96485.0,298.0,8.8541878128e-12,78.5,,0.1,3.041217889017721e-08,1.1e-08,1e-08,3.7e-08,1.0,0.00012,1.0,3.77e-05,0.005250617670899842,43.75514725749868,0.0016495690516077001,0.513,0.361,0.371,8.85e-05,0.0003878,0.5,0.3414285714285714,-1.0,1.0,0.1,0.834,80,1200,1e-10,12,True,True,True,False,False,1.0,warn,True,False,False,15,25,25,BOTH,BOTH,BOTH,0.1,10000.0,0.1,10000.0,0.0,1e-06,FULL,0.4347260690035079,0.05324400652214489,0.05324400652214489,1.6192662511812327e-09,1.6192662511812327e-09,1.7319479184152442e-14,1.7319479184152442e-14,5.267230992331445e-22,5.267230992331445e-22,True,brentq,16,1.0,0.6248610819651622,-0.22580644470723008,0.32671611748407864,-0.11797227973451423,2.734409669466894,False,with_edl_FULL,0.0001,,,alpha2,0.3414285714285714,
ofat_compare:alpha2:without_edl,8.314,96485.0,298.0,8.8541878128e-12,78.5,,0.1,3.041217889017721e-08,1.1e-08,1e-08,3.7e-08,1.0,0.00012,1.0,3.77e-05,0.005250617670899842,43.75514725749868,0.0016495690516077001,0.513,0.361,0.371,8.85e-05,0.0003878,0.5,0.3414285714285714,-1.0,1.0,0.1,0.834,80,1200,1e-10,12,True,True,True,False,False,1.0,warn,True,False,False,15,25,25,BOTH,BOTH,BOTH,0.1,10000.0,0.1,10000.0,0.0,1e-06,FULL,0.4799446976413427,0.05227209271881839,0.05227209271881839,1.5897082347286347e-09,1.5897082347286347e-09,1.3877787807814457e-16,1.3877787807814457e-16,4.220537654111735e-24,4.220537654111735e-24,True,brentq,13,1.0,0.0,0.0,0.0,0.0,0.0,True,without_edl,0.0001,,,alpha2,0.3414285714285714,
ofat_compare:alpha2:with_edl_FULL,8.314,96485.0,298.0,8.8541878128e-12,78.5,,0.1,3.041217889017721e-08,1.1e-08,1e-08,3.7e-08,1.0,0.00012,1.0,3.77e-05,0.005250617670899842,43.75514725749868,0.0016495690516077001,0.513,0.361,0.371,8.85e-05,0.0003878,0.5,0.37,-1.0,1.0,0.1,0.834,80,1200,1e-10,12,True,True,True,False,False,1.0,warn,True,False,False,15,25,25,BOTH,BOTH,BOTH,0.1,10000.0,0.1,10000.0,0.0,1e-06,FULL,0.44349454423603574,0.07038215501102128,0.07038215501102128,2.140474688871362e-09,2.140474688871362e-09,3.060189601722385e-11,3.060189601722385e-11,9.306703360544132e-19,9.306703360544132e-19,True,brentq,15,1.0,0.6248610819651622,-0.22580644470723008,0.32671611748407864,-0.11797227973451423,3.0596557118175287,False,with_edl_FULL,0.0001,,,alpha2,0.37,
ofat_compare:alpha2:without_edl,8.314,96485.0,298.0,8.8541878128e-12,78.5,,0.1,3.041217889017721e-08,1.1e-08,1e-08,3.7e-08,1.0,0.00012,1.0,3.77e-05,0.005250617670899842,43.75514725749868,0.0016495690516077001,0.513,0.361,0.371,8.85e-05,0.0003878,0.5,0.37,-1.0,1.0,0.1,0.834,80,1200,1e-10,12,True,True,True,False,False,1.0,warn,True,False,False,15,25,25,BOTH,BOTH,BOTH,0.1,10000.0,0.1,10000.0,0.0,1e-06,FULL,0.49157212957749513,0.06555361211259984,0.06555361211259984,1.993628178465674e-09,1.993628178465674e-09,7.0887740122316245e-12,7.0887740122316245e-12,2.1558506337202743e-19,2.1558506337202743e-19,True,brentq,12,1.0,0.0,0.0,0.0,0.0,0.0,True,without_edl,0.0001,,,alpha2,0.37,
ofat_compare:alpha2:with_edl_FULL,8.314,96485.0,298.0,8.8541878128e-12,78.5,,0.1,3.041217889017721e-08,1.1e-08,1e-08,3.7e-08,1.0,0.00012,1.0,3.77e-05,0.005250617670899842,43.75514725749868,0.0016495690516077001,0.513,0.361,0.371,8.85e-05,0.0003878,0.5,0.3985714285714286,-1.0,1.0,0.1,0.834,80,1200,1e-10,12,True,True,True,False,False,1.0,warn,True,False,False,15,25,25,BOTH,BOTH,BOTH,0.1,10000.0,0.1,10000.0,0.0,1e-06,FULL,0.4520079246594241,0.09230162258817173,0.09230162258817173,2.8070934580051003e-09,2.8070934580051003e-09,3.036321194471725e-13,3.036321194471725e-13,9.234114333431064e-21,9.234114333431064e-21,True,brentq,15,1.0,0.6248610819651622,-0.22580644470723008,0.32671611748407864,-0.11797227973451423,3.3754396099644612,False,with_edl_FULL,0.0001,,,alpha2,0.3985714285714286,
ofat_compare:alpha2:without_edl,8.314,96485.0,298.0,8.8541878128e-12,78.5,,0.1,3.041217889017721e-08,1.1e-08,1e-08,3.7e-08,1.0,0.00012,1.0,3.77e-05,0.005250617670899842,43.75514725749868,0.0016495690516077001,0.513,0.361,0.371,8.85e-05,0.0003878,0.5,0.3985714285714286,-1.0,1.0,0.1,0.834,80,1200,1e-10,12,True,True,True,False,False,1.0,warn,True,False,False,15,25,25,BOTH,BOTH,BOTH,0.1,10000.0,0.1,10000.0,0.0,1e-06,FULL,0.5024601381728965,0.08103459645598146,0.08103459645598146,2.4644386437126285e-09,2.4644386437126285e-09,4.98212582300539e-15,4.98212582300539e-15,1.5151730178261128e-22,1.5151730178261128e-22,True,brentq,17,1.0,0.0,0.0,0.0,0.0,0.0,True,without_edl,0.0001,,,alpha2,0.3985714285714286,
ofat_compare:alpha2:with_edl_FULL,8.314,96485.0,298.0,8.8541878128e-12,78.5,,0.1,3.041217889017721e-08,1.1e-08,1e-08,3.7e-08,1.0,0.00012,1.0,3.77e-05,0.005250617670899842,43.75514725749868,0.0016495690516077001,0.513,0.361,0.371,8.85e-05,0.0003878,0.5,0.42714285714285716,-1.0,1.0,0.1,0.834,80,1200,1e-10,12,True,True,True,False,False,1.0,warn,True,False,False,15,25,25,BOTH,BOTH,BOTH,0.1,10000.0,0.1,10000.0,0.0,1e-06,FULL,0.460275314379865,0.12012431590381577,0.12012431590381577,3.6532421843270044e-09,3.6532421843270044e-09,6.7584826624056404e-15,6.7584826624056404e-15,2.055401837552415e-22,2.055401837552415e-22,True,brentq,15,1.0,0.6248610819651622,-0.22580644470723008,0.32671611748407864,-0.11797227973451423,3.682099059394025,False,with_edl_FULL,0.0001,,,alpha2,0.42714285714285716,
ofat_compare:alpha2:without_edl,8.314,96485.0,298.0,8.8541878128e-12,78.5,,0.1,3.041217889017721e-08,1.1e-08,1e-08,3.7e-08,1.0,0.00012,1.0,3.77e-05,0.005250617670899842,43.75514725749868,0.0016495690516077001,0.513,0.361,0.371,8.85e-05,0.0003878,0.5,0.42714285714285716,-1.0,1.0,0.1,0.834,80,1200,1e-10,12,True,True,True,False,False,1.0,warn,True,False,False,15,25,25,BOTH,BOTH,BOTH,0.1,10000.0,0.1,10000.0,0.0,1e-06,FULL,0.5126770830680629,0.09887113212627295,0.09887113212627295,3.00688655729856e-09,3.00688655729856e-09,2.321504100066818e-12,2.321504100066818e-12,7.060199798551193e-20,7.060199798551193e-20,True,brentq,14,1.0,0.0,0.0,0.0,0.0,0.0,True,without_edl,0.0001,,,alpha2,0.42714285714285716,
ofat_compare:alpha2:with_edl_FULL,8.314,96485.0,298.0,8.8541878128e-12,78.5,,0.1,3.041217889017721e-08,1.1e-08,1e-08,3.7e-08,1.0,0.00012,1.0,3.77e-05,0.005250617670899842,43.75514725749868,0.0016495690516077001,0.513,0.361,0.371,8.85e-05,0.0003878,0.5,0.45571428571428574,-1.0,1.0,0.1,0.834,80,1200,1e-10,12,True,True,True,False,False,1.0,warn,True,False,False,15,25,25,BOTH,BOTH,BOTH,0.1,10000.0,0.1,10000.0,0.0,1e-06,FULL,0.46830590883752865,0.1551846785966098,0.1551846785966098,4.719504206494752e-09,4.719504206494752e-09,6.855699341556942e-11,6.855699341556942e-11,2.0849675479269983e-18,2.0849675479269983e-18,True,brentq,16,1.0,0.6248610819651622,-0.22580644470723008,0.32671611748407864,-0.11797227973451423,3.9799751434124655,False,with_edl_FULL,0.0001,,,alpha2,0.45571428571428574,
ofat_compare:alpha2:without_edl,8.314,96485.0,298.0,8.8541878128e-12,78.5,,0.1,3.041217889017721e-08,1.1e-08,1e-08,3.7e-08,1.0,0.00012,1.0,3.77e-05,0.005250617670899842,43.75514725749868,0.0016495690516077001,0.513,0.361,0.371,8.85e-05,0.0003878,0.5,0.45571428571428574,-1.0,1.0,0.1,0.834,80,1200,1e-10,12,True,True,True,False,False,1.0,warn,True,False,False,15,25,25,BOTH,BOTH,BOTH,0.1,10000.0,0.1,10000.0,0.0,1e-06,FULL,0.5222831493208328,0.1192072525900485,0.1192072525900485,3.6253522907750957e-09,3.6253522907750957e-09,-1.002323085641521e-10,-1.002323085641521e-10,-3.048282898628435e-18,-3.048282898628435e-18,True,brentq,15,1.0,0.0,0.0,0.0,0.0,0.0,True,without_edl,0.0001,,,alpha2,0.45571428571428574,
ofat_compare:alpha2:with_edl_FULL,8.314,96485.0,298.0,8.8541878128e-12,78.5,,0.1,3.041217889017721e-08,1.1e-08,1e-08,3.7e-08,1.0,0.00012,1.0,3.77e-05,0.005250617670899842,43.75514725749868,0.0016495690516077001,0.513,0.361,0.371,8.85e-05,0.0003878,0.5,0.4842857142857143,-1.0,1.0,0.1,0.834,80,1200,1e-10,12,True,True,True,False,False,1.0,warn,True,False,False,15,25,25,BOTH,BOTH,BOTH,0.1,10000.0,0.1,10000.0,0.0,1e-06,FULL,0.47610888163246967,0.19906029680632792,0.19906029680632792,6.053857356405816e-09,6.053857356405816e-09,7.342015884148623e-12,7.342015884148623e-12,2.232867004832505e-19,2.232867004832505e-19,True,brentq,17,1.0,0.6248610819651622,-0.22580644470723008,0.32671611748407864,-0.11797227973451423,4.269408135218113,False,with_edl_FULL,0.0001,,,alpha2,0.4842857142857143,
ofat_compare:alpha2:without_edl,8.314,96485.0,298.0,8.8541878128e-12,78.5,,0.1,3.041217889017721e-08,1.1e-08,1e-08,3.7e-08,1.0,0.00012,1.0,3.77e-05,0.005250617670899842,43.75514725749868,0.0016495690516077001,0.513,0.361,0.371,8.85e-05,0.0003878,0.5,0.4842857142857143,-1.0,1.0,0.1,0.834,80,1200,1e-10,12,True,True,True,False,False,1.0,warn,True,False,False,15,25,25,BOTH,BOTH,BOTH,0.1,10000.0,0.1,10000.0,0.0,1e-06,FULL,0.5313315339778673,0.14217389013052859,0.14217389013052859,4.323817780162035e-09,4.323817780162035e-09,-1.9984014443252818e-15,-1.9984014443252818e-15,-6.077574221920898e-23,-6.077574221920898e-23,True,brentq,18,1.0,0.0,0.0,0.0,0.0,0.0,True,without_edl,0.0001,,,alpha2,0.4842857142857143,
ofat_compare:alpha2:with_edl_FULL,8.314,96485.0,298.0,8.8541878128e-12,78.5,,0.1,3.041217889017721e-08,1.1e-08,1e-08,3.7e-08,1.0,0.00012,1.0,3.77e-05,0.005250617670899842,43.75514725749868,0.0016495690516077001,0.513,0.361,0.371,8.85e-05,0.0003878,0.5,0.5128571428571429,-1.0,1.0,0.1,0.834,80,1200,1e-10,12,True,True,True,False,False,1.0,warn,True,False,False,15,25,25,BOTH,BOTH,BOTH,0.1,10000.0,0.1,10000.0,0.0,1e-06,FULL,0.48369330338169964,0.2536056073332255,0.2536056073332255,7.712699097770092e-09,7.712699097770092e-09,2.7200464103316335e-15,2.7200464103316335e-15,8.272253802059001e-23,8.272253802059001e-23,True,brentq,19,1.0,0.6248610819651622,-0.22580644470723008,0.32671611748407864,-0.11797227973451423,4.550734488094628,False,with_edl_FULL,0.0001,,,alpha2,0.5128571428571429,
ofat_compare:alpha2:without_edl,8.314,96485.0,298.0,8.8541878128e-12,78.5,,0.1,3.041217889017721e-08,1.1e-08,1e-08,3.7e-08,1.0,0.00012,1.0,3.77e-05,0.005250617670899842,43.75514725749868,0.0016495690516077001,0.513,0.361,0.371,8.85e-05,0.0003878,0.5,0.5128571428571429,-1.0,1.0,0.1,0.834,80,1200,1e-10,12,True,True,True,False,False,1.0,warn,True,False,False,15,25,25,BOTH,BOTH,BOTH,0.1,10000.0,0.1,10000.0,0.0,1e-06,FULL,0.5398694314577668,0.1678881748283645,0.1678881748283645,5.105845206425568e-09,5.105845206425568e-09,-6.719444445302258e-11,-6.719444445302258e-11,-2.0435294651313987e-18,-2.0435294651313987e-18,True,brentq,16,1.0,0.0,0.0,0.0,0.0,0.0,True,without_edl,0.0001,,,alpha2,0.5128571428571429,
ofat_compare:alpha2:with_edl_FULL,8.314,96485.0,298.0,8.8541878128e-12,78.5,,0.1,3.041217889017721e-08,1.1e-08,1e-08,3.7e-08,1.0,0.00012,1.0,3.77e-05,0.005250617670899842,43.75514725749868,0.0016495690516077001,0.513,0.361,0.371,8.85e-05,0.0003878,0.5,0.5414285714285715,-1.0,1.0,0.1,0.834,80,1200,1e-10,12,True,True,True,False,False,1.0,warn,True,False,False,15,25,25,BOTH,BOTH,BOTH,0.1,10000.0,0.1,10000.0,0.0,1e-06,FULL,0.49106808499017823,0.32098896262144466,0.32098896262144466,9.76197375301578e-09,9.76197375301578e-09,-2.0360291230758776e-10,-2.0360291230758776e-10,-6.192008191659422e-18,-6.192008191659422e-18,True,brentq,18,1.0,0.6248610819651622,-0.22580644470723008,0.32671611748407864,-0.11797227973451423,4.824284731181356,False,with_edl_FULL,0.0001,,,alpha2,0.5414285714285715,
ofat_compare:alpha2:without_edl,8.314,96485.0,298.0,8.8541878128e-12,78.5,,0.1,3.041217889017721e-08,1.1e-08,1e-08,3.7e-08,1.0,0.00012,1.0,3.77e-05,0.005250617670899842,43.75514725749868,0.0016495690516077001,0.513,0.361,0.371,8.85e-05,0.0003878,0.5,0.5414285714285715,-1.0,1.0,0.1,0.834,80,1200,1e-10,12,True,True,True,False,False,1.0,warn,True,False,False,15,25,25,BOTH,BOTH,BOTH,0.1,10000.0,0.1,10000.0,0.0,1e-06,FULL,0.5479388572371062,0.19645304452936718,0.19645304452936718,5.974565133747064e-09,5.974565133747064e-09,1.6502918476213324e-10,1.6502918476213324e-10,5.018897089086103e-18,5.018897089086103e-18,True,brentq,16,1.0,0.0,0.0,0.0,0.0,0.0,True,without_edl,0.0001,,,alpha2,0.5414285714285715,
ofat_compare:alpha2:with_edl_FULL,8.314,96485.0,298.0,8.8541878128e-12,78.5,,0.1,3.041217889017721e-08,1.1e-08,1e-08,3.7e-08,1.0,0.00012,1.0,3.77e-05,0.005250617670899842,43.75514725749868,0.0016495690516077001,0.513,0.361,0.371,8.85e-05,0.0003878,0.5,0.5700000000000001,-1.0,1.0,0.1,0.834,80,1200,1e-10,12,True,True,True,False,False,1.0,warn,True,False,False,15,25,25,BOTH,BOTH,BOTH,0.1,10000.0,0.1,10000.0,0.0,1e-06,FULL,0.49824193993205124,0.4037333614305248,0.4037333614305248,1.2278411211757692e-08,1.2278411211757692e-08,3.962496997189646e-12,3.962496997189646e-12,1.2050816753032154e-19,1.2050816753032154e-19,True,brentq,18,1.0,0.6248610819651622,-0.22580644470723008,0.32671611748407864,-0.11797227973451423,5.090382070384207,False,with_edl_FULL,0.0001,,,alpha2,0.5700000000000001,
ofat_compare:alpha2:without_edl,8.314,96485.0,298.0,8.8541878128e-12,78.5,,0.1,3.041217889017721e-08,1.1e-08,1e-08,3.7e-08,1.0,0.00012,1.0,3.77e-05,0.005250617670899842,43.75514725749868,0.0016495690516077001,0.513,0.361,0.371,8.85e-05,0.0003878,0.5,0.5700000000000001,-1.0,1.0,0.1,0.834,80,1200,1e-10,12,True,True,True,False,False,1.0,warn,True,False,False,15,25,25,BOTH,BOTH,BOTH,0.1,10000.0,0.1,10000.0,0.0,1e-06,FULL,0.5555773389996641,0.2279571219394692,0.2279571219394692,6.932672771713078e-09,6.932672771713078e-09,-2.967071033310731e-14,-2.967071033310731e-14,-9.02350950449089e-22,-9.02350950449089e-22,True,brentq,17,1.0,0.0,0.0,0.0,0.0,0.0,True,without_edl,0.0001,,,alpha2,0.5700000000000001,
ofat_compare:E1_eq:with_edl_FULL,8.314,96485.0,298.0,8.8541878128e-12,78.5,,0.1,3.041217889017721e-08,1.1e-08,1e-08,3.7e-08,1.0,0.00012,1.0,3.77e-05,0.005250617670899842,43.75514725749868,0.0016495690516077001,0.513,0.361,0.371,8.85e-05,0.0003878,0.5,0.37,-1.0,1.0,-0.19999999999999998,0.834,80,1200,1e-10,12,True,True,True,False,False,1.0,warn,True,False,False,15,25,25,BOTH,BOTH,BOTH,0.1,10000.0,0.1,10000.0,0.0,1e-06,FULL,0.33494681174671476,0.775736287899769,0.775736287899769,2.3591830759209788e-08,2.3591830759209788e-08,4.75175454539567e-14,4.75175454539567e-14,1.445112092767858e-21,1.445112092767858e-21,True,brentq,19,1.0,0.6248610819651622,-0.22580644470723008,0.32671611748407864,-0.11797227973451423,0.9666680744799692,True,with_edl_FULL,0.0001,,,E1_eq,-0.19999999999999998,
ofat_compare:E1_eq:without_edl,8.314,96485.0,298.0,8.8541878128e-12,78.5,,0.1,3.041217889017721e-08,1.1e-08,1e-08,3.7e-08,1.0,0.00012,1.0,3.77e-05,0.005250617670899842,43.75514725749868,0.0016495690516077001,0.513,0.361,0.371,8.85e-05,0.0003878,0.5,0.37,-1.0,1.0,-0.19999999999999998,0.834,80,1200,1e-10,12,True,True,True,False,False,1.0,warn,True,False,False,15,25,25,BOTH,BOTH,BOTH,0.1,10000.0,0.1,10000.0,0.0,1e-06,FULL,0.3191583364800724,0.7861807004337052,0.7861807004337052,2.3909468101594663e-08,2.3909468101594663e-08,2.4551494171021204e-10,2.4551494171021204e-10,7.4666443275024e-18,7.4666443275024e-18,True,brentq,14,1.0,0.0,0.0,0.0,0.0,0.0,True,without_edl,0.0001,,,E1_eq,-0.19999999999999998,
ofat_compare:E1_eq:with_edl_FULL,8.314,96485.0,298.0,8.8541878128e-12,78.5,,0.1,3.041217889017721e-08,1.1e-08,1e-08,3.7e-08,1.0,0.00012,1.0,3.77e-05,0.005250617670899842,43.75514725749868,0.0016495690516077001,0.513,0.361,0.371,8.85e-05,0.0003878,0.5,0.37,-1.0,1.0,-0.15714285714285714,0.834,80,1200,1e-10,12,True,True,True,False,False,1.0,warn,True,False,False,15,25,25,BOTH,BOTH,BOTH,0.1,10000.0,0.1,10000.0,0.0,1e-06,FULL,0.35032203567827824,0.5473974960143657,0.5473974960143657,1.6647550572823957e-08,1.6647550572823957e-08,2.3241408797503027e-12,2.3241408797503027e-12,7.068218820094004e-20,7.068218820094004e-20,True,brentq,19,1.0,0.6248610819651622,-0.22580644470723008,0.32671611748407864,-0.11797227973451423,0.39636017015414815,True,with_edl_FULL,0.0001,,,E1_eq,-0.15714285714285714,
ofat_compare:E1_eq:without_edl,8.314,96485.0,298.0,8.8541878128e-12,78.5,,0.1,3.041217889017721e-08,1.1e-08,1e-08,3.7e-08,1.0,0.00012,1.0,3.77e-05,0.005250617670899842,43.75514725749868,0.0016495690516077001,0.513,0.361,0.371,8.85e-05,0.0003878,0.5,0.37,-1.0,1.0,-0.15714285714285714,0.834,80,1200,1e-10,12,True,True,True,False,False,1.0,warn,True,False,False,15,25,25,BOTH,BOTH,BOTH,0.1,10000.0,0.1,10000.0,0.0,1e-06,FULL,0.3437888783458759,0.5513027109977182,0.5513027109977182,1.6766316669502274e-08,1.6766316669502274e-08,5.7895577221245276e-11,5.7895577221245276e-11,1.7607306514025802e-18,1.7607306514025802e-18,True,brentq,14,1.0,0.0,0.0,0.0,0.0,0.0,True,without_edl,0.0001,,,E1_eq,-0.15714285714285714,
ofat_compare:E1_eq:with_edl_FULL,8.314,96485.0,298.0,8.8541878128e-12,78.5,,0.1,3.041217889017721e-08,1.1e-08,1e-08,3.7e-08,1.0,0.00012,1.0,3.77e-05,0.005250617670899842,43.75514725749868,0.0016495690516077001,0.513,0.361,0.371,8.85e-05,0.0003878,0.5,0.37,-1.0,1.0,-0.11428571428571427,0.834,80,1200,1e-10,12,True,True,True,False,False,1.0,warn,True,False,False,15,25,25,BOTH,BOTH,BOTH,0.1,10000.0,0.1,10000.0,0.0,1e-06,FULL,0.3657477231889388,0.387086652101906,0.387086652101906,1.1772148509722956e-08,1.1772148509722956e-08,2.5819568705287566e-11,2.5819568705287566e-11,7.852293423324266e-19,7.852293423324266e-19,True,brentq,19,1.0,0.6248610819651622,-0.22580644470723008,0.32671611748407864,-0.11797227973451423,0.1758195623913945,True,with_edl_FULL,0.0001,,,E1_eq,-0.11428571428571427,
ofat_compare:E1_eq:without_edl,8.314,96485.0,298.0,8.8541878128e-12,78.5,,0.1,3.041217889017721e-08,1.1e-08,1e-08,3.7e-08,1.0,0.00012,1.0,3.77e-05,0.005250617670899842,43.75514725749868,0.0016495690516077001,0.513,0.361,0.371,8.85e-05,0.0003878,0.5,0.37,-1.0,1.0,-0.11428571428571427,0.834,80,1200,1e-10,12,True,True,True,False,False,1.0,warn,True,False,False,15,25,25,BOTH,BOTH,BOTH,0.1,10000.0,0.1,10000.0,0.0,1e-06,FULL,0.36841942021573443,0.3865964644130326,0.3865964644130326,1.1757240834039175e-08,1.1757240834039175e-08,1.3582024394054315e-11,1.3582024394054315e-11,4.1305895556273054e-19,4.1305895556273054e-19,True,brentq,14,1.0,0.0,0.0,0.0,0.0,0.0,True,without_edl,0.0001,,,E1_eq,-0.11428571428571427,
ofat_compare:E1_eq:with_edl_FULL,8.314,96485.0,298.0,8.8541878128e-12,78.5,,0.1,3.041217889017721e-08,1.1e-08,1e-08,3.7e-08,1.0,0.00012,1.0,3.77e-05,0.005250617670899842,43.75514725749868,0.0016495690516077001,0.513,0.361,0.371,8.85e-05,0.0003878,0.5,0.37,-1.0,1.0,-0.07142857142857142,0.834,80,1200,1e-10,12,True,True,True,False,False,1.0,warn,True,False,False,15,25,25,BOTH,BOTH,BOTH,0.1,10000.0,0.1,10000.0,0.0,1e-06,FULL,0.3812198343420842,0.27427289159382073,0.27427289159382073,8.341236243877457e-09,8.341236243877457e-09,1.596500709410975e-13,1.596500709410975e-13,4.85530651729014e-21,4.85530651729014e-21,True,brentq,17,1.0,0.6248610819651622,-0.22580644470723008,0.32671611748407864,-0.11797227973451423,0.7497212711744581,True,with_edl_FULL,0.0001,,,E1_eq,-0.07142857142857142,
ofat_compare:E1_eq:without_edl,8.314,96485.0,298.0,8.8541878128e-12,78.5,,0.1,3.041217889017721e-08,1.1e-08,1e-08,3.7e-08,1.0,0.00012,1.0,3.77e-05,0.005250617670899842,43.75514725749868,0.0016495690516077001,0.513,0.361,0.371,8.85e-05,0.0003878,0.5,0.37,-1.0,1.0,-0.07142857142857142,0.834,80,1200,1e-10,12,True,True,True,False,False,1.0,warn,True,False,False,15,25,25,BOTH,BOTH,BOTH,0.1,10000.0,0.1,10000.0,0.0,1e-06,FULL,0.39304996207661963,0.2710975717860415,0.2710975717860415,8.244667849849752e-09,8.244667849849752e-09,-9.184103477721806e-11,-9.184103477721806e-11,-2.793085979103742e-18,-2.793085979103742e-18,True,brentq,12,1.0,0.0,0.0,0.0,0.0,0.0,True,without_edl,0.0001,,,E1_eq,-0.07142857142857142,
ofat_compare:E1_eq:with_edl_FULL,8.314,96485.0,298.0,8.8541878128e-12,78.5,,0.1,3.041217889017721e-08,1.1e-08,1e-08,3.7e-08,1.0,0.00012,1.0,3.77e-05,0.005250617670899842,43.75514725749868,0.0016495690516077001,0.513,0.361,0.371,8.85e-05,0.0003878,0.5,0.37,-1.0,1.0,-0.028571428571428553,0.834,80,1200,1e-10,12,True,True,True,False,False,1.0,warn,True,False,False,15,25,25,BOTH,BOTH,BOTH,0.1,10000.0,0.1,10000.0,0.0,1e-06,FULL,0.39673438622951,0.19470638347533195,0.19470638347533195,5.921445365311239e-09,5.921445365311239e-09,2.504385587798197e-13,2.504385587798197e-13,7.616382250610037e-21,7.616382250610037e-21,True,brentq,15,1.0,0.6248610819651622,-0.22580644470723008,0.32671611748407864,-0.11797227973451423,1.3251972195480004,False,with_edl_FULL,0.0001,,,E1_eq,-0.028571428571428553,
ofat_compare:E1_eq:without_edl,8.314,96485.0,298.0,8.8541878128e-12,78.5,,0.1,3.041217889017721e-08,1.1e-08,1e-08,3.7e-08,1.0,0.00012,1.0,3.77e-05,0.005250617670899842,43.75514725749868,0.0016495690516077001,0.513,0.361,0.371,8.85e-05,0.0003878,0.5,0.37,-1.0,1.0,-0.028571428571428553,0.834,80,1200,1e-10,12,True,True,True,False,False,1.0,warn,True,False,False,15,25,25,BOTH,BOTH,BOTH,0.1,10000.0,0.1,10000.0,0.0,1e-06,FULL,0.4176805039759541,0.19010492916663377,0.19010492916663377,5.781505113720133e-09,5.781505113720133e-09,1.1216297335359116e-10,1.1216297335359116e-10,3.411120410483594e-18,3.411120410483594e-18,True,brentq,12,1.0,0.0,0.0,0.0,0.0,0.0,True,without_edl,0.0001,,,E1_eq,-0.028571428571428553,
ofat_compare:E1_eq:with_edl_FULL,8.314,96485.0,298.0,8.8541878128e-12,78.5,,0.1,3.041217889017721e-08,1.1e-08,1e-08,3.7e-08,1.0,0.00012,1.0,3.77e-05,0.005250617670899842,43.75514725749868,0.0016495690516077001,0.513,0.361,0.371,8.85e-05,0.0003878,0.5,0.37,-1.0,1.0,0.014285714285714318,0.834,80,1200,1e-10,12,True,True,True,False,False,1.0,warn,True,False,False,15,25,25,BOTH,BOTH,BOTH,0.1,10000.0,0.1,10000.0,0.0,1e-06,FULL,0.41228749549005106,0.13846968241383456,0.13846968241383456,4.211164752435562e-09,4.211164752435562e-09,2.892130979148533e-13,2.892130979148533e-13,8.795600471168856e-21,8.795600471168856e-21,True,brentq,15,1.0,0.6248610819651622,-0.22580644470723008,0.32671611748407864,-0.11797227973451423,1.9021033633291342,False,with_edl_FULL,0.0001,,,E1_eq,0.014285714285714318,
ofat_compare:E1_eq:without_edl,8.314,96485.0,298.0,8.8541878128e-12,78.5,,0.1,3.041217889017721e-08,1.1e-08,1e-08,3.7e-08,1.0,0.00012,1.0,3.77e-05,0.005250617670899842,43.75514725749868,0.0016495690516077001,0.513,0.361,0.371,8.85e-05,0.0003878,0.5,0.37,-1.0,1.0,0.014285714285714318,0.834,80,1200,1e-10,12,True,True,True,False,False,1.0,warn,True,False,False,15,25,25,BOTH,BOTH,BOTH,0.1,10000.0,0.1,10000.0,0.0,1e-06,FULL,0.4423110458387773,0.13330950856424673,0.13330950856424673,4.054232622217482e-09,4.054232622217482e-09,3.7561398436025684e-11,3.7561398436025684e-11,1.1423239686016357e-18,1.1423239686016357e-18,True,brentq,12,1.0,0.0,0.0,0.0,0.0,0.0,True,without_edl,0.0001,,,E1_eq,0.014285714285714318,
ofat_compare:E1_eq:with_edl_FULL,8.314,96485.0,298.0,8.8541878128e-12,78.5,,0.1,3.041217889017721e-08,1.1e-08,1e-08,3.7e-08,1.0,0.00012,1.0,3.77e-05,0.005250617670899842,43.75514725749868,0.0016495690516077001,0.513,0.361,0.371,8.85e-05,0.0003878,0.5,0.37,-1.0,1.0,0.057142857142857134,0.834,80,1200,1e-10,12,True,True,True,False,False,1.0,warn,True,False,False,15,25,25,BOTH,BOTH,BOTH,0.1,10000.0,0.1,10000.0,0.0,1e-06,FULL,0.4278754120075402,0.09864218954984325,0.09864218954984325,2.999923914708602e-09,2.999923914708602e-09,2.304462176638822e-12,2.304462176638822e-12,7.008371596158701e-20,7.008371596158701e-20,True,brentq,15,1.0,0.6248610819651622,-0.22580644470723008,0.32671611748407864,-0.11797227973451423,2.480300600745961,False,with_edl_FULL,0.0001,,,E1_eq,0.057142857142857134,
ofat_compare:E1_eq:without_edl,8.314,96485.0,298.0,8.8541878128e-12,78.5,,0.1,3.041217889017721e-08,1.1e-08,1e-08,3.7e-08,1.0,0.00012,1.0,3.77e-05,0.005250617670899842,43.75514725749868,0.0016495690516077001,0.513,0.361,0.371,8.85e-05,0.0003878,0.5,0.37,-1.0,1.0,0.057142857142857134,0.834,80,1200,1e-10,12,True,True,True,False,False,1.0,warn,True,False,False,15,25,25,BOTH,BOTH,BOTH,0.1,10000.0,0.1,10000.0,0.0,1e-06,FULL,0.4669415877069956,0.09348218982754838,0.09348218982754838,2.8429970800809057e-09,2.8429970800809057e-09,1.4611895027272226e-11,1.4611895027272226e-11,4.443795654938937e-19,4.443795654938937e-19,True,brentq,12,1.0,0.0,0.0,0.0,0.0,0.0,True,without_edl,0.0001,,,E1_eq,0.057142857142857134,
ofat_compare:E1_eq:with_edl_FULL,8.314,96485.0,298.0,8.8541878128e-12,78.5,,0.1,3.041217889017721e-08,1.1e-08,1e-08,3.7e-08,1.0,0.00012,1.0,3.77e-05,0.005250617670899842,43.75514725749868,0.0016495690516077001,0.513,0.361,0.371,8.85e-05,0.0003878,0.5,0.37,-1.0,1.0,0.1,0.834,80,1200,1e-10,12,True,True,True,False,False,1.0,warn,True,False,False,15,25,25,BOTH,BOTH,BOTH,0.1,10000.0,0.1,10000.0,0.0,1e-06,FULL,0.44349454423603574,0.07038215501102128,0.07038215501102128,2.140474688871362e-09,2.140474688871362e-09,3.060189601722385e-11,3.060189601722385e-11,9.306703360544132e-19,9.306703360544132e-19,True,brentq,15,1.0,0.6248610819651622,-0.22580644470723008,0.32671611748407864,-0.11797227973451423,3.0596557118175287,False,with_edl_FULL,0.0001,,,E1_eq,0.1,
ofat_compare:E1_eq:without_edl,8.314,96485.0,298.0,8.8541878128e-12,78.5,,0.1,3.041217889017721e-08,1.1e-08,1e-08,3.7e-08,1.0,0.00012,1.0,3.77e-05,0.005250617670899842,43.75514725749868,0.0016495690516077001,0.513,0.361,0.371,8.85e-05,0.0003878,0.5,0.37,-1.0,1.0,0.1,0.834,80,1200,1e-10,12,True,True,True,False,False,1.0,warn,True,False,False,15,25,25,BOTH,BOTH,BOTH,0.1,10000.0,0.1,10000.0,0.0,1e-06,FULL,0.49157212957749513,0.06555361211259984,0.06555361211259984,1.993628178465674e-09,1.993628178465674e-09,7.0887740122316245e-12,7.0887740122316245e-12,2.1558506337202743e-19,2.1558506337202743e-19,True,brentq,12,1.0,0.0,0.0,0.0,0.0,0.0,True,without_edl,0.0001,,,E1_eq,0.1,
ofat_compare:E1_eq:with_edl_FULL,8.314,96485.0,298.0,8.8541878128e-12,78.5,,0.1,3.041217889017721e-08,1.1e-08,1e-08,3.7e-08,1.0,0.00012,1.0,3.77e-05,0.005250617670899842,43.75514725749868,0.0016495690516077001,0.513,0.361,0.371,8.85e-05,0.0003878,0.5,0.37,-1.0,1.0,0.14285714285714288,0.834,80,1200,1e-10,12,True,True,True,False,False,1.0,warn,True,False,False,15,25,25,BOTH,BOTH,BOTH,0.1,10000.0,0.1,10000.0,0.0,1e-06,FULL,0.45914147689126455,0.05029385070613172,0.05029385070613172,1.5295455847507432e-09,1.5295455847507432e-09,1.2351231148954867e-15,1.2351231148954867e-15,3.756278512159444e-23,3.756278512159444e-23,True,brentq,16,1.0,0.6248610819651622,-0.22580644470723008,0.32671611748407864,-0.11797227973451423,3.640042014576464,False,with_edl_FULL,0.0001,,,E1_eq,0.14285714285714288,
ofat_compare:E1_eq:without_edl,8.314,96485.0,298.0,8.8541878128e-12,78.5,,0.1,3.041217889017721e-08,1.1e-08,1e-08,3.7e-08,1.0,0.00012,1.0,3.77e-05,0.005250617670899842,43.75514725749868,0.0016495690516077001,0.513,0.361,0.371,8.85e-05,0.0003878,0.5,0.37,-1.0,1.0,0.14285714285714288,0.834,80,1200,1e-10,12,True,True,True,False,False,1.0,warn,True,False,False,15,25,25,BOTH,BOTH,BOTH,0.1,10000.0,0.1,10000.0,0.0,1e-06,FULL,0.5162026714492048,0.0459689280817863,0.0459689280817863,1.3980152642129757e-09,1.3980152642129757e-09,4.641571849095527e-12,4.641571849095527e-12,1.411603134063038e-19,1.411603134063038e-19,True,brentq,12,1.0,0.0,0.0,0.0,0.0,0.0,True,without_edl,0.0001,,,E1_eq,0.14285714285714288,
ofat_compare:E1_eq:with_edl_FULL,8.314,96485.0,298.0,8.8541878128e-12,78.5,,0.1,3.041217889017721e-08,1.1e-08,1e-08,3.7e-08,1.0,0.00012,1.0,3.77e-05,0.005250617670899842,43.75514725749868,0.0016495690516077001,0.513,0.361,0.371,8.85e-05,0.0003878,0.5,0.37,-1.0,1.0,0.18571428571428575,0.834,80,1200,1e-10,12,True,True,True,False,False,1.0,warn,True,False,False,15,25,25,BOTH,BOTH,BOTH,0.1,10000.0,0.1,10000.0,0.0,1e-06,FULL,0.4748129821287271,0.03599007276696466,0.03599007276696466,1.0945365312594245e-09,1.0945365312594245e-09,5.50046119762726e-14,5.50046119762726e-14,1.672810099207186e-21,1.672810099207186e-21,True,brentq,16,1.0,0.6248610819651622,-0.22580644470723008,0.32671611748407864,-0.11797227973451423,4.2213397796945795,False,with_edl_FULL,0.0001,,,E1_eq,0.18571428571428575,
ofat_compare:E1_eq:without_edl,8.314,96485.0,298.0,8.8541878128e-12,78.5,,0.1,3.041217889017721e-08,1.1e-08,1e-08,3.7e-08,1.0,0.00012,1.0,3.77e-05,0.005250617670899842,43.75514725749868,0.0016495690516077001,0.513,0.361,0.371,8.85e-05,0.0003878,0.5,0.37,-1.0,1.0,0.18571428571428575,0.834,80,1200,1e-10,12,True,True,True,False,False,1.0,warn,True,False,False,15,25,25,BOTH,BOTH,BOTH,0.1,10000.0,0.1,10000.0,0.0,1e-06,FULL,0.5408332133221935,0.03223533045610629,0.03223533045610629,9.803466364150823e-10,9.803466364150823e-10,4.420734611709776e-12,4.420734611709776e-12,1.3444417183731578e-19,1.3444417183731578e-19,True,brentq,12,1.0,0.0,0.0,0.0,0.0,0.0,True,without_edl,0.0001,,,E1_eq,0.18571428571428575,
ofat_compare:E1_eq:with_edl_FULL,8.314,96485.0,298.0,8.8541878128e-12,78.5,,0.1,3.041217889017721e-08,1.1e-08,1e-08,3.7e-08,1.0,0.00012,1.0,3.77e-05,0.005250617670899842,43.75514725749868,0.0016495690516077001,0.513,0.361,0.371,8.85e-05,0.0003878,0.5,0.37,-1.0,1.0,0.22857142857142862,0.834,80,1200,1e-10,12,True,True,True,False,False,1.0,warn,True,False,False,15,25,25,BOTH,BOTH,BOTH,0.1,10000.0,0.1,10000.0,0.0,1e-06,FULL,0.49050602498365353,0.025788826590287188,0.025788826590287188,7.842944076315727e-10,7.842944076315727e-10,1.3529975750881107e-12,1.3529975750881107e-12,4.1147604291555596e-20,4.1147604291555596e-20,True,brentq,16,1.0,0.6248610819651622,-0.22580644470723008,0.32671611748407864,-0.11797227973451423,4.803436432265306,False,with_edl_FULL,0.0001,,,E1_eq,0.22857142857142862,
ofat_compare:E1_eq:without_edl,8.314,96485.0,298.0,8.8541878128e-12,78.5,,0.1,3.041217889017721e-08,1.1e-08,1e-08,3.7e-08,1.0,0.00012,1.0,3.77e-05,0.005250617670899842,43.75514725749868,0.0016495690516077001,0.513,0.361,0.371,8.85e-05,0.0003878,0.5,0.37,-1.0,1.0,0.22857142857142862,0.834,80,1200,1e-10,12,True,True,True,False,False,1.0,warn,True,False,False,15,25,25,BOTH,BOTH,BOTH,0.1,10000.0,0.1,10000.0,0.0,1e-06,FULL,0.565463755198498,0.02260475875862718,0.02260475875862718,6.874599671366699e-10,6.874599671366699e-10,6.457018947303439e-12,6.457018947303439e-12,1.9637201532265592e-19,1.9637201532265592e-19,True,brentq,12,1.0,0.0,0.0,0.0,0.0,0.0,True,without_edl,0.0001,,,E1_eq,0.22857142857142862,
ofat_compare:E1_eq:with_edl_FULL,8.314,96485.0,298.0,8.8541878128e-12,78.5,,0.1,3.041217889017721e-08,1.1e-08,1e-08,3.7e-08,1.0,0.00012,1.0,3.77e-05,0.005250617670899842,43.75514725749868,0.0016495690516077001,0.513,0.361,0.371,8.85e-05,0.0003878,0.5,0.37,-1.0,1.0,0.27142857142857146,0.834,80,1200,1e-10,12,True,True,True,False,False,1.0,warn,True,False,False,15,25,25,BOTH,BOTH,BOTH,0.1,10000.0,0.1,10000.0,0.0,1e-06,FULL,0.5062177644037285,0.018502458880915992,0.018502458880915992,5.627000893945652e-10,5.627000893945652e-10,1.8532064771648038e-11,1.8532064771648038e-11,5.636004690397112e-19,5.636004690397112e-19,True,brentq,16,1.0,0.6248610819651622,-0.22580644470723008,0.32671611748407864,-0.11797227973451423,5.386226590110189,False,with_edl_FULL,0.0001,,,E1_eq,0.27142857142857146,
ofat_compare:E1_eq:without_edl,8.314,96485.0,298.0,8.8541878128e-12,78.5,,0.1,3.041217889017721e-08,1.1e-08,1e-08,3.7e-08,1.0,0.00012,1.0,3.77e-05,0.005250617670899842,43.75514725749868,0.0016495690516077001,0.513,0.361,0.371,8.85e-05,0.0003878,0.5,0.37,-1.0,1.0,0.27142857142857146,0.834,80,1200,1e-10,12,True,True,True,False,False,1.0,warn,True,False,False,15,25,25,BOTH,BOTH,BOTH,0.1,10000.0,0.1,10000.0,0.0,1e-06,FULL,0.590094297039305,0.015851400030731086,0.015851400030731086,4.820756133943543e-10,4.820756133943543e-10,-1.2182126835069695e-11,-1.2182126835069695e-11,-3.7048502057096793e-19,-3.7048502057096793e-19,True,brentq,12,1.0,0.0,0.0,0.0,0.0,0.0,True,without_edl,0.0001,,,E1_eq,0.27142857142857146,
ofat_compare:E1_eq:with_edl_FULL,8.314,96485.0,298.0,8.8541878128e-12,78.5,,0.1,3.041217889017721e-08,1.1e-08,1e-08,3.7e-08,1.0,0.00012,1.0,3.77e-05,0.005250617670899842,43.75514725749868,0.0016495690516077001,0.513,0.361,0.371,8.85e-05,0.0003878,0.5,0.37,-1.0,1.0,0.3142857142857143,0.834,80,1200,1e-10,12,True,True,True,False,False,1.0,warn,True,False,False,15,25,25,BOTH,BOTH,BOTH,0.1,10000.0,0.1,10000.0,0.0,1e-06,FULL,0.5219455505750829,0.013290665725738665,0.013290665725738665,4.041981036207112e-10,4.041981036207112e-10,3.7990444123892075e-16,3.7990444123892075e-16,1.1553721828130874e-23,1.1553721828130874e-23,True,brentq,17,1.0,0.6248610819651622,-0.22580644470723008,0.32671611748407864,-0.11797227973451423,5.969611964592842,False,with_edl_FULL,0.0001,,,E1_eq,0.3142857142857143,
ofat_compare:E1_eq:without_edl,8.314,96485.0,298.0,8.8541878128e-12,78.5,,0.1,3.041217889017721e-08,1.1e-08,1e-08,3.7e-08,1.0,0.00012,1.0,3.77e-05,0.005250617670899842,43.75514725749868,0.0016495690516077001,0.513,0.361,0.371,8.85e-05,0.0003878,0.5,0.37,-1.0,1.0,0.3142857142857143,0.834,80,1200,1e-10,12,True,True,True,False,False,1.0,warn,True,False,False,15,25,25,BOTH,BOTH,BOTH,0.1,10000.0,0.1,10000.0,0.0,1e-06,FULL,0.6147248389339094,0.011115663116801575,0.011115663116801575,3.380515351911143e-10,3.380515351911143e-10,2.7755575615628914e-17,2.7755575615628914e-17,8.44107530822347e-25,8.44107530822347e-25,True,brentq,15,1.0,0.0,0.0,0.0,0.0,0.0,True,without_edl,0.0001,,,E1_eq,0.3142857142857143,
ofat_compare:E1_eq:with_edl_FULL,8.314,96485.0,298.0,8.8541878128e-12,78.5,,0.1,3.041217889017721e-08,1.1e-08,1e-08,3.7e-08,1.0,0.00012,1.0,3.77e-05,0.005250617670899842,43.75514725749868,0.0016495690516077001,0.513,0.361,0.371,8.85e-05,0.0003878,0.5,0.37,-1.0,1.0,0.3571428571428572,0.834,80,1200,1e-10,12,True,True,True,False,False,1.0,warn,True,False,False,15,25,25,BOTH,BOTH,BOTH,0.1,10000.0,0.1,10000.0,0.0,1e-06,FULL,0.5376869198431882,0.009557761692641881,0.009557761692641881,2.9067235838630784e-10,2.9067235838630784e-10,4.9404924595819466e-15,4.9404924595819466e-15,1.5025114048637777e-22,1.5025114048637777e-22,True,brentq,17,1.0,0.6248610819651622,-0.22580644470723008,0.32671611748407864,-0.11797227973451423,6.553501172221386,False,with_edl_FULL,0.0001,,,E1_eq,0.3571428571428572,
ofat_compare:E1_eq:without_edl,8.314,96485.0,298.0,8.8541878128e-12,78.5,,0.1,3.041217889017721e-08,1.1e-08,1e-08,3.7e-08,1.0,0.00012,1.0,3.77e-05,0.005250617670899842,43.75514725749868,0.0016495690516077001,0.513,0.361,0.371,8.85e-05,0.0003878,0.5,0.37,-1.0,1.0,0.3571428571428572,0.834,80,1200,1e-10,12,True,True,True,False,False,1.0,warn,True,False,False,15,25,25,BOTH,BOTH,BOTH,0.1,10000.0,0.1,10000.0,0.0,1e-06,FULL,0.6393553808058317,0.007794766786032189,0.007794766786032189,2.370558419040226e-10,2.370558419040226e-10,2.96637714392034e-16,2.96637714392034e-16,9.021399235663834e-24,9.021399235663834e-24,True,brentq,15,1.0,0.0,0.0,0.0,0.0,0.0,True,without_edl,0.0001,,,E1_eq,0.3571428571428572,
ofat_compare:E1_eq:with_edl_FULL,8.314,96485.0,298.0,8.8541878128e-12,78.5,,0.1,3.041217889017721e-08,1.1e-08,1e-08,3.7e-08,1.0,0.00012,1.0,3.77e-05,0.005250617670899842,43.75514725749868,0.0016495690516077001,0.513,0.361,0.371,8.85e-05,0.0003878,0.5,0.37,-1.0,1.0,0.4,0.834,80,1200,1e-10,12,True,True,True,False,False,1.0,warn,True,False,False,15,25,25,BOTH,BOTH,BOTH,0.1,10000.0,0.1,10000.0,0.0,1e-06,FULL,0.553439587358553,0.006880703031893353,0.006880703031893353,2.0925717149612537e-10,2.0925717149612537e-10,1.7348969483244048e-14,1.7348969483244048e-14,5.276199634846433e-22,5.276199634846433e-22,True,brentq,17,1.0,0.6248610819651622,-0.22580644470723008,0.32671611748407864,-0.11797227973451423,7.137809461857833,False,with_edl_FULL,0.0001,,,E1_eq,0.4,
ofat_compare:E1_eq:without_edl,8.314,96485.0,298.0,8.8541878128e-12,78.5,,0.1,3.041217889017721e-08,1.1e-08,1e-08,3.7e-08,1.0,0.00012,1.0,3.77e-05,0.005250617670899842,43.75514725749868,0.0016495690516077001,0.513,0.361,0.371,8.85e-05,0.0003878,0.5,0.37,-1.0,1.0,0.4,0.834,80,1200,1e-10,12,True,True,True,False,False,1.0,warn,True,False,False,15,25,25,BOTH,BOTH,BOTH,0.1,10000.0,0.1,10000.0,0.0,1e-06,FULL,0.6639859226777742,0.005466015712262548,0.005466015712262548,1.6623344765784801e-10,1.6623344765784801e-10,4.172009959724221e-15,4.172009959724221e-15,1.2687991322673403e-22,1.2687991322673403e-22,True,brentq,15,1.0,0.0,0.0,0.0,0.0,0.0,True,without_edl,0.0001,,,E1_eq,0.4,
ofat_compare:E2_eq:with_edl_FULL,8.314,96485.0,298.0,8.8541878128e-12,78.5,,0.1,3.041217889017721e-08,1.1e-08,1e-08,3.7e-08,1.0,0.00012,1.0,3.77e-05,0.005250617670899842,43.75514725749868,0.0016495690516077001,0.513,0.361,0.371,8.85e-05,0.0003878,0.5,0.37,-1.0,1.0,0.1,0.534,80,1200,1e-10,12,True,True,True,False,False,1.0,warn,True,False,False,15,25,25,BOTH,BOTH,BOTH,0.1,10000.0,0.1,10000.0,0.0,1e-06,FULL,0.36296755659484675,0.005463876751881391,0.005463876751881391,1.6616839721209726e-10,1.6616839721209726e-10,4.184458335387831e-12,4.184458335387831e-12,1.2725849545430784e-19,1.2725849545430784e-19,True,brentq,13,1.0,0.6248610819651622,-0.22580644470723008,0.32671611748407864,-0.11797227973451423,0.07269724173672287,True,with_edl_FULL,0.0001,,,E2_eq,0.534,
ofat_compare:E2_eq:without_edl,8.314,96485.0,298.0,8.8541878128e-12,78.5,,0.1,3.041217889017721e-08,1.1e-08,1e-08,3.7e-08,1.0,0.00012,1.0,3.77e-05,0.005250617670899842,43.75514725749868,0.0016495690516077001,0.513,0.361,0.371,8.85e-05,0.0003878,0.5,0.37,-1.0,1.0,0.1,0.534,80,1200,1e-10,12,True,True,True,False,False,1.0,warn,True,False,False,15,25,25,BOTH,BOTH,BOTH,0.1,10000.0,0.1,10000.0,0.0,1e-06,FULL,0.36398592267777424,0.005466015712262548,0.005466015712262548,1.6623344765784801e-10,1.6623344765784801e-10,4.169407874510256e-15,4.169407874510256e-15,1.2680077814571944e-22,1.2680077814571944e-22,True,brentq,15,1.0,0.0,0.0,0.0,0.0,0.0,True,without_edl,0.0001,,,E2_eq,0.534,
ofat_compare:E2_eq:with_edl_FULL,8.314,96485.0,298.0,8.8541878128e-12,78.5,,0.1,3.041217889017721e-08,1.1e-08,1e-08,3.7e-08,1.0,0.00012,1.0,3.77e-05,0.005250617670899842,43.75514725749868,0.0016495690516077001,0.513,0.361,0.371,8.85e-05,0.0003878,0.5,0.37,-1.0,1.0,0.1,0.5768571428571428,80,1200,1e-10,12,True,True,True,False,False,1.0,warn,True,False,False,15,25,25,BOTH,BOTH,BOTH,0.1,10000.0,0.1,10000.0,0.0,1e-06,FULL,0.3744066430627412,0.007848257550937094,0.007848257550937094,2.38682612615283e-10,2.38682612615283e-10,1.7262233309445207e-14,1.7262233309445207e-14,5.249821274508234e-22,5.249821274508234e-22,True,brentq,17,1.0,0.6248610819651622,-0.22580644470723008,0.32671611748407864,-0.11797227973451423,0.4970019054215893,True,with_edl_FULL,0.0001,,,E2_eq,0.5768571428571428,
ofat_compare:E2_eq:without_edl,8.314,96485.0,298.0,8.8541878128e-12,78.5,,0.1,3.041217889017721e-08,1.1e-08,1e-08,3.7e-08,1.0,0.00012,1.0,3.77e-05,0.005250617670899842,43.75514725749868,0.0016495690516077001,0.513,0.361,0.371,8.85e-05,0.0003878,0.5,0.37,-1.0,1.0,0.1,0.5768571428571428,80,1200,1e-10,12,True,True,True,False,False,1.0,warn,True,False,False,15,25,25,BOTH,BOTH,BOTH,0.1,10000.0,0.1,10000.0,0.0,1e-06,FULL,0.38221252366297453,0.007794766786032201,0.007794766786032201,2.37055841904023e-10,2.37055841904023e-10,3.0878077872387166e-16,3.0878077872387166e-16,9.39069628039861e-24,9.39069628039861e-24,True,brentq,15,1.0,0.0,0.0,0.0,0.0,0.0,True,without_edl,0.0001,,,E2_eq,0.5768571428571428,
ofat_compare:E2_eq:with_edl_FULL,8.314,96485.0,298.0,8.8541878128e-12,78.5,,0.1,3.041217889017721e-08,1.1e-08,1e-08,3.7e-08,1.0,0.00012,1.0,3.77e-05,0.005250617670899842,43.75514725749868,0.0016495690516077001,0.513,0.361,0.371,8.85e-05,0.0003878,0.5,0.37,-1.0,1.0,0.1,0.6197142857142858,80,1200,1e-10,12,True,True,True,False,False,1.0,warn,True,False,False,15,25,25,BOTH,BOTH,BOTH,0.1,10000.0,0.1,10000.0,0.0,1e-06,FULL,0.3858699225838185,0.011285147007773819,0.011285147007773819,3.4320590960236547e-10,3.4320590960236547e-10,2.5153490401663703e-15,2.5153490401663703e-15,7.64972449807752e-23,7.64972449807752e-23,True,brentq,16,1.0,0.6248610819651622,-0.22580644470723008,0.32671611748407864,-0.11797227973451423,0.9222053983571179,True,with_edl_FULL,0.0001,,,E2_eq,0.6197142857142858,
ofat_compare:E2_eq:without_edl,8.314,96485.0,298.0,8.8541878128e-12,78.5,,0.1,3.041217889017721e-08,1.1e-08,1e-08,3.7e-08,1.0,0.00012,1.0,3.77e-05,0.005250617670899842,43.75514725749868,0.0016495690516077001,0.513,0.361,0.371,8.85e-05,0.0003878,0.5,0.37,-1.0,1.0,0.1,0.6197142857142858,80,1200,1e-10,12,True,True,True,False,False,1.0,warn,True,False,False,15,25,25,BOTH,BOTH,BOTH,0.1,10000.0,0.1,10000.0,0.0,1e-06,FULL,0.4004391246481951,0.011115663116801575,0.011115663116801575,3.380515351911143e-10,3.380515351911143e-10,8.673617379884035e-18,8.673617379884035e-18,2.6378360338198343e-25,2.6378360338198343e-25,True,brentq,15,1.0,0.0,0.0,0.0,0.0,0.0,True,without_edl,0.0001,,,E2_eq,0.6197142857142858,
ofat_compare:E2_eq:with_edl_FULL,8.314,96485.0,298.0,8.8541878128e-12,78.5,,0.1,3.041217889017721e-08,1.1e-08,1e-08,3.7e-08,1.0,0.00012,1.0,3.77e-05,0.005250617670899842,43.75514725749868,0.0016495690516077001,0.513,0.361,0.371,8.85e-05,0.0003878,0.5,0.37,-1.0,1.0,0.1,0.6625714285714286,80,1200,1e-10,12,True,True,True,False,False,1.0,warn,True,False,False,15,25,25,BOTH,BOTH,BOTH,0.1,10000.0,0.1,10000.0,0.0,1e-06,FULL,0.39735579573268937,0.0162436672289222,0.0162436672289222,4.940053135984911e-10,4.940053135984911e-10,2.8622937353617317e-15,2.8622937353617317e-15,8.704858911605454e-23,8.704858911605454e-23,True,brentq,18,1.0,0.6248610819651622,-0.22580644470723008,0.32671611748407864,-0.11797227973451423,1.3482469489739781,False,with_edl_FULL,0.0001,,,E2_eq,0.6625714285714286,
ofat_compare:E2_eq:without_edl,8.314,96485.0,298.0,8.8541878128e-12,78.5,,0.1,3.041217889017721e-08,1.1e-08,1e-08,3.7e-08,1.0,0.00012,1.0,3.77e-05,0.005250617670899842,43.75514725749868,0.0016495690516077001,0.513,0.361,0.371,8.85e-05,0.0003878,0.5,0.37,-1.0,1.0,0.1,0.6625714285714286,80,1200,1e-10,12,True,True,True,False,False,1.0,warn,True,False,False,15,25,25,BOTH,BOTH,BOTH,0.1,10000.0,0.1,10000.0,0.0,1e-06,FULL,0.4186657256107337,0.015851400030731128,0.015851400030731128,4.820756133943555e-10,4.820756133943555e-10,-1.2182085201706272e-11,-1.2182085201706272e-11,-3.7048375440967166e-19,-3.7048375440967166e-19,True,brentq,12,1.0,0.0,0.0,0.0,0.0,0.0,True,without_edl,0.0001,,,E2_eq,0.6625714285714286,
ofat_compare:E2_eq:with_edl_FULL,8.314,96485.0,298.0,8.8541878128e-12,78.5,,0.1,3.041217889017721e-08,1.1e-08,1e-08,3.7e-08,1.0,0.00012,1.0,3.77e-05,0.005250617670899842,43.75514725749868,0.0016495690516077001,0.513,0.361,0.371,8.85e-05,0.0003878,0.5,0.37,-1.0,1.0,0.1,0.7054285714285714,80,1200,1e-10,12,True,True,True,False,False,1.0,warn,True,False,False,15,25,25,BOTH,BOTH,BOTH,0.1,10000.0,0.1,10000.0,0.0,1e-06,FULL,0.4088626964540313,0.0234037542691051,0.0234037542691051,7.11759161533773e-10,7.11759161533773e-10,2.8102520310824275e-16,2.8102520310824275e-16,8.546588749576263e-24,8.546588749576263e-24,True,brentq,17,1.0,0.6248610819651622,-0.22580644470723008,0.32671611748407864,-0.11797227973451423,1.7750684681195832,False,with_edl_FULL,0.0001,,,E2_eq,0.7054285714285714,
ofat_compare:E2_eq:without_edl,8.314,96485.0,298.0,8.8541878128e-12,78.5,,0.1,3.041217889017721e-08,1.1e-08,1e-08,3.7e-08,1.0,0.00012,1.0,3.77e-05,0.005250617670899842,43.75514725749868,0.0016495690516077001,0.513,0.361,0.371,8.85e-05,0.0003878,0.5,0.37,-1.0,1.0,0.1,0.7054285714285714,80,1200,1e-10,12,True,True,True,False,False,1.0,warn,True,False,False,15,25,25,BOTH,BOTH,BOTH,0.1,10000.0,0.1,10000.0,0.0,1e-06,FULL,0.43689232662706945,0.022604758758627243,0.022604758758627243,6.874599671366719e-10,6.874599671366719e-10,6.457081397348574e-12,6.457081397348574e-12,1.9637391456460027e-19,1.9637391456460027e-19,True,brentq,12,1.0,0.0,0.0,0.0,0.0,0.0,True,without_edl,0.0001,,,E2_eq,0.7054285714285714,
ofat_compare:E2_eq:with_edl_FULL,8.314,96485.0,298.0,8.8541878128e-12,78.5,,0.1,3.041217889017721e-08,1.1e-08,1e-08,3.7e-08,1.0,0.00012,1.0,3.77e-05,0.005250617670899842,43.75514725749868,0.0016495690516077001,0.513,0.361,0.371,8.85e-05,0.0003878,0.5,0.37,-1.0,1.0,0.1,0.7482857142857142,80,1200,1e-10,12,True,True,True,False,False,1.0,warn,True,False,False,15,25,25,BOTH,BOTH,BOTH,0.1,10000.0,0.1,10000.0,0.0,1e-06,FULL,0.42038909918789785,0.03375155397816758,0.03375155397816758,1.0264582974055046e-09,1.0264582974055046e-09,2.067790383364354e-15,2.067790383364354e-15,6.288601104626485e-23,6.288601104626485e-23,True,brentq,15,1.0,0.6248610819651622,-0.22580644470723008,0.32671611748407864,-0.11797227973451423,2.2026133687224334,False,with_edl_FULL,0.0001,,,E2_eq,0.7482857142857142,
ofat_compare:E2_eq:without_edl,8.314,96485.0,298.0,8.8541878128e-12,78.5,,0.1,3.041217889017721e-08,1.1e-08,1e-08,3.7e-08,1.0,0.00012,1.0,3.77e-05,0.005250617670899842,43.75514725749868,0.0016495690516077001,0.513,0.361,0.371,8.85e-05,0.0003878,0.5,0.37,-1.0,1.0,0.1,0.7482857142857142,80,1200,1e-10,12,True,True,True,False,False,1.0,warn,True,False,False,15,25,25,BOTH,BOTH,BOTH,0.1,10000.0,0.1,10000.0,0.0,1e-06,FULL,0.45511892760790773,0.03223533045610629,0.03223533045610629,9.803466364150823e-10,9.803466364150823e-10,4.420734611709776e-12,4.420734611709776e-12,1.3444417183731578e-19,1.3444417183731578e-19,True,brentq,12,1.0,0.0,0.0,0.0,0.0,0.0,True,without_edl,0.0001,,,E2_eq,0.7482857142857142,
ofat_compare:E2_eq:with_edl_FULL,8.314,96485.0,298.0,8.8541878128e-12,78.5,,0.1,3.041217889017721e-08,1.1e-08,1e-08,3.7e-08,1.0,0.00012,1.0,3.77e-05,0.005250617670899842,43.75514725749868,0.0016495690516077001,0.513,0.361,0.371,8.85e-05,0.0003878,0.5,0.37,-1.0,1.0,0.1,0.7911428571428571,80,1200,1e-10,12,True,True,True,False,False,1.0,warn,True,False,False,15,25,25,BOTH,BOTH,BOTH,0.1,10000.0,0.1,10000.0,0.0,1e-06,FULL,0.43193352463302176,0.04871824415381266,0.04871824415381266,1.4816279564210806e-09,1.4816279564210806e-09,1.2605888555228262e-13,1.2605888555228262e-13,3.8337253781123946e-21,3.8337253781123946e-21,True,brentq,15,1.0,0.6248610819651622,-0.22580644470723008,0.32671611748407864,-0.11797227973451423,2.6308267795683324,False,with_edl_FULL,0.0001,,,E2_eq,0.7911428571428571,
ofat_compare:E2_eq:without_edl,8.314,96485.0,298.0,8.8541878128e-12,78.5,,0.1,3.041217889017721e-08,1.1e-08,1e-08,3.7e-08,1.0,0.00012,1.0,3.77e-05,0.005250617670899842,43.75514725749868,0.0016495690516077001,0.513,0.361,0.371,8.85e-05,0.0003878,0.5,0.37,-1.0,1.0,0.1,0.7911428571428571,80,1200,1e-10,12,True,True,True,False,False,1.0,warn,True,False,False,15,25,25,BOTH,BOTH,BOTH,0.1,10000.0,0.1,10000.0,0.0,1e-06,FULL,0.473345528592062,0.04596892808178643,0.04596892808178643,1.3980152642129796e-09,1.3980152642129796e-09,4.641703688079701e-12,4.641703688079701e-12,1.411643229170752e-19,1.411643229170752e-19,True,brentq,12,1.0,0.0,0.0,0.0,0.0,0.0,True,without_edl,0.0001,,,E2_eq,0.7911428571428571,
ofat_compare:E2_eq:with_edl_FULL,8.314,96485.0,298.0,8.8541878128e-12,78.5,,0.1,3.041217889017721e-08,1.1e-08,1e-08,3.7e-08,1.0,0.00012,1.0,3.77e-05,0.005250617670899842,43.75514725749868,0.0016495690516077001,0.513,0.361,0.371,8.85e-05,0.0003878,0.5,0.37,-1.0,1.0,0.1,0.834,80,1200,1e-10,12,True,True,True,False,False,1.0,warn,True,False,False,15,25,25,BOTH,BOTH,BOTH,0.1,10000.0,0.1,10000.0,0.0,1e-06,FULL,0.44349454423603574,0.07038215501102128,0.07038215501102128,2.140474688871362e-09,2.140474688871362e-09,3.060189601722385e-11,3.060189601722385e-11,9.306703360544132e-19,9.306703360544132e-19,True,brentq,15,1.0,0.6248610819651622,-0.22580644470723008,0.32671611748407864,-0.11797227973451423,3.0596557118175287,False,with_edl_FULL,0.0001,,,E2_eq,0.834,
ofat_compare:E2_eq:without_edl,8.314,96485.0,298.0,8.8541878128e-12,78.5,,0.1,3.041217889017721e-08,1.1e-08,1e-08,3.7e-08,1.0,0.00012,1.0,3.77e-05,0.005250617670899842,43.75514725749868,0.0016495690516077001,0.513,0.361,0.371,8.85e-05,0.0003878,0.5,0.37,-1.0,1.0,0.1,0.834,80,1200,1e-10,12,True,True,True,False,False,1.0,warn,True,False,False,15,25,25,BOTH,BOTH,BOTH,0.1,10000.0,0.1,10000.0,0.0,1e-06,FULL,0.49157212957749513,0.06555361211259984,0.06555361211259984,1.993628178465674e-09,1.993628178465674e-09,7.0887740122316245e-12,7.0887740122316245e-12,2.1558506337202743e-19,2.1558506337202743e-19,True,brentq,12,1.0,0.0,0.0,0.0,0.0,0.0,True,without_edl,0.0001,,,E2_eq,0.834,
ofat_compare:E2_eq:with_edl_FULL,8.314,96485.0,298.0,8.8541878128e-12,78.5,,0.1,3.041217889017721e-08,1.1e-08,1e-08,3.7e-08,1.0,0.00012,1.0,3.77e-05,0.005250617670899842,43.75514725749868,0.0016495690516077001,0.513,0.361,0.371,8.85e-05,0.0003878,0.5,0.37,-1.0,1.0,0.1,0.8768571428571428,80,1200,1e-10,12,True,True,True,False,False,1.0,warn,True,False,False,15,25,25,BOTH,BOTH,BOTH,0.1,10000.0,0.1,10000.0,0.0,1e-06,FULL,0.45507078346328583,0.1017631955546188,0.1017631955546188,3.094840507643153e-09,3.094840507643153e-09,4.3576253716537394e-14,4.3576253716537394e-14,1.3252488233910847e-21,1.3252488233910847e-21,True,brentq,16,1.0,0.6248610819651622,-0.22580644470723008,0.32671611748407864,-0.11797227973451423,3.489049180364953,False,with_edl_FULL,0.0001,,,E2_eq,0.8768571428571428,
ofat_compare:E2_eq:without_edl,8.314,96485.0,298.0,8.8541878128e-12,78.5,,0.1,3.041217889017721e-08,1.1e-08,1e-08,3.7e-08,1.0,0.00012,1.0,3.77e-05,0.005250617670899842,43.75514725749868,0.0016495690516077001,0.513,0.361,0.371,8.85e-05,0.0003878,0.5,0.37,-1.0,1.0,0.1,0.8768571428571428,80,1200,1e-10,12,True,True,True,False,False,1.0,warn,True,False,False,15,25,25,BOTH,BOTH,BOTH,0.1,10000.0,0.1,10000.0,0.0,1e-06,FULL,0.5097987305641385,0.09348218982754838,0.09348218982754838,2.8429970800809057e-09,2.8429970800809057e-09,1.4611978293999073e-11,1.4611978293999073e-11,4.443820978164862e-19,4.443820978164862e-19,True,brentq,12,1.0,0.0,0.0,0.0,0.0,0.0,True,without_edl,0.0001,,,E2_eq,0.8768571428571428,
ofat_compare:E2_eq:with_edl_FULL,8.314,96485.0,298.0,8.8541878128e-12,78.5,,0.1,3.041217889017721e-08,1.1e-08,1e-08,3.7e-08,1.0,0.00012,1.0,3.77e-05,0.005250617670899842,43.75514725749868,0.0016495690516077001,0.513,0.361,0.371,8.85e-05,0.0003878,0.5,0.37,-1.0,1.0,0.1,0.9197142857142857,80,1200,1e-10,12,True,True,True,False,False,1.0,warn,True,False,False,15,25,25,BOTH,BOTH,BOTH,0.1,10000.0,0.1,10000.0,0.0,1e-06,FULL,0.4666609241519782,0.1472519472359277,0.1472519472359277,4.478252561265968e-09,4.478252561265968e-09,2.6623148130511254e-11,2.6623148130511254e-11,8.096679435647953e-19,8.096679435647953e-19,True,brentq,16,1.0,0.6248610819651622,-0.22580644470723008,0.32671611748407864,-0.11797227973451423,3.9189582910504956,False,with_edl_FULL,0.0001,,,E2_eq,0.9197142857142857,
ofat_compare:E2_eq:without_edl,8.314,96485.0,298.0,8.8541878128e-12,78.5,,0.1,3.041217889017721e-08,1.1e-08,1e-08,3.7e-08,1.0,0.00012,1.0,3.77e-05,0.005250617670899842,43.75514725749868,0.0016495690516077001,0.513,0.361,0.371,8.85e-05,0.0003878,0.5,0.37,-1.0,1.0,0.1,0.9197142857142857,80,1200,1e-10,12,True,True,True,False,False,1.0,warn,True,False,False,15,25,25,BOTH,BOTH,BOTH,0.1,10000.0,0.1,10000.0,0.0,1e-06,FULL,0.528025331553063,0.13330950856424673,0.13330950856424673,4.054232622217482e-09,4.054232622217482e-09,3.7561259658147605e-11,3.7561259658147605e-11,1.1423197480639815e-18,1.1423197480639815e-18,True,brentq,12,1.0,0.0,0.0,0.0,0.0,0.0,True,without_edl,0.0001,,,E2_eq,0.9197142857142857,
ofat_compare:E2_eq:with_edl_FULL,8.314,96485.0,298.0,8.8541878128e-12,78.5,,0.1,3.041217889017721e-08,1.1e-08,1e-08,3.7e-08,1.0,0.00012,1.0,3.77e-05,0.005250617670899842,43.75514725749868,0.0016495690516077001,0.513,0.361,0.371,8.85e-05,0.0003878,0.5,0.37,-1.0,1.0,0.1,0.9625714285714285,80,1200,1e-10,12,True,True,True,False,False,1.0,warn,True,False,False,15,25,25,BOTH,BOTH,BOTH,0.1,10000.0,0.1,10000.0,0.0,1e-06,FULL,0.4782637057627878,0.21323531048946168,0.21323531048946168,6.484950408307989e-09,6.484950408307989e-09,5.126760127538432e-12,5.126760127538432e-12,1.5591594612572652e-19,1.5591594612572652e-19,True,brentq,18,1.0,0.6248610819651622,-0.22580644470723008,0.32671611748407864,-0.11797227973451423,4.349336287121618,False,with_edl_FULL,0.0001,,,E2_eq,0.9625714285714285,
ofat_compare:E2_eq:without_edl,8.314,96485.0,298.0,8.8541878128e-12,78.5,,0.1,3.041217889017721e-08,1.1e-08,1e-08,3.7e-08,1.0,0.00012,1.0,3.77e-05,0.005250617670899842,43.75514725749868,0.0016495690516077001,0.513,0.361,0.371,8.85e-05,0.0003878,0.5,0.37,-1.0,1.0,0.1,0.9625714285714285,80,1200,1e-10,12,True,True,True,False,False,1.0,warn,True,False,False,15,25,25,BOTH,BOTH,BOTH,0.1,10000.0,0.1,10000.0,0.0,1e-06,FULL,0.5462519325473826,0.19010492916663377,0.19010492916663377,5.781505113720133e-09,5.781505113720133e-09,1.1216283457571308e-10,1.1216283457571308e-10,3.41111618994594e-18,3.41111618994594e-18,True,brentq,12,1.0,0.0,0.0,0.0,0.0,0.0,True,without_edl,0.0001,,,E2_eq,0.9625714285714285,
ofat_compare:E2_eq:with_edl_FULL,8.314,96485.0,298.0,8.8541878128e-12,78.5,,0.1,3.041217889017721e-08,1.1e-08,1e-08,3.7e-08,1.0,0.00012,1.0,3.77e-05,0.005250617670899842,43.75514725749868,0.0016495690516077001,0.513,0.361,0.371,8.85e-05,0.0003878,0.5,0.37,-1.0,1.0,0.1,1.0054285714285713,80,1200,1e-10,12,True,True,True,False,False,1.0,warn,True,False,False,15,25,25,BOTH,BOTH,BOTH,0.1,10000.0,0.1,10000.0,0.0,1e-06,FULL,0.48987792599585017,0.30900915223022074,0.30900915223022074,9.397641616327476e-09,9.397641616327476e-09,-2.98041702428975e-10,-2.98041702428975e-10,-9.064097571002951e-18,-9.064097571002951e-18,True,brentq,18,1.0,0.6248610819651622,-0.22580644470723008,0.32671611748407864,-0.11797227973451423,4.780138572082082,False,with_edl_FULL,0.0001,,,E2_eq,1.0054285714285713,
ofat_compare:E2_eq:without_edl,8.314,96485.0,298.0,8.8541878128e-12,78.5,,0.1,3.041217889017721e-08,1.1e-08,1e-08,3.7e-08,1.0,0.00012,1.0,3.77e-05,0.005250617670899842,43.75514725749868,0.0016495690516077001,0.513,0.361,0.371,8.85e-05,0.0003878,0.5,0.37,-1.0,1.0,0.1,1.0054285714285713,80,1200,1e-10,12,True,True,True,False,False,1.0,warn,True,False,False,15,25,25,BOTH,BOTH,BOTH,0.1,10000.0,0.1,10000.0,0.0,1e-06,FULL,0.564478533505191,0.27109757178604094,0.27109757178604094,8.244667849849736e-09,8.244667849849736e-09,-9.184181193333529e-11,-9.184181193333529e-11,-2.793109614114605e-18,-2.793109614114605e-18,True,brentq,12,1.0,0.0,0.0,0.0,0.0,0.0,True,without_edl,0.0001,,,E2_eq,1.0054285714285713,
ofat_compare:E2_eq:with_edl_FULL,8.314,96485.0,298.0,8.8541878128e-12,78.5,,0.1,3.041217889017721e-08,1.1e-08,1e-08,3.7e-08,1.0,0.00012,1.0,3.77e-05,0.005250617670899842,43.75514725749868,0.0016495690516077001,0.513,0.361,0.371,8.85e-05,0.0003878,0.5,0.37,-1.0,1.0,0.1,1.0482857142857143,80,1200,1e-10,12,True,True,True,False,False,1.0,warn,True,False,False,15,25,25,BOTH,BOTH,BOTH,0.1,10000.0,0.1,10000.0,0.0,1e-06,FULL,0.5015024407408795,0.44811019527365736,0.44811019527365736,1.362800742117471e-08,1.362800742117471e-08,1.0641487691032125e-13,1.0641487691032125e-13,3.2363082731728783e-21,3.2363082731728783e-21,True,brentq,19,1.0,0.6248610819651622,-0.22580644470723008,0.32671611748407864,-0.11797227973451423,5.211322707841729,False,with_edl_FULL,0.0001,,,E2_eq,1.0482857142857143,
ofat_compare:E2_eq:without_edl,8.314,96485.0,298.0,8.8541878128e-12,78.5,,0.1,3.041217889017721e-08,1.1e-08,1e-08,3.7e-08,1.0,0.00012,1.0,3.77e-05,0.005250617670899842,43.75514725749868,0.0016495690516077001,0.513,0.361,0.371,8.85e-05,0.0003878,0.5,0.37,-1.0,1.0,0.1,1.0482857142857143,80,1200,1e-10,12,True,True,True,False,False,1.0,warn,True,False,False,15,25,25,BOTH,BOTH,BOTH,0.1,10000.0,0.1,10000.0,0.0,1e-06,FULL,0.5827051345014487,0.3865964644130326,0.3865964644130326,1.1757240834039175e-08,1.1757240834039175e-08,1.3581580304844465e-11,1.3581580304844465e-11,4.130454498422374e-19,4.130454498422374e-19,True,brentq,14,1.0,0.0,0.0,0.0,0.0,0.0,True,without_edl,0.0001,,,E2_eq,1.0482857142857143,
ofat_compare:E2_eq:with_edl_FULL,8.314,96485.0,298.0,8.8541878128e-12,78.5,,0.1,3.041217889017721e-08,1.1e-08,1e-08,3.7e-08,1.0,0.00012,1.0,3.77e-05,0.005250617670899842,43.75514725749868,0.0016495690516077001,0.513,0.361,0.371,8.85e-05,0.0003878,0.5,0.37,-1.0,1.0,0.1,1.0911428571428572,80,1200,1e-10,12,True,True,True,False,False,1.0,warn,True,False,False,15,25,25,BOTH,BOTH,BOTH,0.1,10000.0,0.1,10000.0,0.0,1e-06,FULL,0.5131361632560187,0.6502605651936781,0.6502605651936781,1.977584063389788e-08,1.977584063389788e-08,2.180811087271195e-12,2.180811087271195e-12,6.632321691177345e-20,6.632321691177345e-20,True,brentq,19,1.0,0.6248610819651622,-0.22580644470723008,0.32671611748407864,-0.11797227973451423,5.642848384257848,False,with_edl_FULL,0.0001,,,E2_eq,1.0911428571428572,
ofat_compare:E2_eq:without_edl,8.314,96485.0,298.0,8.8541878128e-12,78.5,,0.1,3.041217889017721e-08,1.1e-08,1e-08,3.7e-08,1.0,0.00012,1.0,3.77e-05,0.005250617670899842,43.75514725749868,0.0016495690516077001,0.513,0.361,0.371,8.85e-05,0.0003878,0.5,0.37,-1.0,1.0,0.1,1.0911428571428572,80,1200,1e-10,12,True,True,True,False,False,1.0,warn,True,False,False,15,25,25,BOTH,BOTH,BOTH,0.1,10000.0,0.1,10000.0,0.0,1e-06,FULL,0.600931735488733,0.5513027109977182,0.5513027109977182,1.6766316669502274e-08,1.6766316669502274e-08,5.789457802052311e-11,5.789457802052311e-11,1.7607002635314706e-18,1.7607002635314706e-18,True,brentq,14,1.0,0.0,0.0,0.0,0.0,0.0,True,without_edl,0.0001,,,E2_eq,1.0911428571428572,
ofat_compare:E2_eq:with_edl_FULL,8.314,96485.0,298.0,8.8541878128e-12,78.5,,0.1,3.041217889017721e-08,1.1e-08,1e-08,3.7e-08,1.0,0.00012,1.0,3.77e-05,0.005250617670899842,43.75514725749868,0.0016495690516077001,0.513,0.361,0.371,8.85e-05,0.0003878,0.5,0.37,-1.0,1.0,0.1,1.134,80,1200,1e-10,12,True,True,True,False,False,1.0,warn,True,False,False,15,25,25,BOTH,BOTH,BOTH,0.1,10000.0,0.1,10000.0,0.0,1e-06,FULL,0.5247780632531073,0.944208005140713,0.944208005140713,2.8715422761876726e-08,2.8715422761876726e-08,6.955880316183993e-12,6.955880316183993e-12,2.1154347651445003e-19,2.1154347651445003e-19,True,brentq,19,1.0,0.6248610819651622,-0.22580644470723008,0.32671611748407864,-0.11797227973451423,6.074677385205296,False,with_edl_FULL,0.0001,,,E2_eq,1.134,
ofat_compare:E2_eq:without_edl,8.314,96485.0,298.0,8.8541878128e-12,78.5,,0.1,3.041217889017721e-08,1.1e-08,1e-08,3.7e-08,1.0,0.00012,1.0,3.77e-05,0.005250617670899842,43.75514725749868,0.0016495690516077001,0.513,0.361,0.371,8.85e-05,0.0003878,0.5,0.37,-1.0,1.0,0.1,1.134,80,1200,1e-10,12,True,True,True,False,False,1.0,warn,True,False,False,15,25,25,BOTH,BOTH,BOTH,0.1,10000.0,0.1,10000.0,0.0,1e-06,FULL,0.6191583364800723,0.7861807004337052,0.7861807004337052,2.3909468101594663e-08,2.3909468101594663e-08,2.4551494171021204e-10,2.4551494171021204e-10,7.4666443275024e-18,7.4666443275024e-18,True,brentq,14,1.0,0.0,0.0,0.0,0.0,0.0,True,without_edl,0.0001,,,E2_eq,1.134,
ofat_compare:z_R1:with_edl_FULL,8.314,96485.0,298.0,8.8541878128e-12,78.5,,0.1,3.041217889017721e-08,1.1e-08,1e-08,3.7e-08,1.0,0.00012,1.0,3.77e-05,0.005250617670899842,43.75514725749868,0.0016495690516077001,0.513,0.361,0.371,8.85e-05,0.0003878,0.5,0.37,-2.0,1.0,0.1,0.834,80,1200,1e-10,12,True,True,True,False,False,1.0,warn,True,False,False,15,25,25,BOTH,BOTH,BOTH,0.1,10000.0,0.1,10000.0,0.0,1e-06,FULL,0.4173974633578398,0.12386730836482035,0.12386730836482035,3.76707474063566e-09,3.76707474063566e-09,5.651146217644509e-12,5.651146217644509e-12,1.7186366970555313e-19,1.7186366970555313e-19,True,brentq,18,1.0,0.6248610819651622,-0.22580644470723008,0.32671611748407864,-0.11797227973451423,2.091645647644633,False,with_edl_FULL,0.0001,,,z_R1,-2.0,
ofat_compare:z_R1:without_edl,8.314,96485.0,298.0,8.8541878128e-12,78.5,,0.1,3.041217889017721e-08,1.1e-08,1e-08,3.7e-08,1.0,0.00012,1.0,3.77e-05,0.005250617670899842,43.75514725749868,0.0016495690516077001,0.513,0.361,0.371,8.85e-05,0.0003878,0.5,0.37,-2.0,1.0,0.1,0.834,80,1200,1e-10,12,True,True,True,False,False,1.0,warn,True,False,False,15,25,25,BOTH,BOTH,BOTH,0.1,10000.0,0.1,10000.0,0.0,1e-06,FULL,0.49157212957749513,0.06555361211259984,0.06555361211259984,1.993628178465674e-09,1.993628178465674e-09,7.0887740122316245e-12,7.0887740122316245e-12,2.1558506337202743e-19,2.1558506337202743e-19,True,brentq,12,1.0,0.0,0.0,0.0,0.0,0.0,True,without_edl,0.0001,,,z_R1,-2.0,
ofat_compare:z_R1:with_edl_FULL,8.314,96485.0,298.0,8.8541878128e-12,78.5,,0.1,3.041217889017721e-08,1.1e-08,1e-08,3.7e-08,1.0,0.00012,1.0,3.77e-05,0.005250617670899842,43.75514725749868,0.0016495690516077001,0.513,0.361,0.371,8.85e-05,0.0003878,0.5,0.37,-1.8571428571428572,1.0,0.1,0.834,80,1200,1e-10,12,True,True,True,False,False,1.0,warn,True,False,False,15,25,25,BOTH,BOTH,BOTH,0.1,10000.0,0.1,10000.0,0.0,1e-06,FULL,0.42007135106519083,0.11686276919235371,0.11686276919235371,3.554051442279351e-09,3.554051442279351e-09,9.579032012041466e-12,9.579032012041466e-12,2.9131923514493924e-19,2.9131923514493924e-19,True,brentq,18,1.0,0.6248610819651622,-0.22580644470723008,0.32671611748407864,-0.11797227973451423,2.1908272466619625,False,with_edl_FULL,0.0001,,,z_R1,-1.8571428571428572,
ofat_compare:z_R1:without_edl,8.314,96485.0,298.0,8.8541878128e-12,78.5,,0.1,3.041217889017721e-08,1.1e-08,1e-08,3.7e-08,1.0,0.00012,1.0,3.77e-05,0.005250617670899842,43.75514725749868,0.0016495690516077001,0.513,0.361,0.371,8.85e-05,0.0003878,0.5,0.37,-1.8571428571428572,1.0,0.1,0.834,80,1200,1e-10,12,True,True,True,False,False,1.0,warn,True,False,False,15,25,25,BOTH,BOTH,BOTH,0.1,10000.0,0.1,10000.0,0.0,1e-06,FULL,0.49157212957749513,0.06555361211259984,0.06555361211259984,1.993628178465674e-09,1.993628178465674e-09,7.0887740122316245e-12,7.0887740122316245e-12,2.1558506337202743e-19,2.1558506337202743e-19,True,brentq,12,1.0,0.0,0.0,0.0,0.0,0.0,True,without_edl,0.0001,,,z_R1,-1.8571428571428572,
ofat_compare:z_R1:with_edl_FULL,8.314,96485.0,298.0,8.8541878128e-12,78.5,,0.1,3.041217889017721e-08,1.1e-08,1e-08,3.7e-08,1.0,0.00012,1.0,3.77e-05,0.005250617670899842,43.75514725749868,0.0016495690516077001,0.513,0.361,0.371,8.85e-05,0.0003878,0.5,0.37,-1.7142857142857144,1.0,0.1,0.834,80,1200,1e-10,12,True,True,True,False,False,1.0,warn,True,False,False,15,25,25,BOTH,BOTH,BOTH,0.1,10000.0,0.1,10000.0,0.0,1e-06,FULL,0.42301048182406964,0.10962828522632001,0.10962828522632001,3.3340350217262154e-09,3.3340350217262154e-09,3.417544025552388e-13,3.417544025552388e-13,1.0393496027015558e-20,1.0393496027015558e-20,True,brentq,18,1.0,0.6248610819651622,-0.22580644470723008,0.32671611748407864,-0.11797227973451423,2.299847415154904,False,with_edl_FULL,0.0001,,,z_R1,-1.7142857142857144,
ofat_compare:z_R1:without_edl,8.314,96485.0,298.0,8.8541878128e-12,78.5,,0.1,3.041217889017721e-08,1.1e-08,1e-08,3.7e-08,1.0,0.00012,1.0,3.77e-05,0.005250617670899842,43.75514725749868,0.0016495690516077001,0.513,0.361,0.371,8.85e-05,0.0003878,0.5,0.37,-1.7142857142857144,1.0,0.1,0.834,80,1200,1e-10,12,True,True,True,False,False,1.0,warn,True,False,False,15,25,25,BOTH,BOTH,BOTH,0.1,10000.0,0.1,10000.0,0.0,1e-06,FULL,0.49157212957749513,0.06555361211259984,0.06555361211259984,1.993628178465674e-09,1.993628178465674e-09,7.0887740122316245e-12,7.0887740122316245e-12,2.1558506337202743e-19,2.1558506337202743e-19,True,brentq,12,1.0,0.0,0.0,0.0,0.0,0.0,True,without_edl,0.0001,,,z_R1,-1.7142857142857144,
ofat_compare:z_R1:with_edl_FULL,8.314,96485.0,298.0,8.8541878128e-12,78.5,,0.1,3.041217889017721e-08,1.1e-08,1e-08,3.7e-08,1.0,0.00012,1.0,3.77e-05,0.005250617670899842,43.75514725749868,0.0016495690516077001,0.513,0.361,0.371,8.85e-05,0.0003878,0.5,0.37,-1.5714285714285714,1.0,0.1,0.834,80,1200,1e-10,12,True,True,True,False,False,1.0,warn,True,False,False,15,25,25,BOTH,BOTH,BOTH,0.1,10000.0,0.1,10000.0,0.0,1e-06,FULL,0.42625599027776,0.1021686476609329,0.1021686476609329,3.1071711896317767e-09,3.1071711896317767e-09,1.23833984733146e-10,1.23833984733146e-10,3.76606129638791e-18,3.76606129638791e-18,True,brentq,18,1.0,0.6248610819651622,-0.22580644470723008,0.32671611748407864,-0.11797227973451423,2.42023194632886,False,with_edl_FULL,0.0001,,,z_R1,-1.5714285714285714,
ofat_compare:z_R1:without_edl,8.314,96485.0,298.0,8.8541878128e-12,78.5,,0.1,3.041217889017721e-08,1.1e-08,1e-08,3.7e-08,1.0,0.00012,1.0,3.77e-05,0.005250617670899842,43.75514725749868,0.0016495690516077001,0.513,0.361,0.371,8.85e-05,0.0003878,0.5,0.37,-1.5714285714285714,1.0,0.1,0.834,80,1200,1e-10,12,True,True,True,False,False,1.0,warn,True,False,False,15,25,25,BOTH,BOTH,BOTH,0.1,10000.0,0.1,10000.0,0.0,1e-06,FULL,0.49157212957749513,0.06555361211259984,0.06555361211259984,1.993628178465674e-09,1.993628178465674e-09,7.0887740122316245e-12,7.0887740122316245e-12,2.1558506337202743e-19,2.1558506337202743e-19,True,brentq,12,1.0,0.0,0.0,0.0,0.0,0.0,True,without_edl,0.0001,,,z_R1,-1.5714285714285714,
ofat_compare:z_R1:with_edl_FULL,8.314,96485.0,298.0,8.8541878128e-12,78.5,,0.1,3.041217889017721e-08,1.1e-08,1e-08,3.7e-08,1.0,0.00012,1.0,3.77e-05,0.005250617670899842,43.75514725749868,0.0016495690516077001,0.513,0.361,0.371,8.85e-05,0.0003878,0.5,0.37,-1.4285714285714286,1.0,0.1,0.834,80,1200,1e-10,12,True,True,True,False,False,1.0,warn,True,False,False,15,25,25,BOTH,BOTH,BOTH,0.1,10000.0,0.1,10000.0,0.0,1e-06,FULL,0.4298578907265091,0.09449355977257816,0.09449355977257816,2.8737550437733e-09,2.8737550437733e-09,8.04216415684067e-12,8.04216415684067e-12,2.4457973500200963e-19,2.4457973500200963e-19,True,brentq,18,1.0,0.6248610819651622,-0.22580644470723008,0.32671611748407864,-0.11797227973451423,2.553836003457377,False,with_edl_FULL,0.0001,,,z_R1,-1.4285714285714286,
ofat_compare:z_R1:without_edl,8.314,96485.0,298.0,8.8541878128e-12,78.5,,0.1,3.041217889017721e-08,1.1e-08,1e-08,3.7e-08,1.0,0.00012,1.0,3.77e-05,0.005250617670899842,43.75514725749868,0.0016495690516077001,0.513,0.361,0.371,8.85e-05,0.0003878,0.5,0.37,-1.4285714285714286,1.0,0.1,0.834,80,1200,1e-10,12,True,True,True,False,False,1.0,warn,True,False,False,15,25,25,BOTH,BOTH,BOTH,0.1,10000.0,0.1,10000.0,0.0,1e-06,FULL,0.49157212957749513,0.06555361211259984,0.06555361211259984,1.993628178465674e-09,1.993628178465674e-09,7.0887740122316245e-12,7.0887740122316245e-12,2.1558506337202743e-19,2.1558506337202743e-19,True,brentq,12,1.0,0.0,0.0,0.0,0.0,0.0,True,without_edl,0.0001,,,z_R1,-1.4285714285714286,
ofat_compare:z_R1:with_edl_FULL,8.314,96485.0,298.0,8.8541878128e-12,78.5,,0.1,3.041217889017721e-08,1.1e-08,1e-08,3.7e-08,1.0,0.00012,1.0,3.77e-05,0.005250617670899842,43.75514725749868,0.0016495690516077001,0.513,0.361,0.371,8.85e-05,0.0003878,0.5,0.37,-1.2857142857142858,1.0,0.1,0.834,80,1200,1e-10,12,True,True,True,False,False,1.0,warn,True,False,False,15,25,25,BOTH,BOTH,BOTH,0.1,10000.0,0.1,10000.0,0.0,1e-06,FULL,0.4338775838631297,0.08661920007673382,0.08661920007673382,2.6342786080576806e-09,2.6342786080576806e-09,-1.0781459058861742e-10,-1.0781459058861742e-10,-3.2788766159522492e-18,-3.2788766159522492e-18,True,brentq,16,1.0,0.6248610819651622,-0.22580644470723008,0.32671611748407864,-0.11797227973451423,2.702937101365473,False,with_edl_FULL,0.0001,,,z_R1,-1.2857142857142858,
ofat_compare:z_R1:without_edl,8.314,96485.0,298.0,8.8541878128e-12,78.5,,0.1,3.041217889017721e-08,1.1e-08,1e-08,3.7e-08,1.0,0.00012,1.0,3.77e-05,0.005250617670899842,43.75514725749868,0.0016495690516077001,0.513,0.361,0.371,8.85e-05,0.0003878,0.5,0.37,-1.2857142857142858,1.0,0.1,0.834,80,1200,1e-10,12,True,True,True,False,False,1.0,warn,True,False,False,15,25,25,BOTH,BOTH,BOTH,0.1,10000.0,0.1,10000.0,0.0,1e-06,FULL,0.49157212957749513,0.06555361211259984,0.06555361211259984,1.993628178465674e-09,1.993628178465674e-09,7.0887740122316245e-12,7.0887740122316245e-12,2.1558506337202743e-19,2.1558506337202743e-19,True,brentq,12,1.0,0.0,0.0,0.0,0.0,0.0,True,without_edl,0.0001,,,z_R1,-1.2857142857142858,
ofat_compare:z_R1:with_edl_FULL,8.314,96485.0,298.0,8.8541878128e-12,78.5,,0.1,3.041217889017721e-08,1.1e-08,1e-08,3.7e-08,1.0,0.00012,1.0,3.77e-05,0.005250617670899842,43.75514725749868,0.0016495690516077001,0.513,0.361,0.371,8.85e-05,0.0003878,0.5,0.37,-1.1428571428571428,1.0,0.1,0.834,80,1200,1e-10,12,True,True,True,False,False,1.0,warn,True,False,False,15,25,25,BOTH,BOTH,BOTH,0.1,10000.0,0.1,10000.0,0.0,1e-06,FULL,0.4383912538305347,0.07857020474003933,0.07857020474003933,2.3894911219919256e-09,2.3894911219919256e-09,1.1708689573453057e-13,1.1708689573453057e-13,3.560867618774071e-21,3.560867618774071e-21,True,brentq,16,1.0,0.6248610819651622,-0.22580644470723008,0.32671611748407864,-0.11797227973451423,2.870361112318877,False,with_edl_FULL,0.0001,,,z_R1,-1.1428571428571428,
ofat_compare:z_R1:without_edl,8.314,96485.0,298.0,8.8541878128e-12,78.5,,0.1,3.041217889017721e-08,1.1e-08,1e-08,3.7e-08,1.0,0.00012,1.0,3.77e-05,0.005250617670899842,43.75514725749868,0.0016495690516077001,0.513,0.361,0.371,8.85e-05,0.0003878,0.5,0.37,-1.1428571428571428,1.0,0.1,0.834,80,1200,1e-10,12,True,True,True,False,False,1.0,warn,True,False,False,15,25,25,BOTH,BOTH,BOTH,0.1,10000.0,0.1,10000.0,0.0,1e-06,FULL,0.49157212957749513,0.06555361211259984,0.06555361211259984,1.993628178465674e-09,1.993628178465674e-09,7.0887740122316245e-12,7.0887740122316245e-12,2.1558506337202743e-19,2.1558506337202743e-19,True,brentq,12,1.0,0.0,0.0,0.0,0.0,0.0,True,without_edl,0.0001,,,z_R1,-1.1428571428571428,
ofat_compare:z_R1:with_edl_FULL,8.314,96485.0,298.0,8.8541878128e-12,78.5,,0.1,3.041217889017721e-08,1.1e-08,1e-08,3.7e-08,1.0,0.00012,1.0,3.77e-05,0.005250617670899842,43.75514725749868,0.0016495690516077001,0.513,0.361,0.371,8.85e-05,0.0003878,0.5,0.37,-1.0,1.0,0.1,0.834,80,1200,1e-10,12,True,True,True,False,False,1.0,warn,True,False,False,15,25,25,BOTH,BOTH,BOTH,0.1,10000.0,0.1,10000.0,0.0,1e-06,FULL,0.44349454423603574,0.07038215501102128,0.07038215501102128,2.140474688871362e-09,2.140474688871362e-09,3.060189601722385e-11,3.060189601722385e-11,9.306703360544132e-19,9.306703360544132e-19,True,brentq,15,1.0,0.6248610819651622,-0.22580644470723008,0.32671611748407864,-0.11797227973451423,3.0596557118175287,False,with_edl_FULL,0.0001,,,z_R1,-1.0,
ofat_compare:z_R1:without_edl,8.314,96485.0,298.0,8.8541878128e-12,78.5,,0.1,3.041217889017721e-08,1.1e-08,1e-08,3.7e-08,1.0,0.00012,1.0,3.77e-05,0.005250617670899842,43.75514725749868,0.0016495690516077001,0.513,0.361,0.371,8.85e-05,0.0003878,0.5,0.37,-1.0,1.0,0.1,0.834,80,1200,1e-10,12,True,True,True,False,False,1.0,warn,True,False,False,15,25,25,BOTH,BOTH,BOTH,0.1,10000.0,0.1,10000.0,0.0,1e-06,FULL,0.49157212957749513,0.06555361211259984,0.06555361211259984,1.993628178465674e-09,1.993628178465674e-09,7.0887740122316245e-12,7.0887740122316245e-12,2.1558506337202743e-19,2.1558506337202743e-19,True,brentq,12,1.0,0.0,0.0,0.0,0.0,0.0,True,without_edl,0.0001,,,z_R1,-1.0,
ofat_compare:z_R1:with_edl_FULL,8.314,96485.0,298.0,8.8541878128e-12,78.5,,0.1,3.041217889017721e-08,1.1e-08,1e-08,3.7e-08,1.0,0.00012,1.0,3.77e-05,0.005250617670899842,43.75514725749868,0.0016495690516077001,0.513,0.361,0.371,8.85e-05,0.0003878,0.5,0.37,-0.8571428571428572,1.0,0.1,0.834,80,1200,1e-10,12,True,True,True,False,False,1.0,warn,True,False,False,15,25,25,BOTH,BOTH,BOTH,0.1,10000.0,0.1,10000.0,0.0,1e-06,FULL,0.44930910668428137,0.062104645144806576,0.062104645144806576,1.8887375780548333e-09,1.8887375780548333e-09,4.85722573273506e-17,4.85722573273506e-17,1.4771881789391072e-24,1.4771881789391072e-24,True,brentq,15,1.0,0.6248610819651622,-0.22580644470723008,0.32671611748407864,-0.11797227973451423,3.2753332810803126,False,with_edl_FULL,0.0001,,,z_R1,-0.8571428571428572,
ofat_compare:z_R1:without_edl,8.314,96485.0,298.0,8.8541878128e-12,78.5,,0.1,3.041217889017721e-08,1.1e-08,1e-08,3.7e-08,1.0,0.00012,1.0,3.77e-05,0.005250617670899842,43.75514725749868,0.0016495690516077001,0.513,0.361,0.371,8.85e-05,0.0003878,0.5,0.37,-0.8571428571428572,1.0,0.1,0.834,80,1200,1e-10,12,True,True,True,False,False,1.0,warn,True,False,False,15,25,25,BOTH,BOTH,BOTH,0.1,10000.0,0.1,10000.0,0.0,1e-06,FULL,0.49157212957749513,0.06555361211259984,0.06555361211259984,1.993628178465674e-09,1.993628178465674e-09,7.0887740122316245e-12,7.0887740122316245e-12,2.1558506337202743e-19,2.1558506337202743e-19,True,brentq,12,1.0,0.0,0.0,0.0,0.0,0.0,True,without_edl,0.0001,,,z_R1,-0.8571428571428572,
ofat_compare:z_R1:with_edl_FULL,8.314,96485.0,298.0,8.8541878128e-12,78.5,,0.1,3.041217889017721e-08,1.1e-08,1e-08,3.7e-08,1.0,0.00012,1.0,3.77e-05,0.005250617670899842,43.75514725749868,0.0016495690516077001,0.513,0.361,0.371,8.85e-05,0.0003878,0.5,0.37,-0.7142857142857144,1.0,0.1,0.834,80,1200,1e-10,12,True,True,True,False,False,1.0,warn,True,False,False,15,25,25,BOTH,BOTH,BOTH,0.1,10000.0,0.1,10000.0,0.0,1e-06,FULL,0.45599194853375236,0.053804962372130824,0.053804962372130824,1.6363261408404962e-09,1.6363261408404962e-09,4.4565399981433274e-11,4.4565399981433274e-11,1.3553309165476489e-18,1.3553309165476489e-18,True,brentq,16,1.0,0.6248610819651622,-0.22580644470723008,0.32671611748407864,-0.11797227973451423,3.5232176401684843,False,with_edl_FULL,0.0001,,,z_R1,-0.7142857142857144,
ofat_compare:z_R1:without_edl,8.314,96485.0,298.0,8.8541878128e-12,78.5,,0.1,3.041217889017721e-08,1.1e-08,1e-08,3.7e-08,1.0,0.00012,1.0,3.77e-05,0.005250617670899842,43.75514725749868,0.0016495690516077001,0.513,0.361,0.371,8.85e-05,0.0003878,0.5,0.37,-0.7142857142857144,1.0,0.1,0.834,80,1200,1e-10,12,True,True,True,False,False,1.0,warn,True,False,False,15,25,25,BOTH,BOTH,BOTH,0.1,10000.0,0.1,10000.0,0.0,1e-06,FULL,0.49157212957749513,0.06555361211259984,0.06555361211259984,1.993628178465674e-09,1.993628178465674e-09,7.0887740122316245e-12,7.0887740122316245e-12,2.1558506337202743e-19,2.1558506337202743e-19,True,brentq,12,1.0,0.0,0.0,0.0,0.0,0.0,True,without_edl,0.0001,,,z_R1,-0.7142857142857144,
ofat_compare:z_R1:with_edl_FULL,8.314,96485.0,298.0,8.8541878128e-12,78.5,,0.1,3.041217889017721e-08,1.1e-08,1e-08,3.7e-08,1.0,0.00012,1.0,3.77e-05,0.005250617670899842,43.75514725749868,0.0016495690516077001,0.513,0.361,0.371,8.85e-05,0.0003878,0.5,0.37,-0.5714285714285716,1.0,0.1,0.834,80,1200,1e-10,12,True,True,True,False,False,1.0,warn,True,False,False,15,25,25,BOTH,BOTH,BOTH,0.1,10000.0,0.1,10000.0,0.0,1e-06,FULL,0.46374906717387154,0.04557230619137054,0.04557230619137054,1.3859531283298912e-09,1.3859531283298912e-09,-6.245004513516506e-17,-6.245004513516506e-17,-1.8992419443502805e-24,-1.8992419443502805e-24,True,brentq,12,1.0,0.6248610819651622,-0.22580644470723008,0.32671611748407864,-0.11797227973451423,3.8109497795470393,False,with_edl_FULL,0.0001,,,z_R1,-0.5714285714285716,
ofat_compare:z_R1:without_edl,8.314,96485.0,298.0,8.8541878128e-12,78.5,,0.1,3.041217889017721e-08,1.1e-08,1e-08,3.7e-08,1.0,0.00012,1.0,3.77e-05,0.005250617670899842,43.75514725749868,0.0016495690516077001,0.513,0.361,0.371,8.85e-05,0.0003878,0.5,0.37,-0.5714285714285716,1.0,0.1,0.834,80,1200,1e-10,12,True,True,True,False,False,1.0,warn,True,False,False,15,25,25,BOTH,BOTH,BOTH,0.1,10000.0,0.1,10000.0,0.0,1e-06,FULL,0.49157212957749513,0.06555361211259984,0.06555361211259984,1.993628178465674e-09,1.993628178465674e-09,7.0887740122316245e-12,7.0887740122316245e-12,2.1558506337202743e-19,2.1558506337202743e-19,True,brentq,12,1.0,0.0,0.0,0.0,0.0,0.0,True,without_edl,0.0001,,,z_R1,-0.5714285714285716,
ofat_compare:z_R1:with_edl_FULL,8.314,96485.0,298.0,8.8541878128e-12,78.5,,0.1,3.041217889017721e-08,1.1e-08,1e-08,3.7e-08,1.0,0.00012,1.0,3.77e-05,0.005250617670899842,43.75514725749868,0.0016495690516077001,0.513,0.361,0.371,8.85e-05,0.0003878,0.5,0.37,-0.4285714285714286,1.0,0.1,0.834,80,1200,1e-10,12,True,True,True,False,False,1.0,warn,True,False,False,15,25,25,BOTH,BOTH,BOTH,0.1,10000.0,0.1,10000.0,0.0,1e-06,FULL,0.47285582908113394,0.03752224443548251,0.03752224443548251,1.1411332101328504e-09,1.1411332101328504e-09,-5.50776091401417e-12,-5.50776091401417e-12,-1.6750301020132488e-19,-1.6750301020132488e-19,True,brentq,14,1.0,0.6248610819651622,-0.22580644470723008,0.32671611748407864,-0.11797227973451423,4.148743773419421,False,with_edl_FULL,0.0001,,,z_R1,-0.4285714285714286,
ofat_compare:z_R1:without_edl,8.314,96485.0,298.0,8.8541878128e-12,78.5,,0.1,3.041217889017721e-08,1.1e-08,1e-08,3.7e-08,1.0,0.00012,1.0,3.77e-05,0.005250617670899842,43.75514725749868,0.0016495690516077001,0.513,0.361,0.371,8.85e-05,0.0003878,0.5,0.37,-0.4285714285714286,1.0,0.1,0.834,80,1200,1e-10,12,True,True,True,False,False,1.0,warn,True,False,False,15,25,25,BOTH,BOTH,BOTH,0.1,10000.0,0.1,10000.0,0.0,1e-06,FULL,0.49157212957749513,0.06555361211259984,0.06555361211259984,1.993628178465674e-09,1.993628178465674e-09,7.0887740122316245e-12,7.0887740122316245e-12,2.1558506337202743e-19,2.1558506337202743e-19,True,brentq,12,1.0,0.0,0.0,0.0,0.0,0.0,True,without_edl,0.0001,,,z_R1,-0.4285714285714286,
ofat_compare:z_R1:with_edl_FULL,8.314,96485.0,298.0,8.8541878128e-12,78.5,,0.1,3.041217889017721e-08,1.1e-08,1e-08,3.7e-08,1.0,0.00012,1.0,3.77e-05,0.005250617670899842,43.75514725749868,0.0016495690516077001,0.513,0.361,0.371,8.85e-05,0.0003878,0.5,0.37,-0.2857142857142858,1.0,0.1,0.834,80,1200,1e-10,12,True,True,True,False,False,1.0,warn,True,False,False,15,25,25,BOTH,BOTH,BOTH,0.1,10000.0,0.1,10000.0,0.0,1e-06,FULL,0.4836882957750482,0.02980064914337849,0.02980064914337849,9.06302672791833e-10,9.06302672791833e-10,-2.6754640169990296e-13,-2.6754640169990296e-13,-8.136669029920661e-21,-8.136669029920661e-21,True,brentq,15,1.0,0.6248610819651622,-0.22580644470723008,0.32671611748407864,-0.11797227973451423,4.55054874265978,False,with_edl_FULL,0.0001,,,z_R1,-0.2857142857142858,
ofat_compare:z_R1:without_edl,8.314,96485.0,298.0,8.8541878128e-12,78.5,,0.1,3.041217889017721e-08,1.1e-08,1e-08,3.7e-08,1.0,0.00012,1.0,3.77e-05,0.005250617670899842,43.75514725749868,0.0016495690516077001,0.513,0.361,0.371,8.85e-05,0.0003878,0.5,0.37,-0.2857142857142858,1.0,0.1,0.834,80,1200,1e-10,12,True,True,True,False,False,1.0,warn,True,False,False,15,25,25,BOTH,BOTH,BOTH,0.1,10000.0,0.1,10000.0,0.0,1e-06,FULL,0.49157212957749513,0.06555361211259984,0.06555361211259984,1.993628178465674e-09,1.993628178465674e-09,7.0887740122316245e-12,7.0887740122316245e-12,2.1558506337202743e-19,2.1558506337202743e-19,True,brentq,12,1.0,0.0,0.0,0.0,0.0,0.0,True,without_edl,0.0001,,,z_R1,-0.2857142857142858,
ofat_compare:z_R1:with_edl_FULL,8.314,96485.0,298.0,8.8541878128e-12,78.5,,0.1,3.041217889017721e-08,1.1e-08,1e-08,3.7e-08,1.0,0.00012,1.0,3.77e-05,0.005250617670899842,43.75514725749868,0.0016495690516077001,0.513,0.361,0.371,8.85e-05,0.0003878,0.5,0.37,-0.14285714285714302,1.0,0.1,0.834,80,1200,1e-10,12,True,True,True,False,False,1.0,warn,True,False,False,15,25,25,BOTH,BOTH,BOTH,0.1,10000.0,0.1,10000.0,0.0,1e-06,FULL,0.4967729781469646,0.022585529419668255,0.022585529419668255,6.868751610403113e-10,6.868751610403113e-10,-1.1987466574936434e-11,-1.1987466574936434e-11,-3.6456497791698673e-19,-3.6456497791698673e-19,True,brentq,14,1.0,0.6248610819651622,-0.22580644470723008,0.32671611748407864,-0.11797227973451423,5.035894375055902,False,with_edl_FULL,0.0001,,,z_R1,-0.14285714285714302,
ofat_compare:z_R1:without_edl,8.314,96485.0,298.0,8.8541878128e-12,78.5,,0.1,3.041217889017721e-08,1.1e-08,1e-08,3.7e-08,1.0,0.00012,1.0,3.77e-05,0.005250617670899842,43.75514725749868,0.0016495690516077001,0.513,0.361,0.371,8.85e-05,0.0003878,0.5,0.37,-0.14285714285714302,1.0,0.1,0.834,80,1200,1e-10,12,True,True,True,False,False,1.0,warn,True,False,False,15,25,25,BOTH,BOTH,BOTH,0.1,10000.0,0.1,10000.0,0.0,1e-06,FULL,0.49157212957749513,0.06555361211259984,0.06555361211259984,1.993628178465674e-09,1.993628178465674e-09,7.0887740122316245e-12,7.0887740122316245e-12,2.1558506337202743e-19,2.1558506337202743e-19,True,brentq,12,1.0,0.0,0.0,0.0,0.0,0.0,True,without_edl,0.0001,,,z_R1,-0.14285714285714302,
ofat_compare:z_R1:with_edl_FULL,8.314,96485.0,298.0,8.8541878128e-12,78.5,,0.1,3.041217889017721e-08,1.1e-08,1e-08,3.7e-08,1.0,0.00012,1.0,3.77e-05,0.005250617670899842,43.75514725749868,0.0016495690516077001,0.513,0.361,0.371,8.85e-05,0.0003878,0.5,0.37,0.0,1.0,0.1,0.834,80,1200,1e-10,12,True,True,True,False,False,1.0,warn,True,False,False,15,25,25,BOTH,BOTH,BOTH,0.1,10000.0,0.1,10000.0,0.0,1e-06,FULL,0.5128689842171398,0.016083785668082422,0.016083785668082422,4.891429669689911e-10,4.891429669689911e-10,-2.908562279912985e-12,-2.908562279912985e-12,-8.845571636993539e-20,-8.845571636993539e-20,True,brentq,13,1.0,0.6248610819651622,-0.22580644470723008,0.32671611748407864,-0.11797227973451423,5.6329380038678725,False,with_edl_FULL,0.0001,,,z_R1,0.0,
ofat_compare:z_R1:without_edl,8.314,96485.0,298.0,8.8541878128e-12,78.5,,0.1,3.041217889017721e-08,1.1e-08,1e-08,3.7e-08,1.0,0.00012,1.0,3.77e-05,0.005250617670899842,43.75514725749868,0.0016495690516077001,0.513,0.361,0.371,8.85e-05,0.0003878,0.5,0.37,0.0,1.0,0.1,0.834,80,1200,1e-10,12,True,True,True,False,False,1.0,warn,True,False,False,15,25,25,BOTH,BOTH,BOTH,0.1,10000.0,0.1,10000.0,0.0,1e-06,FULL,0.49157212957749513,0.06555361211259984,0.06555361211259984,1.993628178465674e-09,1.993628178465674e-09,7.0887740122316245e-12,7.0887740122316245e-12,2.1558506337202743e-19,2.1558506337202743e-19,True,brentq,12,1.0,0.0,0.0,0.0,0.0,0.0,True,without_edl,0.0001,,,z_R1,0.0,
ofat_compare:z_O2:with_edl_FULL,8.314,96485.0,298.0,8.8541878128e-12,78.5,,0.1,3.041217889017721e-08,1.1e-08,1e-08,3.7e-08,1.0,0.00012,1.0,3.77e-05,0.005250617670899842,43.75514725749868,0.0016495690516077001,0.513,0.361,0.371,8.85e-05,0.0003878,0.5,0.37,-1.0,0.0,0.1,0.834,80,1200,1e-10,12,True,True,True,False,False,1.0,warn,True,False,False,15,25,25,BOTH,BOTH,BOTH,0.1,10000.0,0.1,10000.0,0.0,1e-06,FULL,0.46847203077431193,0.1560092256830512,0.1560092256830512,4.744580479990982e-09,4.744580479990982e-09,1.054087372942547e-11,1.054087372942547e-11,3.2057093751805683e-19,3.2057093751805683e-19,True,brentq,14,1.0,0.6248610819651622,-0.22580644470723008,0.32671611748407864,-0.11797227973451423,3.986137047398456,False,with_edl_FULL,0.0001,,,z_O2,0.0,
ofat_compare:z_O2:without_edl,8.314,96485.0,298.0,8.8541878128e-12,78.5,,0.1,3.041217889017721e-08,1.1e-08,1e-08,3.7e-08,1.0,0.00012,1.0,3.77e-05,0.005250617670899842,43.75514725749868,0.0016495690516077001,0.513,0.361,0.371,8.85e-05,0.0003878,0.5,0.37,-1.0,0.0,0.1,0.834,80,1200,1e-10,12,True,True,True,False,False,1.0,warn,True,False,False,15,25,25,BOTH,BOTH,BOTH,0.1,10000.0,0.1,10000.0,0.0,1e-06,FULL,0.49157212957749513,0.06555361211259984,0.06555361211259984,1.993628178465674e-09,1.993628178465674e-09,7.0887740122316245e-12,7.0887740122316245e-12,2.1558506337202743e-19,2.1558506337202743e-19,True,brentq,12,1.0,0.0,0.0,0.0,0.0,0.0,True,without_edl,0.0001,,,z_O2,0.0,
ofat_compare:z_O2:with_edl_FULL,8.314,96485.0,298.0,8.8541878128e-12,78.5,,0.1,3.041217889017721e-08,1.1e-08,1e-08,3.7e-08,1.0,0.00012,1.0,3.77e-05,0.005250617670899842,43.75514725749868,0.0016495690516077001,0.513,0.361,0.371,8.85e-05,0.0003878,0.5,0.37,-1.0,0.14285714285714285,0.1,0.834,80,1200,1e-10,12,True,True,True,False,False,1.0,warn,True,False,False,15,25,25,BOTH,BOTH,BOTH,0.1,10000.0,0.1,10000.0,0.0,1e-06,FULL,0.4635332769296919,0.13327311707671494,0.13327311707671494,4.053125877788586e-09,4.053125877788586e-09,1.1897149931883177e-12,1.1897149931883177e-12,3.618182520116908e-20,3.618182520116908e-20,True,brentq,15,1.0,0.6248610819651622,-0.22580644470723008,0.32671611748407864,-0.11797227973451423,3.802945546081572,False,with_edl_FULL,0.0001,,,z_O2,0.14285714285714285,
ofat_compare:z_O2:without_edl,8.314,96485.0,298.0,8.8541878128e-12,78.5,,0.1,3.041217889017721e-08,1.1e-08,1e-08,3.7e-08,1.0,0.00012,1.0,3.77e-05,0.005250617670899842,43.75514725749868,0.0016495690516077001,0.513,0.361,0.371,8.85e-05,0.0003878,0.5,0.37,-1.0,0.14285714285714285,0.1,0.834,80,1200,1e-10,12,True,True,True,False,False,1.0,warn,True,False,False,15,25,25,BOTH,BOTH,BOTH,0.1,10000.0,0.1,10000.0,0.0,1e-06,FULL,0.49157212957749513,0.06555361211259984,0.06555361211259984,1.993628178465674e-09,1.993628178465674e-09,7.0887740122316245e-12,7.0887740122316245e-12,2.1558506337202743e-19,2.1558506337202743e-19,True,brentq,12,1.0,0.0,0.0,0.0,0.0,0.0,True,without_edl,0.0001,,,z_O2,0.14285714285714285,
ofat_compare:z_O2:with_edl_FULL,8.314,96485.0,298.0,8.8541878128e-12,78.5,,0.1,3.041217889017721e-08,1.1e-08,1e-08,3.7e-08,1.0,0.00012,1.0,3.77e-05,0.005250617670899842,43.75514725749868,0.0016495690516077001,0.513,0.361,0.371,8.85e-05,0.0003878,0.5,0.37,-1.0,0.2857142857142857,0.1,0.834,80,1200,1e-10,12,True,True,True,False,False,1.0,warn,True,False,False,15,25,25,BOTH,BOTH,BOTH,0.1,10000.0,0.1,10000.0,0.0,1e-06,FULL,0.4592318257180506,0.11619426915516937,0.11619426915516937,3.533720899560411e-09,3.533720899560411e-09,1.817990202823694e-15,1.817990202823694e-15,5.528904326886372e-23,5.528904326886372e-23,True,brentq,16,1.0,0.6248610819651622,-0.22580644470723008,0.32671611748407864,-0.11797227973451423,3.6433932925995993,False,with_edl_FULL,0.0001,,,z_O2,0.2857142857142857,
ofat_compare:z_O2:without_edl,8.314,96485.0,298.0,8.8541878128e-12,78.5,,0.1,3.041217889017721e-08,1.1e-08,1e-08,3.7e-08,1.0,0.00012,1.0,3.77e-05,0.005250617670899842,43.75514725749868,0.0016495690516077001,0.513,0.361,0.371,8.85e-05,0.0003878,0.5,0.37,-1.0,0.2857142857142857,0.1,0.834,80,1200,1e-10,12,True,True,True,False,False,1.0,warn,True,False,False,15,25,25,BOTH,BOTH,BOTH,0.1,10000.0,0.1,10000.0,0.0,1e-06,FULL,0.49157212957749513,0.06555361211259984,0.06555361211259984,1.993628178465674e-09,1.993628178465674e-09,7.0887740122316245e-12,7.0887740122316245e-12,2.1558506337202743e-19,2.1558506337202743e-19,True,brentq,12,1.0,0.0,0.0,0.0,0.0,0.0,True,without_edl,0.0001,,,z_O2,0.2857142857142857,
ofat_compare:z_O2:with_edl_FULL,8.314,96485.0,298.0,8.8541878128e-12,78.5,,0.1,3.041217889017721e-08,1.1e-08,1e-08,3.7e-08,1.0,0.00012,1.0,3.77e-05,0.005250617670899842,43.75514725749868,0.0016495690516077001,0.513,0.361,0.371,8.85e-05,0.0003878,0.5,0.37,-1.0,0.42857142857142855,0.1,0.834,80,1200,1e-10,12,True,True,True,False,False,1.0,warn,True,False,False,15,25,25,BOTH,BOTH,BOTH,0.1,10000.0,0.1,10000.0,0.0,1e-06,FULL,0.4554243218913683,0.10291611711298569,0.10291611711298569,3.129903364322549e-09,3.129903364322549e-09,1.0311196341206141e-14,1.0311196341206141e-14,3.1358594770050193e-22,3.1358594770050193e-22,True,brentq,16,1.0,0.6248610819651622,-0.22580644470723008,0.32671611748407864,-0.11797227973451423,3.5021628599390393,False,with_edl_FULL,0.0001,,,z_O2,0.42857142857142855,
ofat_compare:z_O2:without_edl,8.314,96485.0,298.0,8.8541878128e-12,78.5,,0.1,3.041217889017721e-08,1.1e-08,1e-08,3.7e-08,1.0,0.00012,1.0,3.77e-05,0.005250617670899842,43.75514725749868,0.0016495690516077001,0.513,0.361,0.371,8.85e-05,0.0003878,0.5,0.37,-1.0,0.42857142857142855,0.1,0.834,80,1200,1e-10,12,True,True,True,False,False,1.0,warn,True,False,False,15,25,25,BOTH,BOTH,BOTH,0.1,10000.0,0.1,10000.0,0.0,1e-06,FULL,0.49157212957749513,0.06555361211259984,0.06555361211259984,1.993628178465674e-09,1.993628178465674e-09,7.0887740122316245e-12,7.0887740122316245e-12,2.1558506337202743e-19,2.1558506337202743e-19,True,brentq,12,1.0,0.0,0.0,0.0,0.0,0.0,True,without_edl,0.0001,,,z_O2,0.42857142857142855,
ofat_compare:z_O2:with_edl_FULL,8.314,96485.0,298.0,8.8541878128e-12,78.5,,0.1,3.041217889017721e-08,1.1e-08,1e-08,3.7e-08,1.0,0.00012,1.0,3.77e-05,0.005250617670899842,43.75514725749868,0.0016495690516077001,0.513,0.361,0.371,8.85e-05,0.0003878,0.5,0.37,-1.0,0.5714285714285714,0.1,0.834,80,1200,1e-10,12,True,True,True,False,False,1.0,warn,True,False,False,15,25,25,BOTH,BOTH,BOTH,0.1,10000.0,0.1,10000.0,0.0,1e-06,FULL,0.45201063432787747,0.09230959068881077,0.09230959068881077,2.8073357853071496e-09,2.8073357853071496e-09,2.42861286636753e-15,2.42861286636753e-15,7.385940894695536e-23,7.385940894695536e-23,True,brentq,16,1.0,0.6248610819651622,-0.22580644470723008,0.32671611748407864,-0.11797227973451423,3.375540118766411,False,with_edl_FULL,0.0001,,,z_O2,0.5714285714285714,
ofat_compare:z_O2:without_edl,8.314,96485.0,298.0,8.8541878128e-12,78.5,,0.1,3.041217889017721e-08,1.1e-08,1e-08,3.7e-08,1.0,0.00012,1.0,3.77e-05,0.005250617670899842,43.75514725749868,0.0016495690516077001,0.513,0.361,0.371,8.85e-05,0.0003878,0.5,0.37,-1.0,0.5714285714285714,0.1,0.834,80,1200,1e-10,12,True,True,True,False,False,1.0,warn,True,False,False,15,25,25,BOTH,BOTH,BOTH,0.1,10000.0,0.1,10000.0,0.0,1e-06,FULL,0.49157212957749513,0.06555361211259984,0.06555361211259984,1.993628178465674e-09,1.993628178465674e-09,7.0887740122316245e-12,7.0887740122316245e-12,2.1558506337202743e-19,2.1558506337202743e-19,True,brentq,12,1.0,0.0,0.0,0.0,0.0,0.0,True,without_edl,0.0001,,,z_O2,0.5714285714285714,
ofat_compare:z_O2:with_edl_FULL,8.314,96485.0,298.0,8.8541878128e-12,78.5,,0.1,3.041217889017721e-08,1.1e-08,1e-08,3.7e-08,1.0,0.00012,1.0,3.77e-05,0.005250617670899842,43.75514725749868,0.0016495690516077001,0.513,0.361,0.371,8.85e-05,0.0003878,0.5,0.37,-1.0,0.7142857142857142,0.1,0.834,80,1200,1e-10,12,True,True,True,False,False,1.0,warn,True,False,False,15,25,25,BOTH,BOTH,BOTH,0.1,10000.0,0.1,10000.0,0.0,1e-06,FULL,0.44891831362187723,0.08365045719398313,0.08365045719398313,2.543992668428526e-09,2.543992668428526e-09,-9.156857216918723e-11,-9.156857216918723e-11,-2.7847997975274244e-18,-2.7847997975274244e-18,True,brentq,15,1.0,0.6248610819651622,-0.22580644470723008,0.32671611748407864,-0.11797227973451423,3.2608377281415866,False,with_edl_FULL,0.0001,,,z_O2,0.7142857142857142,
ofat_compare:z_O2:without_edl,8.314,96485.0,298.0,8.8541878128e-12,78.5,,0.1,3.041217889017721e-08,1.1e-08,1e-08,3.7e-08,1.0,0.00012,1.0,3.77e-05,0.005250617670899842,43.75514725749868,0.0016495690516077001,0.513,0.361,0.371,8.85e-05,0.0003878,0.5,0.37,-1.0,0.7142857142857142,0.1,0.834,80,1200,1e-10,12,True,True,True,False,False,1.0,warn,True,False,False,15,25,25,BOTH,BOTH,BOTH,0.1,10000.0,0.1,10000.0,0.0,1e-06,FULL,0.49157212957749513,0.06555361211259984,0.06555361211259984,1.993628178465674e-09,1.993628178465674e-09,7.0887740122316245e-12,7.0887740122316245e-12,2.1558506337202743e-19,2.1558506337202743e-19,True,brentq,12,1.0,0.0,0.0,0.0,0.0,0.0,True,without_edl,0.0001,,,z_O2,0.7142857142857142,
ofat_compare:z_O2:with_edl_FULL,8.314,96485.0,298.0,8.8541878128e-12,78.5,,0.1,3.041217889017721e-08,1.1e-08,1e-08,3.7e-08,1.0,0.00012,1.0,3.77e-05,0.005250617670899842,43.75514725749868,0.0016495690516077001,0.513,0.361,0.371,8.85e-05,0.0003878,0.5,0.37,-1.0,0.8571428571428571,0.1,0.834,80,1200,1e-10,12,True,True,True,False,False,1.0,warn,True,False,False,15,25,25,BOTH,BOTH,BOTH,0.1,10000.0,0.1,10000.0,0.0,1e-06,FULL,0.44609336952497863,0.07645359095220625,0.07645359095220625,2.32512028483493e-09,2.32512028483493e-09,3.418397509502569e-11,3.418397509502569e-11,1.0396091657672837e-18,1.0396091657672837e-18,True,brentq,15,1.0,0.6248610819651622,-0.22580644470723008,0.32671611748407864,-0.11797227973451423,3.156053046311195,False,with_edl_FULL,0.0001,,,z_O2,0.8571428571428571,
ofat_compare:z_O2:without_edl,8.314,96485.0,298.0,8.8541878128e-12,78.5,,0.1,3.041217889017721e-08,1.1e-08,1e-08,3.7e-08,1.0,0.00012,1.0,3.77e-05,0.005250617670899842,43.75514725749868,0.0016495690516077001,0.513,0.361,0.371,8.85e-05,0.0003878,0.5,0.37,-1.0,0.8571428571428571,0.1,0.834,80,1200,1e-10,12,True,True,True,False,False,1.0,warn,True,False,False,15,25,25,BOTH,BOTH,BOTH,0.1,10000.0,0.1,10000.0,0.0,1e-06,FULL,0.49157212957749513,0.06555361211259984,0.06555361211259984,1.993628178465674e-09,1.993628178465674e-09,7.0887740122316245e-12,7.0887740122316245e-12,2.1558506337202743e-19,2.1558506337202743e-19,True,brentq,12,1.0,0.0,0.0,0.0,0.0,0.0,True,without_edl,0.0001,,,z_O2,0.8571428571428571,
ofat_compare:z_O2:with_edl_FULL,8.314,96485.0,298.0,8.8541878128e-12,78.5,,0.1,3.041217889017721e-08,1.1e-08,1e-08,3.7e-08,1.0,0.00012,1.0,3.77e-05,0.005250617670899842,43.75514725749868,0.0016495690516077001,0.513,0.361,0.371,8.85e-05,0.0003878,0.5,0.37,-1.0,1.0,0.1,0.834,80,1200,1e-10,12,True,True,True,False,False,1.0,warn,True,False,False,15,25,25,BOTH,BOTH,BOTH,0.1,10000.0,0.1,10000.0,0.0,1e-06,FULL,0.44349454423603574,0.07038215501102128,0.07038215501102128,2.140474688871362e-09,2.140474688871362e-09,3.060189601722385e-11,3.060189601722385e-11,9.306703360544132e-19,9.306703360544132e-19,True,brentq,15,1.0,0.6248610819651622,-0.22580644470723008,0.32671611748407864,-0.11797227973451423,3.0596557118175287,False,with_edl_FULL,0.0001,,,z_O2,1.0,
ofat_compare:z_O2:without_edl,8.314,96485.0,298.0,8.8541878128e-12,78.5,,0.1,3.041217889017721e-08,1.1e-08,1e-08,3.7e-08,1.0,0.00012,1.0,3.77e-05,0.005250617670899842,43.75514725749868,0.0016495690516077001,0.513,0.361,0.371,8.85e-05,0.0003878,0.5,0.37,-1.0,1.0,0.1,0.834,80,1200,1e-10,12,True,True,True,False,False,1.0,warn,True,False,False,15,25,25,BOTH,BOTH,BOTH,0.1,10000.0,0.1,10000.0,0.0,1e-06,FULL,0.49157212957749513,0.06555361211259984,0.06555361211259984,1.993628178465674e-09,1.993628178465674e-09,7.0887740122316245e-12,7.0887740122316245e-12,2.1558506337202743e-19,2.1558506337202743e-19,True,brentq,12,1.0,0.0,0.0,0.0,0.0,0.0,True,without_edl,0.0001,,,z_O2,1.0,
ofat_compare:z_O2:with_edl_FULL,8.314,96485.0,298.0,8.8541878128e-12,78.5,,0.1,3.041217889017721e-08,1.1e-08,1e-08,3.7e-08,1.0,0.00012,1.0,3.77e-05,0.005250617670899842,43.75514725749868,0.0016495690516077001,0.513,0.361,0.371,8.85e-05,0.0003878,0.5,0.37,-1.0,1.1428571428571428,0.1,0.834,80,1200,1e-10,12,True,True,True,False,False,1.0,warn,True,False,False,15,25,25,BOTH,BOTH,BOTH,0.1,10000.0,0.1,10000.0,0.0,1e-06,FULL,0.44108961976903627,0.06519510691435428,0.06519510691435428,1.9827252542435713e-09,1.9827252542435713e-09,1.0824674490095276e-15,1.0824674490095276e-15,3.292019370207153e-23,3.292019370207153e-23,True,brentq,19,1.0,0.6248610819651622,-0.22580644470723008,0.32671611748407864,-0.11797227973451423,2.9704506739630414,False,with_edl_FULL,0.0001,,,z_O2,1.1428571428571428,
ofat_compare:z_O2:without_edl,8.314,96485.0,298.0,8.8541878128e-12,78.5,,0.1,3.041217889017721e-08,1.1e-08,1e-08,3.7e-08,1.0,0.00012,1.0,3.77e-05,0.005250617670899842,43.75514725749868,0.0016495690516077001,0.513,0.361,0.371,8.85e-05,0.0003878,0.5,0.37,-1.0,1.1428571428571428,0.1,0.834,80,1200,1e-10,12,True,True,True,False,False,1.0,warn,True,False,False,15,25,25,BOTH,BOTH,BOTH,0.1,10000.0,0.1,10000.0,0.0,1e-06,FULL,0.49157212957749513,0.06555361211259984,0.06555361211259984,1.993628178465674e-09,1.993628178465674e-09,7.0887740122316245e-12,7.0887740122316245e-12,2.1558506337202743e-19,2.1558506337202743e-19,True,brentq,12,1.0,0.0,0.0,0.0,0.0,0.0,True,without_edl,0.0001,,,z_O2,1.1428571428571428,
ofat_compare:z_O2:with_edl_FULL,8.314,96485.0,298.0,8.8541878128e-12,78.5,,0.1,3.041217889017721e-08,1.1e-08,1e-08,3.7e-08,1.0,0.00012,1.0,3.77e-05,0.005250617670899842,43.75514725749868,0.0016495690516077001,0.513,0.361,0.371,8.85e-05,0.0003878,0.5,0.37,-1.0,1.2857142857142856,0.1,0.834,80,1200,1e-10,12,True,True,True,False,False,1.0,warn,True,False,False,15,25,25,BOTH,BOTH,BOTH,0.1,10000.0,0.1,10000.0,0.0,1e-06,FULL,0.43885295836270216,0.06071546393418396,0.06071546393418396,1.8464895505665051e-09,1.8464895505665051e-09,4.33590663373451e-13,4.33590663373451e-13,1.3186436819623999e-20,1.3186436819623999e-20,True,brentq,17,1.0,0.6248610819651622,-0.22580644470723008,0.32671611748407864,-0.11797227973451423,2.8874869600678412,False,with_edl_FULL,0.0001,,,z_O2,1.2857142857142856,
ofat_compare:z_O2:without_edl,8.314,96485.0,298.0,8.8541878128e-12,78.5,,0.1,3.041217889017721e-08,1.1e-08,1e-08,3.7e-08,1.0,0.00012,1.0,3.77e-05,0.005250617670899842,43.75514725749868,0.0016495690516077001,0.513,0.361,0.371,8.85e-05,0.0003878,0.5,0.37,-1.0,1.2857142857142856,0.1,0.834,80,1200,1e-10,12,True,True,True,False,False,1.0,warn,True,False,False,15,25,25,BOTH,BOTH,BOTH,0.1,10000.0,0.1,10000.0,0.0,1e-06,FULL,0.49157212957749513,0.06555361211259984,0.06555361211259984,1.993628178465674e-09,1.993628178465674e-09,7.0887740122316245e-12,7.0887740122316245e-12,2.1558506337202743e-19,2.1558506337202743e-19,True,brentq,12,1.0,0.0,0.0,0.0,0.0,0.0,True,without_edl,0.0001,,,z_O2,1.2857142857142856,
ofat_compare:z_O2:with_edl_FULL,8.314,96485.0,298.0,8.8541878128e-12,78.5,,0.1,3.041217889017721e-08,1.1e-08,1e-08,3.7e-08,1.0,0.00012,1.0,3.77e-05,0.005250617670899842,43.75514725749868,0.0016495690516077001,0.513,0.361,0.371,8.85e-05,0.0003878,0.5,0.37,-1.0,1.4285714285714284,0.1,0.834,80,1200,1e-10,12,True,True,True,False,False,1.0,warn,True,False,False,15,25,25,BOTH,BOTH,BOTH,0.1,10000.0,0.1,10000.0,0.0,1e-06,FULL,0.43676381821000726,0.0568103717777774,0.0568103717777774,1.727727189323241e-09,1.727727189323241e-09,3.315667185255222e-12,3.315667185255222e-12,1.0083666357827216e-19,1.0083666357827216e-19,True,brentq,13,1.0,0.6248610819651622,-0.22580644470723008,0.32671611748407864,-0.11797227973451423,2.8099952014027547,False,with_edl_FULL,0.0001,,,z_O2,1.4285714285714284,
ofat_compare:z_O2:without_edl,8.314,96485.0,298.0,8.8541878128e-12,78.5,,0.1,3.041217889017721e-08,1.1e-08,1e-08,3.7e-08,1.0,0.00012,1.0,3.77e-05,0.005250617670899842,43.75514725749868,0.0016495690516077001,0.513,0.361,0.371,8.85e-05,0.0003878,0.5,0.37,-1.0,1.4285714285714284,0.1,0.834,80,1200,1e-10,12,True,True,True,False,False,1.0,warn,True,False,False,15,25,25,BOTH,BOTH,BOTH,0.1,10000.0,0.1,10000.0,0.0,1e-06,FULL,0.49157212957749513,0.06555361211259984,0.06555361211259984,1.993628178465674e-09,1.993628178465674e-09,7.0887740122316245e-12,7.0887740122316245e-12,2.1558506337202743e-19,2.1558506337202743e-19,True,brentq,12,1.0,0.0,0.0,0.0,0.0,0.0,True,without_edl,0.0001,,,z_O2,1.4285714285714284,
ofat_compare:z_O2:with_edl_FULL,8.314,96485.0,298.0,8.8541878128e-12,78.5,,0.1,3.041217889017721e-08,1.1e-08,1e-08,3.7e-08,1.0,0.00012,1.0,3.77e-05,0.005250617670899842,43.75514725749868,0.0016495690516077001,0.513,0.361,0.371,8.85e-05,0.0003878,0.5,0.37,-1.0,1.5714285714285714,0.1,0.834,80,1200,1e-10,12,True,True,True,False,False,1.0,warn,True,False,False,15,25,25,BOTH,BOTH,BOTH,0.1,10000.0,0.1,10000.0,0.0,1e-06,FULL,0.4348051716611264,0.05337816708544214,0.05337816708544214,1.6233463662322353e-09,1.6233463662322353e-09,1.924849168943865e-14,1.924849168943865e-14,5.853885726252976e-22,5.853885726252976e-22,True,brentq,14,1.0,0.6248610819651622,-0.22580644470723008,0.32671611748407864,-0.11797227973451423,2.737343797196923,False,with_edl_FULL,0.0001,,,z_O2,1.5714285714285714,
ofat_compare:z_O2:without_edl,8.314,96485.0,298.0,8.8541878128e-12,78.5,,0.1,3.041217889017721e-08,1.1e-08,1e-08,3.7e-08,1.0,0.00012,1.0,3.77e-05,0.005250617670899842,43.75514725749868,0.0016495690516077001,0.513,0.361,0.371,8.85e-05,0.0003878,0.5,0.37,-1.0,1.5714285714285714,0.1,0.834,80,1200,1e-10,12,True,True,True,False,False,1.0,warn,True,False,False,15,25,25,BOTH,BOTH,BOTH,0.1,10000.0,0.1,10000.0,0.0,1e-06,FULL,0.49157212957749513,0.06555361211259984,0.06555361211259984,1.993628178465674e-09,1.993628178465674e-09,7.0887740122316245e-12,7.0887740122316245e-12,2.1558506337202743e-19,2.1558506337202743e-19,True,brentq,12,1.0,0.0,0.0,0.0,0.0,0.0,True,without_edl,0.0001,,,z_O2,1.5714285714285714,
ofat_compare:z_O2:with_edl_FULL,8.314,96485.0,298.0,8.8541878128e-12,78.5,,0.1,3.041217889017721e-08,1.1e-08,1e-08,3.7e-08,1.0,0.00012,1.0,3.77e-05,0.005250617670899842,43.75514725749868,0.0016495690516077001,0.513,0.361,0.371,8.85e-05,0.0003878,0.5,0.37,-1.0,1.7142857142857142,0.1,0.834,80,1200,1e-10,12,True,True,True,False,False,1.0,warn,True,False,False,15,25,25,BOTH,BOTH,BOTH,0.1,10000.0,0.1,10000.0,0.0,1e-06,FULL,0.4329628578723127,0.05033973477960388,0.05033973477960388,1.5309410194013887e-09,1.5309410194013887e-09,1.7083556791419596e-14,1.7083556791419596e-14,5.195481852211545e-22,5.195481852211545e-22,True,brentq,14,1.0,0.6248610819651622,-0.22580644470723008,0.32671611748407864,-0.11797227973451423,2.6690074841334113,False,with_edl_FULL,0.0001,,,z_O2,1.7142857142857142,
ofat_compare:z_O2:without_edl,8.314,96485.0,298.0,8.8541878128e-12,78.5,,0.1,3.041217889017721e-08,1.1e-08,1e-08,3.7e-08,1.0,0.00012,1.0,3.77e-05,0.005250617670899842,43.75514725749868,0.0016495690516077001,0.513,0.361,0.371,8.85e-05,0.0003878,0.5,0.37,-1.0,1.7142857142857142,0.1,0.834,80,1200,1e-10,12,True,True,True,False,False,1.0,warn,True,False,False,15,25,25,BOTH,BOTH,BOTH,0.1,10000.0,0.1,10000.0,0.0,1e-06,FULL,0.49157212957749513,0.06555361211259984,0.06555361211259984,1.993628178465674e-09,1.993628178465674e-09,7.0887740122316245e-12,7.0887740122316245e-12,2.1558506337202743e-19,2.1558506337202743e-19,True,brentq,12,1.0,0.0,0.0,0.0,0.0,0.0,True,without_edl,0.0001,,,z_O2,1.7142857142857142,
ofat_compare:z_O2:with_edl_FULL,8.314,96485.0,298.0,8.8541878128e-12,78.5,,0.1,3.041217889017721e-08,1.1e-08,1e-08,3.7e-08,1.0,0.00012,1.0,3.77e-05,0.005250617670899842,43.75514725749868,0.0016495690516077001,0.513,0.361,0.371,8.85e-05,0.0003878,0.5,0.37,-1.0,1.857142857142857,0.1,0.834,80,1200,1e-10,12,True,True,True,False,False,1.0,warn,True,False,False,15,25,25,BOTH,BOTH,BOTH,0.1,10000.0,0.1,10000.0,0.0,1e-06,FULL,0.4312249634387446,0.04763258681331206,0.04763258681331206,1.4486107511683424e-09,1.4486107511683424e-09,5.731526364627371e-15,5.731526364627371e-15,1.7430820511481465e-22,1.7430820511481465e-22,True,brentq,14,1.0,0.6248610819651622,-0.22580644470723008,0.32671611748407864,-0.11797227973451423,2.604544362376009,False,with_edl_FULL,0.0001,,,z_O2,1.857142857142857,
ofat_compare:z_O2:without_edl,8.314,96485.0,298.0,8.8541878128e-12,78.5,,0.1,3.041217889017721e-08,1.1e-08,1e-08,3.7e-08,1.0,0.00012,1.0,3.77e-05,0.005250617670899842,43.75514725749868,0.0016495690516077001,0.513,0.361,0.371,8.85e-05,0.0003878,0.5,0.37,-1.0,1.857142857142857,0.1,0.834,80,1200,1e-10,12,True,True,True,False,False,1.0,warn,True,False,False,15,25,25,BOTH,BOTH,BOTH,0.1,10000.0,0.1,10000.0,0.0,1e-06,FULL,0.49157212957749513,0.06555361211259984,0.06555361211259984,1.993628178465674e-09,1.993628178465674e-09,7.0887740122316245e-12,7.0887740122316245e-12,2.1558506337202743e-19,2.1558506337202743e-19,True,brentq,12,1.0,0.0,0.0,0.0,0.0,0.0,True,without_edl,0.0001,,,z_O2,1.857142857142857,
ofat_compare:z_O2:with_edl_FULL,8.314,96485.0,298.0,8.8541878128e-12,78.5,,0.1,3.041217889017721e-08,1.1e-08,1e-08,3.7e-08,1.0,0.00012,1.0,3.77e-05,0.005250617670899842,43.75514725749868,0.0016495690516077001,0.513,0.361,0.371,8.85e-05,0.0003878,0.5,0.37,-1.0,2.0,0.1,0.834,80,1200,1e-10,12,True,True,True,False,False,1.0,warn,True,False,False,15,25,25,BOTH,BOTH,BOTH,0.1,10000.0,0.1,10000.0,0.0,1e-06,FULL,0.42958136177963324,0.04520671363801855,0.04520671363801855,1.374834662196434e-09,1.374834662196434e-09,3.769713707857392e-11,3.769713707857392e-11,1.1464520764811222e-18,1.1464520764811222e-18,True,brentq,13,1.0,0.6248610819651622,-0.22580644470723008,0.32671611748407864,-0.11797227973451423,2.5435788101390777,False,with_edl_FULL,0.0001,,,z_O2,2.0,
ofat_compare:z_O2:without_edl,8.314,96485.0,298.0,8.8541878128e-12,78.5,,0.1,3.041217889017721e-08,1.1e-08,1e-08,3.7e-08,1.0,0.00012,1.0,3.77e-05,0.005250617670899842,43.75514725749868,0.0016495690516077001,0.513,0.361,0.371,8.85e-05,0.0003878,0.5,0.37,-1.0,2.0,0.1,0.834,80,1200,1e-10,12,True,True,True,False,False,1.0,warn,True,False,False,15,25,25,BOTH,BOTH,BOTH,0.1,10000.0,0.1,10000.0,0.0,1e-06,FULL,0.49157212957749513,0.06555361211259984,0.06555361211259984,1.993628178465674e-09,1.993628178465674e-09,7.0887740122316245e-12,7.0887740122316245e-12,2.1558506337202743e-19,2.1558506337202743e-19,True,brentq,12,1.0,0.0,0.0,0.0,0.0,0.0,True,without_edl,0.0001,,,z_O2,2.0,
