condition,C_tot_M,E_V,I_Au_A,I_Pd_A,I_Au_1e_minus_3_uA,I_Pd_1e_minus_3_uA,j_Au_A_per_m2,j_Pd_A_per_m2
with EDL,0.01,0.4,1.162217376780326e-15,-3.4534829974260474e-10,1.162217376780326e-06,-0.3453482997426047,5.8110868839016294e-05,-17.267414987130234
with EDL,0.01,0.4002502606882169,1.1718070522906367e-15,-3.4252208519977974e-10,1.1718070522906366e-06,-0.3425220851997797,5.8590352614531825e-05,-17.126104259988985
with EDL,0.01,0.4005005213764338,1.1814758540283048e-15,-3.3971899944793887e-10,1.1814758540283048e-06,-0.3397189994479389,5.907379270141523e-05,-16.98594997239694
with EDL,0.01,0.4007507820646507,1.1912244348788042e-15,-3.3693885320882516e-10,1.1912244348788041e-06,-0.33693885320882516,5.95612217439402e-05,-16.846942660441258
with EDL,0.01,0.4010010427528676,1.201053453114694e-15,-3.341814587531655e-10,1.201053453114694e-06,-0.3341814587531655,6.0052672655734695e-05,-16.709072937658274
with EDL,0.01,0.4012513034410845,1.2109635724400651e-15,-3.3144662988800244e-10,1.210963572440065e-06,-0.33144662988800244,6.0548178622003246e-05,-16.57233149440012
with EDL,0.01,0.4015015641293014,1.2209554620353464e-15,-3.2873418194412034e-10,1.2209554620353463e-06,-0.32873418194412035,6.104777310176731e-05,-16.436709097206016
with EDL,0.01,0.40175182481751825,1.2310297966025144e-15,-3.260439317635734e-10,1.2310297966025145e-06,-0.3260439317635734,6.155148983012571e-05,-16.302196588178667
with EDL,0.01,0.4020020855057352,1.2411872564106338e-15,-3.233756976873175e-10,1.2411872564106337e-06,-0.3233756976873175,6.205936282053169e-05,-16.168784884365873
with EDL,0.01,0.40225234619395206,1.2514285273417947e-15,-3.2072929954294727e-10,1.2514285273417948e-06,-0.32072929954294727,6.257142636708973e-05,-16.03646497714736
with EDL,0.01,0.40250260688216893,1.2617543009374366e-15,-3.1810455863252746e-10,1.2617543009374365e-06,-0.31810455863252746,6.308771504687183e-05,-15.90522793162637
with EDL,0.01,0.40275286757038586,1.2721652744450371e-15,-3.1550129772052463e-10,1.2721652744450371e-06,-0.31550129772052465,6.360826372225185e-05,-15.77506488602623
with EDL,0.01,0.40300312825860274,1.282662150865186e-15,-3.129193410218449e-10,1.282662150865186e-06,-0.3129193410218449,6.41331075432593e-05,-15.645967051092242
with EDL,0.01,0.4032533889468196,1.293245638999075e-15,-3.1035851418995816e-10,1.293245638999075e-06,-0.31035851418995813,6.466228194995374e-05,-15.517925709497906
with EDL,0.01,0.40350364963503654,1.3039164534963437e-15,-3.0781864430512785e-10,1.3039164534963437e-06,-0.30781864430512784,6.519582267481717e-05,-15.39093221525639
with EDL,0.01,0.4037539103232534,1.314675314903343e-15,-3.0529955986273674e-10,1.314675314903343e-06,-0.30529955986273677,6.573376574516715e-05,-15.264977993136835
with EDL,0.01,0.4040041710114703,1.325522949711786e-15,-3.0280109076170045e-10,1.3255229497117861e-06,-0.3028010907617005,6.62761474855893e-05,-15.140054538085021
with EDL,0.01,0.4042544316996872,1.3364600904078107e-15,-3.003230682929865e-10,1.3364600904078107e-06,-0.3003230682929865,6.682300452039053e-05,-15.016153414649322
with EDL,0.01,0.4045046923879041,1.3474874755214248e-15,-2.9786532512822135e-10,1.3474874755214248e-06,-0.29786532512822134,6.737437377607123e-05,-14.893266256411067
with EDL,0.01,0.40475495307612097,1.3586058496764013e-15,-2.954276953083899e-10,1.3586058496764013e-06,-0.2954276953083899,6.793029248382006e-05,-14.771384765419494
with EDL,0.01,0.40500521376433785,1.3698159636405372e-15,-2.930100142326287e-10,1.3698159636405373e-06,-0.2930100142326287,6.849079818202685e-05,-14.650500711631434
with EDL,0.01,0.4052554744525548,1.3811185743763626e-15,-2.906121186471141e-10,1.3811185743763626e-06,-0.29061211864711406,6.905592871881813e-05,-14.530605932355702
with EDL,0.01,0.40550573514077165,1.3925144450922376e-15,-2.8823384663403627e-10,1.3925144450922377e-06,-0.2882338466340363,6.962572225461187e-05,-14.411692331701813
with EDL,0.01,0.4057559958289885,1.4040043452939092e-15,-2.858750376006667e-10,1.4040043452939092e-06,-0.28587503760066674,7.020021726469545e-05,-14.293751880033335
with EDL,0.01,0.40600625651720545,1.4155890508364627e-15,-2.835355322685132e-10,1.4155890508364628e-06,-0.2835355322685132,7.077945254182313e-05,-14.176776613425659
with EDL,0.01,0.40625651720542233,1.4272693439766982e-15,-2.8121517266256714e-10,1.4272693439766982e-06,-0.2812151726625671,7.13634671988349e-05,-14.060758633128357
with EDL,0.01,0.4065067778936392,1.4390460134259773e-15,-2.7891380210063157e-10,1.4390460134259774e-06,-0.27891380210063155,7.195230067129886e-05,-13.945690105031577
with EDL,0.01,0.40675703858185613,1.4509198544034663e-15,-2.7663126518274524e-10,1.4509198544034663e-06,-0.2766312651827452,7.254599272017331e-05,-13.831563259137262
with EDL,0.01,0.407007299270073,1.4628916686898276e-15,-2.7436740778068946e-10,1.4628916686898275e-06,-0.27436740778068947,7.314458343449137e-05,-13.71837038903447
with EDL,0.01,0.4072575599582899,1.4749622646813755e-15,-2.7212207702757755e-10,1.4749622646813755e-06,-0.27212207702757757,7.374811323406877e-05,-13.606103851378876
with EDL,0.01,0.4075078206465068,1.487132457444658e-15,-2.698951213075331e-10,1.487132457444658e-06,-0.2698951213075331,7.43566228722329e-05,-13.494756065376654
with EDL,0.01,0.4077580813347237,1.4994030687714757e-15,-2.6768639024545595e-10,1.4994030687714756e-06,-0.26768639024545593,7.497015343857377e-05,-13.384319512272796
with EDL,0.01,0.40800834202294056,1.5117749272344051e-15,-2.6549573469686326e-10,1.5117749272344052e-06,-0.2654957346968633,7.558874636172025e-05,-13.274786734843161
with EDL,0.01,0.4082586027111575,1.5242488682427284e-15,-2.6332300673782155e-10,1.5242488682427285e-06,-0.26332300673782155,7.621244341213642e-05,-13.166150336891077
with EDL,0.01,0.40850886339937437,1.5368257340988378e-15,-2.6116805965495575e-10,1.5368257340988377e-06,-0.26116805965495576,7.684128670494188e-05,-13.058402982747786
with EDL,0.01,0.40875912408759124,1.5495063740551342e-15,-2.590307479355453e-10,1.5495063740551342e-06,-0.2590307479355453,7.74753187027567e-05,-12.951537396777262
with EDL,0.01,0.40900938477580817,1.5622916443713588e-15,-2.569109272576957e-10,1.5622916443713588e-06,-0.25691092725769565,7.811458221856793e-05,-12.845546362884782
with EDL,0.01,0.40925964546402505,1.5751824083724065e-15,-2.548084544805964e-10,1.5751824083724064e-06,-0.2548084544805964,7.875912041862032e-05,-12.740422724029818
with EDL,0.01,0.4095099061522419,1.5881795365066348e-15,-2.527231876348505e-10,1.5881795365066347e-06,-0.2527231876348505,7.940897682533173e-05,-12.636159381742525
with EDL,0.01,0.40976016684045885,1.6012839064046372e-15,-2.506549859128922e-10,1.6012839064046373e-06,-0.2506549859128922,8.006419532023186e-05,-12.53274929564461
with EDL,0.01,0.4100104275286757,1.6144964029384995e-15,-2.486037096594787e-10,1.6144964029384996e-06,-0.24860370965947867,8.072482014692496e-05,-12.430185482973933
with EDL,0.01,0.4102606882168926,1.627817918281554e-15,-2.465692203622576e-10,1.627817918281554e-06,-0.2465692203622576,8.139089591407769e-05,-12.328461018112877
with EDL,0.01,0.41051094890510953,1.641249351968633e-15,-2.4455138064241343e-10,1.641249351968633e-06,-0.24455138064241344,8.206246759843164e-05,-12.22756903212067
with EDL,0.01,0.4107612095933264,1.6547916109567819e-15,-2.425500542453973e-10,1.6547916109567818e-06,-0.2425500542453973,8.273958054783909e-05,-12.127502712269862
with EDL,0.01,0.4110114702815433,1.6684456096865386e-15,-2.4056510603171734e-10,1.6684456096865386e-06,-0.24056510603171735,8.342228048432691e-05,-12.028255301585867
with EDL,0.01,0.4112617309697602,1.68221227014366e-15,-2.385964019678203e-10,1.68221227014366e-06,-0.2385964019678203,8.4110613507183e-05,-11.929820098391014
with EDL,0.01,0.4115119916579771,1.6960925219213712e-15,-2.366438091170378e-10,1.6960925219213711e-06,-0.23664380911703778,8.480462609606855e-05,-11.832190455851887
with EDL,0.01,0.41176225234619396,1.7100873022831558e-15,-2.3470719563061104e-10,1.7100873022831557e-06,-0.23470719563061104,8.550436511415778e-05,-11.735359781530551
with EDL,0.01,0.4120125130344109,1.7241975562260383e-15,-2.327864307387857e-10,1.7241975562260383e-06,-0.2327864307387857,8.62098778113019e-05,-11.639321536939283
with EDL,0.01,0.41226277372262776,1.7384242365443835e-15,-2.3088138474198544e-10,1.7384242365443836e-06,-0.23088138474198544,8.692121182721917e-05,-11.54406923709927
with EDL,0.01,0.41251303441084464,1.7527683038942483e-15,-2.2899192900205032e-10,1.7527683038942483e-06,-0.22899192900205032,8.763841519471241e-05,-11.449596450102515
with EDL,0.01,0.41276329509906157,1.7672307268582457e-15,-2.2711793593355174e-10,1.7672307268582456e-06,-0.22711793593355173,8.836153634291228e-05,-11.355896796677586
with EDL,0.01,0.41301355578727844,1.781812482010943e-15,-2.2525927899517905e-10,1.781812482010943e-06,-0.22525927899517906,8.909062410054714e-05,-11.262963949758952
with EDL,0.01,0.4132638164754953,1.7965145539848138e-15,-2.2341583268119092e-10,1.7965145539848137e-06,-0.22341583268119092,8.982572769924067e-05,-11.170791634059546
with EDL,0.01,0.41351407716371225,1.811337935536721e-15,-2.2158747251294392e-10,1.8113379355367211e-06,-0.22158747251294392,9.056689677683606e-05,-11.079373625647195
with EDL,0.01,0.4137643378519291,1.826283627614939e-15,-2.1977407503048694e-10,1.826283627614939e-06,-0.21977407503048693,9.131418138074694e-05,-10.988703751524346
with EDL,0.01,0.414014598540146,1.841352639426773e-15,-2.179755177842228e-10,1.8413526394267732e-06,-0.2179755177842228,9.206763197133865e-05,-10.898775889211139
with EDL,0.01,0.4142648592283629,1.8565459885066825e-15,-2.1619167932663959e-10,1.8565459885066825e-06,-0.21619167932663957,9.282729942533412e-05,-10.809583966331978
with EDL,0.01,0.4145151199165798,1.8718647007849923e-15,-2.1442243920411373e-10,1.8718647007849923e-06,-0.21442243920411372,9.35932350392496e-05,-10.721121960205686
with EDL,0.01,0.4147653806047967,1.887309810657175e-15,-2.1266767794877104e-10,1.887309810657175e-06,-0.21266767794877103,9.436549053285875e-05,-10.63338389743855
with EDL,0.01,0.4150156412930136,1.902882361053703e-15,-2.109272770704234e-10,1.902882361053703e-06,-0.2109272770704234,9.514411805268514e-05,-10.54636385352117
with EDL,0.01,0.4152659019812305,1.9185834035104506e-15,-2.092011190485674e-10,1.9185834035104506e-06,-0.20920111904856742,9.592917017552253e-05,-10.46005595242837
with EDL,0.01,0.41551616266944735,1.934413998239731e-15,-2.074890873244472e-10,1.934413998239731e-06,-0.20748908732444718,9.672069991198653e-05,-10.37445436622236
with EDL,0.01,0.4157664233576642,1.9503752142018523e-15,-2.057910662931839e-10,1.9503752142018523e-06,-0.20579106629318392,9.75187607100926e-05,-10.289553314659194
with EDL,0.01,0.41601668404588116,1.9664681291773294e-15,-2.0410694129597098e-10,1.9664681291773294e-06,-0.20410694129597098,9.832340645886647e-05,-10.205347064798548
with EDL,0.01,0.41626694473409803,1.982693829839646e-15,-2.0243659861233176e-10,1.982693829839646e-06,-0.20243659861233176,9.913469149198228e-05,-10.121829930616586
with EDL,0.01,0.4165172054223149,1.9990534118286275e-15,-2.0077992545243893e-10,1.9990534118286275e-06,-0.20077992545243892,9.995267059143136e-05,-10.038996272621945
with EDL,0.01,0.41676746611053184,2.015547979824445e-15,-1.9913680994949835e-10,2.0155479798244452e-06,-0.19913680994949834,0.00010077739899122224,-9.956840497474916
with EDL,0.01,0.4170177267987487,2.0321786476221725e-15,-1.9750714115219828e-10,2.0321786476221723e-06,-0.19750714115219828,0.00010160893238110862,-9.875357057609913
with EDL,0.01,0.4172679874869656,2.048946538207035e-15,-1.9589080901721374e-10,2.0489465382070348e-06,-0.19589080901721373,0.00010244732691035174,-9.794540450860685
with EDL,0.01,0.4175182481751825,2.065852783830221e-15,-1.9428770440177817e-10,2.065852783830221e-06,-0.19428770440177817,0.00010329263919151104,-9.714385220088907
with EDL,0.01,0.4177685088633994,2.0828985260853297e-15,-1.9269771905631138e-10,2.0828985260853296e-06,-0.1926977190563114,0.00010414492630426647,-9.634885952815567
with EDL,0.01,0.41801876955161626,2.1000849159854674e-15,-1.911207456171134e-10,2.1000849159854674e-06,-0.1911207456171134,0.00010500424579927336,-9.55603728085567
with EDL,0.01,0.4182690302398332,2.117413114040975e-15,-1.8955667759911146e-10,2.117413114040975e-06,-0.18955667759911146,0.00010587065570204874,-9.477833879955572
with EDL,0.01,0.41851929092805007,2.1348842903377734e-15,-1.8800540938867153e-10,2.1348842903377735e-06,-0.18800540938867152,0.00010674421451688866,-9.400270469433575
with EDL,0.01,0.41876955161626694,2.1524996246163886e-15,-1.8646683623646502e-10,2.1524996246163885e-06,-0.186466836236465,0.00010762498123081941,-9.32334181182325
with EDL,0.01,0.4190198123044839,2.1702603063516073e-15,-1.8494085425039744e-10,2.170260306351607e-06,-0.18494085425039744,0.00010851301531758036,-9.247042712519871
with EDL,0.01,0.41927007299270075,2.188167534832801e-15,-1.8342736038859292e-10,2.1881675348328014e-06,-0.18342736038859292,0.00010940837674164005,-9.171368019429645
with EDL,0.01,0.4195203336809176,2.206222519244905e-15,-1.8192625245243512e-10,2.206222519244905e-06,-0.18192625245243513,0.00011031112596224523,-9.096312622621754
with EDL,0.01,0.41977059436913455,2.224426478750069e-15,-1.8043742907966577e-10,2.224426478750069e-06,-0.18043742907966578,0.00011122132393750342,-9.021871453983287
with EDL,0.01,0.4200208550573514,2.2427806425699665e-15,-1.7896078973754337e-10,2.2427806425699666e-06,-0.17896078973754337,0.00011213903212849831,-8.948039486877168
with EDL,0.01,0.4202711157455683,2.261286250068827e-15,-1.7749623471605124e-10,2.261286250068827e-06,-0.17749623471605125,0.00011306431250344134,-8.874811735802561
with EDL,0.01,0.42052137643378523,2.279944550837109e-15,-1.7604366512116643e-10,2.279944550837109e-06,-0.17604366512116643,0.00011399722754185543,-8.80218325605832
with EDL,0.01,0.4207716371220021,2.2987568047758666e-15,-1.746029828681813e-10,2.2987568047758664e-06,-0.1746029828681813,0.00011493784023879332,-8.730149143409063
with EDL,0.01,0.421021897810219,2.317724282181849e-15,-1.731740906750807e-10,2.317724282181849e-06,-0.1731740906750807,0.00011588621410909243,-8.658704533754033
with EDL,0.01,0.4212721584984359,2.3368482638332586e-15,-1.717568920559727e-10,2.3368482638332586e-06,-0.1717568920559727,0.00011684241319166291,-8.587844602798635
with EDL,0.01,0.4215224191866528,2.3561300410762353e-15,-1.7035129131457365e-10,2.3561300410762353e-06,-0.17035129131457366,0.00011780650205381176,-8.517564565728682
with EDL,0.01,0.42177267987486966,2.37557091591207e-15,-1.68957193537746e-10,2.3755709159120696e-06,-0.16895719353774602,0.00011877854579560348,-8.4478596768873
with EDL,0.01,0.4220229405630866,2.395172201085105e-15,-1.6757450458908935e-10,2.395172201085105e-06,-0.16757450458908935,0.00011975861005425523,-8.378725229454467
with EDL,0.01,0.42227320125130346,2.41493522017139e-15,-1.6620313110258498e-10,2.41493522017139e-06,-0.16620313110258497,0.00012074676100856949,-8.310156555129248
with EDL,0.01,0.42252346193952034,2.4348613076680503e-15,-1.6484298047628867e-10,2.4348613076680503e-06,-0.16484298047628868,0.0001217430653834025,-8.242149023814433
with EDL,0.01,0.42277372262773727,2.454951809083409e-15,-1.634939608660803e-10,2.454951809083409e-06,-0.16349396086608028,0.00012274759045417043,-8.174698043304014
with EDL,0.01,0.42302398331595414,2.4752080810278023e-15,-1.621559811794617e-10,2.475208081027802e-06,-0.1621559811794617,0.0001237604040513901,-8.107799058973084
with EDL,0.01,0.423274244004171,2.4956314913052426e-15,-1.6082895106940464e-10,2.4956314913052426e-06,-0.16082895106940465,0.00012478157456526212,-8.041447553470231
with EDL,0.01,0.42352450469238795,2.5162234190057504e-15,-1.5951278092824976e-10,2.51622341900575e-06,-0.15951278092824975,0.00012581117095028751,-7.975639046412486
with EDL,0.01,0.4237747653806048,2.5369852545984646e-15,-1.582073818816586e-10,2.5369852545984645e-06,-0.1582073818816586,0.00012684926272992322,-7.910369094082928
with EDL,0.01,0.4240250260688217,2.557918400025562e-15,-1.569126657826086e-10,2.557918400025562e-06,-0.1569126657826086,0.0001278959200012781,-7.845633289130428
with EDL,0.01,0.4242752867570386,2.579024268796912e-15,-1.5562854520544356e-10,2.579024268796912e-06,-0.15562854520544356,0.00012895121343984558,-7.781427260272177
with EDL,0.01,0.4245255474452555,2.600304286085495e-15,-1.543549334399702e-10,2.6003042860854953e-06,-0.1543549334399702,0.00013001521430427475,-7.717746671998508
with EDL,0.01,0.4247758081334724,2.621759888823694e-15,-1.530917444856016e-10,2.621759888823694e-06,-0.15309174448560162,0.00013108799444118467,-7.654587224280079
with EDL,0.01,0.42502606882168925,2.6433925258002798e-15,-1.5183889304555045e-10,2.6433925258002795e-06,-0.15183889304555045,0.00013216962629001398,-7.591944652277522
with EDL,0.01,0.4252763295099062,2.6652036577582554e-15,-1.5059629452107035e-10,2.6652036577582554e-06,-0.15059629452107035,0.00013326018288791275,-7.529814726053517
with EDL,0.01,0.42552659019812306,2.6871947574934857e-15,-1.4936386500574243e-10,2.687194757493486e-06,-0.14936386500574245,0.00013435973787467428,-7.468193250287121
with EDL,0.01,0.42577685088634,2.70936730995417e-15,-1.481415212798096e-10,2.70936730995417e-06,-0.1481415212798096,0.00013546836549770849,-7.407076063990479
with EDL,0.01,0.42602711157455686,2.7317228123410674e-15,-1.4692918080455792e-10,2.7317228123410673e-06,-0.1469291808045579,0.00013658614061705336,-7.346459040227895
with EDL,0.01,0.42627737226277373,2.754262774208644e-15,-1.4572676171674226e-10,2.754262774208644e-06,-0.14572676171674226,0.0001377131387104322,-7.286338085837112
with EDL,0.01,0.4265276329509906,2.7769887175669838e-15,-1.4453418282305811e-10,2.776988717566984e-06,-0.1445341828230581,0.00013884943587834917,-7.226709141152905
with EDL,0.01,0.42677789363920754,2.799902176984565e-15,-1.4335136359466037e-10,2.799902176984565e-06,-0.14335136359466036,0.00013999510884922823,-7.167568179733017
with EDL,0.01,0.4270281543274244,2.8230046996918716e-15,-1.4217822416172537e-10,2.8230046996918715e-06,-0.14217822416172538,0.00014115023498459357,-7.108911208086267
with EDL,0.01,0.4272784150156413,2.84629784568589e-15,-1.4101468530805682e-10,2.84629784568589e-06,-0.1410146853080568,0.00014231489228429449,-7.0507342654028395
with EDL,0.01,0.4275286757038582,2.869783187835437e-15,-1.3986066846573639e-10,2.869783187835437e-06,-0.1398606684657364,0.00014348915939177184,-6.9930334232868185
with EDL,0.01,0.4277789363920751,2.893462311987345e-15,-1.3871609570982076e-10,2.8934623119873453e-06,-0.13871609570982077,0.00014467311559936724,-6.935804785491038
with EDL,0.01,0.42802919708029197,2.9173368170735962e-15,-1.3758088975307717e-10,2.917336817073596e-06,-0.13758088975307717,0.0001458668408536798,-6.879044487653857
with EDL,0.01,0.4282794577685089,2.941408315219258e-15,-1.3645497394076582e-10,2.941408315219258e-06,-0.13645497394076583,0.0001470704157609629,-6.822748697038291
with EDL,0.01,0.42852971845672577,2.965678431851332e-15,-1.353382722454637e-10,2.9656784318513317e-06,-0.13533827224546371,0.0001482839215925666,-6.766913612273185
with EDL,0.01,0.42877997914494265,2.9901488058085403e-15,-1.342307092619308e-10,2.9901488058085403e-06,-0.1342307092619308,0.000149507440290427,-6.711535463096539
with EDL,0.01,0.4290302398331596,3.0148210894519804e-15,-1.3313221020201742e-10,3.0148210894519802e-06,-0.1331322102020174,0.000150741054472599,-6.65661051010087
with EDL,0.01,0.42928050052137645,3.039696948776662e-15,-1.320427008896163e-10,3.039696948776662e-06,-0.1320427008896163,0.00015198484743883308,-6.602135044480815
with EDL,0.01,0.4295307612095933,3.0647780635240614e-15,-1.3096210775565173e-10,3.0647780635240614e-06,-0.13096210775565173,0.00015323890317620306,-6.548105387782586
with EDL,0.01,0.42978102189781026,3.0900661272955186e-15,-1.2989035783311273e-10,3.0900661272955187e-06,-0.12989035783311273,0.00015450330636477592,-6.494517891655636
with EDL,0.01,0.43003128258602713,3.115562847666588e-15,-1.2882737875212592e-10,3.115562847666588e-06,-0.1288273787521259,0.00015577814238332938,-6.4413689376062955
with EDL,0.01,0.430281543274244,3.1412699463023635e-15,-1.2777309873506878e-10,3.1412699463023636e-06,-0.12777309873506879,0.00015706349731511816,-6.388654936753439
with EDL,0.01,0.43053180396246093,3.1671891590737257e-15,-1.2672744659172205e-10,3.167189159073726e-06,-0.12672744659172205,0.00015835945795368626,-6.336372329586101
with EDL,0.01,0.4307820646506778,3.193322236174525e-15,-1.2569035171446444e-10,3.193322236174525e-06,-0.12569035171446444,0.00015966611180872624,-6.284517585723221
with EDL,0.01,0.4310323253388947,3.2196709422398285e-15,-1.2466174407350302e-10,3.2196709422398286e-06,-0.12466174407350303,0.0001609835471119914,-6.23308720367515
with EDL,0.01,0.4312825860271116,3.2462370564650285e-15,-1.2364155421214508e-10,3.2462370564650284e-06,-0.12364155421214508,0.00016231185282325142,-6.182077710607253
with EDL,0.01,0.4315328467153285,3.2730223727259917e-15,-1.2262971324210905e-10,3.2730223727259916e-06,-0.12262971324210904,0.00016365111863629958,-6.131485662105452
with EDL,0.01,0.43178310740354536,3.300028699700194e-15,-1.216261528388707e-10,3.300028699700194e-06,-0.1216261528388707,0.0001650014349850097,-6.081307641943534
with EDL,0.01,0.4320333680917623,3.327257860988867e-15,-1.2063080523705127e-10,3.3272578609888673e-06,-0.12063080523705128,0.00016636289304944335,-6.031540261852562
with EDL,0.01,0.43228362877997917,3.3547116952400852e-15,-1.1964360322584166e-10,3.354711695240085e-06,-0.11964360322584167,0.00016773558476200425,-5.982180161292082
with EDL,0.01,0.43253388946819604,3.382392056272994e-15,-1.1866448014446304e-10,3.382392056272994e-06,-0.11866448014446304,0.00016911960281364968,-5.933224007223151
with EDL,0.01,0.432784150156413,3.4103008132029327e-15,-1.176933698776653e-10,3.4103008132029327e-06,-0.1176933698776653,0.00017051504066014663,-5.884668493883264
with EDL,0.01,0.43303441084462985,3.4384398505676662e-15,-1.1673020685126485e-10,3.438439850567666e-06,-0.11673020685126485,0.0001719219925283833,-5.836510342563241
with EDL,0.01,0.4332846715328467,3.4668110684546422e-15,-1.1577492602771375e-10,3.4668110684546423e-06,-0.11577492602771375,0.00017334055342273208,-5.788746301385687
with EDL,0.01,0.43353493222106365,3.495416382629302e-15,-1.1482746290171018e-10,3.495416382629302e-06,-0.11482746290171018,0.00017477081913146509,-5.741373145085508
with EDL,0.01,0.4337851929092805,3.524257724664385e-15,-1.1388775349584239e-10,3.524257724664385e-06,-0.11388775349584239,0.00017621288623321922,-5.694387674792119
with EDL,0.01,0.4340354535974974,3.5533370420704475e-15,-1.129557343562679e-10,3.5533370420704476e-06,-0.1129557343562679,0.00017766685210352236,-5.6477867178133945
with EDL,0.01,0.4342857142857143,3.582656298427309e-15,-1.1203134254842878e-10,3.582656298427309e-06,-0.11203134254842878,0.00017913281492136545,-5.601567127421439
with EDL,0.01,0.4345359749739312,3.612217473516665e-15,-1.1111451565280305e-10,3.612217473516665e-06,-0.11111451565280304,0.00018061087367583325,-5.555725782640152
with EDL,0.01,0.4347862356621481,3.642022563455744e-15,-1.1020519176068883e-10,3.642022563455744e-06,-0.11020519176068884,0.00018210112817278719,-5.510259588034441
with EDL,0.01,0.435036496350365,3.672073580832149e-15,-1.0930330947002419e-10,3.6720735808321487e-06,-0.10930330947002419,0.0001836036790416074,-5.465165473501209
with EDL,0.01,0.4352867570385819,3.7023725548396764e-15,-1.0840880788124152e-10,3.7023725548396766e-06,-0.10840880788124152,0.00018511862774198379,-5.420440394062076
with EDL,0.01,0.43553701772679876,3.732921531415429e-15,-1.0752162659315459e-10,3.732921531415429e-06,-0.10752162659315459,0.00018664607657077145,-5.376081329657729
with EDL,0.01,0.43578727841501563,3.763722573377901e-15,-1.0664170569887968e-10,3.763722573377901e-06,-0.10664170569887968,0.00018818612866889503,-5.332085284943983
with EDL,0.01,0.43603753910323256,3.794777760566305e-15,-1.0576898578179134e-10,3.7947777605663053e-06,-0.10576898578179134,0.00018973888802831525,-5.2884492890895665
with EDL,0.01,0.43628779979144944,3.826089189980986e-15,-1.0490340791151041e-10,3.826089189980986e-06,-0.10490340791151041,0.0001913044594990493,-5.24517039557552
with EDL,0.01,0.43653806047966637,3.857658975925062e-15,-1.0404491363992282e-10,3.857658975925062e-06,-0.10404491363992281,0.00019288294879625309,-5.20224568199614
with EDL,0.01,0.43678832116788324,3.889489250147123e-15,-1.0319344499723559e-10,3.889489250147122e-06,-0.10319344499723558,0.0001944744625073561,-5.159672249861779
with EDL,0.01,0.4370385818561001,3.921582161985251e-15,-1.0234894448806026e-10,3.921582161985251e-06,-0.10234894448806027,0.00019607910809926252,-5.117447224403013
with EDL,0.01,0.437288842544317,3.9539398785121205e-15,-1.015113550875318e-10,3.953939878512121e-06,-0.1015113550875318,0.000197696993925606,-5.075567754376589
with EDL,0.01,0.4375391032325339,3.986564584681334e-15,-1.0068062023745665e-10,3.986564584681334e-06,-0.10068062023745665,0.00019932822923406668,-5.034031011872832
with EDL,0.01,0.4377893639207508,4.019458483474949e-15,-9.985668384249575e-11,4.019458483474949e-06,-0.09985668384249576,0.00020097292417374743,-4.992834192124787
with EDL,0.01,0.43803962460896767,4.052623796052249e-15,-9.903949026637468e-11,4.052623796052249e-06,-0.09903949026637468,0.00020263118980261242,-4.951974513318733
with EDL,0.01,0.4382898852971846,4.086062761899742e-15,-9.822898432812775e-11,4.086062761899743e-06,-0.09822898432812775,0.0002043031380949871,-4.911449216406387
with EDL,0.01,0.4385401459854015,4.119777638982317e-15,-9.742511129837184e-11,4.119777638982317e-06,-0.09742511129837184,0.00020598888194911584,-4.871255564918592
with EDL,0.01,0.43879040667361835,4.153770703895805e-15,-9.662781689561069e-11,4.153770703895805e-06,-0.09662781689561069,0.00020768853519479024,-4.831390844780534
with EDL,0.01,0.4390406673618353,4.18804425202064e-15,-9.583704728256959e-11,4.18804425202064e-06,-0.09583704728256959,0.00020940221260103197,-4.791852364128479
with EDL,0.01,0.43929092805005215,4.2226005976768704e-15,-9.505274906256001e-11,4.22260059767687e-06,-0.09505274906256,0.0002111300298838435,-4.752637453128
with EDL,0.01,0.43954118873826903,4.257442074280449e-15,-9.4274869275874e-11,4.257442074280449e-06,-0.094274869275874,0.00021287210371402241,-4.7137434637936995
with EDL,0.01,0.43979144942648596,4.292571034500793e-15,-9.350335539620805e-11,4.292571034500793e-06,-0.09350335539620805,0.00021462855172503964,-4.675167769810402
with EDL,0.01,0.44004171011470283,4.327989850419604e-15,-9.273815532711632e-11,4.327989850419604e-06,-0.09273815532711632,0.00021639949252098018,-4.636907766355816
with EDL,0.01,0.4402919708029197,4.363700913691105e-15,-9.197921739849281e-11,4.363700913691105e-06,-0.09197921739849281,0.00021818504568455523,-4.59896086992464
with EDL,0.01,0.44054223149113664,4.399706635703518e-15,-9.122649036308223e-11,4.399706635703518e-06,-0.09122649036308222,0.00021998533178517585,-4.561324518154111
with EDL,0.01,0.4407924921793535,4.4360094477418645e-15,-9.047992339301969e-11,4.436009447741865e-06,-0.09047992339301969,0.0002218004723870932,-4.523996169650984
with EDL,0.01,0.4410427528675704,4.4726118011521775e-15,-8.973946607639852e-11,4.472611801152177e-06,-0.08973946607639853,0.00022363059005760884,-4.4869733038199255
with EDL,0.01,0.4412930135557873,4.509516167507009e-15,-8.900506841386608e-11,4.509516167507009e-06,-0.08900506841386607,0.00022547580837535043,-4.450253420693303
with EDL,0.01,0.4415432742440042,4.546725038772289e-15,-8.82766808152477e-11,4.5467250387722895e-06,-0.0882766808152477,0.00022733625193861444,-4.413834040762385
with EDL,0.01,0.44179353493222107,4.584240927475674e-15,-8.755425409619807e-11,4.584240927475674e-06,-0.08755425409619806,0.00022921204637378365,-4.377712704809903
with EDL,0.01,0.442043795620438,4.622066366876151e-15,-8.683773947487983e-11,4.622066366876151e-06,-0.08683773947487983,0.0002311033183438075,-4.341886973743991
with EDL,0.01,0.44229405630865487,4.6602039111350844e-15,-8.612708856867045e-11,4.660203911135084e-06,-0.08612708856867045,0.00023301019555675421,-4.306354428433522
with EDL,0.01,0.44254431699687174,4.698656135488732e-15,-8.542225339089362e-11,4.698656135488732e-06,-0.08542225339089363,0.00023493280677443657,-4.271112669544681
with EDL,0.01,0.4427945776850887,4.737425636422121e-15,-8.472318634758035e-11,4.7374256364221205e-06,-0.08472318634758035,0.00023687128182110602,-4.236159317379017
with EDL,0.01,0.44304483837330555,4.776515031844322e-15,-8.402984023425501e-11,4.776515031844322e-06,-0.08402984023425501,0.00023882575159221608,-4.20149201171275
with EDL,0.01,0.4432950990615224,4.815926961265305e-15,-8.334216823274721e-11,4.815926961265305e-06,-0.08334216823274722,0.00024079634806326524,-4.1671084116373605
with EDL,0.01,0.44354535974973935,4.8556640859741404e-15,-8.266012390803037e-11,4.85566408597414e-06,-0.08266012390803038,0.000242783204298707,-4.133006195401518
with EDL,0.01,0.44379562043795623,4.895729089218676e-15,-8.19836612050874e-11,4.8957290892186755e-06,-0.0819836612050874,0.00024478645446093377,-4.0991830602543695
with EDL,0.01,0.4440458811261731,4.936124676386768e-15,-8.131273444579947e-11,4.936124676386768e-06,-0.08131273444579946,0.00024680623381933837,-4.065636722289973
with EDL,0.01,0.44429614181439003,4.976853575188934e-15,-8.064729832586226e-11,4.9768535751889345e-06,-0.08064729832586226,0.0002488426787594467,-4.032364916293113
with EDL,0.01,0.4445464025026069,5.017918535842514e-15,-7.998730791172667e-11,5.017918535842514e-06,-0.07998730791172667,0.0002508959267921257,-3.999365395586333
with EDL,0.01,0.4447966631908238,5.059322331257454e-15,-7.933271863756483e-11,5.059322331257454e-06,-0.07933271863756483,0.00025296611656287267,-3.966635931878241
with EDL,0.01,0.44504692387904066,5.101067757223496e-15,-7.868348630226021e-11,5.101067757223496e-06,-0.07868348630226021,0.0002550533878611748,-3.93417431511301
with EDL,0.01,0.4452971845672576,5.143157632598963e-15,-7.803956706642365e-11,5.143157632598963e-06,-0.07803956706642365,0.00025715788162994813,-3.901978353321182
with EDL,0.01,0.44554744525547446,5.1855947995011084e-15,-7.740091744943313e-11,5.185594799501108e-06,-0.07740091744943313,0.0002592797399750554,-3.870045872471656
with EDL,0.01,0.4457977059436914,5.228382123498064e-15,-7.676749432649704e-11,5.228382123498063e-06,-0.07676749432649704,0.00026141910617490316,-3.838374716324852
with EDL,0.01,0.44604796663190827,5.271522493802242e-15,-7.61392549257427e-11,5.271522493802242e-06,-0.07613925492574271,0.0002635761246901121,-3.8069627462871347
with EDL,0.01,0.44629822732012514,5.3150188234655586e-15,-7.551615682532821e-11,5.315018823465558e-06,-0.07551615682532821,0.0002657509411732779,-3.7758078412664102
with EDL,0.01,0.446548488008342,5.358874049576035e-15,-7.48981579505774e-11,5.358874049576035e-06,-0.0748981579505774,0.0002679437024788017,-3.7449078975288694
with EDL,0.01,0.44679874869655894,5.403091133456184e-15,-7.428521657113934e-11,5.403091133456184e-06,-0.07428521657113935,0.0002701545566728092,-3.714260828556967
with EDL,0.01,0.4470490093847758,5.447673060862931e-15,-7.367729129817065e-11,5.4476730608629305e-06,-0.07367729129817065,0.00027238365304314653,-3.683864564908532
with EDL,0.01,0.44729927007299275,5.49262284218928e-15,-7.307434108153972e-11,5.49262284218928e-06,-0.07307434108153972,0.00027463114210946396,-3.6537170540769854
with EDL,0.01,0.4475495307612096,5.537943512667497e-15,-7.247632520705611e-11,5.537943512667497e-06,-0.07247632520705612,0.00027689717563337483,-3.6238162603528052
with EDL,0.01,0.4477997914494265,5.583638132574173e-15,-7.188320329371991e-11,5.583638132574172e-06,-0.07188320329371992,0.0002791819066287086,-3.594160164685995
with EDL,0.01,0.4480500521376434,5.6297097874368085e-15,-7.129493529099637e-11,5.629709787436809e-06,-0.07129493529099637,0.0002814854893718404,-3.564746764549818
with EDL,0.01,0.4483003128258603,5.676161588242184e-15,-7.07114814761101e-11,5.676161588242184e-06,-0.0707114814761101,0.00028380807941210914,-3.535574073805505
with EDL,0.01,0.4485505735140772,5.7229966716464e-15,-7.013280245136485e-11,5.7229966716464e-06,-0.07013280245136486,0.00028614983358231995,-3.506640122568242
with EDL,0.01,0.44880083420229405,5.770218200186714e-15,-6.955885914148063e-11,5.770218200186714e-06,-0.06955885914148063,0.0002885109100093357,-3.4779429570740312
with EDL,0.01,0.449051094890511,5.817829362495083e-15,-6.898961279095702e-11,5.817829362495083e-06,-0.06898961279095703,0.0002908914681247541,-3.449480639547851
with EDL,0.01,0.44930135557872786,5.865833373513436e-15,-6.842502496145554e-11,5.865833373513436e-06,-0.06842502496145554,0.0002932916686756718,-3.4212512480727764
with EDL,0.01,0.44955161626694473,5.914233474710841e-15,-6.786505752920409e-11,5.91423347471084e-06,-0.06786505752920409,0.000295711673735542,-3.3932528764602043
with EDL,0.01,0.44980187695516166,5.963032934302313e-15,-6.730967268242266e-11,5.9630329343023126e-06,-0.06730967268242266,0.0002981516467151156,-3.365483634121133
with EDL,0.01,0.45005213764337854,6.0122350474695316e-15,-6.675883291877062e-11,6.012235047469532e-06,-0.06675883291877062,0.00030061175237347656,-3.337941645938531
with EDL,0.01,0.4503023983315954,6.061843136583357e-15,-6.621250104281319e-11,6.061843136583357e-06,-0.06621250104281319,0.0003030921568291678,-3.310625052140659
with EDL,0.01,0.45055265901981234,6.1118605514281615e-15,-6.567064016351096e-11,6.111860551428161e-06,-0.06567064016351096,0.00030559302757140805,-3.283532008175548
with EDL,0.01,0.4508029197080292,6.162290669427973e-15,-6.513321369172839e-11,6.162290669427974e-06,-0.06513321369172839,0.00030811453347139863,-3.256660684586419
with EDL,0.01,0.4510531803962461,6.213136895874643e-15,-6.460018533776306e-11,6.213136895874643e-06,-0.06460018533776306,0.0003106568447937321,-3.2300092668881524
with EDL,0.01,0.451303441084463,6.264402664157717e-15,-6.40715191088952e-11,6.264402664157717e-06,-0.06407151910889519,0.0003132201332078858,-3.2035759554447596
with EDL,0.01,0.4515537017726799,6.316091435996272e-15,-6.354717930695782e-11,6.3160914359962725e-06,-0.06354717930695782,0.0003158045717998136,-3.1773589653478904
with EDL,0.01,0.45180396246089677,6.368206701672696e-15,-6.302713052592509e-11,6.368206701672696e-06,-0.0630271305259251,0.00031841033508363476,-3.151356526296254
with EDL,0.01,0.4520542231491137,6.42075198026836e-15,-6.251133764952252e-11,6.42075198026836e-06,-0.06251133764952252,0.00032103759901341795,-3.1255668824761256
with EDL,0.01,0.4523044838373306,6.47373081990121e-15,-6.199976584885579e-11,6.4737308199012105e-06,-0.06199976584885579,0.0003236865409950605,-3.099988292442789
with EDL,0.01,0.45255474452554745,6.5271467979654324e-15,-6.149238058005782e-11,6.527146797965432e-06,-0.06149238058005782,0.0003263573398982716,-3.074619029002891
with EDL,0.01,0.4528050052137644,6.581003521372939e-15,-6.098914758195738e-11,6.581003521372939e-06,-0.06098914758195738,0.0003290501760686469,-3.049457379097869
with EDL,0.01,0.45305526590198125,6.6353046267969655e-15,-6.04900328737653e-11,6.635304626796965e-06,-0.0604900328737653,0.00033176523133984824,-3.024501643688265
with EDL,0.01,0.4533055265901981,6.690053780917616e-15,-5.999500275277958e-11,6.6900537809176155e-06,-0.05999500275277958,0.00033450268904588077,-2.9997501376389786
with EDL,0.01,0.45355578727841506,6.745254680669499e-15,-5.95040237921095e-11,6.745254680669499e-06,-0.0595040237921095,0.0003372627340334749,-2.975201189605475
with EDL,0.01,0.45380604796663193,6.800911053491272e-15,-5.901706283841944e-11,6.800911053491272e-06,-0.05901706283841944,0.0003400455526745636,-2.950853141920972
with EDL,0.01,0.4540563086548488,6.8570266575774365e-15,-5.853408700968924e-11,6.857026657577436e-06,-0.058534087009689234,0.0003428513328788718,-2.9267043504844614
with EDL,0.01,0.45430656934306574,6.913605282132068e-15,-5.805506369299379e-11,6.913605282132068e-06,-0.05805506369299379,0.00034568026410660335,-2.902753184649689
with EDL,0.01,0.4545568300312826,6.970650747624668e-15,-5.7579960542301884e-11,6.9706507476246675e-06,-0.05757996054230188,0.00034853253738123335,-2.878998027115094
with EDL,0.01,0.4548070907194995,7.028166906048158e-15,-5.710874547629094e-11,7.028166906048158e-06,-0.05710874547629094,0.00035140834530240786,-2.855437273814547
with EDL,0.01,0.4550573514077164,7.086157641178996e-15,-5.664138667618127e-11,7.086157641178997e-06,-0.05664138667618127,0.0003543078820589498,-2.8320693338090632
with EDL,0.01,0.4553076120959333,7.144626868839373e-15,-5.617785258358739e-11,7.144626868839373e-06,-0.05617785258358739,0.0003572313434419686,-2.808892629179369
with EDL,0.01,0.45555787278415016,7.203578537161713e-15,-5.571811189838713e-11,7.2035785371617125e-06,-0.05571811189838713,0.0003601789268580856,-2.785905594919356
with EDL,0.01,0.45580813347236704,7.263016626855222e-15,-5.526213357660772e-11,7.263016626855222e-06,-0.055262133576607725,0.0003631508313427611,-2.7631066788303857
with EDL,0.01,0.45605839416058397,7.322945151474684e-15,-5.480988682833006e-11,7.322945151474685e-06,-0.05480988682833006,0.0003661472575737342,-2.7404943414165026
with EDL,0.01,0.45630865484880084,7.383368157691462e-15,-5.436134111560959e-11,7.383368157691462e-06,-0.05436134111560959,0.00036916840788457303,-2.7180670557804794
with EDL,0.01,0.4565589155370178,7.444289725566818e-15,-5.3916466150413736e-11,7.444289725566818e-06,-0.05391646615041373,0.0003722144862783409,-2.6958233075206866
with EDL,0.01,0.45680917622523465,7.50571396882731e-15,-5.347523189257713e-11,7.5057139688273105e-06,-0.05347523189257713,0.00037528569844136545,-2.673761594628856
with EDL,0.01,0.4570594369134515,7.567645035142686e-15,-5.303760854777311e-11,7.567645035142686e-06,-0.05303760854777311,0.00037838225175713426,-2.6518804273886554
with EDL,0.01,0.4573096976016684,7.630087106405872e-15,-5.260356656550152e-11,7.630087106405872e-06,-0.052603566565501525,0.0003815043553202936,-2.630178328275076
with EDL,0.01,0.4575599582898853,7.693044399015413e-15,-5.217307663709373e-11,7.693044399015413e-06,-0.05217307663709373,0.0003846522199507706,-2.6086538318546864
with EDL,0.01,0.4578102189781022,7.756521164160107e-15,-5.174610969373364e-11,7.756521164160106e-06,-0.05174610969373364,0.00038782605820800533,-2.5873054846866816
with EDL,0.01,0.45806047966631913,7.820521688106192e-15,-5.1322636904494167e-11,7.820521688106191e-06,-0.051322636904494165,0.00039102608440530956,-2.566131845224708
with EDL,0.01,0.458310740354536,7.88505029248659e-15,-5.090262967439136e-11,7.88505029248659e-06,-0.05090262967439136,0.00039425251462432947,-2.5451314837195675
with EDL,0.01,0.4585610010427529,7.95011133459293e-15,-5.048605964245243e-11,7.95011133459293e-06,-0.05048605964245243,0.0003975055667296465,-2.5243029821226215
with EDL,0.01,0.45881126173096975,8.015709207669645e-15,-5.0072898679801675e-11,8.015709207669644e-06,-0.05007289867980168,0.00040078546038348217,-2.5036449339900835
with EDL,0.01,0.4590615224191867,8.081848341210678e-15,-4.966311888776045e-11,8.081848341210678e-06,-0.04966311888776045,0.00040409241706053383,-2.483155944388022
with EDL,0.01,0.45931178310740356,8.148533201258507e-15,-4.9256692595963885e-11,8.148533201258506e-06,-0.04925669259596389,0.0004074266600629253,-2.462834629798194
with EDL,0.01,0.45956204379562043,8.215768290705832e-15,-4.885359236049159e-11,8.215768290705832e-06,-0.04885359236049159,0.00041078841453529155,-2.442679618024579
with EDL,0.01,0.45981230448383736,8.283558149599573e-15,-4.8453790962015326e-11,8.283558149599573e-06,-0.048453790962015325,0.00041417790747997864,-2.422689548100766
with EDL,0.01,0.46006256517205424,8.351907355447379e-15,-4.805726140396062e-11,8.35190735544738e-06,-0.04805726140396062,0.0004175953677723689,-2.402863070198031
with EDL,0.01,0.4603128258602711,8.420820523526826e-15,-4.766397691068391e-11,8.420820523526826e-06,-0.04766397691068391,0.00042104102617634124,-2.3831988455341953
with EDL,0.01,0.46056308654848804,8.490302307197028e-15,-4.727391092566442e-11,8.490302307197028e-06,-0.047273910925664415,0.0004245151153598514,-2.3636955462832208
with EDL,0.01,0.4608133472367049,8.560357398212802e-15,-4.688703710971135e-11,8.560357398212802e-06,-0.04688703710971135,0.00042801786991064004,-2.3443518554855673
with EDL,0.01,0.4610636079249218,8.630990527041568e-15,-4.650332933918452e-11,8.630990527041569e-06,-0.046503329339184524,0.00043154952635207833,-2.325166466959226
with EDL,0.01,0.4613138686131387,8.702206463182715e-15,-4.612276170423115e-11,8.702206463182716e-06,-0.04612276170423115,0.0004351103231591357,-2.306138085211557
with EDL,0.01,0.4615641293013556,8.774010015489627e-15,-4.5745308507035933e-11,8.774010015489627e-06,-0.04574530850703593,0.00043870050077448133,-2.2872654253517966
with EDL,0.01,0.46181438998957247,8.846406032494519e-15,-4.5370944260085866e-11,8.846406032494519e-06,-0.045370944260085866,0.00044232030162472585,-2.268547213004293
with EDL,0.01,0.4620646506777894,8.91939940273572e-15,-4.499964368444909e-11,8.91939940273572e-06,-0.044999643684449094,0.00044596997013678595,-2.2499821842224543
with EDL,0.01,0.4623149113660063,8.992995055087826e-15,-4.463138170806838e-11,8.992995055087826e-06,-0.04463138170806838,0.00044964975275439125,-2.231569085403419
with EDL,0.01,0.46256517205422315,9.067197959094499e-15,-4.426613346406731e-11,9.067197959094498e-06,-0.04426613346406731,0.00045335989795472487,-2.2133066732033653
with EDL,0.01,0.4628154327424401,9.142013125304089e-15,-4.390387428907188e-11,9.14201312530409e-06,-0.04390387428907188,0.0004571006562652044,-2.195193714453594
with EDL,0.01,0.46306569343065695,9.217445605607845e-15,-4.354457972154501e-11,9.217445605607845e-06,-0.043544579721545004,0.0004608722802803922,-2.17722898607725
with EDL,0.01,0.46331595411887383,9.293500493581217e-15,-4.318822550013446e-11,9.293500493581216e-06,-0.04318822550013446,0.00046467502467906083,-2.1594112750067227
with EDL,0.01,0.4635662148070907,9.370182924827638e-15,-4.2834787562034627e-11,9.37018292482764e-06,-0.042834787562034626,0.0004685091462413819,-2.141739378101731
with EDL,0.01,0.46381647549530763,9.447498077325434e-15,-4.2484242041361956e-11,9.447498077325435e-06,-0.042484242041361954,0.00047237490386627167,-2.1242121020680975
with EDL,0.01,0.4640667361835245,9.525451171777367e-15,-4.2136565267543437e-11,9.525451171777367e-06,-0.04213656526754344,0.00047627255858886827,-2.1068282633771718
with EDL,0.01,0.46431699687174144,9.60404747196326e-15,-4.179173376371786e-11,9.60404747196326e-06,-0.04179173376371786,0.000480202373598163,-2.089586688185893
with EDL,0.01,0.4645672575599583,9.683292285095283e-15,-4.144972424515081e-11,9.683292285095282e-06,-0.04144972424515081,0.0004841646142547641,-2.0724862122575405
with EDL,0.01,0.4648175182481752,9.763190962176514e-15,-4.111051361766239e-11,9.763190962176513e-06,-0.04111051361766239,0.00048815954810882563,-2.055525680883119
with EDL,0.01,0.46506777893639206,9.843748898362116e-15,-4.077407897606762e-11,9.843748898362115e-06,-0.040774078976067614,0.0004921874449181058,-2.0387039488033807
with EDL,0.01,0.465318039624609,9.924971533323742e-15,-4.044039760262993e-11,9.924971533323743e-06,-0.040440397602629935,0.000496248576666187,-2.0220198801314964
with EDL,0.01,0.46556830031282587,1.0006864351616748e-14,-4.010944696552709e-11,1.0006864351616748e-05,-0.04010944696552709,0.0005003432175808373,-2.005472348276354
with EDL,0.01,0.4658185610010428,1.0089432883050663e-14,-3.978120471732967e-11,1.0089432883050663e-05,-0.03978120471732967,0.0005044716441525331,-1.9890602358664835
with EDL,0.01,0.46606882168925967,1.017268270306243e-14,-3.94556486934922e-11,1.017268270306243e-05,-0.0394556486934922,0.0005086341351531214,-1.9727824346746097
with EDL,0.01,0.46631908237747655,1.025661943309308e-14,-3.91327569108563e-11,1.0256619433093079e-05,-0.039132756910856305,0.0005128309716546539,-1.956637845542815
with EDL,0.01,0.4665693430656934,1.0341248740967122e-14,-3.8812507566166464e-11,1.0341248740967122e-05,-0.038812507566166464,0.000517062437048356,-1.940625378308323
with EDL,0.01,0.46681960375391035,1.042657634127544e-14,-3.8494879034597656e-11,1.042657634127544e-05,-0.038494879034597654,0.0005213288170637719,-1.9247439517298826
with EDL,0.01,0.4670698644421272,1.0512607995761027e-14,-3.817984986829518e-11,1.0512607995761027e-05,-0.03817984986829518,0.0005256303997880513,-1.9089924934147589
with EDL,0.01,0.46732012513034416,1.0599349513708174e-14,-3.786739879492636e-11,1.0599349513708174e-05,-0.03786739879492636,0.0005299674756854086,-1.8933699397463177
with EDL,0.01,0.46757038581856103,1.0686806752334585e-14,-3.755750471624417e-11,1.0686806752334585e-05,-0.03755750471624417,0.0005343403376167292,-1.8778752358122082
with EDL,0.01,0.4678206465067779,1.0774985617187045e-14,-3.725014670666253e-11,1.0774985617187045e-05,-0.03725014670666253,0.0005387492808593522,-1.8625073353331263
with EDL,0.01,0.4680709071949948,1.0863892062540095e-14,-3.6945304011843355e-11,1.0863892062540094e-05,-0.03694530401184336,0.0005431946031270047,-1.8472652005921677
with EDL,0.01,0.4683211678832117,1.095353209179815e-14,-3.664295604729509e-11,1.095353209179815e-05,-0.03664295604729509,0.0005476766045899074,-1.8321478023647542
with EDL,0.01,0.4685714285714286,1.104391175790082e-14,-3.634308239698272e-11,1.104391175790082e-05,-0.036343082396982716,0.0005521955878950409,-1.8171541198491359
with EDL,0.01,0.4688216892596455,1.11350371637317e-14,-3.6045662811949184e-11,1.11350371637317e-05,-0.03604566281194919,0.0005567518581865849,-1.802283140597459
with EDL,0.01,0.4690719499478624,1.1226914462530352e-14,-3.5750677208948326e-11,1.1226914462530351e-05,-0.035750677208948325,0.0005613457231265175,-1.787533860447416
with EDL,0.01,0.46932221063607926,1.1319549858307985e-14,-3.545810566908813e-11,1.1319549858307985e-05,-0.035458105669088136,0.0005659774929153992,-1.7729052834544063
with EDL,0.01,0.46957247132429614,1.1412949606266223e-14,-3.51679284364864e-11,1.1412949606266223e-05,-0.0351679284364864,0.0005706474803133111,-1.7583964218243198
with EDL,0.01,0.46982273201251307,1.1507120013219549e-14,-3.488012591693629e-11,1.1507120013219548e-05,-0.03488012591693629,0.0005753560006609774,-1.7440062958468143
with EDL,0.01,0.47007299270072994,1.1602067438021159e-14,-3.4594678676583625e-11,1.1602067438021159e-05,-0.034594678676583626,0.0005801033719010579,-1.729733933829181
with EDL,0.01,0.47032325338894687,1.1697798291992401e-14,-3.4311567440613944e-11,1.16977982919924e-05,-0.03431156744061394,0.00058488991459962,-1.715578372030697
with EDL,0.01,0.47057351407716375,1.1794319039355556e-14,-3.403077309195186e-11,1.1794319039355555e-05,-0.034030773091951856,0.0005897159519677777,-1.7015386545975928
with EDL,0.01,0.4708237747653806,1.18916361976705e-14,-3.375227666996925e-11,1.18916361976705e-05,-0.03375227666996925,0.0005945818098835249,-1.6876138334984623
with EDL,0.01,0.4710740354535975,1.1989756338274693e-14,-3.3476059369205885e-11,1.1989756338274693e-05,-0.033476059369205884,0.0005994878169137346,-1.6738029684602942
with EDL,0.01,0.4713242961418144,1.2088686086726977e-14,-3.320210253809863e-11,1.2088686086726977e-05,-0.033202102538098625,0.0006044343043363488,-1.6601051269049314
with EDL,0.01,0.4715745568300313,1.2188432123254901e-14,-3.293038767772296e-11,1.21884321232549e-05,-0.03293038767772296,0.000609421606162745,-1.6465193838861476
with EDL,0.01,0.4718248175182482,1.2289001183205863e-14,-3.2660896440542895e-11,1.2289001183205864e-05,-0.032660896440542896,0.0006144500591602931,-1.6330448220271445
with EDL,0.01,0.4720750782064651,1.23904000575019e-14,-3.239361062917281e-11,1.23904000575019e-05,-0.032393610629172814,0.0006195200028750949,-1.6196805314586404
with EDL,0.01,0.472325338894682,1.2492635593098121e-14,-3.212851219514822e-11,1.2492635593098121e-05,-0.03212851219514822,0.000624631779654906,-1.606425609757411
with EDL,0.01,0.47257559958289885,1.2595714693445294e-14,-3.1865583237707486e-11,1.2595714693445295e-05,-0.03186558323770749,0.0006297857346722646,-1.593279161885374
with EDL,0.01,0.4728258602711158,1.2699644318955829e-14,-3.1604806002582337e-11,1.269964431895583e-05,-0.031604806002582336,0.0006349822159477914,-1.5802403001291165
with EDL,0.01,0.47307612095933266,1.2804431487473755e-14,-3.134616288079997e-11,1.2804431487473755e-05,-0.031346162880799965,0.0006402215743736877,-1.567308144039998
with EDL,0.01,0.47332638164754953,1.291008327474873e-14,-3.108963640749309e-11,1.291008327474873e-05,-0.031089636407493088,0.0006455041637374365,-1.5544818203746544
with EDL,0.01,0.47357664233576646,1.3016606814913783e-14,-3.0835209260721203e-11,1.3016606814913783e-05,-0.030835209260721204,0.0006508303407456891,-1.54176046303606
with EDL,0.01,0.47382690302398334,1.3124009300966895e-14,-3.058286426030083e-11,1.3124009300966894e-05,-0.03058286426030083,0.0006562004650483447,-1.5291432130150415
with EDL,0.01,0.4740771637122002,1.3232297985256938e-14,-3.0332584366645285e-11,1.3232297985256937e-05,-0.030332584366645286,0.0006616148992628468,-1.516629218332264
with EDL,0.01,0.4743274244004171,1.3341480179973283e-14,-3.008435267961399e-11,1.3341480179973283e-05,-0.03008435267961399,0.000667074008998664,-1.5042176339806994
with EDL,0.01,0.474577685088634,1.3451563257639551e-14,-2.983815243737157e-11,1.345156325763955e-05,-0.029838152437371573,0.0006725781628819775,-1.4919076218685785
with EDL,0.01,0.4748279457768509,1.3562554651611433e-14,-2.9593967015255996e-11,1.3562554651611434e-05,-0.029593967015255997,0.0006781277325805716,-1.4796983507627997
with EDL,0.01,0.4750782064650678,1.3674461856578688e-14,-2.935177992465566e-11,1.3674461856578688e-05,-0.02935177992465566,0.0006837230928289343,-1.4675889962327828
with EDL,0.01,0.4753284671532847,1.3787292429071058e-14,-2.911157481189649e-11,1.3787292429071059e-05,-0.02911157481189649,0.0006893646214535528,-1.4555787405948242
with EDL,0.01,0.47557872784150157,1.390105398796878e-14,-2.8873335457137083e-11,1.390105398796878e-05,-0.02887333545713708,0.0006950526993984389,-1.443666772856854
with EDL,0.01,0.47582898852971844,1.4015754215016872e-14,-2.863704577327397e-11,1.4015754215016872e-05,-0.02863704577327397,0.0007007877107508435,-1.4318522886636984
with EDL,0.01,0.4760792492179354,1.4131400855343864e-14,-2.8402689804855103e-11,1.4131400855343865e-05,-0.028402689804855104,0.0007065700427671931,-1.420134490242755
with EDL,0.01,0.47632950990615225,1.4248001717984797e-14,-2.8170251727002475e-11,1.4248001717984797e-05,-0.028170251727002476,0.0007124000858992398,-1.4085125863501236
with EDL,0.01,0.4765797705943692,1.436556467640863e-14,-2.7939715844343527e-11,1.4365564676408628e-05,-0.027939715844343526,0.0007182782338204314,-1.3969857922171762
with EDL,0.01,0.47683003128258605,1.4484097669049622e-14,-2.7711066589951558e-11,1.4484097669049622e-05,-0.02771106658995156,0.000724204883452481,-1.3855533294975777
with EDL,0.01,0.4770802919708029,1.4603608699843732e-14,-2.7484288524294074e-11,1.4603608699843733e-05,-0.027484288524294073,0.0007301804349921866,-1.3742144262147036
with EDL,0.01,0.4773305526590198,1.4724105838768817e-14,-2.7259366334190726e-11,1.4724105838768817e-05,-0.027259366334190727,0.0007362052919384408,-1.362968316709536
with EDL,0.01,0.47758081334723673,1.48455972223897e-14,-2.7036284831779047e-11,1.48455972223897e-05,-0.027036284831779046,0.000742279861119485,-1.3518142415889522
with EDL,0.01,0.4778310740354536,1.496809105440749e-14,-2.681502895348893e-11,1.4968091054407488e-05,-0.02681502895348893,0.0007484045527203744,-1.3407514476744464
with EDL,0.01,0.47808133472367054,1.509159560621367e-14,-2.6595583759025428e-11,1.509159560621367e-05,-0.02659558375902543,0.0007545797803106835,-1.3297791879512713
with EDL,0.01,0.4783315954118874,1.5216119217448393e-14,-2.6377934430360094e-11,1.5216119217448393e-05,-0.026377934430360093,0.0007608059608724195,-1.3188967215180045
with EDL,0.01,0.4785818561001043,1.5341670296563867e-14,-2.6162066270730147e-11,1.5341670296563867e-05,-0.026162066270730148,0.0007670835148281933,-1.3081033135365072
with EDL,0.01,0.47883211678832116,1.5468257321392034e-14,-2.59479647036461e-11,1.5468257321392033e-05,-0.0259479647036461,0.0007734128660696017,-1.2973982351823048
with EDL,0.01,0.4790823774765381,1.5595888839717016e-14,-2.5735615271907685e-11,1.5595888839717017e-05,-0.025735615271907684,0.0007797944419858507,-1.286780763595384
with EDL,0.01,0.47933263816475496,1.5724573469852297e-14,-2.552500363662748e-11,1.5724573469852298e-05,-0.02552500363662748,0.0007862286734926148,-1.2762501818313738
with EDL,0.01,0.4795828988529719,1.5854319901222758e-14,-2.531611557626264e-11,1.5854319901222758e-05,-0.02531611557626264,0.0007927159950611378,-1.2658057788131318
with EDL,0.01,0.47983315954118877,1.598513689495122e-14,-2.5108936985654803e-11,1.598513689495122e-05,-0.025108936985654803,0.0007992568447475609,-1.25544684928274
with EDL,0.01,0.48008342022940564,1.611703328445035e-14,-2.490345387507738e-11,1.611703328445035e-05,-0.02490345387507738,0.0008058516642225174,-1.245172693753869
with EDL,0.01,0.4803336809176225,1.6250017976018922e-14,-2.4699652369290945e-11,1.6250017976018923e-05,-0.024699652369290944,0.000812500898800946,-1.2349826184645472
with EDL,0.01,0.48058394160583945,1.638409994944325e-14,-2.4497518706606428e-11,1.638409994944325e-05,-0.02449751870660643,0.0008192049974721624,-1.2248759353303214
with EDL,0.01,0.4808342022940563,1.651928825860355e-14,-2.429703923795597e-11,1.651928825860355e-05,-0.02429703923795597,0.0008259644129301774,-1.2148519618977984
with EDL,0.01,0.4810844629822732,1.6655592032085362e-14,-2.409820042597081e-11,1.6655592032085362e-05,-0.02409820042597081,0.000832779601604268,-1.2049100212985404
with EDL,0.01,0.4813347236704901,1.679302047379596e-14,-2.3900988844067616e-11,1.6793020473795958e-05,-0.023900988844067616,0.0008396510236897978,-1.1950494422033806
with EDL,0.01,0.481584984358707,1.6931582863585574e-14,-2.3705391175541778e-11,1.6931582863585573e-05,-0.02370539117554178,0.0008465791431792786,-1.1852695587770887
with EDL,0.01,0.4818352450469239,1.7071288557874473e-14,-2.3511394212668047e-11,1.7071288557874474e-05,-0.023511394212668048,0.0008535644278937236,-1.1755697106334022
with EDL,0.01,0.4820855057351408,1.7212146990284447e-14,-2.331898485580865e-11,1.7212146990284447e-05,-0.02331898485580865,0.0008606073495142222,-1.1659492427904323
with EDL,0.01,0.4823357664233577,1.735416767227586e-14,-2.312815011252912e-11,1.735416767227586e-05,-0.02312815011252912,0.0008677083836137929,-1.156407505626456
with EDL,0.01,0.48258602711157456,1.7497360193789932e-14,-2.2938877096720444e-11,1.7497360193789934e-05,-0.022938877096720444,0.0008748680096894965,-1.146943854836022
with EDL,0.01,0.4828362877997915,1.7641734223896397e-14,-2.2751153027729306e-11,1.7641734223896396e-05,-0.022751153027729308,0.0008820867111948197,-1.1375576513864651
with EDL,0.01,0.48308654848800836,1.7787299511446112e-14,-2.256496522949505e-11,1.7787299511446112e-05,-0.02256496522949505,0.0008893649755723056,-1.1282482614747524
with EDL,0.01,0.48333680917622523,1.793406588572975e-14,-2.2380301129693574e-11,1.793406588572975e-05,-0.022380301129693574,0.0008967032942864875,-1.1190150564846786
with EDL,0.01,0.4835870698644421,1.808204325714121e-14,-2.2197148258888367e-11,1.808204325714121e-05,-0.02219714825888837,0.0009041021628570605,-1.1098574129444183
with EDL,0.01,0.48383733055265904,1.8231241617846996e-14,-2.201549424968868e-11,1.8231241617846995e-05,-0.02201549424968868,0.0009115620808923497,-1.1007747124844338
with EDL,0.01,0.4840875912408759,1.838167104246079e-14,-2.183532683591446e-11,1.838167104246079e-05,-0.021835326835914458,0.0009190835521230395,-1.0917663417957228
with EDL,0.01,0.48433785192909284,1.853334168872395e-14,-2.1656633851767675e-11,1.853334168872395e-05,-0.021656633851767675,0.0009266670844361973,-1.0828316925883836
with EDL,0.01,0.4845881126173097,1.868626379819107e-14,-2.1479403231011377e-11,1.868626379819107e-05,-0.021479403231011378,0.0009343131899095535,-1.0739701615505688
with EDL,0.01,0.4848383733055266,1.8840447696921906e-14,-2.130362300615449e-11,1.8840447696921906e-05,-0.02130362300615449,0.0009420223848460951,-1.0651811503077244
with EDL,0.01,0.48508863399374347,1.899590379617846e-14,-2.1129281307643948e-11,1.899590379617846e-05,-0.02112928130764395,0.0009497951898089229,-1.0564640653821973
with EDL,0.01,0.4853388946819604,1.9152642593128037e-14,-2.095636636306296e-11,1.9152642593128037e-05,-0.020956366363062962,0.0009576321296564018,-1.047818318153148
with EDL,0.01,0.4855891553701773,1.9310674671552023e-14,-2.0784866496336494e-11,1.9310674671552024e-05,-0.020784866496336495,0.0009655337335776011,-1.0392433248168247
with EDL,0.01,0.4858394160583942,1.9470010702560654e-14,-2.0614770126942382e-11,1.9470010702560655e-05,-0.02061477012694238,0.0009735005351280326,-1.030738506347119
with EDL,0.01,0.4860896767466111,1.963066144531333e-14,-2.0446065769129763e-11,1.963066144531333e-05,-0.020446065769129763,0.0009815330722656665,-1.022303288456488
with EDL,0.01,0.48633993743482795,1.9792637747745518e-14,-2.0278742031143063e-11,1.979263774774552e-05,-0.020278742031143063,0.0009896318873872758,-1.013937101557153
with EDL,0.01,0.4865901981230448,1.9955950547300997e-14,-2.0112787614453184e-11,1.9955950547300998e-05,-0.020112787614453183,0.0009977975273650498,-1.0056393807226591
with EDL,0.01,0.48684045881126176,2.0120610871670428e-14,-1.994819131299435e-11,2.0120610871670428e-05,-0.01994819131299435,0.0010060305435835213,-0.9974095656497175
with EDL,0.01,0.48709071949947863,2.0286629839536038e-14,-1.9784942012407462e-11,2.0286629839536037e-05,-0.01978494201240746,0.0010143314919768018,-0.989247100620373
with EDL,0.01,0.48734098018769556,2.0454018661322503e-14,-1.9623028689289574e-11,2.0454018661322502e-05,-0.019623028689289574,0.001022700933066125,-0.9811514344644786
with EDL,0.01,0.48759124087591244,2.0622788639953613e-14,-1.94624404104497e-11,2.0622788639953614e-05,-0.019462440410449703,0.0010311394319976806,-0.973122020522485
with EDL,0.01,0.4878415015641293,2.079295117161594e-14,-1.9303166332170223e-11,2.079295117161594e-05,-0.019303166332170222,0.001039647558580797,-0.965158316608511
with EDL,0.01,0.4880917622523462,2.096451774652804e-14,-1.914519569947499e-11,2.0964517746528038e-05,-0.019145195699474992,0.0010482258873264019,-0.9572597849737494
with EDL,0.01,0.4883420229405631,2.1137499949716498e-14,-1.8988517845402956e-11,2.1137499949716498e-05,-0.018988517845402956,0.0010568749974858248,-0.9494258922701477
with EDL,0.01,0.48859228362878,2.1311909461798072e-14,-1.8833122190287876e-11,2.1311909461798073e-05,-0.018833122190287876,0.0010655954730899035,-0.9416561095143937
with EDL,0.01,0.4888425443169969,2.1487758059768657e-14,-1.8678998241043927e-11,2.1487758059768657e-05,-0.018678998241043927,0.0010743879029884327,-0.9339499120521962
with EDL,0.01,0.4890928050052138,2.1665057617798053e-14,-1.8526135590457265e-11,2.1665057617798052e-05,-0.018526135590457266,0.0010832528808899025,-0.9263067795228631
with EDL,0.01,0.48934306569343067,2.1843820108032385e-14,-1.837452391648313e-11,2.1843820108032385e-05,-0.01837452391648313,0.0010921910054016192,-0.9187261958241564
with EDL,0.01,0.48959332638164754,2.202405760140211e-14,-1.8224152981548847e-11,2.202405760140211e-05,-0.018224152981548846,0.0011012028800701055,-0.9112076490774422
with EDL,0.01,0.4898435870698645,2.2205782268437268e-14,-1.8075012631862658e-11,2.2205782268437268e-05,-0.018075012631862657,0.0011102891134218632,-0.9037506315931328
with EDL,0.01,0.49009384775808135,2.2389006380089115e-14,-1.7927092796728134e-11,2.2389006380089116e-05,-0.017927092796728133,0.0011194503190044556,-0.8963546398364066
with EDL,0.01,0.4903441084462983,2.2573742308559062e-14,-1.7780383487863807e-11,2.257374230855906e-05,-0.01778038348786381,0.001128687115427953,-0.8890191743931903
with EDL,0.01,0.49059436913451515,2.2760002528133603e-14,-1.7634874798729184e-11,2.2760002528133602e-05,-0.017634874798729182,0.00113800012640668,-0.8817437399364592
with EDL,0.01,0.490844629822732,2.294779961602719e-14,-1.749055690385545e-11,2.294779961602719e-05,-0.01749055690385545,0.0011473899808013594,-0.8745278451927725
with EDL,0.01,0.4910948905109489,2.3137146253231118e-14,-1.7347420058182182e-11,2.313714625323112e-05,-0.017347420058182184,0.0011568573126615558,-0.867371002909109
with EDL,0.01,0.49134515119916583,2.332805522537002e-14,-1.7205454596399135e-11,2.332805522537002e-05,-0.017205454596399133,0.001166402761268501,-0.8602727298199566
with EDL,0.01,0.4915954118873827,2.352053942356506e-14,-1.706465093229394e-11,2.352053942356506e-05,-0.01706465093229394,0.0011760269711782528,-0.8532325466146968
with EDL,0.01,0.4918456725755996,2.3714611845304547e-14,-1.6924999558104328e-11,2.3714611845304548e-05,-0.01692499955810433,0.0011857305922652272,-0.8462499779052163
with EDL,0.01,0.4920959332638165,2.3910285595321555e-14,-1.678649104387657e-11,2.3910285595321555e-05,-0.01678649104387657,0.0011955142797660777,-0.8393245521938283
with EDL,0.01,0.4923461939520334,2.410757388647857e-14,-1.6649116036828393e-11,2.410757388647857e-05,-0.016649116036828393,0.0012053786943239284,-0.8324558018414197
with EDL,0.01,0.49259645464025026,2.430649004066017e-14,-1.6512865260717625e-11,2.430649004066017e-05,-0.016512865260717626,0.0012153245020330083,-0.8256432630358811
with EDL,0.01,0.4928467153284672,2.4507047489672223e-14,-1.637772951521561e-11,2.4507047489672223e-05,-0.01637772951521561,0.001225352374483611,-0.8188864757607804
with EDL,0.01,0.49309697601668406,2.4709259776148964e-14,-1.6243699675286286e-11,2.4709259776148963e-05,-0.016243699675286286,0.0012354629888074481,-0.8121849837643143
with EDL,0.01,0.49334723670490094,2.4913140554467445e-14,-1.6110766690569695e-11,2.4913140554467445e-05,-0.016110766690569694,0.001245657027723372,-0.8055383345284847
with EDL,0.01,0.49359749739311787,2.5118703591669702e-14,-1.5978921584771017e-11,2.5118703591669704e-05,-0.015978921584771016,0.001255935179583485,-0.7989460792385508
with EDL,0.01,0.49384775808133474,2.532596276839195e-14,-1.584815545505441e-11,2.532596276839195e-05,-0.01584815545505441,0.0012662981384195973,-0.7924077727527206
with EDL,0.01,0.4940980187695516,2.5534932079802452e-14,-1.57184594714419e-11,2.5534932079802453e-05,-0.0157184594714419,0.0012767466039901225,-0.785922973572095
with EDL,0.01,0.4943482794577685,2.5745625636546104e-14,-1.5589824876216984e-11,2.5745625636546105e-05,-0.015589824876216985,0.0012872812818273051,-0.7794912438108491
with EDL,0.01,0.4945985401459854,2.5958057665697475e-14,-1.5462242983333435e-11,2.5958057665697475e-05,-0.015462242983333435,0.0012979028832848737,-0.7731121491666716
with EDL,0.01,0.4948488008342023,2.617224251172135e-14,-1.533570517782876e-11,2.617224251172135e-05,-0.015335705177828758,0.0013086121255860674,-0.7667852588914379
with EDL,0.01,0.4950990615224192,2.6388194637441577e-14,-1.5210202915242327e-11,2.6388194637441576e-05,-0.015210202915242327,0.0013194097318720787,-0.7605101457621163
with EDL,0.01,0.4953493222106361,2.660592862501713e-14,-1.5085727721038633e-11,2.660592862501713e-05,-0.015085727721038633,0.0013302964312508563,-0.7542863860519315
with EDL,0.01,0.495599582898853,2.682545917692749e-14,-1.4962271190034763e-11,2.682545917692749e-05,-0.014962271190034763,0.0013412729588463744,-0.7481135595017381
with EDL,0.01,0.49584984358706985,2.7046801116964953e-14,-1.483982498583314e-11,2.7046801116964953e-05,-0.014839824985833139,0.0013523400558482475,-0.7419912492916568
with EDL,0.01,0.4961001042752868,2.7269969391235777e-14,-1.4718380840258293e-11,2.7269969391235777e-05,-0.014718380840258293,0.0013634984695617886,-0.7359190420129146
with EDL,0.01,0.49635036496350365,2.749497906916929e-14,-1.4597930552799004e-11,2.7494979069169293e-05,-0.014597930552799005,0.0013747489534584644,-0.72989652763995
with EDL,0.01,0.4966006256517206,2.772184534453566e-14,-1.447846599005398e-11,2.7721845344535658e-05,-0.01447846599005398,0.0013860922672267828,-0.723923299502699
with EDL,0.01,0.49685088633993746,2.7950583536471465e-14,-1.4359979085183202e-11,2.7950583536471465e-05,-0.014359979085183203,0.0013975291768235731,-0.71799895425916
with EDL,0.01,0.49710114702815433,2.8181209090514657e-14,-1.4242461837362771e-11,2.8181209090514657e-05,-0.01424246183736277,0.0014090604545257328,-0.7121230918681385
with EDL,0.01,0.4973514077163712,2.8413737579647163e-14,-1.4125906311244954e-11,2.8413737579647163e-05,-0.014125906311244954,0.001420686878982358,-0.7062953155622477
with EDL,0.01,0.49760166840458814,2.8648184705346494e-14,-1.4010304636422187e-11,2.8648184705346494e-05,-0.014010304636422187,0.0014324092352673244,-0.7005152318211093
with EDL,0.01,0.497851929092805,2.8884566298646e-14,-1.3895649006895776e-11,2.8884566298646e-05,-0.013895649006895775,0.0014442283149323,-0.6947824503447887
with EDL,0.01,0.49810218978102194,2.912289832120406e-14,-1.3781931680548528e-11,2.9122898321204062e-05,-0.013781931680548528,0.001456144916060203,-0.6890965840274264
with EDL,0.01,0.4983524504692388,2.936319686638141e-14,-1.3669144978622335e-11,2.936319686638141e-05,-0.013669144978622335,0.0014681598433190703,-0.6834572489311167
with EDL,0.01,0.4986027111574557,2.9605478160328355e-14,-1.35572812851993e-11,2.9605478160328354e-05,-0.013557281285199299,0.0014802739080164175,-0.6778640642599649
with EDL,0.01,0.49885297184567257,2.9849758563080236e-14,-1.3446333046687732e-11,2.9849758563080238e-05,-0.013446333046687731,0.0014924879281540116,-0.6723166523343865
with EDL,0.01,0.4991032325338895,3.009605456966213e-14,-1.3336292771311951e-11,3.0096054569662128e-05,-0.013336292771311951,0.0015048027284831063,-0.6668146385655975
with EDL,0.01,0.49935349322210637,3.034438281120264e-14,-1.3227153028606559e-11,3.0344382811202638e-05,-0.013227153028606558,0.0015172191405601319,-0.6613576514303279
with EDL,0.01,0.4996037539103233,3.059476005605707e-14,-1.3118906448914412e-11,3.0594760056057065e-05,-0.013118906448914412,0.0015297380028028533,-0.6559453224457206
with EDL,0.01,0.4998540145985402,3.084720321093932e-14,-1.301154572288934e-11,3.084720321093932e-05,-0.01301154572288934,0.0015423601605469657,-0.650577286144467
with EDL,0.01,0.500104275286757,3.1101729322064076e-14,-1.2905063601002337e-11,3.110172932206408e-05,-0.012905063601002338,0.0015550864661032038,-0.6452531800501168
with EDL,0.01,0.5003545359749739,3.1358355576297504e-14,-1.2799452893052059e-11,3.1358355576297505e-05,-0.012799452893052059,0.001567917778814875,-0.6399726446526028
with EDL,0.01,0.5006047966631908,3.161709930231776e-14,-1.2694706467679425e-11,3.161709930231776e-05,-0.012694706467679425,0.0015808549651158876,-0.6347353233839712
with EDL,0.01,0.5008550573514077,3.187797797178528e-14,-1.2590817251886006e-11,3.187797797178528e-05,-0.012590817251886006,0.0015938988985892638,-0.6295408625943002
with EDL,0.01,0.5011053180396247,3.2141009200522615e-14,-1.2487778230556304e-11,3.2141009200522617e-05,-0.012487778230556305,0.0016070504600261305,-0.6243889115278152
with EDL,0.01,0.5013555787278415,3.240621074970335e-14,-1.238558244598437e-11,3.240621074970335e-05,-0.01238558244598437,0.0016203105374851673,-0.6192791222992184
with EDL,0.01,0.5016058394160584,3.2673600527052344e-14,-1.2284222997403632e-11,3.2673600527052345e-05,-0.012284222997403633,0.001633680026352617,-0.6142111498701815
with EDL,0.01,0.5018561001042753,3.294319658805424e-14,-1.2183693040521137e-11,3.2943196588054246e-05,-0.012183693040521136,0.0016471598294027121,-0.6091846520260568
with EDL,0.01,0.5021063607924922,3.321501713717302e-14,-1.2083985787055265e-11,3.321501713717302e-05,-0.012083985787055265,0.0016607508568586508,-0.6041992893527632
with EDL,0.01,0.5023566214807091,3.3489080529081215e-14,-1.1985094504277439e-11,3.348908052908122e-05,-0.01198509450427744,0.0016744540264540604,-0.5992547252138719
with EDL,0.01,0.502606882168926,3.376540526989885e-14,-1.1887012514557592e-11,3.376540526989885e-05,-0.011887012514557592,0.0016882702634949422,-0.5943506257278796
with EDL,0.01,0.5028571428571429,3.4044010018443805e-14,-1.1789733194912959e-11,3.4044010018443806e-05,-0.01178973319491296,0.00170220050092219,-0.5894866597456478
with EDL,0.01,0.5031074035453598,3.4324913587491315e-14,-1.1693249976561134e-11,3.4324913587491315e-05,-0.011693249976561133,0.0017162456793745656,-0.5846624988280567
with EDL,0.01,0.5033576642335766,3.4608134945044376e-14,-1.1597556344476437e-11,3.4608134945044374e-05,-0.011597556344476437,0.0017304067472522187,-0.5798778172238218
with EDL,0.01,0.5036079249217935,3.48936932156146e-14,-1.1502645836949898e-11,3.4893693215614604e-05,-0.011502645836949897,0.0017446846607807299,-0.5751322918474948
with EDL,0.01,0.5038581856100104,3.518160768151347e-14,-1.1408512045153069e-11,3.5181607681513475e-05,-0.011408512045153068,0.0017590803840756735,-0.5704256022576534
with EDL,0.01,0.5041084462982274,3.547189778415464e-14,-1.1315148612705137e-11,3.547189778415464e-05,-0.011315148612705137,0.0017735948892077318,-0.5657574306352569
with EDL,0.01,0.5043587069864442,3.576458312536619e-14,-1.1222549235243928e-11,3.576458312536619e-05,-0.011222549235243927,0.0017882291562683094,-0.5611274617621963
with EDL,0.01,0.5046089676746611,3.6059683468715e-14,-1.1130707659999855e-11,3.6059683468714995e-05,-0.011130707659999855,0.0018029841734357496,-0.5565353829999927
with EDL,0.01,0.504859228362878,3.6357218740840637e-14,-1.1039617685374022e-11,3.635721874084064e-05,-0.011039617685374023,0.0018178609370420316,-0.5519808842687011
with EDL,0.01,0.5051094890510949,3.665720903280126e-14,-1.0949273160519292e-11,3.665720903280126e-05,-0.010949273160519291,0.0018328604516400628,-0.5474636580259645
with EDL,0.01,0.5053597497393119,3.6959674601430264e-14,-1.0859667984924954e-11,3.695967460143026e-05,-0.010859667984924954,0.001847983730071513,-0.5429833992462476
with EDL,0.01,0.5056100104275287,3.726463587070354e-14,-1.0770796108004964e-11,3.726463587070354e-05,-0.010770796108004963,0.0018632317935351767,-0.5385398054002482
with EDL,0.01,0.5058602711157456,3.757211343311956e-14,-1.0682651528689132e-11,3.757211343311956e-05,-0.010682651528689132,0.0018786056716559778,-0.5341325764344566
with EDL,0.01,0.5061105318039625,3.7882128051089163e-14,-1.0595228295018033e-11,3.788212805108916e-05,-0.010595228295018033,0.001894106402554458,-0.5297614147509015
with EDL,0.01,0.5063607924921794,3.819470065833787e-14,-1.0508520503741065e-11,3.8194700658337875e-05,-0.010508520503741065,0.0019097350329168932,-0.5254260251870532
with EDL,0.01,0.5066110531803962,3.8509852361319303e-14,-1.0422522299917893e-11,3.85098523613193e-05,-0.010422522299917893,0.001925492618065965,-0.5211261149958946
with EDL,0.01,0.5068613138686131,3.88276044406404e-14,-1.0337227876523003e-11,3.88276044406404e-05,-0.010337227876523003,0.0019413802220320199,-0.51686139382615
with EDL,0.01,0.5071115745568301,3.914797835249852e-14,-1.0252631474053623e-11,3.914797835249852e-05,-0.010252631474053623,0.0019573989176249256,-0.5126315737026811
with EDL,0.01,0.507361835245047,3.947099573012982e-14,-1.0168727380140903e-11,3.947099573012982e-05,-0.010168727380140904,0.001973549786506491,-0.5084363690070451
with EDL,0.01,0.5076120959332638,3.979667838527079e-14,-1.0085509929164022e-11,3.979667838527079e-05,-0.010085509929164021,0.0019898339192635393,-0.504275496458201
with EDL,0.01,0.5078623566214807,4.0125048309630566e-14,-1.0002973501867706e-11,4.012504830963057e-05,-0.010002973501867705,0.002006252415481528,-0.5001486750933852
with EDL,0.01,0.5081126173096976,4.045612767637593e-14,-9.92111252498279e-12,4.045612767637593e-05,-0.009921112524982791,0.0020228063838187964,-0.4960556262491395
with EDL,0.01,0.5083628779979145,4.07899388416288e-14,-9.839921470849856e-12,4.07899388416288e-05,-0.009839921470849857,0.00203949694208144,-0.4919960735424928
with EDL,0.01,0.5086131386861314,4.11265043459757e-14,-9.759394857046023e-12,4.11265043459757e-05,-0.009759394857046024,0.0020563252172987848,-0.4879697428523011
with EDL,0.01,0.5088633993743483,4.146584691598945e-14,-9.679527246014732e-12,4.146584691598945e-05,-0.009679527246014731,0.0020732923457994724,-0.48397636230073654
with EDL,0.01,0.5091136600625652,4.1807989465764585e-14,-9.600313244698525e-12,4.1807989465764587e-05,-0.009600313244698525,0.002090399473288229,-0.4800156622349262
with EDL,0.01,0.5093639207507821,4.21529550984639e-14,-9.521747504174922e-12,4.21529550984639e-05,-0.009521747504174921,0.002107647754923195,-0.47608737520874606
with EDL,0.01,0.509614181438999,4.2500767107878865e-14,-9.443824719295223e-12,4.250076710787886e-05,-0.009443824719295224,0.002125038355393943,-0.47219123596476115
with EDL,0.01,0.5098644421272158,4.2851448980002477e-14,-9.366539628326307e-12,4.2851448980002475e-05,-0.009366539628326308,0.0021425724490001237,-0.46832698141631535
with EDL,0.01,0.5101147028154327,4.320502439461488e-14,-9.289887012595305e-12,4.320502439461488e-05,-0.009289887012595305,0.0021602512197307438,-0.46449435062976524
with EDL,0.01,0.5103649635036497,4.356151722688295e-14,-9.213861696137166e-12,4.356151722688295e-05,-0.009213861696137166,0.0021780758613441473,-0.4606930848068583
with EDL,0.01,0.5106152241918666,4.392095154897153e-14,-9.1384585453453e-12,4.3920951548971534e-05,-0.0091384585453453,0.0021960475774485764,-0.45692292726726497
with EDL,0.01,0.5108654848800834,4.428335163166993e-14,-9.063672468624754e-12,4.428335163166993e-05,-0.009063672468624754,0.002214167581583496,-0.45318362343123764
with EDL,0.01,0.5111157455683003,4.4648741946030204e-14,-8.989498416048487e-12,4.4648741946030205e-05,-0.008989498416048488,0.00223243709730151,-0.44947492080242435
with EDL,0.01,0.5113660062565172,4.5017147165019575e-14,-8.91593137901637e-12,4.501714716501958e-05,-0.00891593137901637,0.0022508573582509786,-0.44579656895081843
with EDL,0.01,0.5116162669447342,4.5388592165186966e-14,-8.842966389916958e-12,4.538859216518697e-05,-0.008842966389916957,0.002269429608259348,-0.4421483194958478
with EDL,0.01,0.511866527632951,4.576310202834162e-14,-8.770598521792146e-12,4.576310202834162e-05,-0.008770598521792147,0.002288155101417081,-0.4385299260896073
with EDL,0.01,0.5121167883211679,4.6140702043248314e-14,-8.698822888004329e-12,4.614070204324831e-05,-0.008698822888004328,0.0023070351021624155,-0.4349411444002164
with EDL,0.01,0.5123670490093848,4.652141770733385e-14,-8.627634641906511e-12,4.6521417707333854e-05,-0.008627634641906511,0.0023260708853666922,-0.43138173209532554
with EDL,0.01,0.5126173096976017,4.690527472840923e-14,-8.557028976515042e-12,4.690527472840923e-05,-0.008557028976515042,0.0023452637364204613,-0.42785144882575205
with EDL,0.01,0.5128675703858185,4.729229902640545e-14,-8.487001124184992e-12,4.729229902640545e-05,-0.008487001124184993,0.0023646149513202722,-0.42435005620924954
with EDL,0.01,0.5131178310740354,4.7682516735123776e-14,-8.417546356288281e-12,4.7682516735123774e-05,-0.008417546356288282,0.0023841258367561886,-0.420877317814414
with EDL,0.01,0.5133680917622524,4.807595420400049e-14,-8.348659982894264e-12,4.807595420400049e-05,-0.008348659982894264,0.0024037977102000243,-0.41743299914471316
with EDL,0.01,0.5136183524504693,4.8472637999885646e-14,-8.280337352453214e-12,4.847263799988565e-05,-0.008280337352453215,0.002423631899994282,-0.4140168676226607
with EDL,0.01,0.5138686131386861,4.887259490883789e-14,-8.212573851482029e-12,4.8872594908837886e-05,-0.00821257385148203,0.002443629745441894,-0.41062869257410145
with EDL,0.01,0.514118873826903,4.927585193793258e-14,-8.145364904252851e-12,4.927585193793258e-05,-0.00814536490425285,0.0024637925968966287,-0.4072682452126425
with EDL,0.01,0.5143691345151199,4.9682436317085423e-14,-8.078705972484036e-12,4.9682436317085424e-05,-0.008078705972484036,0.002484121815854271,-0.4039352986242018
with EDL,0.01,0.5146193952033369,5.009237550089171e-14,-8.01259255503368e-12,5.0092375500891714e-05,-0.008012592555033681,0.0025046187750445855,-0.400629627751684
with EDL,0.01,0.5148696558915538,5.050569717047898e-14,-7.947020187595793e-12,5.050569717047898e-05,-0.007947020187595792,0.0025252848585239486,-0.3973510093797896
with EDL,0.01,0.5151199165797706,5.092242923537776e-14,-7.8819844423987e-12,5.0922429235377755e-05,-0.0078819844423987,0.0025461214617688876,-0.3940992221199349
with EDL,0.01,0.5153701772679875,5.1342599835405154e-14,-7.817480927906137e-12,5.134259983540515e-05,-0.007817480927906137,0.0025671299917702575,-0.39087404639530676
with EDL,0.01,0.5156204379562044,5.176623734256516e-14,-7.75350528852069e-12,5.1766237342565156e-05,-0.007753505288520689,0.0025883118671282575,-0.38767526442603445
with EDL,0.01,0.5158706986444213,5.219337036296462e-14,-7.690053204289713e-12,5.219337036296462e-05,-0.007690053204289713,0.002609668518148231,-0.3845026602144856
with EDL,0.01,0.5161209593326381,5.2624027738744794e-14,-7.627120390613601e-12,5.2624027738744796e-05,-0.007627120390613601,0.0026312013869372393,-0.38135601953068
with EDL,0.01,0.5163712200208551,5.305823855002893e-14,-7.564702597956429e-12,5.305823855002893e-05,-0.007564702597956429,0.0026529119275014463,-0.37823512989782143
with EDL,0.01,0.516621480709072,5.349603211688561e-14,-7.502795611559141e-12,5.349603211688561e-05,-0.0075027956115591415,0.00267480160584428,-0.375139780577957
with EDL,0.01,0.5168717413972889,5.3937438001309114e-14,-7.441395251154767e-12,5.3937438001309113e-05,-0.007441395251154766,0.0026968719000654553,-0.37206976255773827
with EDL,0.01,0.5171220020855057,5.43824860092153e-14,-7.380497370686253e-12,5.43824860092153e-05,-0.007380497370686253,0.0027191243004607646,-0.36902486853431266
with EDL,0.01,0.5173722627737226,5.483120619245431e-14,-7.320097858026531e-12,5.483120619245431e-05,-0.007320097858026531,0.002741560309622715,-0.36600489290132654
with EDL,0.01,0.5176225234619395,5.528362885083962e-14,-7.2601926347007524e-12,5.528362885083962e-05,-0.007260192634700752,0.0027641814425419806,-0.3630096317350376
with EDL,0.01,0.5178727841501565,5.573978453419466e-14,-7.200777655610929e-12,5.573978453419466e-05,-0.0072007776556109295,0.0027869892267097327,-0.3600388827805464
with EDL,0.01,0.5181230448383733,5.619970404441428e-14,-7.141848908762866e-12,5.619970404441428e-05,-0.007141848908762866,0.002809985202220714,-0.3570924454381433
with EDL,0.01,0.5183733055265902,5.666341843754651e-14,-7.0834024149951246e-12,5.666341843754651e-05,-0.007083402414995124,0.0028331709218773252,-0.3541701207497562
with EDL,0.01,0.5186235662148071,5.713095902588842e-14,-7.025434227710387e-12,5.7130959025888424e-05,-0.0070254342277103875,0.002856547951294421,-0.3512717113855193
with EDL,0.01,0.518873826903024,5.760235738010066e-14,-6.9679404326089894e-12,5.760235738010066e-05,-0.006967940432608989,0.002880117869005033,-0.34839702163044944
with EDL,0.01,0.5191240875912408,5.80776453313395e-14,-6.910917147424555e-12,5.807764533133949e-05,-0.006910917147424555,0.0029038822665669746,-0.3455458573712277
with EDL,0.01,0.5193743482794577,5.855685497340611e-14,-6.854360521661899e-12,5.8556854973406105e-05,-0.006854360521661899,0.0029278427486703054,-0.34271802608309493
with EDL,0.01,0.5196246089676747,5.904001866491377e-14,-6.798266736336955e-12,5.904001866491377e-05,-0.006798266736336955,0.002952000933245688,-0.3399133368168477
with EDL,0.01,0.5198748696558916,5.952716903147227e-14,-6.742632003719013e-12,5.9527169031472265e-05,-0.006742632003719013,0.002976358451573613,-0.3371316001859506
with EDL,0.01,0.5201251303441085,6.00183389678921e-14,-6.687452567074799e-12,6.001833896789209e-05,-0.006687452567074799,0.0030009169483946043,-0.33437262835373993
with EDL,0.01,0.5203753910323253,6.051356164040483e-14,-6.632724700414944e-12,6.0513561640404826e-05,-0.006632724700414944,0.0030256780820202413,-0.3316362350207472
with EDL,0.01,0.5206256517205422,6.101287048890298e-14,-6.578444708242286e-12,6.101287048890298e-05,-0.006578444708242286,0.003050643524445149,-0.3289222354121143
with EDL,0.01,0.5208759124087592,6.151629922919805e-14,-6.5246089253023646e-12,6.151629922919805e-05,-0.0065246089253023646,0.003075814961459902,-0.3262304462651182
with EDL,0.01,0.5211261730969761,6.20238818552963e-14,-6.471213716335993e-12,6.202388185529629e-05,-0.006471213716335993,0.0031011940927648143,-0.32356068581679964
with EDL,0.01,0.5213764337851929,6.253565264169587e-14,-6.41825547583366e-12,6.253565264169586e-05,-0.00641825547583366,0.003126782632084793,-0.320912773791683
with EDL,0.01,0.5216266944734098,6.305164614570003e-14,-6.365730627792159e-12,6.305164614570003e-05,-0.006365730627792159,0.0031525823072850014,-0.31828653138960794
with EDL,0.01,0.5218769551616267,6.357189720975075e-14,-6.313635625473099e-12,6.357189720975075e-05,-0.006313635625473099,0.003178594860487537,-0.3156817812736549
with EDL,0.01,0.5221272158498436,6.409644096378164e-14,-6.261966951163392e-12,6.409644096378165e-05,-0.006261966951163392,0.003204822048189082,-0.31309834755816957
with EDL,0.01,0.5223774765380604,6.462531282759015e-14,-6.210721115937734e-12,6.462531282759015e-05,-0.006210721115937734,0.003231265641379507,-0.31053605579688665
with EDL,0.01,0.5226277372262774,6.515854851322929e-14,-6.159894659423006e-12,6.515854851322929e-05,-0.006159894659423006,0.003257927425661464,-0.30799473297115026
with EDL,0.01,0.5228779979144943,6.569618402741835e-14,-6.109484149564667e-12,6.569618402741835e-05,-0.006109484149564667,0.003284809201370917,-0.30547420747823334
with EDL,0.01,0.5231282586027112,6.623825567397544e-14,-6.059486182394916e-12,6.623825567397544e-05,-0.006059486182394916,0.0033119127836987714,-0.30297430911974577
with EDL,0.01,0.523378519290928,6.678480005626828e-14,-6.009897381802878e-12,6.678480005626828e-05,-0.0060098973818028785,0.0033392400028134134,-0.3004948690901439
with EDL,0.01,0.5236287799791449,6.733585407968586e-14,-5.960714399306663e-12,6.733585407968586e-05,-0.005960714399306663,0.0033667927039842927,-0.2980357199653331
with EDL,0.01,0.5238790406673619,6.789145495413078e-14,-5.911933913827187e-12,6.789145495413078e-05,-0.005911933913827187,0.003394572747706539,-0.2955966956913593
with EDL,0.01,0.5241293013555788,6.84516401965306e-14,-5.863552631464038e-12,6.845164019653061e-05,-0.005863552631464038,0.0034225820098265297,-0.29317763157320187
with EDL,0.01,0.5243795620437957,6.901644763337322e-14,-5.815567285272904e-12,6.901644763337322e-05,-0.005815567285272904,0.0034508223816686607,-0.2907783642636452
with EDL,0.01,0.5246298227320125,6.958591540325969e-14,-5.767974635045098e-12,6.95859154032597e-05,-0.0057679746350450985,0.003479295770162984,-0.2883987317522549
with EDL,0.01,0.5248800834202294,7.016008195947989e-14,-5.720771467088685e-12,7.016008195947989e-05,-0.005720771467088685,0.003508004097973994,-0.2860385733544342
with EDL,0.01,0.5251303441084463,7.073898607260894e-14,-5.673954594011516e-12,7.073898607260894e-05,-0.005673954594011516,0.003536949303630447,-0.2836977297005758
with EDL,0.01,0.5253806047966632,7.132266683312549e-14,-5.627520854505981e-12,7.132266683312548e-05,-0.005627520854505981,0.003566133341656274,-0.28137604272529904
with EDL,0.01,0.52563086548488,7.191116365405112e-14,-5.58146711313557e-12,7.191116365405112e-05,-0.00558146711313557,0.0035955581827025553,-0.2790733556567785
with EDL,0.01,0.525881126173097,7.250451627361166e-14,-5.5357902601230896e-12,7.250451627361167e-05,-0.005535790260123089,0.0036252258136805827,-0.27678951300615445
with EDL,0.01,0.5261313868613139,7.310276475792034e-14,-5.4904872111407984e-12,7.310276475792034e-05,-0.005490487211140798,0.0036551382378960163,-0.2745243605570399
with EDL,0.01,0.5263816475495308,7.37059495036837e-14,-5.445554907101983e-12,7.37059495036837e-05,-0.005445554907101983,0.0036852974751841847,-0.27227774535509913
with EDL,0.01,0.5266319082377476,7.431411124092923e-14,-5.400990313954493e-12,7.431411124092922e-05,-0.005400990313954493,0.0037157055620464607,-0.2700495156977246
with EDL,0.01,0.5268821689259646,7.492729103575585e-14,-5.3567904224758326e-12,7.492729103575585e-05,-0.005356790422475832,0.003746364551787792,-0.2678395211237916
with EDL,0.01,0.5271324296141815,7.554553029310551e-14,-5.312952248070017e-12,7.554553029310551e-05,-0.005312952248070017,0.0037772765146552754,-0.2656476124035008
with EDL,0.01,0.5273826903023984,7.616887075956125e-14,-5.269472830565936e-12,7.616887075956125e-05,-0.005269472830565936,0.003808443537978062,-0.2634736415282968
with EDL,0.01,0.5276329509906152,7.679735452616477e-14,-5.226349234017554e-12,7.679735452616476e-05,-0.005226349234017554,0.0038398677263082382,-0.26131746170087766
with EDL,0.01,0.5278832116788321,7.743102403125891e-14,-5.183578546505633e-12,7.74310240312589e-05,-0.005183578546505634,0.003871551201562945,-0.25917892732528164
with EDL,0.01,0.528133472367049,7.806992206335333e-14,-5.141157879941095e-12,7.806992206335334e-05,-0.005141157879941095,0.0039034961031676665,-0.25705789399705475
with EDL,0.01,0.5283837330552659,7.871409176401364e-14,-5.099084369870012e-12,7.871409176401364e-05,-0.005099084369870012,0.003935704588200682,-0.2549542184935006
with EDL,0.01,0.5286339937434827,7.936357663077481e-14,-5.057355175280201e-12,7.93635766307748e-05,-0.0050573551752802,0.00396817883153874,-0.25286775876401
with EDL,0.01,0.5288842544316997,8.001842052007847e-14,-5.015967478409332e-12,8.001842052007847e-05,-0.005015967478409332,0.004000921026003923,-0.25079837392046656
with EDL,0.01,0.5291345151199166,8.067866765023323e-14,-4.974918484554765e-12,8.067866765023322e-05,-0.004974918484554764,0.004033933382511661,-0.2487459242277382
with EDL,0.01,0.5293847758081335,8.134436260440198e-14,-4.934205421884706e-12,8.134436260440199e-05,-0.004934205421884706,0.004067218130220099,-0.24671027109423527
with EDL,0.01,0.5296350364963504,8.201555033361168e-14,-4.8938255412511225e-12,8.201555033361168e-05,-0.004893825541251122,0.004100777516680584,-0.24469127706255608
with EDL,0.01,0.5298852971845673,8.269227615978906e-14,-4.85377611600406e-12,8.269227615978906e-05,-0.00485377611600406,0.004134613807989453,-0.242688805800203
with EDL,0.01,0.5301355578727842,8.337458577881935e-14,-4.814054441807625e-12,8.337458577881935e-05,-0.004814054441807625,0.004168729288940967,-0.24070272209038124
with EDL,0.01,0.5303858185610011,8.406252526363453e-14,-4.774657836457226e-12,8.406252526363453e-05,-0.004774657836457226,0.004203126263181726,-0.23873289182286128
with EDL,0.01,0.530636079249218,8.475614106732243e-14,-4.73558363969857e-12,8.475614106732243e-05,-0.00473558363969857,0.004237807053366121,-0.23677918198492848
with EDL,0.01,0.5308863399374348,8.545548002626431e-14,-4.6968292130479735e-12,8.545548002626432e-05,-0.004696829213047974,0.004272774001313215,-0.23484146065239866
with EDL,0.01,0.5311366006256517,8.616058936329729e-14,-4.658391939614237e-12,8.616058936329729e-05,-0.004658391939614237,0.004308029468164864,-0.2329195969807118
with EDL,0.01,0.5313868613138686,8.68715166909028e-14,-4.620269223921903e-12,8.687151669090281e-05,-0.004620269223921903,0.004343575834545139,-0.23101346119609514
with EDL,0.01,0.5316371220020855,8.758831001442212e-14,-4.5824584917360216e-12,8.758831001442212e-05,-0.004582458491736022,0.004379415500721105,-0.22912292458680106
with EDL,0.01,0.5318873826903024,8.831101773529791e-14,-4.544957189888302e-12,8.83110177352979e-05,-0.004544957189888302,0.004415550886764895,-0.22724785949441506
with EDL,0.01,0.5321376433785193,8.903968865434135e-14,-4.5077627861047755e-12,8.903968865434136e-05,-0.004507762786104775,0.004451984432717067,-0.22538813930523874
with EDL,0.01,0.5323879040667362,8.977437197502936e-14,-4.4708727688347e-12,8.977437197502936e-05,-0.0044708727688347,0.004488718598751468,-0.22354363844173494
with EDL,0.01,0.5326381647549531,9.051511730682555e-14,-4.434284647081035e-12,9.051511730682555e-05,-0.004434284647081035,0.004525755865341277,-0.22171423235405174
with EDL,0.01,0.5328884254431699,9.126197466853095e-14,-4.397995950232237e-12,9.126197466853095e-05,-0.0043979959502322375,0.004563098733426547,-0.21989979751161184
with EDL,0.01,0.5331386861313869,9.201499449166098e-14,-4.362004227895386e-12,9.201499449166098e-05,-0.004362004227895386,0.004600749724583048,-0.21810021139476926
with EDL,0.01,0.5333889468196038,9.27742276238506e-14,-4.326307049730815e-12,9.27742276238506e-05,-0.0043263070497308155,0.004638711381192529,-0.21631535248654074
with EDL,0.01,0.5336392075078207,9.353972533228879e-14,-4.290902005287887e-12,9.353972533228879e-05,-0.004290902005287887,0.004676986266614439,-0.21454510026439433
with EDL,0.01,0.5338894681960376,9.431153930717981e-14,-4.255786703842299e-12,9.43115393071798e-05,-0.0042557867038423,0.00471557696535899,-0.21278933519211496
with EDL,0.01,0.5341397288842544,9.508972166523337e-14,-4.220958774234633e-12,9.508972166523337e-05,-0.0042209587742346325,0.004754486083261668,-0.2110479387117316
with EDL,0.01,0.5343899895724713,9.58743249531842e-14,-4.186415864710251e-12,9.587432495318419e-05,-0.004186415864710251,0.004793716247659209,-0.20932079323551253
with EDL,0.01,0.5346402502606882,9.666540215133976e-14,-4.152155642760478e-12,9.666540215133976e-05,-0.004152155642760479,0.004833270107566987,-0.2076077821380239
with EDL,0.01,0.5348905109489052,9.74630066771587e-14,-4.1181757949650895e-12,9.74630066771587e-05,-0.004118175794965089,0.004873150333857935,-0.20590878974825444
with EDL,0.01,0.535140771637122,9.826719238885609e-14,-4.084474026836168e-12,9.82671923888561e-05,-0.004084474026836168,0.004913359619442804,-0.20422370134180837
with EDL,0.01,0.5353910323253389,9.907801358904247e-14,-4.05104806266307e-12,9.907801358904246e-05,-0.004051048062663071,0.004953900679452123,-0.20255240313315348
with EDL,0.01,0.5356412930135558,9.989552502838883e-14,-4.017895645358813e-12,9.989552502838884e-05,-0.004017895645358813,0.004994776251419441,-0.20089478226794064
with EDL,0.01,0.5358915537017727,1.0071978190932482e-13,-3.985014536307655e-12,0.00010071978190932481,-0.003985014536307655,0.00503598909546624,-0.19925072681538272
with EDL,0.01,0.5361418143899896,1.0155083988976547e-13,-3.9524025152139265e-12,0.00010155083988976547,-0.003952402515213927,0.005077541994488273,-0.19762012576069632
with EDL,0.01,0.5363920750782065,1.0238875508686925e-13,-3.920057379952158e-12,0.00010238875508686925,-0.003920057379952158,0.005119437754343462,-0.19600286899760785
with EDL,0.01,0.5366423357664234,1.0323358408082896e-13,-3.88797694641828e-12,0.00010323358408082897,-0.0038879769464182797,0.0051616792040414475,-0.19439884732091398
with EDL,0.01,0.5368925964546403,1.0408538391869064e-13,-3.85615904838222e-12,0.00010408538391869064,-0.00385615904838222,0.005204269195934532,-0.19280795241911097
with EDL,0.01,0.5371428571428571,1.0494421211820653e-13,-3.824601537341605e-12,0.00010494421211820653,-0.0038246015373416048,0.005247210605910326,-0.1912300768670802
with EDL,0.01,0.537393117831074,1.0581012667171867e-13,-3.793302282376678e-12,0.00010581012667171867,-0.0037933022823766777,0.005290506333585933,-0.18966511411883388
with EDL,0.01,0.5376433785192909,1.0668318605007498e-13,-3.762259170006426e-12,0.00010668318605007499,-0.003762259170006426,0.005334159302503748,-0.18811295850032128
with EDL,0.01,0.5378936392075078,1.0756344920657714e-13,-3.731470104045844e-12,0.00010756344920657714,-0.0037314701040458437,0.005378172460328856,-0.18657350520229216
with EDL,0.01,0.5381438998957248,1.084509755809623e-13,-3.700933005464389e-12,0.0001084509755809623,-0.003700933005464389,0.005422548779048114,-0.18504665027321943
with EDL,0.01,0.5383941605839416,1.0934582510341493e-13,-3.670645812245652e-12,0.00010934582510341493,-0.003670645812245652,0.005467291255170746,-0.18353229061228257
with EDL,0.01,0.5386444212721585,1.1024805819861602e-13,-3.640606479248034e-12,0.00011024805819861602,-0.003640606479248034,0.0055124029099308,-0.18203032396240168
with EDL,0.01,0.5388946819603754,1.1115773578982159e-13,-3.6108129780666947e-12,0.00011115773578982159,-0.0036108129780666946,0.005557886789491079,-0.1805406489033347
with EDL,0.01,0.5391449426485924,1.1207491930297703e-13,-3.5812632968965665e-12,0.00011207491930297703,-0.0035812632968965667,0.005603745965148851,-0.17906316484482832
with EDL,0.01,0.5393952033368092,1.1299967067086413e-13,-3.551955440396563e-12,0.00011299967067086413,-0.0035519554403965633,0.005649983533543206,-0.17759777201982813
with EDL,0.01,0.5396454640250261,1.1393205233728482e-13,-3.5228874295547613e-12,0.00011393205233728482,-0.0035228874295547613,0.0056966026168642405,-0.17614437147773804
with EDL,0.01,0.539895724713243,1.1487212726127636e-13,-3.4940573015548126e-12,0.00011487212726127635,-0.0034940573015548124,0.005743606363063817,-0.1747028650777406
with EDL,0.01,0.5401459854014599,1.1581995892136255e-13,-3.4654631096433994e-12,0.00011581995892136255,-0.0034654631096433996,0.005790997946068127,-0.17327315548216995
with EDL,0.01,0.5403962460896767,1.167756113198409e-13,-3.43710292299879e-12,0.00011677561131984092,-0.00343710292299879,0.005838780565992045,-0.1718551461499395
with EDL,0.01,0.5406465067778936,1.1773914898710399e-13,-3.4089748266004403e-12,0.00011773914898710399,-0.0034089748266004404,0.005886957449355199,-0.170448741330022
with EDL,0.01,0.5408967674661105,1.1871063698599648e-13,-3.3810769210996914e-12,0.00011871063698599648,-0.0033810769210996915,0.005935531849299823,-0.16905384605498455
with EDL,0.01,0.5411470281543275,1.1969014091620973e-13,-3.353407322691505e-12,0.00011969014091620973,-0.003353407322691505,0.0059845070458104865,-0.16767036613457523
with EDL,0.01,0.5413972888425443,1.206777269187091e-13,-3.3259641629873125e-12,0.00012067772691870909,-0.0033259641629873123,0.006033886345935454,-0.1662982081493656
with EDL,0.01,0.5416475495307612,1.2167346168020308e-13,-3.2987455888887653e-12,0.00012167346168020309,-0.0032987455888887655,0.006083673084010153,-0.16493727944443826
with EDL,0.01,0.5418978102189781,1.226774124376439e-13,-3.271749762462671e-12,0.0001226774124376439,-0.003271749762462671,0.006133870621882194,-0.16358748812313353
with EDL,0.01,0.542148070907195,1.2368964698276882e-13,-3.244974860816858e-12,0.00012368964698276883,-0.0032449748608168578,0.00618448234913844,-0.16224874304084289
with EDL,0.01,0.542398331595412,1.2471023366667822e-13,-3.2184190759770794e-12,0.00012471023366667823,-0.0032184190759770794,0.00623551168333391,-0.16092095379885396
with EDL,0.01,0.5426485922836288,1.2573924140444884e-13,-3.1920806147649843e-12,0.00012573924140444885,-0.0031920806147649845,0.006286962070222442,-0.1596040307382492
with EDL,0.01,0.5428988529718457,1.2677673967979022e-13,-3.165957698676956e-12,0.00012677673967979023,-0.0031659576986769558,0.00633883698398951,-0.15829788493384778
with EDL,0.01,0.5431491136600626,1.278227985497344e-13,-3.14004856376406e-12,0.00012782279854973438,-0.00314004856376406,0.006391139927486718,-0.15700242818820298
with EDL,0.01,0.5433993743482795,1.2887748864936745e-13,-3.1143514605129284e-12,0.00012887748864936745,-0.0031143514605129286,0.006443874432468372,-0.1557175730256464
with EDL,0.01,0.5436496350364963,1.2994088119659897e-13,-3.0888646537276305e-12,0.00012994088119659897,-0.0030888646537276304,0.006497044059829948,-0.15444323268638152
with EDL,0.01,0.5438998957247132,1.3101304799697097e-13,-3.06358642241249e-12,0.00013101304799697098,-0.00306358642241249,0.006550652399848548,-0.1531793211206245
with EDL,0.01,0.5441501564129302,1.3209406144850682e-13,-3.0385150596558698e-12,0.00013209406144850682,-0.00303851505965587,0.00660470307242534,-0.15192575298279348
with EDL,0.01,0.5444004171011471,1.3318399454659848e-13,-3.0136488725149656e-12,0.0001331839945465985,-0.0030136488725149655,0.006659199727329924,-0.15068244362574826
with EDL,0.01,0.5446506777893639,1.3428292088893844e-13,-2.988986181901403e-12,0.00013428292088893843,-0.0029889861819014027,0.006714146044446921,-0.14944930909507012
with EDL,0.01,0.5449009384775808,1.3539091468048638e-13,-2.9645253224679273e-12,0.00013539091468048637,-0.0029645253224679273,0.006769545734024318,-0.14822626612339634
with EDL,0.01,0.5451511991657977,1.3650805073848165e-13,-2.9402646424959194e-12,0.00013650805073848164,-0.0029402646424959195,0.006825402536924082,-0.14701323212479595
with EDL,0.01,0.5454014598540147,1.376344044974954e-13,-2.9162025037838564e-12,0.0001376344044974954,-0.0029162025037838563,0.006881720224874769,-0.1458101251891928
with EDL,0.01,0.5456517205422315,1.3877005201452202e-13,-2.8923372815367514e-12,0.00013877005201452203,-0.0028923372815367514,0.006938502600726101,-0.14461686407683755
with EDL,0.01,0.5459019812304484,1.3991506997411816e-13,-2.8686673642563466e-12,0.00013991506997411817,-0.0028686673642563465,0.006995753498705907,-0.14343336821281732
with EDL,0.01,0.5461522419186653,1.4106953569357874e-13,-2.84519115363237e-12,0.00014106953569357873,-0.00284519115363237,0.007053476784678937,-0.1422595576816185
with EDL,0.01,0.5464025026068822,1.422335271281581e-13,-2.8219070644345755e-12,0.00014223352712815812,-0.0028219070644345755,0.007111676356407905,-0.14109535322172875
with EDL,0.01,0.546652763295099,1.4340712287633436e-13,-2.798813524405708e-12,0.00014340712287633437,-0.0027988135244057083,0.007170356143816717,-0.1399406762202854
with EDL,0.01,0.5469030239833159,1.4459040218511666e-13,-2.7759089741553463e-12,0.00014459040218511667,-0.0027759089741553463,0.007229520109255832,-0.1387954487077673
with EDL,0.01,0.5471532846715328,1.4578344495539583e-13,-2.7531918670545895e-12,0.00014578344495539582,-0.0027531918670545895,0.00728917224776979,-0.13765959335272945
with EDL,0.01,0.5474035453597498,1.4698633174734084e-13,-2.7306606691316184e-12,0.00014698633174734085,-0.0027306606691316184,0.007349316587367041,-0.1365330334565809
with EDL,0.01,0.5476538060479667,1.481991437858366e-13,-2.708313858968159e-12,0.0001481991437858366,-0.0027083138589681587,0.00740995718929183,-0.13541569294840794
with EDL,0.01,0.5479040667361835,1.494219629659706e-13,-2.686149927596683e-12,0.0001494219629659706,-0.0026861499275966827,0.007471098148298529,-0.13430749637983413
with EDL,0.01,0.5481543274244004,1.5065487185856262e-13,-2.6641673783985516e-12,0.00015065487185856262,-0.0026641673783985515,0.00753274359292813,-0.13320836891992757
with EDL,0.01,0.5484045881126174,1.5189795371573976e-13,-2.642364727002941e-12,0.00015189795371573975,-0.0026423647270029413,0.007594897685786988,-0.13211823635014705
with EDL,0.01,0.5486548488008343,1.53151292476557e-13,-2.6207405011866567e-12,0.00015315129247655702,-0.0026207405011866567,0.007657564623827849,-0.13103702505933282
with EDL,0.01,0.5489051094890511,1.5441497277266773e-13,-2.599293240774645e-12,0.00015441497277266775,-0.002599293240774645,0.007720748638633386,-0.12996466203873225
with EDL,0.01,0.549155370177268,1.5568907993403674e-13,-2.5780214975414496e-12,0.00015568907993403675,-0.0025780214975414497,0.007784453996701837,-0.12890107487707247
with EDL,0.01,0.5494056308654849,1.569736999947025e-13,-2.5569238351134076e-12,0.0001569736999947025,-0.0025569238351134077,0.007848684999735124,-0.12784619175567036
with EDL,0.01,0.5496558915537018,1.5826891969858628e-13,-2.53599882887165e-12,0.0001582689196985863,-0.0025359988288716504,0.007913445984929313,-0.1267999414435825
with EDL,0.01,0.5499061522419186,1.5957482650535028e-13,-2.5152450658559135e-12,0.00015957482650535027,-0.0025152450658559133,0.007978741325267514,-0.12576225329279567
with EDL,0.01,0.5501564129301355,1.6089150859630288e-13,-2.4946611446691304e-12,0.00016089150859630288,-0.0024946611446691304,0.008044575429815144,-0.12473305723345651
with EDL,0.01,0.5504066736183525,1.622190548803536e-13,-2.474245675382779e-12,0.00016221905488035358,-0.0024742456753827787,0.008110952744017678,-0.12371228376913894
with EDL,0.01,0.5506569343065694,1.6355755500001396e-13,-2.4539972794430822e-12,0.00016355755500001396,-0.0024539972794430823,0.008177877750000697,-0.1226998639721541
with EDL,0.01,0.5509071949947862,1.6490709933745536e-13,-2.4339145895778485e-12,0.00016490709933745536,-0.0024339145895778485,0.008245354966872767,-0.12169572947889241
with EDL,0.01,0.5511574556830031,1.6626777902060867e-13,-2.4139962497042012e-12,0.00016626777902060865,-0.002413996249704201,0.008313388951030433,-0.12069981248521006
with EDL,0.01,0.55140771637122,1.6763968592931872e-13,-2.394240914836983e-12,0.00016763968592931871,-0.002394240914836983,0.008381984296465935,-0.11971204574184913
with EDL,0.01,0.551657977059437,1.6902291270154852e-13,-2.3746472509979355e-12,0.00016902291270154852,-0.0023746472509979357,0.008451145635077425,-0.11873236254989676
with EDL,0.01,0.5519082377476539,1.70417552739633e-13,-2.3552139351256627e-12,0.000170417552739633,-0.0023552139351256628,0.00852087763698165,-0.11776069675628312
with EDL,0.01,0.5521584984358707,1.7182370021658918e-13,-2.3359396549862246e-12,0.00017182370021658918,-0.0023359396549862245,0.008591185010829458,-0.11679698274931122
with EDL,0.01,0.5524087591240876,1.73241450082473e-13,-2.3168231090845805e-12,0.000173241450082473,-0.0023168231090845808,0.008662072504123649,-0.11584115545422902
with EDL,0.01,0.5526590198123045,1.746708980707907e-13,-2.297863006576681e-12,0.0001746708980707907,-0.002297863006576681,0.008733544903539534,-0.11489315032883404
with EDL,0.01,0.5529092805005213,1.7611214070496446e-13,-2.2790580671823147e-12,0.00017611214070496447,-0.002279058067182315,0.008805607035248223,-0.11395290335911572
with EDL,0.01,0.5531595411887382,1.775652753048492e-13,-2.260407021098648e-12,0.0001775652753048492,-0.002260407021098648,0.008878263765242459,-0.11302035105493238
with EDL,0.01,0.5534098018769552,1.7903039999330533e-13,-2.2419086089144924e-12,0.00017903039999330532,-0.0022419086089144925,0.008951519999665265,-0.1120954304457246
with EDL,0.01,0.5536600625651721,1.8050761370282084e-13,-2.2235615815252684e-12,0.00018050761370282085,-0.0022235615815252682,0.00902538068514104,-0.11117807907626341
with EDL,0.01,0.553910323253389,1.8199701618219684e-13,-2.205364700048632e-12,0.00018199701618219684,-0.002205364700048632,0.009099850809109841,-0.11026823500243159
with EDL,0.01,0.5541605839416058,1.8349870800328018e-13,-2.1873167357408386e-12,0.00018349870800328017,-0.002187316735740839,0.009174935400164008,-0.10936583678704191
with EDL,0.01,0.5544108446298227,1.850127905677551e-13,-2.1694164699137785e-12,0.0001850127905677551,-0.0021694164699137784,0.009250639528387755,-0.10847082349568891
with EDL,0.01,0.5546611053180397,1.8653936611399023e-13,-2.1516626938526603e-12,0.00018653936611399022,-0.00215166269385266,0.00932696830569951,-0.107583134692633
with EDL,0.01,0.5549113660062566,1.8807853772394154e-13,-2.1340542087344378e-12,0.00018807853772394154,-0.002134054208734438,0.009403926886197076,-0.10670271043672187
with EDL,0.01,0.5551616266944734,1.8963040933011455e-13,-2.116589825546802e-12,0.00018963040933011455,-0.0021165898255468022,0.009481520466505727,-0.1058294912773401
with EDL,0.01,0.5554118873826903,1.911950857225816e-13,-2.099268365007935e-12,0.0001911950857225816,-0.002099268365007935,0.009559754286129079,-0.10496341825039673
with EDL,0.01,0.5556621480709072,1.9277267255605765e-13,-2.0820886574868603e-12,0.00019277267255605766,-0.0020820886574868603,0.009638633627802881,-0.104104432874343
with EDL,0.01,0.5559124087591241,1.9436327635703431e-13,-2.06504954292447e-12,0.0001943632763570343,-0.00206504954292447,0.009718163817851715,-0.10325247714622349
with EDL,0.01,0.5561626694473409,1.959670045309739e-13,-2.0481498707551876e-12,0.0001959670045309739,-0.0020481498707551875,0.009798350226548694,-0.10240749353775938
with EDL,0.01,0.5564129301355578,1.9758396536956148e-13,-2.0313884998292896e-12,0.00019758396536956148,-0.00203138849982929,0.009879198268478074,-0.10156942499146447
with EDL,0.01,0.5566631908237748,1.9921426805801773e-13,-2.0147642983358207e-12,0.00019921426805801773,-0.0020147642983358205,0.009960713402900886,-0.10073821491679102
with EDL,0.01,0.5569134515119917,2.0085802268246927e-13,-1.998276143726211e-12,0.00020085802268246926,-0.0019982761437262113,0.010042901134123462,-0.09991380718631054
with EDL,0.01,0.5571637122002085,2.0251534023738613e-13,-1.9819229226384306e-12,0.00020251534023738612,-0.0019819229226384306,0.010125767011869305,-0.09909614613192153
with EDL,0.01,0.5574139728884254,2.0418633263307435e-13,-1.9657035308218365e-12,0.00020418633263307435,-0.0019657035308218366,0.010209316631653717,-0.09828517654109181
with EDL,0.01,0.5576642335766424,2.0587111270323364e-13,-1.9496168730625965e-12,0.00020587111270323365,-0.0019496168730625965,0.010293555635161681,-0.09748084365312981
with EDL,0.01,0.5579144942648593,2.07569794212574e-13,-1.933661863109764e-12,0.000207569794212574,-0.0019336618631097641,0.0103784897106287,-0.09668309315548819
with EDL,0.01,0.5581647549530762,2.0928249186450106e-13,-1.91783742360188e-12,0.00020928249186450107,-0.00191783742360188,0.010464124593225052,-0.095891871180094
with EDL,0.01,0.558415015641293,2.1100932130885989e-13,-1.9021424859942575e-12,0.00021100932130885987,-0.0019021424859942575,0.010550466065442993,-0.09510712429971287
with EDL,0.01,0.5586652763295099,2.127503991497441e-13,-1.886575990486825e-12,0.0002127503991497441,-0.001886575990486825,0.010637519957487204,-0.09432879952434124
with EDL,0.01,0.5589155370177268,2.1450584295336992e-13,-1.8711368859525537e-12,0.00021450584295336993,-0.0018711368859525537,0.010725292147668495,-0.09355684429762769
with EDL,0.01,0.5591657977059437,2.1627577125601417e-13,-1.855824129866487e-12,0.00021627577125601417,-0.001855824129866487,0.010813788562800707,-0.09279120649332434
with EDL,0.01,0.5594160583941605,2.1806030357201938e-13,-1.840636688235344e-12,0.0002180603035720194,-0.001840636688235344,0.010903015178600968,-0.09203183441176718
with EDL,0.01,0.5596663190823775,2.198595604018646e-13,-1.8255735355276923e-12,0.0002198595604018646,-0.0018255735355276923,0.010992978020093228,-0.09127867677638461
with EDL,0.01,0.5599165797705944,2.2167366324029782e-13,-1.8106336546047204e-12,0.0002216736632402978,-0.0018106336546047203,0.01108368316201489,-0.09053168273023601
with EDL,0.01,0.5601668404588113,2.2350273458454611e-13,-1.7958160366515216e-12,0.00022350273458454612,-0.0017958160366515217,0.011175136729227304,-0.08979080183257607
with EDL,0.01,0.5604171011470281,2.2534689794258366e-13,-1.7811196811089982e-12,0.00022534689794258367,-0.0017811196811089983,0.011267344897129182,-0.0890559840554499
with EDL,0.01,0.5606673618352451,2.2720627784147309e-13,-1.7665435956062835e-12,0.0002272062778414731,-0.0017665435956062835,0.011360313892073653,-0.08832717978031417
with EDL,0.01,0.560917622523462,2.2908099983577086e-13,-1.7520867958937644e-12,0.00022908099983577087,-0.0017520867958937644,0.011454049991788543,-0.08760433979468821
with EDL,0.01,0.5611678832116789,2.3097119051601053e-13,-1.7377483057765762e-12,0.00023097119051601053,-0.0017377483057765763,0.011548559525800526,-0.0868874152888288
with EDL,0.01,0.5614181438998957,2.3287697751724665e-13,-1.723527157048709e-12,0.00023287697751724664,-0.001723527157048709,0.01164384887586233,-0.08617635785243544
with EDL,0.01,0.5616684045881126,2.3479848952767525e-13,-1.7094223894276248e-12,0.00023479848952767524,-0.0017094223894276249,0.011739924476383761,-0.08547111947138124
with EDL,0.01,0.5619186652763295,2.3673585629732326e-13,-1.6954330504894204e-12,0.00023673585629732327,-0.0016954330504894205,0.011836792814866161,-0.08477165252447101
with EDL,0.01,0.5621689259645464,2.3868920864680885e-13,-1.6815581956045082e-12,0.00023868920864680886,-0.0016815581956045082,0.01193446043234044,-0.0840779097802254
with EDL,0.01,0.5624191866527632,2.406586784761765e-13,-1.6677968878738301e-12,0.00024065867847617648,-0.00166779688787383,0.012032933923808824,-0.0833898443936915
with EDL,0.01,0.5626694473409802,2.426443987738041e-13,-1.654148198065589e-12,0.00024264439877380407,-0.001654148198065589,0.012132219938690202,-0.08270740990327945
with EDL,0.01,0.5629197080291971,2.4464650362537775e-13,-1.6406112045525314e-12,0.00024464650362537773,-0.0016406112045525313,0.012232325181268886,-0.08203056022762656
with EDL,0.01,0.563169968717414,2.466651282229542e-13,-1.627184993249669e-12,0.0002466651282229542,-0.001627184993249669,0.01233325641114771,-0.08135924966248344
with EDL,0.01,0.5634202294056309,2.4870040887408355e-13,-1.6138686575525848e-12,0.00024870040887408354,-0.0016138686575525847,0.012435020443704176,-0.08069343287762923
with EDL,0.01,0.5636704900938477,2.5075248301101566e-13,-1.600661298276211e-12,0.00025075248301101565,-0.001600661298276211,0.012537624150550783,-0.08003306491381054
with EDL,0.01,0.5639207507820647,2.528214891999808e-13,-1.5875620235941016e-12,0.0002528214891999808,-0.0015875620235941015,0.012641074459999038,-0.07937810117970508
with EDL,0.01,0.5641710114702816,2.549075671505428e-13,-1.5745699489782346e-12,0.0002549075671505428,-0.0015745699489782346,0.01274537835752714,-0.07872849744891172
with EDL,0.01,0.5644212721584985,2.570108577250379e-13,-1.5616841971392517e-12,0.00025701085772503787,-0.0015616841971392516,0.012850542886251893,-0.07808420985696257
with EDL,0.01,0.5646715328467153,2.591315029480834e-13,-1.5489038979672418e-12,0.0002591315029480834,-0.001548903897967242,0.012956575147404168,-0.07744519489836209
with EDL,0.01,0.5649217935349322,2.612696460161687e-13,-1.5362281884729796e-12,0.0002612696460161687,-0.0015362281884729796,0.013063482300808433,-0.07681140942364897
with EDL,0.01,0.5651720542231491,2.634254313073248e-13,-1.5236562127296606e-12,0.0002634254313073248,-0.0015236562127296607,0.013171271565366236,-0.07618281063648302
with EDL,0.01,0.565422314911366,2.655990043908721e-13,-1.5111871218150908e-12,0.00026559900439087215,-0.0015111871218150908,0.013279950219543606,-0.07555935609075454
with EDL,0.01,0.565672575599583,2.6779051203725374e-13,-1.4988200737543677e-12,0.00026779051203725375,-0.0014988200737543677,0.013389525601862686,-0.07494100368771837
with EDL,0.01,0.5659228362877998,2.700001022279385e-13,-1.4865542334630423e-12,0.0002700001022279385,-0.0014865542334630423,0.013500005111396924,-0.07432771167315211
with EDL,0.01,0.5661730969760167,2.722279241654227e-13,-1.474388772690706e-12,0.0002722279241654227,-0.001474388772690706,0.013611396208271133,-0.0737194386345353
with EDL,0.01,0.5664233576642336,2.744741282832996e-13,-1.4623228699650724e-12,0.00027447412828329965,-0.0014623228699650725,0.01372370641416498,-0.07311614349825361
with EDL,0.01,0.5666736183524504,2.7673886625641774e-13,-1.4503557105365144e-12,0.00027673886625641773,-0.0014503557105365144,0.013836943312820886,-0.07251778552682571
with EDL,0.01,0.5669238790406674,2.790222910111252e-13,-1.4384864863230325e-12,0.00027902229101112516,-0.0014384864863230325,0.01395111455055626,-0.07192432431615162
with EDL,0.01,0.5671741397288843,2.813245567355912e-13,-1.426714395855715e-12,0.0002813245567355912,-0.0014267143958557151,0.014066227836779558,-0.07133571979278575
with EDL,0.01,0.5674244004171012,2.8364581889022384e-13,-1.4150386442245913e-12,0.0002836458188902238,-0.0014150386442245912,0.01418229094451119,-0.07075193221122955
with EDL,0.01,0.5676746611053181,2.859862342181626e-13,-1.4034584430249676e-12,0.0002859862342181626,-0.0014034584430249676,0.01429931171090813,-0.07017292215124837
with EDL,0.01,0.5679249217935349,2.883459607558653e-13,-1.391973010304189e-12,0.0002883459607558653,-0.001391973010304189,0.014417298037793265,-0.06959865051520944
with EDL,0.01,0.5681751824817518,2.907251578437782e-13,-1.380581570508846e-12,0.00029072515784377823,-0.001380581570508846,0.01453625789218891,-0.0690290785254423
with EDL,0.01,0.5684254431699687,2.9312398613709574e-13,-1.36928335443239e-12,0.00029312398613709576,-0.0013692833544323901,0.014656199306854785,-0.06846416772161949
with EDL,0.01,0.5686757038581856,2.955426076166081e-13,-1.358077599163202e-12,0.0002955426076166081,-0.001358077599163202,0.014777130380830405,-0.0679038799581601
with EDL,0.01,0.5689259645464025,2.9798118559964225e-13,-1.3469635480330756e-12,0.00029798118559964227,-0.0013469635480330756,0.01489905927998211,-0.06734817740165377
with EDL,0.01,0.5691762252346194,3.0043988475108184e-13,-1.3359404505661291e-12,0.00030043988475108186,-0.0013359404505661292,0.01502199423755409,-0.06679702252830645
with EDL,0.01,0.5694264859228363,3.0291887109449697e-13,-1.325007562428116e-12,0.000302918871094497,-0.001325007562428116,0.015145943554724848,-0.0662503781214058
with EDL,0.01,0.5696767466110532,3.054183120233473e-13,-1.314164145376175e-12,0.00030541831202334727,-0.001314164145376175,0.015270915601167364,-0.06570820726880874
with EDL,0.01,0.5699270072992701,3.079383763122893e-13,-1.3034094672089699e-12,0.0003079383763122893,-0.0013034094672089698,0.015396918815614462,-0.06517047336044848
with EDL,0.01,0.570177267987487,3.1047923412856755e-13,-1.2927428017172675e-12,0.00031047923412856756,-0.0012927428017172676,0.015523961706428375,-0.06463714008586337
with EDL,0.01,0.5704275286757039,3.130410570435122e-13,-1.2821634286348774e-12,0.0003130410570435122,-0.0012821634286348774,0.015652052852175607,-0.06410817143174387
with EDL,0.01,0.5706777893639208,3.1562401804411986e-13,-1.2716706335900264e-12,0.0003156240180441199,-0.0012716706335900265,0.015781200902205993,-0.06358353167950132
with EDL,0.01,0.5709280500521376,3.1822829154473505e-13,-1.2612637080571232e-12,0.00031822829154473507,-0.0012612637080571232,0.01591141457723675,-0.06306318540285616
with EDL,0.01,0.5711783107403545,3.208540533988286e-13,-1.2509419493089092e-12,0.0003208540533988286,-0.0012509419493089092,0.016042702669941428,-0.06254709746544546
with EDL,0.01,0.5714285714285714,3.235014809108718e-13,-1.2407046603690127e-12,0.0003235014809108718,-0.0012407046603690128,0.016175074045543587,-0.06203523301845063
with EDL,0.01,0.5716788321167883,3.261707528483078e-13,-1.2305511499648803e-12,0.00032617075284830776,-0.0012305511499648802,0.016308537642415386,-0.061527557498244005
with EDL,0.01,0.5719290928050053,3.2886204945362615e-13,-1.2204807324810973e-12,0.00032886204945362617,-0.0012204807324810972,0.016443102472681305,-0.06102403662405486
with EDL,0.01,0.5721793534932221,3.3157555245652613e-13,-1.2104927279131071e-12,0.00033157555245652613,-0.0012104927279131073,0.016578777622826304,-0.06052463639565535
with EDL,0.01,0.572429614181439,3.3431144508619814e-13,-1.2005864618212745e-12,0.00033431144508619815,-0.0012005864618212746,0.016715572254309904,-0.060029323091063715
with EDL,0.01,0.5726798748696559,3.3706991208368985e-13,-1.19076126528535e-12,0.00033706991208368983,-0.00119076126528535,0.01685349560418449,-0.05953806326426749
with EDL,0.01,0.5729301355578728,3.3985113971438154e-13,-1.1810164748593055e-12,0.00033985113971438157,-0.0011810164748593055,0.016992556985719075,-0.05905082374296527
with EDL,0.01,0.5731803962460897,3.4265531578056635e-13,-1.1713514325265278e-12,0.00034265531578056633,-0.0011713514325265278,0.017132765789028316,-0.058567571626326385
with EDL,0.01,0.5734306569343066,3.4548262963412586e-13,-1.1617654856554026e-12,0.00034548262963412585,-0.0011617654856554025,0.01727413148170629,-0.05808827428277013
with EDL,0.01,0.5736809176225235,3.4833327218932365e-13,-1.152257986955223e-12,0.00034833327218932364,-0.0011522579869552231,0.01741666360946618,-0.05761289934776114
with EDL,0.01,0.5739311783107404,3.512074359356911e-13,-1.1428282944324958e-12,0.0003512074359356911,-0.0011428282944324958,0.017560371796784553,-0.05714141472162478
with EDL,0.01,0.5741814389989572,3.5410531495102775e-13,-1.1334757713475853e-12,0.0003541053149510277,-0.0011334757713475853,0.017705265747551387,-0.05667378856737926
with EDL,0.01,0.5744316996871741,3.570271049145059e-13,-1.124199786171719e-12,0.0003570271049145059,-0.001124199786171719,0.017851355245725294,-0.05620998930858594
with EDL,0.01,0.574681960375391,3.5997300311988374e-13,-1.1149997125443475e-12,0.0003599730031198837,-0.0011149997125443475,0.017998650155994184,-0.05574998562721737
with EDL,0.01,0.574932221063608,3.6294320848882855e-13,-1.105874929230838e-12,0.00036294320848882853,-0.001105874929230838,0.018147160424441425,-0.0552937464615419
with EDL,0.01,0.5751824817518248,3.6593792158434327e-13,-1.0968248200805458e-12,0.0003659379215843433,-0.0010968248200805457,0.01829689607921716,-0.054841241004027284
with EDL,0.01,0.5754327424400417,3.689573446243195e-13,-1.0878487739851863e-12,0.00036895734462431953,-0.0010878487739851863,0.018447867231215973,-0.05439243869925931
with EDL,0.01,0.5756830031282586,3.720016814951854e-13,-1.0789461848375835e-12,0.0003720016814951854,-0.0010789461848375835,0.018600084074759268,-0.05394730924187917
with EDL,0.01,0.5759332638164755,3.750711377656736e-13,-1.0701164514907374e-12,0.0003750711377656736,-0.0010701164514907375,0.018753556888283677,-0.05350582257453687
with EDL,0.01,0.5761835245046925,3.7816592070070556e-13,-1.061358977717231e-12,0.00037816592070070553,-0.001061358977717231,0.018908296035035275,-0.05306794888586154
with EDL,0.01,0.5764337851929093,3.8128623927538035e-13,-1.0526731721689822e-12,0.0003812862392753803,-0.0010526731721689823,0.019064311963769016,-0.0526336586084491
with EDL,0.01,0.5766840458811262,3.844323041890945e-13,-1.0440584483372908e-12,0.00038443230418909447,-0.0010440584483372907,0.019221615209454722,-0.05220292241686454
with EDL,0.01,0.5769343065693431,3.876043278797639e-13,-1.035514224513257e-12,0.00038760432787976386,-0.0010355142245132571,0.01938021639398819,-0.051775711225662845
with EDL,0.01,0.57718456725756,3.9080252453816867e-13,-1.027039923748484e-12,0.0003908025245381687,-0.001027039923748484,0.01954012622690843,-0.0513519961874242
with EDL,0.01,0.5774348279457768,3.940271101224191e-13,-1.0186349738161294e-12,0.00039402711012241913,-0.0010186349738161293,0.019701355506120954,-0.05093174869080646
with EDL,0.01,0.5776850886339937,3.9727830237253593e-13,-1.010298807172265e-12,0.0003972783023725359,-0.001010298807172265,0.019863915118626795,-0.050514940358613244
with EDL,0.01,0.5779353493222106,4.005563208251554e-13,-1.0020308609175494e-12,0.0004005563208251554,-0.0010020308609175494,0.02002781604125777,-0.05010154304587746
with EDL,0.01,0.5781856100104276,4.0386138682835004e-13,-9.938305767592166e-13,0.00040386138682835005,-0.0009938305767592166,0.0201930693414175,-0.049691528837960824
with EDL,0.01,0.5784358706986444,4.0719372355657623e-13,-9.85697400973395e-13,0.00040719372355657623,-0.000985697400973395,0.02035968617782881,-0.049284870048669736
with EDL,0.01,0.5786861313868613,4.105535560257484e-13,-9.776307843676877e-13,0.0004105535560257484,-0.0009776307843676877,0.02052767780128742,-0.04888153921838438
with EDL,0.01,0.5789363920750782,4.139411111084285e-13,-9.696301822441129e-13,0.0004139411111084285,-0.0009696301822441129,0.020697055555421423,-0.04848150911220564
with EDL,0.01,0.5791866527632952,4.173566175491477e-13,-9.616950543623068e-13,0.0004173566175491477,-0.0009616950543623068,0.02086783087745738,-0.04808475271811534
with EDL,0.01,0.579436913451512,4.208003059798478e-13,-9.538248649030627e-13,0.0004208003059798478,-0.0009538248649030627,0.02104001529899239,-0.047691243245153135
with EDL,0.01,0.5796871741397289,4.242724089354628e-13,-9.460190824321287e-13,0.0004242724089354628,-0.0009460190824321287,0.02121362044677314,-0.04730095412160643
with EDL,0.01,0.5799374348279458,4.2777316086961486e-13,-9.382771798643367e-13,0.0004277731608696149,-0.0009382771798643367,0.02138865804348074,-0.04691385899321683
with EDL,0.01,0.5801876955161627,4.3130279817044763e-13,-9.305986344280046e-13,0.00043130279817044765,-0.0009305986344280046,0.02156513990852238,-0.04652993172140022
with EDL,0.01,0.5804379562043795,4.348615591765871e-13,-9.22982927629639e-13,0.00043486155917658707,-0.0009229829276296389,0.021743077958829352,-0.046149146381481945
with EDL,0.01,0.5806882168925964,4.3844968419323815e-13,-9.154295452189225e-13,0.00043844968419323813,-0.0009154295452189226,0.021922484209661905,-0.045771477260946124
with EDL,0.01,0.5809384775808133,4.4206741550840704e-13,-9.079379771539925e-13,0.00044206741550840707,-0.0009079379771539924,0.02210337077542035,-0.04539689885769962
with EDL,0.01,0.5811887382690303,4.4571499740926713e-13,-9.005077175669903e-13,0.0004457149974092671,-0.0009005077175669904,0.022285749870463355,-0.04502538587834951
with EDL,0.01,0.5814389989572472,4.4939267619864706e-13,-8.931382647299239e-13,0.00044939267619864705,-0.0008931382647299239,0.02246963380993235,-0.04465691323649619
with EDL,0.01,0.581689259645464,4.5310070021167085e-13,-8.85829121020762e-13,0.0004531007002116708,-0.000885829121020762,0.02265503501058354,-0.0442914560510381
with EDL,0.01,0.5819395203336809,4.568393198325214e-13,-8.785797928898482e-13,0.0004568393198325214,-0.0008785797928898483,0.022841965991626068,-0.043928989644492406
with EDL,0.01,0.5821897810218978,4.60608787511349e-13,-8.713897908265736e-13,0.000460608787511349,-0.0008713897908265737,0.02303043937556745,-0.04356948954132868
with EDL,0.01,0.5824400417101148,4.644093577813186e-13,-8.642586293263133e-13,0.00046440935778131856,-0.0008642586293263133,0.023220467889065927,-0.04321293146631566
with EDL,0.01,0.5826903023983316,4.682412872757924e-13,-8.571858268576614e-13,0.00046824128727579245,-0.0008571858268576613,0.023412064363789616,-0.04285929134288306
with EDL,0.01,0.5829405630865485,4.721048347456677e-13,-8.501709058298911e-13,0.0004721048347456677,-0.0008501709058298912,0.023605241737283386,-0.04250854529149455
with EDL,0.01,0.5831908237747654,4.760002610768437e-13,-8.432133925607243e-13,0.00047600026107684365,-0.0008432133925607244,0.02380001305384218,-0.04216066962803621
with EDL,0.01,0.5834410844629823,4.799278293078363e-13,-8.36312817244337e-13,0.00047992782930783627,-0.0008363128172443371,0.02399639146539181,-0.04181564086221685
with EDL,0.01,0.5836913451511991,4.838878046475447e-13,-8.294687139196385e-13,0.0004838878046475447,-0.0008294687139196384,0.02419439023237723,-0.04147343569598192
with EDL,0.01,0.583941605839416,4.87880454493154e-13,-8.226806204388092e-13,0.000487880454493154,-0.0008226806204388092,0.0243940227246577,-0.04113403102194046
with EDL,0.01,0.584191866527633,4.919060484481982e-13,-8.159480784360865e-13,0.0004919060484481982,-0.0008159480784360866,0.02459530242240991,-0.04079740392180432
with EDL,0.01,0.5844421272158499,4.959648583407554e-13,-8.092706332968311e-13,0.0004959648583407553,-0.0008092706332968311,0.024798242917037763,-0.04046353166484155
with EDL,0.01,0.5846923879040667,5.000571582418123e-13,-8.02647834126806e-13,0.0005000571582418123,-0.000802647834126806,0.025002857912090615,-0.040132391706340295
with EDL,0.01,0.5849426485922836,5.041832244837675e-13,-7.960792337217443e-13,0.0005041832244837676,-0.0007960792337217443,0.025209161224188373,-0.039803961686087214
with EDL,0.01,0.5851929092805005,5.083433356790897e-13,-7.895643885371511e-13,0.0005083433356790896,-0.0007895643885371511,0.02541716678395448,-0.03947821942685755
with EDL,0.01,0.5854431699687175,5.125377727391323e-13,-7.831028586583446e-13,0.0005125377727391323,-0.0007831028586583447,0.025626888636956613,-0.039155142932917227
with EDL,0.01,0.5856934306569344,5.167668188930989e-13,-7.766942077707688e-13,0.0005167668188930989,-0.0007766942077707689,0.025838340944654942,-0.03883471038853844
with EDL,0.01,0.5859436913451512,5.210307597071734e-13,-7.703380031305087e-13,0.0005210307597071734,-0.0007703380031305087,0.026051537985358666,-0.03851690015652543
with EDL,0.01,0.5861939520333681,5.253298831038e-13,-7.640338155350831e-13,0.0005253298831038,-0.000764033815535083,0.026266494155189998,-0.03820169077675415
with EDL,0.01,0.586444212721585,5.296644793811257e-13,-7.577812192944619e-13,0.0005296644793811257,-0.0007577812192944618,0.026483223969056283,-0.03788906096472309
with EDL,0.01,0.5866944734098019,5.340348412326021e-13,-7.515797922023173e-13,0.0005340348412326021,-0.0007515797922023172,0.0267017420616301,-0.03757898961011586
with EDL,0.01,0.5869447340980187,5.38441263766748e-13,-7.454291155075162e-13,0.000538441263766748,-0.0007454291155075162,0.026922063188337397,-0.03727145577537581
with EDL,0.01,0.5871949947862356,5.428840445270817e-13,-7.393287738858464e-13,0.0005428840445270817,-0.0007393287738858464,0.02714420222635408,-0.036966438694292315
with EDL,0.01,0.5874452554744526,5.473634835122082e-13,-7.332783554119642e-13,0.0005473634835122082,-0.0007332783554119642,0.027368174175610407,-0.03666391777059821
with EDL,0.01,0.5876955161626695,5.518798831960756e-13,-7.27277451531595e-13,0.0005518798831960755,-0.000727277451531595,0.027593994159803778,-0.03636387257657975
with EDL,0.01,0.5879457768508863,5.564335485484038e-13,-7.213256570339258e-13,0.0005564335485484038,-0.0007213256570339258,0.027821677427420186,-0.03606628285169629
with EDL,0.01,0.5881960375391032,5.610247870552759e-13,-7.154225700242548e-13,0.0005610247870552759,-0.0007154225700242549,0.028051239352763793,-0.03577112850121274
with EDL,0.01,0.5884462982273202,5.656539087399024e-13,-7.095677918968512e-13,0.0005656539087399024,-0.0007095677918968512,0.028282695436995114,-0.035478389594842556
with EDL,0.01,0.5886965589155371,5.703212261835481e-13,-7.037609273080463e-13,0.0005703212261835481,-0.0007037609273080463,0.0285160613091774,-0.03518804636540231
with EDL,0.01,0.588946819603754,5.750270545466499e-13,-6.980015841495231e-13,0.0005750270545466498,-0.0006980015841495231,0.02875135272733249,-0.03490007920747615
with EDL,0.01,0.5891970802919708,5.797717115900923e-13,-6.922893735218496e-13,0.0005797717115900923,-0.0006922893735218495,0.02898858557950461,-0.034614468676092476
with EDL,0.01,0.5894473409801877,5.845555176966658e-13,-6.866239097082183e-13,0.0005845555176966658,-0.0006866239097082183,0.029227775884833284,-0.03433119548541091
with EDL,0.01,0.5896976016684046,5.893787958926969e-13,-6.810048101483964e-13,0.0005893787958926969,-0.0006810048101483964,0.029468939794634844,-0.03405024050741982
with EDL,0.01,0.5899478623566214,5.942418718698656e-13,-6.754316954128966e-13,0.0005942418718698656,-0.0006754316954128966,0.029712093593493277,-0.033771584770644826
with EDL,0.01,0.5901981230448383,5.991450740071958e-13,-6.699041891773539e-13,0.0005991450740071958,-0.0006699041891773538,0.029957253700359784,-0.03349520945886769
with EDL,0.01,0.5904483837330553,6.040887333932302e-13,-6.644219181971154e-13,0.0006040887333932302,-0.0006644219181971153,0.030204436669661508,-0.033221095909855766
with EDL,0.01,0.5906986444212722,6.090731838483804e-13,-6.589845122820432e-13,0.0006090731838483803,-0.0006589845122820432,0.030453659192419016,-0.03294922561410216
with EDL,0.01,0.590948905109489,6.140987619474778e-13,-6.535916042715036e-13,0.0006140987619474778,-0.0006535916042715036,0.030704938097373884,-0.03267958021357518
with EDL,0.01,0.5911991657977059,6.19165807042496e-13,-6.482428300095843e-13,0.000619165807042496,-0.0006482428300095843,0.030958290352124794,-0.03241214150047921
with EDL,0.01,0.5914494264859229,6.242746612854675e-13,-6.429378283205019e-13,0.0006242746612854675,-0.0006429378283205019,0.031213733064273375,-0.03214689141602509
with EDL,0.01,0.5916996871741398,6.294256696515799e-13,-6.376762409842208e-13,0.0006294256696515799,-0.0006376762409842207,0.03147128348257899,-0.031883812049211036
with EDL,0.01,0.5919499478623567,6.346191799624829e-13,-6.324577127122503e-13,0.0006346191799624829,-0.0006324577127122503,0.03173095899812414,-0.03162288563561251
with EDL,0.01,0.5922002085505735,6.398555429097645e-13,-6.272818911236639e-13,0.0006398555429097645,-0.0006272818911236639,0.031992777145488226,-0.03136409455618319
with EDL,0.01,0.5924504692387904,6.45135112078639e-13,-6.221484267213021e-13,0.000645135112078639,-0.0006221484267213021,0.03225675560393195,-0.031107421336065103
with EDL,0.01,0.5927007299270073,6.504582439718149e-13,-6.170569728681744e-13,0.0006504582439718149,-0.0006170569728681744,0.03252291219859074,-0.030852848643408717
with EDL,0.01,0.5929509906152242,6.558252980335741e-13,-6.120071857640491e-13,0.0006558252980335741,-0.0006120071857640491,0.032791264901678704,-0.030600359288202456
with EDL,0.01,0.593201251303441,6.612366366740421e-13,-6.069987244222413e-13,0.0006612366366740421,-0.0006069987244222414,0.0330618318337021,-0.03034993622111206
with EDL,0.01,0.593451511991658,6.666926252936601e-13,-6.020312506465833e-13,0.00066669262529366,-0.0006020312506465833,0.033334631264683,-0.030101562532329165
with EDL,0.01,0.5937017726798749,6.72193632307851e-13,-5.971044290085993e-13,0.000672193632307851,-0.0005971044290085994,0.033609681615392545,-0.029855221450429965
with EDL,0.01,0.5939520333680918,6.777400291719107e-13,-5.922179268248411e-13,0.0006777400291719107,-0.0005922179268248411,0.03388700145859553,-0.02961089634124205
with EDL,0.01,0.5942022940563086,6.833321904060782e-13,-5.873714141344306e-13,0.0006833321904060782,-0.0005873714141344306,0.034166609520303905,-0.02936857070672153
with EDL,0.01,0.5944525547445255,6.889704936208326e-13,-5.825645636767796e-13,0.0006889704936208326,-0.0005825645636767797,0.03444852468104163,-0.029128228183838978
with EDL,0.01,0.5947028154327425,6.946553195423899e-13,-5.777970508694892e-13,0.0006946553195423899,-0.0005777970508694892,0.03473276597711949,-0.028889852543474457
with EDL,0.01,0.5949530761209594,7.003870520384027e-13,-5.730685537864399e-13,0.0007003870520384027,-0.0005730685537864399,0.03501935260192013,-0.028653427689321994
with EDL,0.01,0.5952033368091763,7.061660781438965e-13,-5.683787531360409e-13,0.0007061660781438965,-0.0005683787531360409,0.03530830390719482,-0.028418937656802038
with EDL,0.01,0.5954535974973931,7.119927880873925e-13,-5.63727332239678e-13,0.0007119927880873925,-0.000563727332239678,0.035599639404369623,-0.0281863666119839
with EDL,0.01,0.59570385818561,7.178675753172601e-13,-5.591139770103303e-13,0.00071786757531726,-0.0005591139770103304,0.035893378765863,-0.027955698850516512
with EDL,0.01,0.5959541188738269,7.237908365282889e-13,-5.545383759313583e-13,0.0007237908365282889,-0.0005545383759313582,0.03618954182641444,-0.02772691879656791
with EDL,0.01,0.5962043795620438,7.297629716884694e-13,-5.500002200354699e-13,0.0007297629716884694,-0.0005500002200354699,0.036488148584423466,-0.02750001100177349
with EDL,0.01,0.5964546402502607,7.357843840660079e-13,-5.454992028838559e-13,0.0007357843840660079,-0.0005454992028838559,0.03678921920330039,-0.027274960144192794
with EDL,0.01,0.5967049009384776,7.418554802565446e-13,-5.41035020545506e-13,0.0007418554802565446,-0.000541035020545506,0.03709277401282723,-0.0270517510272753
with EDL,0.01,0.5969551616266945,7.479766702106252e-13,-5.366073715766733e-13,0.0007479766702106252,-0.0005366073715766733,0.037398833510531256,-0.026830368578833662
with EDL,0.01,0.5972054223149114,7.541483672613732e-13,-5.322159570005264e-13,0.0007541483672613732,-0.0005322159570005264,0.03770741836306866,-0.026610797850026315
with EDL,0.01,0.5974556830031282,7.603709881523993e-13,-5.278604802869604e-13,0.0007603709881523993,-0.0005278604802869604,0.038018549407619964,-0.026393024014348017
with EDL,0.01,0.5977059436913452,7.666449530659502e-13,-5.235406473325707e-13,0.0007666449530659502,-0.0005235406473325708,0.038332247653297506,-0.026177032366628532
with EDL,0.01,0.5979562043795621,7.729706856512661e-13,-5.19256166440803e-13,0.000772970685651266,-0.000519256166440803,0.0386485342825633,-0.02596280832204015
with EDL,0.01,0.598206465067779,7.793486130532079e-13,-5.150067483022442e-13,0.0007793486130532079,-0.0005150067483022442,0.038967430652660395,-0.025750337415112207
with EDL,0.01,0.5984567257559958,7.857791659410808e-13,-5.107921059750928e-13,0.0007857791659410808,-0.0005107921059750928,0.03928895829705403,-0.025539605298754636
with EDL,0.01,0.5987069864442127,7.922627785377298e-13,-5.066119548657829e-13,0.0007922627785377298,-0.0005066119548657829,0.03961313892688648,-0.025330597743289145
with EDL,0.01,0.5989572471324296,7.987998886488529e-13,-5.024660127097684e-13,0.000798799888648853,-0.0005024660127097685,0.039939994432442644,-0.02512330063548842
with EDL,0.01,0.5992075078206465,8.053909376925667e-13,-4.983539995524598e-13,0.0008053909376925667,-0.0004983539995524598,0.04026954688462833,-0.024917699977622988
with EDL,0.01,0.5994577685088633,8.120363707292095e-13,-4.942756377303224e-13,0.0008120363707292095,-0.0004942756377303224,0.04060181853646047,-0.024713781886516118
with EDL,0.01,0.5997080291970803,8.187366364914023e-13,-4.902306518521246e-13,0.0008187366364914023,-0.0004902306518521246,0.04093683182457011,-0.02451153259260623
with EDL,0.01,0.5999582898852972,8.254921874143339e-13,-4.862187687803505e-13,0.0008254921874143339,-0.00048621876878035054,0.04127460937071669,-0.024310938439017524
with EDL,0.01,0.6002085505735141,8.323034796663314e-13,-4.822397176127443e-13,0.0008323034796663315,-0.0004822397176127443,0.041615173983316565,-0.024111985880637215
with EDL,0.01,0.600458811261731,8.391709731796477e-13,-4.782932296640245e-13,0.0008391709731796477,-0.0004782932296640245,0.04195854865898238,-0.023914661483201222
with EDL,0.01,0.6007090719499479,8.46095131681529e-13,-4.743790384477377e-13,0.000846095131681529,-0.00047437903844773776,0.042304756584076446,-0.023718951922386884
with EDL,0.01,0.6009593326381648,8.530764227255131e-13,-4.70496879658273e-13,0.0008530764227255132,-0.000470496879658273,0.04265382113627565,-0.02352484398291365
with EDL,0.01,0.6012095933263817,8.60115317723021e-13,-4.666464911530008e-13,0.000860115317723021,-0.0004666464911530008,0.04300576588615105,-0.023332324557650035
with EDL,0.01,0.6014598540145986,8.672122919751719e-13,-4.62827612934582e-13,0.0008672122919751719,-0.000462827612934582,0.04336061459875859,-0.023141380646729097
with EDL,0.01,0.6017101147028154,8.743678247048863e-13,-4.590399871334075e-13,0.0008743678247048863,-0.00045903998713340747,0.04371839123524431,-0.02295199935667037
with EDL,0.01,0.6019603753910323,8.81582399089245e-13,-4.552833579901865e-13,0.000881582399089245,-0.00045528335799018655,0.044079119954462245,-0.022764167899509323
with EDL,0.01,0.6022106360792492,8.88856502292114e-13,-4.5155747183867736e-13,0.000888856502292114,-0.00045155747183867734,0.04444282511460569,-0.022577873591933865
with EDL,0.01,0.6024608967674661,8.961906254970382e-13,-4.478620770885565e-13,0.0008961906254970382,-0.0004478620770885565,0.044809531274851905,-0.02239310385442782
with EDL,0.01,0.602711157455683,9.035852639404169e-13,-4.441969242084306e-13,0.0009035852639404169,-0.0004441969242084306,0.04517926319702084,-0.02220984621042153
with EDL,0.01,0.6029614181438999,9.110409169449276e-13,-4.4056176570899135e-13,0.0009110409169449275,-0.00044056176570899134,0.04555204584724638,-0.022028088285449565
with EDL,0.01,0.6032116788321168,9.185580879532639e-13,-4.36956356126296e-13,0.0009185580879532639,-0.000436956356126296,0.045927904397663186,-0.021847817806314798
with EDL,0.01,0.6034619395203337,9.261372845621172e-13,-4.333804520051971e-13,0.0009261372845621172,-0.0004333804520051971,0.04630686422810585,-0.021669022600259852
with EDL,0.01,0.6037122002085505,9.337790185564536e-13,-4.298338118829027e-13,0.0009337790185564536,-0.00042983381188290267,0.04668895092782267,-0.021491690594145133
with EDL,0.01,0.6039624608967675,9.414838059440792e-13,-4.263161962726694e-13,0.0009414838059440792,-0.0004263161962726694,0.04707419029720395,-0.021315809813633468
with EDL,0.01,0.6042127215849844,9.492521669904692e-13,-4.22827367647638e-13,0.0009492521669904691,-0.000422827367647638,0.047462608349523455,-0.021141368382381898
with EDL,0.01,0.6044629822732013,9.570846262539132e-13,-4.1936709042478523e-13,0.0009570846262539132,-0.00041936709042478525,0.04785423131269565,-0.020968354521239258
with EDL,0.01,0.6047132429614182,9.649817126209297e-13,-4.159351309490206e-13,0.0009649817126209297,-0.0004159351309490206,0.04824908563104648,-0.02079675654745103
with EDL,0.01,0.604963503649635,9.729439593419813e-13,-4.125312574774089e-13,0.0009729439593419813,-0.00041253125747740886,0.04864719796709906,-0.020626562873870442
with EDL,0.01,0.6052137643378519,9.809719040674796e-13,-4.09155240163521e-13,0.0009809719040674797,-0.000409155240163521,0.04904859520337398,-0.020457762008176048
with EDL,0.01,0.6054640250260688,9.89066088884093e-13,-4.0580685104191457e-13,0.000989066088884093,-0.00040580685104191455,0.04945330444420464,-0.020290342552095726
with EDL,0.01,0.6057142857142858,9.972270603513502e-13,-4.0248586401273827e-13,0.0009972270603513503,-0.00040248586401273826,0.0498613530175675,-0.02012429320063691
with EDL,0.01,0.6059645464025026,1.0054553695385372e-12,-3.9919205482646974e-13,0.001005455369538537,-0.00039919205482646974,0.050272768476926855,-0.019959602741323485
with EDL,0.01,0.6062148070907195,1.0137515720619283e-12,-3.9592520106876523e-13,0.0010137515720619282,-0.00039592520106876525,0.05068757860309641,-0.01979626005343826
with EDL,0.01,0.6064650677789364,1.0221162281222879e-12,-3.926850821454477e-13,0.0010221162281222878,-0.0003926850821454477,0.05110581140611439,-0.019634254107272382
with EDL,0.01,0.6067153284671533,1.030549902542705e-12,-3.894714792676077e-13,0.001030549902542705,-0.0003894714792676077,0.05152749512713524,-0.019473573963380383
with EDL,0.01,0.6069655891553702,1.0390531648067322e-12,-3.8628417543682935e-13,0.0010390531648067321,-0.0003862841754368294,0.051952658240336604,-0.019314208771841465
with EDL,0.01,0.6072158498435871,1.047626589096826e-12,-3.8312295543054434e-13,0.001047626589096826,-0.00038312295543054437,0.0523813294548413,-0.019156147771527215
with EDL,0.01,0.607466110531804,1.0562707543331464e-12,-3.7998760578748796e-13,0.0010562707543331463,-0.00037998760578748797,0.05281353771665732,-0.018999380289374396
with EDL,0.01,0.6077163712200209,1.0649862442126284e-12,-3.768779147932935e-13,0.0010649862442126284,-0.0003768779147932935,0.05324931221063141,-0.018843895739664673
with EDL,0.01,0.6079666319082377,1.0737736472483975e-12,-3.737936724661926e-13,0.0010737736472483975,-0.0003737936724661926,0.05368868236241987,-0.018689683623309628
with EDL,0.01,0.6082168925964546,1.0826335568095164e-12,-3.707346705428373e-13,0.0010826335568095164,-0.0003707346705428373,0.05413167784047582,-0.01853673352714186
with EDL,0.01,0.6084671532846715,1.091566571161047e-12,-3.677007024642373e-13,0.0010915665711610468,-0.0003677007024642373,0.054578328558052336,-0.018385035123211865
with EDL,0.01,0.6087174139728884,1.100573293504449e-12,-3.6469156336181226e-13,0.0011005732935044491,-0.0003646915633618123,0.055028664675222445,-0.018234578168090612
with EDL,0.01,0.6089676746611054,1.1096543320183146e-12,-3.61707050043555e-13,0.0011096543320183146,-0.00036170705004355503,0.05548271660091572,-0.01808535250217775
with EDL,0.01,0.6092179353493222,1.1188102998994222e-12,-3.587469609803182e-13,0.0011188102998994222,-0.00035874696098031817,0.0559405149949711,-0.017937348049015908
with EDL,0.01,0.6094681960375391,1.1280418154041644e-12,-3.5581109629219694e-13,0.0011280418154041645,-0.0003558110962921969,0.05640209077020822,-0.017790554814609845
with EDL,0.01,0.609718456725756,1.1373495018902815e-12,-3.528992577350385e-13,0.0011373495018902815,-0.0003528992577350385,0.05686747509451407,-0.017644962886751926
with EDL,0.01,0.609968717413973,1.1467339878589592e-12,-3.500112486870516e-13,0.0011467339878589592,-0.00035001124868705164,0.05733669939294795,-0.01750056243435258
with EDL,0.01,0.6102189781021898,1.1561959069972496e-12,-3.471468741355364e-13,0.0011561959069972495,-0.00034714687413553636,0.057809795349862476,-0.01735734370677682
with EDL,0.01,0.6104692387904067,1.1657358982208951e-12,-3.443059406637066e-13,0.0011657358982208952,-0.0003443059406637066,0.05828679491104475,-0.017215297033185327
with EDL,0.01,0.6107194994786236,1.175354605717446e-12,-3.4148825643763635e-13,0.001175354605717446,-0.00034148825643763635,0.058767730285872295,-0.017074412821881817
with EDL,0.01,0.6109697601668405,1.1850526789897672e-12,-3.3869363119330356e-13,0.0011850526789897672,-0.00033869363119330356,0.059252633949488355,-0.016934681559665175
with EDL,0.01,0.6112200208550573,1.1948307728998911e-12,-3.3592187622374285e-13,0.001194830772899891,-0.00033592187622374285,0.05974153864499455,-0.01679609381118714
with EDL,0.01,0.6114702815432742,1.2046895477132444e-12,-3.3317280436630385e-13,0.0012046895477132444,-0.00033317280436630383,0.06023447738566221,-0.01665864021831519
with EDL,0.01,0.6117205422314911,1.2146296691432285e-12,-3.3044622999001265e-13,0.0012146296691432285,-0.00033044622999001263,0.060731483457161416,-0.01652231149950063
with EDL,0.01,0.6119708029197081,1.2246518083961729e-12,-3.2774196898303496e-13,0.001224651808396173,-0.00032774196898303497,0.061232590419808636,-0.016387098449151746
with EDL,0.01,0.6122210636079249,1.2347566422166482e-12,-3.2505983874025e-13,0.0012347566422166482,-0.00032505983874025,0.061737832110832405,-0.016252991937012497
with EDL,0.01,0.6124713242961418,1.2449448529331846e-12,-3.2239965815091176e-13,0.0012449448529331846,-0.00032239965815091177,0.06224724264665923,-0.016119982907545585
with EDL,0.01,0.6127215849843587,1.2552171285043294e-12,-3.197612475864259e-13,0.0012552171285043295,-0.0003197612475864259,0.06276085642521646,-0.015988062379321294
with EDL,0.01,0.6129718456725756,1.265574162565107e-12,-3.1714442888821814e-13,0.001265574162565107,-0.0003171444288882181,0.06327870812825534,-0.015857221444410905
with EDL,0.01,0.6132221063607926,1.2760166544738596e-12,-3.1454902535570236e-13,0.0012760166544738597,-0.00031454902535570236,0.06380083272369297,-0.015727451267785117
with EDL,0.01,0.6134723670490094,1.28654530935945e-12,-3.1197486173435434e-13,0.00128654530935945,-0.00031197486173435436,0.06432726546797249,-0.015598743086717716
with EDL,0.01,0.6137226277372263,1.2971608381689122e-12,-3.0942176420387056e-13,0.0012971608381689122,-0.00030942176420387053,0.0648580419084456,-0.015471088210193527
with EDL,0.01,0.6139728884254432,1.3078639577154326e-12,-3.0688956036643626e-13,0.0013078639577154326,-0.00030688956036643627,0.06539319788577162,-0.015344478018321811
with EDL,0.01,0.61422314911366,1.3186553907267566e-12,-3.043780792350816e-13,0.0013186553907267565,-0.0003043780792350816,0.06593276953633782,-0.015218903961754078
with EDL,0.01,0.6144734098018769,1.3295358658939948e-12,-3.0188715122213766e-13,0.0013295358658939947,-0.00030188715122213765,0.06647679329469973,-0.015094357561106882
with EDL,0.01,0.6147236704900938,1.3405061179208262e-12,-2.994166081277831e-13,0.0013405061179208263,-0.0002994166081277831,0.0670253058960413,-0.014970830406389154
with EDL,0.01,0.6149739311783108,1.351566887573113e-12,-2.969662831286874e-13,0.001351566887573113,-0.0002969662831286874,0.06757834437865565,-0.014848314156434367
with EDL,0.01,0.6152241918665277,1.3627189217289038e-12,-2.945360107667484e-13,0.0013627189217289039,-0.0002945360107667484,0.06813594608644519,-0.014726800538337418
with EDL,0.01,0.6154744525547445,1.3739629734288898e-12,-2.921256269379149e-13,0.0013739629734288899,-0.0002921256269379149,0.06869814867144448,-0.014606281346895744
with EDL,0.01,0.6157247132429614,1.3852998019272428e-12,-2.8973496888110844e-13,0.001385299801927243,-0.0002897349688811084,0.06926499009636214,-0.014486748444055422
with EDL,0.01,0.6159749739311783,1.3967301727428842e-12,-2.873638751672343e-13,0.0013967301727428841,-0.00028736387516723426,0.0698365086371442,-0.014368193758361713
with EDL,0.01,0.6162252346193953,1.408254857711179e-12,-2.850121856882766e-13,0.001408254857711179,-0.0002850121856882766,0.07041274288555895,-0.01425060928441383
with EDL,0.01,0.6164754953076121,1.4198746350360391e-12,-2.8267974164649335e-13,0.0014198746350360392,-0.00028267974164649333,0.07099373175180194,-0.014133987082324667
with EDL,0.01,0.616725755995829,1.4315902893424963e-12,-2.8036638554368683e-13,0.0014315902893424963,-0.0002803663855436868,0.07157951446712481,-0.014018319277184341
with EDL,0.01,0.6169760166840459,1.4434026117296713e-12,-2.780719611705726e-13,0.0014434026117296714,-0.0002780719611705726,0.07217013058648356,-0.013903598058528628
with EDL,0.01,0.6172262773722628,1.4553123998241922e-12,-2.7579631359623084e-13,0.0014553123998241923,-0.0002757963135962308,0.0727656199912096,-0.01378981567981154
with EDL,0.01,0.6174765380604796,1.467320457834052e-12,-2.735392891576446e-13,0.001467320457834052,-0.0002735392891576446,0.07336602289170259,-0.013676964457882228
with EDL,0.01,0.6177267987486965,1.4794275966029196e-12,-2.713007354493226e-13,0.0014794275966029196,-0.0002713007354493226,0.07397137983014597,-0.013565036772466128
with EDL,0.01,0.6179770594369134,1.4916346336648872e-12,-2.6908050131300997e-13,0.0014916346336648872,-0.00026908050131301,0.07458173168324435,-0.013454025065650497
with EDL,0.01,0.6182273201251304,1.5039423932996815e-12,-2.668784368274785e-13,0.0015039423932996815,-0.0002668784368274785,0.07519711966498406,-0.013343921841373924
with EDL,0.01,0.6184775808133472,1.5163517065883014e-12,-2.646943932984081e-13,0.0015163517065883013,-0.0002646943932984081,0.07581758532941506,-0.013234719664920404
with EDL,0.01,0.6187278415015641,1.5288634114691653e-12,-2.6252822324834007e-13,0.0015288634114691653,-0.00026252822324834005,0.07644317057345826,-0.013126411162417003
with EDL,0.01,0.618978102189781,1.5414783527946784e-12,-2.6037978040672306e-13,0.0015414783527946784,-0.00026037978040672306,0.07707391763973391,-0.013018989020336151
with EDL,0.01,0.619228362877998,1.5541973823882897e-12,-2.5824891970003376e-13,0.0015541973823882897,-0.0002582489197000338,0.07770986911941448,-0.012912445985001688
with EDL,0.01,0.6194786235662149,1.5670213591019817e-12,-2.5613549724198454e-13,0.0015670213591019817,-0.0002561354972419845,0.07835106795509908,-0.012806774862099225
with EDL,0.01,0.6197288842544317,1.5799511488743078e-12,-2.5403937032380193e-13,0.0015799511488743079,-0.0002540393703238019,0.07899755744371538,-0.012701968516190095
with EDL,0.01,0.6199791449426486,1.592987624788839e-12,-2.5196039740459375e-13,0.001592987624788839,-0.00025196039740459374,0.07964938123944194,-0.012598019870229687
with EDL,0.01,0.6202294056308655,1.6061316671331247e-12,-2.498984381017924e-13,0.0016061316671331248,-0.0002498984381017924,0.08030658335665623,-0.012494921905089619
with EDL,0.01,0.6204796663190824,1.6193841634581331e-12,-2.478533531816726e-13,0.001619384163458133,-0.0002478533531816726,0.08096920817290665,-0.01239266765908363
with EDL,0.01,0.6207299270072992,1.6327460086381803e-12,-2.4582500454995176e-13,0.0016327460086381803,-0.00024582500454995175,0.081637300431909,-0.012291250227497587
with EDL,0.01,0.6209801876955161,1.6462181049313628e-12,-2.438132552424641e-13,0.0016462181049313627,-0.00024381325524246408,0.08231090524656813,-0.012190662762123203
with EDL,0.01,0.6212304483837331,1.6598013620404848e-12,-2.418179694159124e-13,0.0016598013620404849,-0.00024181796941591242,0.08299006810202424,-0.01209089847079562
with EDL,0.01,0.62148070907195,1.6734966971744645e-12,-2.3983901233869746e-13,0.0016734966971744644,-0.00023983901233869747,0.08367483485872322,-0.01199195061693487
with EDL,0.01,0.6217309697601668,1.6873050351102972e-12,-2.37876250381816e-13,0.001687305035110297,-0.00023787625038181599,0.08436525175551485,-0.011893812519090798
with EDL,0.01,0.6219812304483837,1.701227308255486e-12,-2.3592955100984e-13,0.0017012273082554858,-0.00023592955100983998,0.08506136541277429,-0.011796477550491999
with EDL,0.01,0.6222314911366007,1.7152644567110139e-12,-2.33998782771967e-13,0.0017152644567110138,-0.000233998782771967,0.08576322283555068,-0.01169993913859835
with EDL,0.01,0.6224817518248176,1.7294174283347866e-12,-2.3208381529314486e-13,0.0017294174283347865,-0.00023208381529314485,0.08647087141673931,-0.01160419076465724
with EDL,0.01,0.6227320125130344,1.7436871788056938e-12,-2.3018451926526594e-13,0.0017436871788056938,-0.00023018451926526594,0.08718435894028469,-0.011509225963263297
with EDL,0.01,0.6229822732012513,1.7580746716880998e-12,-2.2830076643843675e-13,0.0017580746716880998,-0.00022830076643843674,0.08790373358440498,-0.011415038321921835
with EDL,0.01,0.6232325338894682,1.772580878496924e-12,-2.2643242961231816e-13,0.001772580878496924,-0.00022643242961231815,0.08862904392484619,-0.011321621480615907
with EDL,0.01,0.6234827945776851,1.7872067787632398e-12,-2.2457938262753626e-13,0.0017872067787632398,-0.00022457938262753627,0.08936033893816198,-0.011228969131376812
with EDL,0.01,0.623733055265902,1.8019533601004124e-12,-2.2274150035716247e-13,0.0018019533601004124,-0.00022274150035716246,0.09009766800502061,-0.011137075017858123
with EDL,0.01,0.6239833159541188,1.8168216182707965e-12,-2.2091865869826515e-13,0.0018168216182707965,-0.00022091865869826514,0.09084108091353982,-0.011045932934913256
with EDL,0.01,0.6242335766423358,1.831812557252975e-12,-2.1911073456352913e-13,0.0018318125572529753,-0.00021911073456352912,0.09159062786264875,-0.010955536728176455
with EDL,0.01,0.6244838373305527,1.846927189309529e-12,-2.1731760587294562e-13,0.0018469271893095292,-0.00021731760587294564,0.09234635946547645,-0.01086588029364728
with EDL,0.01,0.6247340980187696,1.8621665350554304e-12,-2.1553915154556695e-13,0.0018621665350554305,-0.00021553915154556695,0.09310832675277152,-0.010776957577278347
with EDL,0.01,0.6249843587069864,1.877531623526927e-12,-2.1377525149133095e-13,0.0018775316235269271,-0.00021377525149133094,0.09387658117634635,-0.010688762574566546
with EDL,0.01,0.6252346193952033,1.8930234922510455e-12,-2.120257866029522e-13,0.0018930234922510455,-0.0002120257866029522,0.09465117461255226,-0.010601289330147609
with EDL,0.01,0.6254848800834203,1.9086431873156503e-12,-2.1029063874787922e-13,0.0019086431873156502,-0.0002102906387478792,0.0954321593657825,-0.01051453193739396
with EDL,0.01,0.6257351407716372,1.9243917634400474e-12,-2.085696907603193e-13,0.0019243917634400474,-0.00020856969076031928,0.09621958817200235,-0.010428484538015963
with EDL,0.01,0.625985401459854,1.940270284046261e-12,-2.0686282643332306e-13,0.0019402702840462611,-0.00020686282643332305,0.09701351420231305,-0.010343141321666152
with EDL,0.01,0.6262356621480709,1.9562798213307978e-12,-2.0516993051094114e-13,0.0019562798213307976,-0.00020516993051094114,0.09781399106653989,-0.010258496525547056
with EDL,0.01,0.6264859228362878,1.972421456337066e-12,-2.0349088868043925e-13,0.001972421456337066,-0.00020349088868043926,0.0986210728168533,-0.010174544434021961
with EDL,0.01,0.6267361835245047,1.988696279028367e-12,-2.0182558756458106e-13,0.0019886962790283667,-0.00020182558756458107,0.09943481395141833,-0.010091279378229052
with EDL,0.01,0.6269864442127215,2.00510538836149e-12,-2.0017391471397068e-13,0.0020051053883614898,-0.0002001739147139707,0.10025526941807449,-0.010008695735698533
with EDL,0.01,0.6272367049009385,2.021649892360938e-12,-1.9853575859946027e-13,0.002021649892360938,-0.00019853575859946028,0.10108249461804689,-0.009926787929973013
with EDL,0.01,0.6274869655891554,2.03833090819371e-12,-1.9691100860462057e-13,0.00203833090819371,-0.00019691100860462057,0.10191654540968548,-0.009845550430231028
with EDL,0.01,0.6277372262773723,2.0551495622447832e-12,-1.952995550182685e-13,0.0020551495622447833,-0.0001952995550182685,0.10275747811223915,-0.009764977750913425
with EDL,0.01,0.6279874869655891,2.0721069901931446e-12,-1.9370128902706102e-13,0.0020721069901931447,-0.00019370128902706103,0.10360534950965722,-0.00968506445135305
with EDL,0.01,0.628237747653806,2.0892043370884786e-12,-1.9211610270814668e-13,0.0020892043370884785,-0.0001921161027081467,0.10446021685442392,-0.009605805135407333
with EDL,0.01,0.628488008342023,2.106442757428507e-12,-1.9054388902187812e-13,0.0021064427574285067,-0.0001905438890218781,0.10532213787142533,-0.009527194451093905
with EDL,0.01,0.6287382690302399,2.1238234152368984e-12,-1.8898454180458615e-13,0.002123823415236898,-0.00018898454180458615,0.10619117076184491,-0.009449227090229306
with EDL,0.01,0.6289885297184568,2.1413474841419263e-12,-1.874379557614077e-13,0.0021413474841419262,-0.0001874379557614077,0.1070673742070963,-0.009371897788070384
with EDL,0.01,0.6292387904066736,2.1590161474556946e-12,-1.859040264591781e-13,0.0021590161474556945,-0.0001859040264591781,0.10795080737278472,-0.009295201322958904
with EDL,0.01,0.6294890510948905,2.1768305982540278e-12,-1.8438265031937856e-13,0.0021768305982540277,-0.00018438265031937856,0.10884152991270138,-0.009219132515968927
with EDL,0.01,0.6297393117831074,2.19479203945705e-12,-1.8287372461114225e-13,0.00219479203945705,-0.00018287372461114226,0.1097396019728525,-0.009143686230557111
with EDL,0.01,0.6299895724713243,2.2129016839104095e-12,-1.8137714744431718e-13,0.0022129016839104094,-0.00018137714744431718,0.11064508419552047,-0.009068857372215858
with EDL,0.01,0.6302398331595411,2.231160754467166e-12,-1.7989281776258608e-13,0.0022311607544671657,-0.00017989281776258607,0.11155803772335829,-0.008994640888129303
with EDL,0.01,0.6304900938477581,2.2495704840703855e-12,-1.7842063533664217e-13,0.0022495704840703856,-0.00017842063533664217,0.11247852420351927,-0.008921031766832108
with EDL,0.01,0.630740354535975,2.2681321158363566e-12,-1.7696050075742352e-13,0.0022681321158363565,-0.00017696050075742352,0.11340660579181783,-0.008848025037871176
with EDL,0.01,0.6309906152241919,2.286846903138572e-12,-1.7551231542939647e-13,0.002286846903138572,-0.00017551231542939648,0.11434234515692858,-0.008775615771469823
with EDL,0.01,0.6312408759124087,2.305716109692351e-12,-1.740759815639012e-13,0.002305716109692351,-0.0001740759815639012,0.11528580548461753,-0.008703799078195058
with EDL,0.01,0.6314911366006257,2.3247410096401675e-12,-1.7265140217254649e-13,0.0023247410096401675,-0.0001726514021725465,0.11623705048200836,-0.008632570108627323
with EDL,0.01,0.6317413972888426,2.3439228876376553e-12,-1.7123848106066343e-13,0.0023439228876376552,-0.00017123848106066343,0.11719614438188276,-0.00856192405303317
with EDL,0.01,0.6319916579770595,2.363263038940423e-12,-1.6983712282080622e-13,0.002363263038940423,-0.00016983712282080623,0.11816315194702115,-0.00849185614104031
with EDL,0.01,0.6322419186652763,2.3827627694914576e-12,-1.684472328263122e-13,0.0023827627694914576,-0.0001684472328263122,0.11913813847457286,-0.00842236164131561
with EDL,0.01,0.6324921793534932,2.4024233960093428e-12,-1.6706871722491132e-13,0.002402423396009343,-0.00016706871722491133,0.12012116980046712,-0.008353435861245566
with EDL,0.01,0.6327424400417101,2.422246246077144e-12,-1.6570148293238945e-13,0.0024222462460771438,-0.00016570148293238945,0.12111231230385719,-0.008285074146619472
with EDL,0.01,0.632992700729927,2.442232658232067e-12,-1.6434543762630195e-13,0.002442232658232067,-0.00016434543762630196,0.12211163291160333,-0.008217271881315097
with EDL,0.01,0.6332429614181438,2.4623839820558524e-12,-1.6300048973974044e-13,0.0024623839820558523,-0.00016300048973974044,0.1231191991027926,-0.00815002448698702
with EDL,0.01,0.6334932221063608,2.48270157826589e-12,-1.6166654845514843e-13,0.00248270157826589,-0.00016166654845514844,0.12413507891329449,-0.00808332742275742
with EDL,0.01,0.6337434827945777,2.5031868188070883e-12,-1.6034352369819179e-13,0.0025031868188070882,-0.0001603435236981918,0.1251593409403544,-0.008017176184909588
with EDL,0.01,0.6339937434827946,2.5238410869445592e-12,-1.5903132613167283e-13,0.0025238410869445594,-0.00015903132613167284,0.12619205434722794,-0.00795156630658364
with EDL,0.01,0.6342440041710115,2.5446657773569787e-12,-1.577298671495e-13,0.002544665777356979,-0.0001577298671495,0.12723328886784893,-0.007886493357474999
with EDL,0.01,0.6344942648592283,2.565662296230802e-12,-1.5643905887070412e-13,0.002565662296230802,-0.00015643905887070413,0.1282831148115401,-0.007821952943535205
with EDL,0.01,0.6347445255474453,2.586832061355173e-12,-1.5515881413350396e-13,0.002586832061355173,-0.00015515881413350396,0.12934160306775863,-0.007757940706675197
with EDL,0.01,0.6349947862356622,2.608176502217678e-12,-1.538890464894227e-13,0.002608176502217678,-0.0001538890464894227,0.1304088251108839,-0.007694452324471135
with EDL,0.01,0.6352450469238791,2.629697060100899e-12,-1.5262967019744699e-13,0.002629697060100899,-0.00015262967019744698,0.13148485300504495,-0.007631483509872348
with EDL,0.01,0.6354953076120959,2.651395188179698e-12,-1.5138060021824005e-13,0.002651395188179698,-0.00015138060021824005,0.13256975940898488,-0.007569030010912001
with EDL,0.01,0.6357455683003128,2.6732723516193633e-12,-1.5014175220839809e-13,0.0026732723516193634,-0.0001501417522083981,0.13366361758096815,-0.007507087610419903
with EDL,0.01,0.6359958289885297,2.695330027674539e-12,-1.4891304251475566e-13,0.002695330027674539,-0.00014891304251475566,0.13476650138372695,-0.007445652125737783
with EDL,0.01,0.6362460896767466,2.7175697057889693e-12,-1.4769438816873678e-13,0.0027175697057889693,-0.0001476943881687368,0.13587848528944846,-0.007384719408436839
with EDL,0.01,0.6364963503649635,2.7399928876961056e-12,-1.4648570688075163e-13,0.0027399928876961055,-0.00014648570688075162,0.13699964438480527,-0.007324285344037581
with EDL,0.01,0.6367466110531804,2.7626010875204406e-12,-1.4528691703464258e-13,0.0027626010875204405,-0.0001452869170346426,0.13813005437602202,-0.007264345851732128
with EDL,0.01,0.6369968717413973,2.7853958318798335e-12,-1.4409793768216978e-13,0.0027853958318798337,-0.00014409793768216977,0.13926979159399167,-0.0072048968841084875
with EDL,0.01,0.6372471324296142,2.8083786599885515e-12,-1.4291868853754668e-13,0.0028083786599885515,-0.00014291868853754668,0.14041893299942756,-0.0071459344268773334
with EDL,0.01,0.637497393117831,2.831551123761188e-12,-1.4174908997201914e-13,0.002831551123761188,-0.00014174908997201913,0.14157755618805937,-0.0070874544986009565
with EDL,0.01,0.637747653806048,2.8549147879175093e-12,-1.4058906300848712e-13,0.002854914787917509,-0.00014058906300848712,0.14274573939587545,-0.007029453150424355
with EDL,0.01,0.6379979144942649,2.8784712300880435e-12,-1.3943852931617438e-13,0.0028784712300880437,-0.0001394385293161744,0.14392356150440216,-0.006971926465808718
with EDL,0.01,0.6382481751824818,2.9022220409206763e-12,-1.3829741120533592e-13,0.0029022220409206764,-0.00013829741120533593,0.1451111020460338,-0.006914870560266795
with EDL,0.01,0.6384984358706987,2.9261688241880236e-12,-1.3716563162201394e-13,0.0029261688241880236,-0.00013716563162201393,0.14630844120940117,-0.006858281581100697
with EDL,0.01,0.6387486965589155,2.950313196895724e-12,-1.3604311414283451e-13,0.002950313196895724,-0.0001360431141428345,0.14751565984478618,-0.006802155707141725
with EDL,0.01,0.6389989572471324,2.974656789391643e-12,-1.3492978296984692e-13,0.0029746567893916428,-0.0001349297829698469,0.14873283946958213,-0.006746489148492345
with EDL,0.01,0.6392492179353493,2.999201245475956e-12,-1.3382556292540518e-13,0.002999201245475956,-0.00013382556292540517,0.1499600622737978,-0.006691278146270258
with EDL,0.01,0.6394994786235662,3.0239482225121376e-12,-1.327303794470922e-13,0.0030239482225121374,-0.0001327303794470922,0.15119741112560686,-0.006636518972354609
with EDL,0.01,0.6397497393117831,3.048899391538898e-12,-1.3164415858268412e-13,0.003048899391538898,-0.0001316441585826841,0.1524449695769449,-0.006582207929134206
with EDL,0.01,0.64,3.074056437382971e-12,-1.3056682698515865e-13,0.003074056437382971,-0.00013056682698515864,0.15370282186914852,-0.0065283413492579325
with EDL,1.0,0.4,2.0440738705871385e-13,-3.791003351896224e-11,0.00020440738705871384,-0.037910033518962244,0.010220369352935691,-1.895501675948112
with EDL,1.0,0.4002502606882169,2.0558564682058e-13,-3.7692762188219164e-11,0.00020558564682058,-0.03769276218821917,0.010279282341029,-1.884638109410958
with EDL,1.0,0.4005005213764338,2.0677069839210835e-13,-3.74767360906446e-11,0.00020677069839210836,-0.0374767360906446,0.010338534919605416,-1.87383680453223
with EDL,1.0,0.4007507820646507,2.079625809231365e-13,-3.726194808951421e-11,0.0002079625809231365,-0.03726194808951421,0.010398129046156824,-1.8630974044757103
with EDL,1.0,0.4010010427528676,2.091613337891727e-13,-3.7048391089005654e-11,0.0002091613337891727,-0.03704839108900566,0.010458066689458635,-1.8524195544502826
with EDL,1.0,0.4012513034410845,2.1036699659269627e-13,-3.683605803396425e-11,0.00021036699659269628,-0.036836058033964246,0.010518349829634812,-1.841802901698212
with EDL,1.0,0.4015015641293014,2.115796091644651e-13,-3.662494190967051e-11,0.00021157960916446512,-0.03662494190967051,0.010578980458223254,-1.8312470954835254
with EDL,1.0,0.40175182481751825,2.127992115648336e-13,-3.6415035741607517e-11,0.0002127992115648336,-0.03641503574160752,0.010639960578241679,-1.8207517870803758
with EDL,1.0,0.4020020855057352,2.1402584408507454e-13,-3.620633259523129e-11,0.00021402584408507453,-0.03620633259523129,0.010701292204253726,-1.8103166297615643
with EDL,1.0,0.40225234619395206,2.152595472487105e-13,-3.599882557574104e-11,0.0002152595472487105,-0.03599882557574104,0.010762977362435524,-1.799941278787052
with EDL,1.0,0.40250260688216893,2.1650036181285282e-13,-3.579250782785203e-11,0.00021650036181285282,-0.03579250782785203,0.01082501809064264,-1.7896253913926012
with EDL,1.0,0.40275286757038586,2.177483287695478e-13,-3.55873725355684e-11,0.0002177483287695478,-0.0355873725355684,0.010887416438477389,-1.7793686267784197
with EDL,1.0,0.40300312825860274,2.1900348934713043e-13,-3.538341292195885e-11,0.00021900348934713042,-0.035383412921958846,0.01095017446735652,-1.7691706460979422
with EDL,1.0,0.4032533889468196,2.2026588501158796e-13,-3.518062224893179e-11,0.00022026588501158795,-0.035180622248931794,0.011013294250579397,-1.7590311124465894
with EDL,1.0,0.40350364963503654,2.2153555746792858e-13,-3.4978993817013515e-11,0.0002215355574679286,-0.03497899381701351,0.011076777873396428,-1.7489496908506756
with EDL,1.0,0.4037539103232534,2.2281254866155934e-13,-3.47785209651265e-11,0.00022281254866155935,-0.0347785209651265,0.011140627433077966,-1.7389260482563247
with EDL,1.0,0.4040041710114703,2.2409690077967238e-13,-3.4579197070369463e-11,0.0002240969007796724,-0.034579197070369466,0.011204845038983618,-1.728959853518473
with EDL,1.0,0.4042544316996872,2.253886562526382e-13,-3.438101554779831e-11,0.0002253886562526382,-0.034381015547798315,0.011269432812631909,-1.7190507773899155
with EDL,1.0,0.4045046923879041,2.2668785775540608e-13,-3.418396985020925e-11,0.00022668785775540608,-0.03418396985020925,0.011334392887770302,-1.7091984925104624
with EDL,1.0,0.40475495307612097,2.279945482089177e-13,-3.39880534679216e-11,0.00022799454820891771,-0.0339880534679216,0.011399727410445886,-1.6994026733960799
with EDL,1.0,0.40500521376433785,2.2930877078152085e-13,-3.379325992856351e-11,0.00022930877078152086,-0.03379325992856351,0.011465438539076042,-1.6896629964281753
with EDL,1.0,0.4052554744525548,2.3063056889039914e-13,-3.3599582796857583e-11,0.00023063056889039915,-0.03359958279685758,0.011531528444519955,-1.679979139842879
with EDL,1.0,0.40550573514077165,2.3195998620300245e-13,-3.340701567440874e-11,0.00023195998620300246,-0.03340701567440874,0.011597999310150122,-1.670350783720437
with EDL,1.0,0.4057559958289885,2.332970666384934e-13,-3.321555219949238e-11,0.0002332970666384934,-0.03321555219949238,0.01166485333192467,-1.660777609974619
with EDL,1.0,0.40600625651720545,2.3464185436919653e-13,-3.302518604684462e-11,0.00023464185436919652,-0.03302518604684462,0.011732092718459824,-1.651259302342231
with EDL,1.0,0.40625651720542233,2.359943938220563e-13,-3.2835910927453105e-11,0.0002359943938220563,-0.0328359109274531,0.011799719691102814,-1.6417955463726552
with EDL,1.0,0.4065067778936392,2.373547296801076e-13,-3.264772058834927e-11,0.00023735472968010757,-0.03264772058834927,0.011867736484005378,-1.6323860294174635
with EDL,1.0,0.40675703858185613,2.3872290688395006e-13,-3.2460608812401796e-11,0.00023872290688395007,-0.032460608812401794,0.011936145344197503,-1.6230304406200897
with EDL,1.0,0.407007299270073,2.400989706332328e-13,-3.227456941811122e-11,0.00024009897063323278,-0.03227456941811122,0.012004948531661638,-1.6137284709055608
with EDL,1.0,0.4072575599582899,2.4148296638814827e-13,-3.2089596259405735e-11,0.00024148296638814827,-0.03208959625940574,0.012074148319407412,-1.6044798129702866
with EDL,1.0,0.4075078206465068,2.4287493987093443e-13,-3.190568322543793e-11,0.00024287493987093444,-0.03190568322543793,0.01214374699354672,-1.5952841612718964
with EDL,1.0,0.4077580813347237,2.4427493706738303e-13,-3.172282424038346e-11,0.00024427493706738305,-0.03172282424038346,0.01221374685336915,-1.586141212019173
with EDL,1.0,0.40800834202294056,2.456830042283621e-13,-3.15410132632396e-11,0.0002456830042283621,-0.031541013263239596,0.012284150211418102,-1.5770506631619798
with EDL,1.0,0.4082586027111575,2.470991878713415e-13,-3.136024428762628e-11,0.0002470991878713415,-0.03136024428762628,0.012354959393567075,-1.568012214381314
with EDL,1.0,0.40850886339937437,2.4852353478193036e-13,-3.118051134158722e-11,0.00024852353478193033,-0.03118051134158722,0.012426176739096515,-1.5590255670793607
with EDL,1.0,0.40875912408759124,2.499560920154231e-13,-3.100180848739301e-11,0.0002499560920154231,-0.031001808487393007,0.012497804600771153,-1.5500904243696503
with EDL,1.0,0.40900938477580817,2.5139690689835385e-13,-3.082412982134453e-11,0.00025139690689835386,-0.030824129821344533,0.012569845344917691,-1.5412064910672265
with EDL,1.0,0.40925964546402505,2.5284602703005865e-13,-3.064746947357852e-11,0.0002528460270300586,-0.03064746947357852,0.01264230135150293,-1.5323734736789258
with EDL,1.0,0.4095099061522419,2.5430350028425017e-13,-3.047182160787289e-11,0.00025430350028425016,-0.03047182160787289,0.012715175014212508,-1.5235910803936443
with EDL,1.0,0.40976016684045885,2.557693748105981e-13,-3.029718042145456e-11,0.00025576937481059807,-0.03029718042145456,0.012788468740529902,-1.5148590210727277
with EDL,1.0,0.4100104275286757,2.572436990363192e-13,-3.012354014480742e-11,0.00025724369903631916,-0.030123540144807417,0.012862184951815956,-1.5061770072403708
with EDL,1.0,0.4102606882168926,2.587265216677784e-13,-2.99508950414819e-11,0.0002587265216677784,-0.029950895041481903,0.012936326083388919,-1.497544752074095
with EDL,1.0,0.41051094890510953,2.602178916920981e-13,-2.977923940790516e-11,0.0002602178916920981,-0.029779239407905157,0.013010894584604905,-1.4889619703952577
with EDL,1.0,0.4107612095933264,2.6171785837877333e-13,-2.960856757319322e-11,0.00026171785837877335,-0.029608567573193217,0.013085892918938666,-1.4804283786596606
with EDL,1.0,0.4110114702815433,2.63226471281305e-13,-2.9438873898962926e-11,0.00026322647128130503,-0.029438873898962926,0.013161323564065248,-1.4719436949481461
with EDL,1.0,0.4112617309697602,2.6474378023883183e-13,-2.927015277914629e-11,0.00026474378023883183,-0.02927015277914629,0.01323718901194159,-1.4635076389573143
with EDL,1.0,0.4115119916579771,2.662698353777792e-13,-2.91023986398048e-11,0.00026626983537777923,-0.0291023986398048,0.01331349176888896,-1.45511993199024
with EDL,1.0,0.41176225234619396,2.6780468711351547e-13,-2.893560593894572e-11,0.00026780468711351546,-0.02893560593894572,0.013390234355675773,-1.4467802969472858
with EDL,1.0,0.4120125130344109,2.693483861520169e-13,-2.87697691663385e-11,0.00026934838615201687,-0.0287697691663385,0.013467419307600842,-1.4384884583169248
with EDL,1.0,0.41226277372262776,2.7090098349154137e-13,-2.860488284333335e-11,0.0002709009834915414,-0.02860488284333335,0.013545049174577068,-1.4302441421666674
with EDL,1.0,0.41251303441084464,2.724625304243163e-13,-2.8440941522679746e-11,0.0002724625304243163,-0.028440941522679748,0.013623126521215813,-1.4220470761339872
with EDL,1.0,0.41276329509906157,2.7403307853823084e-13,-2.8277939788346493e-11,0.00027403307853823085,-0.028277939788346494,0.01370165392691154,-1.4138969894173246
with EDL,1.0,0.41301355578727844,2.756126797185403e-13,-2.8115872255343292e-11,0.0002756126797185403,-0.028115872255343292,0.013780633985927012,-1.4057936127671644
with EDL,1.0,0.4132638164754953,2.772013861495813e-13,-2.7954733569542147e-11,0.0002772013861495813,-0.02795473356954215,0.013860069307479064,-1.3977366784771073
with EDL,1.0,0.41351407716371225,2.787992503164956e-13,-2.7794518407501035e-11,0.0002787992503164956,-0.027794518407501034,0.013939962515824777,-1.3897259203750516
with EDL,1.0,0.4137643378519291,2.8040632500696173e-13,-2.7635221476287768e-11,0.00028040632500696174,-0.027635221476287768,0.014020316250348086,-1.3817610738143882
with EDL,1.0,0.414014598540146,2.8202266331294296e-13,-2.747683751330526e-11,0.000282022663312943,-0.02747683751330526,0.014101133165647147,-1.3738418756652628
with EDL,1.0,0.4142648592283629,2.8364831863243756e-13,-2.7319361286117462e-11,0.00028364831863243755,-0.027319361286117463,0.014182415931621875,-1.365968064305873
with EDL,1.0,0.4145151199165798,2.8528334467124503e-13,-2.7162787592276837e-11,0.00028528334467124505,-0.027162787592276836,0.01426416723356225,-1.3581393796138417
with EDL,1.0,0.4147653806047967,2.8692779544473975e-13,-2.700711125915211e-11,0.0002869277954447398,-0.02700711125915211,0.014346389772236985,-1.3503555629576054
with EDL,1.0,0.4150156412930136,2.8858172527965566e-13,-2.6852327143757718e-11,0.00028858172527965566,-0.026852327143757716,0.014429086263982783,-1.3426163571878857
with EDL,1.0,0.4152659019812305,2.902451888158794e-13,-2.6698430132583708e-11,0.0002902451888158794,-0.026698430132583707,0.014512259440793969,-1.3349215066291853
with EDL,1.0,0.41551616266944735,2.9191824100825854e-13,-2.654541514142692e-11,0.00029191824100825855,-0.026545415141426918,0.014595912050412925,-1.3272707570713458
with EDL,1.0,0.4157664233576642,2.9360093712841387e-13,-2.639327711522279e-11,0.00029360093712841386,-0.02639327711522279,0.014680046856420692,-1.3196638557611393
with EDL,1.0,0.41601668404588116,2.952933327665678e-13,-2.624201102787869e-11,0.0002952933327665678,-0.02624201102787869,0.01476466663832839,-1.3121005513939343
with EDL,1.0,0.41626694473409803,2.9699548383337963e-13,-2.609161188210764e-11,0.00029699548383337965,-0.02609161188210764,0.01484977419166898,-1.3045805941053819
with EDL,1.0,0.4165172054223149,2.9870744656179287e-13,-2.5942074709263365e-11,0.00029870744656179286,-0.025942074709263366,0.014935372328089643,-1.297103735463168
with EDL,1.0,0.41676746611053184,3.0042927750889373e-13,-2.5793394569175845e-11,0.00030042927750889375,-0.025793394569175846,0.015021463875444686,-1.2896697284587921
with EDL,1.0,0.4170177267987487,3.0216103355777684e-13,-2.5645566549988705e-11,0.00030216103355777685,-0.025645566549988705,0.015108051677888841,-1.2822783274994352
with EDL,1.0,0.4172679874869656,3.039027719194277e-13,-2.549858576799623e-11,0.00030390277191942773,-0.02549858576799623,0.015195138595971384,-1.2749292883998113
with EDL,1.0,0.4175182481751825,3.0565455013461255e-13,-2.5352447367482602e-11,0.00030565455013461255,-0.025352447367482604,0.015282727506730627,-1.26762236837413
with EDL,1.0,0.4177685088633994,3.0741642607577653e-13,-2.520714652056103e-11,0.0003074164260757765,-0.02520714652056103,0.015370821303788824,-1.2603573260280514
with EDL,1.0,0.41801876955161626,3.091884579489581e-13,-2.50626784270148e-11,0.00030918845794895806,-0.0250626784270148,0.015459422897447903,-1.25313392135074
with EDL,1.0,0.4182690302398332,3.1097070429571163e-13,-2.491903831413805e-11,0.00031097070429571163,-0.02491903831413805,0.01554853521478558,-1.2459519157069023
with EDL,1.0,0.41851929092805007,3.127632239950395e-13,-2.4776221436578644e-11,0.0003127632239950395,-0.024776221436578646,0.015638161199751973,-1.238811071828932
with EDL,1.0,0.41876955161626694,3.145660762653395e-13,-2.4634223076180996e-11,0.0003145660762653395,-0.024634223076180996,0.015728303813266974,-1.2317111538090497
with EDL,1.0,0.4190198123044839,3.1637932066636076e-13,-2.4493038541830482e-11,0.00031637932066636075,-0.02449303854183048,0.015818966033318036,-1.224651927091524
with EDL,1.0,0.41927007299270075,3.182030171011704e-13,-2.4352663169298475e-11,0.0003182030171011704,-0.024352663169298475,0.01591015085505852,-1.2176331584649236
with EDL,1.0,0.4195203336809176,3.2003722581813315e-13,-2.4213092321087888e-11,0.00032003722581813314,-0.024213092321087887,0.016001861290906656,-1.2106546160543943
with EDL,1.0,0.41977059436913455,3.2188200741290324e-13,-2.4074321386280406e-11,0.00032188200741290325,-0.024074321386280406,0.01609410037064516,-1.20371606931402
with EDL,1.0,0.4200208550573514,3.2373742283042175e-13,-2.3936345780383904e-11,0.00032373742283042177,-0.023936345780383905,0.016186871141521085,-1.196817289019195
with EDL,1.0,0.4202711157455683,3.256035333669347e-13,-2.3799160945181127e-11,0.0003256035333669347,-0.023799160945181128,0.016280176668346732,-1.1899580472590563
with EDL,1.0,0.42052137643378523,3.2748040067201656e-13,-2.3662762348578893e-11,0.00032748040067201656,-0.023662762348578892,0.016374020033600827,-1.1831381174289446
with EDL,1.0,0.4207716371220021,3.293680867506064e-13,-2.352714548445866e-11,0.0003293680867506064,-0.02352714548445866,0.01646840433753032,-1.176357274222933
with EDL,1.0,0.421021897810219,3.312666539650565e-13,-2.339230587252745e-11,0.00033126665396505646,-0.02339230587252745,0.016563332698252824,-1.1696152936263724
with EDL,1.0,0.4212721584984359,3.3317616503719347e-13,-2.3258239058169952e-11,0.00033317616503719346,-0.02325823905816995,0.016658808251859673,-1.1629119529084975
with EDL,1.0,0.4215224191866528,3.3509668305038794e-13,-2.3124940612301173e-11,0.00033509668305038796,-0.02312494061230117,0.016754834152519396,-1.1562470306150585
with EDL,1.0,0.42177267987486966,3.3702827145164124e-13,-2.2992406131220426e-11,0.00033702827145164123,-0.022992406131220427,0.01685141357258206,-1.149620306561021
with EDL,1.0,0.4220229405630866,3.389709940536807e-13,-2.2860631236465448e-11,0.0003389709940536807,-0.022860631236465447,0.016948549702684033,-1.1430315618232723
with EDL,1.0,0.42227320125130346,3.409249150370673e-13,-2.2729611574668283e-11,0.00034092491503706727,-0.022729611574668282,0.017046245751853362,-1.136480578733414
with EDL,1.0,0.42252346193952034,3.428900989523161e-13,-2.259934281741084e-11,0.0003428900989523161,-0.022599342817410842,0.017144504947615803,-1.1299671408705418
with EDL,1.0,0.42277372262773727,3.4486661072203034e-13,-2.24698206610824e-11,0.00034486661072203034,-0.0224698206610824,0.017243330536101515,-1.12349103305412
with EDL,1.0,0.42302398331595414,3.4685451564304067e-13,-2.2341040826737185e-11,0.00034685451564304065,-0.022341040826737185,0.01734272578215203,-1.1170520413368592
with EDL,1.0,0.423274244004171,3.4885387938857134e-13,-2.2212999059953133e-11,0.00034885387938857134,-0.022212999059953133,0.017442693969428564,-1.1106499529976566
with EDL,1.0,0.42352450469238795,3.508647680104019e-13,-2.2085691130691123e-11,0.0003508647680104019,-0.022085691130691122,0.017543238400520092,-1.104284556534556
with EDL,1.0,0.4237747653806048,3.528872479410534e-13,-2.195911283315553e-11,0.0003528872479410534,-0.02195911283315553,0.01764436239705267,-1.0979556416577765
with EDL,1.0,0.4240250260688217,3.5492138599598164e-13,-2.1833259985655123e-11,0.00035492138599598166,-0.021833259985655124,0.01774606929979908,-1.091662999282756
with EDL,1.0,0.4242752867570386,3.56967249375787e-13,-2.1708128430464778e-11,0.000356967249375787,-0.02170812843046478,0.017848362468789347,-1.0854064215232389
with EDL,1.0,0.4245255474452555,3.590249056684274e-13,-2.15837140336885e-11,0.0003590249056684274,-0.0215837140336885,0.017951245283421367,-1.0791857016844248
with EDL,1.0,0.4247758081334724,3.6109442285146047e-13,-2.14600126851225e-11,0.00036109442285146045,-0.0214600126851225,0.018054721142573022,-1.073000634256125
with EDL,1.0,0.42502606882168925,3.6317586929428385e-13,-2.1337020298119527e-11,0.00036317586929428383,-0.021337020298119527,0.01815879346471419,-1.0668510149059762
with EDL,1.0,0.4252763295099062,3.6526931376039467e-13,-2.1214732809453794e-11,0.00036526931376039466,-0.021214732809453796,0.01826346568801973,-1.0607366404726897
with EDL,1.0,0.42552659019812306,3.6737482540966164e-13,-2.1093146179187078e-11,0.00036737482540966164,-0.02109314617918708,0.01836874127048308,-1.0546573089593538
with EDL,1.0,0.42577685088634,3.6949247380061087e-13,-2.0972256390534666e-11,0.00036949247380061085,-0.020972256390534665,0.018474623690030542,-1.0486128195267332
with EDL,1.0,0.42602711157455686,3.716223288927197e-13,-2.0852059449733298e-11,0.0003716223288927197,-0.0208520594497333,0.018581116444635982,-1.0426029724866648
with EDL,1.0,0.42627737226277373,3.737644610487338e-13,-2.0732551385908644e-11,0.0003737644610487338,-0.020732551385908644,0.018688223052436687,-1.036627569295432
with EDL,1.0,0.4265276329509906,3.75918941036988e-13,-2.0613728250944584e-11,0.000375918941036988,-0.020613728250944586,0.0187959470518494,-1.030686412547229
with EDL,1.0,0.42677789363920754,3.7808584003374497e-13,-2.049558611935242e-11,0.000378085840033745,-0.02049558611935242,0.018904292001687247,-1.024779305967621
with EDL,1.0,0.4270281543274244,3.8026522962554665e-13,-2.0378121088141486e-11,0.0003802652296255467,-0.020378121088141486,0.01901326148127733,-1.0189060544070743
with EDL,1.0,0.4272784150156413,3.8245718181157946e-13,-2.0261329276690055e-11,0.00038245718181157946,-0.020261329276690054,0.01912285909057897,-1.0130664638345026
with EDL,1.0,0.4275286757038582,3.846617690060535e-13,-2.0145206826617013e-11,0.0003846617690060535,-0.020145206826617013,0.019233088450302673,-1.0072603413308505
with EDL,1.0,0.4277789363920751,3.868790640405911e-13,-2.00297499016548e-11,0.0003868790640405911,-0.0200297499016548,0.019343953202029553,-1.00148749508274
with EDL,1.0,0.42802919708029197,3.891091401666391e-13,-1.9914954687522155e-11,0.0003891091401666391,-0.019914954687522156,0.019455457008331952,-0.9957477343761076
with EDL,1.0,0.4282794577685089,3.913520710578846e-13,-1.9800817391798503e-11,0.00039135207105788465,-0.0198008173917985,0.01956760355289423,-0.990040869589925
with EDL,1.0,0.42852971845672577,3.9360793081268883e-13,-1.968733424379851e-11,0.00039360793081268884,-0.01968733424379851,0.01968039654063444,-0.9843667121899254
with EDL,1.0,0.42877997914494265,3.9587679395653786e-13,-1.9574501494447457e-11,0.00039587679395653786,-0.019574501494447456,0.01979383969782689,-0.9787250747223727
with EDL,1.0,0.4290302398331596,3.9815873544450325e-13,-1.9462315416157515e-11,0.0003981587354445033,-0.019462315416157516,0.01990793677222516,-0.9731157708078757
with EDL,1.0,0.42928050052137645,4.004538306637135e-13,-1.935077230270455e-11,0.0004004538306637135,-0.01935077230270455,0.02002269153318567,-0.9675386151352274
with EDL,1.0,0.4295307612095933,4.027621554358548e-13,-1.9239868469105665e-11,0.00040276215543585476,-0.019239868469105664,0.020138107771792736,-0.9619934234552832
with EDL,1.0,0.42978102189781026,4.050837860196666e-13,-1.9129600251497397e-11,0.0004050837860196666,-0.019129600251497396,0.020254189300983327,-0.9564800125748697
with EDL,1.0,0.43003128258602713,4.0741879911346586e-13,-1.9019964007014826e-11,0.0004074187991134659,-0.019019964007014827,0.02037093995567329,-0.9509982003507411
with EDL,1.0,0.430281543274244,4.0976727185767876e-13,-1.891095611367116e-11,0.00040976727185767874,-0.018910956113671162,0.020488363592883935,-0.945547805683558
with EDL,1.0,0.43053180396246093,4.121292818373925e-13,-1.8802572970237943e-11,0.0004121292818373925,-0.018802572970237942,0.020606464091869624,-0.940128648511897
with EDL,1.0,0.4307820646506778,4.1450490708491024e-13,-1.8694810996126417e-11,0.0004145049070849102,-0.018694810996126417,0.02072524535424551,-0.9347405498063207
with EDL,1.0,0.4310323253388947,4.1689422608233935e-13,-1.85876666312688e-11,0.00041689422608233933,-0.0185876666312688,0.020844711304116966,-0.92938333156344
with EDL,1.0,0.4312825860271116,4.192973177641781e-13,-1.8481136336001037e-11,0.0004192973177641781,-0.018481136336001038,0.0209648658882089,-0.9240568168000518
with EDL,1.0,0.4315328467153285,4.2171426151992427e-13,-1.8375216590945678e-11,0.00042171426151992427,-0.018375216590945678,0.021085713075996212,-0.9187608295472839
with EDL,1.0,0.43178310740354536,4.241451371966987e-13,-1.8269903896895693e-11,0.0004241451371966987,-0.018269903896895694,0.021207256859834933,-0.9134951948447846
with EDL,1.0,0.4320333680917623,4.265900251018837e-13,-1.81651947746987e-11,0.0004265900251018837,-0.0181651947746987,0.021329501255094183,-0.9082597387349348
with EDL,1.0,0.43228362877997917,4.290490060057718e-13,-1.8061085765142373e-11,0.0004290490060057718,-0.018061085765142374,0.021452450300288587,-0.9030542882571186
with EDL,1.0,0.43253388946819604,4.315221611442409e-13,-1.795757342883975e-11,0.0004315221611442409,-0.01795757342883975,0.02157610805721204,-0.8978786714419874
with EDL,1.0,0.432784150156413,4.3400957222143317e-13,-1.7854654346115904e-11,0.00043400957222143317,-0.017854654346115904,0.021700478611071657,-0.8927327173057951
with EDL,1.0,0.43303441084462985,4.365113214124563e-13,-1.7752325116894887e-11,0.0004365113214124563,-0.01775232511689489,0.021825566070622814,-0.8876162558447442
with EDL,1.0,0.4332846715328467,4.39027491366097e-13,-1.7650582360587282e-11,0.000439027491366097,-0.017650582360587284,0.021951374568304847,-0.8825291180293641
with EDL,1.0,0.43353493222106365,4.4155816520755353e-13,-1.7549422715978735e-11,0.0004415581652075535,-0.017549422715978733,0.022077908260377675,-0.8774711357989367
with EDL,1.0,0.4337851929092805,4.441034265411769e-13,-1.744884284111876e-11,0.0004441034265411769,-0.01744884284111876,0.02220517132705884,-0.8724421420559378
with EDL,1.0,0.4340354535974974,4.4666335945323976e-13,-1.7348839413210403e-11,0.00044666335945323977,-0.017348839413210405,0.022333167972661987,-0.8674419706605201
with EDL,1.0,0.4342857142857143,4.492380485147097e-13,-1.7249409128500366e-11,0.0004492380485147097,-0.017249409128500367,0.022461902425735484,-0.8624704564250182
with EDL,1.0,0.4345359749739312,4.518275787840449e-13,-1.7150548702170018e-11,0.0004518275787840449,-0.017150548702170018,0.022591378939202243,-0.8575274351085008
with EDL,1.0,0.4347862356621481,4.54432035810002e-13,-1.7052254868226802e-11,0.000454432035810002,-0.017052254868226802,0.022721601790500097,-0.8526127434113401
with EDL,1.0,0.435036496350365,4.570515056344673e-13,-1.6954524379396218e-11,0.0004570515056344673,-0.016954524379396218,0.022852575281723363,-0.8477262189698108
with EDL,1.0,0.4352867570385819,4.596860747952915e-13,-1.6857354007014858e-11,0.0004596860747952915,-0.01685735400701486,0.022984303739764574,-0.8428677003507428
with EDL,1.0,0.43553701772679876,4.623358303291551e-13,-1.676074054092334e-11,0.00046233583032915507,-0.01676074054092334,0.023116791516457753,-0.8380370270461669
with EDL,1.0,0.43578727841501563,4.650008597744434e-13,-1.6664680789360617e-11,0.00046500085977444345,-0.016664680789360616,0.02325004298872217,-0.8332340394680308
with EDL,1.0,0.43603753910323256,4.676812511741341e-13,-1.6569171578858253e-11,0.00046768125117413413,-0.016569171578858254,0.023384062558706703,-0.8284585789429125
with EDL,1.0,0.43628779979144944,4.703770930787098e-13,-1.64742097541358e-11,0.0004703770930787098,-0.0164742097541358,0.023518854653935488,-0.8237104877067899
with EDL,1.0,0.43653806047966637,4.730884745490836e-13,-1.6379792177996394e-11,0.00047308847454908355,-0.016379792177996393,0.023654423727454174,-0.8189896088998196
with EDL,1.0,0.43678832116788324,4.758154851595353e-13,-1.6285915731223316e-11,0.00047581548515953525,-0.016285915731223316,0.023790774257976762,-0.8142957865611657
with EDL,1.0,0.4370385818561001,4.785582150006799e-13,-1.6192577312476633e-11,0.0004785582150006799,-0.01619257731247663,0.023927910750033993,-0.8096288656238315
with EDL,1.0,0.437288842544317,4.813167546824374e-13,-1.6099773838191065e-11,0.0004813167546824374,-0.016099773838191063,0.024065837734121867,-0.8049886919095531
with EDL,1.0,0.4375391032325339,4.84091195337028e-13,-1.6007502242473857e-11,0.000484091195337028,-0.016007502242473857,0.024204559766851395,-0.8003751121236927
with EDL,1.0,0.4377893639207508,4.868816286219832e-13,-1.591575947700369e-11,0.0004868816286219831,-0.01591575947700369,0.024344081431099153,-0.7957879738501844
with EDL,1.0,0.43803962460896767,4.896881467231727e-13,-1.582454251092987e-11,0.0004896881467231727,-0.01582454251092987,0.024484407336158635,-0.7912271255464933
with EDL,1.0,0.4382898852971846,4.925108423578529e-13,-1.5733848330772223e-11,0.0004925108423578529,-0.015733848330772224,0.024625542117892644,-0.786692416538611
with EDL,1.0,0.4385401459854015,4.95349808777723e-13,-1.5643673940321554e-11,0.000495349808777723,-0.015643673940321554,0.02476749043888615,-0.7821836970160776
with EDL,1.0,0.43879040667361835,4.982051397720146e-13,-1.5554016360540586e-11,0.0004982051397720146,-0.015554016360540586,0.024910256988600728,-0.7777008180270292
with EDL,1.0,0.4390406673618353,5.010769296705845e-13,-1.546487262946567e-11,0.0005010769296705845,-0.015464872629465668,0.025053846483529225,-0.7732436314732833
with EDL,1.0,0.43929092805005215,5.039652733470326e-13,-1.5376239802108878e-11,0.0005039652733470326,-0.015376239802108877,0.02519826366735163,-0.7688119901054439
with EDL,1.0,0.43954118873826903,5.068702662218359e-13,-1.5288114950360624e-11,0.0005068702662218359,-0.015288114950360624,0.025343513311091793,-0.764405747518031
with EDL,1.0,0.43979144942648596,5.097920042655022e-13,-1.5200495162893073e-11,0.0005097920042655021,-0.015200495162893074,0.025489600213275107,-0.7600247581446536
with EDL,1.0,0.44004171011470283,5.127305840017357e-13,-1.5113377545063887e-11,0.0005127305840017356,-0.015113377545063887,0.02563652920008678,-0.7556688772531943
with EDL,1.0,0.4402919708029197,5.156861025106332e-13,-1.502675921882062e-11,0.0005156861025106331,-0.01502675921882062,0.025784305125531655,-0.7513379609410309
with EDL,1.0,0.44054223149113664,5.186586574318863e-13,-1.4940637322605546e-11,0.0005186586574318862,-0.014940637322605546,0.025932932871594313,-0.7470318661302772
with EDL,1.0,0.4407924921793535,5.216483469680086e-13,-1.4855009011261278e-11,0.0005216483469680086,-0.014855009011261277,0.026082417348400427,-0.7427504505630639
with EDL,1.0,0.4410427528675704,5.246552698875793e-13,-1.476987145593667e-11,0.0005246552698875794,-0.01476987145593667,0.026232763494378964,-0.7384935727968336
with EDL,1.0,0.4412930135557873,5.276795255285084e-13,-1.46852218439934e-11,0.0005276795255285084,-0.014685221843993401,0.026383976276425417,-0.73426109219967
with EDL,1.0,0.4415432742440042,5.307212138013123e-13,-1.4601057378913043e-11,0.0005307212138013123,-0.014601057378913042,0.026536060690065612,-0.7300528689456521
with EDL,1.0,0.44179353493222107,5.337804351924216e-13,-1.4517375280204619e-11,0.0005337804351924216,-0.014517375280204619,0.026689021759621075,-0.7258687640102308
with EDL,1.0,0.442043795620438,5.368572907674998e-13,-1.4434172783312863e-11,0.0005368572907674998,-0.014434172783312863,0.026842864538374984,-0.7217086391656431
with EDL,1.0,0.44229405630865487,5.399518821747762e-13,-1.4351447139526835e-11,0.0005399518821747763,-0.014351447139526834,0.02699759410873881,-0.7175723569763417
with EDL,1.0,0.44254431699687174,5.430643116484127e-13,-1.4269195615889029e-11,0.0005430643116484127,-0.01426919561588903,0.027153215582420634,-0.7134597807944514
with EDL,1.0,0.4427945776850887,5.461946820118741e-13,-1.4187415495105206e-11,0.0005461946820118741,-0.014187415495105207,0.027309734100593706,-0.7093707747552602
with EDL,1.0,0.44304483837330555,5.493430966813257e-13,-1.4106104075454661e-11,0.0005493430966813257,-0.014106104075454661,0.02746715483406628,-0.705305203772733
with EDL,1.0,0.4432950990615224,5.525096596690549e-13,-1.4025258670700759e-11,0.0005525096596690549,-0.01402525867070076,0.027625482983452743,-0.7012629335350379
with EDL,1.0,0.44354535974973935,5.556944755869035e-13,-1.3944876610002323e-11,0.0005556944755869035,-0.013944876610002323,0.027784723779345172,-0.6972438305001161
with EDL,1.0,0.44379562043795623,5.58897649649724e-13,-1.3864955237825516e-11,0.000558897649649724,-0.013864955237825516,0.027944882482486198,-0.6932477618912757
with EDL,1.0,0.4440458811261731,5.62119287678856e-13,-1.3785491913855915e-11,0.000562119287678856,-0.013785491913855915,0.0281059643839428,-0.6892745956927957
with EDL,1.0,0.44429614181439003,5.653594961056236e-13,-1.3706484012911323e-11,0.0005653594961056236,-0.013706484012911323,0.02826797480528118,-0.6853242006455661
with EDL,1.0,0.4445464025026069,5.686183819748455e-13,-1.3627928924855137e-11,0.0005686183819748455,-0.013627928924855136,0.028430919098742274,-0.6813964462427567
with EDL,1.0,0.4447966631908238,5.718960529483802e-13,-1.3549824054510078e-11,0.0005718960529483803,-0.013549824054510077,0.02859480264741901,-0.6774912027255038
with EDL,1.0,0.44504692387904066,5.751926173086772e-13,-1.3472166821572352e-11,0.0005751926173086771,-0.013472166821572353,0.028759630865433854,-0.6736083410786176
with EDL,1.0,0.4452971845672576,5.785081839623551e-13,-1.339495466052658e-11,0.0005785081839623552,-0.01339495466052658,0.028925409198117754,-0.669747733026329
with EDL,1.0,0.44554744525547446,5.818428624438004e-13,-1.3318185020560923e-11,0.0005818428624438004,-0.013318185020560923,0.029092143122190016,-0.6659092510280461
with EDL,1.0,0.4457977059436914,5.851967629187865e-13,-1.3241855365482843e-11,0.0005851967629187865,-0.013241855365482842,0.02925983814593932,-0.6620927682741421
with EDL,1.0,0.44604796663190827,5.885699961881081e-13,-1.3165963173635352e-11,0.0005885699961881081,-0.013165963173635352,0.0294284998094054,-0.6582981586817676
with EDL,1.0,0.44629822732012514,5.919626736912503e-13,-1.3090505937813595e-11,0.0005919626736912503,-0.013090505937813595,0.029598133684562513,-0.6545252968906797
with EDL,1.0,0.446548488008342,5.953749075100642e-13,-1.3015481165182194e-11,0.0005953749075100641,-0.013015481165182193,0.029768745375503208,-0.6507740582591096
with EDL,1.0,0.44679874869655894,5.988068103724712e-13,-1.2940886377192676e-11,0.0005988068103724712,-0.012940886377192677,0.029940340518623557,-0.6470443188596338
with EDL,1.0,0.4470490093847758,6.022584956561868e-13,-1.2866719109501886e-11,0.0006022584956561868,-0.012866719109501885,0.030112924782809334,-0.6433359554750943
with EDL,1.0,0.44729927007299275,6.05730077392469e-13,-1.2792976911890231e-11,0.000605730077392469,-0.012792976911890231,0.030286503869623446,-0.6396488455945115
with EDL,1.0,0.4475495307612096,6.092216702698757e-13,-1.2719657348180994e-11,0.0006092216702698757,-0.012719657348180995,0.030461083513493782,-0.6359828674090496
with EDL,1.0,0.4477997914494265,6.127333896380698e-13,-1.264675799615977e-11,0.0006127333896380698,-0.012646757996159769,0.030636669481903488,-0.6323378998079884
with EDL,1.0,0.4480500521376434,6.162653515116146e-13,-1.2574276447494352e-11,0.0006162653515116146,-0.012574276447494351,0.030813267575580727,-0.6287138223747175
with EDL,1.0,0.4483003128258603,6.198176725738178e-13,-1.2502210307655334e-11,0.0006198176725738179,-0.012502210307655333,0.030990883628690888,-0.6251105153827666
with EDL,1.0,0.4485505735140772,6.233904701805765e-13,-1.2430557195836895e-11,0.0006233904701805765,-0.012430557195836895,0.03116952350902882,-0.6215278597918447
with EDL,1.0,0.44880083420229405,6.269838623642637e-13,-1.235931474487819e-11,0.0006269838623642638,-0.01235931474487819,0.03134919311821319,-0.6179657372439095
with EDL,1.0,0.449051094890511,6.305979678376213e-13,-1.2288480601185071e-11,0.0006305979678376213,-0.012288480601185071,0.03152989839188106,-0.6144240300592535
with EDL,1.0,0.44930135557872786,6.342329059976804e-13,-1.2218052424652455e-11,0.0006342329059976804,-0.012218052424652456,0.03171164529988402,-0.6109026212326227
with EDL,1.0,0.44955161626694473,6.378887969297135e-13,-1.214802788858693e-11,0.0006378887969297135,-0.01214802788858693,0.03189443984648567,-0.6074013944293465
with EDL,1.0,0.44980187695516166,6.415657614111959e-13,-1.2078404679629917e-11,0.0006415657614111959,-0.012078404679629917,0.03207828807055979,-0.6039202339814957
with EDL,1.0,0.45005213764337854,6.45263920915797e-13,-1.2009180497681228e-11,0.000645263920915797,-0.012009180497681227,0.032263196045789845,-0.6004590248840613
with EDL,1.0,0.4503023983315954,6.48983397617394e-13,-1.1940353055823124e-11,0.000648983397617394,-0.011940353055823123,0.0324491698808697,-0.5970176527911562
with EDL,1.0,0.45055265901981234,6.527243143941071e-13,-1.1871920080244665e-11,0.0006527243143941071,-0.011871920080244666,0.032636215719705354,-0.5935960040122332
with EDL,1.0,0.4508029197080292,6.564867948323574e-13,-1.1803879310166715e-11,0.0006564867948323573,-0.011803879310166715,0.032824339741617865,-0.5901939655083357
with EDL,1.0,0.4510531803962461,6.60270963230955e-13,-1.1736228497767199e-11,0.000660270963230955,-0.011736228497767199,0.033013548161547744,-0.5868114248883599
with EDL,1.0,0.451303441084463,6.640769446052005e-13,-1.1668965408106757e-11,0.0006640769446052006,-0.011668965408106757,0.03320384723026002,-0.5834482704053378
with EDL,1.0,0.4515537017726799,6.679048646910172e-13,-1.1602087819055135e-11,0.0006679048646910171,-0.011602087819055135,0.033395243234550856,-0.5801043909527567
with EDL,1.0,0.45180396246089677,6.717548499491046e-13,-1.1535593521217487e-11,0.0006717548499491046,-0.011535593521217488,0.03358774249745523,-0.5767796760608743
with EDL,1.0,0.4520542231491137,6.75627027569116e-13,-1.1469480317861617e-11,0.000675627027569116,-0.011469480317861616,0.033781351378455796,-0.5734740158930808
with EDL,1.0,0.4523044838373306,6.79521525473858e-13,-1.1403746024845313e-11,0.000679521525473858,-0.011403746024845313,0.033976076273692896,-0.5701873012422656
with EDL,1.0,0.45255474452554745,6.834384723235225e-13,-1.1338388470544136e-11,0.0006834384723235225,-0.011338388470544136,0.034171923616176124,-0.5669194235272067
with EDL,1.0,0.4528050052137644,6.87377997519933e-13,-1.1273405495779797e-11,0.000687377997519933,-0.011273405495779798,0.034368899875996645,-0.5636702747889898
with EDL,1.0,0.45305526590198125,6.913402312108185e-13,-1.1208794953748752e-11,0.0006913402312108184,-0.011208794953748751,0.03456701156054092,-0.5604397476874375
with EDL,1.0,0.4533055265901981,6.953253042941166e-13,-1.1144554709951308e-11,0.0006953253042941166,-0.011144554709951309,0.03476626521470583,-0.5572277354975653
with EDL,1.0,0.45355578727841506,6.993333484222976e-13,-1.1080682642121039e-11,0.0006993333484222976,-0.011080682642121038,0.03496666742111488,-0.5540341321060519
with EDL,1.0,0.45380604796663193,7.033644960067062e-13,-1.1017176640154781e-11,0.0007033644960067062,-0.011017176640154782,0.03516822480033531,-0.550858832007739
with EDL,1.0,0.4540563086548488,7.074188802219503e-13,-1.0954034606042856e-11,0.0007074188802219503,-0.010954034606042856,0.03537094401109751,-0.5477017303021428
with EDL,1.0,0.45430656934306574,7.114966350102864e-13,-1.0891254453799747e-11,0.0007114966350102865,-0.010891254453799747,0.03557483175051432,-0.5445627226899873
with EDL,1.0,0.4545568300312826,7.155978950860544e-13,-1.082883410939527e-11,0.0007155978950860544,-0.01082883410939527,0.03577989475430272,-0.5414417054697634
with EDL,1.0,0.4548070907194995,7.197227959401212e-13,-1.0766771510685934e-11,0.0007197227959401212,-0.010766771510685934,0.03598613979700606,-0.5383385755342966
with EDL,1.0,0.4550573514077164,7.238714738443633e-13,-1.07050646073469e-11,0.0007238714738443633,-0.0107050646073469,0.036193573692218164,-0.535253230367345
with EDL,1.0,0.4553076120959333,7.28044065856161e-13,-1.064371136080424e-11,0.000728044065856161,-0.01064371136080424,0.03640220329280804,-0.532185568040212
with EDL,1.0,0.45555787278415016,7.322407098229338e-13,-1.0582709744167558e-11,0.0007322407098229338,-0.010582709744167558,0.03661203549114669,-0.5291354872083779
with EDL,1.0,0.45580813347236704,7.36461544386691e-13,-1.052205774216304e-11,0.000736461544386691,-0.01052205774216304,0.036823077219334546,-0.526102887108152
with EDL,1.0,0.45605839416058397,7.407067089886119e-13,-1.046175335106687e-11,0.0007407067089886119,-0.01046175335106687,0.03703533544943059,-0.5230876675533435
with EDL,1.0,0.45630865484880084,7.449763438736513e-13,-1.0401794578639102e-11,0.0007449763438736513,-0.010401794578639103,0.03724881719368256,-0.520089728931955
with EDL,1.0,0.4565589155370178,7.492705900951767e-13,-1.0342179444057713e-11,0.0007492705900951767,-0.010342179444057714,0.037463529504758834,-0.5171089722028857
with EDL,1.0,0.45680917622523465,7.535895895196217e-13,-1.0282905977853297e-11,0.0007535895895196217,-0.010282905977853297,0.03767947947598108,-0.5141452988926648
with EDL,1.0,0.4570594369134515,7.579334848311801e-13,-1.0223972221843901e-11,0.0007579334848311801,-0.010223972221843902,0.037896674241559,-0.511198611092195
with EDL,1.0,0.4573096976016684,7.623024195365147e-13,-1.0165376229070389e-11,0.0007623024195365148,-0.01016537622907039,0.038115120976825734,-0.5082688114535194
with EDL,1.0,0.4575599582898853,7.666965379695011e-13,-1.0107116063732087e-11,0.0007666965379695011,-0.010107116063732087,0.038334826898475054,-0.5053558031866043
with EDL,1.0,0.4578102189781022,7.711159852959919e-13,-1.004918980112291e-11,0.0007711159852959919,-0.01004918980112291,0.03855579926479959,-0.5024594900561454
with EDL,1.0,0.45806047966631913,7.755609075186185e-13,-9.991595527567633e-12,0.0007755609075186185,-0.009991595527567633,0.03877804537593092,-0.49957977637838163
with EDL,1.0,0.458310740354536,7.800314514816072e-13,-9.934331340358838e-12,0.0007800314514816072,-0.009934331340358838,0.03900157257408036,-0.4967165670179418
with EDL,1.0,0.4585610010427529,7.845277648756378e-13,-9.877395347693917e-12,0.0007845277648756378,-0.009877395347693918,0.039226388243781884,-0.4938697673846958
with EDL,1.0,0.45881126173096975,7.890499962427178e-13,-9.82078566861262e-12,0.0007890499962427178,-0.00982078566861262,0.03945249981213589,-0.4910392834306309
with EDL,1.0,0.4590615224191867,7.935982949810925e-13,-9.764500432934953e-12,0.0007935982949810926,-0.009764500432934952,0.03967991474905462,-0.4882250216467476
with EDL,1.0,0.45931178310740356,7.981728113501768e-13,-9.708537781199382e-12,0.0007981728113501768,-0.009708537781199383,0.039908640567508834,-0.48542688905996906
with EDL,1.0,0.45956204379562043,8.02773696475524e-13,-9.652895864601342e-12,0.000802773696475524,-0.009652895864601342,0.040138684823776194,-0.48264479323006704
with EDL,1.0,0.45981230448383736,8.074011023538177e-13,-9.59757284493221e-12,0.0008074011023538177,-0.00959757284493221,0.04037005511769088,-0.4798786422466104
with EDL,1.0,0.46006256517205424,8.120551818578843e-13,-9.542566894518596e-12,0.0008120551818578842,-0.009542566894518595,0.04060275909289421,-0.47712834472592974
with EDL,1.0,0.4603128258602711,8.167360887417602e-13,-9.487876196161915e-12,0.0008167360887417602,-0.009487876196161916,0.04083680443708801,-0.4743938098080957
with EDL,1.0,0.46056308654848804,8.214439776457562e-13,-9.433498943078358e-12,0.0008214439776457563,-0.009433498943078359,0.04107219888228781,-0.47167494715391783
with EDL,1.0,0.4608133472367049,8.261790041015719e-13,-9.379433338839279e-12,0.0008261790041015719,-0.009379433338839279,0.04130895020507859,-0.4689716669419639
with EDL,1.0,0.4610636079249218,8.309413245374382e-13,-9.325677597311733e-12,0.0008309413245374381,-0.009325677597311734,0.041547066226871904,-0.4662838798655866
with EDL,1.0,0.4613138686131387,8.357310962832769e-13,-9.27222994259953e-12,0.000835731096283277,-0.009272229942599531,0.041786554814163844,-0.46361149712997646
with EDL,1.0,0.4615641293013556,8.405484775759014e-13,-9.21908860898459e-12,0.0008405484775759014,-0.00921908860898459,0.042027423878795066,-0.46095443044922946
with EDL,1.0,0.46181438998957247,8.453936275642493e-13,-9.166251840868548e-12,0.0008453936275642492,-0.009166251840868549,0.04226968137821246,-0.45831259204342734
with EDL,1.0,0.4620646506777894,8.502667063146319e-13,-9.11371789271478e-12,0.0008502667063146318,-0.009113717892714781,0.042513335315731586,-0.455685894635739
with EDL,1.0,0.4623149113660063,8.551678748160289e-13,-9.061485028990801e-12,0.000855167874816029,-0.009061485028990802,0.04275839374080144,-0.45307425144954
with EDL,1.0,0.46256517205422315,8.600972949854032e-13,-9.009551524110808e-12,0.0008600972949854032,-0.009009551524110808,0.04300486474927016,-0.4504775762055404
with EDL,1.0,0.4628154327424401,8.650551296730532e-13,-8.957915662378757e-12,0.0008650551296730532,-0.008957915662378758,0.043252756483652656,-0.44789578311893785
with EDL,1.0,0.46306569343065695,8.700415426679853e-13,-8.906575737931683e-12,0.0008700415426679853,-0.008906575737931683,0.043502077133399264,-0.44532878689658406
with EDL,1.0,0.46331595411887383,8.750566987033365e-13,-8.855530054683292e-12,0.0008750566987033364,-0.008855530054683291,0.043752834935166816,-0.4427765027341646
with EDL,1.0,0.4635662148070907,8.801007634618055e-13,-8.804776926267971e-12,0.0008801007634618055,-0.00880477692626797,0.04400503817309027,-0.44023884631339855
with EDL,1.0,0.46381647549530763,8.851739035811346e-13,-8.754314675985076e-12,0.0008851739035811346,-0.008754314675985076,0.04425869517905672,-0.4377157337992537
with EDL,1.0,0.4640667361835245,8.902762866596096e-13,-8.704141636743529e-12,0.0008902762866596096,-0.008704141636743528,0.044513814332980475,-0.4352070818371764
with EDL,1.0,0.46431699687174144,8.954080812616006e-13,-8.654256151006713e-12,0.0008954080812616006,-0.008654256151006713,0.04477040406308003,-0.4327128075503356
with EDL,1.0,0.4645672575599583,9.005694569231235e-13,-8.604656570737795e-12,0.0009005694569231235,-0.008604656570737796,0.04502847284615617,-0.43023282853688977
with EDL,1.0,0.4648175182481752,9.057605841574518e-13,-8.555341257345187e-12,0.0009057605841574518,-0.008555341257345188,0.04528802920787259,-0.4277670628672593
with EDL,1.0,0.46506777893639206,9.109816344607395e-13,-8.506308581628483e-12,0.0009109816344607394,-0.008506308581628484,0.04554908172303697,-0.4253154290814241
with EDL,1.0,0.465318039624609,9.162327803176938e-13,-8.457556923724563e-12,0.0009162327803176937,-0.008457556923724564,0.045811639015884684,-0.4228778461862281
with EDL,1.0,0.46556830031282587,9.215141952072695e-13,-8.409084673054194e-12,0.0009215141952072694,-0.008409084673054195,0.046075709760363466,-0.4204542336527096
with EDL,1.0,0.4658185610010428,9.26826053608403e-13,-8.360890228268687e-12,0.0009268260536084029,-0.008360890228268686,0.04634130268042014,-0.4180445114134343
with EDL,1.0,0.46606882168925967,9.321685310057705e-13,-8.312971997197103e-12,0.0009321685310057705,-0.008312971997197103,0.046608426550288524,-0.41564859985985514
with EDL,1.0,0.46631908237747655,9.375418038955939e-13,-8.26532839679358e-12,0.0009375418038955938,-0.00826532839679358,0.04687709019477969,-0.413266419839679
with EDL,1.0,0.4665693430656934,9.429460497914633e-13,-8.217957853085095e-12,0.0009429460497914633,-0.008217957853085095,0.04714730248957316,-0.4108978926542547
with EDL,1.0,0.46681960375391035,9.483814472302114e-13,-8.170858801119397e-12,0.0009483814472302114,-0.008170858801119398,0.04741907236151057,-0.40854294005596986
with EDL,1.0,0.4670698644421272,9.53848175777799e-13,-8.124029684913384e-12,0.000953848175777799,-0.008124029684913384,0.04769240878888994,-0.40620148424566915
with EDL,1.0,0.46732012513034416,9.593464160352616e-13,-8.077468957401627e-12,0.0009593464160352616,-0.008077468957401628,0.04796732080176307,-0.40387344787008134
with EDL,1.0,0.46757038581856103,9.648763496446582e-13,-8.031175080385322e-12,0.0009648763496446582,-0.008031175080385321,0.0482438174822329,-0.401558754019266
with EDL,1.0,0.4678206465067779,9.704381592950903e-13,-7.985146524481414e-12,0.0009704381592950904,-0.007985146524481415,0.04852190796475451,-0.3992573262240707
with EDL,1.0,0.4680709071949948,9.760320287287252e-13,-7.939381769072134e-12,0.0009760320287287252,-0.007939381769072135,0.048801601436436255,-0.3969690884536067
with EDL,1.0,0.4683211678832117,9.816581427468715e-13,-7.893879302254705e-12,0.0009816581427468715,-0.007893879302254705,0.04908290713734357,-0.3946939651127352
with EDL,1.0,0.4685714285714286,9.873166872160826e-13,-7.848637620791444e-12,0.0009873166872160825,-0.007848637620791445,0.04936583436080412,-0.39243188103957216
with EDL,1.0,0.4688216892596455,9.930078490742983e-13,-7.803655230060054e-12,0.0009930078490742982,-0.007803655230060054,0.04965039245371491,-0.39018276150300263
with EDL,1.0,0.4690719499478624,9.98731816337015e-13,-7.758930644004292e-12,0.000998731816337015,-0.0077589306440042916,0.04993659081685074,-0.3879465322002145
with EDL,1.0,0.46932221063607926,1.0044887781035073e-12,-7.714462385084831e-12,0.0010044887781035074,-0.007714462385084831,0.05022443890517536,-0.3857231192542415
with EDL,1.0,0.46957247132429614,1.0102789245630655e-12,-7.670248984230497e-12,0.0010102789245630655,-0.007670248984230498,0.050513946228153264,-0.38351244921152483
with EDL,1.0,0.46982273201251307,1.0161024470012842e-12,-7.62628898078968e-12,0.0010161024470012841,-0.0076262889807896805,0.05080512235006421,-0.38131444903948397
with EDL,1.0,0.47007299270072994,1.0219595378063807e-12,-7.582580922482137e-12,0.0010219595378063806,-0.007582580922482137,0.05109797689031903,-0.3791290461241068
with EDL,1.0,0.47032325338894687,1.0278503904755514e-12,-7.539123365350947e-12,0.0010278503904755513,-0.007539123365350947,0.05139251952377756,-0.37695616826754735
with EDL,1.0,0.47057351407716375,1.0337751996213584e-12,-7.495914873714908e-12,0.0010337751996213583,-0.007495914873714909,0.051688759981067915,-0.37479574368574536
with EDL,1.0,0.4708237747653806,1.0397341609781668e-12,-7.45295402012097e-12,0.0010397341609781668,-0.0074529540201209695,0.051986708048908335,-0.37264770100604844
with EDL,1.0,0.4710740354535975,1.0457274714086081e-12,-7.410239385297203e-12,0.001045727471408608,-0.007410239385297203,0.0522863735704304,-0.37051196926486013
with EDL,1.0,0.4713242961418144,1.0517553289100847e-12,-7.367769558105848e-12,0.0010517553289100846,-0.007367769558105848,0.052587766445504225,-0.3683884779052924
with EDL,1.0,0.4715745568300313,1.0578179326213041e-12,-7.325543135496711e-12,0.0010578179326213041,-0.0073255431354967105,0.05289089663106521,-0.36627715677483547
with EDL,1.0,0.4718248175182482,1.0639154828288719e-12,-7.283558722460796e-12,0.0010639154828288718,-0.007283558722460796,0.05319577414144359,-0.3641779361230397
with EDL,1.0,0.4720750782064651,1.0700481809738974e-12,-7.241814931984235e-12,0.0010700481809738974,-0.007241814931984235,0.05350240904869486,-0.3620907465992117
with EDL,1.0,0.472325338894682,1.0762162296586413e-12,-7.200310385002475e-12,0.0010762162296586413,-0.007200310385002475,0.053810811482932056,-0.3600155192501237
with EDL,1.0,0.47257559958289885,1.0824198326532342e-12,-7.159043710354708e-12,0.0010824198326532342,-0.0071590437103547086,0.0541209916326617,-0.3579521855177354
with EDL,1.0,0.4728258602711158,1.0886591949023826e-12,-7.118013544738549e-12,0.0010886591949023827,-0.007118013544738549,0.05443295974511913,-0.3559006772369274
with EDL,1.0,0.47307612095933266,1.0949345225321552e-12,-7.077218532665048e-12,0.0010949345225321552,-0.007077218532665048,0.05474672612660775,-0.35386092663325236
with EDL,1.0,0.47332638164754953,1.101246022856784e-12,-7.036657326413863e-12,0.0011012460228567841,-0.007036657326413863,0.05506230114283919,-0.3518328663206931
with EDL,1.0,0.47357664233576646,1.1075939043855248e-12,-6.996328585988747e-12,0.0011075939043855248,-0.006996328585988747,0.05537969521927623,-0.3498164292994373
with EDL,1.0,0.47382690302398334,1.1139783768295213e-12,-6.9562309790733216e-12,0.0011139783768295212,-0.006956230979073321,0.05569891884147606,-0.34781154895366606
with EDL,1.0,0.4740771637122002,1.1203996511087635e-12,-6.916363180986998e-12,0.0011203996511087635,-0.006916363180986998,0.05601998255543817,-0.34581815904934987
with EDL,1.0,0.4743274244004171,1.126857939359037e-12,-6.876723874641249e-12,0.0011268579393590372,-0.006876723874641249,0.05634289696795185,-0.3438361937320624
with EDL,1.0,0.474577685088634,1.1333534549389355e-12,-6.837311750496089e-12,0.0011333534549389354,-0.006837311750496089,0.056667672746946764,-0.34186558752480445
with EDL,1.0,0.4748279457768509,1.13988641243691e-12,-6.798125506516833e-12,0.00113988641243691,-0.006798125506516833,0.05699432062184549,-0.3399062753258416
with EDL,1.0,0.4750782064650678,1.1464570276783604e-12,-6.759163848131032e-12,0.0011464570276783603,-0.006759163848131032,0.05732285138391801,-0.33795819240655156
with EDL,1.0,0.4753284671532847,1.1530655177327541e-12,-6.720425488185778e-12,0.0011530655177327542,-0.006720425488185778,0.057653275886637705,-0.33602127440928886
with EDL,1.0,0.47557872784150157,1.1597121009208151e-12,-6.6819091469051054e-12,0.0011597121009208151,-0.006681909146905105,0.05798560504604075,-0.33409545734525525
with EDL,1.0,0.47582898852971844,1.1663969968217241e-12,-6.643613551847756e-12,0.0011663969968217242,-0.006643613551847756,0.0583198498410862,-0.3321806775923878
with EDL,1.0,0.4760792492179354,1.173120426280376e-12,-6.605537437865131e-12,0.001173120426280376,-0.00660553743786513,0.05865602131401879,-0.3302768718932565
with EDL,1.0,0.47632950990615225,1.1798826114146757e-12,-6.567679547059506e-12,0.0011798826114146758,-0.006567679547059506,0.05899413057073378,-0.32838397735297525
with EDL,1.0,0.4765797705943692,1.1866837756228794e-12,-6.530038628742437e-12,0.0011866837756228795,-0.006530038628742437,0.059334188781143965,-0.3265019314371218
with EDL,1.0,0.47683003128258605,1.193524143590962e-12,-6.492613439393522e-12,0.0011935241435909619,-0.006492613439393522,0.059676207179548094,-0.3246306719696761
with EDL,1.0,0.4770802919708029,1.2004039413000591e-12,-6.455402742619227e-12,0.001200403941300059,-0.006455402742619226,0.060020197065002945,-0.3227701371309613
with EDL,1.0,0.4773305526590198,1.2073233960339195e-12,-6.418405309112071e-12,0.0012073233960339196,-0.006418405309112071,0.060366169801695964,-0.32092026545560354
with EDL,1.0,0.47758081334723673,1.2142827363864187e-12,-6.381619916610054e-12,0.0012142827363864188,-0.006381619916610053,0.06071413681932093,-0.31908099583050265
with EDL,1.0,0.4778310740354536,1.221282192269105e-12,-6.345045349856238e-12,0.0012212821922691051,-0.006345045349856238,0.06106410961345525,-0.3172522674928119
with EDL,1.0,0.47808133472367054,1.2283219949188095e-12,-6.308680400558592e-12,0.0012283219949188095,-0.006308680400558592,0.06141609974594047,-0.3154340200279296
with EDL,1.0,0.4783315954118874,1.2354023769052618e-12,-6.2725238673501265e-12,0.0012354023769052618,-0.006272523867350126,0.06177011884526308,-0.3136261933675063
with EDL,1.0,0.4785818561001043,1.242523572138793e-12,-6.236574555749137e-12,0.001242523572138793,-0.006236574555749138,0.06212617860693965,-0.31182872778745685
with EDL,1.0,0.47883211678832116,1.249685815878062e-12,-6.200831278119787e-12,0.0012496858158780619,-0.006200831278119787,0.062484290793903094,-0.3100415639059893
with EDL,1.0,0.4790823774765381,1.2568893447378145e-12,-6.16529285363285e-12,0.0012568893447378144,-0.00616529285363285,0.06284446723689072,-0.3082646426816425
with EDL,1.0,0.47933263816475496,1.2641343966967127e-12,-6.1299581082267345e-12,0.0012641343966967127,-0.0061299581082267345,0.06320671983483563,-0.3064979054113367
with EDL,1.0,0.4795828988529719,1.2714212111051939e-12,-6.09482587456864e-12,0.0012714212111051939,-0.00609482587456864,0.06357106055525968,-0.30474129372843195
with EDL,1.0,0.47983315954118877,1.2787500286933669e-12,-6.059894992016064e-12,0.0012787500286933668,-0.006059894992016064,0.06393750143466834,-0.30299474960080314
with EDL,1.0,0.48008342022940564,1.286121091578985e-12,-6.025164306578386e-12,0.001286121091578985,-0.0060251643065783855,0.06430605457894924,-0.3012582153289193
with EDL,1.0,0.4803336809176225,1.2935346432754295e-12,-5.990632670878791e-12,0.0012935346432754295,-0.005990632670878791,0.06467673216377147,-0.2995316335439395
with EDL,1.0,0.48058394160583945,1.3009909286997602e-12,-5.956298944116346e-12,0.0013009909286997602,-0.0059562989441163455,0.065049546434988,-0.29781494720581725
with EDL,1.0,0.4808342022940563,1.3084901941808043e-12,-5.922161992028326e-12,0.0013084901941808043,-0.005922161992028326,0.06542450970904021,-0.29610809960141626
with EDL,1.0,0.4810844629822732,1.3160326874672964e-12,-5.888220686852727e-12,0.0013160326874672964,-0.005888220686852727,0.06580163437336481,-0.2944110343426363
with EDL,1.0,0.4813347236704901,1.323618657736065e-12,-5.854473907291002e-12,0.001323618657736065,-0.0058544739072910025,0.06618093288680324,-0.29272369536455006
with EDL,1.0,0.481584984358707,1.3312483556002511e-12,-5.820920538471063e-12,0.001331248355600251,-0.005820920538471063,0.06656241778001255,-0.29104602692355314
with EDL,1.0,0.4818352450469239,1.338922033117609e-12,-5.787559471910387e-12,0.001338922033117609,-0.005787559471910387,0.06694610165588044,-0.2893779735955193
with EDL,1.0,0.4820855057351408,1.3466399437988184e-12,-5.7543896054794304e-12,0.0013466399437988183,-0.00575438960547943,0.06733199718994091,-0.2877194802739715
with EDL,1.0,0.4823357664233577,1.354402342615864e-12,-5.721409843365226e-12,0.001354402342615864,-0.005721409843365226,0.06772011713079319,-0.28607049216826125
with EDL,1.0,0.48258602711157456,1.3622094860104576e-12,-5.688619096035157e-12,0.0013622094860104576,-0.005688619096035157,0.06811047430052287,-0.28443095480175784
with EDL,1.0,0.4828362877997915,1.370061631902515e-12,-5.6560162802009626e-12,0.001370061631902515,-0.005656016280200963,0.06850308159512575,-0.2828008140100481
with EDL,1.0,0.48308654848800836,1.377959039698662e-12,-5.623600318783009e-12,0.0013779590396986619,-0.005623600318783009,0.06889795198493309,-0.28118001593915043
with EDL,1.0,0.48333680917622523,1.3859019703008242e-12,-5.591370140874618e-12,0.0013859019703008242,-0.005591370140874618,0.0692950985150412,-0.2795685070437309
with EDL,1.0,0.4835870698644421,1.393890686114835e-12,-5.559324681706726e-12,0.001393890686114835,-0.005559324681706727,0.06969453430574174,-0.2779662340853363
with EDL,1.0,0.48383733055265904,1.4019254510591049e-12,-5.527462882612735e-12,0.0014019254510591048,-0.005527462882612735,0.07009627255295524,-0.2763731441306367
with EDL,1.0,0.4840875912408759,1.4100065305733426e-12,-5.495783690993509e-12,0.0014100065305733425,-0.0054957836909935096,0.07050032652866713,-0.27478918454967544
with EDL,1.0,0.48433785192909284,1.4181341916273275e-12,-5.46428606028259e-12,0.0014181341916273274,-0.00546428606028259,0.07090670958136637,-0.27321430301412947
with EDL,1.0,0.4845881126173097,1.4263087027297147e-12,-5.432968949911669e-12,0.0014263087027297147,-0.005432968949911669,0.07131543513648572,-0.2716484474955834
with EDL,1.0,0.4848383733055266,1.4345303339369225e-12,-5.40183132527615e-12,0.0014345303339369224,-0.00540183132527615,0.07172651669684611,-0.2700915662638075
with EDL,1.0,0.48508863399374347,1.4427993568620532e-12,-5.370872157701014e-12,0.0014427993568620532,-0.005370872157701013,0.07213996784310266,-0.26854360788505066
with EDL,1.0,0.4853388946819604,1.4511160446838513e-12,-5.34009042440681e-12,0.0014511160446838514,-0.00534009042440681,0.07255580223419256,-0.26700452122034046
with EDL,1.0,0.4855891553701773,1.4594806721557467e-12,-5.309485108475893e-12,0.0014594806721557466,-0.005309485108475893,0.07297403360778733,-0.26547425542379466
with EDL,1.0,0.4858394160583942,1.4678935156149186e-12,-5.279055198818793e-12,0.0014678935156149187,-0.005279055198818793,0.07339467578074592,-0.26395275994093964
with EDL,1.0,0.4860896767466111,1.4763548529914224e-12,-5.248799690140859e-12,0.0014763548529914223,-0.0052487996901408596,0.07381774264957111,-0.2624399845070429
with EDL,1.0,0.48633993743482795,1.484864963817388e-12,-5.218717582908996e-12,0.001484864963817388,-0.005218717582908996,0.07424324819086939,-0.26093587914544975
with EDL,1.0,0.4865901981230448,1.4934241292362404e-12,-5.188807883318674e-12,0.0014934241292362403,-0.0051888078833186736,0.07467120646181201,-0.2594403941659337
with EDL,1.0,0.48684045881126176,1.5020326320119922e-12,-5.159069603261093e-12,0.0015020326320119922,-0.0051590696032610935,0.0751016316005996,-0.25795348016305464
with EDL,1.0,0.48709071949947863,1.5106907565385846e-12,-5.129501760290545e-12,0.0015106907565385847,-0.005129501760290546,0.07553453782692922,-0.25647508801452723
with EDL,1.0,0.48734098018769556,1.5193987888492865e-12,-5.100103377591927e-12,0.0015193987888492866,-0.005100103377591927,0.07596993944246432,-0.25500516887959634
with EDL,1.0,0.48759124087591244,1.5281570166261287e-12,-5.070873483948532e-12,0.0015281570166261287,-0.005070873483948532,0.07640785083130643,-0.25354367419742657
with EDL,1.0,0.4878415015641293,1.5369657292094313e-12,-5.041811113709888e-12,0.0015369657292094313,-0.005041811113709888,0.07684828646047155,-0.2520905556854944
with EDL,1.0,0.4880917622523462,1.545825217607346e-12,-5.012915306759908e-12,0.001545825217607346,-0.005012915306759908,0.0772912608803673,-0.2506457653379954
with EDL,1.0,0.4883420229405631,1.5547357745054765e-12,-4.984185108485151e-12,0.0015547357745054765,-0.004984185108485151,0.07773678872527381,-0.24920925542425754
with EDL,1.0,0.48859228362878,1.5636976942765436e-12,-4.9556195697433056e-12,0.0015636976942765436,-0.004955619569743306,0.07818488471382717,-0.24778097848716527
with EDL,1.0,0.4888425443169969,1.5727112729901183e-12,-4.927217746831788e-12,0.0015727112729901184,-0.0049272177468317885,0.07863556364950591,-0.2463608873415894
with EDL,1.0,0.4890928050052138,1.5817768084223842e-12,-4.898978701456643e-12,0.0015817768084223842,-0.004898978701456643,0.0790888404211192,-0.24494893507283214
with EDL,1.0,0.48934306569343067,1.5908946000659995e-12,-4.870901500701458e-12,0.0015908946000659995,-0.004870901500701458,0.07954473000329997,-0.2435450750350729
with EDL,1.0,0.48959332638164754,1.600064949139977e-12,-4.842985216996604e-12,0.001600064949139977,-0.004842985216996604,0.08000324745699884,-0.24214926084983018
with EDL,1.0,0.4898435870698645,1.6092881585996359e-12,-4.815228928088548e-12,0.0016092881585996358,-0.004815228928088548,0.08046440792998179,-0.24076144640442737
with EDL,1.0,0.49009384775808135,1.6185645331466138e-12,-4.7876317170094475e-12,0.0016185645331466137,-0.004787631717009447,0.08092822665733068,-0.23938158585047234
with EDL,1.0,0.4903441084462983,1.6278943792389363e-12,-4.760192672046783e-12,0.0016278943792389362,-0.004760192672046783,0.0813947189619468,-0.23800963360233915
with EDL,1.0,0.49059436913451515,1.6372780051011177e-12,-4.732910886713307e-12,0.0016372780051011177,-0.004732910886713307,0.08186390025505588,-0.23664554433566531
with EDL,1.0,0.490844629822732,1.6467157207343857e-12,-4.705785459717035e-12,0.0016467157207343858,-0.004705785459717035,0.08233578603671927,-0.23528927298585176
with EDL,1.0,0.4910948905109489,1.6562078379268832e-12,-4.678815494931514e-12,0.001656207837926883,-0.0046788154949315135,0.08281039189634415,-0.23394077474657568
with EDL,1.0,0.49134515119916583,1.6657546702639965e-12,-4.652000101366195e-12,0.0016657546702639964,-0.004652000101366195,0.08328773351319982,-0.2326000050683097
with EDL,1.0,0.4915954118873827,1.6753565331386915e-12,-4.625338393137016e-12,0.0016753565331386914,-0.004625338393137016,0.08376782665693457,-0.23126691965685078
with EDL,1.0,0.4918456725755996,1.6850137437619566e-12,-4.598829489437113e-12,0.0016850137437619565,-0.004598829489437113,0.08425068718809782,-0.22994147447185564
with EDL,1.0,0.4920959332638165,1.694726621173265e-12,-4.572472514507743e-12,0.001694726621173265,-0.004572472514507743,0.08473633105866324,-0.22862362572538714
with EDL,1.0,0.4923461939520334,1.7044954862511124e-12,-4.5462665976093445e-12,0.0017044954862511124,-0.004546266597609344,0.08522477431255561,-0.2273133298804672
with EDL,1.0,0.49259645464025026,1.7143206617236378e-12,-4.5202108729927605e-12,0.0017143206617236378,-0.004520210872992761,0.08571603308618188,-0.226010543649638
with EDL,1.0,0.4928467153284672,1.7242024721792675e-12,-4.494304479870645e-12,0.0017242024721792675,-0.004494304479870645,0.08621012360896337,-0.22471522399353225
with EDL,1.0,0.49309697601668406,1.7341412440774452e-12,-4.468546562389038e-12,0.0017341412440774451,-0.0044685465623890384,0.08670706220387225,-0.22342732811945187
with EDL,1.0,0.49334723670490094,1.7441373057594142e-12,-4.442936269599077e-12,0.001744137305759414,-0.004442936269599077,0.0872068652879707,-0.22214681347995383
with EDL,1.0,0.49359749739311787,1.754190987459072e-12,-4.4174727554288786e-12,0.0017541909874590718,-0.004417472755428879,0.08770954937295358,-0.2208736377714439
with EDL,1.0,0.49384775808133474,1.7643026213138584e-12,-4.39215517865561e-12,0.0017643026213138584,-0.004392155178655609,0.08821513106569291,-0.21960775893278048
with EDL,1.0,0.4940980187695516,1.7744725413757595e-12,-4.366982702877675e-12,0.0017744725413757596,-0.004366982702877675,0.08872362706878796,-0.21834913514388374
with EDL,1.0,0.4943482794577685,1.784701083622322e-12,-4.341954496487095e-12,0.001784701083622322,-0.004341954496487095,0.08923505418111609,-0.21709772482435472
with EDL,1.0,0.4945985401459854,1.7949885859677588e-12,-4.317069732642024e-12,0.0017949885859677589,-0.004317069732642024,0.08974942929838793,-0.21585348663210116
with EDL,1.0,0.4948488008342023,1.8053353882741132e-12,-4.292327589239465e-12,0.0018053353882741133,-0.004292327589239465,0.09026676941370565,-0.21461637946197323
with EDL,1.0,0.4950990615224192,1.8157418323624888e-12,-4.267727248888058e-12,0.0018157418323624889,-0.0042677272488880575,0.09078709161812443,-0.21338636244440287
with EDL,1.0,0.4953493222106361,1.8262082620243255e-12,-4.243267898881132e-12,0.0018262082620243254,-0.004243267898881132,0.09131041310121626,-0.2121633949440566
with EDL,1.0,0.495599582898853,1.8367350230327856e-12,-4.218948731169811e-12,0.0018367350230327857,-0.004218948731169811,0.09183675115163928,-0.21094743655849052
with EDL,1.0,0.49584984358706985,1.847322463154156e-12,-4.194768942336345e-12,0.001847322463154156,-0.004194768942336345,0.0923661231577078,-0.20973844711681724
with EDL,1.0,0.4961001042752868,1.8579709321593437e-12,-4.17072773356754e-12,0.0018579709321593437,-0.00417072773356754,0.09289854660796718,-0.208536386678377
with EDL,1.0,0.49635036496350365,1.86868078183543e-12,-4.146824310628434e-12,0.0018686807818354301,-0.004146824310628435,0.09343403909177149,-0.2073412155314217
with EDL,1.0,0.4966006256517206,1.879452365997299e-12,-4.12305788383597e-12,0.0018794523659972989,-0.00412305788383597,0.09397261829986493,-0.2061528941917985
with EDL,1.0,0.49685088633993746,1.8902860404992997e-12,-4.099427668032973e-12,0.0018902860404992998,-0.004099427668032973,0.09451430202496497,-0.2049713834016486
with EDL,1.0,0.49710114702815433,1.901182163247047e-12,-4.075932882562177e-12,0.001901182163247047,-0.004075932882562177,0.09505910816235233,-0.20379664412810886
with EDL,1.0,0.4973514077163712,1.912141094209204e-12,-4.052572751240454e-12,0.001912141094209204,-0.0040525727512404535,0.09560705471046019,-0.20262863756202265
with EDL,1.0,0.49760166840458814,1.923163195429404e-12,-4.029346502333151e-12,0.001923163195429404,-0.004029346502333151,0.0961581597714702,-0.20146732511665755
with EDL,1.0,0.497851929092805,1.934248831038186e-12,-4.006253368528636e-12,0.0019342488310381861,-0.004006253368528636,0.09671244155190929,-0.20031266842643178
with EDL,1.0,0.49810218978102194,1.9453983672650535e-12,-3.9832925869128916e-12,0.0019453983672650535,-0.003983292586912892,0.09726991836325267,-0.19916462934564455
with EDL,1.0,0.4983524504692388,1.9566121724505293e-12,-3.9604633989443594e-12,0.0019566121724505295,-0.003960463398944359,0.09783060862252646,-0.19802316994721794
with EDL,1.0,0.4986027111574557,1.967890617058375e-12,-3.937765050428849e-12,0.0019678906170583752,-0.003937765050428849,0.09839453085291874,-0.19688825252144246
with EDL,1.0,0.49885297184567257,1.9792340736877965e-12,-3.915196791494643e-12,0.0019792340736877966,-0.0039151967914946425,0.09896170368438982,-0.19575983957473211
with EDL,1.0,0.4991032325338895,1.9906429170857655e-12,-3.8927578765677016e-12,0.0019906429170857653,-0.0038927578765677014,0.09953214585428825,-0.19463789382838506
with EDL,1.0,0.49935349322210637,2.002117524159395e-12,-3.870447564347071e-12,0.002002117524159395,-0.0038704475643470708,0.10010587620796974,-0.1935223782173535
with EDL,1.0,0.4996037539103233,2.0136582739884005e-12,-3.848265117780342e-12,0.0020136582739884003,-0.003848265117780342,0.10068291369942,-0.19241325588901706
with EDL,1.0,0.4998540145985402,2.0252655478375978e-12,-3.826209804039344e-12,0.002025265547837598,-0.0038262098040393443,0.10126327739187989,-0.1913104902019672
with EDL,1.0,0.500104275286757,2.0369397291695358e-12,-3.804280894495907e-12,0.0020369397291695357,-0.003804280894495907,0.10184698645847677,-0.19021404472479533
with EDL,1.0,0.5003545359749739,2.0486812036571367e-12,-3.782477664697803e-12,0.002048681203657137,-0.003782477664697803,0.10243406018285682,-0.18912388323489016
with EDL,1.0,0.5006047966631908,2.060490359196449e-12,-3.760799394344812e-12,0.002060490359196449,-0.003760799394344812,0.10302451795982244,-0.1880399697172406
with EDL,1.0,0.5008550573514077,2.072367585919459e-12,-3.739245367264923e-12,0.002072367585919459,-0.003739245367264923,0.10361837929597295,-0.18696226836324614
with EDL,1.0,0.5011053180396247,2.084313276206985e-12,-3.7178148713906635e-12,0.0020843132762069848,-0.0037178148713906635,0.10421566381034923,-0.18589074356953314
with EDL,1.0,0.5013555787278415,2.096327824701618e-12,-3.696507198735624e-12,0.002096327824701618,-0.003696507198735624,0.10481639123508091,-0.18482535993678118
with EDL,1.0,0.5016058394160584,2.1084116283207946e-12,-3.675321645371e-12,0.0021084116283207944,-0.0036753216453709998,0.10542058141603972,-0.18376608226854996
with EDL,1.0,0.5018561001042753,2.120565086269883e-12,-3.654257511402365e-12,0.002120565086269883,-0.003654257511402365,0.10602825431349415,-0.18271287557011823
with EDL,1.0,0.5021063607924922,2.1327886000553826e-12,-3.633314100946577e-12,0.0021327886000553826,-0.003633314100946577,0.10663943000276913,-0.18166570504732882
with EDL,1.0,0.5023566214807091,2.1450825734981917e-12,-3.6124907221087284e-12,0.0021450825734981916,-0.0036124907221087286,0.10725412867490956,-0.1806245361054364
with EDL,1.0,0.502606882168926,2.1574474127469166e-12,-3.591786686959376e-12,0.0021574474127469168,-0.003591786686959376,0.10787237063734582,-0.17958933434796878
with EDL,1.0,0.5028571428571429,2.1698835262913465e-12,-3.5712013115117194e-12,0.0021698835262913465,-0.0035712013115117196,0.10849417631456731,-0.17856006557558596
with EDL,1.0,0.5031074035453598,2.1823913249758954e-12,-3.5507339156990616e-12,0.0021823913249758953,-0.0035507339156990616,0.10911956624879475,-0.17753669578495307
with EDL,1.0,0.5033576642335766,2.194971222013211e-12,-3.530383823352328e-12,0.0021949712220132108,-0.003530383823352328,0.10974856110066054,-0.17651919116761638
with EDL,1.0,0.5036079249217935,2.2076236329977964e-12,-3.5101503621777273e-12,0.0022076236329977962,-0.003510150362177727,0.1103811816498898,-0.17550751810888635
with EDL,1.0,0.5038581856100104,2.2203489759197692e-12,-3.4900328637345427e-12,0.002220348975919769,-0.0034900328637345428,0.11101744879598845,-0.17450164318672712
with EDL,1.0,0.5041084462982274,2.233147671178649e-12,-3.47003066341304e-12,0.0022331476711786487,-0.00347003066341304,0.11165738355893243,-0.17350153317065198
with EDL,1.0,0.5043587069864442,2.2460201415972407e-12,-3.4501431004125465e-12,0.0022460201415972405,-0.0034501431004125465,0.11230100707986201,-0.1725071550206273
with EDL,1.0,0.5046089676746611,2.258966812435633e-12,-3.430369517719567e-12,0.0022589668124356334,-0.0034303695177195673,0.11294834062178165,-0.17151847588597835
with EDL,1.0,0.504859228362878,2.2719881114052224e-12,-3.4107092620861145e-12,0.0022719881114052222,-0.0034107092620861146,0.11359940557026112,-0.1705354631043057
with EDL,1.0,0.5051094890510949,2.2850844686828495e-12,-3.3911616840081197e-12,0.0022850844686828496,-0.00339116168400812,0.11425422343414246,-0.16955808420040597
with EDL,1.0,0.5053597497393119,2.2982563169250183e-12,-3.3717261377039646e-12,0.002298256316925018,-0.003371726137703965,0.1149128158462509,-0.1685863068851982
with EDL,1.0,0.5056100104275287,2.3115040912821637e-12,-3.352401981093186e-12,0.002311504091282164,-0.003352401981093186,0.11557520456410818,-0.1676200990546593
with EDL,1.0,0.5058602711157456,2.324828229413065e-12,-3.3331885757752074e-12,0.002324828229413065,-0.0033331885757752074,0.11624141147065324,-0.16665942878876036
with EDL,1.0,0.5061105318039625,2.3382291714992785e-12,-3.3140852870082853e-12,0.0023382291714992786,-0.0033140852870082852,0.1169114585749639,-0.16570426435041424
with EDL,1.0,0.5063607924921794,2.3517073602596875e-12,-3.29509148368853e-12,0.0023517073602596877,-0.00329509148368853,0.11758536801298437,-0.1647545741844265
with EDL,1.0,0.5066110531803962,2.3652632409651273e-12,-3.2762065383290598e-12,0.0023652632409651275,-0.00327620653832906,0.11826316204825635,-0.16381032691645298
with EDL,1.0,0.5068613138686131,2.378897261453097e-12,-3.25742982703926e-12,0.002378897261453097,-0.00325742982703926,0.11894486307265484,-0.162871491351963
with EDL,1.0,0.5071115745568301,2.392609872142551e-12,-3.2387607295041853e-12,0.0023926098721425513,-0.003238760729504185,0.11963049360712755,-0.16193803647520924
with EDL,1.0,0.507361835245047,2.4064015260487758e-12,-3.220198628964075e-12,0.0024064015260487756,-0.003220198628964075,0.12032007630243877,-0.16100993144820372
with EDL,1.0,0.5076120959332638,2.420272678798369e-12,-3.2017429121939425e-12,0.002420272678798369,-0.0032017429121939424,0.12101363393991844,-0.1600871456096971
with EDL,1.0,0.5078623566214807,2.4342237886442823e-12,-3.18339296948335e-12,0.0024342237886442824,-0.0031833929694833497,0.1217111894322141,-0.15916964847416748
with EDL,1.0,0.5081126173096976,2.4482553164809602e-12,-3.1651481946162403e-12,0.0024482553164809602,-0.0031651481946162402,0.122412765824048,-0.158257409730812
with EDL,1.0,0.5083628779979145,2.4623677258595724e-12,-3.1470079848509424e-12,0.0024623677258595726,-0.0031470079848509424,0.12311838629297861,-0.1573503992425471
with EDL,1.0,0.5086131386861314,2.4765614830033215e-12,-3.128971740900219e-12,0.0024765614830033218,-0.003128971740900219,0.12382807415016606,-0.15644858704501094
with EDL,1.0,0.5088633993743483,2.4908370568228323e-12,-3.1110388669115176e-12,0.002490837056822832,-0.0031110388669115174,0.12454185284114161,-0.15555194334557587
with EDL,1.0,0.5091136600625652,2.5051949189316857e-12,-3.0932087704472314e-12,0.0025051949189316856,-0.0030932087704472313,0.12525974594658426,-0.15466043852236155
with EDL,1.0,0.5093639207507821,2.5196355436619485e-12,-3.0754808624651613e-12,0.0025196355436619485,-0.003075480862465161,0.12598177718309742,-0.15377404312325804
with EDL,1.0,0.509614181438999,2.534159408079884e-12,-3.0578545572990483e-12,0.002534159408079884,-0.0030578545572990485,0.12670797040399417,-0.1528927278649524
with EDL,1.0,0.5098644421272158,2.548766992001682e-12,-3.040329272639222e-12,0.002548766992001682,-0.003040329272639222,0.12743834960008407,-0.15201646363196109
with EDL,1.0,0.5101147028154327,2.563458778009324e-12,-3.022904429513373e-12,0.002563458778009324,-0.003022904429513373,0.1281729389004662,-0.15114522147566864
with EDL,1.0,0.5103649635036497,2.5782352514665426e-12,-3.0055794522674078e-12,0.0025782352514665424,-0.003005579452267408,0.12891176257332712,-0.15027897261337037
with EDL,1.0,0.5106152241918666,2.5930969005348088e-12,-2.988353768546456e-12,0.0025930969005348086,-0.002988353768546456,0.12965484502674043,-0.14941768842732278
with EDL,1.0,0.5108654848800834,2.608044216189514e-12,-2.971226809275936e-12,0.002608044216189514,-0.002971226809275936,0.1304022108094757,-0.1485613404637968
with EDL,1.0,0.5111157455683003,2.6230776922361567e-12,-2.9541980086427713e-12,0.0026230776922361566,-0.0029541980086427713,0.13115388461180782,-0.14770990043213855
with EDL,1.0,0.5113660062565172,2.638197825326665e-12,-2.937266804076689e-12,0.002638197825326665,-0.002937266804076689,0.13190989126633323,-0.14686334020383443
with EDL,1.0,0.5116162669447342,2.6534051149758123e-12,-2.920432636231643e-12,0.0026534051149758125,-0.002920432636231643,0.1326702557487906,-0.14602163181158215
with EDL,1.0,0.511866527632951,2.668700063577684e-12,-2.903694948967339e-12,0.002668700063577684,-0.0029036949489673392,0.13343500317888418,-0.14518474744836693
with EDL,1.0,0.5121167883211679,2.6840831764223296e-12,-2.88705318933084e-12,0.0026840831764223297,-0.00288705318933084,0.13420415882111647,-0.144352659466542
with EDL,1.0,0.5123670490093848,2.6995549617124184e-12,-2.8705068075383177e-12,0.0026995549617124183,-0.0028705068075383176,0.1349777480856209,-0.14352534037691586
with EDL,1.0,0.5126173096976017,2.7151159305800375e-12,-2.8540552569568843e-12,0.0027151159305800377,-0.0028540552569568845,0.13575579652900185,-0.1427027628478442
with EDL,1.0,0.5128675703858185,2.7307665971035784e-12,-2.8376979940865322e-12,0.0027307665971035783,-0.0028376979940865324,0.1365383298551789,-0.1418848997043266
with EDL,1.0,0.5131178310740354,2.7465074783247215e-12,-2.8214344785421883e-12,0.0027465074783247214,-0.0028214344785421883,0.13732537391623606,-0.1410717239271094
with EDL,1.0,0.5133680917622524,2.76233909426552e-12,-2.8052641730358367e-12,0.00276233909426552,-0.0028052641730358365,0.13811695471327598,-0.14026320865179182
with EDL,1.0,0.5136183524504693,2.7782619679455596e-12,-2.789186543358811e-12,0.00277826196794556,-0.002789186543358811,0.13891309839727797,-0.13945932716794054
with EDL,1.0,0.5138686131386861,2.7942766253992703e-12,-2.7732010583641e-12,0.00279427662539927,-0.0027732010583641,0.1397138312699635,-0.138660052918205
with EDL,1.0,0.514118873826903,2.8103835956932826e-12,-2.7573071899488247e-12,0.0028103835956932825,-0.0027573071899488245,0.1405191797846641,-0.13786535949744122
with EDL,1.0,0.5143691345151199,2.826583410943908e-12,-2.7415044130367963e-12,0.002826583410943908,-0.0027415044130367962,0.14132917054719538,-0.1370752206518398
with EDL,1.0,0.5146193952033369,2.842876606334736e-12,-2.7257922055611432e-12,0.0028428766063347357,-0.002725792205561143,0.14214383031673677,-0.13628961027805714
with EDL,1.0,0.5148696558915538,2.85926372013426e-12,-2.71017004844711e-12,0.0028592637201342603,-0.00271017004844711,0.14296318600671298,-0.1355085024223555
with EDL,1.0,0.5151199165797706,2.8757452937137455e-12,-2.6946374255948592e-12,0.0028757452937137455,-0.0026946374255948594,0.14378726468568725,-0.13473187127974295
with EDL,1.0,0.5153701772679875,2.89232187156504e-12,-2.6791938238624475e-12,0.00289232187156504,-0.0026791938238624477,0.14461609357825198,-0.13395969119312237
with EDL,1.0,0.5156204379562044,2.9089940013186103e-12,-2.6638387330488702e-12,0.0029089940013186104,-0.0026638387330488703,0.1454497000659305,-0.1331919366524435
with EDL,1.0,0.5158706986444213,2.925762233761593e-12,-2.64857164587721e-12,0.002925762233761593,-0.00264857164587721,0.14628811168807965,-0.13242858229386048
with EDL,1.0,0.5161209593326381,2.9426271228560338e-12,-2.6333920579778637e-12,0.0029426271228560337,-0.002633392057977864,0.14713135614280168,-0.13166960289889318
with EDL,1.0,0.5163712200208551,2.9595892257571512e-12,-2.618299467871891e-12,0.002959589225757151,-0.002618299467871891,0.14797946128785755,-0.13091497339359454
with EDL,1.0,0.516621480709072,2.976649102831754e-12,-2.6032933769544568e-12,0.002976649102831754,-0.002603293376954457,0.1488324551415877,-0.13016466884772282
with EDL,1.0,0.5168717413972889,2.9938073176767703e-12,-2.588373289478335e-12,0.00299380731767677,-0.002588373289478335,0.1496903658838385,-0.12941866447391673
with EDL,1.0,0.5171220020855057,3.0110644371378484e-12,-2.573538712537545e-12,0.0030110644371378484,-0.0025735387125375452,0.1505532218568924,-0.12867693562687724
with EDL,1.0,0.5173722627737226,3.0284210313280903e-12,-2.558789156051073e-12,0.00302842103132809,-0.0025587891560510732,0.1514210515664045,-0.12793945780255364
with EDL,1.0,0.5176225234619395,3.0458776736468838e-12,-2.5441241327466703e-12,0.0030458776736468837,-0.0025441241327466705,0.15229388368234417,-0.1272062066373335
with EDL,1.0,0.5178727841501565,3.063434940798859e-12,-2.5295431581447555e-12,0.003063434940798859,-0.0025295431581447555,0.15317174703994293,-0.12647715790723776
with EDL,1.0,0.5181230448383733,3.0810934128128933e-12,-2.515045750542429e-12,0.0030810934128128933,-0.002515045750542429,0.15405467064064465,-0.12575228752712145
with EDL,1.0,0.5183733055265902,3.0988536730613435e-12,-2.5006314309975296e-12,0.0030988536730613436,-0.0025006314309975295,0.15494268365306715,-0.12503157154987646
with EDL,1.0,0.5186235662148071,3.1167163082792705e-12,-2.4862997233128285e-12,0.0031167163082792704,-0.0024862997233128284,0.15583581541396352,-0.12431498616564142
with EDL,1.0,0.518873826903024,3.134681908583837e-12,-2.4720501540203028e-12,0.003134681908583837,-0.002472050154020303,0.15673409542919184,-0.12360250770101514
with EDL,1.0,0.5191240875912408,3.1527510674938005e-12,-2.4578822523654794e-12,0.0031527510674938006,-0.0024578822523654794,0.15763755337469001,-0.12289411261827396
with EDL,1.0,0.5193743482794577,3.170924381949122e-12,-2.4437955502918918e-12,0.0031709243819491224,-0.002443795550291892,0.1585462190974561,-0.12218977751459457
with EDL,1.0,0.5196246089676747,3.1892024523306932e-12,-2.4297895824256093e-12,0.0031892024523306932,-0.0024297895824256094,0.15946012261653464,-0.12148947912128046
with EDL,1.0,0.5198748696558916,3.207585882480147e-12,-2.4158638860598882e-12,0.0032075858824801473,-0.002415863886059888,0.16037929412400734,-0.1207931943029944
with EDL,1.0,0.5201251303441085,3.2260752797198413e-12,-2.4020180011398468e-12,0.003226075279719841,-0.0024020180011398466,0.16130376398599205,-0.12010090005699232
with EDL,1.0,0.5203753910323253,3.2446712548728976e-12,-2.3882514702472897e-12,0.0032446712548728977,-0.0023882514702472895,0.16223356274364487,-0.11941257351236448
with EDL,1.0,0.5206256517205422,3.2633744222833912e-12,-2.3745638385856028e-12,0.0032633744222833913,-0.002374563838585603,0.16316872111416955,-0.11872819192928014
with EDL,1.0,0.5208759124087592,3.2821853998366556e-12,-2.360954653964699e-12,0.0032821853998366555,-0.002360954653964699,0.16410926999183276,-0.11804773269823494
with EDL,1.0,0.5211261730969761,3.3011048089796373e-12,-2.3474234667861257e-12,0.003301104808979637,-0.0023474234667861258,0.16505524044898184,-0.11737117333930627
with EDL,1.0,0.5213764337851929,3.3201332747415276e-12,-2.3339698300281647e-12,0.0033201332747415276,-0.0023339698300281647,0.16600666373707637,-0.11669849150140822
with EDL,1.0,0.5216266944734098,3.3392714257543223e-12,-2.3205932992310886e-12,0.0033392714257543224,-0.0023205932992310884,0.1669635712877161,-0.11602966496155442
with EDL,1.0,0.5218769551616267,3.3585198942736444e-12,-2.3072934324824794e-12,0.003358519894273644,-0.0023072934324824793,0.1679259947136822,-0.11536467162412396
with EDL,1.0,0.5221272158498436,3.3778793161995873e-12,-2.2940697904026176e-12,0.003377879316199587,-0.0022940697904026176,0.16889396580997934,-0.11470348952013086
with EDL,1.0,0.5223774765380604,3.3973503310977695e-12,-2.280921936129974e-12,0.0033973503310977694,-0.002280921936129974,0.16986751655488846,-0.11404609680649869
with EDL,1.0,0.5226277372262774,3.416933582220424e-12,-2.267849435306771e-12,0.0034169335822204243,-0.002267849435306771,0.1708466791110212,-0.11339247176533854
with EDL,1.0,0.5228779979144943,3.4366297165276602e-12,-2.2548518560646492e-12,0.00343662971652766,-0.0022548518560646493,0.171831485826383,-0.11274259280323244
with EDL,1.0,0.5231282586027112,3.4564393847088553e-12,-2.2419287690103816e-12,0.0034564393847088554,-0.0022419287690103817,0.17282196923544274,-0.11209643845051907
with EDL,1.0,0.523378519290928,3.4763632412041303e-12,-2.2290797472116928e-12,0.00347636324120413,-0.002229079747211693,0.1738181620602065,-0.11145398736058464
with EDL,1.0,0.5236287799791449,3.496401944225979e-12,-2.2163043661831593e-12,0.003496401944225979,-0.0022163043661831594,0.17482009721129893,-0.11081521830915796
with EDL,1.0,0.5238790406673619,3.5165561557810214e-12,-2.2036022038721795e-12,0.0035165561557810214,-0.0022036022038721794,0.17582780778905105,-0.11018011019360896
with EDL,1.0,0.5241293013555788,3.5368265416918274e-12,-2.190972840645046e-12,0.0035368265416918275,-0.002190972840645046,0.17684132708459135,-0.10954864203225229
with EDL,1.0,0.5243795620437957,3.557213771618987e-12,-2.1784158592730577e-12,0.003557213771618987,-0.0021784158592730576,0.17786068858094933,-0.10892079296365288
with EDL,1.0,0.5246298227320125,3.577718519083182e-12,-2.16593084491876e-12,0.003577718519083182,-0.00216593084491876,0.1788859259541591,-0.10829654224593799
with EDL,1.0,0.5248800834202294,3.5983414614874524e-12,-2.1535173851222217e-12,0.0035983414614874525,-0.0021535173851222216,0.1799170730743726,-0.10767586925611107
with EDL,1.0,0.5251303441084463,3.6190832801395723e-12,-2.1411750697874195e-12,0.003619083280139572,-0.0021411750697874197,0.18095416400697859,-0.10705875348937097
with EDL,1.0,0.5253806047966632,3.6399446602745584e-12,-2.1289034911686877e-12,0.0036399446602745585,-0.002128903491168688,0.18199723301372792,-0.10644517455843437
with EDL,1.0,0.52563086548488,3.660926291077311e-12,-2.1167022438572462e-12,0.0036609262910773112,-0.0021167022438572463,0.18304631455386555,-0.1058351121928623
with EDL,1.0,0.525881126173097,3.682028865705384e-12,-2.1045709247678013e-12,0.0036820288657053836,-0.0021045709247678015,0.18410144328526917,-0.10522854623839005
with EDL,1.0,0.5261313868613139,3.7032530813118596e-12,-2.0925091331252573e-12,0.0037032530813118597,-0.002092509133125257,0.18516265406559296,-0.10462545665626286
with EDL,1.0,0.5263816475495308,3.7245996390684216e-12,-2.080516470451436e-12,0.0037245996390684218,-0.002080516470451436,0.18622998195342105,-0.1040258235225718
with EDL,1.0,0.5266319082377476,3.746069244188491e-12,-2.06859254055193e-12,0.003746069244188491,-0.00206859254055193,0.1873034622094245,-0.10342962702759649
with EDL,1.0,0.5268821689259646,3.767662605950543e-12,-2.056736949503024e-12,0.0037676626059505425,-0.002056736949503024,0.1883831302975271,-0.10283684747515118
with EDL,1.0,0.5271324296141815,3.78938043772149e-12,-2.0449493056386746e-12,0.0037893804377214903,-0.0020449493056386744,0.18946902188607448,-0.10224746528193372
with EDL,1.0,0.5273826903023984,3.811223456980314e-12,-2.0332292195375595e-12,0.003811223456980314,-0.0020332292195375597,0.1905611728490157,-0.10166146097687796
with EDL,1.0,0.5276329509906152,3.83319238534175e-12,-2.0215763040102296e-12,0.0038331923853417503,-0.0020215763040102295,0.1916596192670875,-0.10107881520051147
with EDL,1.0,0.5278832116788321,3.855287948580089e-12,-2.0099901740863044e-12,0.0038552879485800893,-0.0020099901740863045,0.19276439742900445,-0.1004995087043152
with EDL,1.0,0.528133472367049,3.877510876653209e-12,-1.9984704470017614e-12,0.003877510876653209,-0.0019984704470017616,0.19387554383266042,-0.09992352235008807
with EDL,1.0,0.5283837330552659,3.899861903726639e-12,-1.9870167421862886e-12,0.003899861903726639,-0.001987016742186289,0.19499309518633193,-0.09935083710931443
with EDL,1.0,0.5286339937434827,3.922341768197862e-12,-1.975628681250713e-12,0.003922341768197861,-0.001975628681250713,0.19611708840989306,-0.09878143406253563
with EDL,1.0,0.5288842544316997,3.944951212720669e-12,-1.964305887974492e-12,0.0039449512127206696,-0.001964305887974492,0.19724756063603344,-0.09821529439872459
with EDL,1.0,0.5291345151199166,3.967690984229705e-12,-1.953047988293309e-12,0.003967690984229705,-0.001953047988293309,0.1983845492114852,-0.09765239941466544
with EDL,1.0,0.5293847758081335,3.9905618339651605e-12,-1.941854610286682e-12,0.003990561833965161,-0.001941854610286682,0.19952809169825803,-0.09709273051433409
with EDL,1.0,0.5296350364963504,4.013564517497579e-12,-1.930725384165697e-12,0.0040135645174975785,-0.0019307253841656972,0.20067822587487893,-0.09653626920828484
with EDL,1.0,0.5298852971845673,4.0366997947528285e-12,-1.9196599422607854e-12,0.004036699794752828,-0.0019196599422607854,0.20183498973764138,-0.09598299711303926
with EDL,1.0,0.5301355578727842,4.0599684300371515e-12,-1.9086579190095888e-12,0.0040599684300371515,-0.0019086579190095887,0.20299842150185757,-0.09543289595047943
with EDL,1.0,0.5303858185610011,4.083371192062507e-12,-1.897718950944862e-12,0.004083371192062507,-0.001897718950944862,0.20416855960312533,-0.09488594754724308
with EDL,1.0,0.530636079249218,4.1069088539719024e-12,-1.8868426766824825e-12,0.004106908853971902,-0.0018868426766824825,0.2053454426985951,-0.09434213383412413
with EDL,1.0,0.5308863399374348,4.1305821933649505e-12,-1.8760287369095026e-12,0.004130582193364951,-0.0018760287369095027,0.2065291096682475,-0.09380143684547512
with EDL,1.0,0.5311366006256517,4.1543919923235615e-12,-1.8652767743722823e-12,0.004154391992323561,-0.0018652767743722824,0.20771959961617806,-0.0932638387186141
with EDL,1.0,0.5313868613138686,4.178339037437777e-12,-1.854586433864686e-12,0.004178339037437777,-0.0018545864338646858,0.20891695187188886,-0.09272932169323428
with EDL,1.0,0.5316371220020855,4.202424119831759e-12,-1.8439573622163484e-12,0.004202424119831759,-0.0018439573622163483,0.21012120599158793,-0.09219786811081741
with EDL,1.0,0.5318873826903024,4.2266480351899306e-12,-1.8333892082810013e-12,0.00422664803518993,-0.0018333892082810013,0.21133240175949652,-0.09166946041405007
with EDL,1.0,0.5321376433785193,4.251011583783234e-12,-1.822881622924897e-12,0.004251011583783233,-0.0018228816229248967,0.21255057918916165,-0.09114408114624484
with EDL,1.0,0.5323879040667362,4.275515570495613e-12,-1.8124342590152353e-12,0.004275515570495613,-0.0018124342590152354,0.2137757785247806,-0.09062171295076175
with EDL,1.0,0.5326381647549531,4.300160804850575e-12,-1.8020467714087254e-12,0.004300160804850575,-0.0018020467714087254,0.21500804024252873,-0.09010233857043626
with EDL,1.0,0.5328884254431699,4.324948101037947e-12,-1.7917188169401685e-12,0.0043249481010379474,-0.0017917188169401686,0.21624740505189732,-0.08958594084700841
with EDL,1.0,0.5331386861313869,4.349878277940754e-12,-1.7814500544111247e-12,0.0043498782779407535,-0.0017814500544111247,0.21749391389703765,-0.08907250272055622
with EDL,1.0,0.5333889468196038,4.374952159162287e-12,-1.77124014457866e-12,0.004374952159162287,-0.00177124014457866,0.21874760795811432,-0.088562007228933
with EDL,1.0,0.5336392075078207,4.4001705730533126e-12,-1.7610887501441037e-12,0.004400170573053312,-0.0017610887501441038,0.22000852865266562,-0.08805443750720518
with EDL,1.0,0.5338894681960376,4.425534352739455e-12,-1.7509955357419283e-12,0.004425534352739455,-0.0017509955357419282,0.22127671763697274,-0.08754977678709641
with EDL,1.0,0.5341397288842544,4.451044336148669e-12,-1.7409601679286656e-12,0.004451044336148669,-0.0017409601679286655,0.22255221680743345,-0.08704800839643327
with EDL,1.0,0.5343899895724713,4.476701366038988e-12,-1.7309823151718906e-12,0.004476701366038988,-0.0017309823151718906,0.22383506830194935,-0.08654911575859452
with EDL,1.0,0.5346402502606882,4.5025062900262955e-12,-1.7210616478392678e-12,0.004502506290026295,-0.0017210616478392678,0.22512531450131476,-0.08605308239196338
with EDL,1.0,0.5348905109489052,4.528459960612409e-12,-1.7111978381876587e-12,0.0045284599606124085,-0.0017111978381876586,0.2264229980306204,-0.08555989190938293
with EDL,1.0,0.535140771637122,4.554563235213141e-12,-1.7013905603523118e-12,0.004554563235213141,-0.0017013905603523118,0.227728161760657,-0.08506952801761558
with EDL,1.0,0.5353910323253389,4.580816976186726e-12,-1.6916394903360687e-12,0.004580816976186726,-0.0016916394903360686,0.22904084880933626,-0.08458197451680342
with EDL,1.0,0.5356412930135558,4.6072220508622516e-12,-1.68194430599868e-12,0.004607222050862251,-0.0016819443059986798,0.23036110254311254,-0.08409721529993398
with EDL,1.0,0.5358915537017727,4.633779331568334e-12,-1.6723046870461577e-12,0.004633779331568335,-0.0016723046870461577,0.2316889665784167,-0.08361523435230787
with EDL,1.0,0.5361418143899896,4.660489695661917e-12,-1.6627203150201901e-12,0.004660489695661916,-0.0016627203150201902,0.2330244847830958,-0.0831360157510095
with EDL,1.0,0.5363920750782065,4.68735402555726e-12,-1.6531908732876378e-12,0.00468735402555726,-0.0016531908732876379,0.234367701277863,-0.08265954366438188
with EDL,1.0,0.5366423357664234,4.714373208755121e-12,-1.643716047030048e-12,0.004714373208755121,-0.001643716047030048,0.23571866043775605,-0.08218580235150238
with EDL,1.0,0.5368925964546403,4.741548137872046e-12,-1.6342955232332697e-12,0.004741548137872045,-0.0016342955232332697,0.23707740689360227,-0.08171477616166348
with EDL,1.0,0.5371428571428571,4.76887971066986e-12,-1.6249289906771115e-12,0.00476887971066986,-0.0016249289906771116,0.23844398553349297,-0.08124644953385557
with EDL,1.0,0.537393117831074,4.7963688300853366e-12,-1.6156161399250568e-12,0.004796368830085337,-0.0016156161399250568,0.2398184415042668,-0.08078080699625283
with EDL,1.0,0.5376433785192909,4.824016404260018e-12,-1.6063566633140432e-12,0.004824016404260018,-0.0016063566633140432,0.24120082021300088,-0.08031783316570215
with EDL,1.0,0.5378936392075078,4.851823346570226e-12,-1.5971502549442975e-12,0.004851823346570226,-0.0015971502549442975,0.2425911673285113,-0.07985751274721486
with EDL,1.0,0.5381438998957248,4.8797905756572375e-12,-1.5879966106692243e-12,0.004879790575657237,-0.0015879966106692243,0.24398952878286187,-0.07939983053346121
with EDL,1.0,0.5383941605839416,4.907919015457603e-12,-1.5788954280853821e-12,0.004907919015457603,-0.0015788954280853821,0.24539595077288012,-0.0789447714042691
with EDL,1.0,0.5386444212721585,4.9362095952337164e-12,-1.5698464065224558e-12,0.004936209595233716,-0.0015698464065224558,0.2468104797616858,-0.07849232032612279
with EDL,1.0,0.5388946819603754,4.9646632496045005e-12,-1.560849247033352e-12,0.0049646632496045005,-0.001560849247033352,0.24823316248022498,-0.07804246235166759
with EDL,1.0,0.5391449426485924,4.993280918576254e-12,-1.5519036523843018e-12,0.004993280918576254,-0.0015519036523843018,0.2496640459288127,-0.07759518261921508
with EDL,1.0,0.5393952033368092,5.022063547573718e-12,-1.543009327045075e-12,0.005022063547573718,-0.001543009327045075,0.25110317737868587,-0.07715046635225374
with EDL,1.0,0.5396454640250261,5.05101208747136e-12,-1.5341659771791766e-12,0.00505101208747136,-0.0015341659771791766,0.25255060437356797,-0.07670829885895883
with EDL,1.0,0.539895724713243,5.080127494624707e-12,-1.5253733106341625e-12,0.005080127494624707,-0.0015253733106341625,0.25400637473123533,-0.07626866553170812
with EDL,1.0,0.5401459854014599,5.109410730902015e-12,-1.5166310369319842e-12,0.005109410730902015,-0.0015166310369319842,0.2554705365451007,-0.0758315518465992
with EDL,1.0,0.5403962460896767,5.13886276371597e-12,-1.507938867259391e-12,0.00513886276371597,-0.001507938867259391,0.2569431381857985,-0.07539694336296954
with EDL,1.0,0.5406465067778936,5.168484566055731e-12,-1.499296514458388e-12,0.005168484566055731,-0.001499296514458388,0.2584242283027865,-0.07496482572291939
with EDL,1.0,0.5408967674661105,5.198277116518987e-12,-1.4907036930167515e-12,0.005198277116518987,-0.0014907036930167515,0.25991385582594934,-0.07453518465083757
with EDL,1.0,0.5411470281543275,5.2282413993443805e-12,-1.4821601190585916e-12,0.00522824139934438,-0.0014821601190585915,0.261412069967219,-0.07410800595292957
with EDL,1.0,0.5413972888425443,5.258378404443912e-12,-1.4736655103349892e-12,0.005258378404443913,-0.0014736655103349892,0.2629189202221956,-0.07368327551674946
with EDL,1.0,0.5416475495307612,5.2886891274357614e-12,-1.4652195862146488e-12,0.005288689127435762,-0.001465219586214649,0.26443445637178803,-0.07326097931073243
with EDL,1.0,0.5418978102189781,5.319174569677078e-12,-1.4568220676746428e-12,0.005319174569677078,-0.0014568220676746428,0.2659587284838539,-0.07284110338373213
with EDL,1.0,0.542148070907195,5.3498357382971344e-12,-1.4484726772911894e-12,0.005349835738297134,-0.0014484726772911894,0.2674917869148567,-0.07242363386455947
with EDL,1.0,0.542398331595412,5.380673646230572e-12,-1.4401711392304852e-12,0.005380673646230572,-0.0014401711392304853,0.2690336823115286,-0.07200855696152425
with EDL,1.0,0.5426485922836288,5.411689312250834e-12,-1.431917179239605e-12,0.005411689312250834,-0.001431917179239605,0.2705844656125417,-0.07159585896198024
with EDL,1.0,0.5428988529718457,5.442883761003876e-12,-1.4237105246374214e-12,0.005442883761003876,-0.0014237105246374213,0.2721441880501938,-0.07118552623187106
with EDL,1.0,0.5431491136600626,5.474258023041988e-12,-1.4155509043056105e-12,0.0054742580230419885,-0.0014155509043056104,0.2737129011520994,-0.07077754521528051
with EDL,1.0,0.5433993743482795,5.505813134857839e-12,-1.4074380486796913e-12,0.005505813134857839,-0.0014074380486796914,0.27529065674289194,-0.07037190243398456
with EDL,1.0,0.5436496350364963,5.537550138918725e-12,-1.3993716897401199e-12,0.005537550138918725,-0.00139937168974012,0.2768775069459362,-0.06996858448700599
with EDL,1.0,0.5438998957247132,5.5694700837010056e-12,-1.3913515610034358e-12,0.005569470083701005,-0.0013913515610034359,0.27847350418505024,-0.06956757805017179
with EDL,1.0,0.5441501564129302,5.601574023724757e-12,-1.3833773975134535e-12,0.005601574023724756,-0.0013833773975134534,0.2800787011862378,-0.06916886987567267
with EDL,1.0,0.5444004171011471,5.63386301958856e-12,-1.375448935832528e-12,0.00563386301958856,-0.001375448935832528,0.281693150979428,-0.06877244679162639
with EDL,1.0,0.5446506777893639,5.66633813800462e-12,-1.3675659140328237e-12,0.00566633813800462,-0.0013675659140328237,0.283316906900231,-0.06837829570164118
with EDL,1.0,0.5449009384775808,5.699000451833919e-12,-1.3597280716876762e-12,0.005699000451833919,-0.0013597280716876761,0.28495002259169594,-0.0679864035843838
with EDL,1.0,0.5451511991657977,5.731851040121731e-12,-1.3519351498629952e-12,0.00573185104012173,-0.0013519351498629951,0.2865925520060865,-0.06759675749314975
with EDL,1.0,0.5454014598540147,5.764890988133246e-12,-1.3441868911086897e-12,0.005764890988133246,-0.0013441868911086897,0.2882445494066623,-0.06720934455543448
with EDL,1.0,0.5456517205422315,5.7981213873893665e-12,-1.3364830394501955e-12,0.005798121387389367,-0.0013364830394501956,0.2899060693694683,-0.06682415197250977
with EDL,1.0,0.5459019812304484,5.831543335702887e-12,-1.3288233403799819e-12,0.005831543335702886,-0.0013288233403799818,0.2915771667851443,-0.06644116701899909
with EDL,1.0,0.5461522419186653,5.865157937214635e-12,-1.3212075408491676e-12,0.005865157937214635,-0.0013212075408491676,0.2932578968607317,-0.06606037704245837
with EDL,1.0,0.5464025026068822,5.898966302430057e-12,-1.3136353892591525e-12,0.005898966302430057,-0.0013136353892591525,0.2949483151215028,-0.06568176946295762
with EDL,1.0,0.546652763295099,5.932969548255808e-12,-1.3061066354533076e-12,0.0059329695482558086,-0.0013061066354533076,0.2966484774127904,-0.06530533177266537
with EDL,1.0,0.5469030239833159,5.967168798036739e-12,-1.298621030708711e-12,0.005967168798036739,-0.001298621030708711,0.2983584399018369,-0.06493105153543555
with EDL,1.0,0.5471532846715328,6.001565181592924e-12,-1.2911783277279302e-12,0.006001565181592924,-0.0012911783277279301,0.3000782590796462,-0.0645589163863965
with EDL,1.0,0.5474035453597498,6.0361598352570815e-12,-1.283778280630849e-12,0.0060361598352570815,-0.001283778280630849,0.30180799176285406,-0.06418891403154245
with EDL,1.0,0.5476538060479667,6.070953901911999e-12,-1.2764206449465583e-12,0.0060709539019119995,-0.0012764206449465583,0.3035476950955999,-0.06382103224732791
with EDL,1.0,0.5479040667361835,6.105948531028376e-12,-1.2691051776052591e-12,0.006105948531028377,-0.001269105177605259,0.3052974265514188,-0.06345525888026295
with EDL,1.0,0.5481543274244004,6.1411448787027894e-12,-1.261831636930246e-12,0.00614114487870279,-0.0012618316369302461,0.30705724393513945,-0.0630915818465123
with EDL,1.0,0.5484045881126174,6.176544107695869e-12,-1.254599782629917e-12,0.006176544107695869,-0.001254599782629917,0.3088272053847934,-0.06272998913149584
with EDL,1.0,0.5486548488008343,6.2121473874706816e-12,-1.247409375789847e-12,0.006212147387470682,-0.001247409375789847,0.31060736937353406,-0.06237046878949235
with EDL,1.0,0.5489051094890511,6.24795589423143e-12,-1.2402601788648761e-12,0.006247955894231431,-0.001240260178864876,0.3123977947115715,-0.062013008943243804
with EDL,1.0,0.549155370177268,6.283970810962266e-12,-1.2331519556712757e-12,0.006283970810962267,-0.0012331519556712757,0.3141985405481133,-0.06165759778356378
with EDL,1.0,0.5494056308654849,6.3201933274663875e-12,-1.22608447137894e-12,0.006320193327466387,-0.0012260844713789401,0.31600966637331934,-0.061304223568947
with EDL,1.0,0.5496558915537018,6.356624640405338e-12,-1.219057492503632e-12,0.006356624640405338,-0.0012190574925036318,0.31783123202026686,-0.06095287462518159
with EDL,1.0,0.5499061522419186,6.393265953338541e-12,-1.2120707868992659e-12,0.006393265953338541,-0.0012120707868992658,0.319663297666927,-0.06060353934496329
with EDL,1.0,0.5501564129301355,6.430118476763069e-12,-1.2051241237502413e-12,0.0064301184767630686,-0.0012051241237502413,0.3215059238381534,-0.06025620618751206
with EDL,1.0,0.5504066736183525,6.467183428153651e-12,-1.1982172735638117e-12,0.006467183428153651,-0.0011982172735638117,0.3233591714076825,-0.059910863678190575
with EDL,1.0,0.5506569343065694,6.5044620320027995e-12,-1.191350008162519e-12,0.0065044620320028,-0.0011913500081625191,0.32522310160013995,-0.05956750040812595
with EDL,1.0,0.5509071949947862,6.541955519861405e-12,-1.1845221006766348e-12,0.006541955519861405,-0.001184522100676635,0.3270977759930702,-0.05922610503383174
with EDL,1.0,0.5511574556830031,6.579665130379331e-12,-1.177733325536672e-12,0.006579665130379332,-0.0011777333255366719,0.32898325651896654,-0.058886666276833595
with EDL,1.0,0.55140771637122,6.617592109346355e-12,-1.1709834584659443e-12,0.006617592109346355,-0.0011709834584659443,0.3308796054673177,-0.058549172923297206
with EDL,1.0,0.551657977059437,6.655737709733342e-12,-1.1642722764731355e-12,0.006655737709733342,-0.0011642722764731355,0.3327868854866671,-0.05821361382365677
with EDL,1.0,0.5519082377476539,6.694103191733562e-12,-1.1575995578449627e-12,0.006694103191733562,-0.0011575995578449628,0.33470515958667807,-0.05787997789224813
with EDL,1.0,0.5521584984358707,6.732689822804461e-12,-1.1509650821388196e-12,0.006732689822804461,-0.0011509650821388195,0.336634491140223,-0.05754825410694098
with EDL,1.0,0.5524087591240876,6.771498877709392e-12,-1.1443686301755135e-12,0.006771498877709392,-0.0011443686301755135,0.33857494388546955,-0.057218431508775675
with EDL,1.0,0.5526590198123045,6.8105316385598435e-12,-1.1378099840320186e-12,0.006810531638559844,-0.0011378099840320187,0.3405265819279921,-0.05689049920160092
with EDL,1.0,0.5529092805005213,6.849789394857689e-12,-1.131288927034277e-12,0.006849789394857689,-0.0011312889270342769,0.3424894697428844,-0.05656444635171384
with EDL,1.0,0.5531595411887382,6.889273443537895e-12,-1.1248052437500408e-12,0.006889273443537895,-0.0011248052437500408,0.3444636721768947,-0.056240262187502034
with EDL,1.0,0.5534098018769552,6.928985089011292e-12,-1.1183587199817555e-12,0.006928985089011292,-0.0011183587199817555,0.34644925445056457,-0.055917935999087766
with EDL,1.0,0.5536600625651721,6.968925643207642e-12,-1.1119491427594862e-12,0.006968925643207642,-0.0011119491427594862,0.34844628216038204,-0.0555974571379743
with EDL,1.0,0.553910323253389,7.009096425619094e-12,-1.105576300333874e-12,0.007009096425619094,-0.001105576300333874,0.3504548212809547,-0.05527881501669369
with EDL,1.0,0.5541605839416058,7.049498763343684e-12,-1.0992399821691474e-12,0.007049498763343684,-0.0010992399821691473,0.35247493816718417,-0.054961999108457366
with EDL,1.0,0.5544108446298227,7.0901339911292025e-12,-1.0929399789361652e-12,0.007090133991129202,-0.0010929399789361652,0.3545066995564601,-0.05464699894680825
with EDL,1.0,0.5546611053180397,7.131003451417299e-12,-1.0866760825054973e-12,0.007131003451417299,-0.0010866760825054974,0.3565501725708649,-0.05433380412527486
with EDL,1.0,0.5549113660062566,7.17210849438779e-12,-1.0804480859405616e-12,0.007172108494387789,-0.0010804480859405617,0.35860542471938944,-0.05402240429702808
with EDL,1.0,0.5551616266944734,7.2134504780033256e-12,-1.0742557834907698e-12,0.007213450478003326,-0.0010742557834907697,0.36067252390016624,-0.053712789174538485
with EDL,1.0,0.5554118873826903,7.2550307680542146e-12,-1.0680989705847412e-12,0.007255030768054215,-0.0010680989705847412,0.3627515384027107,-0.05340494852923705
with EDL,1.0,0.5556621480709072,7.296850738203553e-12,-1.0619774438235415e-12,0.007296850738203553,-0.0010619774438235415,0.3648425369101776,-0.05309887219117707
with EDL,1.0,0.5559124087591241,7.3389117700326e-12,-1.0558910009739646e-12,0.007338911770032599,-0.0010558910009739646,0.36694558850162995,-0.05279455004869822
with EDL,1.0,0.5561626694473409,7.381215253086427e-12,-1.0498394409618484e-12,0.007381215253086428,-0.0010498394409618483,0.36906076265432136,-0.05249197204809242
with EDL,1.0,0.5564129301355578,7.423762584919825e-12,-1.043822563865438e-12,0.007423762584919825,-0.001043822563865438,0.3711881292459912,-0.052191128193271895
with EDL,1.0,0.5566631908237748,7.46655517114349e-12,-1.0378401709087714e-12,0.007466555171143491,-0.0010378401709087715,0.3733277585571745,-0.051892008545438566
with EDL,1.0,0.5569134515119917,7.509594425470368e-12,-1.031892064455127e-12,0.007509594425470368,-0.001031892064455127,0.37547972127351836,-0.051594603222756344
with EDL,1.0,0.5571637122002085,7.552881769762503e-12,-1.025978048000479e-12,0.007552881769762504,-0.001025978048000479,0.37764408848812514,-0.051298902400023945
with EDL,1.0,0.5574139728884254,7.59641863407792e-12,-1.0200979261670128e-12,0.007596418634077921,-0.0010200979261670128,0.37982093170389597,-0.05100489630835063
with EDL,1.0,0.5576642335766424,7.640206456717894e-12,-1.0142515046966684e-12,0.0076402064567178945,-0.0010142515046966684,0.38201032283589464,-0.05071257523483341
with EDL,1.0,0.5579144942648593,7.684246684274428e-12,-1.0084385904447348e-12,0.0076842466842744275,-0.0010084385904447347,0.3842123342137213,-0.05042192952223674
with EDL,1.0,0.5581647549530762,7.72854077167809e-12,-1.002658991373448e-12,0.00772854077167809,-0.001002658991373448,0.3864270385839045,-0.0501329495686724
with EDL,1.0,0.558415015641293,7.773090182246098e-12,-9.969125165456617e-13,0.007773090182246097,-0.0009969125165456617,0.3886545091123048,-0.04984562582728308
with EDL,1.0,0.5586652763295099,7.817896387730566e-12,-9.911989761185343e-13,0.007817896387730566,-0.0009911989761185343,0.39089481938652826,-0.04955994880592671
with EDL,1.0,0.5589155370177268,7.862960868367254e-12,-9.85518181337259e-13,0.007862960868367254,-0.0009855181813372591,0.3931480434183627,-0.049275909066862945
with EDL,1.0,0.5591657977059437,7.90828511292434e-12,-9.798699445288264e-13,0.007908285112924341,-0.0009798699445288264,0.395414255646217,-0.048993497226441314
with EDL,1.0,0.5594160583941605,7.953870618751726e-12,-9.742540790958278e-13,0.007953870618751727,-0.0009742540790958278,0.39769353093758625,-0.04871270395479138
with EDL,1.0,0.5596663190823775,7.999718891830423e-12,-9.686703995102834e-13,0.007999718891830423,-0.0009686703995102834,0.3999859445915211,-0.048433519975514164
with EDL,1.0,0.5599165797705944,8.04583144682227e-12,-9.63118721307525e-13,0.00804583144682227,-0.000963118721307525,0.40229157234111346,-0.04815593606537624
with EDL,1.0,0.5601668404588113,8.092209807120106e-12,-9.575988610800886e-13,0.008092209807120106,-0.0009575988610800886,0.40461049035600527,-0.04787994305400443
with EDL,1.0,0.5604171011470281,8.138855504897995e-12,-9.521106364716643e-13,0.008138855504897995,-0.0009521106364716643,0.40694277524489975,-0.04760553182358321
with EDL,1.0,0.5606673618352451,8.18577008116188e-12,-9.466538661710655e-13,0.00818577008116188,-0.0009466538661710655,0.40928850405809397,-0.047332693308553275
with EDL,1.0,0.560917622523462,8.23295508580044e-12,-9.412283699062516e-13,0.00823295508580044,-0.0009412283699062516,0.4116477542900219,-0.04706141849531257
with EDL,1.0,0.5611678832116789,8.280412077636374e-12,-9.358339684383546e-13,0.008280412077636374,-0.0009358339684383546,0.41402060388181866,-0.04679169842191773
with EDL,1.0,0.5614181438998957,8.328142624477852e-12,-9.304704835557707e-13,0.008328142624477852,-0.0009304704835557707,0.41640713122389256,-0.046523524177788524
with EDL,1.0,0.5616684045881126,8.376148303170308e-12,-9.25137738068267e-13,0.008376148303170308,-0.000925137738068267,0.41880741515851533,-0.04625688690341335
with EDL,1.0,0.5619186652763295,8.424430699648545e-12,-9.198355558011302e-13,0.008424430699648546,-0.0009198355558011302,0.4212215349824272,-0.04599177779005651
with EDL,1.0,0.5621689259645464,8.472991408989127e-12,-9.14563761589348e-13,0.008472991408989128,-0.0009145637615893479,0.42364957044945634,-0.04572818807946739
with EDL,1.0,0.5624191866527632,8.521832035463074e-12,-9.093221812718163e-13,0.008521832035463073,-0.0009093221812718163,0.42609160177315364,-0.04546610906359081
with EDL,1.0,0.5626694473409802,8.570954192588884e-12,-9.041106416855897e-13,0.008570954192588884,-0.0009041106416855897,0.42854770962944416,-0.04520553208427948
with EDL,1.0,0.5629197080291971,8.620359503185732e-12,-8.98928970660166e-13,0.008620359503185732,-0.000898928970660166,0.4310179751592865,-0.0449464485330083
with EDL,1.0,0.563169968717414,8.670049599427249e-12,-8.937769970117868e-13,0.008670049599427248,-0.0008937769970117867,0.43350247997136243,-0.04468884985058933
with EDL,1.0,0.5634202294056309,8.720026122895332e-12,-8.886545505377882e-13,0.008720026122895332,-0.0008886545505377882,0.43600130614476656,-0.044432727526889405
with EDL,1.0,0.5636704900938477,8.770290724634399e-12,-8.835614620109826e-13,0.0087702907246344,-0.0008835614620109827,0.43851453623171993,-0.04417807310054913
with EDL,1.0,0.5639207507820647,8.820845065205956e-12,-8.784975631740553e-13,0.008820845065205956,-0.0008784975631740554,0.4410422532602978,-0.04392487815870276
with EDL,1.0,0.5641710114702816,8.871690814743397e-12,-8.734626867340241e-13,0.008871690814743398,-0.0008734626867340241,0.4435845407371698,-0.043673134336701204
with EDL,1.0,0.5644212721584985,8.922829653007231e-12,-8.68456666356695e-13,0.008922829653007232,-0.000868456666356695,0.4461414826503615,-0.043422833317834746
with EDL,1.0,0.5646715328467153,8.974263269440607e-12,-8.634793366611758e-13,0.008974263269440607,-0.0008634793366611758,0.4487131634720303,-0.04317396683305879
with EDL,1.0,0.5649217935349322,9.02599336322502e-12,-8.585305332144118e-13,0.009025993363225019,-0.0008585305332144118,0.45129966816125094,-0.04292652666072058
with EDL,1.0,0.5651720542231491,9.07802164333657e-12,-8.536100925257536e-13,0.00907802164333657,-0.0008536100925257536,0.45390108216682845,-0.042680504626287676
with EDL,1.0,0.565422314911366,9.130349828602301e-12,-8.487178520415542e-13,0.0091303498286023,-0.0008487178520415542,0.456517491430115,-0.0424358926020777
with EDL,1.0,0.565672575599583,9.182979647757136e-12,-8.438536501397983e-13,0.009182979647757135,-0.0008438536501397983,0.45914898238785673,-0.04219268250698991
with EDL,1.0,0.5659228362877998,9.235912839500741e-12,-8.390173261247693e-13,0.009235912839500742,-0.0008390173261247693,0.46179564197503703,-0.04195086630623846
with EDL,1.0,0.5661730969760167,9.289151152555257e-12,-8.34208720221731e-13,0.009289151152555257,-0.000834208720221731,0.46445755762776275,-0.041710436011086545
with EDL,1.0,0.5664233576642336,9.342696345722884e-12,-8.294276735716548e-13,0.009342696345722884,-0.0008294276735716548,0.46713481728614414,-0.04147138367858273
with EDL,1.0,0.5666736183524504,9.396550187944045e-12,-8.246740282259723e-13,0.009396550187944044,-0.0008246740282259723,0.4698275093972022,-0.04123370141129861
with EDL,1.0,0.5669238790406674,9.450714458355827e-12,-8.199476271413523e-13,0.009450714458355828,-0.0008199476271413523,0.4725357229177913,-0.04099738135706761
with EDL,1.0,0.5671741397288843,9.505190946350703e-12,-8.152483141745211e-13,0.009505190946350703,-0.0008152483141745211,0.47525954731753506,-0.04076241570872605
with EDL,1.0,0.5674244004171012,9.559981451635733e-12,-8.105759340770945e-13,0.009559981451635733,-0.0008105759340770944,0.4779990725817866,-0.040528796703854716
with EDL,1.0,0.5676746611053181,9.61508778429197e-12,-8.059303324904541e-13,0.009615087784291971,-0.0008059303324904542,0.48075438921459845,-0.0402965166245227
with EDL,1.0,0.5679249217935349,9.67051176483426e-12,-8.013113559406476e-13,0.00967051176483426,-0.0008013113559406476,0.48352558824171293,-0.040065567797032374
with EDL,1.0,0.5681751824817518,9.726255224271393e-12,-7.96718851833319e-13,0.009726255224271393,-0.000796718851833319,0.48631276121356964,-0.039835942591665945
with EDL,1.0,0.5684254431699687,9.782320004166593e-12,-7.921526684486651e-13,0.009782320004166593,-0.0007921526684486651,0.4891160002083296,-0.03960763342243325
with EDL,1.0,0.5686757038581856,9.838707956698356e-12,-7.876126549364253e-13,0.009838707956698356,-0.0007876126549364253,0.49193539783491774,-0.03938063274682126
with EDL,1.0,0.5689259645464025,9.89542094472167e-12,-7.83098661310895e-13,0.00989542094472167,-0.0007830986613108949,0.4947710472360834,-0.039154933065544746
with EDL,1.0,0.5691762252346194,9.95246084182942e-12,-7.786105384459794e-13,0.00995246084182942,-0.0007786105384459794,0.497623042091471,-0.038930526922298966
with EDL,1.0,0.5694264859228363,1.0009829532414505e-11,-7.741481380702541e-13,0.010009829532414504,-0.0007741481380702541,0.5004914766207252,-0.0387074069035127
with EDL,1.0,0.5696767466110532,1.0067528911731927e-11,-7.697113127620755e-13,0.010067528911731927,-0.0007697113127620755,0.5033764455865963,-0.03848556563810377
with EDL,1.0,0.5699270072992701,1.0125560885961493e-11,-7.652999159447059e-13,0.010125560885961492,-0.0007652999159447059,0.5062780442980745,-0.038264995797235295
with EDL,1.0,0.570177267987487,1.0183927372270645e-11,-7.609138018814797e-13,0.010183927372270645,-0.0007609138018814796,0.5091963686135322,-0.03804569009407398
with EDL,1.0,0.5704275286757039,1.0242630298878036e-11,-7.565528256709757e-13,0.010242630298878036,-0.0007565528256709757,0.5121315149439017,-0.037827641283548784
with EDL,1.0,0.5706777893639208,1.0301671605116989e-11,-7.522168432422395e-13,0.01030167160511699,-0.0007522168432422395,0.5150835802558494,-0.037610842162111975
with EDL,1.0,0.5709280500521376,1.0361053241499752e-11,-7.479057113500223e-13,0.010361053241499753,-0.0007479057113500223,0.5180526620749876,-0.03739528556750111
with EDL,1.0,0.5711783107403545,1.0420777169781775e-11,-7.436192875700454e-13,0.010420777169781775,-0.0007436192875700454,0.5210388584890887,-0.03718096437850227
with EDL,1.0,0.5714285714285714,1.0480845363026683e-11,-7.393574302942986e-13,0.010480845363026684,-0.0007393574302942986,0.5240422681513341,-0.03696787151471493
with EDL,1.0,0.5716788321167883,1.05412598056713e-11,-7.351199987263602e-13,0.010541259805671301,-0.0007351199987263602,0.527062990283565,-0.03675599993631801
with EDL,1.0,0.5719290928050053,1.060202249359139e-11,-7.309068528767446e-13,0.010602022493591389,-0.0007309068528767446,0.5301011246795694,-0.03654534264383723
with EDL,1.0,0.5721793534932221,1.0663135434167311e-11,-7.267178535582821e-13,0.010663135434167312,-0.0007267178535582821,0.5331567717083655,-0.0363358926779141
with EDL,1.0,0.572429614181439,1.0724600646350667e-11,-7.225528623815159e-13,0.010724600646350668,-0.0007225528623815159,0.5362300323175333,-0.03612764311907579
with EDL,1.0,0.5726798748696559,1.0786420160730788e-11,-7.184117417501308e-13,0.010786420160730788,-0.0007184117417501308,0.5393210080365394,-0.035920587087506534
with EDL,1.0,0.5729301355578728,1.0848596019601882e-11,-7.142943548564088e-13,0.010848596019601883,-0.0007142943548564089,0.5424298009800941,-0.03571471774282044
with EDL,1.0,0.5731803962460897,1.0911130277030509e-11,-7.102005656767088e-13,0.01091113027703051,-0.0007102005656767087,0.5455565138515254,-0.03551002828383543
with EDL,1.0,0.5734306569343066,1.0974024998923373e-11,-7.061302389669761e-13,0.010974024998923373,-0.0007061302389669761,0.5487012499461686,-0.0353065119483488
with EDL,1.0,0.5736809176225235,1.1037282263095686e-11,-7.020832402582677e-13,0.011037282263095685,-0.0007020832402582678,0.5518641131547842,-0.03510416201291338
with EDL,1.0,0.5739311783107404,1.1100904159339728e-11,-6.980594358523165e-13,0.011100904159339727,-0.0006980594358523165,0.5550452079669863,-0.034902971792615825
with EDL,1.0,0.5741814389989572,1.1164892789493902e-11,-6.940586928171103e-13,0.011164892789493902,-0.0006940586928171103,0.558244639474695,-0.03470293464085551
with EDL,1.0,0.5744316996871741,1.1229250267512218e-11,-6.900808789825017e-13,0.011229250267512219,-0.0006900808789825017,0.5614625133756108,-0.03450404394912508
with EDL,1.0,0.574681960375391,1.1293978719534045e-11,-6.86125862935842e-13,0.011293978719534045,-0.0006861258629358419,0.5646989359767022,-0.034306293146792094
with EDL,1.0,0.574932221063608,1.1359080283954434e-11,-6.821935140176369e-13,0.011359080283954433,-0.0006821935140176368,0.5679540141977216,-0.03410967570088184
with EDL,1.0,0.5751824817518248,1.1424557111494668e-11,-6.782837023172379e-13,0.011424557111494668,-0.0006782837023172379,0.5712278555747333,-0.03391418511586189
with EDL,1.0,0.5754327424400417,1.149041136527341e-11,-6.743962986685409e-13,0.011490411365273411,-0.0006743962986685409,0.5745205682636705,-0.033719814933427045
with EDL,1.0,0.5756830031282586,1.1556645220878175e-11,-6.705311746457242e-13,0.011556645220878174,-0.0006705311746457242,0.5778322610439087,-0.03352655873228621
with EDL,1.0,0.5759332638164755,1.1623260866437062e-11,-6.666882025590034e-13,0.011623260866437063,-0.0006666882025590034,0.5811630433218531,-0.033334410127950166
with EDL,1.0,0.5761835245046925,1.1690260502691254e-11,-6.628672554504142e-13,0.011690260502691254,-0.0006628672554504142,0.5845130251345626,-0.03314336277252071
with EDL,1.0,0.5764337851929093,1.1757646343067445e-11,-6.590682070896232e-13,0.011757646343067444,-0.0006590682070896232,0.5878823171533721,-0.032953410354481155
with EDL,1.0,0.5766840458811262,1.1825420613751272e-11,-6.552909319697465e-13,0.011825420613751272,-0.0006552909319697465,0.5912710306875636,-0.03276454659848732
with EDL,1.0,0.5769343065693431,1.1893585553760616e-11,-6.515353053032138e-13,0.011893585553760615,-0.0006515353053032138,0.5946792776880307,-0.032576765265160686
with EDL,1.0,0.57718456725756,1.1962143415019743e-11,-6.478012030176396e-13,0.011962143415019744,-0.0006478012030176396,0.5981071707509871,-0.03239006015088198
with EDL,1.0,0.5774348279457768,1.2031096462433532e-11,-6.440885017517272e-13,0.012031096462433532,-0.0006440885017517272,0.6015548231216765,-0.03220442508758636
with EDL,1.0,0.5776850886339937,1.2100446973962485e-11,-6.403970788511924e-13,0.012100446973962486,-0.0006403970788511924,0.6050223486981242,-0.032019853942559615
with EDL,1.0,0.5779353493222106,1.2170197240697817e-11,-6.367268123647118e-13,0.012170197240697816,-0.0006367268123647117,0.6085098620348908,-0.031836340618235585
with EDL,1.0,0.5781856100104276,1.2240349566937267e-11,-6.330775810398918e-13,0.012240349566937267,-0.0006330775810398918,0.6120174783468633,-0.031653879051994585
with EDL,1.0,0.5784358706986444,1.2310906270261072e-11,-6.294492643192705e-13,0.012310906270261072,-0.0006294492643192705,0.6155453135130535,-0.03147246321596352
with EDL,1.0,0.5786861313868613,1.2381869681608777e-11,-6.258417423363231e-13,0.012381869681608777,-0.0006258417423363231,0.6190934840804387,-0.03129208711681615
with EDL,1.0,0.5789363920750782,1.2453242145355979e-11,-6.222548959115108e-13,0.012453242145355979,-0.0006222548959115108,0.6226621072677989,-0.031112744795575537
with EDL,1.0,0.5791866527632952,1.2525026019392006e-11,-6.186886065483391e-13,0.012525026019392005,-0.0006186886065483392,0.6262513009696002,-0.030934430327416954
with EDL,1.0,0.579436913451512,1.2597223675197568e-11,-6.151427564294478e-13,0.012597223675197567,-0.0006151427564294478,0.6298611837598783,-0.03075713782147239
with EDL,1.0,0.5796871741397289,1.2669837497923297e-11,-6.116172284127141e-13,0.012669837497923296,-0.0006116172284127142,0.6334918748961648,-0.030580861420635704
with EDL,1.0,0.5799374348279458,1.2742869886468513e-11,-6.081119060273836e-13,0.012742869886468514,-0.0006081119060273836,0.6371434943234255,-0.03040559530136918
with EDL,1.0,0.5801876955161627,1.2816323253560437e-11,-6.04626673470224e-13,0.012816323253560438,-0.000604626673470224,0.6408161626780218,-0.030231333673511197
with EDL,1.0,0.5804379562043795,1.2890200025833861e-11,-6.011614156016981e-13,0.012890200025833862,-0.0006011614156016981,0.644510001291693,-0.030058070780084906
with EDL,1.0,0.5806882168925964,1.296450264391139e-11,-5.977160179421612e-13,0.012964502643911389,-0.0005977160179421612,0.6482251321955694,-0.02988580089710806
with EDL,1.0,0.5809384775808133,1.303923356248403e-11,-5.942903666680782e-13,0.01303923356248403,-0.0005942903666680782,0.6519616781242015,-0.029714518333403904
with EDL,1.0,0.5811887382690303,1.3114395250392305e-11,-5.908843486082607e-13,0.013114395250392305,-0.0005908843486082607,0.6557197625196152,-0.029544217430413033
with EDL,1.0,0.5814389989572472,1.3189990190707793e-11,-5.874978512401384e-13,0.013189990190707794,-0.0005874978512401384,0.6594995095353896,-0.029374892562006913
with EDL,1.0,0.581689259645464,1.3266020880815165e-11,-5.841307626860272e-13,0.013266020880815165,-0.0005841307626860272,0.6633010440407582,-0.029206538134301355
with EDL,1.0,0.5819395203336809,1.3342489832494752e-11,-5.807829717094435e-13,0.013342489832494751,-0.0005807829717094434,0.6671244916247375,-0.02903914858547217
with EDL,1.0,0.5821897810218978,1.3419399572005385e-11,-5.774543677114245e-13,0.013419399572005386,-0.0005774543677114245,0.6709699786002692,-0.028872718385571223
with EDL,1.0,0.5824400417101148,1.3496752640168057e-11,-5.741448407268755e-13,0.013496752640168056,-0.0005741448407268754,0.6748376320084027,-0.028707242036343773
with EDL,1.0,0.5826903023983316,1.3574551592449565e-11,-5.708542814209432e-13,0.013574551592449566,-0.0005708542814209433,0.6787275796224782,-0.028542714071047158
with EDL,1.0,0.5829405630865485,1.3652798999047294e-11,-5.675825810853923e-13,0.013652798999047294,-0.0005675825810853923,0.6826399499523647,-0.028379129054269613
with EDL,1.0,0.5831908237747654,1.3731497444973815e-11,-5.643296316350218e-13,0.013731497444973815,-0.0005643296316350219,0.6865748722486907,-0.02821648158175109
with EDL,1.0,0.5834410844629823,1.3810649530142522e-11,-5.610953256040925e-13,0.013810649530142521,-0.0005610953256040925,0.690532476507126,-0.028054766280204622
with EDL,1.0,0.5836913451511991,1.389025786945333e-11,-5.578795561427765e-13,0.01389025786945333,-0.0005578795561427765,0.6945128934726664,-0.02789397780713882
with EDL,1.0,0.583941605839416,1.3970325092879183e-11,-5.546822170136277e-13,0.013970325092879184,-0.0005546822170136277,0.6985162546439591,-0.027734110850681382
with EDL,1.0,0.584191866527633,1.4050853845552899e-11,-5.515032025880702e-13,0.014050853845552899,-0.0005515032025880702,0.7025426922776449,-0.027575160129403507
with EDL,1.0,0.5844421272158499,1.4131846787854562e-11,-5.483424078429147e-13,0.014131846787854563,-0.0005483424078429148,0.706592339392728,-0.027417120392145732
with EDL,1.0,0.5846923879040667,1.4213306595499387e-11,-5.451997283568805e-13,0.014213306595499388,-0.0005451997283568805,0.7106653297749693,-0.02725998641784402
with EDL,1.0,0.5849426485922836,1.4295235959626217e-11,-5.420750603071507e-13,0.014295235959626217,-0.0005420750603071507,0.7147617979813108,-0.02710375301535753
with EDL,1.0,0.5851929092805005,1.4377637586886242e-11,-5.389683004659419e-13,0.014377637586886241,-0.0005389683004659419,0.718881879344312,-0.02694841502329709
with EDL,1.0,0.5854431699687175,1.4460514199532658e-11,-5.358793461970919e-13,0.014460514199532658,-0.0005358793461970919,0.7230257099766328,-0.026793967309854592
with EDL,1.0,0.5856934306569344,1.4543868535510286e-11,-5.328080954526747e-13,0.014543868535510287,-0.0005328080954526747,0.7271934267755142,-0.02664040477263373
with EDL,1.0,0.5859436913451512,1.4627703348546394e-11,-5.297544467696208e-13,0.014627703348546394,-0.0005297544467696208,0.7313851674273196,-0.026487722338481037
with EDL,1.0,0.5861939520333681,1.471202140824137e-11,-5.267182992663708e-13,0.014712021408241368,-0.0005267182992663708,0.7356010704120683,-0.026335914963318538
with EDL,1.0,0.586444212721585,1.479682550016033e-11,-5.236995526395414e-13,0.014796825500160331,-0.0005236995526395414,0.7398412750080164,-0.02618497763197707
with EDL,1.0,0.5866944734098019,1.488211842592526e-11,-5.206981071606116e-13,0.014882118425925262,-0.0005206981071606115,0.7441059212962631,-0.026034905358030578
with EDL,1.0,0.5869447340980187,1.4967903003307274e-11,-5.177138636726279e-13,0.014967903003307274,-0.0005177138636726279,0.7483951501653636,-0.025885693183631393
with EDL,1.0,0.5871949947862356,1.5054182066320023e-11,-5.147467235869287e-13,0.015054182066320023,-0.0005147467235869286,0.752709103316001,-0.02573733617934643
with EDL,1.0,0.5874452554744526,1.5140958465313205e-11,-5.117965888798854e-13,0.015140958465313204,-0.0005117965888798854,0.7570479232656602,-0.02558982944399427
with EDL,1.0,0.5876955161626695,1.5228235067066567e-11,-5.088633620896717e-13,0.015228235067066567,-0.0005088633620896717,0.7614117533533283,-0.025443168104483584
with EDL,1.0,0.5879457768508863,1.531601475488483e-11,-5.059469463130321e-13,0.015316014754884831,-0.0005059469463130321,0.7658007377442415,-0.0252973473156516
with EDL,1.0,0.5881960375391032,1.540430042869294e-11,-5.030472452020888e-13,0.015404300428692941,-0.0005030472452020888,0.7702150214346469,-0.025152362260104436
with EDL,1.0,0.5884462982273202,1.549309500513169e-11,-5.001641629611533e-13,0.015493095005131689,-0.0005001641629611534,0.7746547502565844,-0.025008208148057664
with EDL,1.0,0.5886965589155371,1.5582401417654225e-11,-4.972976043435719e-13,0.015582401417654225,-0.0004972976043435719,0.7791200708827112,-0.02486488021717859
with EDL,1.0,0.588946819603754,1.5672222616622895e-11,-4.944474746485652e-13,0.015672222616622895,-0.0004944474746485652,0.7836111308311446,-0.02472237373242826
with EDL,1.0,0.5891970802919708,1.5762561569406797e-11,-4.916136797181087e-13,0.015762561569406797,-0.0004916136797181087,0.7881280784703398,-0.024580683985905436
with EDL,1.0,0.5894473409801877,1.5853421260479698e-11,-4.887961259338197e-13,0.015853421260479696,-0.0004887961259338198,0.7926710630239848,-0.024439806296690986
with EDL,1.0,0.5896976016684046,1.594480469151869e-11,-4.859947202138644e-13,0.01594480469151869,-0.00048599472021386447,0.7972402345759344,-0.02429973601069322
with EDL,1.0,0.5899478623566214,1.6036714881503324e-11,-4.832093700098827e-13,0.016036714881503326,-0.00048320937000988267,0.8018357440751661,-0.024160468500494133
with EDL,1.0,0.5901981230448383,1.6129154866815456e-11,-4.804399833039311e-13,0.016129154866815456,-0.00048043998330393105,0.8064577433407727,-0.024021999165196553
with EDL,1.0,0.5904483837330553,1.6222127701339393e-11,-4.776864686054416e-13,0.016222127701339392,-0.0004776864686054416,0.8111063850669695,-0.023884323430272077
with EDL,1.0,0.5906986444212722,1.631563645656288e-11,-4.749487349482035e-13,0.016315636456562883,-0.0004749487349482035,0.8157818228281439,-0.023747436747410176
with EDL,1.0,0.590948905109489,1.6409684221678536e-11,-4.722266918873516e-13,0.016409684221678537,-0.0004722266918873516,0.8204842110839267,-0.023611334594367577
with EDL,1.0,0.5911991657977059,1.6504274103685994e-11,-4.695202494963824e-13,0.016504274103685993,-0.00046952024949638234,0.8252137051842997,-0.023476012474819116
with EDL,1.0,0.5914494264859229,1.6599409227494415e-11,-4.668293183641811e-13,0.016599409227494415,-0.0004668293183641811,0.8299704613747207,-0.023341465918209053
with EDL,1.0,0.5916996871741398,1.66950927360258e-11,-4.641538095920732e-13,0.016695092736025798,-0.0004641538095920732,0.8347546368012899,-0.02320769047960366
with EDL,1.0,0.5919499478623567,1.679132779031881e-11,-4.614936347908794e-13,0.01679132779031881,-0.00046149363479087936,0.8395663895159403,-0.023074681739543967
with EDL,1.0,0.5922002085505735,1.688811756963315e-11,-4.588487060780008e-13,0.01688811756963315,-0.00045884870607800084,0.8444058784816575,-0.022942435303900038
with EDL,1.0,0.5924504692387904,1.6985465271554797e-11,-4.562189360745146e-13,0.016985465271554798,-0.0004562189360745146,0.8492732635777398,-0.022810946803725727
with EDL,1.0,0.5927007299270073,1.7083374112101236e-11,-4.53604237902287e-13,0.017083374112101236,-0.000453604237902287,0.8541687056050616,-0.022680211895114346
with EDL,1.0,0.5929509906152242,1.7181847325828148e-11,-4.510045251811032e-13,0.01718184732582815,-0.0004510045251811032,0.8590923662914073,-0.02255022625905516
with EDL,1.0,0.593201251303441,1.728088816593604e-11,-4.484197120258141e-13,0.01728088816593604,-0.0004484197120258141,0.864044408296802,-0.022420985601290702
with EDL,1.0,0.593451511991658,1.738049990437773e-11,-4.4584971304349654e-13,0.01738049990437773,-0.00044584971304349654,0.8690249952188864,-0.022292485652174825
with EDL,1.0,0.5937017726798749,1.7480685831966352e-11,-4.432944433306396e-13,0.017480685831966353,-0.00044329444333063956,0.8740342915983176,-0.022164722166531977
with EDL,1.0,0.5939520333680918,1.7581449258484385e-11,-4.407538184703291e-13,0.017581449258484386,-0.0004407538184703291,0.8790724629242193,-0.022037690923516453
with EDL,1.0,0.5942022940563086,1.768279351279263e-11,-4.382277545294665e-13,0.01768279351279263,-0.0004382277545294665,0.8841396756396315,-0.021911387726473323
with EDL,1.0,0.5944525547445255,1.7784721942940462e-11,-4.357161680559921e-13,0.01778472194294046,-0.0004357161680559921,0.889236097147023,-0.021785808402799603
with EDL,1.0,0.5947028154327425,1.788723791627625e-11,-4.3321897607612957e-13,0.01788723791627625,-0.00043321897607612956,0.8943618958138123,-0.021660948803806476
with EDL,1.0,0.5949530761209594,1.7990344819558688e-11,-4.3073609609164866e-13,0.017990344819558687,-0.00043073609609164867,0.8995172409779343,-0.02153680480458243
with EDL,1.0,0.5952033368091763,1.8094046059068646e-11,-4.2826744607713163e-13,0.018094046059068645,-0.00042826744607713164,0.9047023029534322,-0.02141337230385658
with EDL,1.0,0.5954535974973931,1.8198345060721856e-11,-4.258129444772691e-13,0.018198345060721856,-0.0004258129444772691,0.9099172530360926,-0.02129064722386345
with EDL,1.0,0.59570385818561,1.8303245270181713e-11,-4.233725102041644e-13,0.018303245270181713,-0.0004233725102041644,0.9151622635090856,-0.021168625510208216
with EDL,1.0,0.5959541188738269,1.8408750152973603e-11,-4.2094606263465483e-13,0.018408750152973604,-0.00042094606263465485,0.92043750764868,-0.02104730313173274
with EDL,1.0,0.5962043795620438,1.8514863194598968e-11,-4.1853352160764784e-13,0.01851486319459897,-0.0004185335216076478,0.9257431597299484,-0.02092667608038239
with EDL,1.0,0.5964546402502607,1.86215879006508e-11,-4.161348074214719e-13,0.0186215879006508,-0.0004161348074214719,0.9310793950325398,-0.020806740371073593
with EDL,1.0,0.5967049009384776,1.8728927796929035e-11,-4.13749840831248e-13,0.018728927796929036,-0.00041374984083124804,0.9364463898464517,-0.020687492041562398
with EDL,1.0,0.5969551616266945,1.8836886429557527e-11,-4.1137854304626466e-13,0.01883688642955753,-0.00041137854304626464,0.9418443214778763,-0.020568927152313232
with EDL,1.0,0.5972054223149114,1.8945467365100785e-11,-4.0902083572737985e-13,0.018945467365100787,-0.00040902083572737983,0.9472733682550392,-0.02045104178636899
with EDL,1.0,0.5974556830031282,1.9054674190682087e-11,-4.0667664098443145e-13,0.019054674190682085,-0.00040667664098443146,0.9527337095341043,-0.02033383204922157
with EDL,1.0,0.5977059436913452,1.916451051410181e-11,-4.043458813736631e-13,0.019164510514101812,-0.0004043458813736631,0.9582255257050905,-0.020217294068683153
with EDL,1.0,0.5979562043795621,1.927497996395657e-11,-4.020284798951703e-13,0.01927497996395657,-0.0004020284798951703,0.9637489981978283,-0.020101423994758512
with EDL,1.0,0.598206465067779,1.9386086189759426e-11,-3.997243599903497e-13,0.019386086189759427,-0.0003997243599903497,0.9693043094879712,-0.019986217999517483
with EDL,1.0,0.5984567257559958,1.949783286205997e-11,-3.9743344553937455e-13,0.019497832862059968,-0.00039743344553937453,0.9748916431029984,-0.019871672276968726
with EDL,1.0,0.5987069864442127,1.9610223672566026e-11,-3.951556608586786e-13,0.019610223672566027,-0.0003951556608586786,0.9805111836283011,-0.019757783042933928
with EDL,1.0,0.5989572471324296,1.9723262334265405e-11,-3.92890930698456e-13,0.019723262334265405,-0.00039289093069845603,0.9861631167132702,-0.0196445465349228
with EDL,1.0,0.5992075078206465,1.9836952581548513e-11,-3.906391802401755e-13,0.019836952581548512,-0.0003906391802401755,0.9918476290774256,-0.019531959012008774
with EDL,1.0,0.5994577685088633,1.9951298170331806e-11,-3.8840033509410796e-13,0.019951298170331807,-0.00038840033509410796,0.9975649085165903,-0.019420016754705397
with EDL,1.0,0.5997080291970803,2.0066302878181996e-11,-3.861743212968685e-13,0.020066302878181997,-0.0003861743212968685,1.0033151439090997,-0.019308716064843422
with EDL,1.0,0.5999582898852972,2.0181970504440466e-11,-3.839610653089776e-13,0.020181970504440466,-0.0003839610653089776,1.0090985252220233,-0.019198053265448878
with EDL,1.0,0.6002085505735141,2.0298304870349298e-11,-3.8176049401242357e-13,0.0202983048703493,-0.00038176049401242356,1.0149152435174649,-0.019088024700621178
with EDL,1.0,0.600458811261731,2.0415309819177057e-11,-3.7957253470825343e-13,0.020415309819177056,-0.00037957253470825343,1.0207654909588528,-0.01897862673541267
with EDL,1.0,0.6007090719499479,2.0532989216346154e-11,-3.773971151141663e-13,0.020532989216346154,-0.00037739711511416626,1.0266494608173076,-0.018869855755708313
with EDL,1.0,0.6009593326381648,2.065134694956007e-11,-3.7523416336213327e-13,0.02065134694956007,-0.0003752341633621333,1.0325673474780035,-0.018761708168106662
with EDL,1.0,0.6012095933263817,2.077038692893238e-11,-3.7308360799601386e-13,0.02077038692893238,-0.00037308360799601385,1.038519346446619,-0.018654180399800692
with EDL,1.0,0.6014598540145986,2.08901130871153e-11,-3.709453779692008e-13,0.0208901130871153,-0.0003709453779692008,1.044505654355765,-0.018547268898460038
with EDL,1.0,0.6017101147028154,2.1010529379430192e-11,-3.688194026422714e-13,0.021010529379430192,-0.0003688194026422714,1.0505264689715095,-0.018440970132113568
with EDL,1.0,0.6019603753910323,2.113163978399779e-11,-3.667056117806547e-13,0.02113163978399779,-0.00036670561178065467,1.0565819891998893,-0.01833528058903273
with EDL,1.0,0.6022106360792492,2.1253448301869933e-11,-3.6460393555231e-13,0.021253448301869933,-0.00036460393555230996,1.0626724150934965,-0.018230196777615497
with EDL,1.0,0.6024608967674661,2.1375958957161468e-11,-3.6251430452542066e-13,0.02137595895716147,-0.00036251430452542065,1.0687979478580734,-0.01812571522627103
with EDL,1.0,0.602711157455683,2.1499175797183517e-11,-3.604366496661e-13,0.021499175797183516,-0.0003604366496661,1.0749587898591757,-0.018021832483304998
with EDL,1.0,0.6029614181438999,2.162310289257674e-11,-3.583709023361122e-13,0.02162310289257674,-0.00035837090233611224,1.0811551446288368,-0.017918545116805608
with EDL,1.0,0.6032116788321168,2.174774433744635e-11,-3.563169942906015e-13,0.021747744337446348,-0.0003563169942906015,1.0873872168723173,-0.017815849714530072
with EDL,1.0,0.6034619395203337,2.1873104249496895e-11,-3.5427485767584e-13,0.021873104249496896,-0.00035427485767584,1.0936552124748447,-0.017713742883792
with EDL,1.0,0.6037122002085505,2.1999186770168656e-11,-3.5224442502698576e-13,0.021999186770168655,-0.00035224442502698576,1.0999593385084327,-0.017612221251349286
with EDL,1.0,0.6039624608967675,2.2125996064774175e-11,-3.502256292658527e-13,0.022125996064774174,-0.0003502256292658527,1.1062998032387086,-0.017511281463292633
with EDL,1.0,0.6042127215849844,2.2253536322636075e-11,-3.4821840369869847e-13,0.022253536322636075,-0.00034821840369869846,1.1126768161318037,-0.01741092018493492
with EDL,1.0,0.6044629822732013,2.2381811757225208e-11,-3.4622268201401524e-13,0.022381811757225208,-0.00034622268201401523,1.1190905878612603,-0.01731113410070076
with EDL,1.0,0.6047132429614182,2.2510826606300264e-11,-3.442383982803433e-13,0.022510826606300265,-0.0003442383982803433,1.125541330315013,-0.017211919914017163
with EDL,1.0,0.604963503649635,2.2640585132047362e-11,-3.4226548694409135e-13,0.02264058513204736,-0.00034226548694409135,1.132029256602368,-0.017113274347204565
with EDL,1.0,0.6052137643378519,2.2771091621221014e-11,-3.403038828273715e-13,0.022771091621221016,-0.0003403038828273715,1.1385545810610507,-0.017015194141368574
with EDL,1.0,0.6054640250260688,2.290235038528585e-11,-3.383535211258452e-13,0.02290235038528585,-0.0003383535211258452,1.1451175192642924,-0.01691767605629226
with EDL,1.0,0.6057142857142858,2.303436576055898e-11,-3.364143374065827e-13,0.023034365760558978,-0.0003364143374065827,1.1517182880279488,-0.016820716870329135
with EDL,1.0,0.6059645464025026,2.316714210835302e-11,-3.3448626760593665e-13,0.02316714210835302,-0.00033448626760593665,1.158357105417651,-0.01672431338029683
with EDL,1.0,0.6062148070907195,2.3300683815120513e-11,-3.3256924802742086e-13,0.023300683815120512,-0.0003325692480274209,1.1650341907560255,-0.01662846240137104
with EDL,1.0,0.6064650677789364,2.343499529259878e-11,-3.306632153396101e-13,0.02343499529259878,-0.0003306632153396101,1.1717497646299389,-0.0165331607669805
with EDL,1.0,0.6067153284671533,2.357008097795543e-11,-3.2876810657404537e-13,0.023570080977955432,-0.0003287681065740454,1.1785040488977714,-0.016438405328702266
with EDL,1.0,0.6069655891553702,2.3705945333935372e-11,-3.268838591231548e-13,0.02370594533393537,-0.00032688385912315476,1.1852972666967685,-0.016344192956157737
with EDL,1.0,0.6072158498435871,2.3842592849007552e-11,-3.250104107381881e-13,0.02384259284900755,-0.00032501041073818807,1.1921296424503776,-0.016250520536909403
with EDL,1.0,0.607466110531804,2.3980028037514118e-11,-3.2314769952715387e-13,0.023980028037514117,-0.0003231476995271539,1.1990014018757058,-0.016157384976357693
with EDL,1.0,0.6077163712200209,2.411825543981884e-11,-3.212956639527795e-13,0.02411825543981884,-0.0003212956639527795,1.205912771990942,-0.016064783197638974
with EDL,1.0,0.6079666319082377,2.4257279622457555e-11,-3.19454242830477e-13,0.024257279622457554,-0.000319454242830477,1.2128639811228776,-0.015972712141523848
with EDL,1.0,0.6082168925964546,2.439710517828869e-11,-3.1762337532632153e-13,0.02439710517828869,-0.0003176233753263215,1.2198552589144345,-0.015881168766316074
with EDL,1.0,0.6084671532846715,2.453773672664532e-11,-3.158030009550416e-13,0.024537736726645318,-0.0003158030009550416,1.2268868363322658,-0.01579015004775208
with EDL,1.0,0.6087174139728884,2.467917891348744e-11,-3.1399305957802196e-13,0.024679178913487438,-0.000313993059578022,1.2339589456743718,-0.015699652978901097
with EDL,1.0,0.6089676746611054,2.4821436411555842e-11,-3.1219349140131436e-13,0.024821436411555844,-0.00031219349140131433,1.241071820577792,-0.015609674570065717
with EDL,1.0,0.6092179353493222,2.4964513920525965e-11,-3.10404236973666e-13,0.024964513920525965,-0.00031040423697366597,1.248225696026298,-0.015520211848683298
with EDL,1.0,0.6094681960375391,2.5108416167163752e-11,-3.086252371845511e-13,0.025108416167163753,-0.0003086252371845511,1.2554208083581875,-0.015431261859227554
with EDL,1.0,0.609718456725756,2.5253147905481297e-11,-3.0685643326222127e-13,0.025253147905481298,-0.0003068564332622213,1.2626573952740647,-0.015342821663111062
with EDL,1.0,0.609968717413973,2.5398713916894384e-11,-3.050977667717616e-13,0.025398713916894383,-0.00030509776677176164,1.269935695844719,-0.01525488833858808
with EDL,1.0,0.6102189781021898,2.554511901037971e-11,-3.033491796131642e-13,0.02554511901037971,-0.0003033491796131642,1.2772559505189853,-0.01516745898065821
with EDL,1.0,0.6104692387904067,2.5692368022634696e-11,-3.016106140194034e-13,0.025692368022634696,-0.0003016106140194034,1.2846184011317348,-0.01508053070097017
with EDL,1.0,0.6107194994786236,2.5840465818236565e-11,-2.9988201255453094e-13,0.025840465818236565,-0.00029988201255453094,1.292023290911828,-0.014994100627726546
with EDL,1.0,0.6109697601668405,2.598941728980328e-11,-2.981633181117772e-13,0.02598941728980328,-0.0002981633181117772,1.2994708644901638,-0.014908165905588858
with EDL,1.0,0.6112200208550573,2.6139227358155278e-11,-2.96454473911665e-13,0.026139227358155277,-0.000296454473911665,1.3069613679077638,-0.014822723695583248
with EDL,1.0,0.6114702815432742,2.6289900972477958e-11,-2.947554235001342e-13,0.026289900972477957,-0.0002947554235001342,1.3144950486238978,-0.014737771175006709
with EDL,1.0,0.6117205422314911,2.644144311048506e-11,-2.9306611074667564e-13,0.02644144311048506,-0.00029306611074667564,1.322072155524253,-0.01465330553733378
with EDL,1.0,0.6119708029197081,2.659385877858327e-11,-2.9138647984247663e-13,0.02659385877858327,-0.00029138647984247666,1.3296929389291634,-0.01456932399212383
with EDL,1.0,0.6122210636079249,2.6747153012037568e-11,-2.8971647529858033e-13,0.026747153012037568,-0.0002897164752985803,1.3373576506018783,-0.014485823764929014
with EDL,1.0,0.6124713242961418,2.690133087513752e-11,-2.880560419440479e-13,0.026901330875137523,-0.0002880560419440479,1.3450665437568758,-0.014402802097202393
with EDL,1.0,0.6127215849843587,2.7056397461364778e-11,-2.8640512492413885e-13,0.02705639746136478,-0.00028640512492413884,1.3528198730682388,-0.01432025624620694
with EDL,1.0,0.6129718456725756,2.7212357893561013e-11,-2.8476366969849807e-13,0.027212357893561013,-0.00028476366969849804,1.3606178946780505,-0.014238183484924902
with EDL,1.0,0.6132221063607926,2.736921732409764e-11,-2.831316220393535e-13,0.027369217324097642,-0.00028313162203935345,1.3684608662048818,-0.014156581101967672
with EDL,1.0,0.6134723670490094,2.7526980935045258e-11,-2.815089280297273e-13,0.027526980935045256,-0.00028150892802972726,1.3763490467522628,-0.014075446401486362
with EDL,1.0,0.6137226277372263,2.7685653938345824e-11,-2.798955340616504e-13,0.027685653938345822,-0.00027989553406165043,1.384282696917291,-0.013994776703082518
with EDL,1.0,0.6139728884254432,2.7845241575984038e-11,-2.782913868343942e-13,0.027845241575984038,-0.0002782913868343942,1.3922620787992017,-0.01391456934171971
with EDL,1.0,0.61422314911366,2.8005749120161035e-11,-2.766964333527092e-13,0.028005749120161034,-0.0002766964333527092,1.4002874560080516,-0.01383482166763546
with EDL,1.0,0.6144734098018769,2.8167181873468143e-11,-2.7511062092507453e-13,0.028167181873468145,-0.00027511062092507455,1.408359093673407,-0.013755531046253724
with EDL,1.0,0.6147236704900938,2.8329545169062476e-11,-2.7353389716195627e-13,0.028329545169062477,-0.0002735338971619563,1.4164772584531236,-0.013676694858097811
with EDL,1.0,0.6149739311783108,2.8492844370842766e-11,-2.719662099740771e-13,0.028492844370842766,-0.00027196620997407714,1.4246422185421381,-0.013598310498703853
with EDL,1.0,0.6152241918665277,2.8657084873626757e-11,-2.704075075706969e-13,0.028657084873626757,-0.0002704075075706969,1.4328542436813376,-0.013520375378534845
with EDL,1.0,0.6154744525547445,2.8822272103329344e-11,-2.6885773845789917e-13,0.028822272103329345,-0.00026885773845789916,1.441113605166467,-0.013442886922894956
with EDL,1.0,0.6157247132429614,2.8988411517142025e-11,-2.673168514368913e-13,0.028988411517142026,-0.0002673168514368913,1.449420575857101,-0.013365842571844564
with EDL,1.0,0.6159749739311783,2.915550860371283e-11,-2.657847956023138e-13,0.02915550860371283,-0.0002657847956023138,1.4577754301856414,-0.01328923978011569
with EDL,1.0,0.6162252346193953,2.932356888332815e-11,-2.6426152034055664e-13,0.02932356888332815,-0.0002642615203405566,1.4661784441664076,-0.013213076017027831
with EDL,1.0,0.6164754953076121,2.9492597908094353e-11,-2.6274697532808994e-13,0.029492597908094352,-0.00026274697532808995,1.4746298954047177,-0.013137348766404496
with EDL,1.0,0.616725755995829,2.966260126212197e-11,-2.6124111052979825e-13,0.029662601262121967,-0.00026124111052979826,1.4831300631060982,-0.01306205552648991
with EDL,1.0,0.6169760166840459,2.9833584561709845e-11,-2.5974387619732983e-13,0.029833584561709845,-0.0002597438761973298,1.491679228085492,-0.01298719380986649
with EDL,1.0,0.6172262773722628,3.000555345553071e-11,-2.582552228674521e-13,0.030005553455530708,-0.0002582552228674521,1.5002776727765352,-0.012912761143372604
with EDL,1.0,0.6174765380604796,3.017851362481768e-11,-2.5677510136041877e-13,0.03017851362481768,-0.00025677510136041875,1.5089256812408838,-0.012838755068020936
with EDL,1.0,0.6177267987486965,3.035247078355203e-11,-2.553034627783433e-13,0.030352470783552032,-0.00025530346277834333,1.5176235391776016,-0.012765173138917165
with EDL,1.0,0.6179770594369134,3.052743067865211e-11,-2.53840258503585e-13,0.03052743067865211,-0.00025384025850358504,1.5263715339326056,-0.01269201292517925
with EDL,1.0,0.6182273201251304,3.07033990901631e-11,-2.5238544019714143e-13,0.0307033990901631,-0.0002523854401971414,1.5351699545081547,-0.012619272009857069
with EDL,1.0,0.6184775808133472,3.0880381831447644e-11,-2.509389597970544e-13,0.030880381831447645,-0.0002509389597970544,1.5440190915723822,-0.012546947989852718
with EDL,1.0,0.6187278415015641,3.1058384749378406e-11,-2.49500769516818e-13,0.031058384749378408,-0.00024950076951681804,1.5529192374689202,-0.012475038475840899
with EDL,1.0,0.618978102189781,3.123741372453108e-11,-2.4807082184380346e-13,0.03123741372453108,-0.00024807082184380344,1.561870686226554,-0.012403541092190173
with EDL,1.0,0.619228362877998,3.1417474671378497e-11,-2.466490695376862e-13,0.031417474671378495,-0.0002466490695376862,1.5708737335689247,-0.01233245347688431
with EDL,1.0,0.6194786235662149,3.159857353848602e-11,-2.452354656288899e-13,0.03159857353848602,-0.0002452354656288899,1.5799286769243008,-0.012261773281444495
with EDL,1.0,0.6197288842544317,3.178071630870825e-11,-2.4382996341702963e-13,0.03178071630870825,-0.00024382996341702962,1.5890358154354123,-0.01219149817085148
with EDL,1.0,0.6199791449426486,3.196390899938672e-11,-2.4243251646937207e-13,0.031963908999386725,-0.00024243251646937207,1.598195449969336,-0.012121625823468603
with EDL,1.0,0.6202294056308655,3.2148157662548325e-11,-2.4104307861930116e-13,0.032148157662548325,-0.00024104307861930118,1.6074078831274161,-0.012052153930965056
with EDL,1.0,0.6204796663190824,3.2333468385105713e-11,-2.396616039647921e-13,0.032333468385105715,-0.00023966160396479211,1.6166734192552854,-0.011983080198239605
with EDL,1.0,0.6207299270072992,3.2519847289057906e-11,-2.3828804686689573e-13,0.03251984728905791,-0.00023828804686689572,1.6259923644528953,-0.011914402343344784
with EDL,1.0,0.6209801876955161,3.2707300531693075e-11,-2.3692236194823026e-13,0.03270730053169307,-0.00023692236194823026,1.6353650265846535,-0.011846118097411512
with EDL,1.0,0.6212304483837331,3.2895834305791434e-11,-2.3556450409148207e-13,0.03289583430579143,-0.00023556450409148208,1.6447917152895717,-0.011778225204574102
with EDL,1.0,0.62148070907195,3.3085454839830186e-11,-2.3421442843791646e-13,0.033085454839830185,-0.00023421442843791647,1.654272741991509,-0.011710721421895822
with EDL,1.0,0.6217309697601668,3.3276168398189055e-11,-2.3287209038589416e-13,0.03327616839818905,-0.00023287209038589415,1.6638084199094527,-0.011643604519294706
with EDL,1.0,0.6219812304483837,3.3467981281357575e-11,-2.315374455893981e-13,0.03346798128135758,-0.0002315374455893981,1.6733990640678786,-0.011576872279469902
with EDL,1.0,0.6222314911366007,3.3660899826142945e-11,-2.3021044995656847e-13,0.03366089982614295,-0.00023021044995656846,1.683044991307147,-0.011510522497828423
with EDL,1.0,0.6224817518248176,3.385493040587906e-11,-2.288910596482477e-13,0.03385493040587906,-0.0002288910596482477,1.6927465202939527,-0.011444552982412383
with EDL,1.0,0.6227320125130344,3.405007943063795e-11,-2.275792310765293e-13,0.03405007943063795,-0.0002275792310765293,1.7025039715318975,-0.011378961553826464
with EDL,1.0,0.6229822732012513,3.4246353347440924e-11,-2.2627492090331965e-13,0.03424635334744092,-0.00022627492090331966,1.7123176673720462,-0.011313746045165982
with EDL,1.0,0.6232325338894682,3.4443758640471535e-11,-2.249780860389066e-13,0.034443758640471535,-0.00022497808603890658,1.7221879320235767,-0.011248904301945329
with EDL,1.0,0.6234827945776851,3.4642301831289955e-11,-2.236886836405346e-13,0.034642301831289954,-0.0002236886836405346,1.7321150915644976,-0.011184434182026729
with EDL,1.0,0.623733055265902,3.4841989479048505e-11,-2.2240667111099024e-13,0.034841989479048506,-0.00022240667111099024,1.742099473952425,-0.01112033355554951
with EDL,1.0,0.6239833159541188,3.504282818070826e-11,-2.2113200609719488e-13,0.03504282818070826,-0.00022113200609719488,1.7521414090354128,-0.011056600304859743
with EDL,1.0,0.6242335766423358,3.5244824571256895e-11,-2.198646464888046e-13,0.0352448245712569,-0.00021986464648880458,1.7622412285628446,-0.010993232324440229
with EDL,1.0,0.6244838373305527,3.544798532392779e-11,-2.186045504168214e-13,0.03544798532392779,-0.0002186045504168214,1.7723992661963894,-0.010930227520841069
with EDL,1.0,0.6247340980187696,3.5652317150421005e-11,-2.1735167625220724e-13,0.035652317150421005,-0.00021735167625220724,1.7826158575210502,-0.010867583812610361
with EDL,1.0,0.6249843587069864,3.585782680112439e-11,-2.1610598260451012e-13,0.03585782680112439,-0.00021610598260451012,1.7928913400562194,-0.010805299130225505
with EDL,1.0,0.6252346193952033,3.606452106533708e-11,-2.1486742832049597e-13,0.03606452106533708,-0.00021486742832049597,1.8032260532668538,-0.010743371416024798
with EDL,1.0,0.6254848800834203,3.627240677149346e-11,-2.1363597248278967e-13,0.03627240677149346,-0.00021363597248278966,1.8136203385746728,-0.010681798624139482
with EDL,1.0,0.6257351407716372,3.6481490787388766e-11,-2.1241157440852474e-13,0.036481490787388764,-0.00021241157440852473,1.824074539369438,-0.010620578720426236
with EDL,1.0,0.625985401459854,3.669178002040615e-11,-2.111941936479959e-13,0.03669178002040615,-0.00021119419364799588,1.8345890010203074,-0.010559709682399793
with EDL,1.0,0.6262356621480709,3.690328141774498e-11,-2.0998378998332577e-13,0.03690328141774498,-0.00020998378998332576,1.8451640708872488,-0.010499189499166287
with EDL,1.0,0.6264859228362878,3.7116001966649883e-11,-2.0878032342713452e-13,0.03711600196664988,-0.0002087803234271345,1.855800098332494,-0.010439016171356725
with EDL,1.0,0.6267361835245047,3.732994869464213e-11,-2.0758375422121962e-13,0.03732994869464213,-0.0002075837542212196,1.8664974347321066,-0.01037918771106098
with EDL,1.0,0.6269864442127215,3.754512866975128e-11,-2.0639404283524217e-13,0.03754512866975128,-0.00020639404283524218,1.8772564334875639,-0.010319702141762107
with EDL,1.0,0.6272367049009385,3.7761549000749254e-11,-2.0521114996542053e-13,0.03776154900074925,-0.00020521114996542052,1.8880774500374624,-0.010260557498271025
with EDL,1.0,0.6274869655891554,3.79792168373844e-11,-2.040350365332333e-13,0.0379792168373844,-0.00020403503653323331,1.89896084186922,-0.010201751826661665
with EDL,1.0,0.6277372262773723,3.819813937061866e-11,-2.0286566368412669e-13,0.03819813937061866,-0.0002028656636841267,1.909906968530933,-0.010143283184206334
with EDL,1.0,0.6279874869655891,3.841832383286425e-11,-2.0170299278623132e-13,0.038418323832864254,-0.00020170299278623132,1.9209161916432125,-0.010085149639311565
with EDL,1.0,0.628237747653806,3.86397774982233e-11,-2.0054698542908633e-13,0.038639777498223296,-0.00020054698542908633,1.9319888749111647,-0.010027349271454315
with EDL,1.0,0.628488008342023,3.886250768272765e-11,-1.993976034223698e-13,0.03886250768272765,-0.0001993976034223698,1.943125384136382,-0.00996988017111849
with EDL,1.0,0.6287382690302399,3.908652174458065e-11,-1.9825480879463888e-13,0.03908652174458065,-0.00019825480879463888,1.9543260872290322,-0.009912740439731943
with EDL,1.0,0.6289885297184568,3.9311827084400514e-11,-1.9711856379207278e-13,0.039311827084400515,-0.00019711856379207277,1.9655913542200256,-0.009855928189603638
with EDL,1.0,0.6292387904066736,3.9538431145464505e-11,-1.9598883087722706e-13,0.03953843114546451,-0.00019598883087722707,1.976921557273225,-0.009799441543861353
with EDL,1.0,0.6294890510948905,3.976634141395509e-11,-1.948655727277932e-13,0.03976634141395509,-0.0001948655727277932,1.9883170706977544,-0.009743278636389659
with EDL,1.0,0.6297393117831074,3.999556541920714e-11,-1.9374875223536583e-13,0.03999556541920714,-0.00019374875223536584,1.9997782709603567,-0.00968743761176829
with EDL,1.0,0.6299895724713243,4.02261107339565e-11,-1.926383325042163e-13,0.0402261107339565,-0.00019263833250421632,2.011305536697825,-0.009631916625210814
with EDL,1.0,0.6302398331595411,4.045798497459035e-11,-1.9153427685007422e-13,0.04045798497459035,-0.0001915342768500742,2.022899248729517,-0.00957671384250371
with EDL,1.0,0.6304900938477581,4.069119580139905e-11,-1.904365487989149e-13,0.04069119580139905,-0.00019043654879891489,2.0345597900699524,-0.009521827439945743
with EDL,1.0,0.630740354535975,4.0925750918828486e-11,-1.8934511208575637e-13,0.04092575091882849,-0.00018934511208575636,2.046287545941424,-0.009467255604287817
with EDL,1.0,0.6309906152241919,4.116165807573555e-11,-1.8825993065345814e-13,0.04116165807573555,-0.00018825993065345813,2.058082903786777,-0.009412996532672906
with EDL,1.0,0.6312408759124087,4.1398925065643277e-11,-1.871809686515326e-13,0.04139892506564328,-0.0001871809686515326,2.0699462532821635,-0.009359048432576629
with EDL,1.0,0.6314911366006257,4.1637559726999176e-11,-1.8610819043495886e-13,0.041637559726999174,-0.00018610819043495886,2.0818779863499586,-0.009305409521747942
with EDL,1.0,0.6317413972888426,4.18775699434329e-11,-1.8504156056300761e-13,0.0418775699434329,-0.00018504156056300763,2.093878497171645,-0.00925207802815038
with EDL,1.0,0.6319916579770595,4.211896364401828e-11,-1.8398104379806734e-13,0.042118963644018285,-0.00018398104379806733,2.105948182200914,-0.009199052189903367
with EDL,1.0,0.6322419186652763,4.2361748803534024e-11,-1.8292660510448192e-13,0.04236174880353402,-0.00018292660510448193,2.118087440176701,-0.009146330255224095
with EDL,1.0,0.6324921793534932,4.2605933442727905e-11,-1.8187820964739284e-13,0.0426059334427279,-0.00018187820964739285,2.130296672136395,-0.009093910482369641
with EDL,1.0,0.6327424400417101,4.285152562858118e-11,-1.808358227915887e-13,0.04285152562858118,-0.0001808358227915887,2.1425762814290588,-0.009041791139579433
with EDL,1.0,0.632992700729927,4.309853347457572e-11,-1.7979941010036004e-13,0.04309853347457572,-0.00017979941010036005,2.1549266737287858,-0.008989970505018001
with EDL,1.0,0.6332429614181438,4.3346965140961344e-11,-1.787689373343628e-13,0.04334696514096134,-0.00017876893733436282,2.167348257048067,-0.00893844686671814
with EDL,1.0,0.6334932221063608,4.35968288350262e-11,-1.7774437045048602e-13,0.043596828835026205,-0.000177744370450486,2.17984144175131,-0.0088872185225243
with EDL,1.0,0.6337434827945777,4.3848132811366926e-11,-1.7672567560072914e-13,0.04384813281136692,-0.00017672567560072914,2.192406640568346,-0.008836283780036456
with EDL,1.0,0.6339937434827946,4.4100885372162415e-11,-1.757128191310813e-13,0.04410088537216241,-0.0001757128191310813,2.2050442686081206,-0.008785640956554064
with EDL,1.0,0.6342440041710115,4.4355094867447236e-11,-1.74705767580411e-13,0.04435509486744724,-0.000174705767580411,2.2177547433723617,-0.008735288379020548
with EDL,1.0,0.6344942648592283,4.461076969538819e-11,-1.7370448767936034e-13,0.044610769695388186,-0.00017370448767936033,2.230538484769409,-0.008685224383968015
with EDL,1.0,0.6347445255474453,4.486791830256098e-11,-1.7270894634924554e-13,0.04486791830256098,-0.00017270894634924554,2.243395915128049,-0.008635447317462276
with EDL,1.0,0.6349947862356622,4.512654918422973e-11,-1.71719110700966e-13,0.04512654918422973,-0.000171719110700966,2.2563274592114864,-0.008585955535048298
with EDL,1.0,0.6352450469238791,4.538667088462783e-11,-1.7073494803391467e-13,0.045386670884627826,-0.00017073494803391466,2.269333544231391,-0.008536747401695733
with EDL,1.0,0.6354953076120959,4.564829199723991e-11,-1.697564258349002e-13,0.045648291997239916,-0.00016975642583490018,2.2824145998619954,-0.00848782129174501
with EDL,1.0,0.6357455683003128,4.591142116508562e-11,-1.687835117770719e-13,0.04591142116508562,-0.0001687835117770719,2.2955710582542808,-0.008439175588853595
with EDL,1.0,0.6359958289885297,4.617606708100531e-11,-1.678161737188516e-13,0.046176067081005315,-0.0001678161737188516,2.3088033540502653,-0.008390808685942578
with EDL,1.0,0.6362460896767466,4.64422384879474e-11,-1.6685437970287226e-13,0.0464422384879474,-0.00016685437970287225,2.32211192439737,-0.008342718985143611
with EDL,1.0,0.6364963503649635,4.6709944179257134e-11,-1.6589809795492172e-13,0.04670994417925713,-0.00016589809795492172,2.3354972089628565,-0.008294904897746085
with EDL,1.0,0.6367466110531804,4.697919299896654e-11,-1.6494729688289441e-13,0.046979192998966544,-0.0001649472968828944,2.348959649948327,-0.00824736484414472
with EDL,1.0,0.6369968717413973,4.724999384208734e-11,-1.6400194507574547e-13,0.04724999384208734,-0.00016400194507574546,2.362499692104367,-0.008200097253787272
with EDL,1.0,0.6372471324296142,4.752235565490476e-11,-1.6306201130245448e-13,0.047522355654904765,-0.00016306201130245447,2.3761177827452378,-0.008153100565122723
with EDL,1.0,0.637497393117831,4.779628743527225e-11,-1.6212746451099326e-13,0.04779628743527225,-0.00016212746451099326,2.389814371763612,-0.008106373225549662
with EDL,1.0,0.637747653806048,4.807179823291002e-11,-1.6119827382729977e-13,0.04807179823291002,-0.00016119827382729977,2.4035899116455006,-0.008059913691364988
with EDL,1.0,0.6379979144942649,4.834889714970263e-11,-1.6027440855425978e-13,0.048348897149702634,-0.00016027440855425978,2.4174448574851315,-0.008013720427712989
with EDL,1.0,0.6382481751824818,4.862759334000102e-11,-1.593558381706901e-13,0.048627593340001024,-0.0001593558381706901,2.431379667000051,-0.007967791908534505
with EDL,1.0,0.6384984358706987,4.8907896010923814e-11,-1.5844253233033226e-13,0.04890789601092382,-0.00015844253233033225,2.4453948005461905,-0.007922126616516612
with EDL,1.0,0.6387486965589155,4.9189814422662354e-11,-1.5753446086084906e-13,0.049189814422662355,-0.00015753446086084905,2.4594907211331174,-0.007876723043042452
with EDL,1.0,0.6389989572471324,4.9473357888785875e-11,-1.5663159376282831e-13,0.049473357888785874,-0.0001566315937628283,2.4736678944392936,-0.007831579688141415
with EDL,1.0,0.6392492179353493,4.975853577654992e-11,-1.5573390120879134e-13,0.04975853577654992,-0.00015573390120879134,2.4879267888274956,-0.007786695060439566
with EDL,1.0,0.6394994786235662,5.0045357507205076e-11,-1.548413535422078e-13,0.050045357507205075,-0.00015484135354220782,2.5022678753602534,-0.0077420676771103895
with EDL,1.0,0.6397497393117831,5.0333832556309035e-11,-1.539539212765157e-13,0.050333832556309036,-0.0001539539212765157,2.5166916278154514,-0.007697696063825784
with EDL,1.0,0.64,5.062397045403856e-11,-1.5307157509414846e-13,0.05062397045403856,-0.00015307157509414848,2.531198522701928,-0.007653578754707423
with EDL,1000.0,0.4,1.189323893804686e-12,-1.7861212703604112e-11,0.001189323893804686,-0.017861212703604114,0.0594661946902343,-0.8930606351802055
with EDL,1000.0,0.4002502606882169,1.195173624779421e-12,-1.7773791690428824e-11,0.001195173624779421,-0.017773791690428826,0.059758681238971045,-0.8886895845214411
with EDL,1000.0,0.4005005213764338,1.2010521278595973e-12,-1.768679855601352e-11,0.0012010521278595972,-0.01768679855601352,0.060052606392979865,-0.8843399278006759
with EDL,1000.0,0.4007507820646507,1.2069595445618179e-12,-1.7600231206122326e-11,0.0012069595445618178,-0.017600231206122325,0.060347977228090884,-0.8800115603061163
with EDL,1000.0,0.4010010427528676,1.2128960170987394e-12,-1.751408755676933e-11,0.0012128960170987395,-0.017514087556769333,0.06064480085493696,-0.8757043778384666
with EDL,1000.0,0.4012513034410845,1.2188616883824984e-12,-1.7428365534168645e-11,0.0012188616883824985,-0.017428365534168645,0.06094308441912491,-0.8714182767084321
with EDL,1000.0,0.4015015641293014,1.2248567020281415e-12,-1.734306307468453e-11,0.0012248567020281414,-0.01734306307468453,0.061242835101407066,-0.8671531537342264
with EDL,1000.0,0.40175182481751825,1.2308812023571008e-12,-1.7258178124781554e-11,0.0012308812023571008,-0.017258178124781556,0.061544060117855036,-0.8629089062390776
with EDL,1000.0,0.4020020855057352,1.2369353344006545e-12,-1.717370864097525e-11,0.0012369353344006545,-0.01717370864097525,0.06184676672003272,-0.8586854320487625
with EDL,1000.0,0.40225234619395206,1.2430192439034227e-12,-1.708965258978292e-11,0.0012430192439034226,-0.01708965258978292,0.062150962195171126,-0.8544826294891459
with EDL,1000.0,0.40250260688216893,1.2491330773268757e-12,-1.7006007947674655e-11,0.0012491330773268757,-0.017006007947674654,0.06245665386634378,-0.8503003973837328
with EDL,1000.0,0.40275286757038586,1.25527698185286e-12,-1.692277270102462e-11,0.00125527698185286,-0.01692277270102462,0.06276384909264299,-0.8461386350512309
with EDL,1000.0,0.40300312825860274,1.2614511053871356e-12,-1.6839944846062668e-11,0.0012614511053871357,-0.016839944846062667,0.06307255526935678,-0.8419972423031333
with EDL,1000.0,0.4032533889468196,1.2676555965629514e-12,-1.6757522388825943e-11,0.0012676555965629515,-0.016757522388825944,0.06338277982814756,-0.8378761194412971
with EDL,1000.0,0.40350364963503654,1.2738906047446065e-12,-1.6675503345110976e-11,0.0012738906047446066,-0.016675503345110976,0.06369453023723032,-0.8337751672555487
with EDL,1000.0,0.4037539103232534,1.280156280031058e-12,-1.6593885740425973e-11,0.001280156280031058,-0.016593885740425973,0.06400781400155289,-0.8296942870212985
with EDL,1000.0,0.4040041710114703,1.2864527732595292e-12,-1.6512667609943136e-11,0.0012864527732595293,-0.016512667609943136,0.06432263866297645,-0.8256333804971567
with EDL,1000.0,0.4042544316996872,1.2927802360091412e-12,-1.6431846998451442e-11,0.0012927802360091412,-0.016431846998451443,0.06463901180045706,-0.821592349922572
with EDL,1000.0,0.4045046923879041,1.299138820604558e-12,-1.6351421960309623e-11,0.001299138820604558,-0.01635142196030962,0.0649569410302279,-0.8175710980154811
with EDL,1000.0,0.40475495307612097,1.305528680119664e-12,-1.6271390559399288e-11,0.001305528680119664,-0.016271390559399287,0.0652764340059832,-0.8135695279699643
with EDL,1000.0,0.40500521376433785,1.3119499683812407e-12,-1.619175086907823e-11,0.0013119499683812406,-0.01619175086907823,0.06559749841906203,-0.8095875434539115
with EDL,1000.0,0.4052554744525548,1.3184028399726736e-12,-1.6112500972134168e-11,0.0013184028399726736,-0.016112500972134167,0.06592014199863368,-0.8056250486067082
with EDL,1000.0,0.40550573514077165,1.324887450237666e-12,-1.6033638960738517e-11,0.001324887450237666,-0.016033638960738516,0.0662443725118833,-0.8016819480369257
with EDL,1000.0,0.4057559958289885,1.3314039552839906e-12,-1.5955162936400498e-11,0.0013314039552839907,-0.015955162936400497,0.06657019776419952,-0.7977581468200248
with EDL,1000.0,0.40600625651720545,1.3379525119872421e-12,-1.5877071009921398e-11,0.0013379525119872422,-0.015877071009921397,0.0668976255993621,-0.7938535504960698
with EDL,1000.0,0.40625651720542233,1.3445332779946067e-12,-1.5799361301349186e-11,0.0013445332779946067,-0.015799361301349187,0.06722666389973032,-0.7899680650674592
with EDL,1000.0,0.4065067778936392,1.3511464117286693e-12,-1.572203193993311e-11,0.0013511464117286693,-0.015722031939933108,0.06755732058643346,-0.7861015969966554
with EDL,1000.0,0.40675703858185613,1.3577920723912224e-12,-1.5645081064078728e-11,0.0013577920723912224,-0.015645081064078727,0.06788960361956112,-0.7822540532039364
with EDL,1000.0,0.407007299270073,1.364470419967095e-12,-1.5568506821303192e-11,0.0013644704199670952,-0.015568506821303191,0.06822352099835474,-0.7784253410651595
with EDL,1000.0,0.4072575599582899,1.3711816152280067e-12,-1.5492307368190466e-11,0.0013711816152280067,-0.015492307368190466,0.06855908076140033,-0.7746153684095233
with EDL,1000.0,0.4075078206465068,1.3779258197364434e-12,-1.541648087034705e-11,0.0013779258197364433,-0.01541648087034705,0.06889629098682216,-0.7708240435173523
with EDL,1000.0,0.4077580813347237,1.3847031958495332e-12,-1.5341025502357884e-11,0.0013847031958495331,-0.015341025502357884,0.06923515979247666,-0.7670512751178941
with EDL,1000.0,0.40800834202294056,1.3915139067229714e-12,-1.526593944774226e-11,0.0013915139067229715,-0.01526593944774226,0.06957569533614856,-0.7632969723871129
with EDL,1000.0,0.4082586027111575,1.3983581163149378e-12,-1.519122089891016e-11,0.0013983581163149379,-0.015191220898910158,0.06991790581574689,-0.7595610449455079
with EDL,1000.0,0.40850886339937437,1.405235989390044e-12,-1.511686805711883e-11,0.001405235989390044,-0.01511686805711883,0.07026179946950219,-0.7558434028559415
with EDL,1000.0,0.40875912408759124,1.412147691523304e-12,-1.504287913242931e-11,0.001412147691523304,-0.015042879132429311,0.0706073845761652,-0.7521439566214655
with EDL,1000.0,0.40900938477580817,1.4190933891041222e-12,-1.4969252343663422e-11,0.0014190933891041221,-0.014969252343663423,0.0709546694552061,-0.7484626171831711
with EDL,1000.0,0.40925964546402505,1.4260732493402835e-12,-1.4895985918360984e-11,0.0014260732493402836,-0.014895985918360983,0.07130366246701417,-0.744799295918049
with EDL,1000.0,0.4095099061522419,1.433087440262001e-12,-1.4823078092736957e-11,0.0014330874402620009,-0.014823078092736957,0.07165437201310004,-0.7411539046368478
with EDL,1000.0,0.40976016684045885,1.4401361307259481e-12,-1.47505271116391e-11,0.0014401361307259481,-0.014750527111639102,0.0720068065362974,-0.737526355581955
with EDL,1000.0,0.4100104275286757,1.4472194904193218e-12,-1.4678331228505766e-11,0.0014472194904193217,-0.014678331228505766,0.07236097452096608,-0.7339165614252883
with EDL,1000.0,0.4102606882168926,1.454337689863935e-12,-1.4606488705323703e-11,0.001454337689863935,-0.014606488705323703,0.07271688449319674,-0.7303244352661851
with EDL,1000.0,0.41051094890510953,1.4614909004203198e-12,-1.4534997812586303e-11,0.0014614909004203199,-0.014534997812586303,0.07307454502101599,-0.726749890629315
with EDL,1000.0,0.4107612095933264,1.4686792942918443e-12,-1.4463856829252035e-11,0.0014686792942918442,-0.014463856829252036,0.07343396471459221,-0.7231928414626017
with EDL,1000.0,0.4110114702815433,1.4759030445288692e-12,-1.4393064042702867e-11,0.0014759030445288693,-0.014393064042702868,0.07379515222644345,-0.7196532021351433
with EDL,1000.0,0.4112617309697602,1.4831623250329108e-12,-1.4322617748703132e-11,0.0014831623250329109,-0.014322617748703132,0.07415811625164553,-0.7161308874351565
with EDL,1000.0,0.4115119916579771,1.4904573105608224e-12,-1.4252516251358477e-11,0.0014904573105608224,-0.014252516251358477,0.07452286552804112,-0.7126258125679238
with EDL,1000.0,0.41176225234619396,1.4977881767290078e-12,-1.4182757863075042e-11,0.0014977881767290078,-0.014182757863075043,0.07488940883645039,-0.7091378931537521
with EDL,1000.0,0.4120125130344109,1.5051551000176485e-12,-1.4113340904518778e-11,0.0015051551000176485,-0.014113340904518778,0.07525775500088241,-0.7056670452259388
with EDL,1000.0,0.41226277372262776,1.512558257774941e-12,-1.4044263704575221e-11,0.001512558257774941,-0.01404426370457522,0.07562791288874704,-0.702213185228761
with EDL,1000.0,0.41251303441084464,1.5199978282213831e-12,-1.3975524600308961e-11,0.0015199978282213831,-0.013975524600308962,0.07599989141106915,-0.698776230015448
with EDL,1000.0,0.41276329509906157,1.5274739904540573e-12,-1.3907121936923786e-11,0.0015274739904540572,-0.013907121936923787,0.07637369952270286,-0.6953560968461893
with EDL,1000.0,0.41301355578727844,1.5349869244509322e-12,-1.3839054067722896e-11,0.0015349869244509322,-0.013839054067722897,0.0767493462225466,-0.6919527033861448
with EDL,1000.0,0.4132638164754953,1.5425368110752129e-12,-1.3771319354069115e-11,0.0015425368110752128,-0.013771319354069115,0.07712684055376064,-0.6885659677034557
with EDL,1000.0,0.41351407716371225,1.5501238320796866e-12,-1.3703916165345502e-11,0.0015501238320796867,-0.013703916165345501,0.07750619160398432,-0.685195808267275
with EDL,1000.0,0.4137643378519291,1.5577481701110894e-12,-1.363684287891619e-11,0.0015577481701110894,-0.01363684287891619,0.07788740850555446,-0.6818421439458094
with EDL,1000.0,0.414014598540146,1.5654100087145213e-12,-1.3570097880087161e-11,0.0015654100087145212,-0.01357009788008716,0.07827050043572606,-0.678504894004358
with EDL,1000.0,0.4142648592283629,1.573109532337849e-12,-1.3503679562067484e-11,0.001573109532337849,-0.013503679562067484,0.07865547661689244,-0.6751839781033742
with EDL,1000.0,0.4145151199165798,1.580846926336156e-12,-1.3437586325930603e-11,0.001580846926336156,-0.013437586325930603,0.07904234631680779,-0.6718793162965301
with EDL,1000.0,0.4147653806047967,1.588622376976201e-12,-1.3371816580575841e-11,0.001588622376976201,-0.01337181658057584,0.07943111884881005,-0.668590829028792
with EDL,1000.0,0.4150156412930136,1.5964360714409017e-12,-1.3306368742690087e-11,0.0015964360714409017,-0.013306368742690087,0.07982180357204507,-0.6653184371345042
with EDL,1000.0,0.4152659019812305,1.6042881978338365e-12,-1.3241241236709752e-11,0.0016042881978338365,-0.013241241236709752,0.08021440989169182,-0.6620620618354875
with EDL,1000.0,0.41551616266944735,1.6121789451837866e-12,-1.3176432494782727e-11,0.0016121789451837866,-0.013176432494782727,0.08060894725918932,-0.6588216247391363
with EDL,1000.0,0.4157664233576642,1.6201085034492708e-12,-1.3111940956730709e-11,0.0016201085034492709,-0.01311194095673071,0.08100542517246354,-0.6555970478365354
with EDL,1000.0,0.41601668404588116,1.6280770635231297e-12,-1.3047765070011578e-11,0.0016280770635231298,-0.01304776507001158,0.08140385317615648,-0.6523882535005788
with EDL,1000.0,0.41626694473409803,1.6360848172371155e-12,-1.2983903289682215e-11,0.0016360848172371155,-0.012983903289682215,0.08180424086185577,-0.6491951644841107
with EDL,1000.0,0.4165172054223149,1.6441319573665116e-12,-1.2920354078361031e-11,0.0016441319573665117,-0.012920354078361031,0.08220659786832557,-0.6460177039180515
with EDL,1000.0,0.41676746611053184,1.6522186776347777e-12,-1.2857115906191105e-11,0.0016522186776347777,-0.012857115906191105,0.08261093388173887,-0.6428557953095552
with EDL,1000.0,0.4170177267987487,1.6603451727181972e-12,-1.2794187250803414e-11,0.001660345172718197,-0.012794187250803415,0.08301725863590985,-0.6397093625401706
with EDL,1000.0,0.4172679874869656,1.6685116382505849e-12,-1.2731566597280043e-11,0.0016685116382505849,-0.012731566597280043,0.08342558191252923,-0.6365783298640021
with EDL,1000.0,0.4175182481751825,1.676718270827987e-12,-1.2669252438117812e-11,0.001676718270827987,-0.012669252438117812,0.08383591354139934,-0.6334626219058905
with EDL,1000.0,0.4177685088633994,1.6849652680134118e-12,-1.2607243273191924e-11,0.0016849652680134117,-0.012607243273191923,0.08424826340067058,-0.6303621636595961
with EDL,1000.0,0.41801876955161626,1.6932528283415903e-12,-1.2545537609719958e-11,0.0016932528283415903,-0.012545537609719958,0.0846626414170795,-0.6272768804859978
with EDL,1000.0,0.4182690302398332,1.7015811513237545e-12,-1.2484133962225793e-11,0.0017015811513237545,-0.012484133962225794,0.08507905756618772,-0.6242066981112896
with EDL,1000.0,0.41851929092805007,1.7099504374524345e-12,-1.2423030852503933e-11,0.0017099504374524345,-0.012423030852503934,0.08549752187262172,-0.6211515426251966
with EDL,1000.0,0.41876955161626694,1.7183608882062891e-12,-1.23622268095839e-11,0.001718360888206289,-0.0123622268095839,0.08591804441031445,-0.6181113404791949
with EDL,1000.0,0.4190198123044839,1.7268127060549634e-12,-1.2301720369694807e-11,0.0017268127060549635,-0.012301720369694806,0.08634063530274816,-0.6150860184847403
with EDL,1000.0,0.41927007299270075,1.735306094463953e-12,-1.2241510076230198e-11,0.001735306094463953,-0.012241510076230198,0.08676530472319764,-0.6120755038115099
with EDL,1000.0,0.4195203336809176,1.7438412578995065e-12,-1.2181594479712856e-11,0.0017438412578995065,-0.012181594479712855,0.08719206289497532,-0.6090797239856427
with EDL,1000.0,0.41977059436913455,1.7524184018335492e-12,-1.2121972137759957e-11,0.0017524184018335492,-0.012121972137759956,0.08762092009167745,-0.6060986068879978
with EDL,1000.0,0.4200208550573514,1.7610377327486197e-12,-1.2062641615048485e-11,0.0017610377327486196,-0.012062641615048485,0.08805188663743098,-0.6031320807524242
with EDL,1000.0,0.4202711157455683,1.7696994581428529e-12,-1.2003601483280436e-11,0.0017696994581428529,-0.012003601483280436,0.08848497290714263,-0.6001800741640217
with EDL,1000.0,0.42052137643378523,1.7784037865349736e-12,-1.1944850321148594e-11,0.0017784037865349737,-0.011944850321148594,0.08892018932674867,-0.5972425160574296
with EDL,1000.0,0.4207716371220021,1.7871509274693064e-12,-1.1886386714302252e-11,0.0017871509274693064,-0.011886386714302252,0.08935754637346531,-0.5943193357151125
with EDL,1000.0,0.421021897810219,1.7959410915208328e-12,-1.1828209255313259e-11,0.001795941091520833,-0.01182820925531326,0.08979705457604163,-0.5914104627656629
with EDL,1000.0,0.4212721584984359,1.8047744903002551e-12,-1.1770316543642e-11,0.0018047744903002551,-0.011770316543641999,0.09023872451501275,-0.5885158271820999
with EDL,1000.0,0.4215224191866528,1.8136513364590833e-12,-1.1712707185603763e-11,0.0018136513364590834,-0.011712707185603763,0.09068256682295416,-0.5856353592801881
with EDL,1000.0,0.42177267987486966,1.8225718436947647e-12,-1.1655379794335175e-11,0.0018225718436947647,-0.011655379794335174,0.09112859218473823,-0.5827689897167587
with EDL,1000.0,0.4220229405630866,1.8315362267558285e-12,-1.1598332989760794e-11,0.0018315362267558285,-0.011598332989760795,0.09157681133779141,-0.5799166494880397
with EDL,1000.0,0.42227320125130346,1.8405447014470483e-12,-1.1541565398559966e-11,0.0018405447014470484,-0.011541565398559966,0.0920272350723524,-0.5770782699279983
with EDL,1000.0,0.42252346193952034,1.849597484634644e-12,-1.1485075654133633e-11,0.0018495974846346437,-0.011485075654133634,0.09247987423173218,-0.5742537827066816
with EDL,1000.0,0.42277372262773727,1.8586947942514986e-12,-1.1428862396571508e-11,0.0018586947942514987,-0.011428862396571508,0.09293473971257492,-0.5714431198285753
with EDL,1000.0,0.42302398331595414,1.8678368493023968e-12,-1.1372924272619398e-11,0.0018678368493023967,-0.011372924272619397,0.09339184246511983,-0.5686462136309698
with EDL,1000.0,0.423274244004171,1.8770238698693188e-12,-1.131725993564649e-11,0.0018770238698693187,-0.01131725993564649,0.09385119349346593,-0.5658629967823244
with EDL,1000.0,0.42352450469238795,1.8862560771167203e-12,-1.1261868045613005e-11,0.0018862560771167203,-0.011261868045613004,0.094312803855836,-0.5630934022806502
with EDL,1000.0,0.4237747653806048,1.8955336932968618e-12,-1.1206747269038008e-11,0.0018955336932968618,-0.011206747269038008,0.09477668466484308,-0.5603373634519003
with EDL,1000.0,0.4240250260688217,1.9048569417551603e-12,-1.1151896278967158e-11,0.0019048569417551603,-0.011151896278967158,0.09524284708775801,-0.5575948139483579
with EDL,1000.0,0.4242752867570386,1.914226046935571e-12,-1.1097313754940856e-11,0.001914226046935571,-0.011097313754940856,0.09571130234677855,-0.5548656877470427
with EDL,1000.0,0.4245255474452555,1.9236412343859647e-12,-1.1042998382962477e-11,0.0019236412343859647,-0.011042998382962478,0.09618206171929823,-0.5521499191481238
with EDL,1000.0,0.4247758081334724,1.9331027307635973e-12,-1.0988948855466683e-11,0.0019331027307635973,-0.010988948855466684,0.09665513653817985,-0.5494474427733341
with EDL,1000.0,0.42502606882168925,1.9426107638405387e-12,-1.0935163871287953e-11,0.0019426107638405386,-0.010935163871287953,0.09713053819202692,-0.5467581935643976
with EDL,1000.0,0.4252763295099062,1.9521655625091656e-12,-1.0881642135629259e-11,0.0019521655625091656,-0.010881642135629258,0.09760827812545828,-0.5440821067814628
with EDL,1000.0,0.42552659019812306,1.9617673567876685e-12,-1.0828382360030949e-11,0.0019617673567876685,-0.010828382360030949,0.09808836783938342,-0.5414191180015474
with EDL,1000.0,0.42577685088634,1.9714163778255957e-12,-1.0775383262339634e-11,0.0019714163778255956,-0.010775383262339634,0.09857081889127978,-0.5387691631169816
with EDL,1000.0,0.42602711157455686,1.9811128579093963e-12,-1.0722643566677442e-11,0.0019811128579093965,-0.010722643566677442,0.09905564289546981,-0.5361321783338721
with EDL,1000.0,0.42627737226277373,1.990857030468048e-12,-1.0670162003411175e-11,0.001990857030468048,-0.010670162003411175,0.09954285152340239,-0.5335081001705587
with EDL,1000.0,0.4265276329509906,2.000649130078644e-12,-1.0617937309121823e-11,0.002000649130078644,-0.010617937309121823,0.1000324565039322,-0.530896865456091
with EDL,1000.0,0.42677789363920754,2.01048939247206e-12,-1.056596822657414e-11,0.0020104893924720603,-0.01056596822657414,0.100524469623603,-0.5282984113287069
with EDL,1000.0,0.4270281543274244,2.0203780545386197e-12,-1.0514253504686378e-11,0.0020203780545386195,-0.010514253504686377,0.10101890272693098,-0.5257126752343189
with EDL,1000.0,0.4272784150156413,2.0303153543338003e-12,-1.046279189850014e-11,0.0020303153543338,-0.01046279189850014,0.10151576771669,-0.523139594925007
with EDL,1000.0,0.4275286757038582,2.0403015310839693e-12,-1.0411582169150419e-11,0.0020403015310839693,-0.010411582169150418,0.10201507655419846,-0.5205791084575209
with EDL,1000.0,0.4277789363920751,2.0503368251921197e-12,-1.0360623083835832e-11,0.0020503368251921198,-0.010360623083835832,0.10251684125960597,-0.5180311541917916
with EDL,1000.0,0.42802919708029197,2.0604214782436925e-12,-1.0309913415788856e-11,0.0020604214782436927,-0.010309913415788857,0.10302107391218462,-0.5154956707894428
with EDL,1000.0,0.4282794577685089,2.0705557330123707e-12,-1.0259451944246331e-11,0.002070555733012371,-0.010259451944246331,0.10352778665061853,-0.5129725972123165
with EDL,1000.0,0.42852971845672577,2.080739833465923e-12,-1.0209237454420093e-11,0.0020807398334659233,-0.010209237454420093,0.10403699167329615,-0.5104618727210046
with EDL,1000.0,0.42877997914494265,2.090974024772088e-12,-1.0159268737467722e-11,0.0020909740247720882,-0.010159268737467723,0.1045487012386044,-0.5079634368733861
with EDL,1000.0,0.4290302398331596,2.1012585533044737e-12,-1.0109544590463383e-11,0.002101258553304474,-0.010109544590463383,0.10506292766522367,-0.5054772295231691
with EDL,1000.0,0.42928050052137645,2.1115936666484675e-12,-1.0060063816368982e-11,0.0021115936666484675,-0.010060063816368982,0.10557968333242336,-0.503003190818449
with EDL,1000.0,0.4295307612095933,2.1219796136072325e-12,-1.001082522400523e-11,0.0021219796136072327,-0.01001082522400523,0.10609898068036161,-0.5005412612002614
with EDL,1000.0,0.42978102189781026,2.1324166442076726e-12,-9.961827628023023e-12,0.0021324166442076727,-0.009961827628023024,0.10662083221038361,-0.4980913814011511
with EDL,1000.0,0.43003128258602713,2.142905009706459e-12,-9.913069848874935e-12,0.002142905009706459,-0.009913069848874936,0.10714525048532295,-0.4956534924437467
with EDL,1000.0,0.430281543274244,2.153444962596074e-12,-9.864550712786749e-12,0.002153444962596074,-0.00986455071278675,0.10767224812980368,-0.4932275356393374
with EDL,1000.0,0.43053180396246093,2.1640367566109012e-12,-9.81626905172926e-12,0.0021640367566109014,-0.009816269051729259,0.10820183783054504,-0.4908134525864629
with EDL,1000.0,0.4307820646506778,2.174680646733309e-12,-9.76822370339016e-12,0.002174680646733309,-0.00976822370339016,0.10873403233666544,-0.48841118516950793
with EDL,1000.0,0.4310323253388947,2.185376889199822e-12,-9.720413511145995e-12,0.002185376889199822,-0.009720413511145994,0.10926884445999109,-0.48602067555729966
with EDL,1000.0,0.4312825860271116,2.1961257415072666e-12,-9.672837324034363e-12,0.0021961257415072668,-0.009672837324034364,0.10980628707536332,-0.4836418662017181
with EDL,1000.0,0.4315328467153285,2.206927462418978e-12,-9.625493996726236e-12,0.0022069274624189777,-0.009625493996726235,0.11034637312094887,-0.4812746998363117
with EDL,1000.0,0.43178310740354536,2.217782311971025e-12,-9.578382389498318e-12,0.0022177823119710247,-0.009578382389498317,0.11088911559855123,-0.47891911947491583
with EDL,1000.0,0.4320333680917623,2.228690551478484e-12,-9.531501368205648e-12,0.002228690551478484,-0.009531501368205648,0.11143452757392419,-0.47657506841028235
with EDL,1000.0,0.43228362877997917,2.2396524435416935e-12,-9.484849804254326e-12,0.0022396524435416934,-0.009484849804254326,0.11198262217708466,-0.47424249021271625
with EDL,1000.0,0.43253388946819604,2.250668252052623e-12,-9.438426574574293e-12,0.002250668252052623,-0.009438426574574294,0.11253341260263115,-0.4719213287287146
with EDL,1000.0,0.432784150156413,2.2617382422011996e-12,-9.392230561592291e-12,0.0022617382422011998,-0.009392230561592291,0.11308691211005997,-0.4696115280796145
with EDL,1000.0,0.43303441084462985,2.2728626804816932e-12,-9.346260653205015e-12,0.002272862680481693,-0.009346260653205015,0.11364313402408466,-0.4673130326602507
with EDL,1000.0,0.4332846715328467,2.284041834699137e-12,-9.300515742752287e-12,0.0022840418346991367,-0.009300515742752287,0.11420209173495682,-0.4650257871376143
with EDL,1000.0,0.43353493222106365,2.295275973975776e-12,-9.254994728990417e-12,0.0022952759739757757,-0.009254994728990417,0.11476379869878878,-0.46274973644952083
with EDL,1000.0,0.4337851929092805,2.306565368757529e-12,-9.209696516065769e-12,0.002306565368757529,-0.00920969651606577,0.11532826843787644,-0.4604848258032884
with EDL,1000.0,0.4340354535974974,2.317910290820524e-12,-9.164620013488263e-12,0.0023179102908205238,-0.009164620013488263,0.11589551454102617,-0.4582310006744131
with EDL,1000.0,0.4342857142857143,2.3293110132776274e-12,-9.11976413610519e-12,0.0023293110132776274,-0.00911976413610519,0.11646555066388137,-0.45598820680525953
with EDL,1000.0,0.4345359749739312,2.3407678105850222e-12,-9.075127804075102e-12,0.0023407678105850224,-0.009075127804075102,0.1170383905292511,-0.453756390203755
with EDL,1000.0,0.4347862356621481,2.3522809585488093e-12,-9.030709942841782e-12,0.0023522809585488093,-0.009030709942841782,0.11761404792744046,-0.45153549714208907
with EDL,1000.0,0.435036496350365,2.363850734331662e-12,-8.986509483108365e-12,0.0023638507343316617,-0.008986509483108366,0.11819253671658307,-0.4493254741554182
with EDL,1000.0,0.4352867570385819,2.375477416459466e-12,-8.942525360811667e-12,0.002375477416459466,-0.008942525360811667,0.11877387082297329,-0.4471262680405833
with EDL,1000.0,0.43553701772679876,2.387161284828067e-12,-8.898756517096472e-12,0.002387161284828067,-0.008898756517096472,0.11935806424140334,-0.44493782585482355
with EDL,1000.0,0.43578727841501563,2.398902620709983e-12,-8.855201898290113e-12,0.002398902620709983,-0.008855201898290112,0.11994513103549914,-0.4427600949145056
with EDL,1000.0,0.43603753910323256,2.4107017067611748e-12,-8.811860455877061e-12,0.0024107017067611747,-0.008811860455877061,0.12053508533805872,-0.440593022793853
with EDL,1000.0,0.43628779979144944,2.422558827027862e-12,-8.768731146473753e-12,0.002422558827027862,-0.008768731146473753,0.12112794135139308,-0.43843655732368764
with EDL,1000.0,0.43653806047966637,2.43447426695336e-12,-8.725812931803366e-12,0.0024344742669533603,-0.008725812931803367,0.12172371334766799,-0.43629064659016825
with EDL,1000.0,0.43678832116788324,2.4464483133849295e-12,-8.683104778670943e-12,0.0024464483133849295,-0.008683104778670942,0.12232241566924647,-0.4341552389335471
with EDL,1000.0,0.4370385818561001,2.458481254580716e-12,-8.640605658938418e-12,0.002458481254580716,-0.008640605658938419,0.12292406272903578,-0.4320302829469208
with EDL,1000.0,0.437288842544317,2.470573380216668e-12,-8.598314549499912e-12,0.002470573380216668,-0.008598314549499912,0.12352866901083337,-0.42991572747499557
with EDL,1000.0,0.4375391032325339,2.4827249813935142e-12,-8.556230432257101e-12,0.002482724981393514,-0.008556230432257101,0.1241362490696757,-0.427811521612855
with EDL,1000.0,0.4377893639207508,2.4949363506437757e-12,-8.514352294094724e-12,0.002494936350643776,-0.008514352294094724,0.12474681753218878,-0.4257176147047362
with EDL,1000.0,0.43803962460896767,2.5072077819387982e-12,-8.47267912685613e-12,0.002507207781938798,-0.00847267912685613,0.1253603890969399,-0.4236339563428065
with EDL,1000.0,0.4382898852971846,2.5195395706958482e-12,-8.431209927319106e-12,0.002519539570695848,-0.008431209927319105,0.1259769785347924,-0.4215604963659552
with EDL,1000.0,0.4385401459854015,2.5319320137851907e-12,-8.38994369717164e-12,0.0025319320137851906,-0.00838994369717164,0.12659660068925951,-0.4194971848585819
with EDL,1000.0,0.43879040667361835,2.5443854095372765e-12,-8.348879442987912e-12,0.0025443854095372766,-0.008348879442987912,0.12721927047686382,-0.4174439721493956
with EDL,1000.0,0.4390406673618353,2.5569000577499006e-12,-8.308016176204399e-12,0.0025569000577499008,-0.008308016176204398,0.127845002887495,-0.4154008088102199
with EDL,1000.0,0.43929092805005215,2.569476259695421e-12,-8.26735291309607e-12,0.002569476259695421,-0.00826735291309607,0.12847381298477104,-0.41336764565480344
with EDL,1000.0,0.43954118873826903,2.5821143181280168e-12,-8.226888674752678e-12,0.002582114318128017,-0.008226888674752677,0.12910571590640083,-0.41134443373763385
with EDL,1000.0,0.43979144942648596,2.5948145372909815e-12,-8.186622487055231e-12,0.0025948145372909816,-0.00818662248705523,0.12974072686454907,-0.40933112435276153
with EDL,1000.0,0.44004171011470283,2.6075772229240143e-12,-8.146553380652526e-12,0.002607577222924014,-0.008146553380652526,0.1303788611462007,-0.40732766903262624
with EDL,1000.0,0.4402919708029197,2.6204026822706308e-12,-8.106680390937806e-12,0.0026204026822706306,-0.008106680390937806,0.13102013411353153,-0.40533401954689025
with EDL,1000.0,0.44054223149113664,2.633291224085527e-12,-8.067002558025533e-12,0.002633291224085527,-0.008067002558025534,0.13166456120427633,-0.4033501279012766
with EDL,1000.0,0.4407924921793535,2.6462431586420184e-12,-8.027518926728318e-12,0.0026462431586420183,-0.008027518926728318,0.1323121579321009,-0.4013759463364159
with EDL,1000.0,0.4410427528675704,2.6592587977395123e-12,-7.988228546533869e-12,0.0026592587977395123,-0.007988228546533869,0.1329629398869756,-0.3994114273266934
with EDL,1000.0,0.4412930135557873,2.6723384547110188e-12,-7.949130471582164e-12,0.0026723384547110186,-0.007949130471582164,0.13361692273555092,-0.39745652357910816
with EDL,1000.0,0.4415432742440042,2.685482444430667e-12,-7.910223760642651e-12,0.002685482444430667,-0.00791022376064265,0.13427412222153334,-0.39551118803213253
with EDL,1000.0,0.44179353493222107,2.698691083321321e-12,-7.871507477091579e-12,0.002698691083321321,-0.00787150747709158,0.13493455416606603,-0.3935753738545789
with EDL,1000.0,0.442043795620438,2.7119646893621814e-12,-7.832980688889483e-12,0.0027119646893621814,-0.007832980688889483,0.13559823446810906,-0.39164903444447413
with EDL,1000.0,0.44229405630865487,2.725303582096438e-12,-7.794642468558732e-12,0.002725303582096438,-0.007794642468558732,0.1362651791048219,-0.38973212342793656
with EDL,1000.0,0.44254431699687174,2.738708082638965e-12,-7.756491893161173e-12,0.002738708082638965,-0.0077564918931611725,0.13693540413194824,-0.38782459465805863
with EDL,1000.0,0.4427945776850887,2.752178513684059e-12,-7.718528044275965e-12,0.002752178513684059,-0.007718528044275965,0.13760892568420294,-0.38592640221379826
with EDL,1000.0,0.44304483837330555,2.7657151995131765e-12,-7.680750007977438e-12,0.0027657151995131766,-0.007680750007977437,0.1382857599756588,-0.38403750039887186
with EDL,1000.0,0.4432950990615224,2.779318466002788e-12,-7.643156874813081e-12,0.002779318466002788,-0.007643156874813081,0.13896592330013938,-0.38215784374065404
with EDL,1000.0,0.44354535974973935,2.7929886406321907e-12,-7.605747739781666e-12,0.0027929886406321907,-0.007605747739781666,0.1396494320316095,-0.38028738698908326
with EDL,1000.0,0.44379562043795623,2.806726052491396e-12,-7.568521702311463e-12,0.002806726052491396,-0.007568521702311463,0.14033630262456978,-0.37842608511557313
with EDL,1000.0,0.4440458811261731,2.820531032289061e-12,-7.531477866238579e-12,0.002820531032289061,-0.007531477866238578,0.14102655161445304,-0.3765738933119289
with EDL,1000.0,0.44429614181439003,2.834403912360451e-12,-7.494615339785316e-12,0.002834403912360451,-0.007494615339785316,0.14172019561802254,-0.3747307669892658
with EDL,1000.0,0.4445464025026069,2.848345026675411e-12,-7.457933235538784e-12,0.002848345026675411,-0.007457933235538785,0.14241725133377053,-0.3728966617769392
with EDL,1000.0,0.4447966631908238,2.8623547108464507e-12,-7.42143067042948e-12,0.002862354710846451,-0.00742143067042948,0.14311773554232252,-0.37107153352147393
with EDL,1000.0,0.44504692387904066,2.8764333021367945e-12,-7.385106765710052e-12,0.0028764333021367946,-0.0073851067657100524,0.14382166510683972,-0.3692553382855026
with EDL,1000.0,0.4452971845672576,2.8905811394685075e-12,-7.348960646934142e-12,0.0028905811394685076,-0.007348960646934142,0.14452905697342536,-0.3674480323467071
with EDL,1000.0,0.44554744525547446,2.9047985634306576e-12,-7.312991443935364e-12,0.0029047985634306577,-0.007312991443935364,0.14523992817153286,-0.36564957219676814
with EDL,1000.0,0.4457977059436914,2.9190859162875113e-12,-7.277198290806276e-12,0.0029190859162875112,-0.007277198290806276,0.14595429581437555,-0.3638599145403138
with EDL,1000.0,0.44604796663190827,2.9334435419867586e-12,-7.241580325877648e-12,0.0029334435419867584,-0.007241580325877648,0.1466721770993379,-0.36207901629388234
with EDL,1000.0,0.44629822732012514,2.947871786167829e-12,-7.2061366916976055e-12,0.002947871786167829,-0.007206136691697606,0.14739358930839144,-0.3603068345848802
with EDL,1000.0,0.446548488008342,2.9623709961701843e-12,-7.17086653501106e-12,0.0029623709961701843,-0.0071708665350110595,0.1481185498085092,-0.35854332675055295
with EDL,1000.0,0.44679874869655894,2.976941521041686e-12,-7.135769006739133e-12,0.0029769415210416862,-0.007135769006739133,0.14884707605208428,-0.3567884503369566
with EDL,1000.0,0.4470490093847758,2.9915837115470017e-12,-7.100843261958763e-12,0.002991583711547002,-0.007100843261958763,0.14957918557735006,-0.3550421630979381
with EDL,1000.0,0.44729927007299275,3.0062979201760558e-12,-7.066088459882295e-12,0.003006297920176056,-0.0070660884598822945,0.15031489600880277,-0.3533044229941147
with EDL,1000.0,0.4475495307612096,3.0210845011524763e-12,-7.031503763837294e-12,0.003021084501152476,-0.007031503763837294,0.1510542250576238,-0.3515751881918647
with EDL,1000.0,0.4477997914494265,3.0359438104421833e-12,-6.997088341246393e-12,0.003035943810442183,-0.006997088341246393,0.15179719052210916,-0.3498544170623196
with EDL,1000.0,0.4480500521376434,3.050876205761918e-12,-6.962841363607224e-12,0.003050876205761918,-0.006962841363607224,0.15254381028809588,-0.3481420681803612
with EDL,1000.0,0.4483003128258603,3.065882046587864e-12,-6.928762006472491e-12,0.003065882046587864,-0.006928762006472492,0.1532941023293932,-0.34643810032362454
with EDL,1000.0,0.4485505735140772,3.080961694164299e-12,-6.8948494494301545e-12,0.003080961694164299,-0.006894849449430154,0.15404808470821493,-0.3447424724715077
with EDL,1000.0,0.44880083420229405,3.096115511512298e-12,-6.861102876083618e-12,0.003096115511512298,-0.006861102876083618,0.1548057755756149,-0.3430551438041809
with EDL,1000.0,0.449051094890511,3.1113438634384652e-12,-6.827521474032111e-12,0.003111343863438465,-0.006827521474032111,0.15556719317192325,-0.3413760737016055
with EDL,1000.0,0.44930135557872786,3.1266471165437118e-12,-6.7941044348511436e-12,0.003126647116543712,-0.006794104434851143,0.15633235582718558,-0.33970522174255713
with EDL,1000.0,0.44955161626694473,3.1420256392320944e-12,-6.760850954073006e-12,0.0031420256392320945,-0.006760850954073006,0.1571012819616047,-0.3380425477036503
with EDL,1000.0,0.44980187695516166,3.1574798017196805e-12,-6.727760231167436e-12,0.0031574798017196806,-0.006727760231167436,0.15787399008598402,-0.3363880115583718
with EDL,1000.0,0.45005213764337854,3.1730099760434573e-12,-6.694831469522356e-12,0.003173009976043457,-0.006694831469522356,0.15865049880217286,-0.33474157347611777
with EDL,1000.0,0.4503023983315954,3.188616536070288e-12,-6.66206387642464e-12,0.003188616536070288,-0.0066620638764246405,0.1594308268035144,-0.333103193821232
with EDL,1000.0,0.45055265901981234,3.2042998575059135e-12,-6.629456663041076e-12,0.0032042998575059134,-0.006629456663041077,0.16021499287529567,-0.3314728331520538
with EDL,1000.0,0.4508029197080292,3.2200603179039868e-12,-6.597009044399383e-12,0.003220060317903987,-0.006597009044399383,0.16100301589519933,-0.3298504522199691
with EDL,1000.0,0.4510531803962461,3.2358982966751845e-12,-6.564720239369276e-12,0.0032358982966751845,-0.006564720239369277,0.1617949148337592,-0.3282360119684638
with EDL,1000.0,0.451303441084463,3.251814175096328e-12,-6.53258947064368e-12,0.0032518141750963276,-0.00653258947064368,0.16259070875481638,-0.32662947353218397
with EDL,1000.0,0.4515537017726799,3.26780833631955e-12,-6.5006159647200444e-12,0.00326780833631955,-0.006500615964720045,0.1633904168159775,-0.32503079823600217
with EDL,1000.0,0.45180396246089677,3.2838811653815453e-12,-6.468798951881682e-12,0.0032838811653815455,-0.0064687989518816815,0.16419405826907724,-0.32343994759408407
with EDL,1000.0,0.4520542231491137,3.3000330492128154e-12,-6.437137666179243e-12,0.0033000330492128156,-0.006437137666179243,0.16500165246064075,-0.3218568833089621
with EDL,1000.0,0.4523044838373306,3.3162643766469872e-12,-6.405631345412308e-12,0.0033162643766469872,-0.006405631345412308,0.16581321883234934,-0.32028156727061535
with EDL,1000.0,0.45255474452554745,3.3325755384301947e-12,-6.3742792311110025e-12,0.0033325755384301945,-0.006374279231111003,0.1666287769215097,-0.3187139615555501
with EDL,1000.0,0.4528050052137644,3.3489669272304597e-12,-6.3430805685177454e-12,0.0033489669272304596,-0.006343080568517745,0.16744834636152298,-0.31715402842588725
with EDL,1000.0,0.45305526590198125,3.365438937647167e-12,-6.3120346065691255e-12,0.003365438937647167,-0.006312034606569126,0.16827194688235833,-0.31560173032845623
with EDL,1000.0,0.4533055265901981,3.381991966220531e-12,-6.281140597877739e-12,0.003381991966220531,-0.006281140597877739,0.16909959831102653,-0.3140570298938869
with EDL,1000.0,0.45355578727841506,3.398626411441187e-12,-6.250397798714263e-12,0.003398626411441187,-0.006250397798714263,0.16993132057205934,-0.3125198899357131
with EDL,1000.0,0.45380604796663193,3.4153426737597378e-12,-6.219805468989534e-12,0.0034153426737597377,-0.006219805468989534,0.17076713368798688,-0.31099027344947666
with EDL,1000.0,0.4540563086548488,3.432141155596433e-12,-6.189362872236708e-12,0.003432141155596433,-0.006189362872236708,0.17160705777982163,-0.30946814361183533
with EDL,1000.0,0.45430656934306574,3.4490222613508356e-12,-6.159069275593549e-12,0.0034490222613508354,-0.006159069275593549,0.17245111306754177,-0.3079534637796774
with EDL,1000.0,0.4545568300312826,3.465986397411564e-12,-6.128923949784818e-12,0.003465986397411564,-0.006128923949784818,0.17329931987057817,-0.3064461974892409
with EDL,1000.0,0.4548070907194995,3.483033972166063e-12,-6.098926169104655e-12,0.003483033972166063,-0.006098926169104655,0.17415169860830312,-0.3049463084552327
with EDL,1000.0,0.4550573514077164,3.5001653960104665e-12,-6.0690752113991384e-12,0.0035001653960104666,-0.006069075211399139,0.1750082698005233,-0.3034537605699569
with EDL,1000.0,0.4553076120959333,3.517381081359423e-12,-6.039370358048918e-12,0.003517381081359423,-0.006039370358048918,0.17586905406797113,-0.3019685179024459
with EDL,1000.0,0.45555787278415016,3.5346814426560854e-12,-6.009810893951897e-12,0.0035346814426560854,-0.006009810893951897,0.17673407213280426,-0.30049054469759484
with EDL,1000.0,0.45580813347236704,3.5520668963820506e-12,-5.980396107506006e-12,0.0035520668963820506,-0.005980396107506006,0.1776033448191025,-0.29901980537530026
with EDL,1000.0,0.45605839416058397,3.5695378610673964e-12,-5.951125290592078e-12,0.0035695378610673964,-0.005951125290592078,0.1784768930533698,-0.2975562645296039
with EDL,1000.0,0.45630865484880084,3.5870947573007475e-12,-5.921997738556842e-12,0.0035870947573007476,-0.005921997738556842,0.17935473786503736,-0.29609988692784206
with EDL,1000.0,0.4565589155370178,3.6047380077394244e-12,-5.893012750195887e-12,0.0036047380077394242,-0.005893012750195887,0.1802369003869712,-0.2946506375097943
with EDL,1000.0,0.45680917622523465,3.6224680371195794e-12,-5.864169627736848e-12,0.0036224680371195793,-0.0058641696277368476,0.18112340185597894,-0.29320848138684236
with EDL,1000.0,0.4570594369134515,3.640285272266466e-12,-5.835467676822559e-12,0.003640285272266466,-0.0058354676768225585,0.1820142636133233,-0.2917733838411279
with EDL,1000.0,0.4573096976016684,3.658190142104678e-12,-5.8069062064943636e-12,0.0036581901421046783,-0.005806906206494364,0.18290950710523388,-0.29034531032471816
with EDL,1000.0,0.4575599582898853,3.676183077668501e-12,-5.7784845291754785e-12,0.003676183077668501,-0.005778484529175478,0.18380915388342503,-0.2889242264587739
with EDL,1000.0,0.4578102189781022,3.694264512112267e-12,-5.750201960654456e-12,0.003694264512112267,-0.005750201960654456,0.18471322560561332,-0.28751009803272276
with EDL,1000.0,0.45806047966631913,3.712434880720806e-12,-5.7220578200686605e-12,0.0037124348807208063,-0.0057220578200686606,0.1856217440360403,-0.286102891003433
with EDL,1000.0,0.458310740354536,3.730694620919891e-12,-5.694051429887939e-12,0.003730694620919891,-0.005694051429887939,0.18653473104599455,-0.2847025714943969
with EDL,1000.0,0.4585610010427529,3.7490441722868096e-12,-5.6661821158982704e-12,0.0037490441722868094,-0.005666182115898271,0.18745220861434045,-0.2833091057949135
with EDL,1000.0,0.45881126173096975,3.7674839765609176e-12,-5.63844920718555e-12,0.0037674839765609175,-0.00563844920718555,0.18837419882804587,-0.2819224603592775
with EDL,1000.0,0.4590615224191867,3.78601447765428e-12,-5.610852036119424e-12,0.00378601447765428,-0.005610852036119425,0.189300723882714,-0.2805426018059712
with EDL,1000.0,0.45931178310740356,3.804636121662355e-12,-5.583389938337272e-12,0.0038046361216623552,-0.005583389938337272,0.19023180608311774,-0.27916949691686355
with EDL,1000.0,0.45956204379562043,3.823349356874746e-12,-5.556062252728127e-12,0.0038233493568747457,-0.005556062252728127,0.19116746784373725,-0.27780311263640634
with EDL,1000.0,0.45981230448383736,3.842154633785985e-12,-5.528868321416814e-12,0.003842154633785985,-0.0055288683214168135,0.19210773168929923,-0.27644341607084066
with EDL,1000.0,0.46006256517205424,3.861052405106359e-12,-5.501807489748117e-12,0.003861052405106359,-0.005501807489748117,0.19305262025531794,-0.2750903744874058
with EDL,1000.0,0.4603128258602711,3.880043125772848e-12,-5.474879106270991e-12,0.003880043125772848,-0.0054748791062709905,0.19400215628864237,-0.2737439553135495
with EDL,1000.0,0.46056308654848804,3.8991272529600474e-12,-5.448082522722887e-12,0.0038991272529600475,-0.005448082522722887,0.19495636264800234,-0.2724041261361443
with EDL,1000.0,0.4608133472367049,3.91830524609118e-12,-5.4214170940141775e-12,0.00391830524609118,-0.005421417094014177,0.19591526230455897,-0.27107085470070885
with EDL,1000.0,0.4610636079249218,3.9375775668491526e-12,-5.394882178212576e-12,0.003937577566849153,-0.005394882178212576,0.1968788783424576,-0.2697441089106288
with EDL,1000.0,0.4613138686131387,3.956944679187693e-12,-5.368477136527721e-12,0.003956944679187693,-0.005368477136527721,0.19784723395938464,-0.26842385682638603
with EDL,1000.0,0.4615641293013556,3.9764070493424786e-12,-5.342201333295787e-12,0.003976407049342478,-0.005342201333295786,0.1988203524671239,-0.2671100666647893
with EDL,1000.0,0.46181438998957247,3.995965145842401e-12,-5.316054135964171e-12,0.0039959651458424,-0.005316054135964171,0.19979825729212003,-0.2658027067982085
with EDL,1000.0,0.4620646506777894,4.015619439520818e-12,-5.290034915076271e-12,0.004015619439520818,-0.005290034915076271,0.20078097197604086,-0.2645017457538135
with EDL,1000.0,0.4623149113660063,4.035370403526902e-12,-5.264143044256363e-12,0.004035370403526902,-0.005264143044256363,0.20176852017634508,-0.2632071522128181
with EDL,1000.0,0.46256517205422315,4.055218513337026e-12,-5.238377900194466e-12,0.004055218513337026,-0.005238377900194466,0.20276092566685128,-0.26191889500972326
with EDL,1000.0,0.4628154327424401,4.075164246766219e-12,-5.212738862631373e-12,0.004075164246766219,-0.005212738862631372,0.20375821233831093,-0.2606369431315686
with EDL,1000.0,0.46306569343065695,4.095208083979629e-12,-5.1872253143437145e-12,0.004095208083979629,-0.005187225314343714,0.20476040419898145,-0.2593612657171857
with EDL,1000.0,0.46331595411887383,4.115350507504148e-12,-5.161836641129105e-12,0.004115350507504148,-0.005161836641129105,0.2057675253752074,-0.25809183205645525
with EDL,1000.0,0.4635662148070907,4.1355920022399725e-12,-5.1365722317913304e-12,0.0041355920022399725,-0.005136572231791331,0.2067796001119986,-0.2568286115895665
with EDL,1000.0,0.46381647549530763,4.155933055472307e-12,-5.111431478125667e-12,0.004155933055472307,-0.005111431478125667,0.20779665277361534,-0.2555715739062833
with EDL,1000.0,0.4640667361835245,4.1763741568830824e-12,-5.086413774904225e-12,0.004176374156883082,-0.0050864137749042256,0.2088187078441541,-0.25432068874521124
with EDL,1000.0,0.46431699687174144,4.1969157985627566e-12,-5.0615185198613674e-12,0.004196915798562757,-0.005061518519861368,0.2098457899281378,-0.25307592599306833
with EDL,1000.0,0.4645672575599583,4.217558475022129e-12,-5.036745113679239e-12,0.004217558475022129,-0.005036745113679238,0.21087792375110642,-0.2518372556839619
with EDL,1000.0,0.4648175182481752,4.238302683204285e-12,-5.0120929599733025e-12,0.004238302683204285,-0.005012092959973302,0.2119151341602142,-0.2506046479986651
with EDL,1000.0,0.46506777893639206,4.259148922496534e-12,-4.9875614652780306e-12,0.004259148922496534,-0.00498756146527803,0.21295744612482664,-0.2493780732639015
with EDL,1000.0,0.465318039624609,4.280097694742446e-12,-4.9631500390325584e-12,0.004280097694742446,-0.004963150039032559,0.2140048847371223,-0.2481575019516279
with EDL,1000.0,0.46556830031282587,4.3011495042539235e-12,-4.938858093566524e-12,0.004301149504253923,-0.004938858093566524,0.21505747521269616,-0.24694290467832616
with EDL,1000.0,0.4658185610010428,4.322304857823353e-12,-4.9146850440858726e-12,0.004322304857823353,-0.004914685044085872,0.21611524289116765,-0.24573425220429362
with EDL,1000.0,0.46606882168925967,4.343564264735772e-12,-4.8906303086588256e-12,0.004343564264735772,-0.004890630308658826,0.21717821323678857,-0.24453151543294124
with EDL,1000.0,0.46631908237747655,4.364928236781181e-12,-4.866693308201821e-12,0.004364928236781181,-0.004866693308201822,0.21824641183905905,-0.24333466541009105
with EDL,1000.0,0.4665693430656934,4.386397288266824e-12,-4.8428734664656245e-12,0.004386397288266825,-0.004842873466465625,0.2193198644133412,-0.2421436733232812
with EDL,1000.0,0.46681960375391035,4.407971936029582e-12,-4.819170210021404e-12,0.004407971936029581,-0.004819170210021404,0.22039859680147905,-0.24095851050107017
with EDL,1000.0,0.4670698644421272,4.4296526994484226e-12,-4.795582968246985e-12,0.004429652699448423,-0.004795582968246985,0.2214826349724211,-0.23977914841234924
with EDL,1000.0,0.46732012513034416,4.451440100456903e-12,-4.7721111733130506e-12,0.004451440100456903,-0.00477211117331305,0.22257200502284513,-0.2386055586656525
with EDL,1000.0,0.46757038581856103,4.473334663555705e-12,-4.748754260169523e-12,0.004473334663555705,-0.004748754260169523,0.22366673317778524,-0.2374377130084761
with EDL,1000.0,0.4678206465067779,4.495336915825311e-12,-4.725511666531926e-12,0.004495336915825311,-0.004725511666531926,0.22476684579126555,-0.23627558332659626
with EDL,1000.0,0.4680709071949948,4.51744738693865e-12,-4.702382832867876e-12,0.00451744738693865,-0.004702382832867876,0.22587236934693247,-0.23511914164339376
with EDL,1000.0,0.4683211678832117,4.539666609173876e-12,-4.679367202383585e-12,0.004539666609173876,-0.004679367202383585,0.22698333045869376,-0.2339683601191792
with EDL,1000.0,0.4685714285714286,4.56199511742717e-12,-4.656464221010487e-12,0.0045619951174271705,-0.004656464221010487,0.22809975587135847,-0.2328232110505243
with EDL,1000.0,0.4688216892596455,4.584433449225618e-12,-4.6336733373918606e-12,0.004584433449225618,-0.004633673337391861,0.2292216724612809,-0.23168366686959302
with EDL,1000.0,0.4690719499478624,4.606982144740139e-12,-4.61099400286961e-12,0.004606982144740139,-0.00461099400286961,0.2303491072370069,-0.23054970014348047
with EDL,1000.0,0.46932221063607926,4.629641746798522e-12,-4.588425671470993e-12,0.004629641746798522,-0.004588425671470993,0.2314820873399261,-0.22942128357354963
with EDL,1000.0,0.46957247132429614,4.652412800898458e-12,-4.565967799895535e-12,0.004652412800898458,-0.004565967799895535,0.23262064004492286,-0.22829838999477672
with EDL,1000.0,0.46982273201251307,4.675295855220696e-12,-4.543619847501902e-12,0.004675295855220696,-0.004543619847501902,0.23376479276103476,-0.2271809923750951
with EDL,1000.0,0.47007299270072994,4.6982914606422285e-12,-4.5213812762949304e-12,0.004698291460642229,-0.00452138127629493,0.2349145730321114,-0.22606906381474648
with EDL,1000.0,0.47032325338894687,4.7214001707495685e-12,-4.499251550912634e-12,0.004721400170749569,-0.004499251550912634,0.23607000853747842,-0.22496257754563165
with EDL,1000.0,0.47057351407716375,4.74462254185203e-12,-4.477230138613346e-12,0.00474462254185203,-0.004477230138613346,0.2372311270926015,-0.22386150693066725
with EDL,1000.0,0.4708237747653806,4.7679591329951785e-12,-4.455316509262881e-12,0.004767959132995179,-0.004455316509262881,0.2383979566497589,-0.22276582546314402
with EDL,1000.0,0.4710740354535975,4.791410505974264e-12,-4.4335101353217784e-12,0.004791410505974264,-0.004433510135321779,0.23957052529871317,-0.2216755067660889
with EDL,1000.0,0.4713242961418144,4.814977225347742e-12,-4.411810491832588e-12,0.004814977225347742,-0.004411810491832588,0.24074886126738707,-0.2205905245916294
with EDL,1000.0,0.4715745568300313,4.8386598584508695e-12,-4.3902170564072576e-12,0.00483865985845087,-0.004390217056407257,0.24193299292254344,-0.21951085282036287
with EDL,1000.0,0.4718248175182482,4.862458975409361e-12,-4.368729309214531e-12,0.004862458975409361,-0.004368729309214532,0.243122948770468,-0.21843646546072654
with EDL,1000.0,0.4720750782064651,4.886375149153126e-12,-4.347346732967448e-12,0.004886375149153127,-0.004347346732967448,0.24431875745765627,-0.21736733664837238
with EDL,1000.0,0.472325338894682,4.9104089554300175e-12,-4.326068812910896e-12,0.004910408955430018,-0.004326068812910896,0.24552044777150087,-0.21630344064554477
with EDL,1000.0,0.47257559958289885,4.9345609728197495e-12,-4.304895036809206e-12,0.004934560972819749,-0.004304895036809206,0.24672804864098746,-0.2152447518404603
with EDL,1000.0,0.4728258602711158,4.958831782747799e-12,-4.28382489493383e-12,0.004958831782747799,-0.0042838248949338305,0.24794158913738992,-0.21419124474669152
with EDL,1000.0,0.47307612095933266,4.983221969499401e-12,-4.26285788005107e-12,0.004983221969499401,-0.0042628578800510694,0.24916109847497003,-0.21314289400255346
with EDL,1000.0,0.47332638164754953,5.007732120233619e-12,-4.24199348740985e-12,0.005007732120233619,-0.00424199348740985,0.25038660601168095,-0.21209967437049249
with EDL,1000.0,0.47357664233576646,5.03236282499749e-12,-4.2212312147295834e-12,0.00503236282499749,-0.004221231214729584,0.25161814124987447,-0.21106156073647914
with EDL,1000.0,0.47382690302398334,5.0571146767401795e-12,-4.200570562188093e-12,0.005057114676740179,-0.004200570562188093,0.25285573383700893,-0.21002852810940464
with EDL,1000.0,0.4740771637122002,5.081988271327333e-12,-4.180011032409542e-12,0.005081988271327333,-0.004180011032409542,0.2540994135663666,-0.20900055162047707
with EDL,1000.0,0.4743274244004171,5.106984207555375e-12,-4.159552130452488e-12,0.005106984207555375,-0.004159552130452488,0.25534921037776875,-0.20797760652262437
with EDL,1000.0,0.474577685088634,5.132103087165914e-12,-4.139193363797951e-12,0.005132103087165914,-0.004139193363797951,0.2566051543582957,-0.20695966818989756
with EDL,1000.0,0.4748279457768509,5.157345514860264e-12,-4.1189342423375915e-12,0.005157345514860264,-0.004118934242337591,0.25786727574301316,-0.20594671211687954
with EDL,1000.0,0.4750782064650678,5.1827120983139864e-12,-4.098774278361852e-12,0.005182712098313986,-0.004098774278361852,0.2591356049156993,-0.20493871391809257
with EDL,1000.0,0.4753284671532847,5.208203448191481e-12,-4.078712986548284e-12,0.005208203448191481,-0.004078712986548284,0.26041017240957404,-0.20393564932741418
with EDL,1000.0,0.47557872784150157,5.2338201781607614e-12,-4.058749883949807e-12,0.0052338201781607615,-0.004058749883949807,0.26169100890803804,-0.20293749419749035
with EDL,1000.0,0.47582898852971844,5.259562904908171e-12,-4.0388844899831154e-12,0.005259562904908171,-0.004038884489983115,0.2629781452454085,-0.20194422449915575
with EDL,1000.0,0.4760792492179354,5.285432248153254e-12,-4.019116326417094e-12,0.005285432248153254,-0.004019116326417094,0.26427161240766267,-0.20095581632085469
with EDL,1000.0,0.47632950990615225,5.3114288306636554e-12,-3.99944491736132e-12,0.005311428830663655,-0.00399944491736132,0.26557144153318274,-0.19997224586806597
with EDL,1000.0,0.4765797705943692,5.337553278270147e-12,-3.979869789254589e-12,0.005337553278270147,-0.003979869789254589,0.2668776639135073,-0.19899348946272943
with EDL,1000.0,0.47683003128258605,5.3638062198816275e-12,-3.960390470853541e-12,0.005363806219881627,-0.0039603904708535404,0.26819031099408136,-0.19801952354267702
with EDL,1000.0,0.4770802919708029,5.39018828750035e-12,-3.941006493221277e-12,0.00539018828750035,-0.003941006493221277,0.26950941437501746,-0.1970503246610638
with EDL,1000.0,0.4773305526590198,5.416700116237074e-12,-3.9217173897161e-12,0.005416700116237074,-0.0039217173897161004,0.27083500581185366,-0.19608586948580498
with EDL,1000.0,0.47758081334723673,5.443342344326375e-12,-3.90252269598027e-12,0.005443342344326375,-0.0039025226959802702,0.27216711721631875,-0.1951261347990135
with EDL,1000.0,0.4778310740354536,5.470115613142012e-12,-3.883421949928838e-12,0.005470115613142011,-0.003883421949928838,0.2735057806571006,-0.1941710974964419
with EDL,1000.0,0.47808133472367054,5.497020567212376e-12,-3.864414691738494e-12,0.005497020567212376,-0.0038644146917384942,0.27485102836061875,-0.19322073458692468
with EDL,1000.0,0.4783315954118874,5.524057854235936e-12,-3.8455004638365364e-12,0.005524057854235936,-0.0038455004638365364,0.27620289271179677,-0.1922750231918268
with EDL,1000.0,0.4785818561001043,5.5512281250969515e-12,-3.826678810889825e-12,0.005551228125096951,-0.003826678810889825,0.27756140625484754,-0.1913339405444912
with EDL,1000.0,0.47883211678832116,5.578532033881055e-12,-3.807949279793826e-12,0.005578532033881056,-0.0038079492797938254,0.27892660169405276,-0.19039746398969126
with EDL,1000.0,0.4790823774765381,5.605970237891024e-12,-3.78931141966171e-12,0.005605970237891024,-0.0037893114196617095,0.2802985118945512,-0.18946557098308547
with EDL,1000.0,0.47933263816475496,5.6335433976626035e-12,-3.770764781813504e-12,0.005633543397662604,-0.0037707647818135044,0.28167716988313013,-0.18853823909067519
with EDL,1000.0,0.4795828988529719,5.661252176980418e-12,-3.752308919765266e-12,0.005661252176980418,-0.003752308919765266,0.28306260884902085,-0.18761544598826327
with EDL,1000.0,0.47983315954118877,5.689097242893897e-12,-3.733943389218376e-12,0.005689097242893897,-0.003733943389218376,0.2844548621446948,-0.18669716946091877
with EDL,1000.0,0.48008342022940564,5.7170792657334265e-12,-3.7156677480487936e-12,0.0057170792657334265,-0.0037156677480487937,0.2858539632866713,-0.18578338740243966
with EDL,1000.0,0.4803336809176225,5.745198919126405e-12,-3.697481556296446e-12,0.005745198919126405,-0.003697481556296446,0.2872599459563202,-0.18487407781482226
with EDL,1000.0,0.48058394160583945,5.773456880013504e-12,-3.679384376154628e-12,0.005773456880013504,-0.0036793843761546282,0.28867284400067517,-0.1839692188077314
with EDL,1000.0,0.4808342022940563,5.8018538286649515e-12,-3.6613757719594685e-12,0.005801853828664952,-0.0036613757719594687,0.29009269143324756,-0.1830687885979734
with EDL,1000.0,0.4810844629822732,5.830390448696902e-12,-3.643455310179425e-12,0.005830390448696902,-0.003643455310179425,0.2915195224348451,-0.18217276550897124
with EDL,1000.0,0.4813347236704901,5.859067427087921e-12,-3.6256225594048593e-12,0.005859067427087921,-0.0036256225594048595,0.29295337135439603,-0.18128112797024296
with EDL,1000.0,0.481584984358707,5.8878854541954504e-12,-3.6078770903376666e-12,0.00588788545419545,-0.003607877090337667,0.2943942727097725,-0.1803938545168833
with EDL,1000.0,0.4818352450469239,5.916845223772534e-12,-3.5902184757809077e-12,0.005916845223772534,-0.0035902184757809078,0.29584226118862667,-0.17951092378904537
with EDL,1000.0,0.4820855057351408,5.945947432984432e-12,-3.5726462906285413e-12,0.005945947432984432,-0.0035726462906285413,0.2972973716492216,-0.17863231453142706
with EDL,1000.0,0.4823357664233577,5.975192782425453e-12,-3.555160111855212e-12,0.005975192782425453,-0.003555160111855212,0.2987596391212726,-0.1777580055927606
with EDL,1000.0,0.48258602711157456,6.004581976135797e-12,-3.537759518506025e-12,0.006004581976135797,-0.003537759518506025,0.30022909880678983,-0.17688797592530123
with EDL,1000.0,0.4828362877997915,6.034115721618525e-12,-3.5204440916864324e-12,0.006034115721618525,-0.0035204440916864325,0.30170578608092624,-0.1760222045843216
with EDL,1000.0,0.48308654848800836,6.06379472985653e-12,-3.50321341455217e-12,0.00606379472985653,-0.00350321341455217,0.3031897364928265,-0.1751606707276085
with EDL,1000.0,0.48333680917622523,6.093619715329748e-12,-3.4860670722991824e-12,0.006093619715329748,-0.0034860670722991825,0.3046809857664874,-0.1743033536149591
with EDL,1000.0,0.4835870698644421,6.123591396032291e-12,-3.469004652153661e-12,0.0061235913960322914,-0.003469004652153661,0.30617956980161454,-0.17345023260768302
with EDL,1000.0,0.48383733055265904,6.1537104934897565e-12,-3.452025743362103e-12,0.006153710493489757,-0.0034520257433621033,0.3076855246744878,-0.17260128716810513
with EDL,1000.0,0.4840875912408759,6.183977732776576e-12,-3.4351299371814253e-12,0.006183977732776576,-0.0034351299371814252,0.3091988866388288,-0.17175649685907124
with EDL,1000.0,0.48433785192909284,6.214393842533515e-12,-3.4183168268691185e-12,0.0062143938425335155,-0.0034183168268691186,0.3107196921266757,-0.17091584134345592
with EDL,1000.0,0.4845881126173097,6.244959554985131e-12,-3.4015860076734694e-12,0.006244959554985131,-0.0034015860076734693,0.3122479777492565,-0.17007930038367344
with EDL,1000.0,0.4848383733055266,6.2756756059575e-12,-3.3849370768237905e-12,0.0062756756059575,-0.0033849370768237906,0.31378378029787496,-0.1692468538411895
with EDL,1000.0,0.48508863399374347,6.306542734895873e-12,-3.3683696335207482e-12,0.006306542734895873,-0.0033683696335207484,0.3153271367447936,-0.1684184816760374
with EDL,1000.0,0.4853388946819604,6.337561684882485e-12,-3.3518832789267014e-12,0.006337561684882485,-0.0033518832789267016,0.3168780842441242,-0.16759416394633506
with EDL,1000.0,0.4855891553701773,6.368733202654445e-12,-3.3354776161561125e-12,0.006368733202654445,-0.0033354776161561126,0.3184366601327222,-0.1667738808078056
with EDL,1000.0,0.4858394160583942,6.4000580386217395e-12,-3.319152250265972e-12,0.00640005803862174,-0.0033191522502659717,0.32000290193108694,-0.16595761251329857
with EDL,1000.0,0.4860896767466111,6.4315369468852055e-12,-3.302906788246319e-12,0.0064315369468852055,-0.0033029067882463193,0.32157684734426023,-0.16514533941231593
with EDL,1000.0,0.48633993743482795,6.4631706852548176e-12,-3.2867408390107576e-12,0.006463170685254817,-0.003286740839010758,0.3231585342627408,-0.16433704195053786
with EDL,1000.0,0.4865901981230448,6.494960015267842e-12,-3.2706540133870445e-12,0.006494960015267842,-0.0032706540133870445,0.32474800076339205,-0.16353270066935222
with EDL,1000.0,0.48684045881126176,6.5269057022071946e-12,-3.254645924107728e-12,0.006526905702207195,-0.003254645924107728,0.3263452851103597,-0.16273229620538637
with EDL,1000.0,0.48709071949947863,6.559008515119861e-12,-3.238716185800826e-12,0.006559008515119861,-0.003238716185800826,0.327950425755993,-0.16193580929004128
with EDL,1000.0,0.48734098018769556,6.5912692268354265e-12,-3.2228644149805337e-12,0.006591269226835427,-0.0032228644149805336,0.3295634613417713,-0.16114322074902668
with EDL,1000.0,0.48759124087591244,6.623688613984621e-12,-3.207090230038023e-12,0.006623688613984621,-0.003207090230038023,0.33118443069923104,-0.16035451150190114
with EDL,1000.0,0.4878415015641293,6.656267457018095e-12,-3.191393251232213e-12,0.006656267457018095,-0.003191393251232213,0.33281337285090473,-0.15956966256161062
with EDL,1000.0,0.4880917622523462,6.689006540225174e-12,-3.175773100680665e-12,0.006689006540225174,-0.003175773100680665,0.33445032701125865,-0.15878865503403325
with EDL,1000.0,0.4883420229405631,6.721906651752728e-12,-3.160229402350464e-12,0.006721906651752728,-0.003160229402350464,0.33609533258763635,-0.15801147011752317
with EDL,1000.0,0.48859228362878,6.7549685836241574e-12,-3.1447617820491805e-12,0.006754968583624158,-0.0031447617820491804,0.33774842918120784,-0.157238089102459
with EDL,1000.0,0.4888425443169969,6.788193131758475e-12,-3.1293698674158422e-12,0.006788193131758475,-0.003129369867415842,0.3394096565879237,-0.1564684933707921
with EDL,1000.0,0.4890928050052138,6.821581095989396e-12,-3.114053287912004e-12,0.006821581095989395,-0.003114053287912004,0.34107905479946976,-0.15570266439560018
with EDL,1000.0,0.48934306569343067,6.855133280084696e-12,-3.09881167481279e-12,0.006855133280084696,-0.00309881167481279,0.34275666400423477,-0.1549405837406395
with EDL,1000.0,0.48959332638164754,6.888850491765503e-12,-3.083644661198038e-12,0.006888850491765503,-0.003083644661198038,0.3444425245882751,-0.1541822330599019
with EDL,1000.0,0.4898435870698645,6.9227335427257284e-12,-3.068551881943458e-12,0.006922733542725728,-0.003068551881943458,0.3461366771362864,-0.15342759409717288
with EDL,1000.0,0.49009384775808135,6.956783248651647e-12,-3.0535329737118624e-12,0.006956783248651646,-0.0030535329737118623,0.3478391624325823,-0.1526766486855931
with EDL,1000.0,0.4903441084462983,6.991000429241528e-12,-3.0385875749443823e-12,0.006991000429241528,-0.003038587574944382,0.34955002146207637,-0.1519293787472191
with EDL,1000.0,0.49059436913451515,7.025385908225299e-12,-3.0237153258518067e-12,0.007025385908225299,-0.0030237153258518066,0.35126929541126495,-0.1511857662925903
with EDL,1000.0,0.490844629822732,7.059940513384489e-12,-3.0089158684058807e-12,0.007059940513384489,-0.0030089158684058807,0.3529970256692244,-0.15044579342029402
with EDL,1000.0,0.4910948905109489,7.094665076572078e-12,-2.9941888463307136e-12,0.0070946650765720785,-0.0029941888463307135,0.3547332538286039,-0.14970944231653566
with EDL,1000.0,0.49134515119916583,7.1295604337325534e-12,-2.9795339050941863e-12,0.007129560433732553,-0.002979533905094186,0.3564780216866276,-0.1489766952547093
with EDL,1000.0,0.4915954118873827,7.164627424922e-12,-2.9649506918994346e-12,0.007164627424922,-0.0029649506918994345,0.3582313712461,-0.14824753459497172
with EDL,1000.0,0.4918456725755996,7.199866894328375e-12,-2.9504388556763313e-12,0.0071998668943283745,-0.002950438855676331,0.3599933447164187,-0.14752194278381656
with EDL,1000.0,0.4920959332638165,7.23527969029181e-12,-2.935998047073063e-12,0.00723527969029181,-0.002935998047073063,0.36176398451459046,-0.14679990235365314
with EDL,1000.0,0.4923461939520334,7.2708666653249714e-12,-2.9216279184476984e-12,0.007270866665324971,-0.0029216279184476985,0.36354333326624855,-0.1460813959223849
with EDL,1000.0,0.49259645464025026,7.306628676133696e-12,-2.9073281238598216e-12,0.007306628676133696,-0.0029073281238598215,0.3653314338066848,-0.14536640619299107
with EDL,1000.0,0.4928467153284672,7.342566583637541e-12,-2.8930983190622113e-12,0.007342566583637541,-0.0028930983190622113,0.367128329181877,-0.14465491595311056
with EDL,1000.0,0.49309697601668406,7.378681252990522e-12,-2.878938161492555e-12,0.007378681252990522,-0.002878938161492555,0.3689340626495261,-0.14394690807462773
with EDL,1000.0,0.49334723670490094,7.414973553601957e-12,-2.8648473102651966e-12,0.007414973553601957,-0.0028648473102651966,0.3707486776800978,-0.1432423655132598
with EDL,1000.0,0.49359749739311787,7.45144435915738e-12,-2.850825426162924e-12,0.00745144435915738,-0.002850825426162924,0.37257221795786893,-0.14254127130814617
with EDL,1000.0,0.49384775808133474,7.488094547639537e-12,-2.836872171628827e-12,0.007488094547639537,-0.002836872171628827,0.37440472738197683,-0.14184360858144132
with EDL,1000.0,0.4940980187695516,7.52492500134962e-12,-2.8229872107581393e-12,0.007524925001349619,-0.002822987210758139,0.37624625006748097,-0.14114936053790694
with EDL,1000.0,0.4943482794577685,7.561936606928429e-12,-2.8091702092901724e-12,0.0075619366069284285,-0.0028091702092901726,0.3780968303464214,-0.1404585104645086
with EDL,1000.0,0.4945985401459854,7.599130255377734e-12,-2.7954208346002605e-12,0.0075991302553777345,-0.0027954208346002607,0.37995651276888665,-0.139771041730013
with EDL,1000.0,0.4948488008342023,7.636506842081732e-12,-2.7817387556917687e-12,0.007636506842081731,-0.002781738755691769,0.38182534210408653,-0.13908693778458842
with EDL,1000.0,0.4950990615224192,7.674067266828616e-12,-2.7681236431880964e-12,0.007674067266828616,-0.0027681236431880965,0.3837033633414308,-0.1384061821594048
with EDL,1000.0,0.4953493222106361,7.71181243383217e-12,-2.754575169324777e-12,0.007711812433832169,-0.002754575169324777,0.38559062169160846,-0.13772875846623883
with EDL,1000.0,0.495599582898853,7.749743251753618e-12,-2.741093007941562e-12,0.007749743251753618,-0.002741093007941562,0.38748716258768084,-0.1370546503970781
with EDL,1000.0,0.49584984358706985,7.78786063372347e-12,-2.727676834474595e-12,0.007787860633723469,-0.002727676834474595,0.38939303168617345,-0.13638384172372975
with EDL,1000.0,0.4961001042752868,7.826165497363494e-12,-2.71432632594857e-12,0.007826165497363494,-0.0027143263259485698,0.39130827486817465,-0.13571631629742847
with EDL,1000.0,0.49635036496350365,7.86465876480881e-12,-2.701041160968988e-12,0.00786465876480881,-0.002701041160968988,0.3932329382404404,-0.13505205804844939
with EDL,1000.0,0.4966006256517206,7.903341362730114e-12,-2.6878210197143877e-12,0.007903341362730115,-0.0026878210197143876,0.39516706813650565,-0.13439105098571938
with EDL,1000.0,0.49685088633993746,7.942214222355901e-12,-2.6746655839286718e-12,0.0079422142223559,-0.0026746655839286716,0.397110711117795,-0.13373327919643357
with EDL,1000.0,0.49710114702815433,7.981278279495012e-12,-2.66157453691343e-12,0.007981278279495012,-0.0026615745369134303,0.39906391397475055,-0.13307872684567149
with EDL,1000.0,0.4973514077163712,8.020534474559075e-12,-2.6485475635203207e-12,0.008020534474559075,-0.0026485475635203205,0.40102672372795367,-0.13242737817601602
with EDL,1000.0,0.49760166840458814,8.05998375258515e-12,-2.6355843501434763e-12,0.00805998375258515,-0.002635584350143476,0.4029991876292575,-0.1317792175071738
with EDL,1000.0,0.497851929092805,8.099627063258516e-12,-2.6226845847119842e-12,0.008099627063258516,-0.0026226845847119843,0.4049813531629258,-0.1311342292355992
with EDL,1000.0,0.49810218978102194,8.139465360935525e-12,-2.6098479566823267e-12,0.008139465360935525,-0.002609847956682327,0.4069732680467762,-0.1304923978341163
with EDL,1000.0,0.4983524504692388,8.179499604666497e-12,-2.5970741570309406e-12,0.008179499604666497,-0.0025970741570309408,0.4089749802333248,-0.129853707851547
with EDL,1000.0,0.4986027111574557,8.219730758218942e-12,-2.584362878246763e-12,0.008219730758218942,-0.002584362878246763,0.4109865379109471,-0.12921814391233813
with EDL,1000.0,0.49885297184567257,8.260159790100673e-12,-2.571713814323833e-12,0.008260159790100674,-0.002571713814323833,0.4130079895050336,-0.12858569071619164
with EDL,1000.0,0.4991032325338895,8.300787673583148e-12,-2.559126660753919e-12,0.008300787673583148,-0.002559126660753919,0.4150393836791573,-0.12795633303769594
with EDL,1000.0,0.49935349322210637,8.341615386724872e-12,-2.546601114519206e-12,0.008341615386724871,-0.002546601114519206,0.4170807693362435,-0.1273300557259603
with EDL,1000.0,0.4996037539103233,8.38264391239501e-12,-2.534136874084977e-12,0.008382643912395009,-0.002534136874084977,0.41913219561975046,-0.12670684370424884
with EDL,1000.0,0.4998540145985402,8.423874238296931e-12,-2.5217336393923704e-12,0.008423874238296932,-0.0025217336393923706,0.4211937119148465,-0.1260866819696185
with EDL,1000.0,0.500104275286757,8.46530735699212e-12,-2.509391111851146e-12,0.00846530735699212,-0.002509391111851146,0.423265367849606,-0.1254695555925573
with EDL,1000.0,0.5003545359749739,8.506944265923996e-12,-2.4971089943325065e-12,0.008506944265923995,-0.0024971089943325066,0.42534721329619973,-0.12485544971662531
with EDL,1000.0,0.5006047966631908,8.548785967441925e-12,-2.484886991161937e-12,0.008548785967441925,-0.0024848869911619368,0.4274392983720962,-0.12424434955809682
with EDL,1000.0,0.5008550573514077,8.590833468825378e-12,-2.4727248081120907e-12,0.008590833468825379,-0.0024727248081120906,0.4295416734412688,-0.12363624040560452
with EDL,1000.0,0.5011053180396247,8.633087782308181e-12,-2.4606221523956993e-12,0.008633087782308181,-0.0024606221523956993,0.431654389115409,-0.12303110761978496
with EDL,1000.0,0.5013555787278415,8.675549925102787e-12,-2.4485787326585488e-12,0.008675549925102787,-0.0024485787326585487,0.4337774962551393,-0.12242893663292742
with EDL,1000.0,0.5016058394160584,8.718220919424933e-12,-2.4365942589724324e-12,0.008718220919424933,-0.0024365942589724323,0.43591104597124664,-0.1218297129486216
with EDL,1000.0,0.5018561001042753,8.761101792518127e-12,-2.4246684428281857e-12,0.008761101792518128,-0.0024246684428281856,0.4380550896259063,-0.12123342214140927
with EDL,1000.0,0.5021063607924922,8.804193576678409e-12,-2.4128009971287448e-12,0.008804193576678408,-0.0024128009971287447,0.44020967883392037,-0.12064004985643723
with EDL,1000.0,0.5023566214807091,8.847497309279228e-12,-2.400991636182223e-12,0.008847497309279228,-0.002400991636182223,0.4423748654639614,-0.12004958180911114
with EDL,1000.0,0.502606882168926,8.891014032796325e-12,-2.3892400756950624e-12,0.008891014032796326,-0.0023892400756950626,0.4445507016398162,-0.1194620037847531
with EDL,1000.0,0.5028571428571429,8.934744794832962e-12,-2.377546032765149e-12,0.008934744794832961,-0.002377546032765149,0.44673723974164803,-0.11887730163825744
with EDL,1000.0,0.5031074035453598,8.978690648145036e-12,-2.365909225875028e-12,0.008978690648145035,-0.002365909225875028,0.44893453240725173,-0.11829546129375139
with EDL,1000.0,0.5033576642335766,9.022852650666479e-12,-2.3543293748851194e-12,0.009022852650666479,-0.0023543293748851195,0.4511426325333239,-0.11771646874425595
with EDL,1000.0,0.5036079249217935,9.067231865534705e-12,-2.342806201026982e-12,0.009067231865534705,-0.0023428062010269817,0.45336159327673514,-0.11714031005134909
with EDL,1000.0,0.5038581856100104,9.111829361116206e-12,-2.331339426896589e-12,0.009111829361116206,-0.0023313394268965892,0.45559146805581024,-0.11656697134482945
with EDL,1000.0,0.5041084462982274,9.156646211032274e-12,-2.319928776447654e-12,0.009156646211032274,-0.002319928776447654,0.45783231055161366,-0.1159964388223827
with EDL,1000.0,0.5043587069864442,9.201683494184814e-12,-2.3085739749850057e-12,0.009201683494184813,-0.002308573974985006,0.4600841747092407,-0.11542869874925027
with EDL,1000.0,0.5046089676746611,9.24694229478239e-12,-2.297274749157939e-12,0.00924694229478239,-0.002297274749157939,0.46234711473911944,-0.11486373745789694
with EDL,1000.0,0.504859228362878,9.292423702366274e-12,-2.2860308269536606e-12,0.009292423702366274,-0.0022860308269536606,0.4646211851183137,-0.11430154134768303
with EDL,1000.0,0.5051094890510949,9.338128811836663e-12,-2.27484193769073e-12,0.009338128811836663,-0.0022748419376907303,0.4669064405918331,-0.1137420968845365
with EDL,1000.0,0.5053597497393119,9.384058723479104e-12,-2.2637078120125485e-12,0.009384058723479104,-0.0022637078120125486,0.46920293617395514,-0.1131853906006274
with EDL,1000.0,0.5056100104275287,9.430214542990859e-12,-2.252628181880882e-12,0.009430214542990858,-0.0022526281818808823,0.4715107271495429,-0.1126314090940441
with EDL,1000.0,0.5058602711157456,9.476597381507671e-12,-2.2416027805693857e-12,0.00947659738150767,-0.0022416027805693857,0.4738298690753835,-0.11208013902846926
with EDL,1000.0,0.5061105318039625,9.523208355630419e-12,-2.2306313426572006e-12,0.00952320835563042,-0.0022306313426572006,0.4761604177815209,-0.11153156713286001
with EDL,1000.0,0.5063607924921794,9.570048587452024e-12,-2.2197136040225616e-12,0.009570048587452024,-0.0022197136040225615,0.4785024293726011,-0.11098568020112806
with EDL,1000.0,0.5066110531803962,9.617119204584457e-12,-2.2088493018364357e-12,0.009617119204584457,-0.0022088493018364358,0.4808559602292228,-0.11044246509182178
with EDL,1000.0,0.5068613138686131,9.664421340185906e-12,-2.1980381745561953e-12,0.009664421340185907,-0.0021980381745561953,0.4832210670092953,-0.10990190872780975
with EDL,1000.0,0.5071115745568301,9.711956132988008e-12,-2.1872799619193236e-12,0.009711956132988007,-0.0021872799619193236,0.48559780664940033,-0.10936399809596617
with EDL,1000.0,0.507361835245047,9.759724727323283e-12,-2.176574404937159e-12,0.009759724727323282,-0.002176574404937159,0.4879862363661641,-0.10882872024685794
with EDL,1000.0,0.5076120959332638,9.807728273152729e-12,-2.1659212458886357e-12,0.00980772827315273,-0.0021659212458886357,0.49038641365763636,-0.10829606229443177
with EDL,1000.0,0.5078623566214807,9.855967926093449e-12,-2.1553202283140974e-12,0.009855967926093449,-0.0021553202283140973,0.49279839630467237,-0.10776601141570485
with EDL,1000.0,0.5081126173096976,9.90444484744649e-12,-2.1447710970091223e-12,0.00990444484744649,-0.0021447710970091223,0.49522224237232443,-0.1072385548504561
with EDL,1000.0,0.5083628779979145,9.953160204224804e-12,-2.1342735980183725e-12,0.009953160204224805,-0.0021342735980183726,0.4976580102112402,-0.10671367990091861
with EDL,1000.0,0.5086131386861314,1.0002115169181335e-11,-2.123827478629488e-12,0.010002115169181335,-0.002123827478629488,0.5001057584590667,-0.10619137393147439
with EDL,1000.0,0.5088633993743483,1.0051310920837228e-11,-2.1134324873670057e-12,0.010051310920837228,-0.002113432487367006,0.5025655460418613,-0.10567162436835027
with EDL,1000.0,0.5091136600625652,1.0100748643510248e-11,-2.103088373986286e-12,0.010100748643510248,-0.002103088373986286,0.5050374321755123,-0.1051544186993143
with EDL,1000.0,0.5093639207507821,1.0150429527343274e-11,-2.0927948894675133e-12,0.010150429527343274,-0.0020927948894675133,0.5075214763671636,-0.10463974447337566
with EDL,1000.0,0.509614181438999,1.0200354768332934e-11,-2.082551786009684e-12,0.010200354768332934,-0.0020825517860096837,0.5100177384166467,-0.10412758930048419
with EDL,1000.0,0.5098644421272158,1.0250525568358425e-11,-2.072358817024646e-12,0.010250525568358424,-0.002072358817024646,0.5125262784179212,-0.1036179408512323
with EDL,1000.0,0.5101147028154327,1.0300943135210391e-11,-2.062215737131169e-12,0.010300943135210391,-0.002062215737131169,0.5150471567605195,-0.10311078685655845
with EDL,1000.0,0.5103649635036497,1.0351608682620085e-11,-2.0521223021490238e-12,0.010351608682620085,-0.0020521223021490237,0.5175804341310042,-0.10260611510745117
with EDL,1000.0,0.5106152241918666,1.0402523430288487e-11,-2.0420782690931234e-12,0.010402523430288487,-0.0020420782690931233,0.5201261715144243,-0.10210391345465615
with EDL,1000.0,0.5108654848800834,1.0453688603915745e-11,-2.0320833961676487e-12,0.010453688603915745,-0.0020320833961676487,0.5226844301957873,-0.10160416980838242
with EDL,1000.0,0.5111157455683003,1.0505105435230662e-11,-2.0221374427602514e-12,0.010505105435230663,-0.0020221374427602514,0.5252552717615331,-0.10110687213801256
with EDL,1000.0,0.5113660062565172,1.0556775162020341e-11,-2.012240169436243e-12,0.01055677516202034,-0.002012240169436243,0.527838758101017,-0.10061200847181215
with EDL,1000.0,0.5116162669447342,1.0608699028160013e-11,-2.0023913379328423e-12,0.010608699028160013,-0.0020023913379328424,0.5304349514080006,-0.10011956689664211
with EDL,1000.0,0.511866527632951,1.066087828364284e-11,-1.9925907111534418e-12,0.010660878283642839,-0.001992590711153442,0.5330439141821419,-0.09962953555767208
with EDL,1000.0,0.5121167883211679,1.0713314184610238e-11,-1.982838053161885e-12,0.010713314184610238,-0.0019828380531618853,0.5356657092305118,-0.09914190265809424
with EDL,1000.0,0.5123670490093848,1.0766007993381955e-11,-1.9731331291767987e-12,0.010766007993381956,-0.0019731331291767988,0.5383003996690977,-0.09865665645883993
with EDL,1000.0,0.5126173096976017,1.081896097848652e-11,-1.96347570556594e-12,0.01081896097848652,-0.00196347570556594,0.5409480489243259,-0.098173785278297
with EDL,1000.0,0.5128675703858185,1.0872174414691723e-11,-1.953865549840564e-12,0.010872174414691724,-0.001953865549840564,0.5436087207345861,-0.09769327749202819
with EDL,1000.0,0.5131178310740354,1.0925649583035381e-11,-1.9443024306498446e-12,0.010925649583035381,-0.0019443024306498445,0.546282479151769,-0.09721512153249222
with EDL,1000.0,0.5133680917622524,1.097938777085615e-11,-1.9347861177752796e-12,0.01097938777085615,-0.0019347861177752795,0.5489693885428074,-0.09673930588876396
with EDL,1000.0,0.5136183524504693,1.1033390271824442e-11,-1.9253163821251763e-12,0.011033390271824442,-0.0019253163821251764,0.5516695135912221,-0.09626581910625881
with EDL,1000.0,0.5138686131386861,1.1087658385973697e-11,-1.9158929957291113e-12,0.011087658385973696,-0.0019158929957291113,0.5543829192986848,-0.09579464978645555
with EDL,1000.0,0.514118873826903,1.1142193419731592e-11,-1.9065157317324563e-12,0.011142193419731591,-0.0019065157317324562,0.5571096709865795,-0.0953257865866228
with EDL,1000.0,0.5143691345151199,1.119699668595151e-11,-1.897184364390918e-12,0.011196996685951512,-0.0018971843643909177,0.5598498342975755,-0.09485921821954588
with EDL,1000.0,0.5146193952033369,1.1252069503944198e-11,-1.8878986690650923e-12,0.011252069503944199,-0.0018878986690650922,0.5626034751972099,-0.09439493345325461
with EDL,1000.0,0.5148696558915538,1.1307413199509355e-11,-1.8786584222150746e-12,0.011307413199509354,-0.0018786584222150746,0.5653706599754676,-0.09393292111075371
with EDL,1000.0,0.5151199165797706,1.1363029104967787e-11,-1.8694634013950606e-12,0.011363029104967786,-0.0018694634013950607,0.5681514552483893,-0.09347317006975303
with EDL,1000.0,0.5153701772679875,1.141891855919335e-11,-1.8603133852479997e-12,0.01141891855919335,-0.0018603133852479997,0.5709459279596675,-0.09301566926239997
with EDL,1000.0,0.5156204379562044,1.1475082907645141e-11,-1.8512081535002615e-12,0.01147508290764514,-0.0018512081535002616,0.573754145382257,-0.09256040767501306
with EDL,1000.0,0.5158706986444213,1.15315235024e-11,-1.842147486956343e-12,0.0115315235024,-0.0018421474869563432,0.5765761751199999,-0.09210737434781716
with EDL,1000.0,0.5161209593326381,1.1588241702184986e-11,-1.8331311674935813e-12,0.011588241702184986,-0.0018331311674935813,0.5794120851092492,-0.09165655837467905
with EDL,1000.0,0.5163712200208551,1.1645238872410124e-11,-1.824158978056903e-12,0.011645238872410124,-0.0018241589780569028,0.5822619436205061,-0.09120794890284513
with EDL,1000.0,0.516621480709072,1.1702516385201195e-11,-1.8152307026536103e-12,0.011702516385201195,-0.0018152307026536104,0.5851258192600597,-0.09076153513268051
with EDL,1000.0,0.5168717413972889,1.1760075619432888e-11,-1.80634612634817e-12,0.011760075619432889,-0.00180634612634817,0.5880037809716443,-0.09031730631740849
with EDL,1000.0,0.5171220020855057,1.1817917960761916e-11,-1.7975050352570384e-12,0.011817917960761917,-0.0017975050352570384,0.5908958980380957,-0.08987525176285191
with EDL,1000.0,0.5173722627737226,1.1876044801660394e-11,-1.7887072165435223e-12,0.011876044801660393,-0.0017887072165435223,0.5938022400830196,-0.08943536082717611
with EDL,1000.0,0.5176225234619395,1.1934457541449359e-11,-1.7799524584126467e-12,0.011934457541449358,-0.0017799524584126466,0.5967228770724678,-0.08899762292063232
with EDL,1000.0,0.5178727841501565,1.1993157586332496e-11,-1.7712405501060544e-12,0.011993157586332496,-0.0017712405501060543,0.5996578793166247,-0.0885620275053027
with EDL,1000.0,0.5181230448383733,1.2052146349429831e-11,-1.7625712818969487e-12,0.012052146349429832,-0.0017625712818969488,0.6026073174714915,-0.08812856409484743
with EDL,1000.0,0.5183733055265902,1.2111425250811992e-11,-1.7539444450850225e-12,0.012111425250811991,-0.0017539444450850226,0.6055712625405996,-0.08769722225425111
with EDL,1000.0,0.5186235662148071,1.2170995717534238e-11,-1.7453598319914437e-12,0.012170995717534239,-0.0017453598319914438,0.6085497858767118,-0.08726799159957217
with EDL,1000.0,0.518873826903024,1.2230859183670835e-11,-1.7368172359538658e-12,0.012230859183670836,-0.001736817235953866,0.6115429591835417,-0.08684086179769328
with EDL,1000.0,0.5191240875912408,1.2291017090349608e-11,-1.728316451321434e-12,0.012291017090349608,-0.001728316451321434,0.6145508545174804,-0.08641582256607169
with EDL,1000.0,0.5193743482794577,1.2351470885786639e-11,-1.7198572734498467e-12,0.012351470885786638,-0.0017198572734498467,0.6175735442893319,-0.08599286367249233
with EDL,1000.0,0.5196246089676747,1.2412222025321057e-11,-1.711439498696423e-12,0.012412222025321057,-0.001711439498696423,0.6206111012660528,-0.08557197493482115
with EDL,1000.0,0.5198748696558916,1.247327197145014e-11,-1.7030629244152119e-12,0.012473271971450138,-0.0017030629244152119,0.6236635985725069,-0.08515314622076059
with EDL,1000.0,0.5201251303441085,1.2534622193864543e-11,-1.6947273489520951e-12,0.012534622193864543,-0.0016947273489520951,0.6267311096932271,-0.08473636744760475
with EDL,1000.0,0.5203753910323253,1.2596274169483632e-11,-1.6864325716399497e-12,0.012596274169483631,-0.0016864325716399496,0.6298137084741815,-0.08432162858199747
with EDL,1000.0,0.5206256517205422,1.265822938249105e-11,-1.6781783927938038e-12,0.012658229382491051,-0.0016781783927938038,0.6329114691245524,-0.08390891963969017
with EDL,1000.0,0.5208759124087592,1.2720489324370491e-11,-1.66996461370604e-12,0.01272048932437049,-0.0016699646137060399,0.6360244662185245,-0.08349823068530199
with EDL,1000.0,0.5211261730969761,1.278305549394143e-11,-1.661791036641611e-12,0.01278305549394143,-0.001661791036641611,0.6391527746970714,-0.08308955183208054
with EDL,1000.0,0.5213764337851929,1.2845929397395474e-11,-1.65365746483327e-12,0.012845929397395473,-0.00165365746483327,0.6422964698697736,-0.08268287324166348
with EDL,1000.0,0.5216266944734098,1.2909112548332438e-11,-1.6455637024768393e-12,0.012909112548332439,-0.0016455637024768393,0.6454556274166219,-0.08227818512384195
with EDL,1000.0,0.5218769551616267,1.2972606467796833e-11,-1.6375095547265033e-12,0.012972606467796834,-0.0016375095547265033,0.6486303233898416,-0.08187547773632516
with EDL,1000.0,0.5221272158498436,1.3036412684314484e-11,-1.6294948276901066e-12,0.013036412684314484,-0.0016294948276901066,0.6518206342157241,-0.08147474138450532
with EDL,1000.0,0.5223774765380604,1.3100532733929316e-11,-1.6215193284244915e-12,0.013100532733929316,-0.0016215193284244915,0.6550266366964658,-0.08107596642122457
with EDL,1000.0,0.5226277372262774,1.3164968160240363e-11,-1.613582864930855e-12,0.013164968160240363,-0.001613582864930855,0.6582484080120181,-0.08067914324654274
with EDL,1000.0,0.5228779979144943,1.3229720514438844e-11,-1.6056852461501266e-12,0.013229720514438844,-0.0016056852461501267,0.6614860257219422,-0.08028426230750632
with EDL,1000.0,0.5231282586027112,1.3294791355345647e-11,-1.5978262819583654e-12,0.013294791355345647,-0.0015978262819583654,0.6647395677672823,-0.07989131409791826
with EDL,1000.0,0.523378519290928,1.336018224944869e-11,-1.5900057831621825e-12,0.01336018224944869,-0.0015900057831621825,0.6680091124724344,-0.07950028915810911
with EDL,1000.0,0.5236287799791449,1.3425894770940784e-11,-1.5822235614941901e-12,0.013425894770940784,-0.0015822235614941901,0.6712947385470391,-0.07911117807470949
with EDL,1000.0,0.5238790406673619,1.3491930501757489e-11,-1.5744794296084656e-12,0.013491930501757489,-0.0015744794296084655,0.6745965250878744,-0.07872397148042327
with EDL,1000.0,0.5241293013555788,1.355829103161502e-11,-1.566773201076052e-12,0.01355829103161502,-0.001566773201076052,0.6779145515807509,-0.07833866005380259
with EDL,1000.0,0.5243795620437957,1.3624977958048813e-11,-1.5591046903804503e-12,0.013624977958048814,-0.0015591046903804502,0.6812488979024406,-0.0779552345190225
with EDL,1000.0,0.5246298227320125,1.3691992886451795e-11,-1.5514737129131753e-12,0.013691992886451794,-0.0015514737129131754,0.6845996443225897,-0.07757368564565875
with EDL,1000.0,0.5248800834202294,1.3759337430113069e-11,-1.543880084969294e-12,0.013759337430113068,-0.001543880084969294,0.6879668715056534,-0.07719400424846469
with EDL,1000.0,0.5251303441084463,1.3827013210256757e-11,-1.5363236237430118e-12,0.013827013210256757,-0.0015363236237430117,0.6913506605128378,-0.07681618118715058
with EDL,1000.0,0.5253806047966632,1.3895021856081025e-11,-1.5288041473232699e-12,0.013895021856081026,-0.0015288041473232698,0.6947510928040512,-0.07644020736616348
with EDL,1000.0,0.52563086548488,1.396336500479732e-11,-1.5213214746893665e-12,0.013963365004797319,-0.0015213214746893665,0.698168250239866,-0.07606607373446832
with EDL,1000.0,0.525881126173097,1.4032044301669778e-11,-1.513875425706595e-12,0.014032044301669778,-0.001513875425706595,0.7016022150834889,-0.07569377128532974
with EDL,1000.0,0.5261313868613139,1.4101061400054761e-11,-1.506465821121922e-12,0.014101061400054762,-0.001506465821121922,0.705053070002738,-0.07532329105609609
with EDL,1000.0,0.5263816475495308,1.417041796144079e-11,-1.4990924825596489e-12,0.014170417961440791,-0.001499092482559649,0.7085208980720394,-0.07495462412798244
with EDL,1000.0,0.5266319082377476,1.4240115655488458e-11,-1.4917552325171375e-12,0.014240115655488458,-0.0014917552325171375,0.7120057827744228,-0.07458776162585687
with EDL,1000.0,0.5268821689259646,1.431015616007071e-11,-1.4844538943605227e-12,0.014310156160070711,-0.0014844538943605227,0.7155078080035354,-0.07422269471802613
with EDL,1000.0,0.5271324296141815,1.438054116131294e-11,-1.477188292320477e-12,0.01438054116131294,-0.001477188292320477,0.7190270580656469,-0.07385941461602384
with EDL,1000.0,0.5273826903023984,1.445127235363404e-11,-1.4699582514879585e-12,0.01445127235363404,-0.0014699582514879584,0.722563617681702,-0.07349791257439792
with EDL,1000.0,0.5276329509906152,1.4522351439786889e-11,-1.4627635978100185e-12,0.014522351439786889,-0.0014627635978100185,0.7261175719893443,-0.07313817989050092
with EDL,1000.0,0.5278832116788321,1.45937801308994e-11,-1.4556041580855996e-12,0.0145937801308994,-0.0014556041580855996,0.7296890065449699,-0.07278020790427997
with EDL,1000.0,0.528133472367049,1.4665560146515744e-11,-1.4484797599613695e-12,0.014665560146515745,-0.0014484797599613696,0.7332780073257871,-0.07242398799806847
with EDL,1000.0,0.5283837330552659,1.4737693214637722e-11,-1.4413902319275776e-12,0.014737693214637722,-0.0014413902319275775,0.736884660731886,-0.07206951159637887
with EDL,1000.0,0.5286339937434827,1.4810181071766374e-11,-1.4343354033139165e-12,0.014810181071766374,-0.0014343354033139165,0.7405090535883185,-0.07171677016569582
with EDL,1000.0,0.5288842544316997,1.4883025462943804e-11,-1.4273151042854158e-12,0.014883025462943804,-0.0014273151042854158,0.7441512731471901,-0.07136575521427078
with EDL,1000.0,0.5291345151199166,1.4956228141795093e-11,-1.420329165838367e-12,0.014956228141795093,-0.001420329165838367,0.7478114070897546,-0.07101645829191834
with EDL,1000.0,0.5293847758081335,1.5029790870570663e-11,-1.4133774197962325e-12,0.015029790870570662,-0.0014133774197962324,0.751489543528533,-0.07066887098981162
with EDL,1000.0,0.5296350364963504,1.51037154201886e-11,-1.4064596988056119e-12,0.015103715420188601,-0.0014064596988056118,0.75518577100943,-0.07032298494028058
with EDL,1000.0,0.5298852971845673,1.517800357027737e-11,-1.3995758363322068e-12,0.01517800357027737,-0.0013995758363322067,0.7589001785138684,-0.06997879181661033
with EDL,1000.0,0.5301355578727842,1.5252657109218435e-11,-1.3927256666568215e-12,0.015252657109218436,-0.0013927256666568214,0.7626328554609216,-0.06963628333284107
with EDL,1000.0,0.5303858185610011,1.5327677834189637e-11,-1.3859090248713608e-12,0.015327677834189637,-0.0013859090248713609,0.7663838917094818,-0.06929545124356803
with EDL,1000.0,0.530636079249218,1.5403067551208254e-11,-1.3791257468748684e-12,0.015403067551208254,-0.0013791257468748683,0.7701533775604127,-0.06895628734374341
with EDL,1000.0,0.5308863399374348,1.5478828075174542e-11,-1.3723756693695708e-12,0.015478828075174542,-0.0013723756693695707,0.7739414037587271,-0.06861878346847854
with EDL,1000.0,0.5311366006256517,1.5554961229915325e-11,-1.3656586298569518e-12,0.015554961229915325,-0.0013656586298569518,0.7777480614957661,-0.06828293149284759
with EDL,1000.0,0.5313868613138686,1.5631468848228068e-11,-1.3589744666338365e-12,0.015631468848228067,-0.0013589744666338366,0.7815734424114033,-0.06794872333169182
with EDL,1000.0,0.5316371220020855,1.5708352771924888e-11,-1.3523230187885004e-12,0.015708352771924887,-0.0013523230187885004,0.7854176385962444,-0.06761615093942501
with EDL,1000.0,0.5318873826903024,1.578561485187694e-11,-1.3457041261967916e-12,0.01578561485187694,-0.0013457041261967916,0.7892807425938468,-0.06728520630983957
with EDL,1000.0,0.5321376433785193,1.5863256948058874e-11,-1.3391176295182896e-12,0.015863256948058874,-0.0013391176295182896,0.7931628474029436,-0.06695588147591447
with EDL,1000.0,0.5323879040667362,1.594128092959378e-11,-1.332563370192451e-12,0.01594128092959378,-0.001332563370192451,0.7970640464796889,-0.06662816850962254
with EDL,1000.0,0.5326381647549531,1.601968867479805e-11,-1.3260411904348024e-12,0.01601968867479805,-0.0013260411904348025,0.8009844337399025,-0.06630205952174012
with EDL,1000.0,0.5328884254431699,1.6098482071226694e-11,-1.3195509332331408e-12,0.016098482071226695,-0.0013195509332331408,0.8049241035613347,-0.06597754666165703
with EDL,1000.0,0.5331386861313869,1.617766301571865e-11,-1.31309244234375e-12,0.01617766301571865,-0.00131309244234375,0.8088831507859323,-0.06565462211718749
with EDL,1000.0,0.5333889468196038,1.6257233414442525e-11,-1.3066655622876527e-12,0.016257233414442525,-0.0013066655622876527,0.8128616707221261,-0.06533327811438262
with EDL,1000.0,0.5336392075078207,1.633719518294255e-11,-1.3002701383468471e-12,0.01633719518294255,-0.001300270138346847,0.8168597591471273,-0.06501350691734235
with EDL,1000.0,0.5338894681960376,1.641755024618459e-11,-1.2939060165605957e-12,0.01641755024618459,-0.0012939060165605956,0.8208775123092295,-0.06469530082802978
with EDL,1000.0,0.5341397288842544,1.6498300538602528e-11,-1.287573043721719e-12,0.016498300538602528,-0.001287573043721719,0.8249150269301263,-0.06437865218608595
with EDL,1000.0,0.5343899895724713,1.6579448004144828e-11,-1.2812710673728996e-12,0.016579448004144827,-0.0012812710673728996,0.8289724002072413,-0.06406355336864497
with EDL,1000.0,0.5346402502606882,1.666099459632135e-11,-1.274999935803019e-12,0.01666099459632135,-0.001274999935803019,0.8330497298160674,-0.06374999679015095
with EDL,1000.0,0.5348905109489052,1.6742942278250314e-11,-1.2687594980434992e-12,0.016742942278250315,-0.0012687594980434992,0.8371471139125156,-0.06343797490217495
with EDL,1000.0,0.535140771637122,1.6825293022705602e-11,-1.2625496038646818e-12,0.016825293022705603,-0.0012625496038646817,0.84126465113528,-0.06312748019323408
with EDL,1000.0,0.5353910323253389,1.6908048812164312e-11,-1.2563701037721913e-12,0.016908048812164313,-0.0012563701037721913,0.8454024406082155,-0.06281850518860956
with EDL,1000.0,0.5356412930135558,1.6991211638854385e-11,-1.250220849003351e-12,0.016991211638854385,-0.001250220849003351,0.8495605819427192,-0.06251104245016754
with EDL,1000.0,0.5358915537017727,1.7074783504802654e-11,-1.2441016915235956e-12,0.017074783504802654,-0.0012441016915235956,0.8537391752401327,-0.06220508457617978
with EDL,1000.0,0.5361418143899896,1.7158766421882912e-11,-1.238012484022909e-12,0.017158766421882913,-0.0012380124840229091,0.8579383210941456,-0.06190062420114545
with EDL,1000.0,0.5363920750782065,1.7243162411864442e-11,-1.2319530799122858e-12,0.01724316241186444,-0.0012319530799122858,0.8621581205932219,-0.06159765399561428
with EDL,1000.0,0.5366423357664234,1.73279735064607e-11,-1.2259233333201847e-12,0.0173279735064607,-0.0012259233333201847,0.8663986753230349,-0.061296166666009226
with EDL,1000.0,0.5368925964546403,1.7413201747378205e-11,-1.2199230990890313e-12,0.017413201747378204,-0.0012199230990890314,0.8706600873689102,-0.060996154954451556
with EDL,1000.0,0.5371428571428571,1.7498849186365646e-11,-1.2139522327717189e-12,0.017498849186365645,-0.001213952232771719,0.8749424593182822,-0.06069761163858594
with EDL,1000.0,0.537393117831074,1.758491788526333e-11,-1.2080105906281317e-12,0.01758491788526333,-0.0012080105906281317,0.8792458942631663,-0.06040052953140658
with EDL,1000.0,0.5376433785192909,1.7671409916052786e-11,-1.2020980296216846e-12,0.017671409916052785,-0.0012020980296216846,0.8835704958026392,-0.06010490148108422
with EDL,1000.0,0.5378936392075078,1.7758327360906668e-11,-1.1962144074158775e-12,0.017758327360906666,-0.0011962144074158774,0.8879163680453332,-0.05981072037079387
with EDL,1000.0,0.5381438998957248,1.784567231223888e-11,-1.190359582370872e-12,0.01784567231223888,-0.001190359582370872,0.892283615611944,-0.0595179791185436
with EDL,1000.0,0.5383941605839416,1.7933446872754906e-11,-1.1845334135400863e-12,0.017933446872754905,-0.0011845334135400863,0.8966723436377452,-0.05922667067700431
with EDL,1000.0,0.5386444212721585,1.8021653155502424e-11,-1.1787357606667869e-12,0.018021653155502425,-0.001178735760666787,0.9010826577751211,-0.05893678803333934
with EDL,1000.0,0.5388946819603754,1.8110293283922324e-11,-1.1729664841807261e-12,0.018110293283922323,-0.0011729664841807262,0.9055146641961161,-0.0586483242090363
with EDL,1000.0,0.5391449426485924,1.8199369391899627e-11,-1.167225445194773e-12,0.018199369391899627,-0.001167225445194773,0.9099684695949812,-0.058361272259738646
with EDL,1000.0,0.5393952033368092,1.828888362381492e-11,-1.1615125055015845e-12,0.018288883623814922,-0.0011615125055015846,0.914444181190746,-0.05807562527507922
with EDL,1000.0,0.5396454640250261,1.8378838134596086e-11,-1.155827527570257e-12,0.018378838134596086,-0.0011558275275702571,0.9189419067298042,-0.057791376378512845
with EDL,1000.0,0.539895724713243,1.846923508977005e-11,-1.1501703745430333e-12,0.01846923508977005,-0.0011501703745430334,0.9234617544885024,-0.05750851872715166
with EDL,1000.0,0.5401459854014599,1.8560076665514957e-11,-1.1445409102319978e-12,0.018560076665514957,-0.0011445409102319977,0.9280038332757478,-0.057227045511599885
with EDL,1000.0,0.5403962460896767,1.8651365048712567e-11,-1.1389389991158025e-12,0.01865136504871257,-0.0011389389991158026,0.9325682524356282,-0.056946949955790124
with EDL,1000.0,0.5406465067778936,1.874310243700089e-11,-1.1333645063364033e-12,0.018743102437000888,-0.0011333645063364033,0.9371551218500443,-0.05666822531682016
with EDL,1000.0,0.5408967674661105,1.8835291038827094e-11,-1.1278172976958139e-12,0.018835291038827095,-0.0011278172976958139,0.9417645519413546,-0.05639086488479069
with EDL,1000.0,0.5411470281543275,1.8927933073500706e-11,-1.1222972396528712e-12,0.018927933073500706,-0.0011222972396528713,0.9463966536750352,-0.05611486198264356
with EDL,1000.0,0.5413972888425443,1.9021030771246908e-11,-1.116804199320034e-12,0.019021030771246908,-0.0011168041993200339,0.9510515385623453,-0.0558402099660017
with EDL,1000.0,0.5416475495307612,1.911458637326045e-11,-1.1113380444601633e-12,0.01911458637326045,-0.0011113380444601633,0.9557293186630224,-0.05556690222300816
with EDL,1000.0,0.5418978102189781,1.9208602131759346e-11,-1.1058986434833556e-12,0.019208602131759345,-0.0011058986434833557,0.9604301065879671,-0.055294932174167775
with EDL,1000.0,0.542148070907195,1.9303080310039315e-11,-1.1004858654437669e-12,0.019303080310039314,-0.0011004858654437668,0.9651540155019657,-0.055024293272188336
with EDL,1000.0,0.542398331595412,1.9398023182528225e-11,-1.0950995800364598e-12,0.019398023182528226,-0.0010950995800364598,0.9699011591264112,-0.05475497900182298
with EDL,1000.0,0.5426485922836288,1.949343303484058e-11,-1.0897396575942785e-12,0.01949343303484058,-0.0010897396575942785,0.9746716517420289,-0.054486982879713916
with EDL,1000.0,0.5428988529718457,1.9589312163832966e-11,-1.0844059690847094e-12,0.019589312163832966,-0.0010844059690847095,0.9794656081916482,-0.05422029845423546
with EDL,1000.0,0.5431491136600626,1.968566287765907e-11,-1.0790983861067861e-12,0.01968566287765907,-0.0010790983861067862,0.9842831438829533,-0.0539549193053393
with EDL,1000.0,0.5433993743482795,1.9782487495825313e-11,-1.0738167808879961e-12,0.019782487495825313,-0.0010738167808879962,0.9891243747912655,-0.0536908390443998
with EDL,1000.0,0.5436496350364963,1.987978834924669e-11,-1.0685610262812032e-12,0.01987978834924669,-0.0010685610262812033,0.9939894174623344,-0.05342805131406016
with EDL,1000.0,0.5438998957247132,1.9977567780302884e-11,-1.0633309957615914e-12,0.019977567780302883,-0.0010633309957615914,0.9988783890151441,-0.05316654978807956
with EDL,1000.0,0.5441501564129302,2.0075828142894687e-11,-1.058126563423609e-12,0.020075828142894686,-0.0010581265634236091,1.0037914071447342,-0.05290632817118045
with EDL,1000.0,0.5444004171011471,2.017457180250053e-11,-1.0529476039779543e-12,0.02017457180250053,-0.0010529476039779543,1.0087285901250265,-0.05264738019889771
with EDL,1000.0,0.5446506777893639,2.027380113623367e-11,-1.0477939927485404e-12,0.020273801136233668,-0.0010477939927485403,1.0136900568116833,-0.05238969963742701
with EDL,1000.0,0.5449009384775808,2.0373518532899133e-11,-1.0426656056695055e-12,0.020373518532899135,-0.0010426656056695056,1.0186759266449565,-0.05213328028347527
with EDL,1000.0,0.5451511991657977,2.0473726393051486e-11,-1.0375623192822233e-12,0.020473726393051485,-0.0010375623192822232,1.0236863196525743,-0.051878115964111154
with EDL,1000.0,0.5454014598540147,2.0574427129052502e-11,-1.0324840107323273e-12,0.0205744271290525,-0.0010324840107323273,1.028721356452625,-0.051624200536616364
with EDL,1000.0,0.5456517205422315,2.0675623165129122e-11,-1.0274305577667686e-12,0.020675623165129123,-0.0010274305577667687,1.033781158256456,-0.05137152788833843
with EDL,1000.0,0.5459019812304484,2.077731693743204e-11,-1.022401838730849e-12,0.02077731693743204,-0.001022401838730849,1.0388658468716019,-0.05112009193654245
with EDL,1000.0,0.5461522419186653,2.0879510894094265e-11,-1.0173977325653088e-12,0.020879510894094264,-0.001017397732565309,1.0439755447047132,-0.050869886628265436
with EDL,1000.0,0.5464025026068822,2.0982207495289897e-11,-1.0124181188034082e-12,0.0209822074952899,-0.0010124181188034083,1.0491103747644948,-0.05062090594017041
with EDL,1000.0,0.546652763295099,2.108540921329361e-11,-1.0074628775680271e-12,0.02108540921329361,-0.0010074628775680271,1.0542704606646804,-0.050373143878401354
with EDL,1000.0,0.5469030239833159,2.118911853254001e-11,-1.0025318895687788e-12,0.021189118532540012,-0.0010025318895687787,1.0594559266270005,-0.05012659447843894
with EDL,1000.0,0.5471532846715328,2.1293337949683482e-11,-9.9762503609914e-13,0.02129333794968348,-0.00099762503609914,1.064666897484174,-0.04988125180495699
with EDL,1000.0,0.5474035453597498,2.1398069973658326e-11,-9.92742199033587e-13,0.021398069973658326,-0.000992742199033587,1.0699034986829161,-0.049637109951679345
with EDL,1000.0,0.5476538060479667,2.1503317125739045e-11,-9.878832608247683e-13,0.021503317125739045,-0.0009878832608247684,1.0751658562869522,-0.049394163041238406
with EDL,1000.0,0.5479040667361835,2.1609081939601127e-11,-9.830481045006526e-13,0.02160908193960113,-0.0009830481045006525,1.0804540969800562,-0.04915240522503262
with EDL,1000.0,0.5481543274244004,2.1715366961382102e-11,-9.782366136617268e-13,0.021715366961382102,-0.0009782366136617269,1.085768348069105,-0.048911830683086334
with EDL,1000.0,0.5484045881126174,2.182217474974277e-11,-9.73448672478189e-13,0.02182217474974277,-0.0009734486724781889,1.0911087374871384,-0.04867243362390944
with EDL,1000.0,0.5486548488008343,2.1929507875928672e-11,-9.686841656871683e-13,0.02192950787592867,-0.0009686841656871683,1.0964753937964336,-0.04843420828435841
with EDL,1000.0,0.5489051094890511,2.203736892383223e-11,-9.63942978589937e-13,0.022037368923832228,-0.0009639429785899369,1.1018684461916113,-0.04819714892949684
with EDL,1000.0,0.549155370177268,2.2145760490054783e-11,-9.592249970491577e-13,0.022145760490054782,-0.0009592249970491577,1.107288024502739,-0.04796124985245788
with EDL,1000.0,0.5494056308654849,2.2254685183969166e-11,-9.545301074861328e-13,0.022254685183969166,-0.0009545301074861328,1.1127342591984581,-0.04772650537430664
with EDL,1000.0,0.5496558915537018,2.2364145627782473e-11,-9.498581968780745e-13,0.022364145627782474,-0.0009498581968780745,1.1182072813891235,-0.04749290984390372
with EDL,1000.0,0.5499061522419186,2.2474144456599283e-11,-9.452091527553775e-13,0.022474144456599284,-0.0009452091527553775,1.123707222829964,-0.047260457637768864
with EDL,1000.0,0.5501564129301355,2.2584684318484902e-11,-9.405828631989154e-13,0.022584684318484902,-0.0009405828631989154,1.129234215924245,-0.04702914315994576
with EDL,1000.0,0.5504066736183525,2.2695767874529425e-11,-9.359792168373435e-13,0.022695767874529427,-0.0009359792168373435,1.1347883937264711,-0.04679896084186717
with EDL,1000.0,0.5506569343065694,2.2807397798911343e-11,-9.313981028444271e-13,0.022807397798911343,-0.0009313981028444272,1.140369889945567,-0.046569905142221354
with EDL,1000.0,0.5509071949947862,2.291957677896242e-11,-9.268394109363592e-13,0.02291957677896242,-0.0009268394109363592,1.145978838948121,-0.046341970546817955
with EDL,1000.0,0.5511574556830031,2.303230751523209e-11,-9.223030313691136e-13,0.023032307515232088,-0.0009223030313691135,1.1516153757616043,-0.04611515156845567
with EDL,1000.0,0.55140771637122,2.3145592721552512e-11,-9.177888549358045e-13,0.023145592721552512,-0.0009177888549358046,1.1572796360776254,-0.04588944274679022
with EDL,1000.0,0.551657977059437,2.3259435125103974e-11,-9.132967729640507e-13,0.023259435125103974,-0.0009132967729640507,1.1629717562551987,-0.04566483864820253
with EDL,1000.0,0.5519082377476539,2.3373837466480374e-11,-9.088266773133714e-13,0.023373837466480373,-0.0009088266773133715,1.1686918733240186,-0.045441333865668565
with EDL,1000.0,0.5521584984358707,2.3488802499755443e-11,-9.04378460372568e-13,0.023488802499755445,-0.0009043784603725679,1.174440124987772,-0.04521892301862839
with EDL,1000.0,0.5524087591240876,2.3604332992548865e-11,-8.99952015057143e-13,0.023604332992548865,-0.000899952015057143,1.180216649627443,-0.04499760075285714
with EDL,1000.0,0.5526590198123045,2.372043172609297e-11,-8.9554723480672e-13,0.02372043172609297,-0.00089554723480672,1.1860215863046484,-0.044777361740335996
with EDL,1000.0,0.5529092805005213,2.383710149529967e-11,-8.911640135824784e-13,0.023837101495299672,-0.0008911640135824784,1.1918550747649834,-0.044558200679123916
with EDL,1000.0,0.5531595411887382,2.3954345108827752e-11,-8.868022458645987e-13,0.02395434510882775,-0.0008868022458645987,1.1977172554413875,-0.04434011229322993
with EDL,1000.0,0.5534098018769552,2.4072165389150576e-11,-8.824618266497269e-13,0.024072165389150576,-0.0008824618266497269,1.2036082694575287,-0.04412309133248634
with EDL,1000.0,0.5536600625651721,2.419056517262367e-11,-8.781426514484447e-13,0.02419056517262367,-0.0008781426514484447,1.2095282586311833,-0.04390713257242223
with EDL,1000.0,0.553910323253389,2.4309547309553585e-11,-8.738446162827492e-13,0.024309547309553585,-0.0008738446162827493,1.2154773654776792,-0.04369223081413746
with EDL,1000.0,0.5541605839416058,2.4429114664265984e-11,-8.695676176835557e-13,0.024429114664265984,-0.0008695676176835557,1.2214557332132991,-0.043478380884177784
with EDL,1000.0,0.5544108446298227,2.4549270115174946e-11,-8.653115526882053e-13,0.024549270115174944,-0.0008653115526882053,1.227463505758747,-0.04326557763441026
with EDL,1000.0,0.5546611053180397,2.4670016554852134e-11,-8.61076318837983e-13,0.024670016554852132,-0.0008610763188379829,1.2335008277426065,-0.043053815941899144
with EDL,1000.0,0.5549113660062566,2.479135689009628e-11,-8.56861814175661e-13,0.02479135689009628,-0.000856861814175661,1.239567844504814,-0.042843090708783046
with EDL,1000.0,0.5551616266944734,2.4913294042003462e-11,-8.526679372430296e-13,0.024913294042003462,-0.0008526679372430296,1.245664702100173,-0.04263339686215148
with EDL,1000.0,0.5554118873826903,2.5035830946037204e-11,-8.484945870784673e-13,0.025035830946037205,-0.0008484945870784673,1.2517915473018602,-0.042424729353923364
with EDL,1000.0,0.5556621480709072,2.5158970552099225e-11,-8.443416632145026e-13,0.025158970552099223,-0.0008443416632145026,1.2579485276049611,-0.04221708316072512
with EDL,1000.0,0.5559124087591241,2.528271582460043e-11,-8.402090656753989e-13,0.025282715824600427,-0.0008402090656753989,1.2641357912300213,-0.04201045328376994
with EDL,1000.0,0.5561626694473409,2.5407069742532287e-11,-8.360966949747467e-13,0.025407069742532287,-0.0008360966949747466,1.2703534871266142,-0.04180483474873733
with EDL,1000.0,0.5564129301355578,2.553203529953853e-11,-8.320044521130706e-13,0.02553203529953853,-0.0008320044521130705,1.2766017649769263,-0.04160022260565353
with EDL,1000.0,0.5566631908237748,2.5657615503987335e-11,-8.279322385754407e-13,0.025657615503987336,-0.0008279322385754407,1.2828807751993667,-0.04139661192877203
with EDL,1000.0,0.5569134515119917,2.578381337904336e-11,-8.238799563291094e-13,0.025783813379043362,-0.0008238799563291095,1.289190668952168,-0.04119399781645547
with EDL,1000.0,0.5571637122002085,2.5910631962741085e-11,-8.198475078211439e-13,0.025910631962741085,-0.0008198475078211439,1.295531598137054,-0.04099237539105719
with EDL,1000.0,0.5574139728884254,2.6038074308057568e-11,-8.158347959760799e-13,0.026038074308057567,-0.0008158347959760798,1.3019037154028783,-0.04079173979880399
with EDL,1000.0,0.5576642335766424,2.6166143482986134e-11,-8.118417241935837e-13,0.026166143482986133,-0.0008118417241935837,1.3083071741493066,-0.04059208620967918
with EDL,1000.0,0.5579144942648593,2.629484257060988e-11,-8.078681963461351e-13,0.02629484257060988,-0.0008078681963461351,1.3147421285304939,-0.04039340981730675
with EDL,1000.0,0.5581647549530762,2.6424174669176404e-11,-8.03914116776699e-13,0.026424174669176403,-0.000803914116776699,1.32120873345882,-0.040195705838834944
with EDL,1000.0,0.558415015641293,2.6554142892172072e-11,-7.999793902964328e-13,0.02655414289217207,-0.0007999793902964328,1.3277071446086035,-0.03999896951482164
with EDL,1000.0,0.5586652763295099,2.6684750368397036e-11,-7.96063922182392e-13,0.026684750368397035,-0.000796063922182392,1.3342375184198516,-0.039803196109119594
with EDL,1000.0,0.5589155370177268,2.6816000242040546e-11,-7.921676181752487e-13,0.026816000242040547,-0.0007921676181752487,1.3408000121020272,-0.03960838090876243
with EDL,1000.0,0.5591657977059437,2.6947895672756682e-11,-7.882903844770252e-13,0.026947895672756683,-0.0007882903844770252,1.347394783637834,-0.03941451922385126
with EDL,1000.0,0.5594160583941605,2.7080439835740374e-11,-7.84432127748835e-13,0.027080439835740374,-0.000784432127748835,1.3540219917870187,-0.039221606387441744
with EDL,1000.0,0.5596663190823775,2.7213635921803958e-11,-7.805927551086314e-13,0.02721363592180396,-0.0007805927551086314,1.3606817960901978,-0.039029637755431563
with EDL,1000.0,0.5599165797705944,2.7347487137453612e-11,-7.767721741289806e-13,0.02734748713745361,-0.0007767721741289806,1.3673743568726804,-0.03883860870644903
with EDL,1000.0,0.5601668404588113,2.748199670496709e-11,-7.729702928348272e-13,0.02748199670496709,-0.0007729702928348272,1.3740998352483544,-0.038648514641741356
with EDL,1000.0,0.5604171011470281,2.7617167862470978e-11,-7.691870197012854e-13,0.027617167862470978,-0.0007691870197012855,1.3808583931235487,-0.03845935098506427
with EDL,1000.0,0.5606673618352451,2.775300386401871e-11,-7.654222636514325e-13,0.02775300386401871,-0.0007654222636514325,1.3876501932009353,-0.03827111318257162
with EDL,1000.0,0.560917622523462,2.7889507979668757e-11,-7.616759340541234e-13,0.027889507979668757,-0.0007616759340541234,1.3944753989834378,-0.03808379670270617
with EDL,1000.0,0.5611678832116789,2.8026683495563653e-11,-7.579479407218002e-13,0.028026683495563653,-0.0007579479407218002,1.4013341747781825,-0.037897397036090005
with EDL,1000.0,0.5614181438998957,2.8164533714008914e-11,-7.542381939083235e-13,0.028164533714008913,-0.0007542381939083235,1.4082266857004455,-0.03771190969541617
with EDL,1000.0,0.5616684045881126,2.830306195355243e-11,-7.505466043068145e-13,0.028303061953552432,-0.0007505466043068145,1.4151530976776214,-0.03752733021534072
with EDL,1000.0,0.5619186652763295,2.844227154906462e-11,-7.468730830475022e-13,0.02844227154906462,-0.0007468730830475023,1.4221135774532307,-0.03734365415237511
with EDL,1000.0,0.5621689259645464,2.8582165851818535e-11,-7.432175416955878e-13,0.028582165851818536,-0.0007432175416955878,1.4291082925909266,-0.03716087708477939
with EDL,1000.0,0.5624191866527632,2.8722748229570588e-11,-7.395798922491107e-13,0.028722748229570588,-0.0007395798922491107,1.4361374114785292,-0.03697899461245553
with EDL,1000.0,0.5626694473409802,2.8864022066641705e-11,-7.359600471368314e-13,0.028864022066641706,-0.0007359600471368314,1.443201103332085,-0.036798002356841567
with EDL,1000.0,0.5629197080291971,2.9005990763998416e-11,-7.323579192161301e-13,0.029005990763998415,-0.0007323579192161302,1.4502995381999206,-0.0366178959608065
with EDL,1000.0,0.563169968717414,2.914865773933533e-11,-7.287734217708979e-13,0.029148657739335327,-0.0007287734217708979,1.4574328869667663,-0.03643867108854489
with EDL,1000.0,0.5634202294056309,2.9292026427156995e-11,-7.25206468509455e-13,0.029292026427156996,-0.000725206468509455,1.4646013213578497,-0.036260323425472744
with EDL,1000.0,0.5636704900938477,2.94361002788607e-11,-7.216569735624754e-13,0.029436100278860698,-0.0007216569735624753,1.471805013943035,-0.036082848678123766
with EDL,1000.0,0.5639207507820647,2.95808827628196e-11,-7.181248514809139e-13,0.0295808827628196,-0.0007181248514809139,1.4790441381409798,-0.03590624257404569
with EDL,1000.0,0.5641710114702816,2.972637736446601e-11,-7.146100172339567e-13,0.029726377364466008,-0.0007146100172339567,1.4863188682233002,-0.03573050086169783
with EDL,1000.0,0.5644212721584985,2.98725875863756e-11,-7.111123862069662e-13,0.029872587586375603,-0.0007111123862069662,1.49362937931878,-0.035555619310348306
with EDL,1000.0,0.5646715328467153,3.0019516948351575e-11,-7.076318741994486e-13,0.030019516948351574,-0.0007076318741994485,1.5009758474175785,-0.035381593709972424
with EDL,1000.0,0.5649217935349322,3.016716898750937e-11,-7.04168397423027e-13,0.03016716898750937,-0.000704168397423027,1.5083584493754683,-0.03520841987115135
with EDL,1000.0,0.5651720542231491,3.031554725836186e-11,-7.007218724994245e-13,0.030315547258361858,-0.0007007218724994244,1.5157773629180928,-0.03503609362497122
with EDL,1000.0,0.565422314911366,3.046465533290498e-11,-6.972922164584532e-13,0.030464655332904978,-0.0006972922164584532,1.523232766645249,-0.03486461082292266
with EDL,1000.0,0.565672575599583,3.0614496800703584e-11,-6.938793467360205e-13,0.030614496800703585,-0.0006938793467360205,1.530724840035179,-0.034693967336801024
with EDL,1000.0,0.5659228362877998,3.0765075268977765e-11,-6.90483181172143e-13,0.030765075268977767,-0.0006904831811721429,1.538253763448888,-0.034524159058607146
with EDL,1000.0,0.5661730969760167,3.091639436269012e-11,-6.871036380089632e-13,0.030916394362690124,-0.0006871036380089633,1.5458197181345061,-0.03435518190044816
with EDL,1000.0,0.5664233576642336,3.106845772463267e-11,-6.837406358887848e-13,0.03106845772463267,-0.0006837406358887848,1.5534228862316335,-0.034187031794439236
with EDL,1000.0,0.5666736183524504,3.1221269015514605e-11,-6.803940938521142e-13,0.031221269015514606,-0.0006803940938521142,1.5610634507757302,-0.03401970469260571
with EDL,1000.0,0.5669238790406674,3.137483191405051e-11,-6.770639313357104e-13,0.03137483191405051,-0.0006770639313357105,1.5687415957025252,-0.033853196566785516
with EDL,1000.0,0.5671741397288843,3.1529150117048674e-11,-6.737500681706484e-13,0.031529150117048675,-0.0006737500681706484,1.5764575058524337,-0.03368750340853242
with EDL,1000.0,0.5674244004171012,3.168422733950045e-11,-6.704524245803836e-13,0.03168422733950045,-0.0006704524245803835,1.5842113669750222,-0.033522621229019174
with EDL,1000.0,0.5676746611053181,3.184006731466945e-11,-6.671709211788357e-13,0.03184006731466945,-0.0006671709211788357,1.5920033657334722,-0.033358546058941785
with EDL,1000.0,0.5679249217935349,3.1996673794181455e-11,-6.639054789684764e-13,0.03199667379418145,-0.0006639054789684764,1.5998336897090726,-0.033195273948423816
with EDL,1000.0,0.5681751824817518,3.2154050548114766e-11,-6.60656019338429e-13,0.032154050548114765,-0.000660656019338429,1.6077025274057382,-0.03303280096692145
with EDL,1000.0,0.5684254431699687,3.231220136509094e-11,-6.574224640625729e-13,0.03231220136509094,-0.0006574224640625729,1.615610068254547,-0.03287112320312864
with EDL,1000.0,0.5686757038581856,3.247113005236599e-11,-6.542047352976638e-13,0.032471130052365994,-0.0006542047352976638,1.6235565026182994,-0.03271023676488319
with EDL,1000.0,0.5689259645464025,3.26308404359222e-11,-6.510027555814559e-13,0.0326308404359222,-0.0006510027555814559,1.6315420217961099,-0.03255013777907279
with EDL,1000.0,0.5691762252346194,3.279133636055975e-11,-6.478164478308434e-13,0.03279133636055975,-0.0006478164478308433,1.6395668180279872,-0.032390822391542166
with EDL,1000.0,0.5694264859228363,3.2952621689989794e-11,-6.44645735339996e-13,0.032952621689989796,-0.000644645735339996,1.6476310844994895,-0.032232286766999796
with EDL,1000.0,0.5696767466110532,3.3114700306927345e-11,-6.414905417785207e-13,0.03311470030692735,-0.0006414905417785207,1.6557350153463672,-0.03207452708892603
with EDL,1000.0,0.5699270072992701,3.327757611318469e-11,-6.383507911896177e-13,0.033277576113184694,-0.0006383507911896177,1.6638788056592344,-0.03191753955948088
with EDL,1000.0,0.570177267987487,3.3441253029765134e-11,-6.352264079882585e-13,0.03344125302976513,-0.0006352264079882585,1.6720626514882566,-0.03176132039941292
with EDL,1000.0,0.5704275286757039,3.3605734996957734e-11,-6.32117316959359e-13,0.03360573499695774,-0.000632117316959359,1.6802867498478866,-0.03160586584796794
with EDL,1000.0,0.5706777893639208,3.377102597443196e-11,-6.290234432559742e-13,0.033771025974431955,-0.0006290234432559742,1.6885512987215978,-0.031451172162798705
with EDL,1000.0,0.5709280500521376,3.3937129941333054e-11,-6.25944712397495e-13,0.03393712994133306,-0.000625944712397495,1.6968564970666524,-0.03129723561987475
with EDL,1000.0,0.5711783107403545,3.41040508963778e-11,-6.228810502678535e-13,0.0341040508963778,-0.0006228810502678535,1.7052025448188899,-0.03114405251339267
with EDL,1000.0,0.5714285714285714,3.4271792857950835e-11,-6.198323831137405e-13,0.03427179285795084,-0.0006198323831137405,1.7135896428975415,-0.03099161915568702
with EDL,1000.0,0.5716788321167883,3.444035986420133e-11,-6.167986375428296e-13,0.03444035986420133,-0.0006167986375428296,1.7220179932100663,-0.030839931877141475
with EDL,1000.0,0.5719290928050053,3.4609755973140404e-11,-6.13779740522009e-13,0.0346097559731404,-0.000613779740522009,1.73048779865702,-0.03068898702610045
with EDL,1000.0,0.5721793534932221,3.477998526273823e-11,-6.107756193756279e-13,0.03477998526273823,-0.0006107756193756279,1.7389992631369113,-0.03053878096878139
with EDL,1000.0,0.572429614181439,3.495105183102301e-11,-6.077862017837408e-13,0.034951051831023004,-0.0006077862017837408,1.7475525915511503,-0.030389310089187035
with EDL,1000.0,0.5726798748696559,3.512295979617911e-11,-6.048114157803707e-13,0.03512295979617911,-0.0006048114157803708,1.7561479898089554,-0.030240570789018536
with EDL,1000.0,0.5729301355578728,3.5295713296646404e-11,-6.018511897517746e-13,0.0352957132966464,-0.0006018511897517747,1.7647856648323201,-0.030092559487588728
with EDL,1000.0,0.5731803962460897,3.546931649121968e-11,-5.989054524347191e-13,0.035469316491219684,-0.0005989054524347191,1.7734658245609838,-0.029945272621735953
with EDL,1000.0,0.5734306569343066,3.564377355914893e-11,-5.959741329147694e-13,0.03564377355914893,-0.0005959741329147695,1.7821886779574463,-0.02979870664573847
with EDL,1000.0,0.5736809176225235,3.581908870024003e-11,-5.930571606245749e-13,0.03581908870024003,-0.000593057160624575,1.7909544350120012,-0.029652858031228746
with EDL,1000.0,0.5739311783107404,3.5995266134955705e-11,-5.901544653421768e-13,0.035995266134955704,-0.0005901544653421769,1.799763306747785,-0.02950772326710884
with EDL,1000.0,0.5741814389989572,3.6172310104517164e-11,-5.87265977189313e-13,0.036172310104517165,-0.000587265977189313,1.8086155052258581,-0.029363298859465647
with EDL,1000.0,0.5744316996871741,3.6350224871006214e-11,-5.843916266297395e-13,0.03635022487100621,-0.0005843916266297395,1.8175112435503105,-0.02921958133148697
with EDL,1000.0,0.574681960375391,3.6529014717467856e-11,-5.815313444675535e-13,0.036529014717467855,-0.0005815313444675536,1.8264507358733926,-0.029076567223377675
with EDL,1000.0,0.574932221063608,3.6708683948013525e-11,-5.786850618455287e-13,0.03670868394801353,-0.0005786850618455287,1.835434197400676,-0.02893425309227643
with EDL,1000.0,0.5751824817518248,3.68892368879242e-11,-5.758527102434594e-13,0.0368892368879242,-0.0005758527102434594,1.8444618443962097,-0.02879263551217297
with EDL,1000.0,0.5754327424400417,3.707067788375528e-11,-5.730342214765092e-13,0.03707067788375528,-0.0005730342214765093,1.8535338941877637,-0.02865171107382546
with EDL,1000.0,0.5756830031282586,3.7253011303440726e-11,-5.70229527693568e-13,0.037253011303440726,-0.000570229527693568,1.862650565172036,-0.028511476384678394
with EDL,1000.0,0.5759332638164755,3.743624153639833e-11,-5.674385613756215e-13,0.03743624153639833,-0.0005674385613756214,1.8718120768199165,-0.02837192806878107
with EDL,1000.0,0.5761835245046925,3.762037299363547e-11,-5.646612553341228e-13,0.03762037299363547,-0.0005646612553341228,1.8810186496817733,-0.028233062766706136
with EDL,1000.0,0.5764337851929093,3.7805410107854984e-11,-5.618975427093815e-13,0.037805410107854986,-0.0005618975427093815,1.890270505392749,-0.02809487713546907
with EDL,1000.0,0.5766840458811262,3.7991357333562363e-11,-5.591473569689443e-13,0.03799135733356236,-0.0005591473569689444,1.899567866678118,-0.027957367848447212
with EDL,1000.0,0.5769343065693431,3.817821914717269e-11,-5.564106319060012e-13,0.03817821914717269,-0.0005564106319060012,1.9089109573586343,-0.02782053159530006
with EDL,1000.0,0.57718456725756,3.836600004711827e-11,-5.536873016377877e-13,0.03836600004711827,-0.0005536873016377877,1.9183000023559136,-0.027684365081889383
with EDL,1000.0,0.5774348279457768,3.855470455395732e-11,-5.509773006040002e-13,0.03855470455395732,-0.0005509773006040002,1.9277352276978656,-0.027548865030200004
with EDL,1000.0,0.5776850886339937,3.874433721048248e-11,-5.482805635652174e-13,0.03874433721048248,-0.0005482805635652173,1.9372168605241238,-0.027414028178260864
with EDL,1000.0,0.5779353493222106,3.893490258183037e-11,-5.455970256013298e-13,0.03893490258183037,-0.0005455970256013299,1.9467451290915183,-0.027279851280066488
with EDL,1000.0,0.5781856100104276,3.912640525559125e-11,-5.429266221099756e-13,0.03912640525559125,-0.0005429266221099756,1.9563202627795624,-0.027146331105498776
with EDL,1000.0,0.5784358706986444,3.931884984191959e-11,-5.402692888049915e-13,0.039318849841919586,-0.0005402692888049914,1.9659424920959794,-0.027013464440249574
with EDL,1000.0,0.5786861313868613,3.9512240973645227e-11,-5.376249617148554e-13,0.039512240973645224,-0.0005376249617148553,1.975612048682261,-0.026881248085742764
with EDL,1000.0,0.5789363920750782,3.970658330638463e-11,-5.349935771811527e-13,0.03970658330638463,-0.0005349935771811527,1.9853291653192315,-0.02674967885905763
with EDL,1000.0,0.5791866527632952,3.990188151865319e-11,-5.323750718570417e-13,0.03990188151865319,-0.0005323750718570418,1.9950940759326592,-0.026618753592852082
with EDL,1000.0,0.579436913451512,4.009814031197748e-11,-5.297693827057319e-13,0.04009814031197748,-0.0005297693827057318,2.004907015598874,-0.02648846913528659
with EDL,1000.0,0.5796871741397289,4.029536441100896e-11,-5.271764469989621e-13,0.040295364411008956,-0.0005271764469989621,2.014768220550448,-0.026358822349948106
with EDL,1000.0,0.5799374348279458,4.049355856363735e-11,-5.245962023154918e-13,0.040493558563637344,-0.0005245962023154918,2.024677928181867,-0.02622981011577459
with EDL,1000.0,0.5801876955161627,4.0692727541105013e-11,-5.220285865396003e-13,0.04069272754110501,-0.0005220285865396003,2.0346363770552505,-0.026101429326980015
with EDL,1000.0,0.5804379562043795,4.0892876138121875e-11,-5.194735378595884e-13,0.04089287613812188,-0.0005194735378595885,2.0446438069060937,-0.02597367689297942
with EDL,1000.0,0.5806882168925964,4.109400917298094e-11,-5.169309947662926e-13,0.041094009172980936,-0.0005169309947662926,2.0547004586490467,-0.025846549738314628
with EDL,1000.0,0.5809384775808133,4.129613148767371e-11,-5.144008960516034e-13,0.041296131487673714,-0.0005144008960516034,2.0648065743836854,-0.025720044802580166
with EDL,1000.0,0.5811887382690303,4.149924794800771e-11,-5.118831808069907e-13,0.04149924794800771,-0.0005118831808069907,2.0749623974003852,-0.025594159040349534
with EDL,1000.0,0.5814389989572472,4.1703363443722724e-11,-5.093777884220433e-13,0.041703363443722725,-0.0005093777884220432,2.085168172186136,-0.02546888942110216
with EDL,1000.0,0.581689259645464,4.190848288860914e-11,-5.068846585830006e-13,0.04190848288860914,-0.0005068846585830006,2.095424144430457,-0.02534423292915003
with EDL,1000.0,0.5819395203336809,4.211461122062591e-11,-5.044037312713068e-13,0.04211461122062591,-0.0005044037312713068,2.105730561031295,-0.025220186563565335
with EDL,1000.0,0.5821897810218978,4.2321753402019484e-11,-5.019349467621656e-13,0.042321753402019484,-0.0005019349467621655,2.116087670100974,-0.025096747338108277
with EDL,1000.0,0.5824400417101148,4.2529914419443407e-11,-4.994782456230989e-13,0.042529914419443406,-0.0004994782456230989,2.12649572097217,-0.024973912281154944
with EDL,1000.0,0.5826903023983316,4.2739099284078026e-11,-4.97033568712523e-13,0.04273909928407803,-0.0004970335687125231,2.136954964203901,-0.02485167843562615
with EDL,1000.0,0.5829405630865485,4.294931303175153e-11,-4.946008571783161e-13,0.04294931303175153,-0.000494600857178316,2.1474656515875763,-0.024730042858915804
with EDL,1000.0,0.5831908237747654,4.316056072306099e-11,-4.921800524564077e-13,0.04316056072306099,-0.0004921800524564078,2.1580280361530493,-0.024609002622820383
with EDL,1000.0,0.5834410844629823,4.337284744349417e-11,-4.897710962693665e-13,0.04337284744349417,-0.0004897710962693666,2.168642372174708,-0.024488554813468327
with EDL,1000.0,0.5836913451511991,4.358617830355205e-11,-4.873739306249979e-13,0.043586178303552055,-0.00048737393062499795,2.1793089151776024,-0.024368696531249893
with EDL,1000.0,0.583941605839416,4.380055843887158e-11,-4.849884978149476e-13,0.04380055843887158,-0.0004849884978149476,2.190027921943579,-0.024249424890747374
with EDL,1000.0,0.584191866527633,4.401599301034982e-11,-4.82614740413312e-13,0.04401599301034982,-0.00048261474041331196,2.200799650517491,-0.024130737020665594
with EDL,1000.0,0.5844421272158499,4.423248720426764e-11,-4.802526012752596e-13,0.04423248720426764,-0.00048025260127525964,2.211624360213382,-0.024012630063762978
with EDL,1000.0,0.5846923879040667,4.445004623241482e-11,-4.779020235356485e-13,0.04445004623241482,-0.00047790202353564847,2.2225023116207407,-0.02389510117678242
with EDL,1000.0,0.5849426485922836,4.4668675332215654e-11,-4.75562950607662e-13,0.044668675332215656,-0.00047556295060766204,2.2334337666107826,-0.023778147530383098
with EDL,1000.0,0.5851929092805005,4.488837976685485e-11,-4.732353261814459e-13,0.04488837976685485,-0.0004732353261814459,2.2444189883427423,-0.023661766309072293
with EDL,1000.0,0.5854431699687175,4.5109164825404296e-11,-4.709190942227506e-13,0.045109164825404294,-0.0004709190942227506,2.2554582412702144,-0.023545954711137528
with EDL,1000.0,0.5856934306569344,4.533103582295017e-11,-4.686141989715876e-13,0.045331035822950165,-0.0004686141989715876,2.266551791147508,-0.023430709948579376
with EDL,1000.0,0.5859436913451512,4.55539981007213e-11,-4.663205849408809e-13,0.0455539981007213,-0.00046632058494088094,2.277699905036065,-0.023316029247044043
with EDL,1000.0,0.5861939520333681,4.577805702621747e-11,-4.64038196915134e-13,0.04577805702621747,-0.000464038196915134,2.288902851310873,-0.023201909845756697
with EDL,1000.0,0.586444212721585,4.600321799333869e-11,-4.617669799491006e-13,0.04600321799333869,-0.0004617669799491006,2.3001608996669343,-0.02308834899745503
with EDL,1000.0,0.5866944734098019,4.622948642251514e-11,-4.595068793664622e-13,0.04622948642251514,-0.00045950687936646223,2.3114743211257567,-0.02297534396832311
with EDL,1000.0,0.5869447340980187,4.6456867760837336e-11,-4.572578407585112e-13,0.046456867760837336,-0.0004572578407585112,2.3228433880418664,-0.022862892037925558
with EDL,1000.0,0.5871949947862356,4.6685367482187726e-11,-4.550198099828412e-13,0.046685367482187726,-0.00045501980998284124,2.334268374109386,-0.02275099049914206
with EDL,1000.0,0.5874452554744526,4.6914991087372246e-11,-4.527927331620427e-13,0.046914991087372244,-0.0004527927331620427,2.345749554368612,-0.022639636658102133
with EDL,1000.0,0.5876955161626695,4.71457441042525e-11,-4.505765566824102e-13,0.0471457441042525,-0.0004505765566824102,2.3572872052126246,-0.022528827834120507
with EDL,1000.0,0.5879457768508863,4.7377632087879324e-11,-4.4837122719264597e-13,0.047377632087879325,-0.00044837122719264597,2.368881604393966,-0.022418561359632296
with EDL,1000.0,0.5881960375391032,4.7610660620626153e-11,-4.461766916025782e-13,0.047610660620626154,-0.0004461766916025782,2.3805330310313075,-0.02230883458012891
with EDL,1000.0,0.5884462982273202,4.784483531232372e-11,-4.439928970818822e-13,0.04784483531232372,-0.00044399289708188224,2.392241765616186,-0.02219964485409411
with EDL,1000.0,0.5886965589155371,4.8080161800394384e-11,-4.418197910588126e-13,0.048080161800394386,-0.0004418197910588126,2.404008090019719,-0.02209098955294063
with EDL,1000.0,0.588946819603754,4.831664574998887e-11,-4.396573212189309e-13,0.04831664574998887,-0.0004396573212189309,2.4158322874994433,-0.021982866060946543
with EDL,1000.0,0.5891970802919708,4.8554292854121994e-11,-4.3750543550385083e-13,0.048554292854121994,-0.00043750543550385084,2.4277146427060994,-0.02187527177519254
with EDL,1000.0,0.5894473409801877,4.8793108833809894e-11,-4.353640821099838e-13,0.0487931088338099,-0.0004353640821099838,2.4396554416904945,-0.02176820410549919
with EDL,1000.0,0.5896976016684046,4.903309943820754e-11,-4.332332094872917e-13,0.04903309943820754,-0.0004332332094872917,2.4516549719103766,-0.02166166047436458
with EDL,1000.0,0.5899478623566214,4.927427044474752e-11,-4.311127663380469e-13,0.049274270444747525,-0.0004311127663380469,2.463713522237376,-0.021555638316902343
with EDL,1000.0,0.5901981230448383,4.951662765927888e-11,-4.2900270161559565e-13,0.04951662765927888,-0.00042900270161559564,2.475831382963944,-0.02145013508077978
with EDL,1000.0,0.5904483837330553,4.9760176916207014e-11,-4.2690296452312916e-13,0.049760176916207016,-0.00042690296452312917,2.4880088458103504,-0.021345148226156456
with EDL,1000.0,0.5906986444212722,5.000492407863375e-11,-4.2481350451246496e-13,0.050004924078633745,-0.00042481350451246497,2.5002462039316873,-0.021240675225623246
with EDL,1000.0,0.590948905109489,5.02508750384991e-11,-4.2273427128282375e-13,0.0502508750384991,-0.00042273427128282376,2.5125437519249547,-0.021136713564141187
with EDL,1000.0,0.5911991657977059,5.0498035716722645e-11,-4.20665214779622e-13,0.05049803571672264,-0.000420665214779622,2.524901785836132,-0.021033260738981097
with EDL,1000.0,0.5914494264859229,5.074641206334634e-11,-4.186062851932652e-13,0.05074641206334634,-0.0004186062851932652,2.537320603167317,-0.020930314259663258
with EDL,1000.0,0.5916996871741398,5.099601005767737e-11,-4.1655743295795457e-13,0.050996010057677364,-0.00041655743295795455,2.549800502883868,-0.020827871647897726
with EDL,1000.0,0.5919499478623567,5.124683570843258e-11,-4.1451860875048433e-13,0.05124683570843258,-0.0004145186087504843,2.5623417854216286,-0.020725930437524215
with EDL,1000.0,0.5922002085505735,5.1498895053882925e-11,-4.1248976348906114e-13,0.05149889505388292,-0.00041248976348906113,2.574944752694146,-0.020624488174453056
with EDL,1000.0,0.5924504692387904,5.175219416199864e-11,-4.104708483321204e-13,0.05175219416199864,-0.0004104708483321204,2.5876097080999316,-0.02052354241660602
with EDL,1000.0,0.5927007299270073,5.200673913059543e-11,-4.084618146771507e-13,0.052006739130595434,-0.00040846181467715066,2.6003369565297714,-0.02042309073385753
with EDL,1000.0,0.5929509906152242,5.2262536087481555e-11,-4.064626141595235e-13,0.052262536087481555,-0.0004064626141595235,2.6131268043740774,-0.020323130707976172
with EDL,1000.0,0.593201251303441,5.2519591190605e-11,-4.044731986513295e-13,0.052519591190605,-0.00040447319865132946,2.6259795595302498,-0.020223659932566473
with EDL,1000.0,0.593451511991658,5.277791062820191e-11,-4.0249352026021783e-13,0.05277791062820191,-0.00040249352026021785,2.6388955314100953,-0.02012467601301089
with EDL,1000.0,0.5937017726798749,5.303750061894524e-11,-4.0052353132824926e-13,0.05303750061894524,-0.00040052353132824926,2.6518750309472616,-0.020026176566412462
with EDL,1000.0,0.5939520333680918,5.329836741209495e-11,-3.985631844307401e-13,0.053298367412094955,-0.0003985631844307401,2.6649183706047475,-0.019928159221537005
with EDL,1000.0,0.5942022940563086,5.3560517287648143e-11,-3.9661243237512674e-13,0.05356051728764814,-0.00039661243237512677,2.678025864382407,-0.019830621618756334
with EDL,1000.0,0.5944525547445255,5.382395655649026e-11,-3.9467122819982716e-13,0.053823956556490256,-0.0003946712281998272,2.691197827824513,-0.019733561409991357
with EDL,1000.0,0.5947028154327425,5.408869156054719e-11,-3.9273952517311044e-13,0.05408869156054719,-0.0003927395251731104,2.7044345780273593,-0.01963697625865552
with EDL,1000.0,0.5949530761209594,5.435472867293752e-11,-3.908172767919752e-13,0.054354728672937516,-0.0003908172767919752,2.7177364336468757,-0.019540863839598757
with EDL,1000.0,0.5952033368091763,5.4622074298126474e-11,-3.8890443678102417e-13,0.054622074298126475,-0.0003889044367810242,2.7311037149063235,-0.019445221839051206
with EDL,1000.0,0.5954535974973931,5.489073487207995e-11,-3.870009590913537e-13,0.05489073487207995,-0.00038700095909135373,2.744536743603997,-0.019350047954567684
with EDL,1000.0,0.59570385818561,5.516071686241898e-11,-3.8510679789944605e-13,0.055160716862418975,-0.000385106797899446,2.7580358431209486,-0.0192553398949723
with EDL,1000.0,0.5959541188738269,5.5432026768576284e-11,-3.832219076060637e-13,0.05543202676857628,-0.0003832219076060637,2.771601338428814,-0.019161095380303184
with EDL,1000.0,0.5962043795620438,5.5704671121951826e-11,-3.813462428351533e-13,0.05570467112195183,-0.00038134624283515326,2.785233556097591,-0.01906731214175766
with EDL,1000.0,0.5964546402502607,5.597865648607092e-11,-3.794797584327515e-13,0.05597865648607092,-0.0003794797584327515,2.7989328243035456,-0.018973987921637573
with EDL,1000.0,0.5967049009384776,5.625398945674139e-11,-3.776224094659027e-13,0.05625398945674139,-0.00037762240946590274,2.8126994728370693,-0.018881120473295133
with EDL,1000.0,0.5969551616266945,5.6530676662213056e-11,-3.7577415122157077e-13,0.05653067666221306,-0.0003757741512215708,2.8265338331106524,-0.018788707561078536
with EDL,1000.0,0.5972054223149114,5.680872476333695e-11,-3.7393493920556633e-13,0.05680872476333695,-0.0003739349392055663,2.840436238166847,-0.018696746960278315
with EDL,1000.0,0.5974556830031282,5.70881404537257e-11,-3.721047291414762e-13,0.0570881404537257,-0.0003721047291414762,2.8544070226862845,-0.018605236457073807
with EDL,1000.0,0.5977059436913452,5.7368930459914825e-11,-3.7028347696959444e-13,0.05736893045991483,-0.0003702834769695944,2.868446522995741,-0.01851417384847972
with EDL,1000.0,0.5979562043795621,5.765110154152422e-11,-3.684711388458667e-13,0.057651101541524225,-0.0003684711388458667,2.8825550770762107,-0.018423556942293334
with EDL,1000.0,0.598206465067779,5.793466049142163e-11,-3.666676711408291e-13,0.05793466049142163,-0.0003666676711408291,2.8967330245710814,-0.018333383557041453
with EDL,1000.0,0.5984567257559958,5.821961413588533e-11,-3.648730304385611e-13,0.058219614135885334,-0.0003648730304385611,2.9109807067942666,-0.018243651521928052
with EDL,1000.0,0.5987069864442127,5.850596933476923e-11,-3.6308717353563975e-13,0.05850596933476923,-0.00036308717353563974,2.925298466738461,-0.018154358676781987
with EDL,1000.0,0.5989572471324296,5.87937329816675e-11,-3.613100574400998e-13,0.05879373298166749,-0.00036131005744009976,2.939686649083374,-0.018065502872004986
with EDL,1000.0,0.5992075078206465,5.908291200408073e-11,-3.5954163937039793e-13,0.05908291200408073,-0.00035954163937039794,2.9541456002040363,-0.017977081968519895
with EDL,1000.0,0.5994577685088633,5.937351336358269e-11,-3.5778187675438464e-13,0.059373513363582694,-0.00035778187675438464,2.968675668179134,-0.01788909383771923
with EDL,1000.0,0.5997080291970803,5.966554405598795e-11,-3.5603072722827605e-13,0.05966554405598795,-0.00035603072722827604,2.983277202799397,-0.0178015363614138
with EDL,1000.0,0.5999582898852972,5.995901111152006e-11,-3.5428814863563943e-13,0.059959011111520064,-0.0003542881486356394,2.9979505555760024,-0.01771440743178197
with EDL,1000.0,0.6002085505735141,6.025392159498094e-11,-3.5255409902637206e-13,0.06025392159498094,-0.00035255409902637205,3.012696079749047,-0.0176277049513186
with EDL,1000.0,0.600458811261731,6.055028260592123e-11,-3.5082853665569567e-13,0.060550282605921234,-0.00035082853665569565,3.0275141302960615,-0.01754142683278478
with EDL,1000.0,0.6007090719499479,6.084810127881094e-11,-3.49111419983149e-13,0.06084810127881094,-0.000349111419983149,3.042405063940547,-0.017455570999157448
with EDL,1000.0,0.6009593326381648,6.114738478321089e-11,-3.474027076715917e-13,0.06114738478321089,-0.0003474027076715917,3.0573692391605443,-0.017370135383579583
with EDL,1000.0,0.6012095933263817,6.144814032394608e-11,-3.457023585862037e-13,0.061448140323946084,-0.0003457023585862037,3.0724070161973036,-0.017285117929310184
with EDL,1000.0,0.6014598540145986,6.175037514127824e-11,-3.440103317934991e-13,0.06175037514127824,-0.0003440103317934991,3.0875187570639118,-0.017200516589674954
with EDL,1000.0,0.6017101147028154,6.205409651108094e-11,-3.423265865603389e-13,0.062054096511080944,-0.0003423265865603389,3.1027048255540466,-0.017116329328016943
with EDL,1000.0,0.6019603753910323,6.235931174501423e-11,-3.4065108235295077e-13,0.06235931174501423,-0.00034065108235295077,3.117965587250711,-0.017032554117647536
with EDL,1000.0,0.6022106360792492,6.266602819070086e-11,-3.389837788359536e-13,0.06266602819070087,-0.0003389837788359536,3.1333014095350427,-0.01694918894179768
with EDL,1000.0,0.6024608967674661,6.297425323190308e-11,-3.373246358713858e-13,0.06297425323190307,-0.0003373246358713858,3.148712661595154,-0.01686623179356929
with EDL,1000.0,0.602711157455683,6.328399428870059e-11,-3.3567361351774006e-13,0.06328399428870059,-0.00033567361351774007,3.1641997144350293,-0.016783680675887
with EDL,1000.0,0.6029614181438999,6.359525881766864e-11,-3.340306720290015e-13,0.06359525881766864,-0.0003340306720290015,3.1797629408834314,-0.01670153360145007
with EDL,1000.0,0.6032116788321168,6.390805431205822e-11,-3.3239577185368996e-13,0.06390805431205822,-0.00033239577185368994,3.195402715602911,-0.016619788592684495
with EDL,1000.0,0.6034619395203337,6.42223883019761e-11,-3.3076887363390846e-13,0.06422238830197609,-0.00033076887363390844,3.2111194150988043,-0.016538443681695422
with EDL,1000.0,0.6037122002085505,6.453826835456616e-11,-3.291499382043958e-13,0.06453826835456616,-0.00032914993820439583,3.2269134177283076,-0.01645749691021979
with EDL,1000.0,0.6039624608967675,6.485570207419139e-11,-3.275389265915829e-13,0.06485570207419139,-0.0003275389265915829,3.2427851037095694,-0.016376946329579145
with EDL,1000.0,0.6042127215849844,6.517469710261719e-11,-3.2593580001265784e-13,0.0651746971026172,-0.00032593580001265786,3.2587348551308595,-0.01629679000063289
with EDL,1000.0,0.6044629822732013,6.549526111919512e-11,-3.2434051987462697e-13,0.06549526111919511,-0.00032434051987462696,3.2747630559597556,-0.016217025993731347
with EDL,1000.0,0.6047132429614182,6.581740184104817e-11,-3.2275304777338944e-13,0.06581740184104817,-0.0003227530477733894,3.290870092052408,-0.01613765238866947
with EDL,1000.0,0.604963503649635,6.614112702325607e-11,-3.211733454928118e-13,0.06614112702325607,-0.0003211733454928118,3.307056351162803,-0.016058667274640587
with EDL,1000.0,0.6052137643378519,6.646644445904228e-11,-3.196013750038083e-13,0.06646644445904229,-0.0003196013750038083,3.3233222229521138,-0.015980068750190413
with EDL,1000.0,0.6054640250260688,6.679336197996144e-11,-3.180370984634245e-13,0.06679336197996144,-0.0003180370984634245,3.3396680989980716,-0.015901854923171223
with EDL,1000.0,0.6057142857142858,6.71218874560881e-11,-3.1648047821392707e-13,0.0671218874560881,-0.00031648047821392707,3.3560943728044044,-0.01582402391069635
with EDL,1000.0,0.6059645464025026,6.745202879620568e-11,-3.149314767818978e-13,0.06745202879620568,-0.0003149314767818978,3.3726014398102833,-0.015746573839094887
with EDL,1000.0,0.6062148070907195,6.77837939479976e-11,-3.1339005687732953e-13,0.0677837939479976,-0.00031339005687732954,3.3891896973998796,-0.015669502843866475
with EDL,1000.0,0.6064650677789364,6.81171908982381e-11,-3.118561813927299e-13,0.0681171908982381,-0.00031185618139272994,3.405859544911905,-0.015592809069636494
with EDL,1000.0,0.6067153284671533,6.845222767298467e-11,-3.103298134022279e-13,0.06845222767298467,-0.00031032981340222793,3.4226113836492327,-0.015516490670111394
with EDL,1000.0,0.6069655891553702,6.878891233777144e-11,-3.088109161606836e-13,0.06878891233777144,-0.00030881091616068363,3.439445616888572,-0.015440545808034178
with EDL,1000.0,0.6072158498435871,6.91272529978025e-11,-3.0729945310280794e-13,0.0691272529978025,-0.00030729945310280796,3.4563626498901248,-0.015364972655140396
with EDL,1000.0,0.607466110531804,6.946725779814844e-11,-3.057953878422762e-13,0.06946725779814844,-0.0003057953878422762,3.473362889907422,-0.015289769392113808
with EDL,1000.0,0.6077163712200209,6.98089349239411e-11,-3.0429868417085595e-13,0.06980893492394111,-0.000304298684170856,3.4904467461970548,-0.015214934208542795
with EDL,1000.0,0.6079666319082377,7.015229260057153e-11,-3.028093060575347e-13,0.07015229260057153,-0.0003028093060575347,3.507614630028576,-0.015140465302876735
with EDL,1000.0,0.6082168925964546,7.04973390938875e-11,-3.0132721764765233e-13,0.0704973390938875,-0.00030132721764765234,3.524866954694375,-0.015066360882382614
with EDL,1000.0,0.6084671532846715,7.084408271039272e-11,-2.998523832620376e-13,0.07084408271039272,-0.00029985238326203764,3.5422041355196354,-0.01499261916310188
with EDL,1000.0,0.6087174139728884,7.119253179744664e-11,-2.9838476739615036e-13,0.07119253179744664,-0.0002983847673961504,3.5596265898723316,-0.014919238369807516
with EDL,1000.0,0.6089676746611054,7.154269474346567e-11,-2.9692433471922516e-13,0.07154269474346567,-0.00029692433471922516,3.577134737173283,-0.014846216735961256
with EDL,1000.0,0.6092179353493222,7.189457997812453e-11,-2.954710500734231e-13,0.07189457997812453,-0.00029547105007342306,3.594728998906226,-0.014773552503671154
with EDL,1000.0,0.6094681960375391,7.224819597255998e-11,-2.940248784729823e-13,0.07224819597255998,-0.0002940248784729823,3.6124097986279984,-0.014701243923649113
with EDL,1000.0,0.609718456725756,7.260355123957422e-11,-2.9258578510337793e-13,0.07260355123957421,-0.0002925857851033779,3.6301775619787104,-0.014629289255168895
with EDL,1000.0,0.609968717413973,7.296065433384026e-11,-2.911537353204829e-13,0.07296065433384026,-0.0002911537353204829,3.648032716692013,-0.014557686766024144
with EDL,1000.0,0.6102189781021898,7.331951385210677e-11,-2.8972869464973655e-13,0.07331951385210676,-0.00028972869464973655,3.665975692605338,-0.014486434732486826
with EDL,1000.0,0.6104692387904067,7.368013843340657e-11,-2.883106287853105e-13,0.07368013843340657,-0.0002883106287853105,3.6840069216703277,-0.014415531439265524
with EDL,1000.0,0.6107194994786236,7.404253675926366e-11,-2.8689950358928535e-13,0.07404253675926366,-0.00028689950358928536,3.702126837963182,-0.014344975179464266
with EDL,1000.0,0.6109697601668405,7.440671755390236e-11,-2.854952850908291e-13,0.07440671755390235,-0.0002854952850908291,3.7203358776951174,-0.014274764254541453
with EDL,1000.0,0.6112200208550573,7.477268958445748e-11,-2.8409793948537775e-13,0.07477268958445747,-0.00028409793948537776,3.738634479222873,-0.014204896974268886
with EDL,1000.0,0.6114702815432742,7.51404616611853e-11,-2.8270743313382347e-13,0.0751404616611853,-0.00028270743313382345,3.757023083059265,-0.014135371656691171
with EDL,1000.0,0.6117205422314911,7.551004263767537e-11,-2.813237325617029e-13,0.07551004263767537,-0.0002813237325617029,3.7755021318837683,-0.014066186628085144
with EDL,1000.0,0.6119708029197081,7.58814414110644e-11,-2.7994680445839193e-13,0.07588144141106441,-0.00027994680445839193,3.7940720705532196,-0.013997340222919595
with EDL,1000.0,0.6122210636079249,7.625466692224944e-11,-2.7857661567630557e-13,0.07625466692224944,-0.00027857661567630556,3.8127333461124713,-0.013928830783815278
with EDL,1000.0,0.6124713242961418,7.662972815610405e-11,-2.772131332300968e-13,0.07662972815610405,-0.00027721313323009677,3.831486407805202,-0.013860656661504838
with EDL,1000.0,0.6127215849843587,7.700663414169411e-11,-2.758563242958641e-13,0.0770066341416941,-0.00027585632429586414,3.850331707084705,-0.013792816214793205
with EDL,1000.0,0.6129718456725756,7.738539395249526e-11,-2.745061562103629e-13,0.07738539395249526,-0.0002745061562103629,3.8692696976247625,-0.013725307810518143
with EDL,1000.0,0.6132221063607926,7.776601670661158e-11,-2.7316259647021546e-13,0.07776601670661157,-0.0002731625964702155,3.8883008353305786,-0.013658129823510771
with EDL,1000.0,0.6134723670490094,7.81485115669941e-11,-2.7182561273113257e-13,0.0781485115669941,-0.00027182561273113255,3.9074255783497045,-0.013591280636556626
with EDL,1000.0,0.6137226277372263,7.853288774166291e-11,-2.7049517280713157e-13,0.07853288774166291,-0.00027049517280713155,3.926644387083145,-0.013524758640356576
with EDL,1000.0,0.6139728884254432,7.891915448392784e-11,-2.691712446697631e-13,0.07891915448392783,-0.0002691712446697631,3.9459577241963917,-0.013458562233488154
with EDL,1000.0,0.61422314911366,7.93073210926114e-11,-2.6785379644733973e-13,0.0793073210926114,-0.00026785379644733975,3.9653660546305702,-0.013392689822366986
with EDL,1000.0,0.6144734098018769,7.969739691227276e-11,-2.6654279642416924e-13,0.07969739691227276,-0.0002665427964241692,3.9848698456136376,-0.01332713982120846
with EDL,1000.0,0.6147236704900938,8.008939133343253e-11,-2.6523821303979055e-13,0.08008939133343253,-0.00026523821303979056,4.004469566671626,-0.013261910651989525
with EDL,1000.0,0.6149739311783108,8.048331379279912e-11,-2.6394001488821315e-13,0.08048331379279912,-0.00026394001488821316,4.024165689639956,-0.013197000744410655
with EDL,1000.0,0.6152241918665277,8.087917377349547e-11,-2.626481707171635e-13,0.08087917377349547,-0.0002626481707171635,4.043958688674773,-0.013132408535858174
with EDL,1000.0,0.6154744525547445,8.12769808052875e-11,-2.6136264942732987e-13,0.0812769808052875,-0.00026136264942732985,4.063849040264374,-0.013068132471366492
with EDL,1000.0,0.6157247132429614,8.167674446481395e-11,-2.600834200716149e-13,0.08167674446481395,-0.0002600834200716149,4.083837223240697,-0.013004171003580743
with EDL,1000.0,0.6159749739311783,8.207847437581646e-11,-2.5881045185439145e-13,0.08207847437581646,-0.00025881045185439147,4.103923718790822,-0.012940522592719573
with EDL,1000.0,0.6162252346193953,8.248218020937165e-11,-2.575437141307593e-13,0.08248218020937165,-0.0002575437141307593,4.124109010468582,-0.012877185706537965
with EDL,1000.0,0.6164754953076121,8.288787168412282e-11,-2.562831764058097e-13,0.08288787168412282,-0.0002562831764058097,4.14439358420614,-0.012814158820290486
with EDL,1000.0,0.616725755995829,8.329555856651559e-11,-2.550288083338895e-13,0.08329555856651559,-0.0002550288083338895,4.164777928325779,-0.012751440416694473
with EDL,1000.0,0.6169760166840459,8.37052506710319e-11,-2.537805797178708e-13,0.0837052506710319,-0.0002537805797178708,4.185262533551595,-0.012689028985893538
with EDL,1000.0,0.6172262773722628,8.411695786042661e-11,-2.5253846050842457e-13,0.08411695786042661,-0.0002525384605084246,4.20584789302133,-0.012626923025421226
with EDL,1000.0,0.6174765380604796,8.453069004596477e-11,-2.513024208032975e-13,0.08453069004596478,-0.0002513024208032975,4.226534502298239,-0.012565121040164873
with EDL,1000.0,0.6177267987486965,8.494645718766049e-11,-2.5007243084659123e-13,0.08494645718766049,-0.0002500724308465912,4.247322859383024,-0.012503621542329561
with EDL,1000.0,0.6179770594369134,8.536426929451645e-11,-2.488484610280467e-13,0.08536426929451645,-0.0002488484610280467,4.268213464725822,-0.012442423051402333
with EDL,1000.0,0.6182273201251304,8.578413642476507e-11,-2.4763048188233046e-13,0.08578413642476507,-0.00024763048188233047,4.2892068212382535,-0.012381524094116522
with EDL,1000.0,0.6184775808133472,8.62060686861102e-11,-2.464184640883274e-13,0.08620606868611021,-0.0002464184640883274,4.31030343430551,-0.012320923204416368
with EDL,1000.0,0.6187278415015641,8.66300762359712e-11,-2.452123784684323e-13,0.0866300762359712,-0.0002452123784684323,4.33150381179856,-0.012260618923421614
with EDL,1000.0,0.618978102189781,8.7056169281727e-11,-2.440121959878493e-13,0.087056169281727,-0.0002440121959878493,4.352808464086349,-0.012200609799392463
with EDL,1000.0,0.619228362877998,8.748435808096176e-11,-2.428178877538911e-13,0.08748435808096176,-0.00024281788775389109,4.374217904048088,-0.012140894387694555
with EDL,1000.0,0.6194786235662149,8.791465294171148e-11,-2.4162942501528625e-13,0.08791465294171148,-0.00024162942501528624,4.395732647085573,-0.012081471250764312
with EDL,1000.0,0.6197288842544317,8.834706422271332e-11,-2.404467791614839e-13,0.08834706422271332,-0.00024044677916148393,4.417353211135666,-0.012022338958074195
with EDL,1000.0,0.6199791449426486,8.878160233365399e-11,-2.392699217219668e-13,0.08878160233365398,-0.0002392699217219668,4.439080116682699,-0.011963496086098337
with EDL,1000.0,0.6202294056308655,8.921827773542056e-11,-2.380988243655656e-13,0.08921827773542056,-0.0002380988243655656,4.460913886771028,-0.011904941218278278
with EDL,1000.0,0.6204796663190824,8.965710094035241e-11,-2.3693345889977707e-13,0.08965710094035241,-0.00023693345889977708,4.48285504701762,-0.011846672944988852
with EDL,1000.0,0.6207299270072992,9.009808251249413e-11,-2.357737972700847e-13,0.09009808251249413,-0.0002357737972700847,4.504904125624706,-0.011788689863504233
with EDL,1000.0,0.6209801876955161,9.054123306785e-11,-2.346198115592837e-13,0.09054123306785,-0.0002346198115592837,4.5270616533925,-0.011730990577964184
with EDL,1000.0,0.6212304483837331,9.098656327463962e-11,-2.334714739868087e-13,0.09098656327463961,-0.00023347147398680872,4.54932816373198,-0.011673573699340436
with EDL,1000.0,0.62148070907195,9.143408385355413e-11,-2.323287569080664e-13,0.09143408385355413,-0.00023232875690806643,4.571704192677706,-0.011616437845403319
with EDL,1000.0,0.6217309697601668,9.188380557801522e-11,-2.3119163281376786e-13,0.09188380557801522,-0.00023119163281376786,4.5941902789007605,-0.011559581640688392
with EDL,1000.0,0.6219812304483837,9.233573927443392e-11,-2.300600743292675e-13,0.09233573927443392,-0.00023006007432926752,4.616786963721696,-0.011503003716463374
with EDL,1000.0,0.6222314911366007,9.278989582247161e-11,-2.289340542139033e-13,0.09278989582247162,-0.00022893405421390328,4.63949479112358,-0.011446702710695162
with EDL,1000.0,0.6224817518248176,9.324628615530071e-11,-2.278135453603433e-13,0.0932462861553007,-0.00022781354536034328,4.662314307765035,-0.011390677268017164
with EDL,1000.0,0.6227320125130344,9.370492125986983e-11,-2.2669852079392978e-13,0.09370492125986983,-0.0002266985207939298,4.685246062993491,-0.011334926039696488
with EDL,1000.0,0.6229822732012513,9.416581217716704e-11,-2.2558895367203165e-13,0.09416581217716703,-0.00022558895367203165,4.708290608858351,-0.011279447683601581
with EDL,1000.0,0.6232325338894682,9.462897000248547e-11,-2.2448481728339873e-13,0.09462897000248548,-0.00022448481728339873,4.731448500124273,-0.011224240864169935
with EDL,1000.0,0.6234827945776851,9.50944058856913e-11,-2.233860850475173e-13,0.0950944058856913,-0.00022338608504751732,4.7547202942845646,-0.011169304252375865
with EDL,1000.0,0.623733055265902,9.556213103149158e-11,-2.2229273051397128e-13,0.09556213103149158,-0.00022229273051397127,4.778106551574578,-0.011114636525698563
with EDL,1000.0,0.6239833159541188,9.603215669970402e-11,-2.2120472736180505e-13,0.09603215669970402,-0.00022120472736180506,4.801607834985201,-0.011060236368090252
with EDL,1000.0,0.6242335766423358,9.65044942055284e-11,-2.2012204939888933e-13,0.0965044942055284,-0.00022012204939888933,4.825224710276419,-0.011006102469944466
with EDL,1000.0,0.6244838373305527,9.697915491981815e-11,-2.190446705612927e-13,0.09697915491981815,-0.00021904467056129272,4.848957745990907,-0.010952233528064634
with EDL,1000.0,0.6247340980187696,9.745615026935514e-11,-2.179725649126515e-13,0.09745615026935514,-0.0002179725649126515,4.872807513467756,-0.010898628245632574
with EDL,1000.0,0.6249843587069864,9.793549173712413e-11,-2.1690570664354665e-13,0.09793549173712413,-0.00021690570664354664,4.896774586856206,-0.010845285332177332
with EDL,1000.0,0.6252346193952033,9.841719086258928e-11,-2.1584407007088245e-13,0.09841719086258928,-0.00021584407007088245,4.920859543129463,-0.010792203503544122
with EDL,1000.0,0.6254848800834203,9.890125924197244e-11,-2.1478762963726767e-13,0.09890125924197245,-0.00021478762963726767,4.945062962098621,-0.010739381481863382
with EDL,1000.0,0.6257351407716372,9.938770852853075e-11,-2.1373635991040194e-13,0.09938770852853075,-0.00021373635991040195,4.969385426426537,-0.010686817995520096
with EDL,1000.0,0.625985401459854,9.987655043283939e-11,-2.1269023558246075e-13,0.09987655043283938,-0.00021269023558246076,4.993827521641969,-0.010634511779123036
with EDL,1000.0,0.6262356621480709,1.0036779672307208e-10,-2.116492314694893e-13,0.10036779672307208,-0.0002116492314694893,5.018389836153603,-0.010582461573474464
with EDL,1000.0,0.6264859228362878,1.0086145922528467e-10,-2.1061332251079356e-13,0.10086145922528467,-0.00021061332251079355,5.043072961264233,-0.010530666125539677
with EDL,1000.0,0.6267361835245047,1.0135754982370007e-10,-2.095824837683384e-13,0.10135754982370007,-0.0002095824837683384,5.067877491185003,-0.010479124188416919
with EDL,1000.0,0.6269864442127215,1.0185608046099366e-10,-2.0855669042614698e-13,0.10185608046099366,-0.00020855669042614699,5.092804023049682,-0.010427834521307348
with EDL,1000.0,0.6272367049009385,1.0235706313858191e-10,-2.0753591778970294e-13,0.10235706313858191,-0.00020753591778970294,5.117853156929095,-0.010376795889485146
with EDL,1000.0,0.6274869655891554,1.0286050991691003e-10,-2.0652014128535725e-13,0.10286050991691004,-0.00020652014128535724,5.143025495845501,-0.010326007064267862
with EDL,1000.0,0.6277372262773723,1.0336643291574352e-10,-2.0550933645973493e-13,0.10336643291574352,-0.00020550933645973492,5.1683216457871755,-0.010275466822986745
with EDL,1000.0,0.6279874869655891,1.0387484431445906e-10,-2.0450347897914686e-13,0.10387484431445906,-0.00020450347897914685,5.193742215722953,-0.010225173948957342
with EDL,1000.0,0.628237747653806,1.0438575635233816e-10,-2.0350254462900496e-13,0.10438575635233815,-0.00020350254462900494,5.219287817616907,-0.010175127231450247
with EDL,1000.0,0.628488008342023,1.0489918132886193e-10,-2.025065093132375e-13,0.10489918132886193,-0.0002025065093132375,5.244959066443096,-0.010125325465661875
with EDL,1000.0,0.6287382690302399,1.0541513160400585e-10,-2.0151534905371136e-13,0.10541513160400584,-0.00020151534905371137,5.270756580200292,-0.010075767452685567
with EDL,1000.0,0.6289885297184568,1.0593361959853944e-10,-2.0052903998965254e-13,0.10593361959853945,-0.00020052903998965256,5.296680979926972,-0.010026451999482626
with EDL,1000.0,0.6292387904066736,1.0645465779432394e-10,-1.9954755837707283e-13,0.10645465779432393,-0.00019954755837707283,5.322732889716196,-0.00997737791885364
with EDL,1000.0,0.6294890510948905,1.0697825873461288e-10,-1.985708805881978e-13,0.10697825873461288,-0.00019857088058819778,5.348912936730644,-0.009928544029409889
with EDL,1000.0,0.6297393117831074,1.0750443502435437e-10,-1.9759898311089905e-13,0.10750443502435436,-0.00019759898311089906,5.375221751217718,-0.009879949155544951
with EDL,1000.0,0.6299895724713243,1.0803319933049435e-10,-1.9663184254812663e-13,0.10803319933049435,-0.00019663184254812663,5.401659966524717,-0.00983159212740633
with EDL,1000.0,0.6302398331595411,1.0856456438228155e-10,-1.9566943561734681e-13,0.10856456438228156,-0.00019566943561734681,5.428228219114077,-0.00978347178086734
with EDL,1000.0,0.6304900938477581,1.0909854297157439e-10,-1.9471173914998082e-13,0.10909854297157438,-0.0001947117391499808,5.454927148578719,-0.00973558695749904
with EDL,1000.0,0.630740354535975,1.0963514795314727e-10,-1.9375873009084902e-13,0.10963514795314727,-0.00019375873009084903,5.481757397657363,-0.00968793650454245
with EDL,1000.0,0.6309906152241919,1.1017439224500245e-10,-1.9281038549761304e-13,0.11017439224500246,-0.00019281038549761304,5.508719612250122,-0.009640519274880651
with EDL,1000.0,0.6312408759124087,1.1071628882867943e-10,-1.9186668254022543e-13,0.11071628882867944,-0.00019186668254022544,5.535814441433971,-0.00959333412701127
with EDL,1000.0,0.6314911366006257,1.1126085074956827e-10,-1.9092759850037903e-13,0.11126085074956828,-0.00019092759850037903,5.563042537478413,-0.009546379925018951
with EDL,1000.0,0.6317413972888426,1.1180809111722205e-10,-1.899931107709619e-13,0.11180809111722205,-0.0001899931107709619,5.590404555861102,-0.009499655538548094
with EDL,1000.0,0.6319916579770595,1.1235802310567482e-10,-1.890631968555103e-13,0.11235802310567482,-0.0001890631968555103,5.61790115528374,-0.009453159842775513
with EDL,1000.0,0.6322419186652763,1.1291065995375715e-10,-1.8813783436766903e-13,0.11291065995375715,-0.00018813783436766904,5.645532997687857,-0.00940689171838345
with EDL,1000.0,0.6324921793534932,1.1346601496541532e-10,-1.8721700103065214e-13,0.11346601496541532,-0.00018721700103065215,5.673300748270766,-0.009360850051532607
with EDL,1000.0,0.6327424400417101,1.1402410151003151e-10,-1.8630067467670664e-13,0.1140241015100315,-0.00018630067467670665,5.701205075501575,-0.009315033733835331
with EDL,1000.0,0.632992700729927,1.1458493302274562e-10,-1.853888332465785e-13,0.11458493302274562,-0.0001853888332465785,5.729246651137281,-0.009269441662328924
with EDL,1000.0,0.6332429614181438,1.1514852300477885e-10,-1.8448145478898184e-13,0.11514852300477885,-0.00018448145478898185,5.757426150238942,-0.00922407273944909
with EDL,1000.0,0.6334932221063608,1.1571488502375874e-10,-1.8357851746007041e-13,0.11571488502375873,-0.00018357851746007042,5.7857442511879364,-0.00917892587300352
with EDL,1000.0,0.6337434827945777,1.1628403271404514e-10,-1.8267999952291266e-13,0.11628403271404514,-0.00018267999952291267,5.814201635702257,-0.009133999976145632
with EDL,1000.0,0.6339937434827946,1.1685597977705953e-10,-1.8178587934696672e-13,0.11685597977705953,-0.00018178587934696672,5.842798988852976,-0.009089293967348335
with EDL,1000.0,0.6342440041710115,1.1743073998161412e-10,-1.8089613540756064e-13,0.11743073998161412,-0.00018089613540756065,5.871536999080705,-0.009044806770378031
with EDL,1000.0,0.6344942648592283,1.1800832716424393e-10,-1.8001074628537455e-13,0.11800832716424393,-0.00018001074628537454,5.900416358212196,-0.009000537314268727
with EDL,1000.0,0.6347445255474453,1.1858875522953842e-10,-1.7912969066592387e-13,0.11858875522953842,-0.00017912969066592388,5.929437761476921,-0.008956484533296193
with EDL,1000.0,0.6349947862356622,1.1917203815047787e-10,-1.7825294733904826e-13,0.11917203815047787,-0.00017825294733904824,5.958601907523893,-0.008912647366952412
with EDL,1000.0,0.6352450469238791,1.1975818996876934e-10,-1.7738049519839828e-13,0.11975818996876934,-0.00017738049519839828,5.987909498438467,-0.008869024759919913
with EDL,1000.0,0.6354953076120959,1.2034722479518437e-10,-1.7651231324092966e-13,0.12034722479518437,-0.00017651231324092965,6.017361239759218,-0.008825615662046482
with EDL,1000.0,0.6357455683003128,1.2093915680989877e-10,-1.7564838056639618e-13,0.12093915680989877,-0.00017564838056639617,6.046957840494938,-0.008782419028319808
with EDL,1000.0,0.6359958289885297,1.21534000262834e-10,-1.7478867637684725e-13,0.12153400026283401,-0.00017478867637684724,6.0767000131417,-0.008739433818842362
with EDL,1000.0,0.6362460896767466,1.2213176947400037e-10,-1.7393317997612693e-13,0.12213176947400037,-0.00017393317997612694,6.106588473700018,-0.008696658998806346
with EDL,1000.0,0.6364963503649635,1.2273247883384176e-10,-1.7308187076937575e-13,0.12273247883384177,-0.00017308187076937575,6.136623941692087,-0.008654093538468787
with EDL,1000.0,0.6367466110531804,1.2333614280358138e-10,-1.7223472826253568e-13,0.12333614280358138,-0.00017223472826253568,6.166807140179068,-0.008611736413126783
with EDL,1000.0,0.6369968717413973,1.2394277591557103e-10,-1.7139173206185528e-13,0.12394277591557103,-0.0001713917320618553,6.197138795778551,-0.008569586603092764
with EDL,1000.0,0.6372471324296142,1.2455239277364053e-10,-1.7055286187339986e-13,0.12455239277364052,-0.00017055286187339985,6.227619638682026,-0.008527643093669992
with EDL,1000.0,0.637497393117831,1.2516500805344838e-10,-1.6971809750256242e-13,0.12516500805344838,-0.0001697180975025624,6.258250402672418,-0.00848590487512812
with EDL,1000.0,0.637747653806048,1.257806365028367e-10,-1.6888741885357744e-13,0.1257806365028367,-0.00016888741885357744,6.2890318251418345,-0.00844437094267887
with EDL,1000.0,0.6379979144942649,1.2639929294218452e-10,-1.6806080592903838e-13,0.12639929294218452,-0.00016806080592903836,6.3199646471092255,-0.008403040296451917
with EDL,1000.0,0.6382481751824818,1.2702099226476632e-10,-1.6723823882941422e-13,0.12702099226476632,-0.00016723823882941423,6.351049613238316,-0.00836191194147071
with EDL,1000.0,0.6384984358706987,1.276457494371088e-10,-1.6641969775257185e-13,0.1276457494371088,-0.00016641969775257185,6.38228747185544,-0.008320984887628592
with EDL,1000.0,0.6387486965589155,1.2827357949935267e-10,-1.656051629932988e-13,0.12827357949935267,-0.0001656051629932988,6.413678974967633,-0.008280258149664939
with EDL,1000.0,0.6389989572471324,1.2890449756561384e-10,-1.6479461494282895e-13,0.12890449756561384,-0.00016479461494282895,6.445224878280691,-0.008239730747141447
with EDL,1000.0,0.6392492179353493,1.295385188243476e-10,-1.6398803408837068e-13,0.1295385188243476,-0.00016398803408837067,6.47692594121738,-0.008199401704418532
with EDL,1000.0,0.6394994786235662,1.3017565853871417e-10,-1.6318540101263682e-13,0.13017565853871416,-0.00016318540101263682,6.508782926935708,-0.00815927005063184
with EDL,1000.0,0.6397497393117831,1.3081593204694638e-10,-1.623866963933772e-13,0.1308159320469464,-0.0001623866963933772,6.540796602347318,-0.00811933481966886
with EDL,1000.0,0.64,1.3145935476271794e-10,-1.6159190100291452e-13,0.13145935476271794,-0.00016159190100291452,6.572967738135897,-0.008079595050145725
w/o EDL reference,,0.4,1.2756720980645672e-12,-1.7334155850342042e-11,0.0012756720980645671,-0.017334155850342044,0.06378360490322835,-0.8667077925171021
w/o EDL reference,,0.4002502606882169,1.2819036152919204e-12,-1.724989203400322e-11,0.0012819036152919205,-0.01724989203400322,0.06409518076459601,-0.8624946017001609
w/o EDL reference,,0.4005005213764338,1.288165572792298e-12,-1.716603783615432e-11,0.001288165572792298,-0.01716603783615432,0.06440827863961489,-0.8583018918077159
w/o EDL reference,,0.4007507820646507,1.29445811926307e-12,-1.7082591265581203e-11,0.00129445811926307,-0.017082591265581204,0.06472290596315348,-0.8541295632790601
w/o EDL reference,,0.4010010427528676,1.3007814041279774e-12,-1.699955034074922e-11,0.0013007814041279774,-0.01699955034074922,0.06503907020639886,-0.8499775170374609
w/o EDL reference,,0.4012513034410845,1.3071355775406789e-12,-1.691691308975625e-11,0.001307135577540679,-0.01691691308975625,0.06535677887703394,-0.8458456544878125
w/o EDL reference,,0.4015015641293014,1.3135207903883134e-12,-1.6834677550285958e-11,0.0013135207903883135,-0.01683467755028596,0.06567603951941567,-0.8417338775142977
w/o EDL reference,,0.40175182481751825,1.3199371942950932e-12,-1.675284176956101e-11,0.0013199371942950932,-0.01675284176956101,0.06599685971475465,-0.8376420884780504
w/o EDL reference,,0.4020020855057352,1.326384941625895e-12,-1.6671403804296856e-11,0.001326384941625895,-0.016671403804296856,0.06631924708129475,-0.8335701902148427
w/o EDL reference,,0.40225234619395206,1.3328641854898813e-12,-1.6590361720655507e-11,0.0013328641854898813,-0.01659036172065551,0.06664320927449406,-0.8295180860327752
w/o EDL reference,,0.40250260688216893,1.3393750797441378e-12,-1.6509713594199647e-11,0.0013393750797441378,-0.016509713594199647,0.06696875398720688,-0.8254856797099823
w/o EDL reference,,0.40275286757038586,1.3459177789973228e-12,-1.6429457509846902e-11,0.0013459177789973227,-0.016429457509846902,0.06729588894986613,-0.821472875492345
w/o EDL reference,,0.40300312825860274,1.352492438613338e-12,-1.6349591561824465e-11,0.001352492438613338,-0.016349591561824466,0.0676246219306669,-0.8174795780912232
w/o EDL reference,,0.4032533889468196,1.3590992147150268e-12,-1.6270113853623686e-11,0.0013590992147150267,-0.016270113853623685,0.06795496073575133,-0.8135056926811842
w/o EDL reference,,0.40350364963503654,1.365738264187872e-12,-1.6191022497955106e-11,0.001365738264187872,-0.016191022497955107,0.06828691320939359,-0.8095511248977553
w/o EDL reference,,0.4037539103232534,1.372409744683725e-12,-1.6112315616703745e-11,0.001372409744683725,-0.016112315616703746,0.06862048723418625,-0.8056157808351871
w/o EDL reference,,0.4040041710114703,1.3791138146245514e-12,-1.6033991340884325e-11,0.0013791138146245514,-0.016033991340884325,0.06895569073122756,-0.8016995670442161
w/o EDL reference,,0.4042544316996872,1.385850633206188e-12,-1.5956047810596958e-11,0.0013858506332061879,-0.01595604781059696,0.0692925316603094,-0.7978023905298478
w/o EDL reference,,0.4045046923879041,1.3926203604021227e-12,-1.58784831749831e-11,0.0013926203604021227,-0.0158784831749831,0.06963101802010613,-0.7939241587491549
w/o EDL reference,,0.40475495307612097,1.399423156967302e-12,-1.58012955921814e-11,0.0013994231569673021,-0.0158012955921814,0.06997115784836509,-0.7900647796090698
w/o EDL reference,,0.40500521376433785,1.40625918444194e-12,-1.572448322928409e-11,0.00140625918444194,-0.01572448322928409,0.07031295922209699,-0.7862241614642044
w/o EDL reference,,0.4052554744525548,1.4131286051553586e-12,-1.5648044262293428e-11,0.0014131286051553586,-0.01564804426229343,0.07065643025776792,-0.7824022131146713
w/o EDL reference,,0.40550573514077165,1.4200315822298369e-12,-1.5571976876078384e-11,0.0014200315822298368,-0.015571976876078385,0.07100157911149184,-0.7785988438039192
w/o EDL reference,,0.4057559958289885,1.4269682795844912e-12,-1.5496279264331557e-11,0.0014269682795844912,-0.015496279264331558,0.07134841397922455,-0.7748139632165778
w/o EDL reference,,0.40600625651720545,1.4339388619391665e-12,-1.542094962952621e-11,0.0014339388619391666,-0.01542094962952621,0.07169694309695832,-0.7710474814763104
w/o EDL reference,,0.40625651720542233,1.4409434948183382e-12,-1.5345986182873746e-11,0.0014409434948183383,-0.015345986182873746,0.0720471747409169,-0.7672993091436873
w/o EDL reference,,0.4065067778936392,1.4479823445550582e-12,-1.5271387144281032e-11,0.001447982344555058,-0.015271387144281032,0.0723991172277529,-0.7635693572140515
w/o EDL reference,,0.40675703858185613,1.4550555782948958e-12,-1.519715074230823e-11,0.0014550555782948957,-0.01519715074230823,0.07275277891474478,-0.7598575371154115
w/o EDL reference,,0.407007299270073,1.4621633639999038e-12,-1.51232752141268e-11,0.0014621633639999038,-0.0151232752141268,0.07310816819999519,-0.7561637607063398
w/o EDL reference,,0.4072575599582899,1.4693058704526151e-12,-1.5049758805477482e-11,0.0014693058704526151,-0.015049758805477481,0.07346529352263075,-0.7524879402738741
w/o EDL reference,,0.4075078206465068,1.4764832672600482e-12,-1.4976599770628737e-11,0.0014764832672600483,-0.014976599770628736,0.0738241633630024,-0.7488299885314368
w/o EDL reference,,0.4077580813347237,1.4836957248577247e-12,-1.490379637233534e-11,0.0014836957248577248,-0.014903796372335342,0.07418478624288623,-0.7451898186167669
w/o EDL reference,,0.40800834202294056,1.490943414513733e-12,-1.4831346881796987e-11,0.001490943414513733,-0.014831346881796987,0.07454717072568665,-0.7415673440898493
w/o EDL reference,,0.4082586027111575,1.4982265083327862e-12,-1.4759249578617354e-11,0.0014982265083327863,-0.014759249578617354,0.07491132541663931,-0.7379624789308676
w/o EDL reference,,0.40850886339937437,1.5055451792603057e-12,-1.4687502750763208e-11,0.0015055451792603057,-0.014687502750763208,0.07527725896301528,-0.7343751375381603
w/o EDL reference,,0.40875912408759124,1.512899601086536e-12,-1.4616104694523748e-11,0.001512899601086536,-0.014616104694523749,0.0756449800543268,-0.7308052347261873
w/o EDL reference,,0.40900938477580817,1.5202899484506693e-12,-1.454505371447014e-11,0.0015202899484506693,-0.01454505371447014,0.07601449742253345,-0.727252685723507
w/o EDL reference,,0.40925964546402505,1.527716396844983e-12,-1.4474348123415341e-11,0.001527716396844983,-0.014474348123415342,0.07638581984224914,-0.723717406170767
w/o EDL reference,,0.4095099061522419,1.5351791226190222e-12,-1.4403986242373896e-11,0.0015351791226190222,-0.014403986242373896,0.0767589561309511,-0.7201993121186947
w/o EDL reference,,0.40976016684045885,1.54267830298378e-12,-1.4333966400522134e-11,0.00154267830298378,-0.014333966400522135,0.07713391514918899,-0.7166983200261067
w/o EDL reference,,0.4100104275286757,1.5502141160159004e-12,-1.4264286935158576e-11,0.0015502141160159003,-0.014264286935158577,0.07751070580079501,-0.7132143467579287
w/o EDL reference,,0.4102606882168926,1.5577867406619166e-12,-1.4194946191664295e-11,0.0015577867406619166,-0.014194946191664294,0.07788933703309582,-0.7097473095832146
w/o EDL reference,,0.41051094890510953,1.5653963567424977e-12,-1.4125942523463704e-11,0.0015653963567424977,-0.014125942523463704,0.07826981783712487,-0.7062971261731852
w/o EDL reference,,0.4107612095933264,1.5730431449567074e-12,-1.4057274291985537e-11,0.0015730431449567073,-0.014057274291985536,0.07865215724783536,-0.7028637145992768
w/o EDL reference,,0.4110114702815433,1.5807272868863145e-12,-1.3988939866623776e-11,0.0015807272868863145,-0.013988939866623777,0.07903636434431571,-0.6994469933311888
w/o EDL reference,,0.4112617309697602,1.5884489650000912e-12,-1.3920937624699043e-11,0.0015884489650000912,-0.013920937624699044,0.07942244825000455,-0.6960468812349521
w/o EDL reference,,0.4115119916579771,1.5962083626581474e-12,-1.385326595142003e-11,0.0015962083626581474,-0.01385326595142003,0.07981041813290736,-0.6926632975710014
w/o EDL reference,,0.41176225234619396,1.6040056641162888e-12,-1.3785923239845165e-11,0.0016040056641162888,-0.013785923239845165,0.08020028320581443,-0.6892961619922582
w/o EDL reference,,0.4120125130344109,1.611841054530394e-12,-1.371890789084443e-11,0.001611841054530394,-0.01371890789084443,0.08059205272651969,-0.6859453945422215
w/o EDL reference,,0.41226277372262776,1.6197147199607972e-12,-1.365221831306147e-11,0.001619714719960797,-0.01365221831306147,0.08098573599803985,-0.6826109156530734
w/o EDL reference,,0.41251303441084464,1.6276268473767267e-12,-1.3585852922875675e-11,0.0016276268473767268,-0.013585852922875676,0.08138134236883633,-0.6792926461437837
w/o EDL reference,,0.41276329509906157,1.635577624660733e-12,-1.3519810144364642e-11,0.001635577624660733,-0.013519810144364642,0.08177888123303664,-0.6759905072182321
w/o EDL reference,,0.41301355578727844,1.6435672406131476e-12,-1.3454088409266824e-11,0.0016435672406131475,-0.013454088409266825,0.08217836203065737,-0.6727044204633411
w/o EDL reference,,0.4132638164754953,1.651595884956575e-12,-1.3388686156944143e-11,0.0016515958849565749,-0.013388686156944144,0.08257979424782874,-0.6694343078472071
w/o EDL reference,,0.41351407716371225,1.659663748340395e-12,-1.3323601834345013e-11,0.0016596637483403949,-0.013323601834345012,0.08298318741701974,-0.6661800917172506
w/o EDL reference,,0.4137643378519291,1.6677710223452806e-12,-1.3258833895967516e-11,0.0016677710223452805,-0.013258833895967515,0.08338855111726402,-0.6629416947983757
w/o EDL reference,,0.414014598540146,1.6759178994877646e-12,-1.3194380803822582e-11,0.0016759178994877645,-0.013194380803822582,0.08379589497438822,-0.659719040191129
w/o EDL reference,,0.4142648592283629,1.684104573224795e-12,-1.313024102739754e-11,0.001684104573224795,-0.01313024102739754,0.08420522866123974,-0.6565120513698769
w/o EDL reference,,0.4145151199165798,1.6923312379583393e-12,-1.3066413043619761e-11,0.0016923312379583393,-0.013066413043619761,0.08461656189791696,-0.653320652180988
w/o EDL reference,,0.4147653806047967,1.7005980890399968e-12,-1.3002895336820499e-11,0.0017005980890399967,-0.013002895336820499,0.08502990445199983,-0.6501447668410248
w/o EDL reference,,0.4150156412930136,1.7089053227756398e-12,-1.2939686398698857e-11,0.00170890532277564,-0.012939686398698858,0.08544526613878198,-0.6469843199349428
w/o EDL reference,,0.4152659019812305,1.7172531364300643e-12,-1.2876784728286078e-11,0.0017172531364300643,-0.012876784728286078,0.08586265682150321,-0.6438392364143039
w/o EDL reference,,0.41551616266944735,1.725641728231694e-12,-1.2814188831909769e-11,0.001725641728231694,-0.01281418883190977,0.08628208641158469,-0.6407094415954884
w/o EDL reference,,0.4157664233576642,1.7340712973772684e-12,-1.2751897223158499e-11,0.0017340712973772684,-0.012751897223158499,0.08670356486886341,-0.6375948611579249
w/o EDL reference,,0.41601668404588116,1.742542044036586e-12,-1.2689908422846487e-11,0.001742542044036586,-0.012689908422846487,0.08712710220182929,-0.6344954211423243
w/o EDL reference,,0.41626694473409803,1.7510541693572508e-12,-1.2628220958978548e-11,0.0017510541693572508,-0.012628220958978548,0.08755270846786253,-0.6314110479489273
w/o EDL reference,,0.4165172054223149,1.7596078754694512e-12,-1.2566833366715007e-11,0.0017596078754694513,-0.012566833366715007,0.08798039377347255,-0.6283416683357503
w/o EDL reference,,0.41676746611053184,1.7682033654907616e-12,-1.2505744188336995e-11,0.0017682033654907617,-0.012505744188336994,0.08841016827453807,-0.6252872094168497
w/o EDL reference,,0.4170177267987487,1.776840843530956e-12,-1.2444951973211877e-11,0.001776840843530956,-0.012444951973211877,0.0888420421765478,-0.6222475986605938
w/o EDL reference,,0.4172679874869656,1.7855205146968668e-12,-1.2384455277758689e-11,0.0017855205146968668,-0.012384455277758688,0.08927602573484333,-0.6192227638879344
w/o EDL reference,,0.4175182481751825,1.7942425850972517e-12,-1.2324252665413952e-11,0.0017942425850972516,-0.012324252665413952,0.08971212925486258,-0.6162126332706975
w/o EDL reference,,0.4177685088633994,1.803007261847686e-12,-1.2264342706597495e-11,0.001803007261847686,-0.012264342706597495,0.09015036309238429,-0.6132171353298747
w/o EDL reference,,0.41801876955161626,1.811814753075481e-12,-1.2204723978678607e-11,0.001811814753075481,-0.012204723978678608,0.09059073765377404,-0.6102361989339303
w/o EDL reference,,0.4182690302398332,1.820665267924631e-12,-1.2145395065942135e-11,0.001820665267924631,-0.012145395065942135,0.09103326339623154,-0.6072697532971066
w/o EDL reference,,0.41851929092805007,1.8295590165607665e-12,-1.2086354559554924e-11,0.0018295590165607666,-0.012086354559554924,0.09147795082803832,-0.6043177279777462
w/o EDL reference,,0.41876955161626694,1.8384962101761594e-12,-1.2027601057532379e-11,0.0018384962101761595,-0.012027601057532379,0.09192481050880796,-0.6013800528766189
w/o EDL reference,,0.4190198123044839,1.8474770609947345e-12,-1.1969133164705113e-11,0.0018474770609947346,-0.011969133164705114,0.0923738530497367,-0.5984566582352556
w/o EDL reference,,0.41927007299270075,1.8565017822771035e-12,-1.1910949492685934e-11,0.0018565017822771035,-0.011910949492685934,0.09282508911385517,-0.5955474746342967
w/o EDL reference,,0.4195203336809176,1.865570588325636e-12,-1.1853048659836732e-11,0.0018655705883256362,-0.011853048659836732,0.0932785294162818,-0.5926524329918366
w/o EDL reference,,0.41977059436913455,1.874683694489545e-12,-1.1795429291235736e-11,0.001874683694489545,-0.011795429291235737,0.09373418472447724,-0.5897714645617868
w/o EDL reference,,0.4200208550573514,1.8838413171699937e-12,-1.1738090018644933e-11,0.0018838413171699936,-0.011738090018644932,0.09419206585849967,-0.5869045009322466
w/o EDL reference,,0.4202711157455683,1.8930436738252463e-12,-1.1681029480477444e-11,0.0018930436738252463,-0.011681029480477443,0.0946521836912623,-0.5840514740238721
w/o EDL reference,,0.42052137643378523,1.9022909829758275e-12,-1.162424632176528e-11,0.0019022909829758275,-0.01162424632176528,0.09511454914879136,-0.581212316088264
w/o EDL reference,,0.4207716371220021,1.9115834642097102e-12,-1.1567739194127133e-11,0.0019115834642097103,-0.011567739194127133,0.09557917321048551,-0.5783869597063566
w/o EDL reference,,0.421021897810219,1.9209213381875287e-12,-1.1511506755736423e-11,0.0019209213381875287,-0.011511506755736423,0.09604606690937642,-0.5755753377868211
w/o EDL reference,,0.4212721584984359,1.9303048266478245e-12,-1.1455547671289324e-11,0.0019303048266478245,-0.011455547671289324,0.09651524133239121,-0.5727773835644662
w/o EDL reference,,0.4215224191866528,1.9397341524122984e-12,-1.139986061197313e-11,0.0019397341524122983,-0.01139986061197313,0.09698670762061491,-0.5699930305986565
w/o EDL reference,,0.42177267987486966,1.9492095393911163e-12,-1.1344444255434688e-11,0.0019492095393911163,-0.011344444255434688,0.0974604769695558,-0.5672222127717343
w/o EDL reference,,0.4220229405630866,1.958731212588222e-12,-1.1289297285748971e-11,0.0019587312125882218,-0.011289297285748972,0.09793656062941108,-0.5644648642874485
w/o EDL reference,,0.42227320125130346,1.9682993981066765e-12,-1.1234418393387913e-11,0.0019682993981066767,-0.011234418393387914,0.09841496990533381,-0.5617209196693956
w/o EDL reference,,0.42252346193952034,1.97791432315403e-12,-1.1179806275189191e-11,0.00197791432315403,-0.011179806275189191,0.09889571615770149,-0.5589903137594595
w/o EDL reference,,0.42277372262773727,1.9875762160477204e-12,-1.1125459634325345e-11,0.0019875762160477205,-0.011125459634325345,0.099378810802386,-0.5562729817162672
w/o EDL reference,,0.42302398331595414,1.9972853062204773e-12,-1.107137718027303e-11,0.0019972853062204775,-0.011071377180273031,0.09986426531102385,-0.5535688590136515
w/o EDL reference,,0.423274244004171,2.007041824225798e-12,-1.1017557628782271e-11,0.002007041824225798,-0.011017557628782272,0.10035209121128988,-0.5508778814391135
w/o EDL reference,,0.42352450469238795,2.0168460017434034e-12,-1.0963999701846015e-11,0.0020168460017434033,-0.010963999701846016,0.10084230008717016,-0.5481999850923007
w/o EDL reference,,0.4237747653806048,2.0266980715847445e-12,-1.0910702127669826e-11,0.0020266980715847446,-0.010910702127669826,0.10133490357923722,-0.5455351063834912
w/o EDL reference,,0.4240250260688217,2.0365982676985307e-12,-1.0857663640641602e-11,0.0020365982676985306,-0.010857663640641602,0.10182991338492652,-0.5428831820320801
w/o EDL reference,,0.4242752867570386,2.046546825176289e-12,-1.0804882981301563e-11,0.002046546825176289,-0.010804882981301563,0.10232734125881443,-0.5402441490650781
w/o EDL reference,,0.4245255474452555,2.0565439802579274e-12,-1.0752358896312395e-11,0.0020565439802579274,-0.010752358896312394,0.10282719901289636,-0.5376179448156196
w/o EDL reference,,0.4247758081334724,2.0665899703373767e-12,-1.070009013842938e-11,0.0020665899703373766,-0.01070009013842938,0.10332949851686882,-0.535004506921469
w/o EDL reference,,0.42502606882168925,2.076685033968204e-12,-1.0648075466470855e-11,0.0020766850339682037,-0.010648075466470855,0.10383425169841018,-0.5324037733235427
w/o EDL reference,,0.4252763295099062,2.086829410869284e-12,-1.0596313645288714e-11,0.002086829410869284,-0.010596313645288714,0.1043414705434642,-0.5298156822644357
w/o EDL reference,,0.42552659019812306,2.0970233419304943e-12,-1.0544803445739103e-11,0.0020970233419304943,-0.010544803445739102,0.1048511670965247,-0.5272401722869551
w/o EDL reference,,0.42577685088634,2.107267069218435e-12,-1.0493543644653173e-11,0.002107267069218435,-0.010493543644653174,0.10536335346092174,-0.5246771822326586
w/o EDL reference,,0.42602711157455686,2.11756083598216e-12,-1.0442533024808132e-11,0.0021175608359821603,-0.010442533024808132,0.105878041799108,-0.5221266512404066
w/o EDL reference,,0.42627737226277373,2.1279048866589846e-12,-1.0391770374898237e-11,0.0021279048866589844,-0.010391770374898237,0.10639524433294922,-0.5195885187449117
w/o EDL reference,,0.4265276329509906,2.138299466880268e-12,-1.034125448950608e-11,0.0021382994668802677,-0.010341254489506081,0.10691497334401338,-0.517062724475304
w/o EDL reference,,0.42677789363920754,2.1487448234772497e-12,-1.0290984169073963e-11,0.0021487448234772497,-0.010290984169073963,0.10743724117386247,-0.5145492084536981
w/o EDL reference,,0.4270281543274244,2.1592412044869147e-12,-1.0240958219875437e-11,0.0021592412044869145,-0.010240958219875437,0.10796206022434572,-0.5120479109937718
w/o EDL reference,,0.4272784150156413,2.16978885915788e-12,-1.0191175453986892e-11,0.00216978885915788,-0.010191175453986892,0.10848944295789399,-0.5095587726993446
w/o EDL reference,,0.4275286757038582,2.180388037956321e-12,-1.0141634689259383e-11,0.002180388037956321,-0.010141634689259382,0.10901940189781603,-0.5070817344629691
w/o EDL reference,,0.4277789363920751,2.1910389925718944e-12,-1.0092334749290611e-11,0.0021910389925718942,-0.010092334749290612,0.10955194962859471,-0.5046167374645305
w/o EDL reference,,0.42802919708029197,2.2017419759237525e-12,-1.0043274463396888e-11,0.0022017419759237525,-0.010043274463396888,0.11008709879618761,-0.5021637231698444
w/o EDL reference,,0.4282794577685089,2.212497242166521e-12,-9.994452666585392e-12,0.002212497242166521,-0.009994452666585392,0.11062486210832603,-0.4997226333292695
w/o EDL reference,,0.42852971845672577,2.2233050466963446e-12,-9.945868199526524e-12,0.0022233050466963443,-0.009945868199526524,0.11116525233481721,-0.49729340997632615
w/o EDL reference,,0.42877997914494265,2.2341656461569494e-12,-9.897519908526331e-12,0.0022341656461569493,-0.009897519908526331,0.11170828230784746,-0.4948759954263165
w/o EDL reference,,0.4290302398331596,2.2450792984457454e-12,-9.849406645499118e-12,0.002245079298445745,-0.009849406645499117,0.11225396492228726,-0.4924703322749559
w/o EDL reference,,0.42928050052137645,2.2560462627199227e-12,-9.801527267940254e-12,0.002256046262719923,-0.009801527267940254,0.11280231313599612,-0.49007636339701266
w/o EDL reference,,0.4295307612095933,2.2670667994026436e-12,-9.753880638898935e-12,0.0022670667994026438,-0.009753880638898935,0.11335333997013218,-0.4876940319449467
w/o EDL reference,,0.42978102189781026,2.2781411701892053e-12,-9.706465626951242e-12,0.002278141170189205,-0.009706465626951242,0.11390705850946026,-0.4853232813475621
w/o EDL reference,,0.43003128258602713,2.289269638053255e-12,-9.659281106173304e-12,0.0022892696380532552,-0.009659281106173305,0.11446348190266276,-0.48296405530866515
w/o EDL reference,,0.430281543274244,2.300452467253039e-12,-9.612325956114493e-12,0.002300452467253039,-0.009612325956114493,0.11502262336265193,-0.48061629780572457
w/o EDL reference,,0.43053180396246093,2.311689923337679e-12,-9.565599061770845e-12,0.002311689923337679,-0.009565599061770845,0.11558449616688395,-0.4782799530885422
w/o EDL reference,,0.4307820646506778,2.3229822731534614e-12,-9.51909931355865e-12,0.0023229822731534616,-0.009519099313558651,0.11614911365767305,-0.47595496567793244
w/o EDL reference,,0.4310323253388947,2.3343297848502005e-12,-9.472825607287981e-12,0.0023343297848502005,-0.009472825607287981,0.11671648924251002,-0.473641280364399
w/o EDL reference,,0.4312825860271116,2.34573272788759e-12,-9.426776844136553e-12,0.00234573272788759,-0.009426776844136554,0.1172866363943795,-0.4713388422068276
w/o EDL reference,,0.4315328467153285,2.357191373041604e-12,-9.380951930623633e-12,0.002357191373041604,-0.009380951930623632,0.11785956865208018,-0.4690475965311816
w/o EDL reference,,0.43178310740354536,2.368705992410925e-12,-9.335349778584035e-12,0.0023687059924109247,-0.009335349778584036,0.11843529962054623,-0.4667674889292017
w/o EDL reference,,0.4320333680917623,2.3802768594234167e-12,-9.289969305142287e-12,0.0023802768594234167,-0.009289969305142287,0.11901384297117082,-0.4644984652571143
w/o EDL reference,,0.43228362877997917,2.3919042488425873e-12,-9.244809432686985e-12,0.0023919042488425874,-0.009244809432686985,0.11959521244212935,-0.46224047163434917
w/o EDL reference,,0.43253388946819604,2.4035884367741532e-12,-9.19986908884509e-12,0.002403588436774153,-0.00919986908884509,0.12017942183870765,-0.4599934544422545
w/o EDL reference,,0.432784150156413,2.4153297006725715e-12,-9.155147206456541e-12,0.0024153297006725715,-0.009155147206456542,0.12076648503362857,-0.457757360322827
w/o EDL reference,,0.43303441084462985,2.4271283193476324e-12,-9.11064272354891e-12,0.0024271283193476323,-0.00911064272354891,0.12135641596738161,-0.4555321361774455
w/o EDL reference,,0.4332846715328467,2.4389845729710823e-12,-9.066354583312154e-12,0.0024389845729710824,-0.009066354583312154,0.12194922864855409,-0.45331772916560764
w/o EDL reference,,0.43353493222106365,2.45089874308328e-12,-9.022281734073518e-12,0.00245089874308328,-0.009022281734073519,0.122544937154164,-0.45111408670367587
w/o EDL reference,,0.4337851929092805,2.4628711125998617e-12,-8.978423129272636e-12,0.002462871112599862,-0.008978423129272635,0.12314355562999307,-0.44892115646363173
w/o EDL reference,,0.4340354535974974,2.4749019658184917e-12,-8.934777727436562e-12,0.002474901965818492,-0.008934777727436562,0.12374509829092457,-0.44673888637182807
w/o EDL reference,,0.4342857142857143,2.4869915884255915e-12,-8.89134449215513e-12,0.0024869915884255913,-0.00889134449215513,0.12434957942127957,-0.4445672246077565
w/o EDL reference,,0.4345359749739312,2.49914026750313e-12,-8.848122392056296e-12,0.00249914026750313,-0.008848122392056295,0.12495701337515648,-0.44240611960281473
w/o EDL reference,,0.4347862356621481,2.511348291535438e-12,-8.805110400781685e-12,0.002511348291535438,-0.008805110400781685,0.1255674145767719,-0.44025552003908425
w/o EDL reference,,0.435036496350365,2.5236159504160696e-12,-8.762307496962164e-12,0.0025236159504160695,-0.008762307496962165,0.12618079752080347,-0.43811537484810814
w/o EDL reference,,0.4352867570385819,2.5359435354546548e-12,-8.71971266419367e-12,0.0025359435354546547,-0.00871971266419367,0.12679717677273272,-0.4359856332096835
w/o EDL reference,,0.43553701772679876,2.548331339383859e-12,-8.677324891012988e-12,0.0025483313393838587,-0.008677324891012987,0.12741656696919293,-0.4338662445506493
w/o EDL reference,,0.43578727841501563,2.560779656366309e-12,-8.635143170873775e-12,0.002560779656366309,-0.008635143170873775,0.12803898281831544,-0.43175715854368873
w/o EDL reference,,0.43603753910323256,2.5732887820015818e-12,-8.593166502122657e-12,0.002573288782001582,-0.008593166502122657,0.12866443910007908,-0.42965832510613283
w/o EDL reference,,0.43628779979144944,2.5858590133332272e-12,-8.551393887975455e-12,0.002585859013333227,-0.008551393887975456,0.12929295066666135,-0.42756969439877274
w/o EDL reference,,0.43653806047966637,2.5984906488558264e-12,-8.50982433649347e-12,0.0025984906488558264,-0.008509824336493471,0.1299245324427913,-0.4254912168246735
w/o EDL reference,,0.43678832116788324,2.6111839885220532e-12,-8.468456860560008e-12,0.0026111839885220533,-0.008468456860560008,0.13055919942610264,-0.4234228430280004
w/o EDL reference,,0.4370385818561001,2.6239393337498364e-12,-8.427290477856845e-12,0.0026239393337498364,-0.008427290477856845,0.1311969666874918,-0.4213645238928422
w/o EDL reference,,0.437288842544317,2.6367569874294918e-12,-8.386324210840962e-12,0.002636756987429492,-0.008386324210840962,0.13183784937147458,-0.41931621054204804
w/o EDL reference,,0.4375391032325339,2.649637253930923e-12,-8.345557086721311e-12,0.002649637253930923,-0.00834555708672131,0.13248186269654613,-0.4172778543360655
w/o EDL reference,,0.4377893639207508,2.662580439110843e-12,-8.304988137435744e-12,0.002662580439110843,-0.008304988137435744,0.13312902195554213,-0.4152494068717872
w/o EDL reference,,0.43803962460896767,2.6755868503200443e-12,-8.26461639962797e-12,0.002675586850320044,-0.00826461639962797,0.1337793425160022,-0.4132308199813985
w/o EDL reference,,0.4382898852971846,2.6886567964107003e-12,-8.224440914624732e-12,0.0026886567964107,-0.008224440914624733,0.134432839820535,-0.4112220457312366
w/o EDL reference,,0.4385401459854015,2.7017905877436716e-12,-8.184460728413025e-12,0.002701790587743672,-0.008184460728413025,0.13508952938718358,-0.4092230364206512
w/o EDL reference,,0.43879040667361835,2.7149885361959177e-12,-8.14467489161742e-12,0.0027149885361959177,-0.00814467489161742,0.13574942680979588,-0.40723374458087097
w/o EDL reference,,0.4390406673618353,2.728250955167878e-12,-8.10508245947754e-12,0.0027282509551678777,-0.008105082459477539,0.13641254775839387,-0.4052541229738769
w/o EDL reference,,0.43929092805005215,2.741578159590915e-12,-8.065682491825641e-12,0.0027415781595909153,-0.00806568249182564,0.13707890797954575,-0.40328412459128204
w/o EDL reference,,0.43954118873826903,2.7549704659347986e-12,-8.026474053064249e-12,0.002754970465934799,-0.00802647405306425,0.13774852329673992,-0.4013237026532124
w/o EDL reference,,0.43979144942648596,2.768428192215226e-12,-7.987456212143976e-12,0.002768428192215226,-0.007987456212143976,0.13842140961076127,-0.39937281060719876
w/o EDL reference,,0.44004171011470283,2.7819516580013423e-12,-7.948628042541405e-12,0.002781951658001342,-0.007948628042541405,0.1390975829000671,-0.39743140212707023
w/o EDL reference,,0.4402919708029197,2.7955411844233755e-12,-7.909988622237062e-12,0.0027955411844233754,-0.007909988622237062,0.13977705922116876,-0.3954994311118531
w/o EDL reference,,0.44054223149113664,2.809197094180232e-12,-7.87153703369355e-12,0.002809197094180232,-0.007871537033693551,0.1404598547090116,-0.3935768516846775
w/o EDL reference,,0.4407924921793535,2.8229197115471664e-12,-7.833272363833766e-12,0.0028229197115471664,-0.007833272363833766,0.1411459855773583,-0.39166361819168827
w/o EDL reference,,0.4410427528675704,2.836709362383482e-12,-7.795193704019181e-12,0.002836709362383482,-0.007795193704019181,0.14183546811917408,-0.389759685200959
w/o EDL reference,,0.4412930135557873,2.8505663741402774e-12,-7.757300150028308e-12,0.0028505663741402775,-0.007757300150028308,0.14252831870701385,-0.3878650075014154
w/o EDL reference,,0.4415432742440042,2.8644910758681893e-12,-7.719590802035213e-12,0.002864491075868189,-0.0077195908020352135,0.14322455379340945,-0.3859795401017606
w/o EDL reference,,0.44179353493222107,2.878483798225254e-12,-7.682064764588127e-12,0.002878483798225254,-0.007682064764588128,0.14392418991126268,-0.38410323822940634
w/o EDL reference,,0.442043795620438,2.8925448734847284e-12,-7.644721146588205e-12,0.0028925448734847285,-0.007644721146588205,0.1446272436742364,-0.3822360573294102
w/o EDL reference,,0.44229405630865487,2.9066746355429876e-12,-7.607559061268374e-12,0.0029066746355429877,-0.007607559061268374,0.14533373177714937,-0.38037795306341865
w/o EDL reference,,0.44254431699687174,2.9208734199274524e-12,-7.570577626172248e-12,0.0029208734199274522,-0.007570577626172248,0.1460436709963726,-0.37852888130861234
w/o EDL reference,,0.4427945776850887,2.935141563804567e-12,-7.533775963133196e-12,0.002935141563804567,-0.007533775963133196,0.14675707819022832,-0.3766887981566598
w/o EDL reference,,0.44304483837330555,2.9494794059877724e-12,-7.497153198253489e-12,0.0029494794059877726,-0.007497153198253489,0.1474739702993886,-0.3748576599126744
w/o EDL reference,,0.4432950990615224,2.9638872869455994e-12,-7.46070846188352e-12,0.0029638872869455993,-0.00746070846188352,0.14819436434727995,-0.373035423094176
w/o EDL reference,,0.44354535974973935,2.978365548809723e-12,-7.424440888601181e-12,0.0029783655488097227,-0.007424440888601181,0.14891827744048614,-0.371222044430059
w/o EDL reference,,0.44379562043795623,2.992914535383092e-12,-7.388349617191314e-12,0.0029929145353830918,-0.007388349617191314,0.14964572676915458,-0.36941748085956566
w/o EDL reference,,0.4440458811261731,3.007534592148096e-12,-7.35243379062525e-12,0.003007534592148096,-0.00735243379062525,0.15037672960740478,-0.36762168953126245
w/o EDL reference,,0.44429614181439003,3.0222260662747744e-12,-7.316692556040442e-12,0.0030222260662747745,-0.007316692556040442,0.1511113033137387,-0.365834627802022
w/o EDL reference,,0.4445464025026069,3.036989306629032e-12,-7.281125064720252e-12,0.003036989306629032,-0.007281125064720252,0.15184946533145158,-0.3640562532360126
w/o EDL reference,,0.4447966631908238,3.051824663780967e-12,-7.245730472073765e-12,0.0030518246637809667,-0.007245730472073765,0.15259123318904833,-0.36228652360368824
w/o EDL reference,,0.44504692387904066,3.066732490013166e-12,-7.210507937615742e-12,0.0030667324900131663,-0.007210507937615742,0.1533366245006583,-0.36052539688078705
w/o EDL reference,,0.4452971845672576,3.0817131393290797e-12,-7.175456624946651e-12,0.0030817131393290798,-0.007175456624946651,0.15408565696645396,-0.3587728312473325
w/o EDL reference,,0.44554744525547446,3.096766967461423e-12,-7.140575701732858e-12,0.003096766967461423,-0.007140575701732858,0.15483834837307114,-0.3570287850866429
w/o EDL reference,,0.4457977059436914,3.1118943318806362e-12,-7.105864339686779e-12,0.0031118943318806363,-0.007105864339686779,0.1555947165940318,-0.3552932169843389
w/o EDL reference,,0.44604796663190827,3.127095591803337e-12,-7.071321714547284e-12,0.003127095591803337,-0.0070713217145472835,0.15635477959016683,-0.35356608572736414
w/o EDL reference,,0.44629822732012514,3.1423711082009027e-12,-7.036947006060076e-12,0.003142371108200903,-0.007036947006060076,0.15711855541004513,-0.3518473503030038
w/o EDL reference,,0.446548488008342,3.1577212438080074e-12,-7.0027393979582385e-12,0.0031577212438080073,-0.007002739397958238,0.15788606219040036,-0.3501369698979119
w/o EDL reference,,0.44679874869655894,3.1731463631312426e-12,-6.9686980779428324e-12,0.0031731463631312425,-0.0069686980779428325,0.15865731815656212,-0.3484349038971416
w/o EDL reference,,0.4470490093847758,3.1886468324577775e-12,-6.93482223766366e-12,0.0031886468324577775,-0.00693482223766366,0.15943234162288886,-0.34674111188318296
w/o EDL reference,,0.44729927007299275,3.2042230198640574e-12,-6.901111072699983e-12,0.0032042230198640574,-0.006901111072699983,0.16021115099320285,-0.3450555536349991
w/o EDL reference,,0.4475495307612096,3.219875295224519e-12,-6.8675637825415e-12,0.003219875295224519,-0.0068675637825415,0.16099376476122593,-0.34337818912707496
w/o EDL reference,,0.4477997914494265,3.2356040302204184e-12,-6.834179570569285e-12,0.0032356040302204186,-0.006834179570569285,0.1617802015110209,-0.3417089785284642
w/o EDL reference,,0.4480500521376434,3.251409598348625e-12,-6.800957644036899e-12,0.0032514095983486252,-0.006800957644036899,0.16257047991743123,-0.3400478822018449
w/o EDL reference,,0.4483003128258603,3.2672923749305e-12,-6.7678972140515455e-12,0.0032672923749305,-0.006767897214051546,0.16336461874652497,-0.33839486070257724
w/o EDL reference,,0.4485505735140772,3.283252737120806e-12,-6.7349974955553825e-12,0.003283252737120806,-0.006734997495555383,0.1641626368560403,-0.3367498747777691
w/o EDL reference,,0.44880083420229405,3.2992910639166716e-12,-6.702257707306813e-12,0.0032992910639166716,-0.0067022577073068135,0.16496455319583356,-0.3351128853653406
w/o EDL reference,,0.449051094890511,3.315407736166577e-12,-6.669677071861972e-12,0.003315407736166577,-0.006669677071861972,0.16577038680832884,-0.33348385359309857
w/o EDL reference,,0.44930135557872786,3.3316031365794007e-12,-6.637254815556278e-12,0.003331603136579401,-0.0066372548155562774,0.16658015682897,-0.33186274077781386
w/o EDL reference,,0.44955161626694473,3.3478776497335226e-12,-6.604990168486027e-12,0.0033478776497335226,-0.006604990168486027,0.1673938824866761,-0.33024950842430134
w/o EDL reference,,0.44980187695516166,3.3642316620859422e-12,-6.572882364490123e-12,0.003364231662085942,-0.006572882364490123,0.1682115831042971,-0.3286441182245061
w/o EDL reference,,0.45005213764337854,3.3806655619814578e-12,-6.540930641131922e-12,0.0033806655619814576,-0.006540930641131922,0.16903327809907287,-0.32704653205659606
w/o EDL reference,,0.4503023983315954,3.3971797396618924e-12,-6.509134239681057e-12,0.0033971797396618922,-0.006509134239681058,0.1698589869830946,-0.32545671198405285
w/o EDL reference,,0.45055265901981234,3.413774587275353e-12,-6.4774924050954704e-12,0.003413774587275353,-0.006477492405095471,0.17068872936376764,-0.3238746202547735
w/o EDL reference,,0.4508029197080292,3.43045049888554e-12,-6.44600438600348e-12,0.0034304504988855403,-0.00644600438600348,0.171522524944277,-0.322300219300174
w/o EDL reference,,0.4510531803962461,3.447207870481126e-12,-6.414669434685923e-12,0.003447207870481126,-0.006414669434685923,0.17236039352405627,-0.3207334717342961
w/o EDL reference,,0.451303441084463,3.464047099985135e-12,-6.383486807058391e-12,0.003464047099985135,-0.0063834868070583905,0.17320235499925674,-0.31917434035291953
w/o EDL reference,,0.4515537017726799,3.4809685872644056e-12,-6.3524557626536154e-12,0.0034809685872644056,-0.0063524557626536155,0.17404842936322026,-0.31762278813268074
w/o EDL reference,,0.45180396246089677,3.4979727341390822e-12,-6.32157556460381e-12,0.0034979727341390822,-0.00632157556460381,0.1748986367069541,-0.3160787782301905
w/o EDL reference,,0.4520542231491137,3.515059944392155e-12,-6.290845479623218e-12,0.003515059944392155,-0.006290845479623218,0.17575299721960774,-0.31454227398116086
w/o EDL reference,,0.4523044838373306,3.532230623779037e-12,-6.260264777990699e-12,0.003532230623779037,-0.0062602647779906985,0.17661153118895184,-0.3130132388995349
w/o EDL reference,,0.45255474452554745,3.5494851800372315e-12,-6.229832733532382e-12,0.0035494851800372314,-0.006229832733532382,0.17747425900186156,-0.31149163667661905
w/o EDL reference,,0.4528050052137644,3.566824022895984e-12,-6.1995486236044225e-12,0.003566824022895984,-0.0061995486236044225,0.17834120114479918,-0.3099774311802211
w/o EDL reference,,0.45305526590198125,3.5842475640860276e-12,-6.1694117290758834e-12,0.0035842475640860275,-0.0061694117290758835,0.17921237820430136,-0.30847058645379416
w/o EDL reference,,0.4533055265901981,3.6017562173493443e-12,-6.139421334311598e-12,0.0036017562173493445,-0.0061394213343115974,0.1800878108674672,-0.30697106671557983
w/o EDL reference,,0.45355578727841506,3.619350398449017e-12,-6.109576727155203e-12,0.003619350398449017,-0.006109576727155203,0.18096751992245083,-0.30547883635776013
w/o EDL reference,,0.45380604796663193,3.637030525179061e-12,-6.079877198912252e-12,0.003637030525179061,-0.006079877198912252,0.18185152625895304,-0.30399385994561257
w/o EDL reference,,0.4540563086548488,3.654797017374389e-12,-6.050322044333345e-12,0.0036547970173743892,-0.006050322044333345,0.18273985086871944,-0.3025161022166672
w/o EDL reference,,0.45430656934306574,3.672650296920756e-12,-6.020910561597394e-12,0.0036726502969207557,-0.006020910561597394,0.1836325148460378,-0.3010455280798697
w/o EDL reference,,0.4545568300312826,3.690590787764785e-12,-5.991642052294997e-12,0.0036905907877647845,-0.005991642052294997,0.1845295393882392,-0.2995821026147498
w/o EDL reference,,0.4548070907194995,3.708618915924019e-12,-5.962515821411791e-12,0.003708618915924019,-0.005962515821411791,0.1854309457962009,-0.2981257910705895
w/o EDL reference,,0.4550573514077164,3.7267351094970685e-12,-5.9335311773119774e-12,0.0037267351094970686,-0.005933531177311977,0.18633675547485343,-0.29667655886559885
w/o EDL reference,,0.4553076120959333,3.744939798673736e-12,-5.904687431721919e-12,0.003744939798673736,-0.005904687431721919,0.1872469899336868,-0.29523437158609594
w/o EDL reference,,0.45555787278415016,3.763233415745272e-12,-5.8759838997137575e-12,0.0037632334157452724,-0.005875983899713758,0.1881616707872636,-0.29379919498568785
w/o EDL reference,,0.45580813347236704,3.781616395114615e-12,-5.84741989968917e-12,0.0037816163951146153,-0.00584741989968917,0.18908081975573074,-0.29237099498445845
w/o EDL reference,,0.45605839416058397,3.800089173306719e-12,-5.818994753363176e-12,0.0038000891733067192,-0.005818994753363176,0.1900044586653359,-0.2909497376681588
w/o EDL reference,,0.45630865484880084,3.818652188978902e-12,-5.790707785748062e-12,0.0038186521889789016,-0.005790707785748062,0.19093260944894508,-0.2895353892874031
w/o EDL reference,,0.4565589155370178,3.8373058829312924e-12,-5.762558325137292e-12,0.0038373058829312924,-0.005762558325137291,0.1918652941465646,-0.28812791625686457
w/o EDL reference,,0.45680917622523465,3.8560506981172544e-12,-5.734545703089617e-12,0.0038560506981172543,-0.005734545703089617,0.19280253490586272,-0.2867272851544808
w/o EDL reference,,0.4570594369134515,3.874887079653954e-12,-5.706669254413162e-12,0.0038748870796539536,-0.0057066692544131626,0.19374435398269765,-0.28533346272065807
w/o EDL reference,,0.4573096976016684,3.893815474832892e-12,-5.6789283171496514e-12,0.003893815474832892,-0.005678928317149652,0.19469077374164456,-0.28394641585748254
w/o EDL reference,,0.4575599582898853,3.912836333130549e-12,-5.6513222325586685e-12,0.003912836333130549,-0.005651322232558669,0.1956418166565274,-0.2825661116279334
w/o EDL reference,,0.4578102189781022,3.931950106219032e-12,-5.623850345102064e-12,0.003931950106219033,-0.005623850345102065,0.19659750531095158,-0.2811925172551032
w/o EDL reference,,0.45806047966631913,3.95115724797684e-12,-5.596512002428319e-12,0.00395115724797684,-0.0055965120024283185,0.19755786239884196,-0.2798256001214159
w/o EDL reference,,0.458310740354536,3.970458214499588e-12,-5.569306555357106e-12,0.003970458214499588,-0.005569306555357106,0.19852291072497938,-0.27846532776785526
w/o EDL reference,,0.4585610010427529,3.989853464110894e-12,-5.542233357863848e-12,0.0039898534641108945,-0.005542233357863848,0.19949267320554467,-0.27711166789319236
w/o EDL reference,,0.45881126173096975,4.0093434573732246e-12,-5.5152917670643905e-12,0.004009343457373225,-0.005515291767064391,0.20046717286866123,-0.2757645883532195
w/o EDL reference,,0.4590615224191867,4.028928657098849e-12,-5.48848114319972e-12,0.0040289286570988495,-0.00548848114319972,0.20144643285494246,-0.27442405715998597
w/o EDL reference,,0.45931178310740356,4.048609528360813e-12,-5.461800849620812e-12,0.004048609528360813,-0.005461800849620811,0.20243047641804063,-0.2730900424810406
w/o EDL reference,,0.45956204379562043,4.068386538504002e-12,-5.435250252773455e-12,0.004068386538504002,-0.005435250252773455,0.2034193269252001,-0.27176251263867274
w/o EDL reference,,0.45981230448383736,4.088260157156235e-12,-5.408828722183244e-12,0.004088260157156235,-0.005408828722183244,0.20441300785781172,-0.27044143610916216
w/o EDL reference,,0.46006256517205424,4.108230856239386e-12,-5.382535630440608e-12,0.004108230856239386,-0.005382535630440608,0.2054115428119693,-0.26912678152203034
w/o EDL reference,,0.4603128258602711,4.1282991099806425e-12,-5.356370353185895e-12,0.004128299109980643,-0.005356370353185895,0.2064149554990321,-0.2678185176592947
w/o EDL reference,,0.46056308654848804,4.148465394923729e-12,-5.330332269094547e-12,0.00414846539492373,-0.005330332269094547,0.20742326974618644,-0.2665166134547273
w/o EDL reference,,0.4608133472367049,4.168730189940228e-12,-5.304420759862383e-12,0.004168730189940228,-0.005304420759862383,0.2084365094970114,-0.26522103799311914
w/o EDL reference,,0.4610636079249218,4.189093976240966e-12,-5.2786352101908626e-12,0.004189093976240966,-0.005278635210190862,0.20945469881204826,-0.2639317605095431
w/o EDL reference,,0.4613138686131387,4.209557237387432e-12,-5.252975007772498e-12,0.004209557237387432,-0.005252975007772498,0.21047786186937156,-0.2626487503886249
w/o EDL reference,,0.4615641293013556,4.230120459303243e-12,-5.227439543276336e-12,0.0042301204593032425,-0.005227439543276337,0.2115060229651621,-0.26137197716381677
w/o EDL reference,,0.46181438998957247,4.250784130285719e-12,-5.202028210333449e-12,0.004250784130285719,-0.005202028210333449,0.21253920651428593,-0.2601014105166724
w/o EDL reference,,0.4620646506777894,4.271548741017445e-12,-5.176740405522555e-12,0.004271548741017445,-0.005176740405522555,0.21357743705087223,-0.2588370202761277
w/o EDL reference,,0.4623149113660063,4.292414784577944e-12,-5.151575528355715e-12,0.004292414784577944,-0.0051515755283557145,0.21462073922889718,-0.2575787764177857
w/o EDL reference,,0.46256517205422315,4.313382756455376e-12,-5.126532981264022e-12,0.004313382756455376,-0.005126532981264022,0.21566913782276878,-0.2563266490632011
w/o EDL reference,,0.4628154327424401,4.3344531545583134e-12,-5.101612169583441e-12,0.0043344531545583135,-0.005101612169583441,0.21672265772791566,-0.255080608479172
w/o EDL reference,,0.46306569343065695,4.355626479227532e-12,-5.076812501540697e-12,0.004355626479227532,-0.005076812501540697,0.21778132396137662,-0.2538406250770348
w/o EDL reference,,0.46331595411887383,4.3769032332479474e-12,-5.0521333882391955e-12,0.0043769032332479476,-0.0050521333882391955,0.21884516166239737,-0.25260666941195975
w/o EDL reference,,0.4635662148070907,4.3982839218605026e-12,-5.027574243645056e-12,0.004398283921860502,-0.005027574243645056,0.2199141960930251,-0.2513787121822528
w/o EDL reference,,0.46381647549530763,4.419769052774196e-12,-5.003134484573199e-12,0.004419769052774196,-0.0050031344845731995,0.22098845263870978,-0.2501567242286599
w/o EDL reference,,0.4640667361835245,4.441359136178129e-12,-4.978813530673492e-12,0.004441359136178129,-0.0049788135306734925,0.22206795680890645,-0.2489406765336746
w/o EDL reference,,0.46431699687174144,4.4630546847536274e-12,-4.954610804416954e-12,0.004463054684753627,-0.004954610804416954,0.22315273423768134,-0.2477305402208477
w/o EDL reference,,0.4645672575599583,4.48485621368638e-12,-4.930525731082074e-12,0.00448485621368638,-0.004930525731082074,0.22424281068431898,-0.2465262865541037
w/o EDL reference,,0.4648175182481752,4.5067642406787364e-12,-4.906557738741125e-12,0.004506764240678736,-0.004906557738741125,0.2253382120339368,-0.24532788693705623
w/o EDL reference,,0.46506777893639206,4.528779285961939e-12,-4.8827062582466225e-12,0.004528779285961939,-0.0048827062582466225,0.2264389642980969,-0.2441353129123311
w/o EDL reference,,0.465318039624609,4.5509018723085144e-12,-4.858970723217769e-12,0.004550901872308514,-0.004858970723217769,0.22754509361542571,-0.24294853616088843
w/o EDL reference,,0.46556830031282587,4.573132525044676e-12,-4.8353505700270474e-12,0.004573132525044677,-0.004835350570027048,0.2286566262522338,-0.24176752850135233
w/o EDL reference,,0.4658185610010428,4.595471772062802e-12,-4.811845237786792e-12,0.004595471772062802,-0.0048118452377867915,0.22977358860314007,-0.24059226188933958
w/o EDL reference,,0.46606882168925967,4.617920143833943e-12,-4.788454168335913e-12,0.004617920143833942,-0.004788454168335913,0.23089600719169712,-0.23942270841679564
w/o EDL reference,,0.46631908237747655,4.6404781734204705e-12,-4.765176806226605e-12,0.004640478173420471,-0.004765176806226605,0.2320239086710235,-0.2382588403113302
w/o EDL reference,,0.4665693430656934,4.663146396488686e-12,-4.7420125987111886e-12,0.004663146396488686,-0.004742012598711189,0.23315731982443424,-0.2371006299355594
w/o EDL reference,,0.46681960375391035,4.6859253513215734e-12,-4.718960995728954e-12,0.004685925351321573,-0.0047189609957289545,0.23429626756607866,-0.2359480497864477
w/o EDL reference,,0.4670698644421272,4.708815578831569e-12,-4.696021449893134e-12,0.0047088155788315685,-0.004696021449893134,0.23544077894157842,-0.23480107249465668
w/o EDL reference,,0.46732012513034416,4.731817622573411e-12,-4.6731934164778685e-12,0.0047318176225734105,-0.004673193416477869,0.23659088112867052,-0.23365967082389338
w/o EDL reference,,0.46757038581856103,4.754932028757019e-12,-4.650476353405303e-12,0.004754932028757019,-0.004650476353405303,0.23774660143785092,-0.23252381767026514
w/o EDL reference,,0.4678206465067779,4.778159346260516e-12,-4.62786972123269e-12,0.004778159346260516,-0.00462786972123269,0.23890796731302577,-0.23139348606163446
w/o EDL reference,,0.4680709071949948,4.801500126643214e-12,-4.6053729831396e-12,0.004801500126643214,-0.0046053729831396,0.24007500633216067,-0.23026864915697995
w/o EDL reference,,0.4683211678832117,4.824954924158744e-12,-4.582985604915153e-12,0.0048249549241587445,-0.004582985604915153,0.24124774620793718,-0.22914928024575762
w/o EDL reference,,0.4685714285714286,4.848524295768199e-12,-4.560707054945359e-12,0.004848524295768199,-0.00456070705494536,0.24242621478840992,-0.22803535274726794
w/o EDL reference,,0.4688216892596455,4.872208801153376e-12,-4.538536804200465e-12,0.0048722088011533765,-0.004538536804200465,0.2436104400576688,-0.22692684021002324
w/o EDL reference,,0.4690719499478624,4.89600900273003e-12,-4.5164743262224224e-12,0.00489600900273003,-0.004516474326222423,0.24480045013650148,-0.22582371631112108
w/o EDL reference,,0.46932221063607926,4.9199254656612826e-12,-4.4945190971123545e-12,0.0049199254656612824,-0.004494519097112354,0.2459962732830641,-0.2247259548556177
w/o EDL reference,,0.46957247132429614,4.943958757870994e-12,-4.4726705955181485e-12,0.004943958757870993,-0.0044726705955181485,0.24719793789354966,-0.22363352977590742
w/o EDL reference,,0.46982273201251307,4.968109450057284e-12,-4.450928302622045e-12,0.004968109450057284,-0.0044509283026220444,0.24840547250286418,-0.2225464151311022
w/o EDL reference,,0.47007299270072994,4.992378115706065e-12,-4.429291702128343e-12,0.004992378115706065,-0.0044292917021283434,0.2496189057853032,-0.22146458510641712
w/o EDL reference,,0.47032325338894687,5.0167653311046725e-12,-4.407760280251118e-12,0.005016765331104673,-0.0044077602802511185,0.2508382665552336,-0.22038801401255587
w/o EDL reference,,0.47057351407716375,5.041271675355521e-12,-4.3863335257020465e-12,0.0050412716753555215,-0.004386333525702046,0.25206358376777604,-0.2193166762851023
w/o EDL reference,,0.4708237747653806,5.065897730389889e-12,-4.365010929678234e-12,0.005065897730389889,-0.004365010929678234,0.25329488651949444,-0.21825054648391168
w/o EDL reference,,0.4710740354535975,5.09064408098173e-12,-4.343791985850168e-12,0.00509064408098173,-0.004343791985850168,0.25453220404908644,-0.21718959929250836
w/o EDL reference,,0.4713242961418144,5.115511314761546e-12,-4.3226761903496575e-12,0.005115511314761546,-0.004322676190349657,0.2557755657380773,-0.21613380951748284
w/o EDL reference,,0.4715745568300313,5.1405000222303535e-12,-4.3016630417579055e-12,0.005140500022230353,-0.004301663041757905,0.25702500111151766,-0.21508315208789525
w/o EDL reference,,0.4718248175182482,5.165610796773701e-12,-4.280752041093571e-12,0.005165610796773701,-0.004280752041093571,0.25828053983868504,-0.2140376020546785
w/o EDL reference,,0.4720750782064651,5.1908442346757705e-12,-4.259942691800932e-12,0.00519084423467577,-0.004259942691800932,0.2595422117337885,-0.21299713459004654
w/o EDL reference,,0.472325338894682,5.216200935133485e-12,-4.239234499738103e-12,0.005216200935133485,-0.004239234499738103,0.26081004675667424,-0.21196172498690513
w/o EDL reference,,0.47257559958289885,5.241681500270824e-12,-4.218626973165295e-12,0.005241681500270824,-0.0042186269731652945,0.2620840750135412,-0.2109313486582647
w/o EDL reference,,0.4728258602711158,5.267286535153059e-12,-4.198119622733121e-12,0.0052672865351530585,-0.004198119622733121,0.2633643267576529,-0.20990598113665604
w/o EDL reference,,0.47307612095933266,5.293016647801137e-12,-4.1777119614710115e-12,0.005293016647801137,-0.004177711961471011,0.2646508323900568,-0.20888559807355056
w/o EDL reference,,0.47332638164754953,5.318872449206123e-12,-4.157403504775617e-12,0.005318872449206123,-0.004157403504775617,0.2659436224603061,-0.20787017523878085
w/o EDL reference,,0.47357664233576646,5.344854553343719e-12,-4.13719377039931e-12,0.0053448545533437185,-0.004137193770399309,0.26724272766718593,-0.20685968851996547
w/o EDL reference,,0.47382690302398334,5.370963577188789e-12,-4.117082278438762e-12,0.005370963577188789,-0.004117082278438762,0.26854817885943943,-0.2058541139219381
w/o EDL reference,,0.4740771637122002,5.397200140730092e-12,-4.0970685513234995e-12,0.005397200140730092,-0.0040970685513235,0.2698600070365046,-0.20485342756617494
w/o EDL reference,,0.4743274244004171,5.42356486698495e-12,-4.077152113804595e-12,0.00542356486698495,-0.004077152113804596,0.27117824334924745,-0.20385760569022973
w/o EDL reference,,0.474577685088634,5.4500583820140556e-12,-4.057332492943371e-12,0.005450058382014056,-0.004057332492943371,0.27250291910070273,-0.20286662464716856
w/o EDL reference,,0.4748279457768509,5.476681314936338e-12,-4.037609218100186e-12,0.005476681314936338,-0.0040376092181001865,0.27383406574681685,-0.20188046090500927
w/o EDL reference,,0.4750782064650678,5.50343429794392e-12,-4.017981820923221e-12,0.00550343429794392,-0.004017981820923221,0.275171714897196,-0.20089909104616105
w/o EDL reference,,0.4753284671532847,5.530317966317067e-12,-3.998449835337415e-12,0.005530317966317067,-0.003998449835337415,0.2765158983158533,-0.19992249176687074
w/o EDL reference,,0.47557872784150157,5.557332958439361e-12,-3.9790127975333386e-12,0.005557332958439361,-0.0039790127975333385,0.277866647921968,-0.1989506398766669
w/o EDL reference,,0.47582898852971844,5.584479915812806e-12,-3.9596702459562124e-12,0.005584479915812806,-0.003959670245956212,0.2792239957906403,-0.1979835122978106
w/o EDL reference,,0.4760792492179354,5.61175948307307e-12,-3.940421721294942e-12,0.00561175948307307,-0.003940421721294942,0.2805879741536535,-0.19702108606474708
w/o EDL reference,,0.47632950990615225,5.639172308004798e-12,-3.921266766471218e-12,0.0056391723080047975,-0.003921266766471219,0.28195861540023986,-0.19606333832356088
w/o EDL reference,,0.4765797705943692,5.666719041557e-12,-3.902204926628636e-12,0.005666719041557,-0.003902204926628636,0.28333595207784995,-0.19511024633143176
w/o EDL reference,,0.47683003128258605,5.694400337858461e-12,-3.8832357491219396e-12,0.005694400337858461,-0.0038832357491219395,0.28472001689292303,-0.19416178745609694
w/o EDL reference,,0.4770802919708029,5.722216854233357e-12,-3.864358783506224e-12,0.005722216854233357,-0.003864358783506224,0.2861108427116678,-0.19321793917531116
w/o EDL reference,,0.4773305526590198,5.750169251216803e-12,-3.84557358152627e-12,0.005750169251216803,-0.00384557358152627,0.2875084625608401,-0.19227867907631346
w/o EDL reference,,0.47758081334723673,5.778258192570555e-12,-3.8268796971058854e-12,0.005778258192570555,-0.0038268796971058856,0.2889129096285277,-0.19134398485529425
w/o EDL reference,,0.4778310740354536,5.806484345298774e-12,-3.808276686337332e-12,0.005806484345298774,-0.003808276686337332,0.2903242172649387,-0.1904138343168666
w/o EDL reference,,0.47808133472367054,5.834848379663876e-12,-3.7897641074707505e-12,0.005834848379663876,-0.0037897641074707503,0.29174241898319375,-0.1894882053735375
w/o EDL reference,,0.4783315954118874,5.863350969202389e-12,-3.771341520903718e-12,0.005863350969202389,-0.003771341520903718,0.29316754846011944,-0.18856707604518586
w/o EDL reference,,0.4785818561001043,5.891992790741041e-12,-3.753008489170757e-12,0.005891992790741042,-0.0037530084891707572,0.29459963953705204,-0.18765042445853783
w/o EDL reference,,0.47883211678832116,5.920774524412765e-12,-3.734764576932983e-12,0.005920774524412765,-0.0037347645769329834,0.2960387262206382,-0.18673822884664915
w/o EDL reference,,0.4790823774765381,5.94969685367287e-12,-3.716609350967753e-12,0.00594969685367287,-0.003716609350967753,0.29748484268364345,-0.18583046754838764
w/o EDL reference,,0.47933263816475496,5.978760465315268e-12,-3.698542380158389e-12,0.005978760465315268,-0.003698542380158389,0.29893802326576335,-0.18492711900791944
w/o EDL reference,,0.4795828988529719,6.007966049488799e-12,-3.680563235483917e-12,0.006007966049488799,-0.0036805632354839175,0.30039830247443994,-0.18402816177419587
w/o EDL reference,,0.47983315954118877,6.037314299713557e-12,-3.662671490008922e-12,0.006037314299713557,-0.003662671490008922,0.3018657149856778,-0.18313357450044607
w/o EDL reference,,0.48008342022940564,6.066805912897454e-12,-3.6448667188733565e-12,0.0060668059128974544,-0.0036448667188733563,0.3033402956448727,-0.18224333594366782
w/o EDL reference,,0.4803336809176225,6.096441589352703e-12,-3.6271484992824926e-12,0.006096441589352703,-0.0036271484992824927,0.3048220794676351,-0.1813574249641246
w/o EDL reference,,0.48058394160583945,6.12622203281246e-12,-3.6095164104968595e-12,0.00612622203281246,-0.0036095164104968593,0.306311101640623,-0.18047582052484296
w/o EDL reference,,0.4808342022940563,6.15614795044755e-12,-3.5919700338222735e-12,0.0061561479504475495,-0.0035919700338222734,0.30780739752237746,-0.17959850169111366
w/o EDL reference,,0.4810844629822732,6.186220052883238e-12,-3.574508952599874e-12,0.006186220052883238,-0.003574508952599874,0.3093110026441619,-0.17872544762999368
w/o EDL reference,,0.4813347236704901,6.216439054216143e-12,-3.5571327521962346e-12,0.006216439054216143,-0.0035571327521962347,0.3108219527108071,-0.1778566376098117
w/o EDL reference,,0.481584984358707,6.2468056720311054e-12,-3.5398410199935412e-12,0.0062468056720311055,-0.0035398410199935413,0.31234028360155525,-0.17699205099967705
w/o EDL reference,,0.4818352450469239,6.277320627418347e-12,-3.5226333453797542e-12,0.006277320627418347,-0.003522633345379754,0.3138660313709173,-0.17613166726898768
w/o EDL reference,,0.4820855057351408,6.3079846449905144e-12,-3.5055093197388806e-12,0.006307984644990514,-0.0035055093197388807,0.3153992322495257,-0.17527546598694402
w/o EDL reference,,0.4823357664233577,6.3387984528999106e-12,-3.4884685364412802e-12,0.006338798452899911,-0.00348846853644128,0.3169399226449955,-0.174423426822064
w/o EDL reference,,0.48258602711157456,6.369762782855779e-12,-3.471510590833987e-12,0.006369762782855779,-0.003471510590833987,0.3184881391427889,-0.17357552954169933
w/o EDL reference,,0.4828362877997915,6.400878370141699e-12,-3.4546350802311075e-12,0.006400878370141699,-0.0034546350802311075,0.3200439185070849,-0.17273175401155536
w/o EDL reference,,0.48308654848800836,6.4321459536329775e-12,-3.4378416039042807e-12,0.0064321459536329775,-0.003437841603904281,0.32160729768164886,-0.17189208019521401
w/o EDL reference,,0.48333680917622523,6.463566275814302e-12,-3.4211297630731257e-12,0.0064635662758143015,-0.0034211297630731257,0.32317831379071504,-0.17105648815365626
w/o EDL reference,,0.4835870698644421,6.495140082797291e-12,-3.4044991608957957e-12,0.0064951400827972915,-0.003404499160895796,0.3247570041398645,-0.17022495804478976
w/o EDL reference,,0.48383733055265904,6.526868124338241e-12,-3.387949402459547e-12,0.006526868124338241,-0.003387949402459547,0.326343406216912,-0.16939747012297732
w/o EDL reference,,0.4840875912408759,6.5587511538559226e-12,-3.3714800947713713e-12,0.006558751153855923,-0.0033714800947713714,0.3279375576927961,-0.16857400473856854
w/o EDL reference,,0.48433785192909284,6.590789928449494e-12,-3.355090846748641e-12,0.006590789928449494,-0.003355090846748641,0.32953949642247465,-0.16775454233743203
w/o EDL reference,,0.4845881126173097,6.622985208916402e-12,-3.338781269209859e-12,0.006622985208916402,-0.0033387812692098587,0.33114926044582005,-0.16693906346049292
w/o EDL reference,,0.4848383733055266,6.6553377597705626e-12,-3.322550974865375e-12,0.006655337759770562,-0.003322550974865375,0.3327668879885281,-0.16612754874326874
w/o EDL reference,,0.48508863399374347,6.687848349260436e-12,-3.3063995783082187e-12,0.006687848349260436,-0.003306399578308219,0.3343924174630218,-0.16531997891541092
w/o EDL reference,,0.4853388946819604,6.7205177493872955e-12,-3.290326696004932e-12,0.006720517749387296,-0.003290326696004932,0.33602588746936474,-0.16451633480024658
w/o EDL reference,,0.4855891553701773,6.753346735923553e-12,-3.2743319462864786e-12,0.006753346735923553,-0.0032743319462864785,0.3376673367961776,-0.16371659731432392
w/o EDL reference,,0.4858394160583942,6.786336088431198e-12,-3.2584149493391555e-12,0.006786336088431198,-0.0032584149493391553,0.33931680442155987,-0.16292074746695775
w/o EDL reference,,0.4860896767466111,6.8194865902802454e-12,-3.2425753271956078e-12,0.006819486590280245,-0.003242575327195608,0.34097432951401224,-0.16212876635978038
w/o EDL reference,,0.48633993743482795,6.852799028667436e-12,-3.2268127037258174e-12,0.006852799028667436,-0.0032268127037258175,0.3426399514333718,-0.16134063518629085
w/o EDL reference,,0.4865901981230448,6.886274194634866e-12,-3.2111267046281934e-12,0.006886274194634866,-0.0032111267046281934,0.34431370973174324,-0.16055633523140966
w/o EDL reference,,0.48684045881126176,6.91991288308878e-12,-3.1955169574206776e-12,0.0069199128830887795,-0.0031955169574206777,0.34599564415443895,-0.15977584787103385
w/o EDL reference,,0.48709071949947863,6.953715892818454e-12,-3.1799830914319062e-12,0.006953715892818454,-0.0031799830914319063,0.34768579464092264,-0.1589991545715953
w/o EDL reference,,0.48734098018769556,6.987684026515181e-12,-3.16452473779239e-12,0.006987684026515181,-0.00316452473779239,0.349384201325759,-0.15822623688961948
w/o EDL reference,,0.48759124087591244,7.021818090791254e-12,-3.149141529425786e-12,0.007021818090791254,-0.003149141529425786,0.35109090453956265,-0.1574570764712893
w/o EDL reference,,0.4878415015641293,7.0561188961992366e-12,-3.1338331010401457e-12,0.0070561188961992365,-0.003133833101040146,0.3528059448099618,-0.15669165505200727
w/o EDL reference,,0.4880917622523462,7.090587257251132e-12,-3.118599089119262e-12,0.007090587257251132,-0.003118599089119262,0.35452936286255654,-0.15592995445596308
w/o EDL reference,,0.4883420229405631,7.1252239924377425e-12,-3.10343913191403e-12,0.007125223992437742,-0.00310343913191403,0.35626119962188707,-0.1551719565957015
w/o EDL reference,,0.48859228362878,7.160029924248112e-12,-3.088352869433867e-12,0.007160029924248112,-0.003088352869433867,0.35800149621240557,-0.15441764347169332
w/o EDL reference,,0.4888425443169969,7.195005879189068e-12,-3.0733399434381417e-12,0.007195005879189068,-0.003073339943438142,0.35975029395945335,-0.15366699717190707
w/o EDL reference,,0.4890928050052138,7.230152687804775e-12,-3.058399997427703e-12,0.007230152687804775,-0.0030583999974277028,0.3615076343902387,-0.15291999987138513
w/o EDL reference,,0.48934306569343067,7.265471184696575e-12,-3.0435326766363753e-12,0.007265471184696575,-0.0030435326766363752,0.3632735592348287,-0.15217663383181876
w/o EDL reference,,0.48959332638164754,7.300962208542722e-12,-3.0287376280225585e-12,0.007300962208542722,-0.0030287376280225585,0.3650481104271361,-0.1514368814011279
w/o EDL reference,,0.4898435870698645,7.336626602118324e-12,-3.0140145002608347e-12,0.007336626602118324,-0.0030140145002608347,0.3668313301059162,-0.15070072501304171
w/o EDL reference,,0.49009384775808135,7.37246521231535e-12,-2.999362943733638e-12,0.00737246521231535,-0.002999362943733638,0.36862326061576745,-0.1499681471866819
w/o EDL reference,,0.4903441084462983,7.408478890162762e-12,-2.9847826105229293e-12,0.007408478890162762,-0.002984782610522929,0.37042394450813804,-0.14923913052614646
w/o EDL reference,,0.49059436913451515,7.444668490846648e-12,-2.9702731544019703e-12,0.007444668490846648,-0.00297027315440197,0.3722334245423323,-0.1485136577200985
w/o EDL reference,,0.490844629822732,7.481034873730641e-12,-2.9558342308270604e-12,0.007481034873730641,-0.0029558342308270607,0.37405174368653205,-0.147791711541353
w/o EDL reference,,0.4910948905109489,7.517578902376254e-12,-2.941465496929384e-12,0.007517578902376254,-0.002941465496929384,0.3758789451188127,-0.14707327484646918
w/o EDL reference,,0.49134515119916583,7.554301444563403e-12,-2.9271666115068558e-12,0.007554301444563403,-0.0029271666115068557,0.37771507222817013,-0.14635833057534278
w/o EDL reference,,0.4915954118873827,7.591203372311011e-12,-2.912937235016031e-12,0.0075912033723110105,-0.002912937235016031,0.3795601686155505,-0.14564686175080155
w/o EDL reference,,0.4918456725755996,7.628285561897711e-12,-2.8987770295640246e-12,0.007628285561897712,-0.0028987770295640244,0.38141427809488554,-0.1449388514782012
w/o EDL reference,,0.4920959332638165,7.665548893882696e-12,-2.8846856589005028e-12,0.007665548893882696,-0.002884685658900503,0.3832774446941348,-0.14423428294502513
w/o EDL reference,,0.4923461939520334,7.70299425312652e-12,-2.8706627884096945e-12,0.007702994253126519,-0.0028706627884096947,0.3851497126563259,-0.1435331394204847
w/o EDL reference,,0.49259645464025026,7.740622528812243e-12,-2.85670808510244e-12,0.007740622528812243,-0.00285670808510244,0.3870311264406121,-0.14283540425512198
w/o EDL reference,,0.4928467153284672,7.778434614466475e-12,-2.842821217608284e-12,0.007778434614466475,-0.002842821217608284,0.38892173072332376,-0.14214106088041417
w/o EDL reference,,0.49309697601668406,7.816431407980598e-12,-2.8290018561676186e-12,0.007816431407980598,-0.0028290018561676184,0.39082157039902987,-0.14145009280838092
w/o EDL reference,,0.49334723670490094,7.854613811632096e-12,-2.8152496726238445e-12,0.007854613811632096,-0.0028152496726238443,0.3927306905816048,-0.1407624836311922
w/o EDL reference,,0.49359749739311787,7.892982732106002e-12,-2.801564340415569e-12,0.007892982732106002,-0.002801564340415569,0.39464913660530004,-0.14007821702077844
w/o EDL reference,,0.49384775808133474,7.931539080516334e-12,-2.7879455345688733e-12,0.007931539080516335,-0.002787945534568873,0.3965769540258167,-0.13939727672844365
w/o EDL reference,,0.4940980187695516,7.970283772427878e-12,-2.774392931689575e-12,0.007970283772427878,-0.002774392931689575,0.3985141886213938,-0.13871964658447875
w/o EDL reference,,0.4943482794577685,8.009217727877818e-12,-2.76090620995556e-12,0.008009217727877818,-0.0027609062099555604,0.4004608863938909,-0.138045310497778
w/o EDL reference,,0.4945985401459854,8.048341871397624e-12,-2.747485049109132e-12,0.008048341871397625,-0.002747485049109132,0.4024170935698812,-0.1373742524554566
w/o EDL reference,,0.4948488008342023,8.087657132035005e-12,-2.7341291304494284e-12,0.008087657132035004,-0.0027341291304494282,0.4043828566017502,-0.1367064565224714
w/o EDL reference,,0.4950990615224192,8.127164443375978e-12,-2.72083813682482e-12,0.008127164443375978,-0.00272083813682482,0.40635822216879885,-0.13604190684124098
w/o EDL reference,,0.4953493222106361,8.166864743566965e-12,-2.7076117526254105e-12,0.008166864743566966,-0.0027076117526254103,0.40834323717834825,-0.1353805876312705
w/o EDL reference,,0.495599582898853,8.206758975337193e-12,-2.6944496637755197e-12,0.008206758975337193,-0.0026944496637755196,0.4103379487668596,-0.13472248318877597
w/o EDL reference,,0.49584984358706985,8.246848086020994e-12,-2.6813515577262363e-12,0.008246848086020993,-0.002681351557726236,0.4123424043010497,-0.1340675778863118
w/o EDL reference,,0.4961001042752868,8.287133027580328e-12,-2.668317123447991e-12,0.008287133027580329,-0.0026683171234479913,0.4143566513790164,-0.13341585617239954
w/o EDL reference,,0.49635036496350365,8.327614756627382e-12,-2.655346051423188e-12,0.008327614756627383,-0.0026553460514231876,0.41638073783136903,-0.13276730257115937
w/o EDL reference,,0.4966006256517206,8.368294234447303e-12,-2.6424380336388217e-12,0.008368294234447304,-0.0026424380336388218,0.41841471172236516,-0.13212190168194107
w/o EDL reference,,0.49685088633993746,8.409172427020957e-12,-2.629592763579198e-12,0.008409172427020956,-0.0026295927635791977,0.4204586213510478,-0.13147963817895988
w/o EDL reference,,0.49710114702815433,8.450250305047973e-12,-2.6168099362186278e-12,0.008450250305047972,-0.0026168099362186277,0.4225125152523986,-0.13084049681093138
w/o EDL reference,,0.4973514077163712,8.491528843969726e-12,-2.6040892480142015e-12,0.008491528843969726,-0.0026040892480142016,0.4245764421984862,-0.13020446240071007
w/o EDL reference,,0.49760166840458814,8.533009023992511e-12,-2.591430396898569e-12,0.008533009023992512,-0.0025914303968985687,0.4266504511996255,-0.12957151984492843
w/o EDL reference,,0.497851929092805,8.574691830110827e-12,-2.578833082272787e-12,0.008574691830110826,-0.0025788330822727867,0.4287345915055413,-0.12894165411363934
w/o EDL reference,,0.49810218978102194,8.616578252130777e-12,-2.56629700499915e-12,0.008616578252130778,-0.00256629700499915,0.4308289126065388,-0.12831485024995748
w/o EDL reference,,0.4983524504692388,8.6586692846935e-12,-2.5538218673941163e-12,0.008658669284693499,-0.002553821867394116,0.4329334642346749,-0.1276910933697058
w/o EDL reference,,0.4986027111574557,8.7009659272989e-12,-2.5414073732212186e-12,0.0087009659272989,-0.0025414073732212186,0.43504829636494496,-0.12707036866106092
w/o EDL reference,,0.49885297184567257,8.743469184329321e-12,-2.5290532276840414e-12,0.008743469184329321,-0.0025290532276840416,0.43717345921646605,-0.12645266138420205
w/o EDL reference,,0.4991032325338895,8.786180065073397e-12,-2.5167591374192107e-12,0.008786180065073397,-0.002516759137419211,0.43930900325366984,-0.12583795687096053
w/o EDL reference,,0.49935349322210637,8.829099583750023e-12,-2.5045248104894477e-12,0.008829099583750022,-0.002504524810489448,0.4414549791875011,-0.12522624052447237
w/o EDL reference,,0.4996037539103233,8.872228759532465e-12,-2.4923499563766077e-12,0.008872228759532464,-0.0024923499563766077,0.4436114379766232,-0.12461749781883037
w/o EDL reference,,0.4998540145985402,8.915568616572474e-12,-2.480234285974807e-12,0.008915568616572474,-0.0024802342859748068,0.4457784308286236,-0.12401171429874033
w/o EDL reference,,0.500104275286757,8.959120184024729e-12,-2.4681775115835407e-12,0.008959120184024729,-0.0024681775115835405,0.44795600920123635,-0.12340887557917701
w/o EDL reference,,0.5003545359749739,9.002884496071201e-12,-2.456179346900858e-12,0.0090028844960712,-0.002456179346900858,0.45014422480356003,-0.12280896734504289
w/o EDL reference,,0.5006047966631908,9.046862591945725e-12,-2.4442395070165654e-12,0.009046862591945724,-0.0024442395070165654,0.45234312959728623,-0.12221197535082826
w/o EDL reference,,0.5008550573514077,9.091055515958674e-12,-2.4323577084054566e-12,0.009091055515958674,-0.0024323577084054567,0.4545527757979337,-0.12161788542027281
w/o EDL reference,,0.5011053180396247,9.135464317521788e-12,-2.4205336689205764e-12,0.009135464317521788,-0.0024205336689205764,0.4567732158760894,-0.12102668344602881
w/o EDL reference,,0.5013555787278415,9.180090051172997e-12,-2.408767107786546e-12,0.009180090051172997,-0.0024087671077865458,0.4590045025586498,-0.12043835538932728
w/o EDL reference,,0.5016058394160584,9.224933776601602e-12,-2.3970577455928562e-12,0.009224933776601602,-0.0023970577455928563,0.46124668883008,-0.1198528872796428
w/o EDL reference,,0.5018561001042753,9.269996558673343e-12,-2.385405304287259e-12,0.009269996558673343,-0.002385405304287259,0.46349982793366706,-0.11927026521436294
w/o EDL reference,,0.5021063607924922,9.315279467455715e-12,-2.3738095071691575e-12,0.009315279467455716,-0.0023738095071691575,0.4657639733727857,-0.11869047535845786
w/o EDL reference,,0.5023566214807091,9.360783578243402e-12,-2.362270078883031e-12,0.009360783578243402,-0.0023622700788830313,0.46803917891217006,-0.11811350394415156
w/o EDL reference,,0.502606882168926,9.406509971583703e-12,-2.35078674541192e-12,0.009406509971583703,-0.00235078674541192,0.4703254985791851,-0.11753933727059598
w/o EDL reference,,0.5028571428571429,9.452459733302351e-12,-2.3393592340708806e-12,0.009452459733302351,-0.0023393592340708804,0.4726229866651175,-0.11696796170354401
w/o EDL reference,,0.5031074035453598,9.498633954529186e-12,-2.3279872735005373e-12,0.009498633954529186,-0.0023279872735005374,0.47493169772645927,-0.11639936367502685
w/o EDL reference,,0.5033576642335766,9.545033731724105e-12,-2.3166705936606304e-12,0.009545033731724105,-0.0023166705936606305,0.4772516865862052,-0.11583352968303151
w/o EDL reference,,0.5036079249217935,9.591660166703085e-12,-2.305408925823606e-12,0.009591660166703085,-0.002305408925823606,0.47958300833515416,-0.11527044629118029
w/o EDL reference,,0.5038581856100104,9.63851436666436e-12,-2.2942020025682314e-12,0.00963851436666436,-0.0022942020025682316,0.48192571833321796,-0.11471010012841157
w/o EDL reference,,0.5041084462982274,9.685597444214701e-12,-2.283049557773242e-12,0.0096855974442147,-0.002283049557773242,0.48427987221073504,-0.1141524778886621
w/o EDL reference,,0.5043587069864442,9.732910517395815e-12,-2.2719513266110463e-12,0.009732910517395815,-0.0022719513266110463,0.4866455258697907,-0.1135975663305523
w/o EDL reference,,0.5046089676746611,9.780454709710953e-12,-2.260907045541396e-12,0.009780454709710952,-0.002260907045541396,0.48902273548554764,-0.1130453522770698
w/o EDL reference,,0.504859228362878,9.828231150151548e-12,-2.2499164523051594e-12,0.009828231150151549,-0.0022499164523051593,0.49141155750757737,-0.11249582261525795
w/o EDL reference,,0.5051094890510949,9.876240973224027e-12,-2.238979285918081e-12,0.009876240973224027,-0.002238979285918081,0.4938120486612013,-0.11194896429590404
w/o EDL reference,,0.5053597497393119,9.924485318976783e-12,-2.228095286664584e-12,0.009924485318976783,-0.002228095286664584,0.4962242659488391,-0.11140476433322917
w/o EDL reference,,0.5056100104275287,9.972965333027139e-12,-2.217264196091621e-12,0.00997296533302714,-0.0022172641960916213,0.4986482666513569,-0.11086320980458104
w/o EDL reference,,0.5058602711157456,1.0021682166588711e-11,-2.2064857570025074e-12,0.01002168216658871,-0.0022064857570025073,0.5010841083294355,-0.11032428785012537
w/o EDL reference,,0.5061105318039625,1.0070636976498645e-11,-2.1957597134508326e-12,0.010070636976498645,-0.0021957597134508325,0.5035318488249322,-0.10978798567254162
w/o EDL reference,,0.5063607924921794,1.01198309252451e-11,-2.1850858107343785e-12,0.0101198309252451,-0.0021850858107343783,0.505991546262255,-0.10925429053671891
w/o EDL reference,,0.5066110531803962,1.0169265180994867e-11,-2.174463795389071e-12,0.010169265180994867,-0.0021744637953890708,0.5084632590497433,-0.10872318976945354
w/o EDL reference,,0.5068613138686131,1.0218940917621113e-11,-2.163893415182959e-12,0.010218940917621112,-0.002163893415182959,0.5109470458810556,-0.10819467075914793
w/o EDL reference,,0.5071115745568301,1.0268859314731228e-11,-2.1533744191102296e-12,0.010268859314731229,-0.0021533744191102296,0.5134429657365613,-0.10766872095551147
w/o EDL reference,,0.507361835245047,1.0319021557694837e-11,-2.1429065573852505e-12,0.010319021557694836,-0.0021429065573852503,0.5159510778847418,-0.10714532786926251
w/o EDL reference,,0.5076120959332638,1.0369428837672007e-11,-2.132489581436623e-12,0.010369428837672008,-0.002132489581436623,0.5184714418836003,-0.10662447907183113
w/o EDL reference,,0.5078623566214807,1.0420082351641468e-11,-2.1221232439012944e-12,0.010420082351641468,-0.002122123243901294,0.5210041175820733,-0.10610616219506472
w/o EDL reference,,0.5081126173096976,1.0470983302429064e-11,-2.1118072986186804e-12,0.010470983302429064,-0.0021118072986186804,0.5235491651214531,-0.105590364930934
w/o EDL reference,,0.5083628779979145,1.0522132898736315e-11,-2.101541500624813e-12,0.010522132898736315,-0.002101541500624813,0.5261066449368157,-0.10507707503124064
w/o EDL reference,,0.5086131386861314,1.0573532355169106e-11,-2.0913256061465344e-12,0.010573532355169106,-0.0020913256061465342,0.5286766177584552,-0.10456628030732672
w/o EDL reference,,0.5088633993743483,1.0625182892266512e-11,-2.081159372595708e-12,0.010625182892266511,-0.0020811593725957077,0.5312591446133256,-0.10405796862978538
w/o EDL reference,,0.5091136600625652,1.0677085736529855e-11,-2.071042558563442e-12,0.010677085736529856,-0.002071042558563442,0.5338542868264927,-0.10355212792817209
w/o EDL reference,,0.5093639207507821,1.0729242120451758e-11,-2.060974923814373e-12,0.010729242120451758,-0.002060974923814373,0.5364621060225878,-0.10304874619071865
w/o EDL reference,,0.509614181438999,1.0781653282545431e-11,-2.0509562292809564e-12,0.01078165328254543,-0.0020509562292809562,0.5390826641272715,-0.10254781146404782
w/o EDL reference,,0.5098644421272158,1.0834320467374098e-11,-2.0409862370577868e-12,0.010834320467374097,-0.002040986237057787,0.5417160233687048,-0.10204931185288933
w/o EDL reference,,0.5101147028154327,1.0887244925580512e-11,-2.0310647103959558e-12,0.010887244925580512,-0.0020310647103959556,0.5443622462790255,-0.10155323551979778
w/o EDL reference,,0.5103649635036497,1.094042791391672e-11,-2.0211914136974176e-12,0.010940427913916721,-0.0020211914136974178,0.547021395695836,-0.10105957068487087
w/o EDL reference,,0.5106152241918666,1.0993870695273796e-11,-2.0113661125094143e-12,0.010993870695273796,-0.0020113661125094142,0.5496935347636898,-0.1005683056254707
w/o EDL reference,,0.5108654848800834,1.1047574538711958e-11,-2.001588573518885e-12,0.011047574538711958,-0.002001588573518885,0.5523787269355979,-0.10007942867594426
w/o EDL reference,,0.5111157455683003,1.1101540719490622e-11,-1.9918585645469428e-12,0.011101540719490623,-0.0019918585645469426,0.5550770359745311,-0.09959292822734712
w/o EDL reference,,0.5113660062565172,1.115577051909871e-11,-1.982175854543351e-12,0.011155770519098709,-0.0019821758545433507,0.5577885259549354,-0.09910879272716754
w/o EDL reference,,0.5116162669447342,1.1210265225285107e-11,-1.9725402135810452e-12,0.011210265225285107,-0.0019725402135810453,0.5605132612642553,-0.09862701067905225
w/o EDL reference,,0.511866527632951,1.1265026132089094e-11,-1.9629514128506735e-12,0.011265026132089094,-0.0019629514128506735,0.5632513066044547,-0.09814757064253367
w/o EDL reference,,0.5121167883211679,1.1320054539871313e-11,-1.9534092246551507e-12,0.011320054539871312,-0.0019534092246551505,0.5660027269935656,-0.09767046123275754
w/o EDL reference,,0.5123670490093848,1.1375351755344482e-11,-1.9439134224042643e-12,0.011375351755344482,-0.0019439134224042644,0.568767587767224,-0.0971956711202132
w/o EDL reference,,0.5126173096976017,1.1430919091604464e-11,-1.9344637806092866e-12,0.011430919091604465,-0.0019344637806092866,0.5715459545802232,-0.09672318903046433
w/o EDL reference,,0.5128675703858185,1.1486757868161453e-11,-1.925060074877624e-12,0.011486757868161453,-0.001925060074877624,0.5743378934080726,-0.0962530037438812
w/o EDL reference,,0.5131178310740354,1.1542869410971305e-11,-1.9157020819074913e-12,0.011542869410971305,-0.0019157020819074912,0.5771434705485652,-0.09578510409537455
w/o EDL reference,,0.5133680917622524,1.159925505246704e-11,-1.9063895794825964e-12,0.01159925505246704,-0.0019063895794825963,0.579962752623352,-0.09531947897412982
w/o EDL reference,,0.5136183524504693,1.1655916131590409e-11,-1.8971223464668855e-12,0.01165591613159041,-0.0018971223464668856,0.5827958065795203,-0.09485611732334427
w/o EDL reference,,0.5138686131386861,1.1712853993823808e-11,-1.8879001627992683e-12,0.011712853993823808,-0.0018879001627992683,0.5856426996911903,-0.0943950081399634
w/o EDL reference,,0.514118873826903,1.1770069991222137e-11,-1.8787228094884037e-12,0.011770069991222137,-0.0018787228094884038,0.5885034995611068,-0.09393614047442017
w/o EDL reference,,0.5143691345151199,1.1827565482444947e-11,-1.8695900686075054e-12,0.011827565482444947,-0.0018695900686075053,0.5913782741222473,-0.09347950343037525
w/o EDL reference,,0.5146193952033369,1.188534183278872e-11,-1.8605017232891504e-12,0.01188534183278872,-0.0018605017232891504,0.5942670916394359,-0.09302508616445751
w/o EDL reference,,0.5148696558915538,1.1943400414219147e-11,-1.851457557720153e-12,0.011943400414219147,-0.001851457557720153,0.5971700207109573,-0.09257287788600764
w/o EDL reference,,0.5151199165797706,1.2001742605403934e-11,-1.842457357136415e-12,0.012001742605403935,-0.001842457357136415,0.6000871302701967,-0.09212286785682074
w/o EDL reference,,0.5153701772679875,1.2060369791745395e-11,-1.8335009078178406e-12,0.012060369791745395,-0.0018335009078178407,0.6030184895872697,-0.09167504539089202
w/o EDL reference,,0.5156204379562044,1.2119283365413372e-11,-1.8245879970832574e-12,0.012119283365413373,-0.0018245879970832574,0.6059641682706686,-0.09122939985416287
w/o EDL reference,,0.5158706986444213,1.2178484725378311e-11,-1.8157184132853704e-12,0.012178484725378311,-0.0018157184132853704,0.6089242362689155,-0.09078592066426851
w/o EDL reference,,0.5161209593326381,1.2237975277444465e-11,-1.806891945805728e-12,0.012237975277444465,-0.0018068919458057281,0.6118987638722232,-0.09034459729028639
w/o EDL reference,,0.5163712200208551,1.2297756434283319e-11,-1.7981083850497236e-12,0.01229775643428332,-0.0017981083850497235,0.6148878217141659,-0.08990541925248617
w/o EDL reference,,0.516621480709072,1.2357829615467021e-11,-1.78936752244163e-12,0.012357829615467022,-0.00178936752244163,0.617891480773351,-0.08946837612208149
w/o EDL reference,,0.5168717413972889,1.2418196247502255e-11,-1.7806691504196258e-12,0.012418196247502256,-0.0017806691504196257,0.6209098123751127,-0.08903345752098128
w/o EDL reference,,0.5171220020855057,1.2478857763864e-11,-1.77201306243088e-12,0.012478857763864,-0.00177201306243088,0.6239428881931999,-0.08860065312154398
w/o EDL reference,,0.5173722627737226,1.2539815605029597e-11,-1.763399052926649e-12,0.012539815605029597,-0.001763399052926649,0.6269907802514798,-0.08816995264633244
w/o EDL reference,,0.5176225234619395,1.2601071218512977e-11,-1.754826917357386e-12,0.012601071218512977,-0.0017548269173573861,0.6300535609256488,-0.08774134586786929
w/o EDL reference,,0.5178727841501565,1.2662626058899045e-11,-1.7462964521678876e-12,0.012662626058899045,-0.0017462964521678876,0.6331313029449522,-0.08731482260839438
w/o EDL reference,,0.5181230448383733,1.2724481587878064e-11,-1.7378074547924714e-12,0.012724481587878063,-0.0017378074547924713,0.6362240793939031,-0.08689037273962356
w/o EDL reference,,0.5183733055265902,1.278663927428063e-11,-1.7293597236501453e-12,0.01278663927428063,-0.0017293597236501452,0.6393319637140314,-0.08646798618250726
w/o EDL reference,,0.5186235662148071,1.2849100594112365e-11,-1.7209530581398337e-12,0.012849100594112366,-0.0017209530581398336,0.6424550297056182,-0.08604765290699168
w/o EDL reference,,0.518873826903024,1.2911867030589014e-11,-1.7125872586356155e-12,0.012911867030589014,-0.0017125872586356155,0.6455933515294506,-0.08562936293178076
w/o EDL reference,,0.5191240875912408,1.2974940074171673e-11,-1.7042621264819761e-12,0.012974940074171673,-0.0017042621264819762,0.6487470037085836,-0.0852131063240988
w/o EDL reference,,0.5193743482794577,1.3038321222602173e-11,-1.695977463989095e-12,0.013038321222602173,-0.001695977463989095,0.6519160611301086,-0.08479887319945474
w/o EDL reference,,0.5196246089676747,1.3102011980938665e-11,-1.6877330744281465e-12,0.013102011980938666,-0.0016877330744281464,0.6551005990469332,-0.08438665372140731
w/o EDL reference,,0.5198748696558916,1.3166013861591288e-11,-1.6795287620266424e-12,0.013166013861591287,-0.0016795287620266423,0.6583006930795643,-0.08397643810133211
w/o EDL reference,,0.5201251303441085,1.3230328384358189e-11,-1.6713643319637607e-12,0.013230328384358189,-0.0016713643319637606,0.6615164192179094,-0.08356821659818803
w/o EDL reference,,0.5203753910323253,1.3294957076461552e-11,-1.6632395903657398e-12,0.013294957076461552,-0.0016632395903657398,0.6647478538230776,-0.08316197951828698
w/o EDL reference,,0.5206256517205422,1.335990147258387e-11,-1.6551543443012611e-12,0.01335990147258387,-0.0016551543443012612,0.6679950736291934,-0.08275771721506305
w/o EDL reference,,0.5208759124087592,1.3425163114904427e-11,-1.647108401776872e-12,0.013425163114904427,-0.001647108401776872,0.6712581557452213,-0.08235542008884358
w/o EDL reference,,0.5211261730969761,1.3490743553135757e-11,-1.6391015717324357e-12,0.013490743553135757,-0.0016391015717324357,0.6745371776567878,-0.08195507858662178
w/o EDL reference,,0.5213764337851929,1.3556644344560697e-11,-1.631133664036578e-12,0.013556644344560697,-0.001631133664036578,0.6778322172280348,-0.08155668320182889
w/o EDL reference,,0.5216266944734098,1.3622867054069198e-11,-1.6232044894821816e-12,0.013622867054069199,-0.0016232044894821816,0.6811433527034598,-0.08116022447410907
w/o EDL reference,,0.5218769551616267,1.3689413254195524e-11,-1.6153138597818967e-12,0.013689413254195523,-0.0016153138597818967,0.6844706627097761,-0.08076569298909483
w/o EDL reference,,0.5221272158498436,1.3756284525155592e-11,-1.6074615875636604e-12,0.013756284525155591,-0.0016074615875636604,0.6878142262577795,-0.08037307937818301
w/o EDL reference,,0.5223774765380604,1.3823482454884506e-11,-1.5996474863662548e-12,0.013823482454884507,-0.0015996474863662548,0.6911741227442252,-0.07998237431831273
w/o EDL reference,,0.5226277372262774,1.3891008639074274e-11,-1.5918713706348727e-12,0.013891008639074274,-0.0015918713706348727,0.6945504319537137,-0.07959356853174362
w/o EDL reference,,0.5228779979144943,1.395886468121162e-11,-1.5841330557167231e-12,0.01395886468121162,-0.001584133055716723,0.6979432340605809,-0.07920665278583615
w/o EDL reference,,0.5231282586027112,1.4027052192616182e-11,-1.5764323578566347e-12,0.014027052192616182,-0.0015764323578566347,0.701352609630809,-0.07882161789283172
w/o EDL reference,,0.523378519290928,1.4095572792478707e-11,-1.5687690941926942e-12,0.014095572792478707,-0.0015687690941926942,0.7047786396239353,-0.0784384547096347
w/o EDL reference,,0.5236287799791449,1.4164428107899502e-11,-1.5611430827519083e-12,0.014164428107899502,-0.0015611430827519083,0.708221405394975,-0.07805715413759541
w/o EDL reference,,0.5238790406673619,1.4233619773927128e-11,-1.5535541424458778e-12,0.014233619773927128,-0.0015535541424458778,0.7116809886963563,-0.07767770712229388
w/o EDL reference,,0.5241293013555788,1.430314943359703e-11,-1.5460020930665076e-12,0.01430314943359703,-0.0015460020930665075,0.7151574716798514,-0.07730010465332537
w/o EDL reference,,0.5243795620437957,1.4373018737970853e-11,-1.538486755281712e-12,0.014373018737970852,-0.0015384867552817119,0.7186509368985425,-0.0769243377640856
w/o EDL reference,,0.5246298227320125,1.444322934617544e-11,-1.5310079506311693e-12,0.014443229346175441,-0.0015310079506311693,0.722161467308772,-0.07655039753155846
w/o EDL reference,,0.5248800834202294,1.4513782925442288e-11,-1.5235655015220761e-12,0.014513782925442288,-0.0015235655015220762,0.7256891462721143,-0.0761782750761038
w/o EDL reference,,0.5251303441084463,1.4584681151147137e-11,-1.5161592312249338e-12,0.014584681151147137,-0.0015161592312249337,0.7292340575573567,-0.07580796156124668
w/o EDL reference,,0.5253806047966632,1.4655925706849745e-11,-1.5087889638693521e-12,0.014655925706849746,-0.0015087889638693522,0.7327962853424872,-0.0754394481934676
w/o EDL reference,,0.52563086548488,1.4727518284333883e-11,-1.50145452443987e-12,0.014727518284333883,-0.0015014545244398702,0.7363759142166941,-0.0750727262219935
w/o EDL reference,,0.525881126173097,1.4799460583647523e-11,-1.4941557387718004e-12,0.014799460583647523,-0.0014941557387718005,0.7399730291823761,-0.07470778693859001
w/o EDL reference,,0.5261313868613139,1.48717543131431e-11,-1.4868924335471055e-12,0.0148717543131431,-0.0014868924335471056,0.7435877156571549,-0.07434462167735527
w/o EDL reference,,0.5263816475495308,1.4944401189518242e-11,-1.4796644362902604e-12,0.014944401189518243,-0.0014796644362902603,0.747220059475912,-0.07398322181451301
w/o EDL reference,,0.5266319082377476,1.5017402937856428e-11,-1.4724715753641721e-12,0.015017402937856429,-0.001472471575364172,0.7508701468928214,-0.0736235787682086
w/o EDL reference,,0.5268821689259646,1.5090761291668045e-11,-1.4653136799660978e-12,0.015090761291668045,-0.0014653136799660977,0.7545380645834021,-0.07326568399830488
w/o EDL reference,,0.5271324296141815,1.5164477992931305e-11,-1.4581905801235987e-12,0.015164477992931304,-0.0014581905801235987,0.7582238996465651,-0.07290952900617993
w/o EDL reference,,0.5273826903023984,1.5238554792133968e-11,-1.4511021066904876e-12,0.015238554792133967,-0.0014511021066904875,0.7619277396066982,-0.07255510533452438
w/o EDL reference,,0.5276329509906152,1.5312993448314672e-11,-1.4440480913428273e-12,0.015312993448314672,-0.0014440480913428273,0.7656496724157336,-0.07220240456714136
w/o EDL reference,,0.5278832116788321,1.538779572910477e-11,-1.4370283665749244e-12,0.015387795729104769,-0.0014370283665749244,0.7693897864552384,-0.07185141832874621
w/o EDL reference,,0.528133472367049,1.5462963410770294e-11,-1.4300427656953545e-12,0.015462963410770294,-0.0014300427656953544,0.7731481705385146,-0.07150213828476772
w/o EDL reference,,0.5283837330552659,1.553849827825414e-11,-1.4230911228230058e-12,0.01553849827825414,-0.001423091122823006,0.7769249139127069,-0.07115455614115028
w/o EDL reference,,0.5286339937434827,1.5614402125218452e-11,-1.416173272883137e-12,0.015614402125218451,-0.001416173272883137,0.7807201062609226,-0.07080866364415685
w/o EDL reference,,0.5288842544316997,1.5690676754087252e-11,-1.4092890516034555e-12,0.01569067675408725,-0.0014092890516034554,0.7845338377043625,-0.07046445258017277
w/o EDL reference,,0.5291345151199166,1.5767323976089104e-11,-1.4024382955102315e-12,0.015767323976089105,-0.0014024382955102315,0.7883661988044551,-0.07012191477551157
w/o EDL reference,,0.5293847758081335,1.584434561130032e-11,-1.3956208419243925e-12,0.01584434561130032,-0.0013956208419243926,0.7922172805650158,-0.06978104209621962
w/o EDL reference,,0.5296350364963504,1.5921743488688053e-11,-1.3888365289576767e-12,0.015921743488688054,-0.0013888365289576768,0.7960871744344026,-0.06944182644788383
w/o EDL reference,,0.5298852971845673,1.5999519446153815e-11,-1.3820851955087813e-12,0.015999519446153816,-0.0013820851955087814,0.7999759723076907,-0.06910425977543906
w/o EDL reference,,0.5301355578727842,1.6077675330576893e-11,-1.3753666812595478e-12,0.016077675330576892,-0.001375366681259548,0.8038837665288445,-0.06876833406297739
w/o EDL reference,,0.5303858185610011,1.6156212997858546e-11,-1.3686808266711385e-12,0.016156212997858545,-0.0013686808266711386,0.8078106498929272,-0.06843404133355692
w/o EDL reference,,0.530636079249218,1.6235134312965842e-11,-1.362027472980263e-12,0.016235134312965843,-0.001362027472980263,0.8117567156482921,-0.06810137364901314
w/o EDL reference,,0.5308863399374348,1.631444114997602e-11,-1.3554064621953984e-12,0.01631444114997602,-0.0013554064621953985,0.815722057498801,-0.06777032310976991
w/o EDL reference,,0.5311366006256517,1.6394135392120973e-11,-1.3488176370930422e-12,0.016394135392120972,-0.0013488176370930422,0.8197067696060485,-0.06744088185465211
w/o EDL reference,,0.5313868613138686,1.6474218931831966e-11,-1.3422608412139784e-12,0.016474218931831968,-0.0013422608412139783,0.8237109465915982,-0.06711304206069892
w/o EDL reference,,0.5316371220020855,1.6554693670784594e-11,-1.3357359188595614e-12,0.016554693670784593,-0.0013357359188595614,0.8277346835392296,-0.06678679594297807
w/o EDL reference,,0.5318873826903024,1.6635561519943952e-11,-1.3292427150880153e-12,0.016635561519943953,-0.0013292427150880153,0.8317780759971976,-0.06646213575440076
w/o EDL reference,,0.5321376433785193,1.6716824399609894e-11,-1.3227810757107686e-12,0.016716824399609895,-0.0013227810757107687,0.8358412199804947,-0.06613905378553843
w/o EDL reference,,0.5323879040667362,1.6798484239462826e-11,-1.3163508472887738e-12,0.016798484239462827,-0.0013163508472887738,0.8399242119731413,-0.06581754236443868
w/o EDL reference,,0.5326381647549531,1.6880542978609395e-11,-1.3099518771288737e-12,0.016880542978609393,-0.0013099518771288736,0.8440271489304697,-0.06549759385644367
w/o EDL reference,,0.5328884254431699,1.696300256562859e-11,-1.3035840132801762e-12,0.01696300256562859,-0.0013035840132801762,0.8481501282814294,-0.0651792006640088
w/o EDL reference,,0.5331386861313869,1.7045864958617956e-11,-1.29724710453044e-12,0.017045864958617957,-0.00129724710453044,0.8522932479308977,-0.06486235522652199
w/o EDL reference,,0.5333889468196038,1.7129132125240098e-11,-1.2909410004024986e-12,0.017129132125240098,-0.0012909410004024987,0.8564566062620048,-0.06454705002012492
w/o EDL reference,,0.5336392075078207,1.7212806042769518e-11,-1.2846655511506663e-12,0.017212806042769518,-0.0012846655511506663,0.8606403021384759,-0.0642332775575333
w/o EDL reference,,0.5338894681960376,1.7296888698139456e-11,-1.2784206077571964e-12,0.017296888698139456,-0.0012784206077571965,0.8648444349069727,-0.06392103038785982
w/o EDL reference,,0.5341397288842544,1.7381382087989087e-11,-1.2722060219287384e-12,0.01738138208798909,-0.0012722060219287385,0.8690691043994543,-0.06361030109643691
w/o EDL reference,,0.5343899895724713,1.7466288218710956e-11,-1.266021646092817e-12,0.017466288218710956,-0.001266021646092817,0.8733144109355477,-0.06330108230464085
w/o EDL reference,,0.5346402502606882,1.7551609106498614e-11,-1.2598673333943287e-12,0.017551609106498615,-0.0012598673333943287,0.8775804553249307,-0.06299336666971643
w/o EDL reference,,0.5348905109489052,1.7637346777394524e-11,-1.253742937692049e-12,0.017637346777394525,-0.001253742937692049,0.8818673388697261,-0.06268714688460245
w/o EDL reference,,0.535140771637122,1.772350326733805e-11,-1.247648313555178e-12,0.01772350326733805,-0.001247648313555178,0.8861751633669025,-0.062382415677758894
w/o EDL reference,,0.5353910323253389,1.7810080622213983e-11,-1.2415833162598654e-12,0.017810080622213984,-0.0012415833162598654,0.8905040311106991,-0.06207916581299326
w/o EDL reference,,0.5356412930135558,1.789708089790102e-11,-1.2355478017857873e-12,0.01789708089790102,-0.0012355478017857873,0.8948540448950508,-0.061777390089289355
w/o EDL reference,,0.5358915537017727,1.798450616032061e-11,-1.2295416268127233e-12,0.017984506160320612,-0.0012295416268127233,0.8992253080160304,-0.061477081340636154
w/o EDL reference,,0.5361418143899896,1.807235848548595e-11,-1.2235646487171505e-12,0.01807235848548595,-0.0012235646487171504,0.9036179242742973,-0.061178232435857516
w/o EDL reference,,0.5363920750782065,1.8160639959551323e-11,-1.2176167255688684e-12,0.018160639959551323,-0.0012176167255688684,0.9080319979775661,-0.060880836278443415
w/o EDL reference,,0.5366423357664234,1.8249352678861716e-11,-1.2116977161276101e-12,0.018249352678861717,-0.0012116977161276102,0.9124676339430856,-0.0605848858063805
w/o EDL reference,,0.5368925964546403,1.833849875000249e-11,-1.2058074798397017e-12,0.01833849875000249,-0.0012058074798397018,0.9169249375001245,-0.06029037399198508
w/o EDL reference,,0.5371428571428571,1.8428080289849458e-11,-1.1999458768347197e-12,0.018428080289849456,-0.0011999458768347196,0.9214040144924729,-0.05999729384173598
w/o EDL reference,,0.537393117831074,1.851809942561912e-11,-1.1941127679221716e-12,0.01851809942561912,-0.0011941127679221716,0.925904971280956,-0.059705638396108575
w/o EDL reference,,0.5376433785192909,1.86085582949192e-11,-1.1883080145881899e-12,0.0186085582949192,-0.00118830801458819,0.93042791474596,-0.059415400729409484
w/o EDL reference,,0.5378936392075078,1.869945904579941e-11,-1.1825314789922415e-12,0.018699459045799408,-0.0011825314789922414,0.9349729522899703,-0.05912657394961207
w/o EDL reference,,0.5381438998957248,1.8790803836802454e-11,-1.1767830239638554e-12,0.018790803836802455,-0.0011767830239638555,0.9395401918401226,-0.05883915119819276
w/o EDL reference,,0.5383941605839416,1.8882594837015204e-11,-1.1710625129993726e-12,0.018882594837015203,-0.0011710625129993726,0.9441297418507602,-0.058553125649968625
w/o EDL reference,,0.5386444212721585,1.897483422612038e-11,-1.1653698102586901e-12,0.01897483422612038,-0.00116536981025869,0.9487417113060188,-0.0582684905129345
w/o EDL reference,,0.5388946819603754,1.9067524194448194e-11,-1.159704780562046e-12,0.019067524194448193,-0.0011597047805620459,0.9533762097224097,-0.05798523902810229
w/o EDL reference,,0.5391449426485924,1.9160666943028325e-11,-1.1540672893868032e-12,0.019160666943028325,-0.0011540672893868033,0.9580333471514162,-0.05770336446934015
w/o EDL reference,,0.5393952033368092,1.9254264683642246e-11,-1.148457202864268e-12,0.019254264683642247,-0.001148457202864268,0.9627132341821122,-0.057422860143213385
w/o EDL reference,,0.5396454640250261,1.934831963887578e-11,-1.1428743877764916e-12,0.019348319638875778,-0.0011428743877764916,0.9674159819437889,-0.05714371938882457
w/o EDL reference,,0.539895724713243,1.9442834042171827e-11,-1.1373187115531213e-12,0.019442834042171828,-0.0011373187115531213,0.9721417021085912,-0.056865935577656054
w/o EDL reference,,0.5401459854014599,1.95378101378834e-11,-1.1317900422682465e-12,0.0195378101378834,-0.0011317900422682466,0.9768905068941699,-0.056589502113412314
w/o EDL reference,,0.5403962460896767,1.9633250181326924e-11,-1.126288248637268e-12,0.019633250181326924,-0.0011262882486372681,0.9816625090663461,-0.05631441243186339
w/o EDL reference,,0.5406465067778936,1.9729156438835804e-11,-1.1208132000137797e-12,0.019729156438835802,-0.0011208132000137796,0.9864578219417901,-0.05604066000068898
w/o EDL reference,,0.5408967674661105,1.9825531187814227e-11,-1.1153647663864668e-12,0.019825531187814226,-0.0011153647663864669,0.9912765593907112,-0.055768238319323336
w/o EDL reference,,0.5411470281543275,1.9922376716791284e-11,-1.1099428183760142e-12,0.019922376716791285,-0.0011099428183760141,0.9961188358395641,-0.05549714091880071
w/o EDL reference,,0.5413972888425443,2.0019695325475173e-11,-1.1045472272320485e-12,0.02001969532547517,-0.0011045472272320485,1.0009847662737585,-0.05522736136160242
w/o EDL reference,,0.5416475495307612,2.011748932480806e-11,-1.0991778648300599e-12,0.02011748932480806,-0.0010991778648300598,1.0058744662404029,-0.054958893241502986
w/o EDL reference,,0.5418978102189781,2.021576103702065e-11,-1.0938346036683742e-12,0.02021576103702065,-0.001093834603668374,1.0107880518510324,-0.054691730183418705
w/o EDL reference,,0.542148070907195,2.0314512795687613e-11,-1.088517316865121e-12,0.020314512795687613,-0.001088517316865121,1.0157256397843806,-0.05442586584325604
w/o EDL reference,,0.542398331595412,2.041374694578286e-11,-1.0832258781552173e-12,0.020413746945782858,-0.0010832258781552173,1.020687347289143,-0.05416129390776086
w/o EDL reference,,0.5426485922836288,2.051346584373514e-11,-1.0779601618873826e-12,0.02051346584373514,-0.0010779601618873826,1.0256732921867568,-0.05389800809436912
w/o EDL reference,,0.5428988529718457,2.0613671857484206e-11,-1.0727200430211355e-12,0.020613671857484205,-0.0010727200430211354,1.0306835928742102,-0.053636002151056766
w/o EDL reference,,0.5431491136600626,2.0714367366536893e-11,-1.0675053971238376e-12,0.020714367366536892,-0.0010675053971238376,1.0357183683268445,-0.05337526985619188
w/o EDL reference,,0.5433993743482795,2.081555476202366e-11,-1.0623161003677357e-12,0.020815554762023663,-0.0010623161003677358,1.040777738101183,-0.05311580501838678
w/o EDL reference,,0.5436496350364963,2.091723644675539e-11,-1.0571520295270207e-12,0.020917236446755392,-0.0010571520295270208,1.0458618223377694,-0.052857601476351025
w/o EDL reference,,0.5438998957247132,2.1019414835280413e-11,-1.0520130619749019e-12,0.021019414835280414,-0.0010520130619749019,1.0509707417640206,-0.05260065309874509
w/o EDL reference,,0.5441501564129302,2.1122092353941915e-11,-1.0468990756806923e-12,0.021122092353941916,-0.0010468990756806922,1.0561046176970956,-0.05234495378403461
w/o EDL reference,,0.5444004171011471,2.122527144093537e-11,-1.0418099492069218e-12,0.02122527144093537,-0.0010418099492069217,1.0612635720467685,-0.05209049746034608
w/o EDL reference,,0.5446506777893639,2.132895454636674e-11,-1.0367455617064368e-12,0.02132895454636674,-0.0010367455617064367,1.0664477273183368,-0.05183727808532183
w/o EDL reference,,0.5449009384775808,2.1433144132310314e-11,-1.0317057929195422e-12,0.021433144132310313,-0.0010317057929195423,1.0716572066155157,-0.051585289645977105
w/o EDL reference,,0.5451511991657977,2.153784267286746e-11,-1.026690523171142e-12,0.02153784267286746,-0.001026690523171142,1.076892133643373,-0.051334526158557096
w/o EDL reference,,0.5454014598540147,2.1643052654225266e-11,-1.0216996333678962e-12,0.021643052654225267,-0.0010216996333678962,1.0821526327112632,-0.0510849816683948
w/o EDL reference,,0.5456517205422315,2.1748776574715445e-11,-1.0167330049954014e-12,0.021748776574715446,-0.0010167330049954014,1.0874388287357721,-0.05083665024977006
w/o EDL reference,,0.5459019812304484,2.18550169448739e-11,-1.0117905201153625e-12,0.0218550169448739,-0.0010117905201153625,1.0927508472436949,-0.050589526005768125
w/o EDL reference,,0.5461522419186653,2.1961776287500188e-11,-1.0068720613628023e-12,0.02196177628750019,-0.0010068720613628022,1.0980888143750094,-0.050343603068140105
w/o EDL reference,,0.5464025026068822,2.2069057137717477e-11,-1.0019775119432702e-12,0.022069057137717476,-0.0010019775119432701,1.1034528568858737,-0.05009887559716351
w/o EDL reference,,0.546652763295099,2.21768620430327e-11,-9.971067556300717e-13,0.0221768620430327,-0.0009971067556300717,1.108843102151635,-0.049855337781503584
w/o EDL reference,,0.5469030239833159,2.2285193563397112e-11,-9.922596767615066e-13,0.022285193563397112,-0.0009922596767615065,1.1142596781698555,-0.049612983838075324
w/o EDL reference,,0.5471532846715328,2.239405427126703e-11,-9.874361602381218e-13,0.02239405427126703,-0.0009874361602381218,1.1197027135633513,-0.04937180801190608
w/o EDL reference,,0.5474035453597498,2.250344675166497e-11,-9.826360915199777e-13,0.02250344675166497,-0.0009826360915199776,1.1251723375832483,-0.04913180457599888
w/o EDL reference,,0.5476538060479667,2.2613373602240935e-11,-9.778593566239368e-13,0.022613373602240933,-0.0009778593566239367,1.1306686801120467,-0.048892967831196836
w/o EDL reference,,0.5479040667361835,2.272383743333416e-11,-9.731058421209428e-13,0.02272383743333416,-0.0009731058421209428,1.1361918716667079,-0.04865529210604714
w/o EDL reference,,0.5481543274244004,2.283484086803516e-11,-9.683754351333367e-13,0.02283484086803516,-0.0009683754351333366,1.1417420434017578,-0.048418771756666826
w/o EDL reference,,0.5484045881126174,2.294638654224797e-11,-9.63668023332171e-13,0.022946386542247968,-0.0009636680233321709,1.1473193271123983,-0.04818340116660854
w/o EDL reference,,0.5486548488008343,2.3058477104752597e-11,-9.589834949345534e-13,0.023058477104752596,-0.0009589834949345534,1.1529238552376297,-0.04794917474672766
w/o EDL reference,,0.5489051094890511,2.3171115217268187e-11,-9.543217387009763e-13,0.02317111521726819,-0.0009543217387009763,1.1585557608634092,-0.04771608693504881
w/o EDL reference,,0.549155370177268,2.3284303554516025e-11,-9.496826439326861e-13,0.023284303554516026,-0.0009496826439326861,1.1642151777258012,-0.047484132196634304
w/o EDL reference,,0.5494056308654849,2.339804480428313e-11,-9.450661004690521e-13,0.02339804480428313,-0.0009450661004690521,1.1699022402141563,-0.0472533050234526
w/o EDL reference,,0.5496558915537018,2.3512341667486053e-11,-9.404719986849495e-13,0.02351234166748605,-0.0009404719986849495,1.1756170833743025,-0.04702359993424747
w/o EDL reference,,0.5499061522419186,2.3627196858235025e-11,-9.359002294881572e-13,0.023627196858235024,-0.0009359002294881572,1.1813598429117511,-0.04679501147440785
w/o EDL reference,,0.5501564129301355,2.374261310389842e-11,-9.313506843167667e-13,0.02374261310389842,-0.0009313506843167667,1.187130655194921,-0.04656753421583833
w/o EDL reference,,0.5504066736183525,2.3858593145167568e-11,-9.26823255136603e-13,0.02385859314516757,-0.0009268232551366029,1.1929296572583783,-0.04634116275683014
w/o EDL reference,,0.5506569343065694,2.397513973612154e-11,-9.223178344386668e-13,0.023975139736121538,-0.0009223178344386668,1.1987569868060768,-0.04611589172193334
w/o EDL reference,,0.5509071949947862,2.4092255644293012e-11,-9.178343152365691e-13,0.02409225564429301,-0.0009178343152365691,1.2046127822146504,-0.045891715761828454
w/o EDL reference,,0.5511574556830031,2.420994365073368e-11,-9.133725910639994e-13,0.02420994365073368,-0.0009133725910639994,1.210497182536684,-0.04566862955319997
w/o EDL reference,,0.55140771637122,2.4328206550080374e-11,-9.089325559721946e-13,0.024328206550080375,-0.0009089325559721946,1.2164103275040186,-0.04544662779860973
w/o EDL reference,,0.551657977059437,2.4447047150621452e-11,-9.045141045274221e-13,0.024447047150621452,-0.0009045141045274221,1.2223523575310724,-0.0452257052263711
w/o EDL reference,,0.5519082377476539,2.4566468274363313e-11,-9.001171318084839e-13,0.024566468274363314,-0.0009001171318084839,1.2283234137181656,-0.04500585659042419
w/o EDL reference,,0.5521584984358707,2.4686472757097693e-11,-8.957415334042133e-13,0.024686472757097695,-0.0008957415334042133,1.2343236378548845,-0.04478707667021066
w/o EDL reference,,0.5524087591240876,2.4807063448468804e-11,-8.913872054110022e-13,0.024807063448468804,-0.0008913872054110022,1.24035317242344,-0.044569360270550105
w/o EDL reference,,0.5526590198123045,2.4928243212041047e-11,-8.870540444303337e-13,0.024928243212041047,-0.0008870540444303337,1.2464121606020522,-0.04435270222151668
w/o EDL reference,,0.5529092805005213,2.505001492536704e-11,-8.827419475663255e-13,0.02505001492536704,-0.0008827419475663256,1.252500746268352,-0.044137097378316274
w/o EDL reference,,0.5531595411887382,2.5172381480055907e-11,-8.784508124232867e-13,0.025172381480055905,-0.0008784508124232867,1.2586190740027952,-0.04392254062116433
w/o EDL reference,,0.5534098018769552,2.5295345781842062e-11,-8.741805371032866e-13,0.02529534578184206,-0.0008741805371032867,1.264767289092103,-0.043709026855164326
w/o EDL reference,,0.5536600625651721,2.5418910750653835e-11,-8.699310202037376e-13,0.025418910750653837,-0.0008699310202037376,1.2709455375326917,-0.043496551010186874
w/o EDL reference,,0.553910323253389,2.554307932068337e-11,-8.657021608149809e-13,0.025543079320683372,-0.0008657021608149809,1.2771539660341684,-0.04328510804074904
w/o EDL reference,,0.5541605839416058,2.56678544404559e-11,-8.614938585178952e-13,0.0256678544404559,-0.0008614938585178952,1.283392722022795,-0.043074692925894754
w/o EDL reference,,0.5544108446298227,2.57932390728999e-11,-8.573060133815113e-13,0.0257932390728999,-0.0008573060133815113,1.289661953644995,-0.04286530066907556
w/o EDL reference,,0.5546611053180397,2.5919236195417466e-11,-8.531385259606363e-13,0.025919236195417465,-0.0008531385259606363,1.2959618097708732,-0.04265692629803181
w/o EDL reference,,0.5549113660062566,2.6045848799954813e-11,-8.489912972935015e-13,0.026045848799954814,-0.0008489912972935016,1.3022924399977405,-0.04244956486467507
w/o EDL reference,,0.5551616266944734,2.6173079893073644e-11,-8.448642288993987e-13,0.026173079893073645,-0.0008448642288993986,1.3086539946536822,-0.04224321144496993
w/o EDL reference,,0.5554118873826903,2.630093249602234e-11,-8.40757222776351e-13,0.02630093249602234,-0.000840757222776351,1.315046624801117,-0.042037861138817544
w/o EDL reference,,0.5556621480709072,2.6429409644807735e-11,-8.366701813987827e-13,0.026429409644807736,-0.0008366701813987827,1.3214704822403867,-0.04183350906993913
w/o EDL reference,,0.5559124087591241,2.655851439026722e-11,-8.326030077152044e-13,0.02655851439026722,-0.0008326030077152044,1.327925719513361,-0.04163015038576021
w/o EDL reference,,0.5561626694473409,2.6688249798141197e-11,-8.285556051459069e-13,0.026688249798141196,-0.0008285556051459069,1.3344124899070597,-0.04142778025729534
w/o EDL reference,,0.5564129301355578,2.6818618949145862e-11,-8.24527877580671e-13,0.02681861894914586,-0.000824527877580671,1.340930947457293,-0.04122639387903355
w/o EDL reference,,0.5566631908237748,2.694962493904648e-11,-8.205197293764797e-13,0.02694962493904648,-0.0008205197293764797,1.3474812469523239,-0.04102598646882398
w/o EDL reference,,0.5569134515119917,2.708127087873048e-11,-8.165310653552551e-13,0.027081270878730482,-0.0008165310653552551,1.3540635439365238,-0.04082655326776275
w/o EDL reference,,0.5571637122002085,2.721355989428194e-11,-8.125617908015894e-13,0.02721355989428194,-0.0008125617908015894,1.3606779947140968,-0.040628089540079466
w/o EDL reference,,0.5574139728884254,2.7346495127055405e-11,-8.086118114605014e-13,0.027346495127055406,-0.0008086118114605014,1.3673247563527702,-0.04043059057302507
w/o EDL reference,,0.5576642335766424,2.748007973375064e-11,-8.046810335351948e-13,0.027480079733750638,-0.0008046810335351948,1.3740039866875318,-0.04023405167675974
w/o EDL reference,,0.5579144942648593,2.7614316886487387e-11,-8.007693636848397e-13,0.027614316886487387,-0.0008007693636848396,1.3807158443243692,-0.040038468184241977
w/o EDL reference,,0.5581647549530762,2.7749209772881007e-11,-7.96876709022342e-13,0.027749209772881006,-0.000796876709022342,1.3874604886440502,-0.039843835451117096
w/o EDL reference,,0.558415015641293,2.7884761596117945e-11,-7.930029771121481e-13,0.027884761596117944,-0.0007930029771121481,1.394238079805897,-0.0396501488556074
w/o EDL reference,,0.5586652763295099,2.8020975575031868e-11,-7.891480759680466e-13,0.02802097557503187,-0.0007891480759680466,1.4010487787515933,-0.039457403798402325
w/o EDL reference,,0.5589155370177268,2.8157854944180077e-11,-7.853119140509843e-13,0.028157854944180077,-0.0007853119140509842,1.4078927472090037,-0.03926559570254921
w/o EDL reference,,0.5591657977059437,2.829540295392034e-11,-7.814944002668914e-13,0.02829540295392034,-0.0007814944002668914,1.4147701476960168,-0.03907472001334457
w/o EDL reference,,0.5594160583941605,2.8433622870488063e-11,-7.776954439645222e-13,0.028433622870488062,-0.0007776954439645222,1.421681143524403,-0.03888477219822611
w/o EDL reference,,0.5596663190823775,2.8572517976073944e-11,-7.739149549332957e-13,0.028572517976073943,-0.0007739149549332957,1.428625898803697,-0.03869574774666478
w/o EDL reference,,0.5599165797705944,2.8712091568901517e-11,-7.701528434011624e-13,0.028712091568901518,-0.0007701528434011624,1.4356045784450757,-0.038507642170058115
w/o EDL reference,,0.5601668404588113,2.8852346963306087e-11,-7.664090200324637e-13,0.02885234696330609,-0.0007664090200324637,1.4426173481653042,-0.03832045100162318
w/o EDL reference,,0.5604171011470281,2.8993287489813008e-11,-7.626833959258154e-13,0.02899328748981301,-0.0007626833959258154,1.4496643744906503,-0.038134169796290765
w/o EDL reference,,0.5606673618352451,2.913491649521694e-11,-7.589758826119941e-13,0.029134916495216944,-0.0007589758826119941,1.4567458247608471,-0.0379487941305997
w/o EDL reference,,0.560917622523462,2.927723734266112e-11,-7.552863920518436e-13,0.029277237342661123,-0.0007552863920518436,1.463861867133056,-0.037764319602592175
w/o EDL reference,,0.5611678832116789,2.94202534117175e-11,-7.516148366341732e-13,0.0294202534117175,-0.0007516148366341731,1.4710126705858748,-0.037580741831708654
w/o EDL reference,,0.5614181438998957,2.956396809846684e-11,-7.47961129173684e-13,0.02956396809846684,-0.000747961129173684,1.4781984049233416,-0.037398056458684194
w/o EDL reference,,0.5616684045881126,2.970838481557935e-11,-7.44325182908898e-13,0.02970838481557935,-0.000744325182908898,1.4854192407789673,-0.037216259145444894
w/o EDL reference,,0.5619186652763295,2.985350699239578e-11,-7.407069115000963e-13,0.029853506992395782,-0.0007407069115000963,1.4926753496197889,-0.03703534557500481
w/o EDL reference,,0.5621689259645464,2.9999338075008834e-11,-7.371062290272714e-13,0.029999338075008833,-0.0007371062290272714,1.4999669037504415,-0.036855311451363566
w/o EDL reference,,0.5624191866527632,3.014588152634498e-11,-7.335230499880839e-13,0.030145881526344984,-0.0007335230499880839,1.507294076317249,-0.03667615249940419
w/o EDL reference,,0.5626694473409802,3.0293140826246825e-11,-7.299572892958323e-13,0.030293140826246824,-0.0007299572892958323,1.5146570413123412,-0.03649786446479161
w/o EDL reference,,0.5629197080291971,3.0441119471555285e-11,-7.264088622774382e-13,0.030441119471555284,-0.0007264088622774383,1.5220559735777641,-0.036320443113871906
w/o EDL reference,,0.563169968717414,3.0589820976193284e-11,-7.228776846714268e-13,0.030589820976193283,-0.0007228776846714269,1.529491048809664,-0.03614388423357134
w/o EDL reference,,0.5634202294056309,3.073924887124876e-11,-7.193636726259313e-13,0.030739248871248757,-0.0007193636726259313,1.5369624435624378,-0.035968183631296564
w/o EDL reference,,0.5636704900938477,3.088940670505864e-11,-7.158667426967029e-13,0.03088940670505864,-0.000715866742696703,1.544470335252932,-0.035793337134835145
w/o EDL reference,,0.5639207507820647,3.104029804329313e-11,-7.123868118451237e-13,0.031040298043293127,-0.0007123868118451238,1.5520149021646563,-0.03561934059225618
w/o EDL reference,,0.5641710114702816,3.1191926469040176e-11,-7.089237974362431e-13,0.031191926469040177,-0.0007089237974362431,1.5595963234520087,-0.03544618987181215
w/o EDL reference,,0.5644212721584985,3.1344295582890864e-11,-7.05477617236807e-13,0.03134429558289086,-0.0007054776172368071,1.5672147791445432,-0.03527388086184035
w/o EDL reference,,0.5646715328467153,3.149740900302476e-11,-7.020481894133102e-13,0.03149740900302476,-0.0007020481894133103,1.5748704501512376,-0.03510240947066551
w/o EDL reference,,0.5649217935349322,3.1651270365295765e-11,-6.986354325300514e-13,0.03165127036529577,-0.0006986354325300515,1.5825635182647881,-0.034931771626502565
w/o EDL reference,,0.5651720542231491,3.180588332331859e-11,-6.952392655472016e-13,0.031805883323318594,-0.0006952392655472016,1.5902941661659296,-0.03476196327736007
w/o EDL reference,,0.565422314911366,3.196125154855544e-11,-6.91859607818876e-13,0.03196125154855544,-0.000691859607818876,1.5980625774277717,-0.034592980390943794
w/o EDL reference,,0.565672575599583,3.211737873040327e-11,-6.884963790912209e-13,0.032117378730403275,-0.0006884963790912209,1.6058689365201635,-0.034424818954561044
w/o EDL reference,,0.5659228362877998,3.2274268576281046e-11,-6.851494995005114e-13,0.032274268576281046,-0.0006851494995005114,1.6137134288140522,-0.03425747497502557
w/o EDL reference,,0.5661730969760167,3.2431924811718394e-11,-6.818188895712481e-13,0.032431924811718395,-0.0006818188895712481,1.6215962405859194,-0.0340909444785624
w/o EDL reference,,0.5664233576642336,3.2590351180443605e-11,-6.785044702142739e-13,0.03259035118044361,-0.0006785044702142739,1.6295175590221802,-0.03392522351071369
w/o EDL reference,,0.5666736183524504,3.2749551444472696e-11,-6.752061627248972e-13,0.032749551444472697,-0.0006752061627248972,1.6374775722236345,-0.03376030813624486
w/o EDL reference,,0.5669238790406674,3.2909529384198756e-11,-6.719238887810184e-13,0.032909529384198756,-0.0006719238887810183,1.6454764692099377,-0.033596194439050917
w/o EDL reference,,0.5671741397288843,3.3070288798481517e-11,-6.686575704412768e-13,0.03307028879848151,-0.0006686575704412768,1.6535144399240758,-0.033432878522063836
w/o EDL reference,,0.5674244004171012,3.3231833504737884e-11,-6.654071301431925e-13,0.033231833504737886,-0.0006654071301431925,1.661591675236894,-0.03327035650715962
w/o EDL reference,,0.5676746611053181,3.3394167339032364e-11,-6.621724907013287e-13,0.03339416733903237,-0.0006621724907013288,1.6697083669516182,-0.03310862453506643
w/o EDL reference,,0.5679249217935349,3.355729415616822e-11,-6.589535753054581e-13,0.033557294156168226,-0.0006589535753054581,1.677864707808411,-0.0329476787652729
w/o EDL reference,,0.5681751824817518,3.3721217829779006e-11,-6.557503075187402e-13,0.03372121782977901,-0.0006557503075187403,1.68606089148895,-0.03278751537593701
w/o EDL reference,,0.5684254431699687,3.388594225242053e-11,-6.525626112759033e-13,0.03388594225242053,-0.0006525626112759034,1.6942971126210264,-0.03262813056379516
w/o EDL reference,,0.5686757038581856,3.405147133566334e-11,-6.493904108814404e-13,0.03405147133566334,-0.0006493904108814404,1.7025735667831667,-0.03246952054407202
w/o EDL reference,,0.5689259645464025,3.421780901018566e-11,-6.462336310078103e-13,0.03421780901018566,-0.0006462336310078103,1.7108904505092826,-0.03231168155039051
w/o EDL reference,,0.5691762252346194,3.438495922586628e-11,-6.430921966936532e-13,0.034384959225866284,-0.0006430921966936532,1.719247961293314,-0.03215460983468266
w/o EDL reference,,0.5694264859228363,3.455292595187911e-11,-6.39966033342003e-13,0.034552925951879115,-0.0006399660333420029,1.7276462975939555,-0.031998301667100146
w/o EDL reference,,0.5696767466110532,3.472171317678688e-11,-6.368550667185229e-13,0.03472171317678688,-0.0006368550667185229,1.7360856588393438,-0.03184275333592614
w/o EDL reference,,0.5699270072992701,3.489132490863608e-11,-6.337592229497375e-13,0.034891324908636084,-0.0006337592229497375,1.744566245431804,-0.03168796114748687
w/o EDL reference,,0.570177267987487,3.5061765175051894e-11,-6.306784285212843e-13,0.03506176517505189,-0.0006306784285212843,1.7530882587525947,-0.03153392142606421
w/o EDL reference,,0.5704275286757039,3.523303802333417e-11,-6.27612610276162e-13,0.03523303802333417,-0.000627612610276162,1.7616519011667084,-0.03138063051380809
w/o EDL reference,,0.5706777893639208,3.540514752055333e-11,-6.245616954129957e-13,0.03540514752055333,-0.0006245616954129957,1.7702573760276663,-0.031228084770649783
w/o EDL reference,,0.5709280500521376,3.557809775364696e-11,-6.215256114843106e-13,0.03557809775364696,-0.0006215256114843106,1.778904887682348,-0.03107628057421553
w/o EDL reference,,0.5711783107403545,3.5751892829516906e-11,-6.18504286394808e-13,0.03575189282951691,-0.000618504286394808,1.787594641475845,-0.030925214319740397
w/o EDL reference,,0.5714285714285714,3.592653687512676e-11,-6.154976483996547e-13,0.035926536875126765,-0.0006154976483996547,1.796326843756338,-0.030774882419982733
w/o EDL reference,,0.5716788321167883,3.610203403759991e-11,-6.1250562610278e-13,0.03610203403759991,-0.0006125056261027799,1.8051017018799953,-0.030625281305138995
w/o EDL reference,,0.5719290928050053,3.627838848431805e-11,-6.095281484551783e-13,0.03627838848431805,-0.0006095281484551783,1.8139194242159025,-0.03047640742275891
w/o EDL reference,,0.5721793534932221,3.645560440301976e-11,-6.065651447532261e-13,0.03645560440301976,-0.0006065651447532261,1.8227802201509875,-0.030328257237661305
w/o EDL reference,,0.572429614181439,3.663368600190058e-11,-6.03616544636999e-13,0.036633686001900576,-0.000603616544636999,1.8316843000950287,-0.030180827231849946
w/o EDL reference,,0.5726798748696559,3.681263750971253e-11,-6.006822780886016e-13,0.03681263750971253,-0.0006006822780886016,1.8406318754856261,-0.030034113904430074
w/o EDL reference,,0.5729301355578728,3.699246317586461e-11,-5.977622754305059e-13,0.03699246317586461,-0.0005977622754305059,1.8496231587932304,-0.029888113771525292
w/o EDL reference,,0.5731803962460897,3.717316727052377e-11,-5.948564673238955e-13,0.03717316727052377,-0.0005948564673238956,1.8586583635261882,-0.029742823366194774
w/o EDL reference,,0.5734306569343066,3.735475408471606e-11,-5.919647847670231e-13,0.037354754084716064,-0.0005919647847670231,1.867737704235803,-0.029598239238351153
w/o EDL reference,,0.5736809176225235,3.753722793042894e-11,-5.890871590935651e-13,0.037537227930428935,-0.0005890871590935651,1.8768613965214467,-0.02945435795467825
w/o EDL reference,,0.5739311783107404,3.7720593140713335e-11,-5.862235219709971e-13,0.037720593140713334,-0.0005862235219709971,1.8860296570356665,-0.02931117609854985
w/o EDL reference,,0.5741814389989572,3.790485406978669e-11,-5.833738053989676e-13,0.03790485406978669,-0.0005833738053989676,1.8952427034893344,-0.029168690269948377
w/o EDL reference,,0.5744316996871741,3.809001509313631e-11,-5.80537941707685e-13,0.03809001509313631,-0.000580537941707685,1.9045007546568151,-0.029026897085384248
w/o EDL reference,,0.574681960375391,3.827608060762324e-11,-5.777158635563103e-13,0.03827608060762324,-0.0005777158635563102,1.9138040303811619,-0.028885793177815512
w/o EDL reference,,0.574932221063608,3.84630550315869e-11,-5.749075039313569e-13,0.0384630550315869,-0.0005749075039313569,1.923152751579345,-0.028745375196567842
w/o EDL reference,,0.5751824817518248,3.8650942804949356e-11,-5.721127961451028e-13,0.03865094280494936,-0.0005721127961451028,1.9325471402474677,-0.02860563980725514
w/o EDL reference,,0.5754327424400417,3.883974838932163e-11,-5.693316738340035e-13,0.03883974838932163,-0.0005693316738340035,1.9419874194660813,-0.028466583691700173
w/o EDL reference,,0.5756830031282586,3.902947626810908e-11,-5.665640709571161e-13,0.03902947626810908,-0.000566564070957116,1.9514738134054537,-0.0283282035478558
w/o EDL reference,,0.5759332638164755,3.922013094661799e-11,-5.638099217945328e-13,0.03922013094661799,-0.0005638099217945328,1.9610065473308993,-0.028190496089726638
w/o EDL reference,,0.5761835245046925,3.9411716952162664e-11,-5.610691609458193e-13,0.03941171695216266,-0.0005610691609458193,1.970585847608133,-0.02805345804729096
w/o EDL reference,,0.5764337851929093,3.960423883417261e-11,-5.583417233284643e-13,0.03960423883417261,-0.0005583417233284642,1.9802119417086304,-0.02791708616642321
w/o EDL reference,,0.5766840458811262,3.979770116430101e-11,-5.556275441763292e-13,0.03979770116430101,-0.0005556275441763293,1.9898850582150502,-0.027781377208816457
w/o EDL reference,,0.5769343065693431,3.9992108536532995e-11,-5.529265590381147e-13,0.039992108536533,-0.0005529265590381148,1.9996054268266497,-0.027646327951905733
w/o EDL reference,,0.57718456725756,4.0187465567294807e-11,-5.502387037758278e-13,0.04018746556729481,-0.0005502387037758279,2.0093732783647402,-0.027511935188791387
w/o EDL reference,,0.5774348279457768,4.0383776895563416e-11,-5.475639145632592e-13,0.04038377689556342,-0.0005475639145632593,2.0191888447781707,-0.027378195728162958
w/o EDL reference,,0.5776850886339937,4.058104718297669e-11,-5.449021278844683e-13,0.04058104718297669,-0.0005449021278844683,2.0290523591488343,-0.027245106394223412
w/o EDL reference,,0.5779353493222106,4.077928111394414e-11,-5.422532805322746e-13,0.04077928111394414,-0.0005422532805322746,2.038964055697207,-0.02711266402661373
w/o EDL reference,,0.5781856100104276,4.097848339575798e-11,-5.396173096067555e-13,0.04097848339575798,-0.0005396173096067555,2.048924169787899,-0.026980865480337773
w/o EDL reference,,0.5784358706986444,4.117865875870501e-11,-5.369941525137577e-13,0.041178658758705015,-0.0005369941525137578,2.0589329379352503,-0.026849707625687884
w/o EDL reference,,0.5786861313868613,4.13798119561791e-11,-5.343837469634033e-13,0.0413798119561791,-0.0005343837469634034,2.0689905978089547,-0.026719187348170165
w/o EDL reference,,0.5789363920750782,4.158194776479386e-11,-5.317860309686157e-13,0.04158194776479386,-0.0005317860309686157,2.079097388239693,-0.026589301548430783
w/o EDL reference,,0.5791866527632952,4.1785070984496196e-11,-5.292009428436452e-13,0.04178507098449619,-0.0005292009428436451,2.0892535492248094,-0.026460047142182256
w/o EDL reference,,0.579436913451512,4.198918643867999e-11,-5.26628421202608e-13,0.04198918643867999,-0.0005266284212026081,2.0994593219339994,-0.026331421060130398
w/o EDL reference,,0.5796871741397289,4.219429897430115e-11,-5.240684049580244e-13,0.04219429897430115,-0.0005240684049580244,2.1097149487150575,-0.026203420247901215
w/o EDL reference,,0.5799374348279458,4.240041346199228e-11,-5.215208333193691e-13,0.042400413461992276,-0.0005215208333193691,2.1200206730996136,-0.02607604166596845
w/o EDL reference,,0.5801876955161627,4.260753479617853e-11,-5.189856457916289e-13,0.04260753479617853,-0.0005189856457916289,2.130376739808926,-0.02594928228958144
w/o EDL reference,,0.5804379562043795,4.2815667895193755e-11,-5.164627821738652e-13,0.042815667895193754,-0.0005164627821738653,2.1407833947596875,-0.025823139108693258
w/o EDL reference,,0.5806882168925964,4.302481770139742e-11,-5.139521825577855e-13,0.04302481770139742,-0.0005139521825577854,2.1512408850698708,-0.025697609127889272
w/o EDL reference,,0.5809384775808133,4.323498918129163e-11,-5.114537873263192e-13,0.04323498918129163,-0.0005114537873263192,2.1617494590645814,-0.02557268936631596
w/o EDL reference,,0.5811887382690303,4.344618732563962e-11,-5.089675371522024e-13,0.043446187325639624,-0.0005089675371522023,2.172309366281981,-0.025448376857610117
w/o EDL reference,,0.5814389989572472,4.365841714958364e-11,-5.064933729965726e-13,0.043658417149583635,-0.0005064933729965727,2.1829208574791816,-0.025324668649828627
w/o EDL reference,,0.581689259645464,4.387168369276457e-11,-5.040312361075603e-13,0.04387168369276457,-0.0005040312361075603,2.1935841846382282,-0.025201561805378015
w/o EDL reference,,0.5819395203336809,4.4085992019441335e-11,-5.015810680188986e-13,0.044085992019441335,-0.0005015810680188986,2.2042996009720666,-0.02507905340094493
w/o EDL reference,,0.5821897810218978,4.430134721861117e-11,-4.991428105485331e-13,0.04430134721861117,-0.0004991428105485332,2.2150673609305582,-0.024957140527426657
w/o EDL reference,,0.5824400417101148,4.4517754404130605e-11,-4.9671640579724e-13,0.044517754404130604,-0.0004967164057972399,2.22588772020653,-0.024835820289861997
w/o EDL reference,,0.5826903023983316,4.473521871483655e-11,-4.94301796147255e-13,0.04473521871483655,-0.0004943017961472549,2.2367609357418274,-0.02471508980736275
w/o EDL reference,,0.5829405630865485,4.49537453146688e-11,-4.918989242608989e-13,0.0449537453146688,-0.0004918989242608989,2.2476872657334397,-0.024594946213044942
w/o EDL reference,,0.5831908237747654,4.517333939279232e-11,-4.895077330792201e-13,0.04517333939279232,-0.0004895077330792201,2.258666969639616,-0.024475386653961
w/o EDL reference,,0.5834410844629823,4.5394006163720644e-11,-4.871281658206386e-13,0.04539400616372064,-0.0004871281658206386,2.269700308186032,-0.02435640829103193
w/o EDL reference,,0.5836913451511991,4.5615750867439624e-11,-4.847601659795985e-13,0.045615750867439624,-0.0004847601659795985,2.280787543371981,-0.024238008298979923
w/o EDL reference,,0.583941605839416,4.583857876953168e-11,-4.824036773252243e-13,0.04583857876953168,-0.00048240367732522435,2.291928938476584,-0.024120183866261215
w/o EDL reference,,0.584191866527633,4.606249516130133e-11,-4.80058643899987e-13,0.04606249516130133,-0.000480058643899987,2.3031247580650662,-0.024002932194999344
w/o EDL reference,,0.5844421272158499,4.6287505359900174e-11,-4.777250100183778e-13,0.04628750535990017,-0.00047772501001837775,2.3143752679950085,-0.023886250500918887
w/o EDL reference,,0.5846923879040667,4.65136147084538e-11,-4.754027202655799e-13,0.0465136147084538,-0.0004754027202655799,2.3256807354226896,-0.023770136013278993
w/o EDL reference,,0.5849426485922836,4.674082857618827e-11,-4.73091719496157e-13,0.04674082857618827,-0.000473091719496157,2.337041428809413,-0.02365458597480785
w/o EDL reference,,0.5851929092805005,4.6969152358557724e-11,-4.70791952832743e-13,0.046969152358557725,-0.00047079195283274296,2.348457617927886,-0.023539597641637145
w/o EDL reference,,0.5854431699687175,4.719859147737258e-11,-4.685033656647366e-13,0.04719859147737258,-0.00046850336566473655,2.359929573868629,-0.023425168283236826
w/o EDL reference,,0.5856934306569344,4.7429151380927954e-11,-4.662259036470108e-13,0.04742915138092795,-0.0004662259036470108,2.3714575690463975,-0.023311295182350537
w/o EDL reference,,0.5859436913451512,4.766083754413354e-11,-4.63959512698614e-13,0.04766083754413354,-0.00046395951269861404,2.3830418772066766,-0.0231979756349307
w/o EDL reference,,0.5861939520333681,4.789365546864325e-11,-4.617041390014914e-13,0.04789365546864325,-0.0004617041390014914,2.3946827734321623,-0.02308520695007457
w/o EDL reference,,0.586444212721585,4.8127610682986e-11,-4.594597289992053e-13,0.048127610682986,-0.0004594597289992053,2.4063805341493,-0.02297298644996026
w/o EDL reference,,0.5866944734098019,4.836270874269704e-11,-4.572262293956633e-13,0.04836270874269704,-0.0004572262293956633,2.418135437134852,-0.022861311469783163
w/o EDL reference,,0.5869447340980187,4.859895523044951e-11,-4.550035871538532e-13,0.04859895523044951,-0.0004550035871538532,2.429947761522475,-0.02275017935769266
w/o EDL reference,,0.5871949947862356,4.883635575618758e-11,-4.527917494945835e-13,0.048836355756187576,-0.0004527917494945835,2.4418177878093785,-0.022639587474729172
w/o EDL reference,,0.5874452554744526,4.907491595725935e-11,-4.505906638952283e-13,0.04907491595725935,-0.0004505906638952283,2.4537457978629673,-0.022529533194761413
w/o EDL reference,,0.5876955161626695,4.931464149855052e-11,-4.484002780884856e-13,0.04931464149855052,-0.0004484002780884856,2.4657320749275256,-0.022420013904424278
w/o EDL reference,,0.5879457768508863,4.955553807261936e-11,-4.4622054006112843e-13,0.04955553807261936,-0.00044622054006112846,2.477776903630968,-0.02231102700305642
w/o EDL reference,,0.5881960375391032,4.979761139983158e-11,-4.440513980527751e-13,0.04979761139983158,-0.0004440513980527751,2.4898805699915787,-0.022202569902638754
w/o EDL reference,,0.5884462982273202,5.004086722849633e-11,-4.418928005546571e-13,0.050040867228496336,-0.0004418928005546571,2.5020433614248163,-0.022094640027732853
w/o EDL reference,,0.5886965589155371,5.028531133500236e-11,-4.3974469630840096e-13,0.05028531133500236,-0.00043974469630840096,2.514265566750118,-0.021987234815420045
w/o EDL reference,,0.588946819603754,5.05309495239557e-11,-4.376070343048041e-13,0.050530949523955704,-0.0004376070343048041,2.5265474761977846,-0.021880351715240203
w/o EDL reference,,0.5891970802919708,5.077778762831714e-11,-4.354797637826281e-13,0.05077778762831714,-0.0004354797637826281,2.538889381415857,-0.021773988189131403
w/o EDL reference,,0.5894473409801877,5.102583150954095e-11,-4.3336283422739234e-13,0.05102583150954095,-0.0004333628342273923,2.5512915754770473,-0.021668141711369614
w/o EDL reference,,0.5896976016684046,5.127508705771366e-11,-4.3125619537017403e-13,0.051275087057713664,-0.000431256195370174,2.5637543528856828,-0.0215628097685087
w/o EDL reference,,0.5899478623566214,5.152556019169453e-11,-4.2915979718641507e-13,0.051525560191694526,-0.00042915979718641505,2.576278009584726,-0.02145798985932075
w/o EDL reference,,0.5901981230448383,5.177725685925565e-11,-4.2707358989473383e-13,0.05177725685925565,-0.00042707358989473384,2.5888628429627825,-0.02135367949473669
w/o EDL reference,,0.5904483837330553,5.203018303722347e-11,-4.24997523955742e-13,0.052030183037223475,-0.000424997523955742,2.6015091518611735,-0.0212498761977871
w/o EDL reference,,0.5906986444212722,5.228434473162027e-11,-4.229315500708727e-13,0.05228434473162027,-0.00042293155007087273,2.614217236581013,-0.021146577503543634
w/o EDL reference,,0.590948905109489,5.253974797780733e-11,-4.2087561918120315e-13,0.052539747977807326,-0.00042087561918120313,2.6269873988903663,-0.021043780959060156
w/o EDL reference,,0.5911991657977059,5.279639884062798e-11,-4.1882968246629393e-13,0.05279639884062798,-0.00041882968246629394,2.639819942031399,-0.020941484123314695
w/o EDL reference,,0.5914494264859229,5.305430341455168e-11,-4.167936913430279e-13,0.05305430341455168,-0.0004167936913430279,2.652715170727584,-0.020839684567151393
w/o EDL reference,,0.5916996871741398,5.331346782381845e-11,-4.1476759746446063e-13,0.053313467823818454,-0.00041476759746446063,2.6656733911909223,-0.02073837987322303
w/o EDL reference,,0.5919499478623567,5.35738982225848e-11,-4.1275135271866586e-13,0.0535738982225848,-0.00041275135271866584,2.6786949111292397,-0.02063756763593329
w/o EDL reference,,0.5922002085505735,5.383560079506954e-11,-4.1074490922759735e-13,0.053835600795069535,-0.00041074490922759734,2.6917800397534766,-0.020537245461379864
w/o EDL reference,,0.5924504692387904,5.4098581755700796e-11,-4.087482193459509e-13,0.05409858175570079,-0.0004087482193459509,2.7049290877850396,-0.020437410967297544
w/o EDL reference,,0.5927007299270073,5.436284734926319e-11,-4.06761235660033e-13,0.054362847349263194,-0.000406761235660033,2.7181423674631593,-0.020338061783001647
w/o EDL reference,,0.5929509906152242,5.462840385104673e-11,-4.0478391098663486e-13,0.05462840385104673,-0.00040478391098663485,2.7314201925523363,-0.02023919554933174
w/o EDL reference,,0.593201251303441,5.489525756699543e-11,-4.0281619837191223e-13,0.05489525756699543,-0.0004028161983719122,2.7447628783497713,-0.02014080991859561
w/o EDL reference,,0.593451511991658,5.5163414833857227e-11,-4.0085805109026863e-13,0.05516341483385723,-0.00040085805109026866,2.758170741692861,-0.02004290255451343
w/o EDL reference,,0.5937017726798749,5.543288201933408e-11,-3.9890942264325135e-13,0.05543288201933408,-0.00039890942264325137,2.7716441009667037,-0.019945471132162565
w/o EDL reference,,0.5939520333680918,5.570366552223376e-11,-3.969702667584395e-13,0.05570366552223376,-0.0003969702667584395,2.7851832761116877,-0.019848513337921973
w/o EDL reference,,0.5942022940563086,5.5975771772621426e-11,-3.950405373883504e-13,0.055975771772621426,-0.00039504053738835044,2.798788588631071,-0.01975202686941752
w/o EDL reference,,0.5944525547445255,5.624920723197238e-11,-3.9312018870934477e-13,0.05624920723197238,-0.00039312018870934476,2.812460361598619,-0.019656009435467237
w/o EDL reference,,0.5947028154327425,5.652397839332562e-11,-3.9120917512053763e-13,0.05652397839332562,-0.00039120917512053765,2.8261989196662807,-0.01956045875602688
w/o EDL reference,,0.5949530761209594,5.680009178143761e-11,-3.8930745124271934e-13,0.05680009178143761,-0.00038930745124271933,2.84000458907188,-0.019465372562135964
w/o EDL reference,,0.5952033368091763,5.7077553952937864e-11,-3.8741497191727214e-13,0.057077553952937864,-0.00038741497191727213,2.853877697646893,-0.019370748595863605
w/o EDL reference,,0.5954535974973931,5.7356371496484255e-11,-3.8553169220510186e-13,0.05735637149648425,-0.0003855316922051019,2.8678185748242124,-0.019276584610255092
w/o EDL reference,,0.59570385818561,5.763655103291927e-11,-3.8365756738556963e-13,0.057636551032919266,-0.00038365756738556966,2.881827551645963,-0.01918287836927848
w/o EDL reference,,0.5959541188738269,5.791809921542774e-11,-3.8179255295543e-13,0.05791809921542774,-0.00038179255295542997,2.8959049607713867,-0.019089627647771498
w/o EDL reference,,0.5962043795620438,5.8201022729694507e-11,-3.799366046277742e-13,0.058201022729694504,-0.0003799366046277742,2.910051136484725,-0.01899683023138871
w/o EDL reference,,0.5964546402502607,5.848532829406333e-11,-3.780896783309777e-13,0.05848532829406333,-0.00037808967833097767,2.924266414703166,-0.01890448391654888
w/o EDL reference,,0.5967049009384776,5.877102265969599e-11,-3.7625173020765683e-13,0.05877102265969599,-0.00037625173020765685,2.9385511329847995,-0.01881258651038284
w/o EDL reference,,0.5969551616266945,5.905811261073334e-11,-3.744227166136227e-13,0.05905811261073334,-0.0003744227166136227,2.9529056305366668,-0.01872113583068113
w/o EDL reference,,0.5972054223149114,5.934660496445582e-11,-3.726025941168476e-13,0.059346604964455825,-0.0003726025941168476,2.967330248222791,-0.01863012970584238
w/o EDL reference,,0.5974556830031282,5.963650657144559e-11,-3.707913194964333e-13,0.05963650657144559,-0.0003707913194964333,2.9818253285722793,-0.018539565974821662
w/o EDL reference,,0.5977059436913452,5.992782431574922e-11,-3.6898884974158347e-13,0.059927824315749216,-0.00036898884974158347,2.996391215787461,-0.018449442487079172
w/o EDL reference,,0.5979562043795621,6.02205651150408e-11,-3.671951420505866e-13,0.0602205651150408,-0.0003671951420505866,3.0110282557520396,-0.018359757102529326
w/o EDL reference,,0.598206465067779,6.05147359207869e-11,-3.6541015382979316e-13,0.0605147359207869,-0.0003654101538297932,3.0257367960393444,-0.018270507691489656
w/o EDL reference,,0.5984567257559958,6.081034371841077e-11,-3.636338426926086e-13,0.06081034371841077,-0.0003636338426926086,3.0405171859205384,-0.018181692134630428
w/o EDL reference,,0.5987069864442127,6.110739552745908e-11,-3.6186616645848586e-13,0.061107395527459085,-0.00036186616645848585,3.055369776372954,-0.01809330832292429
w/o EDL reference,,0.5989572471324296,6.140589840176807e-11,-3.6010708315192324e-13,0.06140589840176807,-0.00036010708315192325,3.0702949200884033,-0.01800535415759616
w/o EDL reference,,0.5992075078206465,6.170585942963117e-11,-3.583565510014681e-13,0.061705859429631166,-0.00035835655100146813,3.085292971481558,-0.017917827550073404
w/o EDL reference,,0.5994577685088633,6.200728573396733e-11,-3.56614528438725e-13,0.06200728573396733,-0.00035661452843872496,3.1003642866983663,-0.017830726421936248
w/o EDL reference,,0.5997080291970803,6.231018447249035e-11,-3.5488097409736723e-13,0.06231018447249035,-0.00035488097409736724,3.1155092236245174,-0.01774404870486836
w/o EDL reference,,0.5999582898852972,6.261456283787828e-11,-3.5315584681215867e-13,0.06261456283787828,-0.00035315584681215866,3.1307281418939135,-0.017657792340607933
w/o EDL reference,,0.6002085505735141,6.292042805794495e-11,-3.5143910561797045e-13,0.06292042805794494,-0.00035143910561797047,3.146021402897247,-0.01757195528089852
w/o EDL reference,,0.600458811261731,6.322778739581115e-11,-3.49730709748812e-13,0.06322778739581116,-0.000349730709748812,3.161389369790557,-0.0174865354874406
w/o EDL reference,,0.6007090719499479,6.353664815007734e-11,-3.4803061863686123e-13,0.06353664815007734,-0.00034803061863686123,3.1768324075038668,-0.01740153093184306
w/o EDL reference,,0.6009593326381648,6.384701765499651e-11,-3.4633879191150473e-13,0.06384701765499651,-0.00034633879191150476,3.192350882749825,-0.017316939595575235
w/o EDL reference,,0.6012095933263817,6.415890328064905e-11,-3.446551893983737e-13,0.06415890328064905,-0.0003446551893983737,3.2079451640324526,-0.017232759469918684
w/o EDL reference,,0.6014598540145986,6.447231243311703e-11,-3.4297977111839367e-13,0.06447231243311703,-0.0003429797711183937,3.223615621655851,-0.017148988555919682
w/o EDL reference,,0.6017101147028154,6.478725255466065e-11,-3.4131249728683403e-13,0.06478725255466065,-0.000341312497286834,3.239362627733032,-0.0170656248643417
w/o EDL reference,,0.6019603753910323,6.510373112389466e-11,-3.396533283123636e-13,0.06510373112389466,-0.0003396533283123636,3.255186556194733,-0.01698266641561818
w/o EDL reference,,0.6022106360792492,6.542175565596607e-11,-3.380022247961103e-13,0.06542175565596607,-0.00033800222479611034,3.271087782798303,-0.016900111239805515
w/o EDL reference,,0.6024608967674661,6.574133370273245e-11,-3.3635914753072527e-13,0.06574133370273245,-0.00033635914753072526,3.287066685136622,-0.016817957376536262
w/o EDL reference,,0.602711157455683,6.606247285294154e-11,-3.347240574994525e-13,0.06606247285294155,-0.0003347240574994525,3.3031236426470767,-0.016736202874972624
w/o EDL reference,,0.6029614181438999,6.63851807324109e-11,-3.33096915875203e-13,0.0663851807324109,-0.000333096915875203,3.3192590366205446,-0.01665484579376015
w/o EDL reference,,0.6032116788321168,6.670946500420973e-11,-3.314776840196303e-13,0.06670946500420973,-0.0003314776840196303,3.3354732502104865,-0.016573884200981513
w/o EDL reference,,0.6034619395203337,6.70353333688404e-11,-3.29866323482215e-13,0.0670353333688404,-0.000329866323482215,3.3517666684420195,-0.016493316174110748
w/o EDL reference,,0.6037122002085505,6.736279356442127e-11,-3.2826279599935117e-13,0.06736279356442126,-0.0003282627959993512,3.368139678221063,-0.016413139799967558
w/o EDL reference,,0.6039624608967675,6.769185336687079e-11,-3.26667063493437e-13,0.0676918533668708,-0.00032666706349343696,3.384592668343539,-0.01633335317467185
w/o EDL reference,,0.6042127215849844,6.802252059009158e-11,-3.25079088071974e-13,0.06802252059009158,-0.00032507908807197396,3.401126029504579,-0.016253954403598697
w/o EDL reference,,0.6044629822732013,6.83548030861564e-11,-3.2349883202666167e-13,0.0683548030861564,-0.0003234988320266617,3.417740154307819,-0.016174941601333082
w/o EDL reference,,0.6047132429614182,6.868870874549469e-11,-3.2192625783250615e-13,0.0686887087454947,-0.00032192625783250615,3.4344354372747343,-0.016096312891625306
w/o EDL reference,,0.604963503649635,6.902424549707967e-11,-3.203613281469278e-13,0.06902424549707967,-0.0003203613281469278,3.4512122748539835,-0.016018066407346387
w/o EDL reference,,0.6052137643378519,6.936142130861675e-11,-3.188040058088745e-13,0.06936142130861675,-0.0003188040058088745,3.468071065430837,-0.015940200290443723
w/o EDL reference,,0.6054640250260688,6.970024418673261e-11,-3.172542538379394e-13,0.06970024418673261,-0.0003172542538379394,3.4850122093366305,-0.015862712691896968
w/o EDL reference,,0.6057142857142858,7.004072217716564e-11,-3.157120354334826e-13,0.07004072217716563,-0.0003157120354334826,3.5020361088582814,-0.015785601771674127
w/o EDL reference,,0.6059645464025026,7.038286336495634e-11,-3.141773139737584e-13,0.07038286336495633,-0.0003141773139737584,3.5191431682478163,-0.01570886569868792
w/o EDL reference,,0.6062148070907195,7.072667587464014e-11,-3.1265005301504336e-13,0.07072667587464014,-0.00031265005301504335,3.5363337937320063,-0.015632502650752167
w/o EDL reference,,0.6064650677789364,7.107216787043975e-11,-3.1113021629077263e-13,0.07107216787043975,-0.00031113021629077263,3.5536083935219875,-0.01555651081453863
w/o EDL reference,,0.6067153284671533,7.141934755645933e-11,-3.0961776771067833e-13,0.07141934755645933,-0.00030961776771067833,3.5709673778229662,-0.015480888385533914
w/o EDL reference,,0.6069655891553702,7.176822317687929e-11,-3.0811267135993165e-13,0.0717682231768793,-0.00030811267135993166,3.5884111588439644,-0.015405633567996582
w/o EDL reference,,0.6072158498435871,7.21188030161513e-11,-3.0661489149829365e-13,0.0721188030161513,-0.0003066148914982937,3.6059401508075646,-0.01533074457491468
w/o EDL reference,,0.607466110531804,7.247109539919636e-11,-3.0512439255926107e-13,0.07247109539919636,-0.00030512439255926107,3.623554769959817,-0.015256219627963051
w/o EDL reference,,0.6077163712200209,7.282510869160151e-11,-3.036411391492255e-13,0.07282510869160151,-0.00030364113914922546,3.641255434580075,-0.015182056957461273
w/o EDL reference,,0.6079666319082377,7.318085129981886e-11,-3.021650960466318e-13,0.07318085129981886,-0.00030216509604663177,3.6590425649909424,-0.015108254802331588
w/o EDL reference,,0.6082168925964546,7.353833167136501e-11,-3.006962282011421e-13,0.07353833167136502,-0.0003006962282011421,3.6769165835682505,-0.015034811410057101
w/o EDL reference,,0.6084671532846715,7.389755829502181e-11,-2.992345007328026e-13,0.07389755829502181,-0.0002992345007328026,3.69487791475109,-0.014961725036640129
w/o EDL reference,,0.6087174139728884,7.425853970103784e-11,-2.9777987893121706e-13,0.07425853970103785,-0.00029777987893121706,3.7129269850518916,-0.014888993946560852
w/o EDL reference,,0.6089676746611054,7.462128446133113e-11,-2.963323282547202e-13,0.07462128446133112,-0.0002963323282547202,3.7310642230665563,-0.014816616412736006
w/o EDL reference,,0.6092179353493222,7.49858011896922e-11,-2.948918143295602e-13,0.0749858011896922,-0.0002948918143295602,3.74929005948461,-0.014744590716478007
w/o EDL reference,,0.6094681960375391,7.535209854198938e-11,-2.9345830294907965e-13,0.07535209854198938,-0.00029345830294907964,3.7676049270994687,-0.014672915147453981
w/o EDL reference,,0.609718456725756,7.572018521637383e-11,-2.9203176007290514e-13,0.07572018521637383,-0.00029203176007290516,3.7860092608186915,-0.014601588003645256
w/o EDL reference,,0.609968717413973,7.609006995348648e-11,-2.906121518261376e-13,0.07609006995348648,-0.0002906121518261376,3.8045034976743235,-0.01453060759130688
w/o EDL reference,,0.6102189781021898,7.646176153666451e-11,-2.8919944449855095e-13,0.07646176153666451,-0.00028919944449855094,3.823088076833225,-0.014459972224927547
w/o EDL reference,,0.6104692387904067,7.683526879215154e-11,-2.87793604543787e-13,0.07683526879215154,-0.000287793604543787,3.841763439607577,-0.014389680227189349
w/o EDL reference,,0.6107194994786236,7.72106005893062e-11,-2.863945985785622e-13,0.07721060058930619,-0.0002863945985785622,3.8605300294653095,-0.014319729928928108
w/o EDL reference,,0.6109697601668405,7.758776584081284e-11,-2.8500239338187364e-13,0.07758776584081284,-0.00028500239338187365,3.879388292040642,-0.014250119669093682
w/o EDL reference,,0.6112200208550573,7.796677350289342e-11,-2.836169558942105e-13,0.07796677350289342,-0.0002836169558942105,3.8983386751446703,-0.014180847794710525
w/o EDL reference,,0.6114702815432742,7.834763257551994e-11,-2.8223825321676956e-13,0.07834763257551994,-0.0002822382532167696,3.917381628775997,-0.014111912660838477
w/o EDL reference,,0.6117205422314911,7.873035210262838e-11,-2.8086625261067264e-13,0.07873035210262838,-0.0002808662526106726,3.9365176051314186,-0.014043312630533631
w/o EDL reference,,0.6119708029197081,7.911494117233339e-11,-2.7950092149618975e-13,0.07911494117233339,-0.00027950092149618976,3.955747058616669,-0.013975046074809486
w/o EDL reference,,0.6122210636079249,7.950140891714367e-11,-2.7814222745196714e-13,0.07950140891714368,-0.00027814222745196714,3.9750704458571833,-0.013907111372598356
w/o EDL reference,,0.6124713242961418,7.988976451417968e-11,-2.7679013821425436e-13,0.07988976451417969,-0.00027679013821425434,3.9944882257089835,-0.013839506910712717
w/o EDL reference,,0.6127215849843587,8.028001718539087e-11,-2.7544462167614e-13,0.08028001718539086,-0.00027544462167614,4.014000859269543,-0.013772231083806997
w/o EDL reference,,0.6129718456725756,8.067217619777497e-11,-2.7410564588678957e-13,0.08067217619777498,-0.00027410564588678955,4.033608809888748,-0.013705282294339477
w/o EDL reference,,0.6132221063607926,8.106625086359826e-11,-2.727731790506851e-13,0.08106625086359827,-0.0002727731790506851,4.053312543179913,-0.013638658952534254
w/o EDL reference,,0.6134723670490094,8.146225054061548e-11,-2.714471895268728e-13,0.08146225054061548,-0.00027144718952687284,4.073112527030774,-0.013572359476343639
w/o EDL reference,,0.6137226277372263,8.186018463229389e-11,-2.7012764582820863e-13,0.08186018463229389,-0.0002701276458282086,4.093009231614694,-0.01350638229141043
w/o EDL reference,,0.6139728884254432,8.226006258803531e-11,-2.688145166206125e-13,0.08226006258803531,-0.00026881451662061253,4.113003129401765,-0.013440725831030623
w/o EDL reference,,0.61422314911366,8.266189390340093e-11,-2.6750777072232373e-13,0.08266189390340092,-0.00026750777072232374,4.133094695170046,-0.013375388536116185
w/o EDL reference,,0.6144734098018769,8.306568812033659e-11,-2.662073771031612e-13,0.08306568812033659,-0.0002662073771031612,4.153284406016829,-0.013310368855158058
w/o EDL reference,,0.6147236704900938,8.34714548273996e-11,-2.649133048837853e-13,0.08347145482739961,-0.00026491330488378535,4.17357274136998,-0.013245665244189265
w/o EDL reference,,0.6149739311783108,8.387920365998639e-11,-2.63625523334965e-13,0.0838792036599864,-0.000263625523334965,4.193960182999319,-0.01318127616674825
w/o EDL reference,,0.6152241918665277,8.428894430056078e-11,-2.6234400187684995e-13,0.08428894430056078,-0.00026234400187684993,4.214447215028039,-0.013117200093842497
w/o EDL reference,,0.6154744525547445,8.470068647888488e-11,-2.610687100782415e-13,0.08470068647888487,-0.0002610687100782415,4.235034323944244,-0.013053435503912072
w/o EDL reference,,0.6157247132429614,8.511443997224936e-11,-2.5979961765587143e-13,0.08511443997224936,-0.00025979961765587145,4.255721998612468,-0.01298998088279357
w/o EDL reference,,0.6159749739311783,8.553021460570593e-11,-2.585366944736838e-13,0.08553021460570594,-0.0002585366944736838,4.276510730285296,-0.012926834723684189
w/o EDL reference,,0.6162252346193953,8.594802025230094e-11,-2.5727991054211705e-13,0.08594802025230093,-0.00025727991054211703,4.297401012615047,-0.01286399552710585
w/o EDL reference,,0.6164754953076121,8.636786683330846e-11,-2.5602923601739465e-13,0.08636786683330847,-0.00025602923601739466,4.3183933416654225,-0.012801461800869732
w/o EDL reference,,0.616725755995829,8.67897643184679e-11,-2.5478464120081394e-13,0.0867897643184679,-0.00025478464120081394,4.339488215923394,-0.012739232060040696
w/o EDL reference,,0.6169760166840459,8.721372272621939e-11,-2.535460965380419e-13,0.08721372272621938,-0.00025354609653804194,4.360686136310969,-0.012677304826902096
w/o EDL reference,,0.6172262773722628,8.763975212394203e-11,-2.523135726184137e-13,0.08763975212394204,-0.00025231357261841367,4.381987606197101,-0.012615678630920684
w/o EDL reference,,0.6174765380604796,8.8067862628193e-11,-2.5108704017423413e-13,0.08806786262819301,-0.0002510870401742341,4.40339313140965,-0.012554352008711704
w/o EDL reference,,0.6177267987486965,8.849806440494768e-11,-2.4986647008008194e-13,0.08849806440494767,-0.00024986647008008197,4.4249032202473835,-0.012493323504004096
w/o EDL reference,,0.6179770594369134,8.893036766984116e-11,-2.4865183335211913e-13,0.08893036766984116,-0.00024865183335211915,4.446518383492058,-0.012432591667605955
w/o EDL reference,,0.6182273201251304,8.936478268841095e-11,-2.4744310114740147e-13,0.08936478268841096,-0.00024744310114740146,4.468239134420547,-0.012372155057370073
w/o EDL reference,,0.6184775808133472,8.980131977634005e-11,-2.4624024476319624e-13,0.08980131977634004,-0.00024624024476319626,4.490065988817002,-0.01231201223815981
w/o EDL reference,,0.6187278415015641,9.023998929970291e-11,-2.4504323563629684e-13,0.09023998929970291,-0.00024504323563629684,4.511999464985145,-0.01225216178181484
w/o EDL reference,,0.618978102189781,9.068080167521102e-11,-2.4385204534234776e-13,0.09068080167521102,-0.00024385204534234776,4.534040083760551,-0.012192602267117388
w/o EDL reference,,0.619228362877998,9.112376737046062e-11,-2.4266664559516736e-13,0.09112376737046061,-0.00024266664559516736,4.55618836852303,-0.012133332279758366
w/o EDL reference,,0.6194786235662149,9.156889690418005e-11,-2.4148700824607856e-13,0.09156889690418005,-0.00024148700824607854,4.578444845209002,-0.012074350412303926
w/o EDL reference,,0.6197288842544317,9.20162008464814e-11,-2.4031310528323785e-13,0.0920162008464814,-0.00024031310528323786,4.60081004232407,-0.012015655264161892
w/o EDL reference,,0.6199791449426486,9.246568981911033e-11,-2.3914490883097147e-13,0.09246568981911034,-0.00023914490883097147,4.623284490955516,-0.011957245441548572
w/o EDL reference,,0.6202294056308655,9.291737449569853e-11,-2.379823911491139e-13,0.09291737449569852,-0.0002379823911491139,4.6458687247849255,-0.011899119557455694
w/o EDL reference,,0.6204796663190824,9.337126560201716e-11,-2.3682552463234796e-13,0.09337126560201717,-0.00023682552463234795,4.668563280100858,-0.011841276231617397
w/o EDL reference,,0.6207299270072992,9.382737391623171e-11,-2.3567428180955016e-13,0.09382737391623171,-0.00023567428180955018,4.691368695811585,-0.011783714090477506
w/o EDL reference,,0.6209801876955161,9.428571026915764e-11,-2.345286353431379e-13,0.09428571026915764,-0.0002345286353431379,4.714285513457882,-0.011726431767156893
w/o EDL reference,,0.6212304483837331,9.474628554451807e-11,-2.333885580284202e-13,0.09474628554451807,-0.0002333885580284202,4.737314277225903,-0.011669427901421009
w/o EDL reference,,0.62148070907195,9.520911067920131e-11,-2.3225402279295303e-13,0.09520911067920132,-0.00023225402279295303,4.760455533960065,-0.011612701139647649
w/o EDL reference,,0.6217309697601668,9.56741966635217e-11,-2.311250026958946e-13,0.0956741966635217,-0.00023112500269589458,4.783709833176085,-0.01155625013479473
w/o EDL reference,,0.6219812304483837,9.614155454147986e-11,-2.3000147092736653e-13,0.09614155454147985,-0.00023000147092736654,4.807077727073993,-0.011500073546368325
w/o EDL reference,,0.6222314911366007,9.661119541102553e-11,-2.2888340080781656e-13,0.09661119541102553,-0.00022888340080781655,4.830559770551276,-0.011444170040390826
w/o EDL reference,,0.6224817518248176,9.708313042431961e-11,-2.27770765787387e-13,0.09708313042431961,-0.000227770765787387,4.85415652121598,-0.011388538289369348
w/o EDL reference,,0.6227320125130344,9.755737078800114e-11,-2.2666353944528145e-13,0.09755737078800114,-0.00022666353944528146,4.8778685394000565,-0.011333176972264072
w/o EDL reference,,0.6229822732012513,9.803392776345199e-11,-2.2556169548913913e-13,0.09803392776345199,-0.00022556169548913912,4.901696388172599,-0.011278084774456956
w/o EDL reference,,0.6232325338894682,9.85128126670647e-11,-2.2446520775441077e-13,0.0985128126670647,-0.00022446520775441076,4.925640633353234,-0.011223260387720537
w/o EDL reference,,0.6234827945776851,9.899403687051102e-11,-2.2337405020373607e-13,0.09899403687051102,-0.00022337405020373606,4.949701843525551,-0.011168702510186802
w/o EDL reference,,0.623733055265902,9.947761180101217e-11,-2.2228819692632622e-13,0.09947761180101217,-0.00022228819692632622,4.973880590050608,-0.01111440984631631
w/o EDL reference,,0.6239833159541188,9.996354894161e-11,-2.2120762213734865e-13,0.09996354894161,-0.00022120762213734865,4.9981774470805,-0.011060381106867431
w/o EDL reference,,0.6242335766423358,1.0045185983144003e-10,-2.20132300177314e-13,0.10045185983144003,-0.000220132300177314,5.022592991572001,-0.011006615008865699
w/o EDL reference,,0.6244838373305527,1.0094255606600451e-10,-2.1906220551146838e-13,0.10094255606600451,-0.0002190622055114684,5.047127803300225,-0.010953110275573419
w/o EDL reference,,0.6247340980187696,1.0143564929744912e-10,-2.1799731272918554e-13,0.10143564929744912,-0.00021799731272918553,5.071782464872456,-0.010899865636459276
w/o EDL reference,,0.6249843587069864,1.0193115123483869e-10,-2.1693759654336352e-13,0.10193115123483869,-0.0002169375965433635,5.096557561741934,-0.010846879827168174
w/o EDL reference,,0.6252346193952033,1.024290736444356e-10,-2.1588303178982493e-13,0.1024290736444356,-0.00021588303178982494,5.121453682221779,-0.010794151589491246
w/o EDL reference,,0.6254848800834203,1.0292942834997943e-10,-2.1483359342671863e-13,0.10292942834997942,-0.00021483359342671862,5.1464714174989705,-0.01074167967133593
w/o EDL reference,,0.6257351407716372,1.0343222723296641e-10,-2.137892565339266e-13,0.10343222723296641,-0.0002137892565339266,5.17161136164832,-0.01068946282669633
w/o EDL reference,,0.625985401459854,1.0393748223293357e-10,-2.1274999631246993e-13,0.10393748223293357,-0.00021274999631246992,5.196874111646678,-0.010637499815623496
w/o EDL reference,,0.6262356621480709,1.0444520534774097e-10,-2.117157880839218e-13,0.10444520534774097,-0.0002117157880839218,5.222260267387048,-0.01058578940419609
w/o EDL reference,,0.6264859228362878,1.0495540863385686e-10,-2.1068660728982042e-13,0.10495540863385686,-0.00021068660728982042,5.247770431692842,-0.01053433036449102
w/o EDL reference,,0.6267361835245047,1.0546810420664398e-10,-2.096624294910862e-13,0.10546810420664397,-0.0002096624294910862,5.273405210332198,-0.010483121474554309
w/o EDL reference,,0.6269864442127215,1.0598330424064731e-10,-2.0864323036744156e-13,0.10598330424064731,-0.00020864323036744157,5.299165212032365,-0.010432161518372077
w/o EDL reference,,0.6272367049009385,1.0650102096988333e-10,-2.0762898571683288e-13,0.10650102096988333,-0.00020762898571683288,5.325051048494166,-0.010381449285841643
w/o EDL reference,,0.6274869655891554,1.0702126668812976e-10,-2.0661967145485702e-13,0.10702126668812975,-0.00020661967145485703,5.351063334406487,-0.01033098357274285
w/o EDL reference,,0.6277372262773723,1.0754405374921862e-10,-2.0561526361418813e-13,0.10754405374921862,-0.00020561526361418813,5.37720268746093,-0.010280763180709406
w/o EDL reference,,0.6279874869655891,1.0806939456732887e-10,-2.0461573834400877e-13,0.10806939456732888,-0.00020461573834400877,5.403469728366443,-0.010230786917200438
w/o EDL reference,,0.628237747653806,1.0859730161728133e-10,-2.0362107190944387e-13,0.10859730161728133,-0.00020362107190944386,5.429865080864066,-0.010181053595472193
w/o EDL reference,,0.628488008342023,1.0912778743483535e-10,-2.0263124069099666e-13,0.10912778743483535,-0.00020263124069099667,5.456389371741767,-0.010131562034549832
w/o EDL reference,,0.6287382690302399,1.0966086461698494e-10,-2.0164622118398914e-13,0.10966086461698495,-0.00020164622118398913,5.483043230849247,-0.010082311059199456
w/o EDL reference,,0.6289885297184568,1.1019654582226015e-10,-2.0066598999800212e-13,0.11019654582226014,-0.00020066598999800213,5.509827291113007,-0.010033299499900105
w/o EDL reference,,0.6292387904066736,1.1073484377102618e-10,-1.9969052385632057e-13,0.11073484377102617,-0.00019969052385632058,5.536742188551308,-0.009984526192816028
w/o EDL reference,,0.6294890510948905,1.1127577124578583e-10,-1.9871979959538102e-13,0.11127577124578583,-0.00019871979959538102,5.563788562289291,-0.00993598997976905
w/o EDL reference,,0.6297393117831074,1.1181934109148299e-10,-1.9775379416422173e-13,0.11181934109148299,-0.00019775379416422175,5.590967054574149,-0.009887689708211085
w/o EDL reference,,0.6299895724713243,1.1236556621580767e-10,-1.967924846239345e-13,0.11236556621580766,-0.00019679248462393448,5.618278310790383,-0.009839624231196723
w/o EDL reference,,0.6302398331595411,1.1291445958950255e-10,-1.9583584814712076e-13,0.11291445958950255,-0.00019583584814712076,5.645722979475127,-0.009791792407356037
w/o EDL reference,,0.6304900938477581,1.1346603424667117e-10,-1.9488386201734863e-13,0.11346603424667118,-0.00019488386201734864,5.673301712333558,-0.00974419310086743
w/o EDL reference,,0.630740354535975,1.1402030328508654e-10,-1.9393650362861542e-13,0.11402030328508654,-0.00019393650362861542,5.7010151642543265,-0.00969682518143077
w/o EDL reference,,0.6309906152241919,1.1457727986650354e-10,-1.9299375048480808e-13,0.11457727986650354,-0.0001929937504848081,5.728863993325176,-0.009649687524240403
w/o EDL reference,,0.6312408759124087,1.151369772169705e-10,-1.9205558019917103e-13,0.1151369772169705,-0.00019205558019917102,5.756848860848525,-0.00960277900995855
w/o EDL reference,,0.6314911366006257,1.15699408627144e-10,-1.9112197049377327e-13,0.115699408627144,-0.00019112197049377328,5.784970431357199,-0.009556098524688663
w/o EDL reference,,0.6317413972888426,1.1626458745260275e-10,-1.9019289919898145e-13,0.11626458745260275,-0.00019019289919898144,5.813229372630137,-0.009509644959949071
w/o EDL reference,,0.6319916579770595,1.1683252711416717e-10,-1.8926834425293052e-13,0.11683252711416718,-0.00018926834425293053,5.8416263557083585,-0.009463417212646525
w/o EDL reference,,0.6322419186652763,1.1740324109821664e-10,-1.8834828370100193e-13,0.11740324109821663,-0.00018834828370100192,5.870162054910831,-0.009417414185050096
w/o EDL reference,,0.6324921793534932,1.179767429570098e-10,-1.8743269569530151e-13,0.1179767429570098,-0.00018743269569530151,5.8988371478504895,-0.009371634784765074
w/o EDL reference,,0.6327424400417101,1.185530463090068e-10,-1.8652155849414106e-13,0.11855304630900679,-0.00018652155849414106,5.927652315450339,-0.009326077924707053
w/o EDL reference,,0.632992700729927,1.1913216483919225e-10,-1.856148504615217e-13,0.11913216483919224,-0.0001856148504615217,5.956608241959612,-0.009280742523076084
w/o EDL reference,,0.6332429614181438,1.1971411229940057e-10,-1.8471255006662024e-13,0.11971411229940057,-0.00018471255006662023,5.985705614970028,-0.00923562750333101
w/o EDL reference,,0.6334932221063608,1.2029890250864252e-10,-1.8381463588327744e-13,0.12029890250864252,-0.00018381463588327743,6.014945125432125,-0.00919073179416387
w/o EDL reference,,0.6337434827945777,1.208865493534325e-10,-1.82921086589491e-13,0.12088654935343252,-0.000182921086589491,6.044327467671625,-0.009146054329474549
w/o EDL reference,,0.6339937434827946,1.2147706678811975e-10,-1.820318809669068e-13,0.12147706678811974,-0.0001820318809669068,6.0738533394059875,-0.00910159404834534
w/o EDL reference,,0.6342440041710115,1.220704688352187e-10,-1.8114699790031644e-13,0.1220704688352187,-0.00018114699790031645,6.1035234417609345,-0.009057349895015821
w/o EDL reference,,0.6344942648592283,1.2266676958574238e-10,-1.8026641637715562e-13,0.12266676958574238,-0.00018026641637715563,6.133338479287119,-0.00901332081885778
w/o EDL reference,,0.6347445255474453,1.2326598319953648e-10,-1.7939011548700472e-13,0.12326598319953648,-0.00017939011548700473,6.163299159976823,-0.008969505774350236
w/o EDL reference,,0.6349947862356622,1.23868123905616e-10,-1.7851807442109389e-13,0.12386812390561598,-0.0001785180744210939,6.193406195280799,-0.008925903721054694
w/o EDL reference,,0.6352450469238791,1.2447320600250348e-10,-1.7765027247180635e-13,0.12447320600250347,-0.00017765027247180636,6.223660300125173,-0.008882513623590316
w/o EDL reference,,0.6354953076120959,1.2508124385856798e-10,-1.7678668903218874e-13,0.12508124385856798,-0.00017678668903218874,6.254062192928398,-0.008839334451609436
w/o EDL reference,,0.6357455683003128,1.256922519123664e-10,-1.759273035954608e-13,0.1256922519123664,-0.0001759273035954608,6.28461259561832,-0.008796365179773039
w/o EDL reference,,0.6359958289885297,1.2630624467298653e-10,-1.7507209575452863e-13,0.1263062446729865,-0.00017507209575452862,6.315312233649326,-0.00875360478772643
w/o EDL reference,,0.6362460896767466,1.269232367203913e-10,-1.7422104520150037e-13,0.1269232367203913,-0.00017422104520150038,6.346161836019565,-0.008711052260075017
w/o EDL reference,,0.6364963503649635,1.2754324270576547e-10,-1.7337413172720307e-13,0.12754324270576547,-0.00017337413172720308,6.377162135288272,-0.008668706586360153
w/o EDL reference,,0.6367466110531804,1.2816627735186247e-10,-1.725313352207048e-13,0.12816627735186248,-0.00017253133522070478,6.408313867593122,-0.008626566761035239
w/o EDL reference,,0.6369968717413973,1.2879235545335546e-10,-1.7169263566883463e-13,0.12879235545335546,-0.00017169263566883464,6.439617772667773,-0.00858463178344173
w/o EDL reference,,0.6372471324296142,1.2942149187718796e-10,-1.7085801315570881e-13,0.12942149187718796,-0.0001708580131557088,6.471074593859398,-0.00854290065778544
w/o EDL reference,,0.637497393117831,1.300537015629262e-10,-1.700274478622576e-13,0.1300537015629262,-0.0001700274478622576,6.5026850781463095,-0.00850137239311288
w/o EDL reference,,0.637747653806048,1.3068899952311542e-10,-1.6920092006575413e-13,0.1306889995231154,-0.00016920092006575413,6.534449976155771,-0.008460046003287706
w/o EDL reference,,0.6379979144942649,1.3132740084363455e-10,-1.6837841013934786e-13,0.13132740084363456,-0.00016837841013934786,6.5663700421817275,-0.008418920506967392
w/o EDL reference,,0.6382481751824818,1.3196892068405612e-10,-1.6755989855159573e-13,0.1319689206840561,-0.00016755989855159572,6.598446034202805,-0.008377994927579785
w/o EDL reference,,0.6384984358706987,1.326135742780052e-10,-1.6674536586600061e-13,0.1326135742780052,-0.00016674536586600063,6.630678713900259,-0.00833726829330003
w/o EDL reference,,0.6387486965589155,1.3326137693352149e-10,-1.659347927405487e-13,0.1332613769335215,-0.0001659347927405487,6.663068846676074,-0.008296739637027433
w/o EDL reference,,0.6389989572471324,1.3391234403342276e-10,-1.6512815992725054e-13,0.13391234403342275,-0.00016512815992725054,6.695617201671138,-0.008256407996362526
w/o EDL reference,,0.6392492179353493,1.345664910356701e-10,-1.643254482716839e-13,0.1345664910356701,-0.0001643254482716839,6.728324551783504,-0.008216272413584195
w/o EDL reference,,0.6394994786235662,1.3522383347373506e-10,-1.63526638712539e-13,0.13522383347373507,-0.00016352663871253901,6.761191673686753,-0.00817633193562695
w/o EDL reference,,0.6397497393117831,1.358843869569688e-10,-1.6273171228116547e-13,0.1358843869569688,-0.00016273171228116547,6.79421934784844,-0.008136585614058273
w/o EDL reference,,0.64,1.3654816717097158e-10,-1.6194065010112332e-13,0.13654816717097157,-0.0001619406501011233,6.8274083585485785,-0.008097032505056166
